score_threshold,w_shortage,w_value,w_bb,w_trend,w_risk,value_band,risk_ratio,max_lots_per_trade,lot_size,all_A_mean,all_A_median,all_A_winrate,all_B_mean,all_B_median,all_B_winrate,full_A_mean,full_B_mean,is_A_mean,is_B_mean,oos_A_mean,oos_B_mean,combo_score
0.4,0.05,0.05,0.25,0.65,-0.2,0.15,1.0,2,100,1.0113372492945045,1.0,0.49523809523809526,1.2671133217165134,1.174825174825175,0.9714285714285714,1.014717377419147,1.2381086053969232,1.0069861446873023,1.1054989915566895,1.0091009070713073,1.1361841956352248,1.010219078182906
0.4,0.05,0.05,0.25,0.65,-0.2,0.15,1.3,2,100,1.0113372492945045,1.0,0.49523809523809526,1.2671133217165134,1.174825174825175,0.9714285714285714,1.014717377419147,1.2381086053969232,1.0069861446873023,1.1054989915566895,1.0091009070713073,1.1361841956352248,1.010219078182906
0.4,0.05,0.05,0.25,0.65,-0.2,0.25,1.0,2,100,1.0113372492945045,1.0,0.49523809523809526,1.2671133217165134,1.174825174825175,0.9714285714285714,1.014717377419147,1.2381086053969232,1.0069861446873023,1.1054989915566895,1.0091009070713073,1.1361841956352248,1.010219078182906
0.4,0.05,0.05,0.25,0.65,-0.2,0.25,1.3,2,100,1.0113372492945045,1.0,0.49523809523809526,1.2671133217165134,1.174825174825175,0.9714285714285714,1.014717377419147,1.2381086053969232,1.0069861446873023,1.1054989915566895,1.0091009070713073,1.1361841956352248,1.010219078182906
0.4,0.05,0.05,0.25,0.65,-0.1,0.15,1.0,2,100,1.0113372492945045,1.0,0.49523809523809526,1.2671133217165134,1.174825174825175,0.9714285714285714,1.014717377419147,1.2381086053969232,1.0069861446873023,1.1054989915566895,1.0091009070713073,1.1361841956352248,1.010219078182906
0.4,0.05,0.05,0.25,0.65,-0.1,0.15,1.3,2,100,1.0113372492945045,1.0,0.49523809523809526,1.2671133217165134,1.174825174825175,0.9714285714285714,1.014717377419147,1.2381086053969232,1.0069861446873023,1.1054989915566895,1.0091009070713073,1.1361841956352248,1.010219078182906
0.4,0.05,0.05,0.25,0.65,-0.1,0.25,1.0,2,100,1.0113372492945045,1.0,0.49523809523809526,1.2671133217165134,1.174825174825175,0.9714285714285714,1.014717377419147,1.2381086053969232,1.0069861446873023,1.1054989915566895,1.0091009070713073,1.1361841956352248,1.010219078182906
0.4,0.05,0.05,0.25,0.65,-0.1,0.25,1.3,2,100,1.0113372492945045,1.0,0.49523809523809526,1.2671133217165134,1.174825174825175,0.9714285714285714,1.014717377419147,1.2381086053969232,1.0069861446873023,1.1054989915566895,1.0091009070713073,1.1361841956352248,1.010219078182906
0.55,0.05,0.05,0.25,0.65,-0.2,0.15,1.0,2,100,1.0137930073968515,1.0,0.4857142857142857,1.2317673184145812,1.175,0.9714285714285714,1.0119622523461258,1.2248556431801179,1.0120051676449249,1.102066342707158,1.0061265961774704,1.1250665808808133,1.009959801787161
0.55,0.05,0.05,0.25,0.65,-0.2,0.15,1.3,2,100,1.012696205926047,1.0,0.49523809523809526,1.2496479617418241,1.1690140845070423,0.9809523809523809,1.0135599512571256,1.2306174832426735,1.0136607780980278,1.1097179010236027,1.010543432853413,1.1362908536898648,1.01161981938973
0.55,0.05,0.05,0.25,0.65,-0.2,0.25,1.0,2,100,1.0132611316086406,1.004950495049505,0.5142857142857142,1.230671030596645,1.175,0.9809523809523809,1.0108421986569218,1.2234420638226442,1.0100251927738138,1.09866903469762,1.0082243281404595,1.1248053519234718,1.0107427298745502
0.55,0.05,0.05,0.25,0.65,-0.2,0.25,1.3,2,100,1.0129304237453374,1.0,0.49523809523809526,1.2505386780881753,1.1764705882352942,0.9809523809523809,1.0140713585009213,1.232192873094252,1.0132120490736323,1.1077345014588258,1.0108580566721461,1.1357641258485054,1.0118942402087416
0.55,0.05,0.05,0.25,0.65,-0.1,0.15,1.0,2,100,1.0113372492945045,1.0,0.49523809523809526,1.2671133217165134,1.174825174825175,0.9714285714285714,1.014717377419147,1.2381086053969232,1.0069861446873023,1.1054989915566895,1.0091009070713073,1.1361841956352248,1.010219078182906
0.55,0.05,0.05,0.25,0.65,-0.1,0.15,1.3,2,100,1.0113372492945045,1.0,0.49523809523809526,1.2671133217165134,1.174825174825175,0.9714285714285714,1.014717377419147,1.2381086053969232,1.0069861446873023,1.1054989915566895,1.0091009070713073,1.1361841956352248,1.010219078182906
0.55,0.05,0.05,0.25,0.65,-0.1,0.25,1.0,2,100,1.0113372492945045,1.0,0.49523809523809526,1.2671133217165134,1.174825174825175,0.9714285714285714,1.014717377419147,1.2381086053969232,1.0069861446873023,1.1054989915566895,1.0091009070713073,1.1361841956352248,1.010219078182906
0.55,0.05,0.05,0.25,0.65,-0.1,0.25,1.3,2,100,1.0113372492945045,1.0,0.49523809523809526,1.2671133217165134,1.174825174825175,0.9714285714285714,1.014717377419147,1.2381086053969232,1.0069861446873023,1.1054989915566895,1.0091009070713073,1.1361841956352248,1.010219078182906
0.65,0.05,0.05,0.25,0.65,-0.2,0.15,1.0,2,100,1.0028283743586326,1.0,0.42857142857142855,1.1939625360478088,1.1363636363636365,0.9523809523809523,1.0029863452786247,1.2018311052620905,1.0052365789217836,1.084864003967548,1.0153565843291101,1.122858589887684,1.0090924793438714
0.65,0.05,0.05,0.25,0.65,-0.2,0.15,1.3,2,100,1.0139670310792757,1.0,0.49523809523809526,1.2252724170888554,1.1666666666666665,0.9904761904761905,1.0129895895587462,1.2235297803817546,1.0110262212511725,1.0982656906358974,1.0098831004892812,1.1266349238202011,1.0119250657842784
0.65,0.05,0.05,0.25,0.65,-0.2,0.25,1.0,2,100,1.001278709987429,1.0,0.42857142857142855,1.1895194730667227,1.141732283464567,0.9333333333333333,1.0007138639235054,1.197407644790536,1.0044453613641848,1.0844200849958894,1.0152104577202765,1.1215967804473566,1.0082445838538527
0.65,0.05,0.05,0.25,0.65,-0.2,0.25,1.3,2,100,1.0131180156561348,1.0,0.4857142857142857,1.2230208238938576,1.1666666666666665,0.9714285714285714,1.0115788975093731,1.2204763873267706,1.0105932639256998,1.0973150163539036,1.0110220366467553,1.126855445894747,1.012070026151445
0.65,0.05,0.05,0.25,0.65,-0.1,0.15,1.0,2,100,1.0137111174495999,1.0,0.4857142857142857,1.2186826257822956,1.1666666666666665,0.9714285714285714,1.013458486040641,1.2213610045594578,1.0117674950952984,1.095340286899038,1.016874659199706,1.1290911250691573,1.015292888324653
0.65,0.05,0.05,0.25,0.65,-0.1,0.15,1.3,2,100,1.015189283568335,1.0066225165562914,0.5238095238095238,1.2366799956678327,1.175,0.9714285714285714,1.0133367865628429,1.2285385137304754,1.0161214267141372,1.1070869620657957,1.0085501270303445,1.1286385821789418,1.0118697052993397
0.65,0.05,0.05,0.25,0.65,-0.1,0.25,1.0,2,100,1.013108611277436,1.0069444444444444,0.5238095238095238,1.2140260629697088,1.1666666666666665,0.9714285714285714,1.0123824942732205,1.21666992284863,1.0094098585385747,1.0926169936204386,1.0160194923275192,1.1281945398519297,1.0145640518024774
0.65,0.05,0.05,0.25,0.65,-0.1,0.25,1.3,2,100,1.01730057478365,1.0077519379844961,0.5333333333333333,1.237308537784684,1.1764705882352942,0.9809523809523809,1.0142871831344349,1.2289328575756493,1.0143710460799789,1.1036887724974345,1.0102132110383895,1.1291168199699921,1.0137568929110197
0.4,0.05,0.05,0.45,0.45,-0.2,0.15,1.0,2,100,1.0124148538471611,1.0020408163265306,0.5047619047619047,1.2188998848885328,1.1590909090909092,0.9619047619047619,1.0114004054101875,1.2182641908246292,1.0097757143188693,1.095366608511988,1.0118109623237221,1.125573467717622,1.0121129080854416
0.4,0.05,0.05,0.45,0.45,-0.2,0.15,1.3,2,100,1.0177566946080707,1.0033444816053514,0.5047619047619047,1.2427561680916877,1.1764705882352942,0.9714285714285714,1.0155545176422263,1.229415280188927,1.012796048609974,1.1044096566683625,1.0087746747835165,1.1290813180133459,1.0132656846957935
0.4,0.05,0.05,0.45,0.45,-0.2,0.25,1.0,2,100,1.0110504779387046,1.0,0.4857142857142857,1.2159372230626733,1.1590909090909092,0.9619047619047619,1.0096145096416775,1.2152169349470614,1.0089144874103602,1.0944077592983337,1.0120975899511087,1.125934236284351,1.0115740339449066
0.4,0.05,0.05,0.45,0.45,-0.2,0.25,1.3,2,100,1.0155336140957298,1.0,0.49523809523809526,1.2396165299904736,1.1830985915492955,0.9714285714285714,1.0143740831170773,1.2291391680706265,1.012721558915945,1.1042955061429545,1.009336110878347,1.128607631599478,1.0124348624870385
0.4,0.05,0.05,0.45,0.45,-0.1,0.15,1.0,2,100,1.0128684502687866,1.0,0.4666666666666667,1.2517058000319494,1.1794871794871793,0.9714285714285714,1.012851815608133,1.2323955049866402,1.0180966944575962,1.1152946724104305,1.007328222102388,1.1307252643132961,1.0100983361855873
0.4,0.05,0.05,0.45,0.45,-0.1,0.15,1.3,2,100,1.0107122727320899,1.0,0.49523809523809526,1.2569513201595084,1.1818181818181819,0.9714285714285714,1.011879684030416,1.2329325829122904,1.0123570633012535,1.108762752655975,1.0108002880956934,1.1357798953779048,1.0107562804138917
0.4,0.05,0.05,0.45,0.45,-0.1,0.25,1.0,2,100,1.016772654534876,1.0087719298245612,0.5142857142857142,1.245608316052546,1.1818181818181819,0.9714285714285714,1.0158148444744965,1.2324862591982995,1.0204985994298295,1.1138792422697763,1.0092765916707478,1.1309444266284643,1.013024623102812
0.4,0.05,0.05,0.45,0.45,-0.1,0.25,1.3,2,100,1.0127245373712148,1.0044642857142858,0.5142857142857142,1.2548011962462364,1.1764705882352942,0.9809523809523809,1.0135216414598505,1.2322143711636273,1.0140945061891007,1.1117013857961224,1.0106616729038789,1.1367016460900097,1.0116931051375468
0.55,0.05,0.05,0.45,0.45,-0.2,0.15,1.0,2,100,0.9777171720325104,1.0,0.3238095238095238,1.1361617946477727,1.0892857142857144,0.8857142857142857,0.9782839667828959,1.1485760206120665,0.9866399761094116,1.0531875846100127,1.0048209450383552,1.0796017820816943,0.9912690585354328
0.55,0.05,0.05,0.45,0.45,-0.2,0.15,1.3,2,100,0.9777171720325104,1.0,0.3238095238095238,1.1359236994096775,1.0892857142857144,0.8857142857142857,0.9782839667828959,1.1482239079360104,0.9867930685772621,1.053359346891016,1.0048209450383552,1.0796017820816943,0.9912690585354328
0.55,0.05,0.05,0.45,0.45,-0.2,0.25,1.0,2,100,0.9785436678099746,1.0,0.3238095238095238,1.1364503660903769,1.0892857142857144,0.8952380952380953,0.9783973334397859,1.1486793131180806,0.9863971397810968,1.0526830263356886,1.0048209450383552,1.0796017820816943,0.9916823064241649
0.55,0.05,0.05,0.45,0.45,-0.2,0.25,1.3,2,100,0.9785436678099746,1.0,0.3238095238095238,1.1364503660903769,1.0892857142857144,0.8952380952380953,0.9783973334397859,1.1486793131180806,0.9863971397810968,1.0526830263356886,1.0048209450383552,1.0796017820816943,0.9916823064241649
0.55,0.05,0.05,0.45,0.45,-0.1,0.15,1.0,2,100,0.9777171720325104,1.0,0.3238095238095238,1.1361617946477727,1.0892857142857144,0.8857142857142857,0.9782839667828959,1.1485760206120665,0.9866399761094116,1.0531875846100127,1.0048209450383552,1.0796017820816943,0.9912690585354328
0.55,0.05,0.05,0.45,0.45,-0.1,0.15,1.3,2,100,0.9777171720325104,1.0,0.3238095238095238,1.1359236994096775,1.0892857142857144,0.8857142857142857,0.9782839667828959,1.1482239079360104,0.9867930685772621,1.053359346891016,1.0048209450383552,1.0796017820816943,0.9912690585354328
0.55,0.05,0.05,0.45,0.45,-0.1,0.25,1.0,2,100,0.9785436678099746,1.0,0.3238095238095238,1.1364503660903769,1.0892857142857144,0.8952380952380953,0.9783973334397859,1.1486793131180806,0.9863971397810968,1.0526830263356886,1.0048209450383552,1.0796017820816943,0.9916823064241649
0.55,0.05,0.05,0.45,0.45,-0.1,0.25,1.3,2,100,0.9785436678099746,1.0,0.3238095238095238,1.1364503660903769,1.0892857142857144,0.8952380952380953,0.9783973334397859,1.1486793131180806,0.9863971397810968,1.0526830263356886,1.0048209450383552,1.0796017820816943,0.9916823064241649
0.65,0.05,0.05,0.45,0.45,-0.2,0.15,1.0,2,100,0.9785436678099746,1.0,0.3238095238095238,1.1363216659616768,1.0892857142857144,0.8952380952380953,0.9783973334397859,1.1486793131180806,0.9863971397810968,1.0526830263356886,1.0048209450383552,1.0796017820816943,0.9916823064241649
0.65,0.05,0.05,0.45,0.45,-0.2,0.15,1.3,2,100,0.9785436678099746,1.0,0.3238095238095238,1.1360835707235815,1.0892857142857144,0.8952380952380953,0.9783973334397859,1.1483272004420242,0.9865502322489473,1.0528547886166915,1.0048209450383552,1.0796017820816943,0.9916823064241649
0.65,0.05,0.05,0.45,0.45,-0.2,0.25,1.0,2,100,0.9785436678099746,1.0,0.3238095238095238,1.1363216659616768,1.0892857142857144,0.8952380952380953,0.9783973334397859,1.1486793131180806,0.9863971397810968,1.0526830263356886,1.0048209450383552,1.0796017820816943,0.9916823064241649
0.65,0.05,0.05,0.45,0.45,-0.2,0.25,1.3,2,100,0.9785436678099746,1.0,0.3238095238095238,1.1363216659616768,1.0892857142857144,0.8952380952380953,0.9783973334397859,1.1486793131180806,0.9863971397810968,1.0526830263356886,1.0048209450383552,1.0796017820816943,0.9916823064241649
0.65,0.05,0.05,0.45,0.45,-0.1,0.15,1.0,2,100,0.9785436678099746,1.0,0.3238095238095238,1.1363216659616768,1.0892857142857144,0.8952380952380953,0.9783973334397859,1.1486793131180806,0.9863971397810968,1.0526830263356886,1.0048209450383552,1.0796017820816943,0.9916823064241649
0.65,0.05,0.05,0.45,0.45,-0.1,0.15,1.3,2,100,0.9785436678099746,1.0,0.3238095238095238,1.1360835707235815,1.0892857142857144,0.8952380952380953,0.9783973334397859,1.1483272004420242,0.9865502322489473,1.0528547886166915,1.0048209450383552,1.0796017820816943,0.9916823064241649
0.65,0.05,0.05,0.45,0.45,-0.1,0.25,1.0,2,100,0.9785436678099746,1.0,0.3238095238095238,1.1363216659616768,1.0892857142857144,0.8952380952380953,0.9783973334397859,1.1486793131180806,0.9863971397810968,1.0526830263356886,1.0048209450383552,1.0796017820816943,0.9916823064241649
0.65,0.05,0.05,0.45,0.45,-0.1,0.25,1.3,2,100,0.9785436678099746,1.0,0.3238095238095238,1.1363216659616768,1.0892857142857144,0.8952380952380953,0.9783973334397859,1.1486793131180806,0.9863971397810968,1.0526830263356886,1.0048209450383552,1.0796017820816943,0.9916823064241649
0.4,0.05,0.05,0.65,0.25,-0.2,0.15,1.0,2,100,0.9785436678099746,1.0,0.3238095238095238,1.1363216659616768,1.0892857142857144,0.8952380952380953,0.9783973334397859,1.1486793131180806,0.9863971397810968,1.0526830263356886,1.0048209450383552,1.0796017820816943,0.9916823064241649
0.4,0.05,0.05,0.65,0.25,-0.2,0.15,1.3,2,100,0.9785436678099746,1.0,0.3238095238095238,1.1360835707235815,1.0892857142857144,0.8952380952380953,0.9783973334397859,1.1483272004420242,0.9865502322489473,1.0528547886166915,1.0048209450383552,1.0796017820816943,0.9916823064241649
0.4,0.05,0.05,0.65,0.25,-0.2,0.25,1.0,2,100,0.9785436678099746,1.0,0.3238095238095238,1.1363216659616768,1.0892857142857144,0.8952380952380953,0.9783973334397859,1.1486793131180806,0.9863971397810968,1.0526830263356886,1.0048209450383552,1.0796017820816943,0.9916823064241649
0.4,0.05,0.05,0.65,0.25,-0.2,0.25,1.3,2,100,0.9785436678099746,1.0,0.3238095238095238,1.1363216659616768,1.0892857142857144,0.8952380952380953,0.9783973334397859,1.1486793131180806,0.9863971397810968,1.0526830263356886,1.0048209450383552,1.0796017820816943,0.9916823064241649
0.4,0.05,0.05,0.65,0.25,-0.1,0.15,1.0,2,100,0.9785436678099746,1.0,0.3238095238095238,1.1363216659616768,1.0892857142857144,0.8952380952380953,0.9783973334397859,1.1486793131180806,0.9863971397810968,1.0526830263356886,1.0048209450383552,1.0796017820816943,0.9916823064241649
0.4,0.05,0.05,0.65,0.25,-0.1,0.15,1.3,2,100,0.9785436678099746,1.0,0.3238095238095238,1.1360835707235815,1.0892857142857144,0.8952380952380953,0.9783973334397859,1.1483272004420242,0.9865502322489473,1.0528547886166915,1.0048209450383552,1.0796017820816943,0.9916823064241649
0.4,0.05,0.05,0.65,0.25,-0.1,0.25,1.0,2,100,0.9785436678099746,1.0,0.3238095238095238,1.1363216659616768,1.0892857142857144,0.8952380952380953,0.9783973334397859,1.1486793131180806,0.9863971397810968,1.0526830263356886,1.0048209450383552,1.0796017820816943,0.9916823064241649
0.4,0.05,0.05,0.65,0.25,-0.1,0.25,1.3,2,100,0.9785436678099746,1.0,0.3238095238095238,1.1363216659616768,1.0892857142857144,0.8952380952380953,0.9783973334397859,1.1486793131180806,0.9863971397810968,1.0526830263356886,1.0048209450383552,1.0796017820816943,0.9916823064241649
0.55,0.05,0.05,0.65,0.25,-0.2,0.15,1.0,2,100,0.9785436678099746,1.0,0.3238095238095238,1.1363216659616768,1.0892857142857144,0.8952380952380953,0.9783973334397859,1.1486793131180806,0.9863971397810968,1.0526830263356886,1.0048209450383552,1.0796017820816943,0.9916823064241649
0.55,0.05,0.05,0.65,0.25,-0.2,0.15,1.3,2,100,0.9785436678099746,1.0,0.3238095238095238,1.1360835707235815,1.0892857142857144,0.8952380952380953,0.9783973334397859,1.1483272004420242,0.9865502322489473,1.0528547886166915,1.0048209450383552,1.0796017820816943,0.9916823064241649
0.55,0.05,0.05,0.65,0.25,-0.2,0.25,1.0,2,100,0.9785436678099746,1.0,0.3238095238095238,1.1363216659616768,1.0892857142857144,0.8952380952380953,0.9783973334397859,1.1486793131180806,0.9863971397810968,1.0526830263356886,1.0048209450383552,1.0796017820816943,0.9916823064241649
0.55,0.05,0.05,0.65,0.25,-0.2,0.25,1.3,2,100,0.9785436678099746,1.0,0.3238095238095238,1.1363216659616768,1.0892857142857144,0.8952380952380953,0.9783973334397859,1.1486793131180806,0.9863971397810968,1.0526830263356886,1.0048209450383552,1.0796017820816943,0.9916823064241649
0.55,0.05,0.05,0.65,0.25,-0.1,0.15,1.0,2,100,0.9785436678099746,1.0,0.3238095238095238,1.1363216659616768,1.0892857142857144,0.8952380952380953,0.9783973334397859,1.1486793131180806,0.9863971397810968,1.0526830263356886,1.0048209450383552,1.0796017820816943,0.9916823064241649
0.55,0.05,0.05,0.65,0.25,-0.1,0.15,1.3,2,100,0.9785436678099746,1.0,0.3238095238095238,1.1360835707235815,1.0892857142857144,0.8952380952380953,0.9783973334397859,1.1483272004420242,0.9865502322489473,1.0528547886166915,1.0048209450383552,1.0796017820816943,0.9916823064241649
0.55,0.05,0.05,0.65,0.25,-0.1,0.25,1.0,2,100,0.9785436678099746,1.0,0.3238095238095238,1.1363216659616768,1.0892857142857144,0.8952380952380953,0.9783973334397859,1.1486793131180806,0.9863971397810968,1.0526830263356886,1.0048209450383552,1.0796017820816943,0.9916823064241649
0.55,0.05,0.05,0.65,0.25,-0.1,0.25,1.3,2,100,0.9785436678099746,1.0,0.3238095238095238,1.1363216659616768,1.0892857142857144,0.8952380952380953,0.9783973334397859,1.1486793131180806,0.9863971397810968,1.0526830263356886,1.0048209450383552,1.0796017820816943,0.9916823064241649
0.65,0.05,0.05,0.65,0.25,-0.2,0.15,1.0,2,100,0.9785436678099746,1.0,0.3238095238095238,1.1363216659616768,1.0892857142857144,0.8952380952380953,0.9783973334397859,1.1486793131180806,0.9863971397810968,1.0526830263356886,1.0048209450383552,1.0796017820816943,0.9916823064241649
0.65,0.05,0.05,0.65,0.25,-0.2,0.15,1.3,2,100,0.9785436678099746,1.0,0.3238095238095238,1.1360835707235815,1.0892857142857144,0.8952380952380953,0.9783973334397859,1.1483272004420242,0.9865502322489473,1.0528547886166915,1.0048209450383552,1.0796017820816943,0.9916823064241649
0.65,0.05,0.05,0.65,0.25,-0.2,0.25,1.0,2,100,0.9785436678099746,1.0,0.3238095238095238,1.1363216659616768,1.0892857142857144,0.8952380952380953,0.9783973334397859,1.1486793131180806,0.9863971397810968,1.0526830263356886,1.0048209450383552,1.0796017820816943,0.9916823064241649
0.65,0.05,0.05,0.65,0.25,-0.2,0.25,1.3,2,100,0.9785436678099746,1.0,0.3238095238095238,1.1363216659616768,1.0892857142857144,0.8952380952380953,0.9783973334397859,1.1486793131180806,0.9863971397810968,1.0526830263356886,1.0048209450383552,1.0796017820816943,0.9916823064241649
0.65,0.05,0.05,0.65,0.25,-0.1,0.15,1.0,2,100,0.9785436678099746,1.0,0.3238095238095238,1.1363216659616768,1.0892857142857144,0.8952380952380953,0.9783973334397859,1.1486793131180806,0.9863971397810968,1.0526830263356886,1.0048209450383552,1.0796017820816943,0.9916823064241649
0.65,0.05,0.05,0.65,0.25,-0.1,0.15,1.3,2,100,0.9785436678099746,1.0,0.3238095238095238,1.1360835707235815,1.0892857142857144,0.8952380952380953,0.9783973334397859,1.1483272004420242,0.9865502322489473,1.0528547886166915,1.0048209450383552,1.0796017820816943,0.9916823064241649
0.65,0.05,0.05,0.65,0.25,-0.1,0.25,1.0,2,100,0.9785436678099746,1.0,0.3238095238095238,1.1363216659616768,1.0892857142857144,0.8952380952380953,0.9783973334397859,1.1486793131180806,0.9863971397810968,1.0526830263356886,1.0048209450383552,1.0796017820816943,0.9916823064241649
0.65,0.05,0.05,0.65,0.25,-0.1,0.25,1.3,2,100,0.9785436678099746,1.0,0.3238095238095238,1.1363216659616768,1.0892857142857144,0.8952380952380953,0.9783973334397859,1.1486793131180806,0.9863971397810968,1.0526830263356886,1.0048209450383552,1.0796017820816943,0.9916823064241649
0.4,0.05,0.25,0.05,0.65,-0.2,0.15,1.0,2,100,1.0113372492945045,1.0,0.49523809523809526,1.2671133217165134,1.174825174825175,0.9714285714285714,1.014717377419147,1.2381086053969232,1.0069861446873023,1.1054989915566895,1.0091009070713073,1.1361841956352248,1.010219078182906
0.4,0.05,0.25,0.05,0.65,-0.2,0.15,1.3,2,100,1.0113372492945045,1.0,0.49523809523809526,1.2671133217165134,1.174825174825175,0.9714285714285714,1.014717377419147,1.2381086053969232,1.0069861446873023,1.1054989915566895,1.0091009070713073,1.1361841956352248,1.010219078182906
0.4,0.05,0.25,0.05,0.65,-0.2,0.25,1.0,2,100,1.0113372492945045,1.0,0.49523809523809526,1.2671133217165134,1.174825174825175,0.9714285714285714,1.014717377419147,1.2381086053969232,1.0069861446873023,1.1054989915566895,1.0091009070713073,1.1361841956352248,1.010219078182906
0.4,0.05,0.25,0.05,0.65,-0.2,0.25,1.3,2,100,1.0113372492945045,1.0,0.49523809523809526,1.2671133217165134,1.174825174825175,0.9714285714285714,1.014717377419147,1.2381086053969232,1.0069861446873023,1.1054989915566895,1.0091009070713073,1.1361841956352248,1.010219078182906
0.4,0.05,0.25,0.05,0.65,-0.1,0.15,1.0,2,100,1.0113372492945045,1.0,0.49523809523809526,1.2671133217165134,1.174825174825175,0.9714285714285714,1.014717377419147,1.2381086053969232,1.0069861446873023,1.1054989915566895,1.0091009070713073,1.1361841956352248,1.010219078182906
0.4,0.05,0.25,0.05,0.65,-0.1,0.15,1.3,2,100,1.0113372492945045,1.0,0.49523809523809526,1.2671133217165134,1.174825174825175,0.9714285714285714,1.014717377419147,1.2381086053969232,1.0069861446873023,1.1054989915566895,1.0091009070713073,1.1361841956352248,1.010219078182906
0.4,0.05,0.25,0.05,0.65,-0.1,0.25,1.0,2,100,1.0113372492945045,1.0,0.49523809523809526,1.2671133217165134,1.174825174825175,0.9714285714285714,1.014717377419147,1.2381086053969232,1.0069861446873023,1.1054989915566895,1.0091009070713073,1.1361841956352248,1.010219078182906
0.4,0.05,0.25,0.05,0.65,-0.1,0.25,1.3,2,100,1.0113372492945045,1.0,0.49523809523809526,1.2671133217165134,1.174825174825175,0.9714285714285714,1.014717377419147,1.2381086053969232,1.0069861446873023,1.1054989915566895,1.0091009070713073,1.1361841956352248,1.010219078182906
0.55,0.05,0.25,0.05,0.65,-0.2,0.15,1.0,2,100,1.0081237359183197,1.0,0.44761904761904764,1.255120294240907,1.165562913907285,0.9809523809523809,1.0125084238937598,1.2325068608901892,1.0078307283120842,1.105410532186055,1.0062522090335508,1.1330038901614166,1.0071879724759354
0.55,0.05,0.25,0.05,0.65,-0.2,0.15,1.3,2,100,1.0078985768585624,1.0,0.44761904761904764,1.25767122476014,1.1818181818181819,0.9809523809523809,1.0116383941727465,1.2328455243458567,1.0085786338218565,1.1067733368030883,1.0094084122542384,1.136472558377699,1.0086534945564005
0.55,0.05,0.25,0.05,0.65,-0.2,0.25,1.0,2,100,1.008032267240108,1.0,0.4666666666666667,1.24995477743212,1.1589403973509933,0.9714285714285714,1.0100320110548917,1.2280516301988453,1.0107481928042454,1.1083964460292879,1.0077537961721603,1.1331185222146563,1.0078930317061343
0.55,0.05,0.25,0.05,0.65,-0.2,0.25,1.3,2,100,1.0103101749280565,1.0,0.4666666666666667,1.2585721433151122,1.1763925729442972,0.9809523809523809,1.0125295730868713,1.2333121759353263,1.0093094262312785,1.1061432264886641,1.009711491240254,1.1358099517198135,1.0100108330841553
0.55,0.05,0.25,0.05,0.65,-0.1,0.15,1.0,2,100,1.0113372492945045,1.0,0.49523809523809526,1.2671133217165134,1.174825174825175,0.9714285714285714,1.014717377419147,1.2381086053969232,1.0069861446873023,1.1054989915566895,1.0091009070713073,1.1361841956352248,1.010219078182906
0.55,0.05,0.25,0.05,0.65,-0.1,0.15,1.3,2,100,1.0113372492945045,1.0,0.49523809523809526,1.2671133217165134,1.174825174825175,0.9714285714285714,1.014717377419147,1.2381086053969232,1.0069861446873023,1.1054989915566895,1.0091009070713073,1.1361841956352248,1.010219078182906
0.55,0.05,0.25,0.05,0.65,-0.1,0.25,1.0,2,100,1.0113372492945045,1.0,0.49523809523809526,1.2671133217165134,1.174825174825175,0.9714285714285714,1.014717377419147,1.2381086053969232,1.0069861446873023,1.1054989915566895,1.0091009070713073,1.1361841956352248,1.010219078182906
0.55,0.05,0.25,0.05,0.65,-0.1,0.25,1.3,2,100,1.0113372492945045,1.0,0.49523809523809526,1.2671133217165134,1.174825174825175,0.9714285714285714,1.014717377419147,1.2381086053969232,1.0069861446873023,1.1054989915566895,1.0091009070713073,1.1361841956352248,1.010219078182906
0.65,0.05,0.25,0.05,0.65,-0.2,0.15,1.0,2,100,1.0105219684691242,1.0,0.4857142857142857,1.2384485217865802,1.1666666666666667,0.9428571428571428,1.0101861533798377,1.2261599494444302,1.0219970687139854,1.1169689272907721,1.0135582837412762,1.1357727365021577,1.0120401261052003
0.65,0.05,0.25,0.05,0.65,-0.2,0.15,1.3,2,100,1.007200181224565,1.0,0.4666666666666667,1.2458692434107153,1.1666666666666665,0.9714285714285714,1.010938704892812,1.2292485884669768,1.0139730535150213,1.1089174830127817,1.0078489848491625,1.1329564796567808,1.0075245830368638
0.65,0.05,0.25,0.05,0.65,-0.2,0.25,1.0,2,100,1.0316595998604567,1.0091743119266054,0.5333333333333333,1.2334265945597604,1.1904761904761905,0.9523809523809523,1.0315749645382448,1.2381088159343585,1.0277485417108625,1.1097873618848897,1.0278490981388158,1.1358591526673947,1.0297543489996364
0.65,0.05,0.25,0.05,0.65,-0.2,0.25,1.3,2,100,1.0208858903943636,1.0102040816326532,0.5428571428571428,1.2464233340725854,1.2,0.9904761904761905,1.0183465315918263,1.23588332811854,1.0271680857815173,1.1192567475640225,1.0100623264404986,1.12993344788165,1.0154741084174312
0.65,0.05,0.25,0.05,0.65,-0.1,0.15,1.0,2,100,1.0053825453760463,1.0,0.42857142857142855,1.2501311736033227,1.1636363636363636,0.9714285714285714,1.0102878223999943,1.2296471311619326,1.0078176398149064,1.1050102382577325,1.005556170003166,1.1320219257345956,1.005469357689606
0.65,0.05,0.25,0.05,0.65,-0.1,0.15,1.3,2,100,1.0068586065276062,1.0,0.4095238095238095,1.2551217321860766,1.1666666666666667,0.9809523809523809,1.0100482272327678,1.2309056843795483,1.005721940032245,1.1031288706745281,1.0065968393838987,1.1335727928178616,1.0067277229557523
0.65,0.05,0.25,0.05,0.65,-0.1,0.25,1.0,2,100,1.0056610625074094,1.0,0.47619047619047616,1.2427297710013767,1.165562913907285,0.9523809523809523,1.0066324174083494,1.2240958930569823,1.0131488515136948,1.1105881855872701,1.0072858048508702,1.1299844674731827,1.0064734336791399
0.65,0.05,0.25,0.05,0.65,-0.1,0.25,1.3,2,100,1.0099170055130582,1.0,0.49523809523809526,1.2531899242647482,1.1666666666666667,0.9714285714285714,1.013056327622228,1.2317599590417438,1.009448635055207,1.1059603920931398,1.007386471391294,1.1337294364269037,1.008651738452176
0.4,0.05,0.25,0.25,0.45,-0.2,0.15,1.0,2,100,1.0045382145988135,1.0,0.42857142857142855,1.244463831285863,1.165562913907285,0.9714285714285714,1.0086726303995044,1.22636937465268,1.0081553915142112,1.1036518612209927,1.0081141185425873,1.1313571561802982,1.0063261665707004
0.4,0.05,0.25,0.25,0.45,-0.2,0.15,1.3,2,100,1.0085124815170925,1.0,0.47619047619047616,1.2540671023457517,1.1666666666666667,0.9714285714285714,1.011947222910406,1.2297010387260578,1.0078019149869353,1.1057643803048625,1.0084572315189924,1.1338629902358257,1.0084848565180424
0.4,0.05,0.25,0.25,0.45,-0.2,0.25,1.0,2,100,1.0079116017726784,1.0,0.45714285714285713,1.2320261333704958,1.1685393258426966,0.9619047619047619,1.0104719945373744,1.2265892046451699,1.01614118892755,1.1108245350363186,1.007369401810209,1.1276854161496899,1.0076405017914438
0.4,0.05,0.25,0.25,0.45,-0.2,0.25,1.3,2,100,1.0122721028787953,1.0087719298245612,0.5333333333333333,1.2518507605581335,1.1734104046242775,0.9714285714285714,1.0147327778857371,1.2338002058701745,1.011350548708943,1.107941002368817,1.0092369534714973,1.133741959413612,1.0107545281751462
0.4,0.05,0.25,0.25,0.45,-0.1,0.15,1.0,2,100,1.0084492285738889,1.0,0.44761904761904764,1.2604736019240368,1.174825174825175,0.9809523809523809,1.0133854535585642,1.2367535451666427,1.007107144843893,1.1037791447924983,1.0070407829125951,1.1350638374366278,1.007745005743242
0.4,0.05,0.25,0.25,0.45,-0.1,0.15,1.3,2,100,1.009350322715991,1.0,0.4857142857142857,1.262082354454835,1.174825174825175,0.9714285714285714,1.0146552257481587,1.2373997355389568,1.0083190938421376,1.1063067592258564,1.00877464716844,1.1370397156463365,1.0090624849422154
0.4,0.05,0.25,0.25,0.45,-0.1,0.25,1.0,2,100,1.009777577706737,1.0,0.4666666666666667,1.2591184599210903,1.1666666666666667,0.9809523809523809,1.0144942075821919,1.2358676521264138,1.0072970599313429,1.1049928302469478,1.0076188033042517,1.1350818683815107,1.0086981905054944
0.4,0.05,0.25,0.25,0.45,-0.1,0.25,1.3,2,100,1.009941749017296,1.006122448979592,0.5047619047619047,1.2609265099316065,1.1818181818181817,0.9714285714285714,1.014145463981532,1.2363021825090152,1.0107053842299287,1.1096890695696549,1.0105595476926525,1.1376221746271686,1.0102506483549742
0.55,0.05,0.25,0.25,0.45,-0.2,0.15,1.0,2,100,0.9958376048473733,1.0,0.38095238095238093,1.1691368860230122,1.1111111111111112,0.9333333333333333,0.998104883542686,1.182049081941322,1.0038995165383224,1.073207498624216,1.0097008363469633,1.0939768146727389,1.0027692205971683
0.55,0.05,0.25,0.25,0.45,-0.2,0.15,1.3,2,100,1.0071789840752834,1.0,0.49523809523809526,1.1962579455049815,1.135135135135135,0.9619047619047619,1.0089804077432873,1.2016070636695124,1.0155022677713468,1.0948629960403262,1.0112352527722417,1.1031386692184508,1.0092071184237625
0.55,0.05,0.25,0.25,0.45,-0.2,0.25,1.0,2,100,0.984839371817293,1.0,0.3619047619047619,1.1471920052442923,1.105263157894737,0.8857142857142857,0.9876530461919693,1.1612877493936462,0.9958283173946331,1.0618187235774545,1.0074931512566863,1.083293759658862,0.9961662615369896
0.55,0.05,0.25,0.25,0.45,-0.2,0.25,1.3,2,100,0.9935927718739062,1.0,0.42857142857142855,1.1658720575005506,1.1111111111111112,0.9238095238095239,0.9955991078747316,1.1768096301140263,1.002785858751973,1.0766394463671025,1.009664263205977,1.0874183949010454,1.0016285175399415
0.55,0.05,0.25,0.25,0.45,-0.1,0.15,1.0,2,100,1.002778072301651,1.0,0.45714285714285713,1.2100995116261306,1.131578947368421,0.9238095238095239,1.0045453898875871,1.204291216589713,1.013226243718903,1.0977251672363302,1.0067140658154705,1.1035868918941478,1.0047460690585608
0.55,0.05,0.25,0.25,0.45,-0.1,0.15,1.3,2,100,1.003125617360455,1.0,0.4857142857142857,1.2180632074775888,1.1384615384615384,0.9333333333333333,1.0072986739201224,1.2108021621693175,1.0124665733432199,1.0984502703055168,1.0057588005302625,1.1097310677994308,1.0044422089453588
0.55,0.05,0.25,0.25,0.45,-0.1,0.25,1.0,2,100,0.9943588741574847,1.0,0.37142857142857144,1.1723139434021903,1.1111111111111112,0.9047619047619048,0.996040532423746,1.1792082199554306,1.003152648395044,1.0788116852808587,1.0098987176254455,1.0900128785678425,1.002128795891465
0.55,0.05,0.25,0.25,0.45,-0.1,0.25,1.3,2,100,0.9986657053558093,1.0,0.45714285714285713,1.1833628735886015,1.1212121212121213,0.9333333333333333,1.0005070813391828,1.1884142165722194,1.0085315505977668,1.0880857744258885,1.0117304411641161,1.0951567269062652,1.0051980732599628
0.65,0.05,0.25,0.25,0.45,-0.2,0.15,1.0,2,100,0.9864719789870894,1.0,0.41904761904761906,1.1404291421740687,1.1,0.8761904761904762,0.9857452391923148,1.1502169119207375,0.9982438893149056,1.0575802558561256,1.0071203240484028,1.0783515270408652,0.9967961515177461
0.65,0.05,0.25,0.25,0.45,-0.2,0.15,1.3,2,100,0.9897109103357126,1.0,0.4380952380952381,1.1521115189933737,1.110236220472441,0.8857142857142857,0.9951890014422924,1.168421348018606,0.998024043766205,1.0641935989201328,1.010975062774579,1.0858663626378287,1.0003429865551459
0.65,0.05,0.25,0.25,0.45,-0.2,0.25,1.0,2,100,0.9864199535972941,1.0,0.4,1.1133098620253976,1.0821917808219177,0.8857142857142857,0.9863404635856529,1.1277255462343905,1.0030030957062377,1.045423297403636,1.0115221132298646,1.0740078924006196,0.9989710334135793
0.65,0.05,0.25,0.25,0.45,-0.2,0.25,1.3,2,100,0.9885346228679145,1.0,0.45714285714285713,1.1331965522531908,1.0985915492957745,0.8952380952380953,0.9907846690871498,1.151289153156035,0.9977303294175911,1.0531904420268086,1.0097909289903417,1.0807908848351944,0.9991627759291282
0.65,0.05,0.25,0.25,0.45,-0.1,0.15,1.0,2,100,0.9851229166752815,1.0,0.3523809523809524,1.1481488924789793,1.1,0.8857142857142857,0.9871260057377204,1.162065775083372,0.9929103615808569,1.0602064399470794,1.0072256585365882,1.0824584341372328,0.9961742876059348
0.65,0.05,0.25,0.25,0.45,-0.1,0.15,1.3,2,100,0.9901074074898306,1.0,0.4,1.1605321060490021,1.1111111111111112,0.8857142857142857,0.9910405357845595,1.1710685716988383,0.9992725350269035,1.0716993284322012,1.0087893039377522,1.0867046515065737,0.9994483557137914
0.65,0.05,0.25,0.25,0.45,-0.1,0.25,1.0,2,100,0.9785720181550746,1.0,0.3333333333333333,1.136532935036176,1.0944881889763778,0.8761904761904762,0.9792255039208938,1.1479320127868982,0.9914366006399747,1.0565025685821934,1.0061279028249333,1.0797469831852227,0.9923499604900039
0.65,0.05,0.25,0.25,0.45,-0.1,0.25,1.3,2,100,0.9815129757772942,1.0,0.3333333333333333,1.1427183583849183,1.0999999999999999,0.8857142857142857,0.9831062231684562,1.15504213628388,0.9921684029378419,1.058523868455204,1.005310744975878,1.0800373853922796,0.9934118603765861
0.4,0.05,0.25,0.45,0.25,-0.2,0.15,1.0,2,100,0.9869463052405799,1.0,0.3619047619047619,1.1502278867338989,1.1090909090909091,0.8857142857142857,0.9902280180345044,1.165349873083947,0.9944681091344063,1.0625901769287802,1.0077238296609374,1.0846478659988297,0.9973350674507586
0.4,0.05,0.25,0.45,0.25,-0.2,0.15,1.3,2,100,0.9922046621216508,1.0,0.4095238095238095,1.1656277880185786,1.1111111111111112,0.9238095238095239,0.994038215901886,1.1765608486334265,1.0011417420638427,1.0744341019269348,1.0103081006291073,1.0904508433616205,1.001256381375379
0.4,0.05,0.25,0.45,0.25,-0.2,0.25,1.0,2,100,0.9782411840925986,1.0,0.34285714285714286,1.1381627254028628,1.0892857142857144,0.8666666666666667,0.9790877603361475,1.149767571850832,0.9880254345121064,1.0549859872737597,1.00517630412825,1.0798082903178234,0.9917087441104243
0.4,0.05,0.25,0.45,0.25,-0.2,0.25,1.3,2,100,0.9837071845406078,1.0,0.34285714285714286,1.1462925973490485,1.0944881889763778,0.8761904761904762,0.9854947903511386,1.159080693720879,0.9924352104310251,1.058514371913413,1.0061415557643993,1.081014454703934,0.9949243701525036
0.4,0.05,0.25,0.45,0.25,-0.1,0.15,1.0,2,100,0.9954823380678743,1.0,0.41904761904761906,1.1863691732339101,1.1111111111111112,0.9142857142857143,0.9952451236643617,1.1856962764393637,1.0058716534120318,1.0879958825330076,1.0061057311981214,1.0917830250890304,1.0007940346329978
0.4,0.05,0.25,0.45,0.25,-0.1,0.15,1.3,2,100,0.9987838118315755,1.0,0.4380952380952381,1.1928991543513041,1.125,0.9238095238095239,0.9993781344407785,1.1917342016935983,1.0079217863925318,1.0916037366087228,1.0083477560591196,1.0961059883603486,1.0035657839453476
0.4,0.05,0.25,0.45,0.25,-0.1,0.25,1.0,2,100,0.985187419210423,1.0,0.3523809523809524,1.1546601918991484,1.1,0.8952380952380953,0.9860612965044835,1.163244778693246,0.9956749163127113,1.0661766708105291,1.0067837600734293,1.083593363397624,0.9959855896419261
0.4,0.05,0.25,0.45,0.25,-0.1,0.25,1.3,2,100,0.9887551676528413,1.0,0.3523809523809524,1.160546158288173,1.105263157894737,0.8952380952380953,0.9890805181246944,1.1685300036056514,0.9989496654059608,1.0712621238570557,1.008384245296921,1.0850691702908286,0.9985697064748811
0.55,0.05,0.25,0.45,0.25,-0.2,0.15,1.0,2,100,0.9779155847309232,1.0,0.3333333333333333,1.1361617946477727,1.0892857142857144,0.8857142857142857,0.9785773940129427,1.1485760206120665,0.9866399761094116,1.0531875846100127,1.0048209450383552,1.0796017820816943,0.9913682648846391
0.55,0.05,0.25,0.45,0.25,-0.2,0.15,1.3,2,100,0.9777171720325104,1.0,0.3238095238095238,1.1359236994096775,1.0892857142857144,0.8857142857142857,0.9782839667828959,1.1482239079360104,0.9867930685772621,1.053359346891016,1.0048209450383552,1.0796017820816943,0.9912690585354328
0.55,0.05,0.25,0.45,0.25,-0.2,0.25,1.0,2,100,0.9789628622208744,1.0,0.3333333333333333,1.1357169992561977,1.0944881889763778,0.8952380952380953,0.9790172688361868,1.1475947565323226,0.989858385853877,1.0544990878855551,1.0055213221644999,1.0796017820816943,0.9922420921926871
0.55,0.05,0.25,0.45,0.25,-0.2,0.25,1.3,2,100,0.9787017772909901,1.0,0.3238095238095238,1.1364503660903769,1.0892857142857144,0.8952380952380953,0.9786311573201608,1.1486793131180806,0.9870095096524991,1.0525758040546336,1.0050518385964247,1.0796017820816943,0.9918768079437074
0.55,0.05,0.25,0.45,0.25,-0.1,0.15,1.0,2,100,0.9777171720325104,1.0,0.3238095238095238,1.1361617946477727,1.0892857142857144,0.8857142857142857,0.9782839667828959,1.1485760206120665,0.9866399761094116,1.0531875846100127,1.0048209450383552,1.0796017820816943,0.9912690585354328
0.55,0.05,0.25,0.45,0.25,-0.1,0.15,1.3,2,100,0.9777171720325104,1.0,0.3238095238095238,1.1359236994096775,1.0892857142857144,0.8857142857142857,0.9782839667828959,1.1482239079360104,0.9867930685772621,1.053359346891016,1.0048209450383552,1.0796017820816943,0.9912690585354328
0.55,0.05,0.25,0.45,0.25,-0.1,0.25,1.0,2,100,0.9785436678099746,1.0,0.3238095238095238,1.1364503660903769,1.0892857142857144,0.8952380952380953,0.9783973334397859,1.1486793131180806,0.9863971397810968,1.0526830263356886,1.0048209450383552,1.0796017820816943,0.9916823064241649
0.55,0.05,0.25,0.45,0.25,-0.1,0.25,1.3,2,100,0.9785436678099746,1.0,0.3238095238095238,1.1364503660903769,1.0892857142857144,0.8952380952380953,0.9783973334397859,1.1486793131180806,0.9863971397810968,1.0526830263356886,1.0048209450383552,1.0796017820816943,0.9916823064241649
0.65,0.05,0.25,0.45,0.25,-0.2,0.15,1.0,2,100,0.9845448668644524,1.0,0.3904761904761905,1.1355901228745553,1.1,0.9047619047619048,0.9824256389035705,1.1450686482811392,0.9953190133221815,1.0545720096315678,1.0065381261712307,1.0776000394064822,0.9955414965178415
0.65,0.05,0.25,0.45,0.25,-0.2,0.15,1.3,2,100,0.981117356427477,1.0,0.37142857142857144,1.1354258342277594,1.1,0.8857142857142857,0.9826325637201079,1.1496012781702485,0.9896179101738483,1.0522891538326635,1.0067021486539989,1.079880605505836,0.9939097525407379
0.65,0.05,0.25,0.45,0.25,-0.2,0.25,1.0,2,100,0.986516186653096,1.0,0.4095238095238095,1.1120413813217027,1.0769230769230769,0.8952380952380953,0.9860731678900495,1.126902660200237,1.0024506723873807,1.0448871726401403,1.0117456768337099,1.0740078924006196,0.999130931743403
0.65,0.05,0.25,0.45,0.25,-0.2,0.25,1.3,2,100,0.9873315273279516,1.0,0.4380952380952381,1.1310497112148736,1.096774193548387,0.8952380952380953,0.98997977103011,1.1502647594454034,0.996323498547841,1.0514115049802326,1.0098073674906243,1.0805004826281377,0.9985694474092879
0.65,0.05,0.25,0.45,0.25,-0.1,0.15,1.0,2,100,0.9787420805083872,1.0,0.3333333333333333,1.1363216659616768,1.0892857142857144,0.8952380952380953,0.9786907606698327,1.1486793131180806,0.9863971397810968,1.0526830263356886,1.0048209450383552,1.0796017820816943,0.9917815127733711
0.65,0.05,0.25,0.45,0.25,-0.1,0.15,1.3,2,100,0.9785436678099746,1.0,0.3238095238095238,1.1360835707235815,1.0892857142857144,0.8952380952380953,0.9783973334397859,1.1483272004420242,0.9865502322489473,1.0528547886166915,1.0048209450383552,1.0796017820816943,0.9916823064241649
0.65,0.05,0.25,0.45,0.25,-0.1,0.25,1.0,2,100,0.9789628622208744,1.0,0.3333333333333333,1.1355882991274975,1.0944881889763778,0.8952380952380953,0.9790172688361868,1.1475947565323226,0.989858385853877,1.0544990878855551,1.006024340273152,1.0796017820816943,0.9924936012470131
0.65,0.05,0.25,0.45,0.25,-0.1,0.25,1.3,2,100,0.9787017772909901,1.0,0.3238095238095238,1.1363216659616768,1.0892857142857144,0.8952380952380953,0.9786311573201608,1.1486793131180806,0.9870095096524991,1.0525758040546336,1.0050518385964247,1.0796017820816943,0.9918768079437074
0.4,0.05,0.45,0.05,0.45,-0.2,0.15,1.0,2,100,1.007906850204725,1.0,0.4666666666666667,1.2537259546757757,1.1666666666666667,0.9809523809523809,1.0121776342686508,1.232009951252629,1.0056273247696859,1.1038372599751847,1.0064864100843844,1.1332722426380657,1.0071966301445547
0.4,0.05,0.45,0.05,0.45,-0.2,0.15,1.3,2,100,1.0087281500365608,1.0,0.4666666666666667,1.256933141157795,1.1763925729442972,0.9809523809523809,1.0123472498276829,1.2324668920960977,1.0076659749216066,1.104607866458904,1.008710025495318,1.1349124209631476,1.0087190877659395
0.4,0.05,0.45,0.05,0.45,-0.2,0.25,1.0,2,100,1.0075618738601961,1.0,0.49523809523809526,1.2484308333304504,1.1666666666666667,0.9809523809523809,1.0113676710859427,1.2287866739796303,1.0079272062344886,1.1053966546221698,1.0092645477152813,1.1334631166745341,1.0084132107877388
0.4,0.05,0.45,0.05,0.45,-0.2,0.25,1.3,2,100,1.008111182448168,1.0,0.47619047619047616,1.254244472721387,1.1666666666666667,0.9714285714285714,1.011089639953745,1.2289052243062202,1.0063260637210758,1.104482452918663,1.01004490147301,1.1352196121483618,1.009078041960589
0.4,0.05,0.45,0.05,0.45,-0.1,0.15,1.0,2,100,1.0100851594743088,1.0,0.47619047619047616,1.2637258894162073,1.167832167832168,0.9809523809523809,1.0150630812107433,1.237904780216422,1.0080726222320484,1.1052919570448014,1.0100853177543818,1.1373624689447286,1.0100852386143453
0.4,0.05,0.45,0.05,0.45,-0.1,0.15,1.3,2,100,1.0104804222801118,1.0,0.49523809523809526,1.2648383647178274,1.174825174825175,0.9714285714285714,1.0150826004482287,1.2381655627188253,1.0075326586984439,1.1066230015596372,1.0095565514240492,1.1364052563687908,1.0100184868520805
0.4,0.05,0.45,0.05,0.45,-0.1,0.25,1.0,2,100,1.0090008364463001,1.0,0.44761904761904764,1.2616357958891329,1.174825174825175,0.9809523809523809,1.0137723856439225,1.2373652384217013,1.0073459213576892,1.1045623711428487,1.006600248264865,1.1348850393903922,1.0078005423555827
0.4,0.05,0.45,0.05,0.45,-0.1,0.25,1.3,2,100,1.0099937455257781,1.0038759689922483,0.5047619047619047,1.2629167596923356,1.174825174825175,0.9714285714285714,1.0146704522422585,1.2375419635639078,1.008067159003706,1.10574630195044,1.0090083423390404,1.1356843853078131,1.0095010439324092
0.55,0.05,0.45,0.05,0.45,-0.2,0.15,1.0,2,100,1.0010110526148104,1.0,0.44761904761904764,1.2169437714946179,1.142857142857143,0.9333333333333333,1.0036573895199556,1.2093075359044372,1.0158478313790857,1.102455730277142,1.0163273412547171,1.1259601024811563,1.0086691969347639
0.55,0.05,0.45,0.05,0.45,-0.2,0.15,1.3,2,100,1.0020217134392009,1.0,0.41904761904761906,1.2298251657185006,1.1403508771929824,0.9238095238095239,1.0084774296507117,1.2203601014854066,1.0094232561509127,1.103634430270214,1.0082222497983926,1.1273414558022374,1.0051219816187968
0.55,0.05,0.45,0.05,0.45,-0.2,0.25,1.0,2,100,1.0157665762474148,1.0193798449612403,0.5714285714285714,1.1854684969742413,1.1111111111111112,0.9428571428571428,1.0199243616138773,1.1934001545796271,1.0397294032047892,1.1057217664506942,1.012518843997505,1.0870238981864717,1.01414271012246
0.55,0.05,0.45,0.05,0.45,-0.2,0.25,1.3,2,100,1.0221044386834268,1.018181818181818,0.5619047619047619,1.2131805484281246,1.142857142857143,0.9333333333333333,1.023121851948578,1.215418438875481,1.0295335084133934,1.1055675069336337,1.0199515744252605,1.1143419912088635,1.0210280065543436
0.55,0.05,0.45,0.05,0.45,-0.1,0.15,1.0,2,100,0.9994410861792391,1.0,0.49523809523809526,1.2318011485224443,1.131578947368421,0.9333333333333333,1.0054631153890858,1.2184984557158165,1.0010287282317585,1.097387096221598,1.004093994679297,1.1227998991944428,1.001767540429268
0.55,0.05,0.45,0.05,0.45,-0.1,0.15,1.3,2,100,1.0032255515488766,1.0,0.44761904761904764,1.2374450286253824,1.1608391608391608,0.9428571428571428,1.0099716865085635,1.2215682207724643,1.002338063346226,1.0971314705136197,1.0052667941055455,1.1254438496947394,1.004246172827211
0.55,0.05,0.45,0.05,0.45,-0.1,0.25,1.0,2,100,1.0064782834486816,1.0,0.49523809523809526,1.2135303882464308,1.131578947368421,0.9428571428571428,1.0087456239223869,1.2060153721305216,1.0295950692940306,1.1090352457954815,1.013851132379379,1.1087982267640657,1.0101647079140303
0.55,0.05,0.45,0.05,0.45,-0.1,0.25,1.3,2,100,1.0010274663905847,1.0,0.47619047619047616,1.220565024745048,1.140845070422535,0.9047619047619048,1.0052318656538821,1.2110437095409519,1.019000887216745,1.1051380326018745,1.0140517887708904,1.1178979905533117,1.0075396275807376
0.65,0.05,0.45,0.05,0.45,-0.2,0.15,1.0,2,100,1.0069170674014234,1.0,0.49523809523809526,1.1762820745746632,1.1111111111111112,0.8952380952380953,1.009849978444446,1.1766829183590255,1.0368528362709317,1.1085990017961034,1.002533773735378,1.0698941990282242,1.0047254205684006
0.65,0.05,0.45,0.05,0.45,-0.2,0.15,1.3,2,100,1.0104849285593964,1.0069930069930069,0.5142857142857142,1.2007889126562625,1.1325301204819278,0.9238095238095239,1.0144479084995428,1.2001786641646583,1.0338596530119668,1.112692016595809,1.0051662545213116,1.0931048263096461,1.007825591540354
0.65,0.05,0.45,0.05,0.45,-0.2,0.25,1.0,2,100,1.0126630339376084,1.0,0.47619047619047616,1.093616866903442,1.0505050505050504,0.780952380952381,1.0141221353785275,1.0989897101634305,1.0318257159935156,1.066556837681205,0.9998524950961292,1.0319429872000185,1.0062577645168687
0.65,0.05,0.45,0.05,0.45,-0.2,0.25,1.3,2,100,1.0213270847916145,1.0135135135135134,0.5523809523809524,1.1261945829121334,1.0727272727272725,0.8380952380952381,1.0228638436214263,1.1335326557649184,1.0363825344740656,1.080385437283674,1.0008968917392236,1.0481511968585697,1.011111988265419
0.65,0.05,0.45,0.05,0.45,-0.1,0.15,1.0,2,100,1.0020003883260198,1.0,0.4666666666666667,1.199847313947715,1.1333333333333333,0.9333333333333333,1.0031660927887671,1.189122629219427,1.0331038570126752,1.1120210029659783,0.9990200702881413,1.0866921247659953,1.0005102293070807
0.65,0.05,0.45,0.05,0.45,-0.1,0.15,1.3,2,100,1.000914970924092,1.0,0.4666666666666667,1.2092824376913844,1.1333333333333333,0.9333333333333333,1.0023274305413385,1.1961205502877605,1.0277265350019613,1.1120959078236274,1.001911514742798,1.0966997196254145,1.001413242833445
0.65,0.05,0.45,0.05,0.45,-0.1,0.25,1.0,2,100,1.0077783190760767,1.0,0.47619047619047616,1.1287215019889578,1.0727272727272725,0.8095238095238095,1.013288058377723,1.1301395897522906,1.0319858882169906,1.0800135585768715,0.9944278397966588,1.044326616375334,1.0011030794363678
0.65,0.05,0.45,0.05,0.45,-0.1,0.25,1.3,2,100,1.0109913572658018,1.0,0.49523809523809526,1.1461832321776888,1.105263157894737,0.8666666666666667,1.016345825686592,1.146625940923181,1.03630431299872,1.0920737606456248,0.9931915569042721,1.0523687485186264,1.002091457085037
0.4,0.05,0.45,0.25,0.25,-0.2,0.15,1.0,2,100,1.0010528520205337,1.0,0.44761904761904764,1.2107469828153674,1.125,0.9333333333333333,1.0027852678952964,1.2049900111802123,1.012372223979742,1.097662920409808,1.0086530455938651,1.1053228804200106,1.0048529488071996
0.4,0.05,0.45,0.25,0.25,-0.2,0.15,1.3,2,100,0.9998402208270952,1.0081632653061225,0.5047619047619047,1.2175547288882456,1.1267605633802815,0.9142857142857143,1.0053166336239725,1.210444709486561,1.0127048978924993,1.099303261429674,1.0081334124939691,1.1121426750494485,1.0039868166605321
0.4,0.05,0.45,0.25,0.25,-0.2,0.25,1.0,2,100,0.9925237258914054,1.0,0.3904761904761905,1.1688394993786442,1.1111111111111112,0.9047619047619048,0.9942982669197779,1.1755300485090197,1.0077048429596098,1.0825189262075212,1.008621482358262,1.0884713860178534,1.0005726041248337
0.4,0.05,0.45,0.25,0.25,-0.2,0.25,1.3,2,100,0.9977034980500912,1.0,0.4380952380952381,1.1824065394600476,1.117117117117117,0.9333333333333333,0.9998990041728387,1.1877656710215698,1.0118599499749874,1.091524486952156,1.0101902570873125,1.0920117703886194,1.0039468775687017
0.4,0.05,0.45,0.25,0.25,-0.1,0.15,1.0,2,100,0.9981634869887718,1.0,0.49523809523809526,1.2213670741576192,1.142857142857143,0.9238095238095239,1.0037063382716258,1.210660143561855,1.0054109366713557,1.0929864048259852,1.0048984545342134,1.111421547064252,1.0015309707614926
0.4,0.05,0.45,0.25,0.25,-0.1,0.15,1.3,2,100,0.9964658005630395,1.0,0.42857142857142855,1.2233590656685331,1.125,0.9142857142857143,1.0020823866668853,1.2126539374990648,1.0051228982500309,1.0962791775257748,1.0060556555018263,1.1146383777104802,1.0012607280324328
0.4,0.05,0.45,0.25,0.25,-0.1,0.25,1.0,2,100,0.9951302142878412,1.0,0.42857142857142855,1.1893143588404247,1.1140350877192982,0.9238095238095239,0.9969614814608104,1.1894989458616894,1.0053009471727432,1.0885982959150677,1.0073698806031777,1.092921119250228,1.0012500474455095
0.4,0.05,0.45,0.25,0.25,-0.1,0.25,1.3,2,100,0.9980666965546511,1.0,0.41904761904761906,1.1982975401866516,1.125,0.9238095238095239,0.9996373443666184,1.1947407438313278,1.009808946226371,1.0955490087390358,1.0090565794906394,1.0976223967808272,1.0035616380226453
0.55,0.05,0.45,0.25,0.25,-0.2,0.15,1.0,2,100,0.993843582828566,1.0,0.4857142857142857,1.1464685871232991,1.1111111111111112,0.8857142857142857,0.9935904092185639,1.1546784514594453,1.0051881995373324,1.0651107981409549,1.00610221487434,1.0770837512845237,0.9999728988514529
0.55,0.05,0.45,0.25,0.25,-0.2,0.15,1.3,2,100,0.9927049433685466,1.0,0.45714285714285713,1.1653274457775737,1.1176470588235294,0.9047619047619048,0.9933605325431496,1.1745217134739714,1.0110588828819382,1.0807484169403934,1.00875310103893,1.085469874240158,1.0007290222037382
0.55,0.05,0.45,0.25,0.25,-0.2,0.25,1.0,2,100,0.9867830435803451,1.0,0.41904761904761906,1.0981363905891899,1.0810810810810811,0.8666666666666667,0.9813161594091845,1.1064595495331078,1.0095404703434379,1.0488757237193334,1.0045986473105697,1.0571518394430195,0.9956908454454574
0.55,0.05,0.45,0.25,0.25,-0.2,0.25,1.3,2,100,0.9942212420067392,1.0,0.41904761904761906,1.1324383831619873,1.096774193548387,0.9142857142857143,0.9954629233388502,1.1451822137514907,1.0080587875503415,1.0598611123856836,1.0139446179915872,1.0797850245937934,1.0040829299991632
0.55,0.05,0.45,0.25,0.25,-0.1,0.15,1.0,2,100,0.9891692735900612,1.0,0.4,1.1801410742636607,1.1176470588235294,0.9047619047619048,0.9882080443590695,1.1764547388511568,1.007202530155308,1.0893518592554643,1.0040985577422175,1.0892875368079606,0.9966339156661393
0.55,0.05,0.45,0.25,0.25,-0.1,0.15,1.3,2,100,0.9934045054168279,1.0,0.4380952380952381,1.1882639445214294,1.1176470588235294,0.9047619047619048,0.9938631613540275,1.1852704195915613,1.0032060483961078,1.0869810691441377,1.0074623294365872,1.0938872179363908,1.0004334174267075
0.55,0.05,0.45,0.25,0.25,-0.1,0.25,1.0,2,100,0.9927528263081675,1.0,0.4857142857142857,1.153018552561601,1.1111111111111112,0.8857142857142857,0.9920919441486332,1.158254913505342,1.004541270796037,1.0673726514263326,1.0098022763044197,1.0793076162957997,1.0012775513062935
0.55,0.05,0.45,0.25,0.25,-0.1,0.25,1.3,2,100,0.9892019007071623,1.0,0.4095238095238095,1.1574331016087922,1.1025641025641024,0.8952380952380953,0.9894048005366788,1.1636055722862222,1.0021586807174083,1.0683748147829788,1.010482184641577,1.0870607304979816,0.9998420426743697
0.65,0.05,0.45,0.25,0.25,-0.2,0.15,1.0,2,100,0.9853361825844926,1.0,0.37142857142857144,1.0921687384484293,1.0714285714285716,0.8571428571428571,0.9815924174719289,1.0958184903549804,1.0060571245563605,1.0455889597611523,0.9984440695986222,1.0461131920231692,0.9918901260915574
0.65,0.05,0.45,0.25,0.25,-0.2,0.15,1.3,2,100,0.9905854290312345,1.0,0.4380952380952381,1.1208736720810628,1.1025641025641024,0.8952380952380953,0.9899264641119192,1.1301373972806683,1.013303742099909,1.062173500521208,1.0017939529215496,1.0641537694459544,0.9961896909763921
0.65,0.05,0.45,0.25,0.25,-0.2,0.25,1.0,2,100,0.9907640984079735,1.0,0.3047619047619048,1.0346853993324956,1.0144927536231882,0.6571428571428571,0.9879742131884423,1.0362300540888791,1.0054558932736912,1.0243196831395063,0.9982074269910766,1.0170509839688668,0.994485762699525
0.65,0.05,0.45,0.25,0.25,-0.2,0.25,1.3,2,100,0.9994036832954507,1.0,0.4095238095238095,1.065110240899061,1.0397727272727273,0.8095238095238095,0.9992504102576858,1.0731189516345858,1.0115178014906097,1.0369948199943364,0.9997294764434411,1.031770870576622,0.999566579869446
0.65,0.05,0.45,0.25,0.25,-0.1,0.15,1.0,2,100,0.9910323469643717,1.0,0.4095238095238095,1.1259638529626583,1.0999999999999999,0.8857142857142857,0.9874116195145571,1.1295786684258062,1.0127761479177348,1.0628454951113333,0.9967735832687259,1.057203044777076,0.9939029651165487
0.65,0.05,0.45,0.25,0.25,-0.1,0.15,1.3,2,100,0.9924465109806284,1.0,0.45714285714285713,1.141265177903558,1.1,0.9047619047619048,0.9904196692284452,1.145651185445123,1.0154844736791822,1.0747863518640124,1.0002898926258623,1.0677810289039242,0.9963682018032454
0.65,0.05,0.45,0.25,0.25,-0.1,0.25,1.0,2,100,0.9866984346852405,1.0,0.3142857142857143,1.0614713490457661,1.0357142857142856,0.7904761904761904,0.9852992292028039,1.0647476242118745,1.0063933337757123,1.0323016677888464,0.9943351018764618,1.033321876022699,0.9905167682808511
0.65,0.05,0.45,0.25,0.25,-0.1,0.25,1.3,2,100,0.9928808167086736,1.0,0.3619047619047619,1.0813653732092492,1.054054054054054,0.8476190476190476,0.9914749872922115,1.083167039055154,1.0109111672723423,1.0455211981074382,0.9939777716760774,1.0390770843457269,0.9934292941923755
0.4,0.05,0.65,0.05,0.25,-0.2,0.15,1.0,2,100,0.9989006616110669,1.0,0.47619047619047616,1.2230729472923227,1.1454545454545455,0.9238095238095239,1.004919526672951,1.211338974183806,1.0074672236981157,1.0986134819740345,1.0062767117979619,1.1180019207638374,1.0025886867045144
0.4,0.05,0.65,0.05,0.25,-0.2,0.15,1.3,2,100,0.9997933003444123,1.0,0.4666666666666667,1.2286083204819547,1.142857142857143,0.9238095238095239,1.0067301474140833,1.2164696731380524,1.0031431222483145,1.0967429028189017,1.004806525457182,1.1242049685639783,1.0022999129007972
0.4,0.05,0.65,0.05,0.25,-0.2,0.25,1.0,2,100,1.0110748698570247,1.0140845070422535,0.5238095238095238,1.1897486661928043,1.1153846153846154,0.9142857142857143,1.0140736671653743,1.192601328902716,1.0333912717420488,1.1068443110741115,1.0092371382697167,1.089266706057636,1.0101560040633708
0.4,0.05,0.65,0.05,0.25,-0.2,0.25,1.3,2,100,1.011407390574079,1.0058823529411764,0.5047619047619047,1.2112409047551154,1.142857142857143,0.9428571428571428,1.0134095537280072,1.2092549574793676,1.0293640735426308,1.111832028245961,1.0142089409836281,1.1091181881564385,1.0128081657788535
0.4,0.05,0.65,0.05,0.25,-0.1,0.15,1.0,2,100,0.9971504319947122,1.0,0.3904761904761905,1.2290408006497577,1.1384615384615384,0.9238095238095239,1.0030790029267553,1.2130894585685141,1.0037562901856738,1.0992720776319918,1.002103973945961,1.1209501418478693,0.9996272029703366
0.4,0.05,0.65,0.05,0.25,-0.1,0.15,1.3,2,100,1.000118264931153,1.0,0.42857142857142855,1.2342153360703891,1.1578947368421053,0.9333333333333333,1.0062903165989934,1.21800764498646,1.0023169763872635,1.09522551424318,1.0042655844293087,1.1219812425243685,1.0021919246802309
0.4,0.05,0.65,0.05,0.25,-0.1,0.25,1.0,2,100,1.0017392374331728,1.0,0.4857142857142857,1.2115572160526733,1.142857142857143,0.9428571428571428,1.0031259598693687,1.200750934914929,1.0257047813817526,1.110398436952988,1.0061325294247991,1.1046385074993061,1.003935883428986
0.4,0.05,0.65,0.05,0.25,-0.1,0.25,1.3,2,100,0.9979411034658043,1.0,0.4666666666666667,1.2152134948230204,1.1333333333333333,0.9142857142857143,1.0022551927413075,1.2033052290956403,1.0181260187043062,1.1059021148157933,1.0104235326115079,1.114034916688635,1.004182318038656
0.55,0.05,0.65,0.05,0.25,-0.2,0.15,1.0,2,100,1.003007026370184,1.0,0.45714285714285713,1.182087393159928,1.1111111111111112,0.8857142857142857,1.0062992301087326,1.176918855712306,1.038658356208648,1.1110597512572242,0.9942117423647917,1.0687745676484708,0.9986093843674879
0.55,0.05,0.65,0.05,0.25,-0.2,0.15,1.3,2,100,1.0052204019542141,1.0,0.4666666666666667,1.1991437113204277,1.120689655172414,0.9142857142857143,1.006046342006255,1.1916314723814048,1.0319350893836605,1.1094102888240192,1.0040525217262894,1.0876776847755776,1.004636461840252
0.55,0.05,0.65,0.05,0.25,-0.2,0.25,1.0,2,100,1.0145579716725428,1.0,0.44761904761904764,1.1000915548481869,1.0471204188481675,0.7619047619047619,1.0198472206925981,1.1053337473872782,1.0319439834518878,1.067532631340705,1.0014182637769045,1.0330334108919328,1.0079881177247236
0.55,0.05,0.65,0.05,0.25,-0.2,0.25,1.3,2,100,1.0221529168862051,1.0135135135135134,0.5333333333333333,1.125980789966378,1.0727272727272725,0.8380952380952381,1.0269141593041438,1.131886405577907,1.0346514747497355,1.0771219353631278,0.9996981908928286,1.0351014961441551,1.0109255538895168
0.55,0.05,0.65,0.05,0.25,-0.1,0.15,1.0,2,100,0.9989755158919075,1.0,0.4666666666666667,1.1988284985218216,1.1216216216216215,0.9142857142857143,0.999931439100756,1.183094704528352,1.0296703748903446,1.1107700487887044,0.9953475814713616,1.0801596264987257,0.9971615486816345
0.55,0.05,0.65,0.05,0.25,-0.1,0.15,1.3,2,100,0.9961554021626203,1.0,0.4666666666666667,1.2028298904203483,1.125,0.9238095238095239,0.9970084044552618,1.1865051946346392,1.0255521266269525,1.1083569545010117,0.9967112654255289,1.0882702095802042,0.9964333337940746
0.55,0.05,0.65,0.05,0.25,-0.1,0.25,1.0,2,100,1.0099183083989365,1.0116279069767444,0.5142857142857142,1.1316520999899808,1.0833333333333333,0.7904761904761904,1.0178378802206247,1.1336471221720497,1.0319646180419944,1.0819606647635767,0.9905395677574996,1.038925392652194,1.000228938078218
0.55,0.05,0.65,0.05,0.25,-0.1,0.25,1.3,2,100,1.0110286359464795,1.0088495575221241,0.5047619047619047,1.141931161602591,1.0945945945945945,0.8380952380952381,1.01637228823869,1.1427116019618184,1.0360043298348431,1.0899184315448918,0.9916728983238955,1.0444019711019294,1.0013507671351876
0.65,0.05,0.65,0.05,0.25,-0.2,0.15,1.0,2,100,1.008291819702601,1.0,0.4857142857142857,1.1447375205265746,1.0857142857142859,0.819047619047619,1.0128031475026558,1.141855611921722,1.034650206925231,1.0934039646109035,0.9907765239224,1.0459723357611668,0.9995341718125005
0.65,0.05,0.65,0.05,0.25,-0.2,0.15,1.3,2,100,1.008345431757064,1.0,0.47619047619047616,1.1602602325707867,1.1081081081081081,0.8476190476190476,1.0132203412886314,1.1590900755844131,1.0375087911610825,1.097660931381726,0.9944674212382111,1.0535660648853689,1.0014064264976374
0.65,0.05,0.65,0.05,0.25,-0.2,0.25,1.0,2,100,1.0042833859474252,1.0,0.38095238095238093,1.0634121994248427,1.0172413793103448,0.6,1.0031765177625964,1.064957020744464,1.0194861928862629,1.0456545563359885,0.9979049944720173,1.010909029757762,1.0010941902097212
0.65,0.05,0.65,0.05,0.25,-0.2,0.25,1.3,2,100,1.0118970433017782,1.0,0.4666666666666667,1.078945855532166,1.0294117647058825,0.6857142857142857,1.012991957917116,1.082340257867527,1.0261949701892183,1.056325391836295,1.0015704742151654,1.0221738647576806,1.0067337587584717
0.65,0.05,0.65,0.05,0.25,-0.1,0.15,1.0,2,100,1.0041260747096472,1.0,0.42857142857142855,1.1688100712875413,1.1142857142857143,0.8571428571428571,1.0094288655814991,1.163795457258378,1.0319633531909909,1.0967464212723144,0.9919374766019944,1.055301341122975,0.9980317756558208
0.65,0.05,0.65,0.05,0.25,-0.1,0.15,1.3,2,100,1.0061700918354586,1.0,0.44761904761904764,1.178985209523399,1.1216216216216215,0.8571428571428571,1.01175723394129,1.1727448096799715,1.0329719108825879,1.1016199262849398,0.9917862829329775,1.0589926404691306,0.9989781873842181
0.65,0.05,0.65,0.05,0.25,-0.1,0.25,1.0,2,100,1.005504606252565,1.0,0.4,1.084691686911125,1.0263157894736843,0.6761904761904762,1.007383252319027,1.0856411270856137,1.024041290330042,1.0563550163899051,0.9968275665827457,1.0219131689657899,1.0011660864176553
0.65,0.05,0.65,0.05,0.25,-0.1,0.25,1.3,2,100,1.0103200398365886,1.0,0.42857142857142855,1.09094829400294,1.028169014084507,0.6761904761904762,1.0136328161763466,1.093955240134618,1.0319533506423462,1.066501963867664,1.0034073273847934,1.0296215374071043,1.006863683610691
0.4,0.25,0.05,0.05,0.65,-0.2,0.15,1.0,2,100,1.0113372492945045,1.0,0.49523809523809526,1.2671133217165134,1.174825174825175,0.9714285714285714,1.014717377419147,1.2381086053969232,1.0069861446873023,1.1054989915566895,1.0091009070713073,1.1361841956352248,1.010219078182906
0.4,0.25,0.05,0.05,0.65,-0.2,0.15,1.3,2,100,1.0113372492945045,1.0,0.49523809523809526,1.2671133217165134,1.174825174825175,0.9714285714285714,1.014717377419147,1.2381086053969232,1.0069861446873023,1.1054989915566895,1.0091009070713073,1.1361841956352248,1.010219078182906
0.4,0.25,0.05,0.05,0.65,-0.2,0.25,1.0,2,100,1.0113372492945045,1.0,0.49523809523809526,1.2671133217165134,1.174825174825175,0.9714285714285714,1.014717377419147,1.2381086053969232,1.0069861446873023,1.1054989915566895,1.0091009070713073,1.1361841956352248,1.010219078182906
0.4,0.25,0.05,0.05,0.65,-0.2,0.25,1.3,2,100,1.0113372492945045,1.0,0.49523809523809526,1.2671133217165134,1.174825174825175,0.9714285714285714,1.014717377419147,1.2381086053969232,1.0069861446873023,1.1054989915566895,1.0091009070713073,1.1361841956352248,1.010219078182906
0.4,0.25,0.05,0.05,0.65,-0.1,0.15,1.0,2,100,1.0113372492945045,1.0,0.49523809523809526,1.2671133217165134,1.174825174825175,0.9714285714285714,1.014717377419147,1.2381086053969232,1.0069861446873023,1.1054989915566895,1.0091009070713073,1.1361841956352248,1.010219078182906
0.4,0.25,0.05,0.05,0.65,-0.1,0.15,1.3,2,100,1.0113372492945045,1.0,0.49523809523809526,1.2671133217165134,1.174825174825175,0.9714285714285714,1.014717377419147,1.2381086053969232,1.0069861446873023,1.1054989915566895,1.0091009070713073,1.1361841956352248,1.010219078182906
0.4,0.25,0.05,0.05,0.65,-0.1,0.25,1.0,2,100,1.0113372492945045,1.0,0.49523809523809526,1.2671133217165134,1.174825174825175,0.9714285714285714,1.014717377419147,1.2381086053969232,1.0069861446873023,1.1054989915566895,1.0091009070713073,1.1361841956352248,1.010219078182906
0.4,0.25,0.05,0.05,0.65,-0.1,0.25,1.3,2,100,1.0113372492945045,1.0,0.49523809523809526,1.2671133217165134,1.174825174825175,0.9714285714285714,1.014717377419147,1.2381086053969232,1.0069861446873023,1.1054989915566895,1.0091009070713073,1.1361841956352248,1.010219078182906
0.55,0.25,0.05,0.05,0.65,-0.2,0.15,1.0,2,100,1.025752209776458,1.020979020979021,0.6,1.263189549441216,1.2,0.9809523809523809,1.0267475376718038,1.2496312600239938,1.0404901166141236,1.1389248855226686,1.0186320134672373,1.141063802585345,1.0221921116218478
0.55,0.25,0.05,0.05,0.65,-0.2,0.15,1.3,2,100,1.0189974837959586,1.0129870129870129,0.5523809523809524,1.266832046370806,1.1986754966887416,0.9714285714285714,1.019758003895856,1.2415655649089,1.0224204694782724,1.1212652628044144,1.0127842262558842,1.139549904939313,1.0158908550259214
0.55,0.25,0.05,0.05,0.65,-0.2,0.25,1.0,2,100,1.0310257733857067,1.0256410256410258,0.6,1.267043698639177,1.2000000000000002,0.9809523809523809,1.029409427450504,1.2509999755970036,1.0475509588732674,1.1413642947247373,1.0216512898374257,1.1446457380615083,1.0263385316115663
0.55,0.25,0.05,0.05,0.65,-0.2,0.25,1.3,2,100,1.022462143760361,1.0135135135135136,0.6,1.2704951511263907,1.2,0.9714285714285714,1.0211306019552442,1.2444615956947922,1.0236456634175566,1.121572737593361,1.0142607267561756,1.1409902843979969,1.0183614352582682
0.55,0.25,0.05,0.05,0.65,-0.1,0.15,1.0,2,100,1.0113372492945045,1.0,0.49523809523809526,1.2671133217165134,1.174825174825175,0.9714285714285714,1.014717377419147,1.2381086053969232,1.0069861446873023,1.1054989915566895,1.0091009070713073,1.1361841956352248,1.010219078182906
0.55,0.25,0.05,0.05,0.65,-0.1,0.15,1.3,2,100,1.0113372492945045,1.0,0.49523809523809526,1.2671133217165134,1.174825174825175,0.9714285714285714,1.014717377419147,1.2381086053969232,1.0069861446873023,1.1054989915566895,1.0091009070713073,1.1361841956352248,1.010219078182906
0.55,0.25,0.05,0.05,0.65,-0.1,0.25,1.0,2,100,1.0113372492945045,1.0,0.49523809523809526,1.2671133217165134,1.174825174825175,0.9714285714285714,1.014717377419147,1.2381086053969232,1.0069861446873023,1.1054989915566895,1.0091009070713073,1.1361841956352248,1.010219078182906
0.55,0.25,0.05,0.05,0.65,-0.1,0.25,1.3,2,100,1.0113372492945045,1.0,0.49523809523809526,1.2671133217165134,1.174825174825175,0.9714285714285714,1.014717377419147,1.2381086053969232,1.0069861446873023,1.1054989915566895,1.0091009070713073,1.1361841956352248,1.010219078182906
0.65,0.25,0.05,0.05,0.65,-0.2,0.15,1.0,2,100,1.0747578043618156,1.0526315789473686,0.6857142857142857,1.288083217502533,1.225130890052356,0.9714285714285714,1.0618855044044397,1.2802201824230532,1.0502732560653627,1.1294272343372749,1.032965486383584,1.1440438321126525,1.0538616453726997
0.65,0.25,0.05,0.05,0.65,-0.2,0.15,1.3,2,100,1.037030851297442,1.0256410256410258,0.6571428571428571,1.2691865991304054,1.2000000000000002,0.9904761904761905,1.0332681186691246,1.2560957342793542,1.0438234653749672,1.1338445486367825,1.0234449788944728,1.1423111931912102,1.0302379150959573
0.65,0.25,0.05,0.05,0.65,-0.2,0.25,1.0,2,100,1.0736220644630805,1.054263565891473,0.6666666666666666,1.2824036360786988,1.2167832167832169,0.9714285714285714,1.0618588352848435,1.2780702009370646,1.0476480101455465,1.1246386620233035,1.0347048081824732,1.143332623389669,1.054163436322777
0.65,0.25,0.05,0.05,0.65,-0.2,0.25,1.3,2,100,1.0391458185915012,1.0285714285714285,0.6571428571428571,1.2681554504300794,1.2,0.9904761904761905,1.0366885042778873,1.2585110343837813,1.042948736634767,1.1304792179021392,1.024528861659,1.143995034948801,1.0318373401252505
0.65,0.25,0.05,0.05,0.65,-0.1,0.15,1.0,2,100,1.0439727960678218,1.0357142857142856,0.6857142857142857,1.2749320229402987,1.2083333333333333,0.9904761904761905,1.0429870261883525,1.2611235595797892,1.052094636593783,1.149356861637035,1.0318194096147724,1.1532583554413378,1.0378961028412972
0.65,0.25,0.05,0.05,0.65,-0.1,0.15,1.3,2,100,1.0243677334621168,1.019867549668874,0.580952380952381,1.2650640364995884,1.1983805668016194,0.9809523809523809,1.0259521044949753,1.2481725459151773,1.0390488534487505,1.1362914025683202,1.017369772948779,1.1404067107455342,1.020868753205448
0.65,0.25,0.05,0.05,0.65,-0.1,0.25,1.0,2,100,1.057007325373977,1.0384615384615385,0.6761904761904762,1.2841900553969317,1.2352941176470589,0.9904761904761905,1.0484472484581715,1.267414549338013,1.0567819734761452,1.1533854274214173,1.037207298223589,1.1569101382329363,1.0471073117987828
0.65,0.25,0.05,0.05,0.65,-0.1,0.25,1.3,2,100,1.0313789315683994,1.0256410256410258,0.6285714285714286,1.2703844098922936,1.202797202797203,0.9809523809523809,1.0315339014179254,1.2536721261121841,1.0450612564979418,1.1422934602933106,1.0188596385303867,1.1426638153392679,1.025119285049393
0.4,0.25,0.05,0.25,0.45,-0.2,0.15,1.0,2,100,1.0240442206386036,1.020979020979021,0.6095238095238096,1.2514686465177791,1.2,0.9809523809523809,1.0212615234073643,1.2394855039668433,1.0237820059995655,1.1176526311996209,1.0178321370814771,1.1399667972951835,1.0209381788600402
0.4,0.25,0.05,0.25,0.45,-0.2,0.15,1.3,2,100,1.0187804105662182,1.0089285714285714,0.5333333333333333,1.2594723329928073,1.1904761904761905,0.9809523809523809,1.0163254614619772,1.2358579514170058,1.0187172712264831,1.1151028502524982,1.0123874795574588,1.1390110159115534,1.0155839450618385
0.4,0.25,0.05,0.25,0.45,-0.2,0.25,1.0,2,100,1.0237545392642045,1.020979020979021,0.5904761904761905,1.2500866202862493,1.1944444444444444,0.9809523809523809,1.0206211088234398,1.2401455135082562,1.0236934801320756,1.1152373909784583,1.0183563763376198,1.1393264482397107,1.0210554578009121
0.4,0.25,0.05,0.25,0.45,-0.2,0.25,1.3,2,100,1.0169261773540132,1.0077519379844961,0.5047619047619047,1.2554495054797985,1.1904761904761905,0.9809523809523809,1.0153018274119,1.2351619632152795,1.0201621573144595,1.1152339543609586,1.0127466764433692,1.1387605916140422,1.0148364268986914
0.4,0.25,0.05,0.25,0.45,-0.1,0.15,1.0,2,100,1.0137630015594983,1.0,0.49523809523809526,1.2614562651785466,1.1818181818181817,0.9809523809523809,1.0156818833165662,1.2384791998069804,1.0201760496759857,1.117791738294787,1.0103799217164369,1.136462461966045,1.0120714616379676
0.4,0.25,0.05,0.25,0.45,-0.1,0.15,1.3,2,100,1.012949505043278,1.0087719298245612,0.5142857142857142,1.2647588071418294,1.1818181818181819,0.9714285714285714,1.0149984509241823,1.2380376869515513,1.0159825519777501,1.1126166776344664,1.0107726576610474,1.1386680684229873,1.0118610813521627
0.4,0.25,0.05,0.25,0.45,-0.1,0.25,1.0,2,100,1.0173948890727056,1.0,0.49523809523809526,1.2612519976382062,1.1944444444444444,0.9809523809523809,1.0176333034937277,1.2400530816549242,1.0227351525000445,1.1203223638209092,1.0125637622330197,1.1382969331216748,1.0149793256528628
0.4,0.25,0.05,0.25,0.45,-0.1,0.25,1.3,2,100,1.0150561590660396,1.0087719298245612,0.5428571428571428,1.2647202968113473,1.1818181818181819,0.9714285714285714,1.0152395790534188,1.2361369932385915,1.0164341116270088,1.114607696783052,1.0129001183191422,1.1410109439018161,1.013978138692591
0.55,0.25,0.05,0.25,0.45,-0.2,0.15,1.0,2,100,1.0230890319254353,1.0256410256410258,0.5904761904761905,1.2081956395352325,1.1398601398601398,0.9523809523809523,1.023695548513078,1.2155733513127047,1.020970252985404,1.0908529780549194,1.0295060979087283,1.127472022531431,1.0262975649170818
0.55,0.25,0.05,0.25,0.45,-0.2,0.15,1.3,2,100,1.0288134955939001,1.0261627906976745,0.638095238095238,1.2285215297937928,1.1727272727272726,0.9523809523809523,1.028109316026806,1.230264282556238,1.027046695727246,1.1022640229988692,1.027864589304273,1.132774555103604,1.0283390424490866
0.55,0.25,0.05,0.25,0.45,-0.2,0.25,1.0,2,100,1.0279601095325646,1.027027027027027,0.6285714285714286,1.2101967987455091,1.1398601398601398,0.9428571428571428,1.023727564752182,1.2141956985010467,1.022804793563174,1.0909822266664086,1.0304330215313893,1.1248063485190891,1.029196565531977
0.55,0.25,0.05,0.25,0.45,-0.2,0.25,1.3,2,100,1.0348182072425716,1.0303030303030303,0.6761904761904762,1.2320492241078846,1.175,0.9428571428571428,1.0339912095827786,1.2343078074097735,1.0275957188048817,1.1017083602037994,1.0266566281353673,1.1300498385884632,1.0307374176889694
0.55,0.25,0.05,0.25,0.45,-0.1,0.15,1.0,2,100,1.02327277552864,1.027777777777778,0.6190476190476191,1.2242280692067484,1.1706335903452898,0.9523809523809523,1.0215468647503754,1.2244138963564462,1.0128929601870844,1.0888819928291462,1.0323339392481783,1.1352162376353188,1.0278033573884091
0.55,0.25,0.05,0.25,0.45,-0.1,0.15,1.3,2,100,1.0272728631924486,1.0301003344481605,0.6571428571428571,1.2347177962484248,1.175,0.9523809523809523,1.0243811753436967,1.2295566509241262,1.02354418706405,1.1035608835431054,1.0302215240896813,1.1366331447100742,1.028747193641065
0.55,0.25,0.05,0.25,0.45,-0.1,0.25,1.0,2,100,1.0200671129875427,1.0227272727272727,0.6,1.2184604549096834,1.167539267015707,0.9523809523809523,1.0184968694916858,1.219928192935474,1.0084823738590356,1.0830300825080874,1.028587518167418,1.1297090690569533,1.0243273155774804
0.55,0.25,0.05,0.25,0.45,-0.1,0.25,1.3,2,100,1.0268222173062966,1.027777777777778,0.6666666666666666,1.2323975635165003,1.169963124371438,0.9428571428571428,1.023865899676645,1.2275003603012256,1.019659203516459,1.1001441386264756,1.0267834062841104,1.1333027261193989,1.0268028117952035
0.65,0.25,0.05,0.25,0.45,-0.2,0.15,1.0,2,100,1.0295716946539104,1.0256410256410258,0.5619047619047619,1.1693409924566331,1.1111111111111112,0.9428571428571428,1.0248037797365463,1.1801066565400913,1.0189488292631226,1.0707619248208844,1.0232073915740278,1.095654463699385,1.0263895431139691
0.65,0.25,0.05,0.25,0.45,-0.2,0.15,1.3,2,100,1.0191128619497765,1.0198019801980198,0.5523809523809524,1.1795077389943827,1.1176470588235294,0.9428571428571428,1.0145034775830115,1.1878281279806493,1.0192020586449073,1.0760979713136718,1.019854857836436,1.1002047403783848,1.0194838598931062
0.65,0.25,0.05,0.25,0.45,-0.2,0.25,1.0,2,100,1.0290932999002254,1.025974025974026,0.5904761904761905,1.165759194972281,1.1111111111111112,0.9428571428571428,1.0254341659033062,1.1779535085877912,1.021045871214631,1.0714446078088053,1.0256427912675128,1.0963256322266615,1.0273680455838692
0.65,0.25,0.05,0.25,0.45,-0.2,0.25,1.3,2,100,1.0207834654816472,1.0198019801980198,0.5714285714285714,1.1728423223591589,1.1176470588235294,0.9333333333333333,1.015813892686059,1.1807301278663107,1.0177224686609745,1.0735618910131894,1.0212536665186207,1.0984788017277776,1.021018566000134
0.65,0.25,0.05,0.25,0.45,-0.1,0.15,1.0,2,100,1.0007982211587216,1.0,0.4666666666666667,1.163761298097558,1.1111111111111112,0.9333333333333333,1.0040298915626604,1.1768659759832636,1.0046077791740011,1.0692579490082506,1.0132871863928454,1.0966661416405434,1.0070427037757836
0.65,0.25,0.05,0.25,0.45,-0.1,0.15,1.3,2,100,0.9986588762434006,1.0020408163265306,0.5047619047619047,1.168639952264573,1.1111111111111112,0.9428571428571428,1.0003816148917235,1.1807133573192337,0.9975381158405192,1.064759447577079,1.011789044554474,1.098029396891562,1.0052239603989372
0.65,0.25,0.05,0.25,0.45,-0.1,0.25,1.0,2,100,1.013845102202299,1.0146341463414634,0.5333333333333333,1.171597026253706,1.1136363636363635,0.9523809523809523,1.0106926917019246,1.1814155854549802,1.0081387108027366,1.073428155984527,1.0188565656072268,1.0979848496326363,1.0163508339047629
0.65,0.25,0.05,0.25,0.45,-0.1,0.25,1.3,2,100,1.0010069642426658,1.0064935064935063,0.5238095238095238,1.1691212916385691,1.1111111111111112,0.9428571428571428,1.0031157300136402,1.182888390445759,1.001268461988693,1.0661604032863998,1.0148966572715705,1.0975899114450616,1.0079518107571181
0.4,0.25,0.05,0.45,0.25,-0.2,0.15,1.0,2,100,0.9953296870716866,1.0,0.4380952380952381,1.167228659434452,1.1111111111111112,0.9428571428571428,0.9946573728416481,1.1744345224181332,0.9930245307970516,1.0638866810937668,1.013379268343534,1.1000728348861155,1.0043544777076103
0.4,0.25,0.05,0.45,0.25,-0.2,0.15,1.3,2,100,1.0056810585878464,1.0,0.49523809523809526,1.187985915664545,1.125,0.9523809523809523,1.005022225894371,1.1923568217396772,0.9969911580185428,1.0698740422183197,1.0173321121839822,1.1107778924499894,1.0115065853859142
0.4,0.25,0.05,0.45,0.25,-0.2,0.25,1.0,2,100,0.9940274707021097,1.0,0.42857142857142855,1.1648263355513593,1.1111111111111112,0.9428571428571428,0.9934294309437937,1.172813984150248,0.9941946147338373,1.0644240466914965,1.0123179582376916,1.098668364277869,1.0031727144699008
0.4,0.25,0.05,0.45,0.25,-0.2,0.25,1.3,2,100,1.0039785368544747,1.0,0.4857142857142857,1.1833355504044398,1.125,0.9523809523809523,1.0032580304560847,1.1889564559825356,0.9957167981338049,1.0679183788118862,1.0158255059695018,1.1089825614610684,1.0099020214119883
0.4,0.25,0.05,0.45,0.25,-0.1,0.15,1.0,2,100,1.0004878257372911,1.0,0.4857142857142857,1.1795232065770187,1.1111111111111112,0.9428571428571428,0.9986022518084224,1.1841532697445025,0.9946824880531361,1.0667745365701489,1.016652348168619,1.1069783194980265,1.008570086952955
0.4,0.25,0.05,0.45,0.25,-0.1,0.15,1.3,2,100,1.009387484325472,1.0102040816326532,0.5142857142857142,1.1975434789330224,1.125506072874494,0.9523809523809523,1.0092541476847883,1.2021067191161665,1.0013848471062077,1.0754215571025763,1.0202574943624125,1.1136965117864182,1.0148224893439424
0.4,0.25,0.05,0.45,0.25,-0.1,0.25,1.0,2,100,0.9976469724946978,1.0,0.4666666666666667,1.1730333146646363,1.1111111111111112,0.9428571428571428,0.9958815743241575,1.1781811677380771,0.9950992144829076,1.0666332628295012,1.015139688485238,1.1046294234670646,1.006393330489968
0.4,0.25,0.05,0.45,0.25,-0.1,0.25,1.3,2,100,1.0073243942611136,1.0119047619047619,0.5333333333333333,1.1924287475677517,1.125,0.9523809523809523,1.0068375796388813,1.1981109463437005,0.9980001907500768,1.0709292052495547,1.0178764515164467,1.112713065379888,1.0126004228887802
0.55,0.25,0.05,0.45,0.25,-0.2,0.15,1.0,2,100,0.9879095095879117,1.0,0.4095238095238095,1.1460014018976794,1.0999999999999999,0.8952380952380953,0.9902237681328615,1.161014876404182,0.997706246191407,1.062214587127946,1.0092503024565795,1.0843856026241638,0.9985799060222456
0.55,0.25,0.05,0.45,0.25,-0.2,0.15,1.3,2,100,0.9835286462018404,1.0,0.37142857142857144,1.1411794708849332,1.0985915492957745,0.8761904761904762,0.9860405848491844,1.1554331159044844,0.9916834916297923,1.0566978842466996,1.006491986867559,1.0807103141518584,0.9950103165346997
0.55,0.25,0.05,0.45,0.25,-0.2,0.25,1.0,2,100,0.9973196490253043,1.0,0.4666666666666667,1.152060925552511,1.1023622047244095,0.9047619047619048,0.9949552564657027,1.1641686126795099,1.0014746979872415,1.064768554041663,1.012062881731787,1.0857242955000106,1.0046912653785456
0.55,0.25,0.05,0.45,0.25,-0.2,0.25,1.3,2,100,0.9877345715550422,1.0,0.4380952380952381,1.143830656831175,1.0999999999999999,0.8952380952380953,0.9895793288652066,1.1598178992968535,0.9932723165861884,1.0567300619443476,1.00794082815931,1.0807103141518584,0.9978376998571761
0.55,0.25,0.05,0.45,0.25,-0.1,0.15,1.0,2,100,0.9777171720325104,1.0,0.3238095238095238,1.1361617946477727,1.0892857142857144,0.8857142857142857,0.9782839667828959,1.1485760206120665,0.9866399761094116,1.0531875846100127,1.0048209450383552,1.0796017820816943,0.9912690585354328
0.55,0.25,0.05,0.45,0.25,-0.1,0.15,1.3,2,100,0.9777171720325104,1.0,0.3238095238095238,1.1359236994096775,1.0892857142857144,0.8857142857142857,0.9782839667828959,1.1482239079360104,0.9867930685772621,1.053359346891016,1.0048209450383552,1.0796017820816943,0.9912690585354328
0.55,0.25,0.05,0.45,0.25,-0.1,0.25,1.0,2,100,0.9785436678099746,1.0,0.3238095238095238,1.1364503660903769,1.0892857142857144,0.8952380952380953,0.9783973334397859,1.1486793131180806,0.9863971397810968,1.0526830263356886,1.0048209450383552,1.0796017820816943,0.9916823064241649
0.55,0.25,0.05,0.45,0.25,-0.1,0.25,1.3,2,100,0.9785436678099746,1.0,0.3238095238095238,1.1364503660903769,1.0892857142857144,0.8952380952380953,0.9783973334397859,1.1486793131180806,0.9863971397810968,1.0526830263356886,1.0048209450383552,1.0796017820816943,0.9916823064241649
0.65,0.25,0.05,0.45,0.25,-0.2,0.15,1.0,2,100,1.0231345196194348,1.0151515151515154,0.5333333333333333,1.1577531524467684,1.105263157894737,0.9047619047619048,1.018872392673922,1.169613211838691,1.0134207370821817,1.0653896205084752,1.020397225967476,1.087709005104821,1.0217658727934555
0.65,0.25,0.05,0.45,0.25,-0.2,0.15,1.3,2,100,1.0056250864815615,1.004878048780488,0.5047619047619047,1.1557316360680616,1.1111111111111112,0.9047619047619048,1.0023451908813945,1.1650106623315122,1.0094904280981691,1.067786619304224,1.0139211076441872,1.0857160498908152,1.0097730970628742
0.65,0.25,0.05,0.45,0.25,-0.2,0.25,1.0,2,100,1.023348181568533,1.025974025974026,0.5523809523809524,1.1541507908854776,1.105263157894737,0.9047619047619048,1.0200389728318204,1.1679008272642633,1.0155356753565692,1.0652803722996453,1.023386275519509,1.089822070197107,1.023367228544021
0.65,0.25,0.05,0.45,0.25,-0.2,0.25,1.3,2,100,1.0088292618002874,1.004878048780488,0.5047619047619047,1.152734340120169,1.1111111111111112,0.9047619047619048,1.0048591327900946,1.1619940086302707,1.0107494464670224,1.0669617404612957,1.0164554029099027,1.0862772109664087,1.012642332355095
0.65,0.25,0.05,0.45,0.25,-0.1,0.15,1.0,2,100,0.992690548858668,1.0,0.42857142857142855,1.1483689946840108,1.102272727272727,0.9047619047619048,0.9955463840351787,1.1626884491776595,0.9989459895517505,1.0636886952324824,1.0117629629606668,1.0853929236897657,1.0022267559096674
0.65,0.25,0.05,0.45,0.25,-0.1,0.15,1.3,2,100,0.9856893644220529,1.0,0.3904761904761905,1.1430517413539083,1.0985915492957745,0.8952380952380953,0.9874880780711199,1.158068829696167,0.9917174995169538,1.056482743637788,1.007575410486194,1.0807103141518584,0.9966323874541234
0.65,0.25,0.05,0.45,0.25,-0.1,0.25,1.0,2,100,1.005817280812438,1.0,0.4857142857142857,1.157894969483102,1.105263157894737,0.9142857142857143,1.0017969160594429,1.1686472200269504,1.0033184188821114,1.067105853701692,1.0163252983366793,1.0869512580009693,1.0110712895745586
0.65,0.25,0.05,0.45,0.25,-0.1,0.25,1.3,2,100,0.9885792057201569,1.0,0.44761904761904764,1.1469618776310655,1.0999999999999999,0.8952380952380953,0.9905093096436193,1.1628088062465263,0.9949767741005051,1.0580758176379295,1.0098778582653543,1.083133946857181,0.9992285319927556
0.4,0.25,0.25,0.05,0.45,-0.2,0.15,1.0,2,100,1.0117026407974576,1.005464480874317,0.5142857142857142,1.2615840229925366,1.1740890688259111,0.9809523809523809,1.0145376610734809,1.2365187622076759,1.0133270912911017,1.11155308202146,1.0115721837595544,1.1387822317011724,1.011637412278506
0.4,0.25,0.25,0.05,0.45,-0.2,0.15,1.3,2,100,1.0105941092998025,1.0,0.4666666666666667,1.261868941356757,1.1794871794871793,0.9714285714285714,1.0134488570397504,1.2348230921207761,1.012255077092872,1.1105483752162189,1.010800563968986,1.1386493106213775,1.0106973366343943
0.4,0.25,0.25,0.05,0.45,-0.2,0.25,1.0,2,100,1.021700749493555,1.015873015873016,0.5619047619047619,1.2628081780090272,1.2,0.9809523809523809,1.0202913876234476,1.241137534062606,1.0311245526551285,1.1302438614614725,1.0147954749852652,1.1392317769846776,1.01824811223941
0.4,0.25,0.25,0.05,0.45,-0.2,0.25,1.3,2,100,1.014995376412049,1.0077519379844961,0.5238095238095238,1.2629722632366238,1.1902834008097165,0.9809523809523809,1.0157992548825898,1.2373211820441057,1.0163366895490504,1.1132219766324327,1.011942457264578,1.1411549409011703,1.0134689168383135
0.4,0.25,0.25,0.05,0.45,-0.1,0.15,1.0,2,100,1.0106923959631866,1.0077519379844964,0.5142857142857142,1.2649529613155497,1.174825174825175,0.9714285714285714,1.014709849932276,1.238790701699492,1.0112781393339993,1.1074634009048474,1.00889070756671,1.136374284712553,1.0097915517649483
0.4,0.25,0.25,0.05,0.45,-0.1,0.15,1.3,2,100,1.0106906580054738,1.0087209302325582,0.5333333333333333,1.2647365169332474,1.174825174825175,0.9714285714285714,1.015151403602373,1.2381326844633214,1.0086852783118705,1.1065061268381058,1.0089011137491155,1.1371321278296722,1.0097958858772946
0.4,0.25,0.25,0.05,0.45,-0.1,0.25,1.0,2,100,1.0108061688487548,1.004878048780488,0.5047619047619047,1.2636884032226703,1.175,0.9714285714285714,1.0146313755726788,1.2385268351222538,1.0111269667780034,1.1096494987215328,1.0074004120661166,1.135344970673796,1.0091032904574357
0.4,0.25,0.25,0.05,0.45,-0.1,0.25,1.3,2,100,1.0106640929611128,1.0077519379844961,0.5142857142857142,1.2639478935414927,1.1818181818181817,0.9714285714285714,1.0149768766959537,1.2379488720817011,1.0105949807073225,1.1105421323078244,1.0081879499209714,1.1360953342117204,1.0094260214410422
0.55,0.25,0.25,0.05,0.45,-0.2,0.15,1.0,2,100,1.0657732147702372,1.0588235294117647,0.7619047619047619,1.2726115937567188,1.205992509363296,0.9809523809523809,1.0627481163902035,1.2694691012559451,1.0646860698003036,1.1439847586188292,1.049865564640952,1.1560970393381582,1.0578193897055947
0.55,0.25,0.25,0.05,0.45,-0.2,0.15,1.3,2,100,1.0490543117667661,1.0454545454545456,0.7428571428571429,1.2689717961054505,1.2112676056338028,0.9904761904761905,1.0462162500760257,1.257907415936171,1.0564104816246358,1.1472093626345443,1.035307724348691,1.1478424061356747,1.0421810180577284
0.55,0.25,0.25,0.05,0.45,-0.2,0.25,1.0,2,100,1.1027704290491913,1.0789473684210529,0.8857142857142857,1.2778305628711755,1.1944444444444444,0.9809523809523809,1.1074187714027124,1.2882676037374459,1.067502540343207,1.1373512282467426,1.0646647531933553,1.1581728312621187,1.0837175911212733
0.55,0.25,0.25,0.05,0.45,-0.2,0.25,1.3,2,100,1.0904906287079912,1.0714285714285714,0.8285714285714286,1.2917153759579754,1.2253521126760563,0.9904761904761905,1.0882780260331142,1.2903263491606092,1.065567424586264,1.1408696988138738,1.059323123795837,1.161859475097968,1.074906876251914
0.55,0.25,0.25,0.05,0.45,-0.1,0.15,1.0,2,100,1.0305088541034502,1.0357142857142856,0.7142857142857143,1.2615296181919835,1.1920529801324504,0.9904761904761905,1.027677697991242,1.2408524314113236,1.042932307412055,1.134261297437905,1.029992765776298,1.1454455161760386,1.030250809939874
0.55,0.25,0.25,0.05,0.45,-0.1,0.15,1.3,2,100,1.0257779050543174,1.0301204819277108,0.6952380952380952,1.2626558036084592,1.1944444444444444,0.9809523809523809,1.0263691175646208,1.2415305926843687,1.0319557401386872,1.1272420654558213,1.0258478049271744,1.1434948609485371,1.025812854990746
0.55,0.25,0.25,0.05,0.45,-0.1,0.25,1.0,2,100,1.0783396877133364,1.0704225352112675,0.8761904761904762,1.2842543921512823,1.218181818181818,0.9904761904761905,1.0835255630615164,1.280973686236359,1.0596636528346584,1.144054957657014,1.0555913761647624,1.1613418096908066,1.0669655319390494
0.55,0.25,0.25,0.05,0.45,-0.1,0.25,1.3,2,100,1.0567175587881497,1.0642201834862386,0.819047619047619,1.2742943528410424,1.2142857142857144,0.9904761904761905,1.0551302808739718,1.2609045263061047,1.061066804438026,1.1487911668479422,1.050446956371227,1.1553903379990171,1.0535822575796883
0.65,0.25,0.25,0.05,0.45,-0.2,0.15,1.0,2,100,1.0903047443224179,1.0769230769230769,0.8571428571428571,1.2242922424267997,1.1578947368421053,0.9619047619047619,1.103168058376497,1.2430737806672572,1.0621440813162362,1.1164716550550808,1.0469145072281223,1.1185446581544285,1.0686096257752702
0.65,0.25,0.25,0.05,0.45,-0.2,0.15,1.3,2,100,1.0975747512527352,1.0833333333333335,0.8761904761904762,1.2607788843563255,1.1818181818181819,0.9809523809523809,1.1044081305946214,1.2716516389680579,1.071397751112341,1.1358487045515824,1.048341087767902,1.1333020188829297,1.0729579195103187
0.65,0.25,0.25,0.05,0.45,-0.2,0.25,1.0,2,100,1.071319472018632,1.0619469026548674,0.8,1.1736925865535572,1.1267605633802815,0.9714285714285714,1.0805845228302906,1.191315939141478,1.048612353044449,1.0850809800763541,1.0359969684380144,1.0951587658107405,1.0536582202283231
0.65,0.25,0.25,0.05,0.45,-0.2,0.25,1.3,2,100,1.0948921947642831,1.0810810810810811,0.8666666666666667,1.2234547509168558,1.1636363636363636,0.9809523809523809,1.1083199528001915,1.243736169140969,1.0619972453249011,1.1127197245655711,1.0463090792461391,1.1141517955284324,1.070600637005211
0.65,0.25,0.25,0.05,0.45,-0.1,0.15,1.0,2,100,1.0752659146674148,1.0714285714285716,0.8095238095238095,1.2483754604408333,1.1785714285714286,0.9714285714285714,1.0837732276363266,1.2577397469782585,1.0666248795575244,1.1404815862101159,1.0422942823726469,1.1312495107079623,1.0587800985200309
0.65,0.25,0.25,0.05,0.45,-0.1,0.15,1.3,2,100,1.0748554637096233,1.0769230769230769,0.8095238095238095,1.257033969186585,1.1920529801324504,0.9714285714285714,1.0823754846275528,1.2583833907683073,1.0640541041371125,1.141561535060548,1.0413926637226736,1.135678812833832,1.0581240637161484
0.65,0.25,0.25,0.05,0.45,-0.1,0.25,1.0,2,100,1.0878706322213676,1.0769230769230769,0.8666666666666667,1.2211753921536335,1.1470588235294117,0.9619047619047619,1.1006443913847226,1.237602931667475,1.0688545994135856,1.1268167812640828,1.0412230347390214,1.109797880225179,1.0645468334801946
0.65,0.25,0.25,0.05,0.45,-0.1,0.25,1.3,2,100,1.0979088299702033,1.0852713178294573,0.8666666666666667,1.2494320381056752,1.1724137931034484,0.9904761904761905,1.1116442869021423,1.2657039317082923,1.0691794833277328,1.1310254211490562,1.0518444532652835,1.1264706030941452,1.0748766416177435
0.4,0.25,0.25,0.25,0.25,-0.2,0.15,1.0,2,100,1.017892423044587,1.02020202020202,0.5714285714285714,1.2157630237802892,1.153846153846154,0.9523809523809523,1.0167278729016351,1.216490721676456,1.024794972682137,1.1004971245732877,1.0247444532571481,1.127548403733312,1.0213184381508675
0.4,0.25,0.25,0.25,0.25,-0.2,0.15,1.3,2,100,1.025121757971637,1.0240963855421688,0.6,1.2328243558174634,1.1727272727272726,0.9523809523809523,1.0248472613157371,1.2286665230552365,1.0299522455737975,1.113499229880896,1.027815078284109,1.1287651554468112,1.026468418127873
0.4,0.25,0.25,0.25,0.25,-0.2,0.25,1.0,2,100,1.0141811807785843,1.0155038759689923,0.5333333333333333,1.1977459889213498,1.1235955056179774,0.9428571428571428,1.0130790145632542,1.202023727591685,1.019220039901928,1.0920484450363723,1.0201242305916163,1.11539169468167,1.0171527056851004
0.4,0.25,0.25,0.25,0.25,-0.2,0.25,1.3,2,100,1.024406061929086,1.0232558139534882,0.580952380952381,1.2210148392195161,1.1666666666666665,0.9523809523809523,1.0234849927699672,1.2224351838953338,1.0250365678812632,1.1005926120296383,1.0256036162050308,1.1246186069680597,1.0250048390670585
0.4,0.25,0.25,0.25,0.25,-0.1,0.15,1.0,2,100,1.0191879299998916,1.020979020979021,0.580952380952381,1.2365534868000465,1.1690140845070423,0.9523809523809523,1.0172254862633152,1.2239361640245434,1.0248524094372777,1.112116251600869,1.0192998193042433,1.1269101578589331,1.0192438746520676
0.4,0.25,0.25,0.25,0.25,-0.1,0.15,1.3,2,100,1.021498983776934,1.023809523809524,0.6,1.2436813212877764,1.175,0.9523809523809523,1.01763364457796,1.2274064116310412,1.024010887491629,1.113144648144431,1.0203286373051865,1.1276071861143904,1.0209138105410602
0.4,0.25,0.25,0.25,0.25,-0.1,0.25,1.0,2,100,1.0185232165327869,1.023809523809524,0.5714285714285714,1.2189170577631172,1.1551724137931036,0.9523809523809523,1.0171284931418902,1.2161638443629281,1.0185118671665496,1.099476854246805,1.0253455126387985,1.1268595516029472,1.0219343645857926
0.4,0.25,0.25,0.25,0.25,-0.1,0.25,1.3,2,100,1.0234958413478752,1.0240963855421688,0.6,1.229583949276786,1.1666666666666665,0.9428571428571428,1.0217753615682343,1.2234945257579988,1.0235870509618161,1.1076970675789934,1.0254717662786956,1.1273878241454733,1.0244838038132853
0.55,0.25,0.25,0.25,0.25,-0.2,0.15,1.0,2,100,1.0137126032501682,1.0238095238095237,0.580952380952381,1.1556499484890057,1.1111111111111112,0.9142857142857143,1.0119681560658116,1.1650025806391855,1.0125238930651577,1.0669417629265592,1.0210874294731032,1.0933617077147226,1.0174000163616357
0.55,0.25,0.25,0.25,0.25,-0.2,0.15,1.3,2,100,1.0103807717538367,1.0235294117647058,0.5523809523809524,1.1723532078732737,1.1261261261261262,0.9238095238095239,1.0124994218941594,1.1839374956514723,1.0137107045207685,1.0759589976616597,1.0162312966915987,1.096225422704397,1.0133060342227176
0.55,0.25,0.25,0.25,0.25,-0.2,0.25,1.0,2,100,1.032720152272882,1.0263157894736843,0.6190476190476191,1.1501084738042933,1.1176470588235294,0.9047619047619048,1.0343700415709725,1.1652313602882638,1.0110030386354736,1.0563021832454746,1.0284808188413932,1.086791167422774,1.0306004855571376
0.55,0.25,0.25,0.25,0.25,-0.2,0.25,1.3,2,100,1.0299311334788692,1.028169014084507,0.6190476190476191,1.1659153143269911,1.1282051282051282,0.9333333333333333,1.0309740800925158,1.180079885066677,1.0159405783872624,1.0682147072733679,1.0272417107581902,1.093855545922612,1.0285864221185297
0.55,0.25,0.25,0.25,0.25,-0.1,0.15,1.0,2,100,1.0000357105636941,1.0040816326530613,0.5047619047619047,1.170540868692271,1.125,0.9333333333333333,1.0033700463118738,1.1822758704485523,1.0110997891539648,1.0764951336866284,1.0126551237060655,1.0930638699069202,1.0063454171348798
0.55,0.25,0.25,0.25,0.25,-0.1,0.15,1.3,2,100,1.0012421393508244,1.006122448979592,0.5047619047619047,1.175502152178156,1.1176470588235294,0.9333333333333333,1.0045783045456798,1.1872447474133112,1.0111007837949146,1.080973369569344,1.0116593246091112,1.0954856021823731,1.0064507319799678
0.55,0.25,0.25,0.25,0.25,-0.1,0.25,1.0,2,100,1.0237511284953826,1.027777777777778,0.6095238095238096,1.16883128106984,1.125,0.9238095238095239,1.027176115270929,1.179219220785645,1.0101819910571248,1.0704284103906399,1.0237914317599577,1.0936838423435584,1.0237712801276702
0.55,0.25,0.25,0.25,0.25,-0.1,0.25,1.3,2,100,1.0154676705351309,1.0223214285714286,0.5619047619047619,1.1731565278785927,1.129032258064516,0.9428571428571428,1.0164598982868287,1.183988425158327,1.0126738064910394,1.0753450522011778,1.018435580429342,1.0904586548878585,1.0169516254822364
0.65,0.25,0.25,0.25,0.25,-0.2,0.15,1.0,2,100,1.0406095172864844,1.036697247706422,0.6666666666666666,1.1310576425988055,1.0882352941176472,0.9238095238095239,1.0485744239186767,1.146753742022143,1.018423216538532,1.0563835052738353,1.02730728903634,1.0778384866726325,1.0339584031614122
0.65,0.25,0.25,0.25,0.25,-0.2,0.15,1.3,2,100,1.0399731564264574,1.0303030303030303,0.6952380952380952,1.1512067561646542,1.1111111111111112,0.9238095238095239,1.0473079827075582,1.1682455909182698,1.019422446334891,1.0658384400758985,1.0272525055038502,1.0878923099531816,1.0336128309651538
0.65,0.25,0.25,0.25,0.25,-0.2,0.25,1.0,2,100,1.0323415376072087,1.0256410256410255,0.6476190476190476,1.1051347419371875,1.0833333333333333,0.9333333333333333,1.0374072212973076,1.1207638284019497,1.0154719625968465,1.045011647178764,1.021101869806358,1.0600470233093693,1.0267217037067833
0.65,0.25,0.25,0.25,0.25,-0.2,0.25,1.3,2,100,1.0459818066424236,1.0411764705882354,0.7238095238095238,1.1351864681706632,1.105263157894737,0.9428571428571428,1.0558837728220176,1.1554872280613042,1.0202414292215092,1.0549780351431741,1.0289316783662634,1.0759895725946178,1.0374567425043435
0.65,0.25,0.25,0.25,0.25,-0.1,0.15,1.0,2,100,1.0283765627189454,1.0357142857142856,0.6476190476190476,1.1513011726587465,1.1176470588235294,0.9333333333333333,1.036177530065244,1.1654412478359726,1.0142520609638852,1.0676675712869224,1.026110125557645,1.0844940432376633,1.027243344138295
0.65,0.25,0.25,0.25,0.25,-0.1,0.15,1.3,2,100,1.0267686762348007,1.0384615384615385,0.6666666666666666,1.1604683112822678,1.125,0.9238095238095239,1.034350973304995,1.1738123967014695,1.014825044303984,1.0729426989312822,1.0217755237975288,1.085488471730003,1.0242721000161648
0.65,0.25,0.25,0.25,0.25,-0.1,0.25,1.0,2,100,1.0446967388070474,1.0384615384615385,0.7047619047619048,1.1462025860959901,1.111111111111111,0.9428571428571428,1.052484736553343,1.16182880230623,1.0184784479845879,1.060180642076723,1.027340545701253,1.0818543961727234,1.0360186422541502
0.65,0.25,0.25,0.25,0.25,-0.1,0.25,1.3,2,100,1.0495877296529774,1.0384615384615385,0.7428571428571429,1.1582925141718676,1.1181818181818182,0.9333333333333333,1.059390939072417,1.1747987200032342,1.0166272951644482,1.0658162863682434,1.0361100440395927,1.090242452347519,1.042848886846285
0.4,0.25,0.45,0.05,0.25,-0.2,0.15,1.0,2,100,1.0277107209274043,1.0357142857142856,0.6476190476190476,1.249768128287997,1.175,0.9809523809523809,1.0263888870151692,1.2351274491421924,1.0411447919430352,1.126480387325894,1.0318517099872178,1.142849534048524,1.029781215457311
0.4,0.25,0.45,0.05,0.25,-0.2,0.15,1.3,2,100,1.019911201799894,1.0250000000000001,0.6095238095238096,1.252045992424833,1.1721854304635764,0.9809523809523809,1.0208834173026509,1.2344554010962123,1.0315896426927378,1.1222404217540918,1.0217602834874773,1.1403513454003624,1.0208357426436856
0.4,0.25,0.45,0.05,0.25,-0.2,0.25,1.0,2,100,1.0764322323477293,1.0714285714285714,0.8,1.2569012593178237,1.1830985915492955,0.9809523809523809,1.081171687301315,1.2628475310864908,1.0554111664042793,1.1269894606456488,1.048594723235474,1.1404916045784501,1.0625134777916017
0.4,0.25,0.45,0.05,0.25,-0.2,0.25,1.3,2,100,1.06024614739054,1.055944055944056,0.7428571428571429,1.2673544752615928,1.2222222222222223,0.9904761904761905,1.0606317414732833,1.2619936967840852,1.0565011309823618,1.1330267080810954,1.0439799778809,1.1448905710023551,1.05211306263572
0.4,0.25,0.45,0.05,0.25,-0.1,0.15,1.0,2,100,1.0151766675304992,1.0198019801980198,0.6190476190476191,1.2512520853253029,1.1666666666666665,0.9809523809523809,1.017953911592605,1.2299521841286554,1.0219608417701629,1.112494859311988,1.0178419681156685,1.1371243364604768,1.016509317823084
0.4,0.25,0.45,0.05,0.25,-0.1,0.15,1.3,2,100,1.0138511131204253,1.015873015873016,0.580952380952381,1.2514698260298203,1.1666666666666667,0.9714285714285714,1.0169550738489528,1.2293630661189163,1.0169092188321078,1.109858362459873,1.0210928124810732,1.1389580100287477,1.0174719628007494
0.4,0.25,0.45,0.05,0.25,-0.1,0.25,1.0,2,100,1.0450828294568077,1.0526315789473686,0.7333333333333333,1.2563433463699123,1.1935483870967742,0.9904761904761905,1.0462710011493388,1.2449930872951396,1.0492382221857346,1.132731391272483,1.0349324477640434,1.139418424005296,1.0400076386104256
0.4,0.25,0.45,0.05,0.25,-0.1,0.25,1.3,2,100,1.0362902714989277,1.0454545454545454,0.6952380952380952,1.258410066220067,1.2,0.9904761904761905,1.0344238363666374,1.2417598195389585,1.046388799509102,1.1341964063301924,1.036951151782951,1.144597926517676,1.0366207116409394
0.55,0.25,0.45,0.05,0.25,-0.2,0.15,1.0,2,100,1.0519140033857073,1.0454545454545456,0.6857142857142857,1.2095121426835218,1.1428571428571428,0.9428571428571428,1.0619081777474986,1.2214172263934122,1.0593249491238956,1.1277325277729153,1.0265565632239182,1.0978308947458573,1.0392352833048126
0.55,0.25,0.45,0.05,0.25,-0.2,0.15,1.3,2,100,1.0550439358674306,1.0512820512820513,0.6857142857142857,1.2312619201286374,1.1551724137931036,0.9523809523809523,1.064267886425856,1.236238611443848,1.0556846148552843,1.1288764727871088,1.0264284474767997,1.1110714908321588,1.0407361916721152
0.55,0.25,0.45,0.05,0.25,-0.2,0.25,1.0,2,100,1.0506746906316395,1.0390243902439025,0.7428571428571429,1.1443480845525202,1.1025641025641024,0.9333333333333333,1.0617874426522276,1.161196682344428,1.053700073057234,1.0941084447974698,1.0258862010438259,1.0720441528635787,1.0382804458377328
0.55,0.25,0.45,0.05,0.25,-0.2,0.25,1.3,2,100,1.06780932844636,1.0512820512820513,0.7904761904761904,1.1785696058371096,1.1282051282051282,0.9428571428571428,1.0809656150265883,1.1972870302115692,1.0582712543278354,1.1099093422353268,1.0347153269801836,1.0869121952109801,1.0512623277132718
0.55,0.25,0.45,0.05,0.25,-0.1,0.15,1.0,2,100,1.0344131524459002,1.0416666666666667,0.638095238095238,1.2206325971641696,1.1621621621621623,0.9428571428571428,1.042613577512818,1.2203369895139675,1.042059741692525,1.122096395823607,1.0166601272174174,1.1060031862956317,1.0255366398316588
0.55,0.25,0.45,0.05,0.25,-0.1,0.15,1.3,2,100,1.0368374004000493,1.0476190476190477,0.6571428571428571,1.231157031319693,1.1724137931034484,0.9523809523809523,1.0419525521826856,1.2248503240645547,1.0457475790833513,1.1269884982159277,1.0200227206660215,1.1115293145193057,1.0284300605330354
0.55,0.25,0.45,0.05,0.25,-0.1,0.25,1.0,2,100,1.0537121639575264,1.0465116279069766,0.7619047619047619,1.1805840680990651,1.1176470588235294,0.9333333333333333,1.0656040862473413,1.1933652254826388,1.0507183178597246,1.1057477651024654,1.0204639919677525,1.0786813149910432,1.0370880779626395
0.55,0.25,0.45,0.05,0.25,-0.1,0.25,1.3,2,100,1.0575030081812018,1.05,0.7523809523809524,1.1927685573277744,1.1282051282051282,0.9428571428571428,1.0668859203717045,1.2031729592312195,1.0530049574112215,1.1147237712192894,1.0249050846237608,1.0875661010066782,1.0412040464024814
0.65,0.25,0.45,0.05,0.25,-0.2,0.15,1.0,2,100,1.0600093087213907,1.0454545454545454,0.7333333333333333,1.1592693926816497,1.115942028985507,0.8952380952380953,1.0711444226645142,1.1764369155218688,1.0520625506133017,1.094908430685427,1.019795087451109,1.066707962029308,1.0399021980862497
0.65,0.25,0.45,0.05,0.25,-0.2,0.15,1.3,2,100,1.0624804733873348,1.05,0.7238095238095238,1.1805740015202721,1.125,0.9333333333333333,1.0722904480985267,1.1951933934482983,1.0624065078281961,1.112835046797884,1.016960701579789,1.078094731141319,1.0397205874835618
0.65,0.25,0.45,0.05,0.25,-0.2,0.25,1.0,2,100,1.0246295300069164,1.0135135135135136,0.5619047619047619,1.0702390266204698,1.0333333333333334,0.7333333333333333,1.0289115236962452,1.0790179350116382,1.0304919419428045,1.053497621054152,1.0027734580042762,1.0218898476989609,1.0137014940055962
0.65,0.25,0.45,0.05,0.25,-0.2,0.25,1.3,2,100,1.0362163534286255,1.018348623853211,0.6,1.0974906100029023,1.0588235294117647,0.819047619047619,1.043514053098645,1.1117114793734795,1.0429700649353584,1.071959606028055,1.0143343148275905,1.0419684540754164,1.025275334128108
0.65,0.25,0.45,0.05,0.25,-0.1,0.15,1.0,2,100,1.0457618683410692,1.0310077519379843,0.6285714285714286,1.1845553335819163,1.1388888888888888,0.9047619047619048,1.057062242466933,1.1948403761303081,1.0560891809879784,1.1178685046619028,1.0143316392768422,1.0754319760392275,1.0300467538089557
0.65,0.25,0.45,0.05,0.25,-0.1,0.15,1.3,2,100,1.0495027705027675,1.0461538461538462,0.6666666666666666,1.1951167742390252,1.1428571428571428,0.9047619047619048,1.0613701258243289,1.203231568503538,1.055548490055139,1.119823687603743,1.0163374015967424,1.0835000458136732,1.032920086049755
0.65,0.25,0.45,0.05,0.25,-0.1,0.25,1.0,2,100,1.0312210241284339,1.0142857142857145,0.5714285714285714,1.103997636018331,1.0571428571428572,0.8095238095238095,1.0375688518179293,1.1116123704871157,1.0410486326566544,1.0797320036414704,1.0042338007586133,1.033688794101293,1.0177274124435236
0.65,0.25,0.45,0.05,0.25,-0.1,0.25,1.3,2,100,1.0361343217055545,1.018348623853211,0.5904761904761905,1.1167434175381608,1.0833333333333333,0.8285714285714286,1.043231845044666,1.126785224123874,1.0480663259724248,1.0879737841932615,1.0090077784901246,1.0465581215685331,1.0225710500978396
0.4,0.45,0.05,0.05,0.45,-0.2,0.15,1.0,2,100,1.0431540615642398,1.0301204819277108,0.6476190476190476,1.2808250617786405,1.2258064516129032,0.9809523809523809,1.0429316278761318,1.2674845427740655,1.0561118366782398,1.1555632145334531,1.0287461229069157,1.1510858056600681,1.0359500922355778
0.4,0.45,0.05,0.05,0.45,-0.2,0.15,1.3,2,100,1.0289122631922782,1.0157068062827226,0.580952380952381,1.2743800420526368,1.2000000000000002,0.9809523809523809,1.0286079219099473,1.2499123701858328,1.0383140511022972,1.1371572596144037,1.0174618122828056,1.1423634659664605,1.023187037737542
0.4,0.45,0.05,0.05,0.45,-0.2,0.25,1.0,2,100,1.046307000263951,1.0301204819277108,0.6761904761904762,1.2811733507439604,1.2142857142857144,0.9809523809523809,1.0452213019923478,1.2687663058908387,1.0601410654489636,1.1573642268910405,1.029868164075606,1.151784420036264,1.0380875821697786
0.4,0.45,0.05,0.05,0.45,-0.2,0.25,1.3,2,100,1.029288129431415,1.0157068062827226,0.5619047619047619,1.2742823714336518,1.2023809523809523,0.9809523809523809,1.0288689093274443,1.251273238104824,1.042464943944724,1.1406077034698119,1.0177927958345823,1.1424719498867502,1.0235404626329987
0.4,0.45,0.05,0.05,0.45,-0.1,0.15,1.0,2,100,1.0132867881283383,1.005464480874317,0.5047619047619047,1.262385776495501,1.1818181818181819,0.9809523809523809,1.0143513558990307,1.237562226523748,1.0196708112594963,1.1167158059829676,1.0081299492705804,1.133251955876019,1.0107083686994593
0.4,0.45,0.05,0.05,0.45,-0.1,0.15,1.3,2,100,1.012130769800246,1.005464480874317,0.5047619047619047,1.2636442862385737,1.1818181818181819,0.9714285714285714,1.0137587037023479,1.23515466231618,1.015291734520331,1.1122882343335125,1.0088540653933475,1.1373680765999585,1.0104924175967969
0.4,0.45,0.05,0.05,0.45,-0.1,0.25,1.0,2,100,1.015916414090781,1.005464480874317,0.5047619047619047,1.2611998152633734,1.1818181818181819,0.9809523809523809,1.016572824642805,1.2394806123702866,1.024436860435132,1.1215980875201939,1.0102121345028303,1.135308450288012,1.0130642742968057
0.4,0.45,0.05,0.05,0.45,-0.1,0.25,1.3,2,100,1.0142167320087985,1.005464480874317,0.5047619047619047,1.2646712918250564,1.1870600067046595,0.9714285714285714,1.014928145406341,1.2357668852827532,1.0172082762521681,1.1147760479612585,1.010268099304261,1.1381349254424067,1.0122424156565297
0.55,0.45,0.05,0.05,0.45,-0.2,0.15,1.0,2,100,1.1311985995332199,1.1153846153846154,0.9428571428571428,1.3188685190627754,1.2352941176470589,0.9904761904761905,1.1364398497019754,1.3242675570652342,1.0767050376512606,1.1512493228956466,1.0750585028914668,1.167870630078339,1.1031285512123432
0.55,0.45,0.05,0.05,0.45,-0.2,0.15,1.3,2,100,1.1204031776958174,1.1136363636363635,0.9428571428571428,1.3145359565548866,1.25,0.9904761904761905,1.1234138763426138,1.3110666567807008,1.0828621140009471,1.1623086783225354,1.0767242529615935,1.1754362609391833,1.0985637153287056
0.55,0.45,0.05,0.05,0.45,-0.2,0.25,1.0,2,100,1.1311455441771185,1.1153846153846154,0.9428571428571428,1.318924956574819,1.2333333333333334,0.9904761904761905,1.136936691227687,1.3271053272348263,1.075317469571137,1.148898458609485,1.0730558042813891,1.1665312177563145,1.1021006742292538
0.55,0.45,0.05,0.05,0.45,-0.2,0.25,1.3,2,100,1.1214246879601117,1.1199999999999999,0.9428571428571428,1.3130676497024336,1.25,0.9904761904761905,1.124509846656125,1.310267855260512,1.0818947629321887,1.1589579456784131,1.076409613274369,1.1717942004429056,1.0989171506172404
0.55,0.45,0.05,0.05,0.45,-0.1,0.15,1.0,2,100,1.1218849420196428,1.1111111111111112,0.9428571428571428,1.3175476895713767,1.25,0.9809523809523809,1.1274586841161371,1.3138725771275543,1.0907156385585584,1.1721290165812512,1.0779648171103242,1.1787486038783874,1.0999248795649836
0.55,0.45,0.05,0.05,0.45,-0.1,0.15,1.3,2,100,1.1192441382960319,1.1111111111111112,0.9333333333333333,1.3168634024982384,1.25,0.9904761904761905,1.1233850769090528,1.3097181567414433,1.0873781973783976,1.1726081401898922,1.0773891153430175,1.176618849160563,1.0983166268195248
0.55,0.45,0.05,0.05,0.45,-0.1,0.25,1.0,2,100,1.1262254358568278,1.1136363636363635,0.9428571428571428,1.3189504660278955,1.25,0.9809523809523809,1.1324535273606302,1.3173457602840726,1.0972876532228466,1.1750807602408204,1.0813432539085017,1.1781327852298116,1.1037843448826647
0.55,0.45,0.05,0.05,0.45,-0.1,0.25,1.3,2,100,1.1222426856262073,1.1153846153846154,0.9523809523809523,1.3184587496585813,1.25,0.9904761904761905,1.1271662830710762,1.3118557355628881,1.0902831953583214,1.1738752918970043,1.0770077549571484,1.175807172154518,1.0996252202916779
0.65,0.45,0.05,0.05,0.45,-0.2,0.15,1.0,2,100,1.1079444804889438,1.0833333333333335,0.9047619047619048,1.2510894191539466,1.175,0.9904761904761905,1.1151586883206488,1.2628078501316011,1.0495475080863417,1.0991505010280105,1.062891960794774,1.1385163083263616,1.0854182206418588
0.65,0.45,0.05,0.05,0.45,-0.2,0.15,1.3,2,100,1.1183926132835855,1.0940594059405941,0.9428571428571428,1.282500125250807,1.2,0.9809523809523809,1.1293359848183389,1.296362581484097,1.0625245354329336,1.1202918195403504,1.0671879618530475,1.1512741172666385,1.0927902875683166
0.65,0.45,0.05,0.05,0.45,-0.2,0.25,1.0,2,100,1.1043332482191417,1.0833333333333333,0.9047619047619048,1.2424409337841842,1.1724137931034484,0.9904761904761905,1.1117746003351263,1.255536983119832,1.0457260244107165,1.0936499246207374,1.0634860514941262,1.135697501645198,1.083909649856634
0.65,0.45,0.05,0.05,0.45,-0.2,0.25,1.3,2,100,1.1167489866452036,1.0961538461538463,0.9428571428571428,1.2749909662413896,1.2,0.9809523809523809,1.1277206657428296,1.2885821500756078,1.0614616495931164,1.1176969193103128,1.0673010007500134,1.1475813810832343,1.0920249936976085
0.65,0.45,0.05,0.05,0.45,-0.1,0.15,1.0,2,100,1.1233053967844644,1.1025641025641026,0.9333333333333333,1.2927892624710273,1.2000000000000002,0.9904761904761905,1.134780196140366,1.308920685768226,1.07390742010015,1.13668980013719,1.070723888875905,1.1573937535741268,1.0970146428301848
0.65,0.45,0.05,0.05,0.45,-0.1,0.15,1.3,2,100,1.1275200982085765,1.107142857142857,0.9428571428571428,1.3030052818837108,1.2146596858638743,0.9904761904761905,1.1388711007194232,1.3143699643205726,1.0775399058101234,1.1454920237412662,1.0689959759837424,1.1577817421738918,1.0982580370961594
0.65,0.45,0.05,0.05,0.45,-0.1,0.25,1.0,2,100,1.120867104896103,1.0930232558139534,0.9238095238095239,1.2862846559092929,1.2,0.9904761904761905,1.1321396961904,1.3014832104310339,1.0663468085616246,1.1277595076501663,1.0714665834058887,1.1572423826843214,1.096166844150996
0.65,0.45,0.05,0.05,0.45,-0.1,0.25,1.3,2,100,1.1283118136976593,1.1111111111111112,0.9428571428571428,1.3037173361138223,1.2105263157894737,0.9904761904761905,1.139661479650892,1.3180351919881095,1.076297138372075,1.1399919114723531,1.0697971450026986,1.1556073648470162,1.0990544793501789
0.4,0.45,0.05,0.25,0.25,-0.2,0.15,1.0,2,100,1.0630095640258745,1.0476190476190477,0.7333333333333333,1.2573179559012209,1.1935483870967742,0.9809523809523809,1.056341273027067,1.2589700962530561,1.0415905552311275,1.1142530784568043,1.0482481732098043,1.1439975685670005,1.0556288686178394
0.4,0.45,0.05,0.25,0.25,-0.2,0.15,1.3,2,100,1.049331268150319,1.0476190476190477,0.7238095238095238,1.2576544416963562,1.1971830985915493,0.9714285714285714,1.0481758608433434,1.2556605512012942,1.0451051764611676,1.121623324723123,1.0368645904848648,1.1424928362772733,1.043097929317592
0.4,0.45,0.05,0.25,0.25,-0.2,0.25,1.0,2,100,1.0623342208965902,1.0481927710843373,0.7333333333333333,1.2542842819383777,1.1935483870967742,0.9809523809523809,1.0564145333396673,1.2570001243339253,1.0433104171392844,1.1138670307710563,1.0486885588055816,1.1450705481270442,1.055511389851086
0.4,0.45,0.05,0.25,0.25,-0.2,0.25,1.3,2,100,1.0507768870203213,1.0454545454545456,0.7238095238095238,1.2586837446331596,1.1971830985915493,0.9714285714285714,1.0495091040749143,1.2568808734894223,1.046226164631004,1.12331499954253,1.0374129066862647,1.1403673286044231,1.044094896853293
0.4,0.45,0.05,0.25,0.25,-0.1,0.15,1.0,2,100,1.02990534502568,1.0301204819277108,0.638095238095238,1.2417603191525612,1.1896551724137931,0.9714285714285714,1.0255857872901173,1.231905495347834,1.0288549853637388,1.1139780589868595,1.033411521625601,1.1424117058855334,1.0316584333256404
0.4,0.45,0.05,0.25,0.25,-0.1,0.15,1.3,2,100,1.0315368873028101,1.0327868852459015,0.638095238095238,1.246287902413474,1.2,0.9714285714285714,1.025518098946005,1.2319067309802567,1.0325270332402616,1.1186444755982965,1.0351682638622752,1.1437935389059928,1.0333525755825428
0.4,0.45,0.05,0.25,0.25,-0.1,0.25,1.0,2,100,1.0285573050601033,1.027027027027027,0.6190476190476191,1.2398609542351473,1.1734104046242775,0.9714285714285714,1.025018393625754,1.2319558265077701,1.027037087137613,1.1104532850622262,1.033378111713569,1.141896850972342,1.0309677083868363
0.4,0.45,0.05,0.25,0.25,-0.1,0.25,1.3,2,100,1.0304429352432414,1.034965034965035,0.638095238095238,1.2451030361119722,1.1971830985915493,0.9714285714285714,1.0246260001292993,1.2322584268014642,1.0316890935595813,1.1176035481760542,1.0345123049827523,1.1425766176327707,1.0324776201129968
0.55,0.45,0.05,0.25,0.25,-0.2,0.15,1.0,2,100,1.0719779757392423,1.0697674418604652,0.8,1.2046411035009756,1.1578947368421053,0.9619047619047619,1.07863713598086,1.2210134789280946,1.0318560457826693,1.081386208158423,1.04334932033257,1.1133595977885176,1.057663648035906
0.55,0.45,0.05,0.25,0.25,-0.2,0.15,1.3,2,100,1.0793473955127966,1.0769230769230769,0.8476190476190476,1.2252021022932806,1.1612903225806452,0.9619047619047619,1.0876163057688,1.2400180656992643,1.0339993522401028,1.0895643255274834,1.0454367307976509,1.1246075834309641,1.0623920631552237
0.55,0.45,0.05,0.25,0.25,-0.2,0.25,1.0,2,100,1.0706079760105505,1.0714285714285714,0.7904761904761904,1.1987030668454282,1.1578947368421053,0.9619047619047619,1.0779125305041664,1.2145721590849512,1.0304706230138339,1.0790128775127135,1.043824592505236,1.1130809450938137,1.0572162842578932
0.55,0.45,0.05,0.25,0.25,-0.2,0.25,1.3,2,100,1.0815076229322966,1.076470588235294,0.8571428571428571,1.224189949983107,1.1717171717171717,0.9619047619047619,1.08905114410192,1.2393122705506225,1.0334259671194514,1.088475658743165,1.0479025437200906,1.123579374425533,1.0647050833261935
0.55,0.45,0.05,0.25,0.25,-0.1,0.15,1.0,2,100,1.0775374067696684,1.0769230769230769,0.8095238095238095,1.2266581919037354,1.1612903225806452,0.9619047619047619,1.0859140157910119,1.2410484611508308,1.0314867461595985,1.0922278219536772,1.0484241874461842,1.1275021641372873,1.0629807971079264
0.55,0.45,0.05,0.25,0.25,-0.1,0.15,1.3,2,100,1.080990474480897,1.0714285714285714,0.819047619047619,1.2411574675656896,1.1714285714285715,0.9619047619047619,1.0911085816751231,1.2575202761606026,1.0332846666785618,1.0945221093692286,1.0530247546706182,1.1337691433560257,1.0670076145757577
0.55,0.45,0.05,0.25,0.25,-0.1,0.25,1.0,2,100,1.0769947910450848,1.0789473684210527,0.8095238095238095,1.2213342654158335,1.1714285714285715,0.9619047619047619,1.0857052329229542,1.2350685409720359,1.0319959015407065,1.0893271352103413,1.045452933209628,1.1224655110844495,1.0612238621273564
0.55,0.45,0.05,0.25,0.25,-0.1,0.25,1.3,2,100,1.0827256618853827,1.0769230769230769,0.8095238095238095,1.2386631392146088,1.1724137931034484,0.9619047619047619,1.0934602464766934,1.255175934461785,1.0322160188979745,1.0947051579091707,1.0500148840544048,1.13006789280343,1.0663702729698938
0.65,0.45,0.05,0.25,0.25,-0.2,0.15,1.0,2,100,1.0471018476578917,1.0416666666666665,0.7142857142857143,1.145689756825911,1.1151079136690647,0.9523809523809523,1.0509045014025458,1.1593663814009012,1.0224836169112652,1.0620331107962593,1.0338217787584039,1.0810592573462479,1.0404618132081478
0.65,0.45,0.05,0.25,0.25,-0.2,0.15,1.3,2,100,1.058640328723663,1.0555555555555558,0.8095238095238095,1.1655721254970537,1.130952380952381,0.9428571428571428,1.0675361482987133,1.182423789639065,1.0219217163985597,1.0654667112820613,1.0426351187349705,1.097930112188474,1.0506377237293167
0.65,0.45,0.05,0.25,0.25,-0.2,0.25,1.0,2,100,1.0432099290181567,1.036697247706422,0.7047619047619048,1.136593420400742,1.1081081081081081,0.9428571428571428,1.0501015984193447,1.1505781068020426,1.0211624848080978,1.0557042759299762,1.0320591541903157,1.075200376982274,1.0376345416042363
0.65,0.45,0.05,0.25,0.25,-0.2,0.25,1.3,2,100,1.0548440288255971,1.0555555555555556,0.8,1.1599599393281426,1.1261261261261262,0.9428571428571428,1.0644732000063173,1.1765355010004268,1.021132592945966,1.0625730782618081,1.0359472414827908,1.0907467666706412,1.045395635154194
0.65,0.45,0.05,0.25,0.25,-0.1,0.15,1.0,2,100,1.0615803640855894,1.0555555555555558,0.7904761904761904,1.1764009835387172,1.131578947368421,0.9428571428571428,1.0706387186793438,1.1923321691986761,1.0262704404123113,1.0763022833527973,1.0359196745804609,1.0947940689180504,1.048750019333025
0.65,0.45,0.05,0.25,0.25,-0.1,0.15,1.3,2,100,1.0660830368082281,1.0606060606060606,0.819047619047619,1.1859441197088663,1.135135135135135,0.9428571428571428,1.076702455931387,1.2040792474045015,1.0270273152619174,1.0756001115819895,1.0427782435854756,1.0995612791989,1.054430640196852
0.65,0.45,0.05,0.25,0.25,-0.1,0.25,1.0,2,100,1.0606921092520714,1.0555555555555558,0.780952380952381,1.169124233561335,1.131578947368421,0.9428571428571428,1.0699553340557868,1.1832737096208426,1.0251375282552622,1.0717141031072221,1.0345821755317979,1.091104088660322,1.0476371423919346
0.65,0.45,0.05,0.25,0.25,-0.1,0.25,1.3,2,100,1.0647498532466675,1.0606060606060606,0.819047619047619,1.1819903605423394,1.1379310344827587,0.9428571428571428,1.0749431858426852,1.1993640012299804,1.0286457647759113,1.0767421700569877,1.0416669706290858,1.0979230559297881,1.0532084119378766
0.4,0.45,0.25,0.05,0.25,-0.2,0.15,1.0,2,100,1.1133692420539396,1.099009900990099,0.9428571428571428,1.3145763016325467,1.2454545454545454,0.9904761904761905,1.1155812606775644,1.3114726943648487,1.0878973333116213,1.17006305418389,1.0650738739055836,1.1712822400537997,1.0892215579797617
0.4,0.45,0.25,0.05,0.25,-0.2,0.15,1.3,2,100,1.0866687779420614,1.0769230769230769,0.8952380952380953,1.3027507710338344,1.2460732984293192,0.9904761904761905,1.0818724844318608,1.2897185852391881,1.0768717738616862,1.165473449295807,1.0586598167648091,1.1678617997119032,1.0726642973534353
0.4,0.45,0.25,0.05,0.25,-0.2,0.25,1.0,2,100,1.1292163494963383,1.1111111111111112,0.9523809523809523,1.3158329063308192,1.2258064516129035,0.9904761904761905,1.1354218997277266,1.3233094261117107,1.0834451136411642,1.1589449371885645,1.0713306854898335,1.1707856848118525,1.1002735174930858
0.4,0.45,0.25,0.05,0.25,-0.2,0.25,1.3,2,100,1.1215149830692321,1.1111111111111112,0.9523809523809523,1.317176665390171,1.256544502617801,0.9904761904761905,1.1263274609450238,1.3170961776412646,1.086068845085752,1.1679622115650559,1.072143974582881,1.1727761961931378,1.0968294788260566
0.4,0.45,0.25,0.05,0.25,-0.1,0.15,1.0,2,100,1.058255486458223,1.0666666666666667,0.819047619047619,1.2782846395962395,1.2352941176470589,0.9809523809523809,1.060628971731355,1.2644828028284134,1.0574105223471193,1.1476148231209982,1.0472487662205434,1.160437722978085,1.0527521263393833
0.4,0.45,0.25,0.05,0.25,-0.1,0.15,1.3,2,100,1.0476728894559,1.05,0.8380952380952381,1.2734569583596527,1.2254335260115607,0.9904761904761905,1.0455537039122325,1.2525339480493478,1.0542884340811698,1.1478505951958324,1.0437750021389123,1.1580827198287378,1.0457239457974061
0.4,0.45,0.25,0.05,0.25,-0.1,0.25,1.0,2,100,1.1078810333377263,1.1,0.9428571428571428,1.3037131702915163,1.25,0.9809523809523809,1.1118214400693733,1.2990752274131279,1.0762527968153233,1.1615526479880356,1.0656708239123782,1.171222886984083,1.0867759286250522
0.4,0.45,0.25,0.05,0.25,-0.1,0.25,1.3,2,100,1.10265932170778,1.0952380952380953,0.9238095238095239,1.3072465266777207,1.2525252525252526,0.9904761904761905,1.1050686837963688,1.296552588470614,1.0698163650070425,1.1579451403976222,1.0667613523980426,1.1722078262528148,1.0847103370529112
0.55,0.45,0.25,0.05,0.25,-0.2,0.15,1.0,2,100,1.1056424048434148,1.0897435897435896,0.9142857142857143,1.2463070821328488,1.1666666666666667,0.9904761904761905,1.11791791521521,1.2621259127100273,1.0690142745888382,1.1243967584767967,1.0544292004072733,1.1271331807641556,1.080035802625344
0.55,0.45,0.25,0.05,0.25,-0.2,0.15,1.3,2,100,1.1171794906148587,1.105263157894737,0.9428571428571428,1.276185528435241,1.2083333333333333,0.9809523809523809,1.128785849461897,1.2898349402294624,1.0777803296724449,1.1404635116379274,1.0626213067807375,1.1416271411013044,1.089900398697798
0.55,0.45,0.25,0.05,0.25,-0.2,0.25,1.0,2,100,1.0877583143215082,1.0769230769230769,0.9047619047619048,1.2048794856070046,1.140845070422535,0.9809523809523809,1.098777198408438,1.221922106920007,1.0566638784799864,1.1004546096889984,1.053011064286483,1.1116882670671009,1.0703846893039954
0.55,0.45,0.25,0.05,0.25,-0.2,0.25,1.3,2,100,1.104969026212595,1.0833333333333333,0.9428571428571428,1.2421478346264223,1.1666666666666665,0.9809523809523809,1.1195281026449297,1.261292600880646,1.075288555884097,1.1250505809624254,1.0612625750624551,1.131894629835641,1.083115800637525
0.55,0.45,0.25,0.05,0.25,-0.1,0.15,1.0,2,100,1.1207649177582917,1.1041666666666667,0.9238095238095239,1.2830136574377684,1.2,0.9904761904761905,1.133058165120494,1.2958963954193936,1.0802769933558467,1.148048992672978,1.0618726168252122,1.1437300377169137,1.091318767291752
0.55,0.45,0.25,0.05,0.25,-0.1,0.15,1.3,2,100,1.1210816074983951,1.1052631578947367,0.9238095238095239,1.2935574594633827,1.2023809523809523,0.9809523809523809,1.1321289010422366,1.3037305933767385,1.0856112123831616,1.1566126536643355,1.0648117815350953,1.1499449605427148,1.0929466945167452
0.55,0.45,0.25,0.05,0.25,-0.1,0.25,1.0,2,100,1.1064766428027162,1.0833333333333333,0.9428571428571428,1.2465863740137269,1.1666666666666667,0.9904761904761905,1.1195786892073796,1.2612616930038312,1.074012814491798,1.128038234631391,1.0611881189324754,1.1289445988805396,1.0838323808675958
0.55,0.45,0.25,0.05,0.25,-0.1,0.25,1.3,2,100,1.1124987106840194,1.0930232558139534,0.9428571428571428,1.2654708301222515,1.1904761904761905,0.9809523809523809,1.1290423229282147,1.284451914909471,1.0816556091168594,1.1406328527764338,1.0627559098990085,1.1363209409097703,1.087627310291514
0.65,0.45,0.25,0.05,0.25,-0.2,0.15,1.0,2,100,1.0661293023732925,1.0512820512820513,0.8285714285714286,1.1542390050217428,1.1090909090909091,0.9333333333333333,1.074747305488471,1.165690585609529,1.044575809493697,1.0788864187526956,1.0321955205787445,1.0804544596874217,1.0491624114760185
0.65,0.45,0.25,0.05,0.25,-0.2,0.15,1.3,2,100,1.0806526952827806,1.0714285714285714,0.8761904761904762,1.191451434465258,1.1313131313131313,0.9619047619047619,1.0914635115452123,1.209900805622125,1.0564089214428887,1.1024108920237683,1.043590716675354,1.0977602729923175,1.0621217059790673
0.65,0.45,0.25,0.05,0.25,-0.2,0.25,1.0,2,100,1.0487774015737608,1.0390243902439025,0.7714285714285715,1.1144157409401745,1.0833333333333333,0.9238095238095239,1.0543456546162473,1.1259679300362309,1.0298425110999174,1.0567291076029814,1.0228491471540915,1.0644276150216516,1.0358132743639261
0.65,0.45,0.25,0.05,0.25,-0.2,0.25,1.3,2,100,1.0639377965336851,1.0526315789473686,0.8476190476190476,1.1539649743271054,1.1081081081081081,0.9523809523809523,1.073765826534519,1.1695492274888855,1.0480585744495199,1.0824786351566476,1.0359741199435495,1.0837391206727287,1.0499559582386173
0.65,0.45,0.25,0.05,0.25,-0.1,0.15,1.0,2,100,1.0843925278929658,1.0714285714285714,0.8285714285714286,1.1982739978710286,1.1282051282051282,0.9619047619047619,1.093856557272212,1.210026612000938,1.0624858680232814,1.1122432001249254,1.0431986688114512,1.10002361695608,1.0637955983522085
0.65,0.45,0.25,0.05,0.25,-0.1,0.15,1.3,2,100,1.090511404672591,1.0769230769230769,0.8476190476190476,1.217390314386784,1.1454545454545455,0.9714285714285714,1.100763836292774,1.2311395562022698,1.064214538513582,1.1233236030374696,1.0426472344868918,1.1043565860717797,1.0665793195797413
0.65,0.45,0.25,0.05,0.25,-0.1,0.25,1.0,2,100,1.0610414611489782,1.0512820512820513,0.8095238095238095,1.1516982738805597,1.1071428571428572,0.9238095238095239,1.0699704770318659,1.164372429061877,1.0471358586908346,1.0897797711633583,1.0330961971585115,1.0809680694777897,1.0470688291537449
0.65,0.45,0.25,0.05,0.25,-0.1,0.25,1.3,2,100,1.0712974327920521,1.0555555555555558,0.8476190476190476,1.1735052851415873,1.119047619047619,0.9523809523809523,1.0826666108274952,1.1886362991350266,1.0577672710772343,1.1015056761007325,1.0373142153660437,1.0927024146991104,1.054305824079048
0.4,0.45,0.25,0.25,0.05,-0.2,0.15,1.0,2,100,1.0665111065640078,1.0526315789473684,0.7714285714285715,1.2164347021211763,1.1666666666666665,0.9619047619047619,1.0711956246688648,1.2292977300361616,1.0339228940185747,1.0929122431315126,1.0410104791066481,1.1167357716156956,1.053760792835328
0.4,0.45,0.25,0.25,0.05,-0.2,0.15,1.3,2,100,1.0619523592388924,1.0458715596330275,0.7619047619047619,1.2301520853484944,1.1724137931034484,0.9714285714285714,1.0641772276877737,1.2395878470040014,1.0411376225402695,1.1090886710679926,1.0396321758941085,1.124389730479957,1.0507922675665005
0.4,0.45,0.25,0.25,0.05,-0.2,0.25,1.0,2,100,1.0692791463086648,1.0714285714285714,0.8095238095238095,1.1991184189736002,1.1612903225806452,0.9523809523809523,1.0761741038255457,1.2143477800362097,1.0285717652199209,1.0823705174588618,1.0421587257533937,1.1114853759078556,1.0557189360310293
0.4,0.45,0.25,0.25,0.05,-0.2,0.25,1.3,2,100,1.0780356341334398,1.069767441860465,0.8285714285714286,1.2288486962413798,1.1717171717171717,0.9714285714285714,1.086845394632869,1.2458401941915882,1.036107685788269,1.0935306146419776,1.048570381624,1.1226064818658767,1.0633030078787198
0.4,0.45,0.25,0.25,0.05,-0.1,0.15,1.0,2,100,1.0431915827930045,1.0458715596330275,0.7523809523809524,1.2218106463158882,1.1666666666666665,0.9714285714285714,1.0502851163302895,1.2280700566783522,1.030319338656762,1.1014102062431939,1.0342278054081613,1.1251476708101047,1.038709694100583
0.4,0.45,0.25,0.25,0.05,-0.1,0.15,1.3,2,100,1.0364634641152426,1.0387596899224807,0.6666666666666666,1.2236644637210228,1.1649346295675493,0.9714285714285714,1.039890992658922,1.2273703479313471,1.0304897211884037,1.1050911416740854,1.0357074390378949,1.1272304695277893,1.0360854515765687
0.4,0.45,0.25,0.25,0.05,-0.1,0.25,1.0,2,100,1.0687596702622262,1.0588235294117645,0.8095238095238095,1.2229113928567599,1.1612903225806452,0.9619047619047619,1.0748934272160935,1.2352179379934147,1.028911685746738,1.0943510977758948,1.0453349426836998,1.1225917083317438,1.0570473064729629
0.4,0.45,0.25,0.25,0.05,-0.1,0.25,1.3,2,100,1.0697932754115635,1.064102564102564,0.8,1.2315212139478473,1.1764705882352942,0.9714285714285714,1.0776279004335845,1.2446276292623555,1.0340745498250001,1.0979645544134824,1.0458856179666254,1.1261780187069663,1.0578394466890946
0.55,0.45,0.25,0.25,0.05,-0.2,0.15,1.0,2,100,1.0515522511766966,1.05,0.7619047619047619,1.1518156808269098,1.1111111111111112,0.9523809523809523,1.060025535391526,1.1665612932642933,1.0233251135992112,1.0634072443517677,1.0298445778262795,1.0875353715289433,1.0406984145014881
0.55,0.45,0.25,0.25,0.05,-0.2,0.15,1.3,2,100,1.0615777303204292,1.054263565891473,0.7619047619047619,1.1712817210182436,1.1181818181818182,0.9523809523809523,1.0722929636478469,1.1902778986776432,1.0267095820000887,1.0730363100515932,1.0377886681336734,1.0939473709928365,1.0496831992270512
0.55,0.45,0.25,0.25,0.05,-0.2,0.25,1.0,2,100,1.0437764463752308,1.0454545454545454,0.7333333333333333,1.1266421918380116,1.0999999999999999,0.9714285714285714,1.0527756149994811,1.1435567244182752,1.0222669612562743,1.0536893064460484,1.026599988817194,1.069551075121011,1.0351882175962124
0.55,0.45,0.25,0.25,0.05,-0.2,0.25,1.3,2,100,1.0526174637082828,1.05,0.7523809523809524,1.1481906392011518,1.1111111111111112,0.9428571428571428,1.0638088517163378,1.1682014547569277,1.0256892474302781,1.0646384854145197,1.0363905598282404,1.0853435220257681,1.0445040117682616
0.55,0.45,0.25,0.25,0.05,-0.1,0.15,1.0,2,100,1.0582878162613427,1.0526315789473684,0.780952380952381,1.1782659185575293,1.1223021582733812,0.9523809523809523,1.0683130941686334,1.1969043555184695,1.0260484453093028,1.0750742555826445,1.0369516711249525,1.096841503468671,1.0476197436931476
0.55,0.45,0.25,0.25,0.05,-0.1,0.15,1.3,2,100,1.0635608645937022,1.0606060606060608,0.8095238095238095,1.1870020879615113,1.142857142857143,0.9428571428571428,1.0749516402091908,1.205778428164563,1.0311897292596055,1.082808817771049,1.0417905978402968,1.1015214567811011,1.0526757312169996
0.55,0.45,0.25,0.25,0.05,-0.1,0.25,1.0,2,100,1.058090057247502,1.0526315789473684,0.7904761904761904,1.1565565853975532,1.1176470588235294,0.9523809523809523,1.06915412987008,1.172381755301867,1.0275041664488413,1.070617574941513,1.0369979321423166,1.089617258590397,1.0475439946949092
0.55,0.45,0.25,0.25,0.05,-0.1,0.25,1.3,2,100,1.0585902819058328,1.0526315789473684,0.780952380952381,1.1695879746657056,1.125,0.9428571428571428,1.0715786657249677,1.190356154455407,1.0281855011312375,1.075855812215373,1.0389761489079823,1.0915902092606535,1.0487832154069077
0.65,0.45,0.25,0.25,0.05,-0.2,0.15,1.0,2,100,1.0366421689930678,1.027777777777778,0.6857142857142857,1.106166373802893,1.0833333333333333,0.9333333333333333,1.0426644802101728,1.1172706270320607,1.0202201126495216,1.0465791326172078,1.0202611913901372,1.0582314919064608,1.0284516801916026
0.65,0.45,0.25,0.25,0.05,-0.2,0.15,1.3,2,100,1.0435563110732888,1.0384615384615385,0.7523809523809524,1.1244077909190262,1.088235294117647,0.9333333333333333,1.0503043042204478,1.137795183578915,1.0231873396375137,1.0559053094951463,1.0235894897425877,1.0674517785155018,1.0335729004079384
0.65,0.45,0.25,0.25,0.05,-0.2,0.25,1.0,2,100,1.0269559686569383,1.0256410256410255,0.6571428571428571,1.0781229245901949,1.0555555555555556,0.8952380952380953,1.030611948380599,1.0883529998162573,1.0131619827403164,1.0361288593911182,1.016103434448158,1.0481767850645074,1.0215297015525482
0.65,0.45,0.25,0.25,0.05,-0.2,0.25,1.3,2,100,1.036513627839413,1.0297029702970297,0.6857142857142857,1.101982117880705,1.081081081081081,0.9238095238095239,1.043249547784699,1.115086684858228,1.0202097090486348,1.0462849155894716,1.0258884642714636,1.0613504794885877,1.0312010460554384
0.65,0.45,0.25,0.25,0.05,-0.1,0.15,1.0,2,100,1.0453938533065248,1.0465116279069768,0.7428571428571429,1.1330596590389543,1.0990990990990992,0.9333333333333333,1.0519905492238504,1.1448155391922648,1.022965174089885,1.0596555176517692,1.026582415961643,1.0710905317657349,1.035988134634084
0.65,0.45,0.25,0.25,0.05,-0.1,0.15,1.3,2,100,1.0507858602039448,1.0491803278688525,0.7714285714285715,1.1441399742919178,1.1111111111111112,0.9428571428571428,1.0587967861719734,1.1567146739401803,1.025730035819915,1.064960932981847,1.0297600715415325,1.075823870145867,1.0402729658727385
0.65,0.45,0.25,0.25,0.05,-0.1,0.25,1.0,2,100,1.0364060729582905,1.0303030303030303,0.7047619047619048,1.1040288146392656,1.0769230769230769,0.9142857142857143,1.0423997769925188,1.113253717618285,1.0213047193473779,1.0521291412567717,1.0233711645359342,1.0637998401288766,1.0298886187471123
0.65,0.45,0.25,0.25,0.05,-0.1,0.25,1.3,2,100,1.0416205646884447,1.0387596899224807,0.7142857142857143,1.118484851410601,1.0833333333333333,0.9333333333333333,1.0494045713966873,1.1310431081702153,1.0231170095399564,1.0554948979789343,1.0257289041078501,1.0690801251126025,1.0336747343981474
0.4,0.45,0.45,0.05,0.05,-0.2,0.15,1.0,2,100,1.1030627527332324,1.088495575221239,0.8571428571428571,1.2666948385922159,1.1794871794871795,0.9714285714285714,1.112411012147009,1.2767630014021232,1.0781347503597458,1.1538903314008853,1.0452898185978765,1.1312696164561844,1.0741762856655543
0.4,0.45,0.45,0.05,0.05,-0.2,0.15,1.3,2,100,1.095073679742945,1.090909090909091,0.8571428571428571,1.2777831580933328,1.206896551724138,0.9809523809523809,1.0997596492457118,1.278118990165446,1.0760632574127762,1.1512865036821154,1.0472698324823837,1.1417419382885643,1.0711717561126644
0.4,0.45,0.45,0.05,0.05,-0.2,0.25,1.0,2,100,1.0878807605265928,1.0740740740740742,0.8571428571428571,1.2200424966894985,1.1583333333333332,0.9714285714285714,1.1016044120765676,1.2366244545288199,1.072202940197555,1.126667082330851,1.0503634007731453,1.114701573559205,1.0691220806498691
0.4,0.45,0.45,0.05,0.05,-0.2,0.25,1.3,2,100,1.1046370056789623,1.090909090909091,0.8857142857142857,1.250592750819006,1.1764705882352942,0.9714285714285714,1.1194855458394024,1.269386864125876,1.0750198546823966,1.1381466073454898,1.054536307362994,1.130158277770633,1.0795866565209782
0.4,0.45,0.45,0.05,0.05,-0.1,0.15,1.0,2,100,1.0600906952061526,1.064102564102564,0.7428571428571429,1.2492012372321009,1.1818181818181819,0.9714285714285714,1.0665536294174216,1.2432214255590384,1.0577211455619415,1.1391543450221278,1.0353626317134166,1.129149593261105,1.0477266634597846
0.4,0.45,0.45,0.05,0.05,-0.1,0.15,1.3,2,100,1.0581468373764176,1.064705882352941,0.7428571428571429,1.2539882501790953,1.1935483870967742,0.9714285714285714,1.0623363588513235,1.2454813815468753,1.0567994026714704,1.141569570450862,1.0347569062481115,1.1342737091941177,1.0464518718122644
0.4,0.45,0.45,0.05,0.05,-0.1,0.25,1.0,2,100,1.0904161595929474,1.0789473684210529,0.8571428571428571,1.242684548756326,1.1724137931034484,0.9714285714285714,1.1001300273447794,1.2527512100608873,1.067065479732079,1.1355251388813679,1.0455017997930511,1.1202960476450547,1.0679589796929991
0.4,0.45,0.45,0.05,0.05,-0.1,0.25,1.3,2,100,1.0938811249625273,1.0810810810810811,0.8571428571428571,1.2524450555672946,1.185430463576159,0.9714285714285714,1.1017615502477898,1.2585079723643686,1.0635870714650701,1.1349448139686795,1.0505245425621572,1.13014978060323,1.0722028337623422
0.55,0.45,0.45,0.05,0.05,-0.2,0.15,1.0,2,100,1.0744904662430645,1.0615384615384613,0.7904761904761904,1.1825337626848442,1.1261261261261262,0.9428571428571428,1.0870648745061373,1.19936616550027,1.056967028750698,1.1069510330435015,1.0334382592609987,1.0862514931460756,1.0539643627520316
0.55,0.45,0.45,0.05,0.05,-0.2,0.15,1.3,2,100,1.083178925989374,1.0759493670886078,0.8285714285714286,1.2051409685586432,1.142857142857143,0.9428571428571428,1.0964805811187475,1.2218255389629413,1.0714559458781208,1.125720079615329,1.0364133217461446,1.0949411556627007,1.0597961238677593
0.55,0.45,0.45,0.05,0.05,-0.2,0.25,1.0,2,100,1.0437158942578726,1.0352941176470587,0.7238095238095238,1.1115214012690207,1.079136690647482,0.9047619047619048,1.0528490461319855,1.1262689843626434,1.0424745258730965,1.0739940447112155,1.0198030953938202,1.0550310973944437,1.0317594948258464
0.55,0.45,0.45,0.05,0.05,-0.2,0.25,1.3,2,100,1.0571727123457688,1.0461538461538462,0.7714285714285715,1.1372499885559881,1.0999999999999999,0.9428571428571428,1.0677307327240946,1.1538751327754835,1.0519942308833423,1.0829212333834646,1.0272935278204676,1.0675292245113874,1.042233120083118
0.55,0.45,0.45,0.05,0.05,-0.1,0.15,1.0,2,100,1.0853718801232148,1.0681818181818183,0.8,1.2178120976187394,1.141025641025641,0.9333333333333333,1.0987238874236442,1.2331984968436462,1.0736789730807839,1.1320310572554246,1.0323217159379947,1.0935258130438708,1.0588467980306047
0.55,0.45,0.45,0.05,0.05,-0.1,0.15,1.3,2,100,1.0893435542627483,1.0714285714285714,0.8380952380952381,1.2299187586362228,1.147058823529412,0.9428571428571428,1.1010820096389164,1.2434699734264751,1.0754526957439727,1.1387928737410313,1.0337938528321275,1.0963058335812752,1.061568703547438
0.55,0.45,0.45,0.05,0.05,-0.1,0.25,1.0,2,100,1.0505312635930308,1.0379746835443038,0.7428571428571429,1.140675176582761,1.0857142857142859,0.9142857142857143,1.0600489462087375,1.1534940407795677,1.0578278879138374,1.0971670860116258,1.021854629246244,1.0636567214054415,1.0361929464196376
0.55,0.45,0.45,0.05,0.05,-0.1,0.25,1.3,2,100,1.0609209729396942,1.04,0.7714285714285715,1.1590531768230408,1.1111111111111112,0.9238095238095239,1.072306711497525,1.173969326811817,1.0597751824981583,1.101709172344643,1.0278409240938606,1.0750997641753173,1.0443809485167774
0.65,0.45,0.45,0.05,0.05,-0.2,0.15,1.0,2,100,1.04843121691586,1.0357142857142856,0.7428571428571429,1.1181299096518476,1.0882352941176472,0.9142857142857143,1.0574611987952995,1.1328687934533355,1.0410176396777155,1.0695014340426763,1.019160253595309,1.053452579937218,1.0337957352555844
0.65,0.45,0.45,0.05,0.05,-0.2,0.15,1.3,2,100,1.0559443675651496,1.0416666666666667,0.7619047619047619,1.1410044449148669,1.1034482758620692,0.9238095238095239,1.067233689807705,1.1577505066221836,1.0500809642826219,1.086832649080074,1.0262284680162157,1.071396435298469,1.0410864177906827
0.65,0.45,0.45,0.05,0.05,-0.2,0.25,1.0,2,100,1.0201412054632861,1.0032432432432432,0.5047619047619047,1.054872785805129,1.032258064516129,0.7714285714285715,1.023186429388147,1.061943319286419,1.0235993043225682,1.0406187225203722,1.0036949563551696,1.017293930365652,1.0119180809092279
0.65,0.45,0.45,0.05,0.05,-0.2,0.25,1.3,2,100,1.0311900591760905,1.018348623853211,0.6285714285714286,1.0765407131648728,1.0511363636363638,0.8380952380952381,1.0365184934450187,1.0878459689050026,1.0338251334457464,1.0581871313805162,1.0081190699419824,1.0320036260897996,1.0196545645590365
0.65,0.45,0.45,0.05,0.05,-0.1,0.15,1.0,2,100,1.057655042695943,1.0357142857142856,0.7047619047619048,1.1555427454908869,1.105263157894737,0.9047619047619048,1.0668583787690658,1.1688537940906991,1.052635351033055,1.0960487014554932,1.0291725711537072,1.075541136270336,1.043413806924825
0.65,0.45,0.45,0.05,0.05,-0.1,0.15,1.3,2,100,1.0636980086354342,1.0387596899224805,0.7428571428571429,1.1694003141873992,1.1136363636363635,0.9142857142857143,1.0735960294554576,1.1829940208679253,1.0571678625203416,1.1052516592971373,1.0311891257826111,1.0822798816087136,1.0474435672090228
0.65,0.45,0.45,0.05,0.05,-0.1,0.25,1.0,2,100,1.0270327956964265,1.0142857142857145,0.6095238095238096,1.082119584557962,1.0505050505050504,0.8095238095238095,1.0319381266839491,1.0889581145651537,1.0345150624890913,1.0647349559552726,1.004866634772937,1.0274120119267403,1.0159497152346817
0.65,0.45,0.45,0.05,0.05,-0.1,0.25,1.3,2,100,1.0329399307890132,1.018348623853211,0.6190476190476191,1.0942923314709783,1.0588235294117647,0.8380952380952381,1.0381780249619348,1.1042935021618245,1.0377032393570635,1.070447852271665,1.0104825780580022,1.0372032408793759,1.0217112544235079
0.4,0.65,0.05,0.05,0.25,-0.2,0.15,1.0,2,100,1.133641796083042,1.1199999999999999,0.9523809523809523,1.3246889157314161,1.25,0.9904761904761905,1.1385308370526122,1.3264866519939107,1.0893699481836798,1.1651145414763937,1.0799919167100924,1.176861952275467,1.1068168563965672
0.4,0.65,0.05,0.05,0.25,-0.2,0.15,1.3,2,100,1.125041424648352,1.1153846153846154,0.9619047619047619,1.3185078468112763,1.2666666666666666,0.9904761904761905,1.1282971572109426,1.3116128820307742,1.0878557602422585,1.169200980444605,1.0790697836764462,1.1800838849735709,1.1020556041623992
0.4,0.65,0.05,0.05,0.25,-0.2,0.25,1.0,2,100,1.133712378966088,1.1162790697674418,0.9428571428571428,1.3239510121428713,1.2460732984293192,0.9904761904761905,1.1407789661333994,1.3290229059007526,1.090640092746882,1.165214255426402,1.0797238844878614,1.176345504806747,1.1067181317269745
0.4,0.65,0.05,0.05,0.25,-0.2,0.25,1.3,2,100,1.1251764302043787,1.1136363636363635,0.9523809523809523,1.3197924107678032,1.256544502617801,0.9904761904761905,1.1287686471753495,1.3140582567480086,1.0911447480782286,1.1726876683068528,1.0796939748136047,1.1797063292744565,1.1024352025089916
0.4,0.65,0.05,0.05,0.25,-0.1,0.15,1.0,2,100,1.1248871789990236,1.1111111111111112,0.9619047619047619,1.3183538049153296,1.263157894736842,0.9809523809523809,1.1304648465305869,1.3124405506161319,1.0997677303334683,1.1830775695524414,1.076062275751556,1.1773008830286165,1.10047472737529
0.4,0.65,0.05,0.05,0.25,-0.1,0.15,1.3,2,100,1.1241765516100097,1.1111111111111112,0.9714285714285714,1.32046236836733,1.2647058823529411,0.9904761904761905,1.1301351649355074,1.31376294123115,1.091638849800675,1.179844345187855,1.0787397497735935,1.1779479447440708,1.1014581506918018
0.4,0.65,0.05,0.05,0.25,-0.1,0.25,1.0,2,100,1.125928667100009,1.1111111111111112,0.9619047619047619,1.3206108796412068,1.256544502617801,0.9809523809523809,1.1328838193859425,1.3157389565899662,1.0997695413135136,1.1807617459668969,1.078827642407886,1.1776731667744604,1.1023781547539475
0.4,0.65,0.05,0.05,0.25,-0.1,0.25,1.3,2,100,1.1239154274297019,1.1111111111111112,0.9619047619047619,1.3210613597834795,1.2727272727272725,0.9904761904761905,1.1296444722215624,1.3134263724107686,1.0928955265114033,1.1794003925713554,1.0796109387599304,1.1790409452985409,1.1017631830948162
0.55,0.65,0.05,0.05,0.25,-0.2,0.15,1.0,2,100,1.1113560180227007,1.0952380952380951,0.9142857142857143,1.2624791985020707,1.1877304726785114,0.9809523809523809,1.1216633580546536,1.2775375918508391,1.0555174293629157,1.107708204412127,1.0687713867504465,1.14620876586994,1.0900637023865736
0.55,0.65,0.05,0.05,0.25,-0.2,0.15,1.3,2,100,1.1205129130247655,1.1025641025641026,0.9428571428571428,1.2832777590144309,1.2,0.9809523809523809,1.1321125997597248,1.2960319390189095,1.0681191176554246,1.1242202745318701,1.0656702665540576,1.1510866004331082,1.0930915897894116
0.55,0.65,0.05,0.05,0.25,-0.2,0.25,1.0,2,100,1.1078005783090583,1.0909090909090908,0.9142857142857143,1.256878222578113,1.1764705882352942,0.9809523809523809,1.1182556093067846,1.2744555841752807,1.0551442416494121,1.108472619838759,1.0661589858962952,1.1436271346088163,1.0869797821026768
0.55,0.65,0.05,0.05,0.25,-0.2,0.25,1.3,2,100,1.1185482349091085,1.1025641025641026,0.9428571428571428,1.277960750714485,1.2,0.9809523809523809,1.1305510419878522,1.2915519195868312,1.0672722709436453,1.125850902695858,1.0640676963334217,1.1514676376613286,1.0913079656212652
0.55,0.65,0.05,0.05,0.25,-0.1,0.15,1.0,2,100,1.1219389573396366,1.1025641025641026,0.9238095238095239,1.2910926678738397,1.2,0.9904761904761905,1.1341659771136778,1.3081205345365035,1.0755119714867947,1.1330641889404267,1.0676450495597822,1.1570950368921455,1.0947920034497094
0.55,0.65,0.05,0.05,0.25,-0.1,0.15,1.3,2,100,1.1270028697956633,1.1052631578947367,0.9428571428571428,1.3007299193072903,1.2000000000000002,0.9904761904761905,1.1377239749494845,1.3123828489450722,1.0785774708103724,1.1394429687354173,1.0710858415989475,1.157473831662953,1.0990443556973055
0.55,0.65,0.05,0.05,0.25,-0.1,0.25,1.0,2,100,1.1215998924116282,1.1,0.9333333333333333,1.2852794119491937,1.2000000000000002,0.9809523809523809,1.135686023738098,1.302055447608382,1.0765248910886003,1.1344249350091076,1.0692700187528652,1.1562355292663395,1.0954349555822467
0.55,0.65,0.05,0.05,0.25,-0.1,0.25,1.3,2,100,1.1271565431468777,1.1052631578947367,0.9523809523809523,1.2979303077632964,1.2,0.9809523809523809,1.1391724838227775,1.3114896197915764,1.0803122152291038,1.1410640284127516,1.0678184710094076,1.1555298758200516,1.0974875070781427
0.65,0.65,0.05,0.05,0.25,-0.2,0.15,1.0,2,100,1.0773717337190787,1.061046511627907,0.9047619047619048,1.1850576273706979,1.1363636363636362,0.9714285714285714,1.0845758815821327,1.197121827615602,1.0372201190520693,1.0739324996885133,1.045514147943034,1.1038241288806836,1.0614429408310564
0.65,0.65,0.05,0.05,0.25,-0.2,0.15,1.3,2,100,1.0899106684780238,1.0769230769230769,0.9142857142857143,1.2151099673105445,1.1448206503519944,0.9714285714285714,1.1003295363139503,1.229070634668246,1.0482477872461409,1.0888101974620188,1.0541964631167136,1.116391582870653,1.0720535657973687
0.65,0.65,0.05,0.05,0.25,-0.2,0.25,1.0,2,100,1.075850102496354,1.0594059405940595,0.8952380952380953,1.1813627763780787,1.1249999999999998,0.9714285714285714,1.0821922995871927,1.1933005238465608,1.0363633073514207,1.0707976627236586,1.042734100476345,1.0990327319775213,1.0592921014863497
0.65,0.65,0.05,0.05,0.25,-0.2,0.25,1.3,2,100,1.0890391494348124,1.0769230769230769,0.9142857142857143,1.2103573620258177,1.1424740194435132,0.9714285714285714,1.0979141939777726,1.2226488096128028,1.0463481120900138,1.0893525605187053,1.0524102449328958,1.114835496049467,1.070724697183854
0.65,0.65,0.05,0.05,0.25,-0.1,0.15,1.0,2,100,1.0900114610714786,1.0714285714285714,0.9142857142857143,1.2172220677808707,1.1578947368421053,0.9714285714285714,1.0991079477905412,1.2304195823091988,1.053814711213037,1.0987424261848548,1.0567279552126922,1.1177942498188866,1.0733697081420854
0.65,0.65,0.05,0.05,0.25,-0.1,0.15,1.3,2,100,1.0988031792313013,1.0789473684210527,0.9333333333333333,1.2356977395828375,1.1666666666666665,0.9714285714285714,1.109924822553757,1.2506577558652638,1.0584682102479746,1.1057221398338297,1.0591885274214243,1.1271479356314544,1.0789958533263628
0.65,0.65,0.05,0.05,0.25,-0.1,0.25,1.0,2,100,1.0903485332014573,1.0714285714285714,0.9047619047619048,1.2110984610257154,1.1454545454545453,0.9714285714285714,1.0990881727145196,1.2260529849970823,1.05053976684085,1.0929555124248949,1.052411923287689,1.116462423852993,1.071380228244573
0.65,0.65,0.05,0.05,0.25,-0.1,0.25,1.3,2,100,1.094117375638022,1.0769230769230769,0.9047619047619048,1.2278032275631183,1.1666666666666665,0.9619047619047619,1.1043183943783645,1.2413460889553443,1.0555496002162101,1.1036993217396347,1.056497607000503,1.1244394218919609,1.0753074913192626
0.5396436235364812,0.4291,0.0529,0.0915,0.4265,-0.2,0.19451482876707726,0.910176146909003,2,100,1.1189535603368044,1.1041666666666667,0.9523809523809523,1.2955337938460756,1.2222222222222223,0.9904761904761905,1.1242760467377937,1.3071461751962343,1.063072880439139,1.1282667421519788,1.0718507878637618,1.1673016574587196,1.095402174100283
0.5432515593242366,0.4204,0.0948,0.0492,0.4356,-0.2,0.12530347499296834,1.055158217287418,2,100,1.1284542551598948,1.1111111111111112,0.9523809523809523,1.321850698196006,1.25,0.9904761904761905,1.1315897208131154,1.3248131572223216,1.0848948878690319,1.158981732748453,1.075242425590584,1.1736493079084351,1.1018483403752395
0.5952249715845683,0.4695,0.0517,0.0517,0.427,-0.1,0.24820307595863506,1.0906411049810378,1,100,1.1309039417022821,1.1111111111111112,0.9619047619047619,1.3136102604455693,1.2333333333333334,0.9904761904761905,1.1397766963721327,1.3198251389634645,1.0839087575014257,1.1520179670084543,1.0754580970325354,1.1663083268001315,1.1031810193674088
0.3654283125413476,0.6403,0.0694,0.0473,0.2431,-0.2,0.29410762847646976,1.2334729999288359,2,100,1.124425674807829,1.1162790697674418,0.9428571428571428,1.3210969416047722,1.2647058823529411,0.9809523809523809,1.1292984830540607,1.315328604818496,1.0879719172007059,1.1706667241896698,1.0781901740057582,1.18127998334134,1.1013079244067936
0.5782905274171725,0.4382,0.0498,0.0498,0.4621,-0.2,0.12109343884887129,1.0834791178532284,3,100,1.1336074477919365,1.1111111111111112,0.9809523809523809,1.319798113013215,1.2413793103448274,0.9904761904761905,1.1400593483960157,1.326261449946355,1.078321146998214,1.1497337505013498,1.0736342950100446,1.1671006481273685,1.1036208714009905
0.354094696028572,0.6662,0.0742,0.0495,0.2101,-0.2,0.2777343127529179,0.9979399483633812,3,100,1.1322826703247073,1.119047619047619,0.9809523809523809,1.3246956094389637,1.25,0.9904761904761905,1.1366966217225394,1.324035762701863,1.0941657308319537,1.170980938689034,1.0789469177170443,1.1768453628028153,1.1056147940208758
0.3994600223974453,0.6437,0.0932,0.0518,0.2112,-0.2,0.21239380544408779,1.2476932887431484,2,100,1.1328222491715867,1.1199999999999999,0.9714285714285714,1.322721789029017,1.25130890052356,0.9904761904761905,1.1386727215895958,1.3233839375045005,1.0946320435796875,1.172095864064853,1.0772742873971217,1.172888766670489,1.1050482682843543
0.4105925177647728,0.6857,0.0515,0.0515,0.2113,-0.2,0.18014818108594152,0.9477105641254777,1,100,1.1349665870623433,1.1150442477876108,0.9523809523809523,1.3186871573029304,1.2333333333333334,0.9904761904761905,1.1438215027010816,1.326048826309132,1.082797874126802,1.1526989653708732,1.0761474824556303,1.1721812758854102,1.105557034758987
0.5395234653758895,0.4372,0.0539,0.0841,0.4248,-0.2,0.17470758006298864,0.9743086416812723,1,100,1.1234122288189754,1.105263157894737,0.9523809523809523,1.306953522820608,1.2253521126760563,0.9904761904761905,1.1286948045370173,1.3156136184687826,1.072374377144198,1.1382065817288214,1.0704842039825107,1.1633365411471048,1.096948216400743
0.39525079315243844,0.6369,0.0518,0.1023,0.2089,-0.2,0.28426546217181964,1.2647802525438578,2,100,1.124168649922649,1.1153846153846154,0.9619047619047619,1.3125704447737712,1.25,0.9904761904761905,1.1276316888845912,1.3123882025356934,1.080486392659503,1.1569504840510259,1.0761241535393629,1.1697044200291877,1.1001464017310059
0.5397233301472825,0.4085,0.0526,0.09,0.4489,-0.2,0.1445016054853992,0.9126234341407742,1,100,1.107765997006439,1.090909090909091,0.8857142857142857,1.2951569373106326,1.2000000000000002,0.9809523809523809,1.1076656086345236,1.3002338706925776,1.0687798955451653,1.1369121452697712,1.0633558117252653,1.1633779137172726,1.085560904365852
0.3626909975518513,0.5955,0.0496,0.0985,0.2564,-0.2,0.2897302199754094,1.0760760600255384,2,100,1.1102121087313293,1.0930232558139534,0.9238095238095239,1.3096381497471494,1.25,0.9904761904761905,1.1079441451094476,1.3022517780630343,1.0815965890156696,1.1605639854223901,1.0697995547205401,1.1741613532550825,1.0900058317259347
0.3810323672900095,0.6274,0.0609,0.0888,0.223,-0.2,0.17774048382411775,1.0943652852121935,2,100,1.1266910616137247,1.1153846153846154,0.9428571428571428,1.3164860900125495,1.2460732984293192,0.9904761904761905,1.1318316240324764,1.3166247340150354,1.0874900109008496,1.1652279697352539,1.0763500072670802,1.1733161737011724,1.1015205344404024
0.5552898254064462,0.4829,0.0487,0.0487,0.4196,-0.1,0.20969778887054794,1.0691593915604285,3,100,1.1290872613455032,1.1153846153846154,0.9619047619047619,1.3200640291093373,1.25,0.9904761904761905,1.1328697077658205,1.317011836426221,1.0965616232004383,1.1733620369838862,1.0812973680491136,1.1783817283786207,1.1051923146973084
0.5187238944615342,0.4544,0.0493,0.0493,0.4469,-0.1,0.2988603898519577,1.0636615737407726,3,100,1.1221119417469347,1.1153846153846154,0.9619047619047619,1.3214574040346945,1.2647058823529411,0.9904761904761905,1.1257311468079212,1.3138607267800713,1.0908209799526034,1.178637848162327,1.0758955674593103,1.1809468997729229,1.0990037546031224
0.3653612899060635,0.5972,0.0821,0.0851,0.2356,-0.2,0.2600840407945081,0.9239345111729789,3,100,1.130611742718479,1.1162790697674418,0.9523809523809523,1.3202335964975787,1.2408376963350785,0.9904761904761905,1.1367635173689834,1.324956761154357,1.0873353421065264,1.1641272935042013,1.0765093991694201,1.1745738265241545,1.1035605709439495
0.3740248948279642,0.6903,0.0498,0.0498,0.2101,-0.2,0.22739061686060452,1.2065619998995458,2,100,1.1290200810515822,1.1153846153846154,0.9714285714285714,1.322004238238736,1.2564532349983237,0.9904761904761905,1.1330454235865186,1.3164883524522248,1.0900527449385962,1.1709816914421582,1.0801179971436325,1.1802363012156145,1.1045690390976075
0.3622757932411486,0.6472,0.048,0.0899,0.215,-0.2,0.1831112672124906,0.9306568633248988,1,100,1.130823564805953,1.1162790697674418,0.9523809523809523,1.319177446510493,1.2413793103448274,0.9904761904761905,1.1372284987489842,1.3241988489162777,1.086161825543349,1.163638847496519,1.0774488303774112,1.1746144986298805,1.1041361975916821
0.5456403857901846,0.443,0.0879,0.0637,0.4054,-0.2,0.1386341457223182,0.9723198059145325,2,100,1.1288256159370755,1.107843137254902,0.9714285714285714,1.308999325121365,1.2333333333333334,0.9904761904761905,1.1381287625914984,1.320852879807435,1.0715303378631704,1.1343078373530948,1.0718675129954085,1.1661858365573952,1.100346564466242
0.35137773552940504,0.6699,0.0506,0.066,0.2135,-0.2,0.22482942478852927,1.2913094645988106,1,100,1.1250736381625568,1.1162790697674418,0.9714285714285714,1.322951067170768,1.2758620689655171,0.9904761904761905,1.128100144200966,1.3143152650125158,1.0887724324151349,1.1709480328689637,1.0798661291236022,1.1803668327124002,1.1024698836430795
0.5659995718801152,0.4382,0.0671,0.0888,0.4058,-0.1,0.2302480281137928,1.0895071199331985,3,100,1.1210477785606312,1.107142857142857,0.9428571428571428,1.3049421298641546,1.2352941176470589,0.9904761904761905,1.129541401960616,1.3113317792604147,1.0780534533137744,1.1515220129203705,1.0727527100968024,1.1658398379839685,1.0969002443287168
0.5958707525971935,0.4237,0.0478,0.0511,0.4774,-0.2,0.10403992288421632,1.0411594007258977,2,100,1.1286087253055779,1.1153846153846154,0.9619047619047619,1.3104836337112373,1.2253521126760563,0.9904761904761905,1.1355519342074967,1.320270511395294,1.0754152397130983,1.140903587706326,1.0711406223289184,1.1656604120560587,1.099874673817248
0.5711917810588579,0.4563,0.0813,0.049,0.4134,-0.2,0.15635232369695373,0.9991210156402286,2,100,1.1277230045470723,1.1081081081081081,0.9714285714285714,1.3003518850457583,1.2105263157894737,0.9904761904761905,1.137047283600261,1.311974108171678,1.0689234774201968,1.1293213090012526,1.0719970214411563,1.1608662304005566,1.0998600129941143
0.38898894688726093,0.6402,0.0467,0.0467,0.2665,-0.2,0.2530723291060234,1.3953054132830292,1,100,1.122126876779755,1.1153846153846154,0.9619047619047619,1.3189024593781207,1.254335260115607,0.9904761904761905,1.1257372907551364,1.310974094299547,1.0881465514224336,1.17057010411933,1.0781901156647482,1.178472545093972,1.1001584962222517
0.37325699405288737,0.6471,0.0516,0.0516,0.2496,-0.2,0.1367511810115128,0.9732784899652495,2,100,1.1310937161018908,1.119047619047619,0.9523809523809523,1.3241703495328032,1.25,0.9904761904761905,1.135803358702478,1.3220827855682247,1.0943382740781027,1.1724338921628024,1.079926148559158,1.1786566984407063,1.1055099323305244
0.5066079210919395,0.4406,0.0487,0.055,0.4557,-0.1,0.20010674650227472,0.9424554277681486,2,100,1.0943845923834608,1.0789473684210527,0.8666666666666667,1.3023042199281398,1.2369942196531791,0.9904761904761905,1.089370667110756,1.2897541076405654,1.0843289152872535,1.1743982650557971,1.0642319545618832,1.1717563006065268,1.079308273472672
0.5369984367847198,0.4315,0.0928,0.0574,0.4183,-0.1,0.24176192926540457,0.9236798166357337,2,100,1.1270632894845338,1.1111111111111112,0.9619047619047619,1.3163767878909298,1.25,0.9904761904761905,1.1328204077430188,1.317065868192862,1.0911079006132305,1.1689368668150686,1.0776016257807575,1.1783113480092153,1.1023324576326456
0.5819808858238025,0.4307,0.0466,0.0795,0.4432,-0.1,0.2526060526886021,1.0993354423038306,1,100,1.1229926787971354,1.1111111111111112,0.9714285714285714,1.3083309403801477,1.2413793103448274,0.9904761904761905,1.1294725798332312,1.311438711557577,1.0841629918851157,1.1589821732194199,1.0761078423697696,1.169903239075606,1.0995502605834524
0.5552162703304427,0.4457,0.0498,0.0498,0.4548,-0.2,0.1836613041032693,0.9217314206524525,1,100,1.1297630717502598,1.1111111111111112,0.9619047619047619,1.3132266723284052,1.2333333333333334,0.9904761904761905,1.1374512987211753,1.3245814217205818,1.0737278383421291,1.1424038412680046,1.0752130192456149,1.168299465699104,1.1024880454979373
0.43930524847532526,0.6289,0.0488,0.0488,0.2735,-0.2,0.20110166673842284,1.2357208351394235,2,100,1.1320629710800068,1.119047619047619,0.9714285714285714,1.3227423422870856,1.25130890052356,0.9904761904761905,1.1369029356407816,1.3213652777426481,1.0937560366362997,1.1672757020376252,1.0790997334917312,1.1732061591780332,1.1055813522858688
0.4126952340432269,0.6572,0.0525,0.0525,0.2377,-0.2,0.2388153834578065,1.2690766786338985,2,100,1.129208403147235,1.1153846153846154,0.9619047619047619,1.319464530757754,1.2612732095490717,0.9904761904761905,1.1344010154663002,1.3187569160607604,1.0931012876013586,1.1683236426859862,1.079366994383433,1.174396422350898,1.1042876987653338
0.3680926652230868,0.6819,0.0505,0.0505,0.2171,-0.2,0.2907103622156215,0.9089298177948557,1,100,1.137348633621845,1.1162790697674418,0.9714285714285714,1.326186299605262,1.25,0.9904761904761905,1.1442885369736182,1.3319447762100896,1.089969168419899,1.1643644110369433,1.0789382566153176,1.1780713633677942,1.1081434451185812
0.38279238835307045,0.6497,0.0525,0.0525,0.2454,-0.2,0.20897312777412513,1.2050409894252325,1,100,1.1283205626377435,1.119047619047619,0.9619047619047619,1.3225047815198212,1.2692307692307692,0.9904761904761905,1.133063825356374,1.317456028002475,1.086873163202205,1.169579548774626,1.0803120500629166,1.1787219581690624,1.10431630635033
0.5959332347635609,0.4491,0.0503,0.0503,0.4504,-0.1,0.2652519200752663,0.9991013113257237,3,100,1.1313399304776164,1.1111111111111112,0.9619047619047619,1.3144765948684354,1.2352941176470589,0.9904761904761905,1.1391856391783486,1.319892596473011,1.0829636354025192,1.1551624992877674,1.0735331101711232,1.1693222483218138,1.1024365203243698
0.4492375564055837,0.6688,0.0482,0.0482,0.2348,-0.2,0.1891677266254914,1.04972160389139,1,100,1.132044665034182,1.1111111111111112,0.9619047619047619,1.3140646535378304,1.219895287958115,0.9904761904761905,1.140813689278605,1.3222987467828926,1.0798982196370304,1.1435493561693255,1.0713579171724137,1.164994444097515,1.1017012911032977
0.539006259015653,0.4731,0.0489,0.0757,0.4023,-0.1,0.2998609515011916,0.938518164646182,3,100,1.127950621376644,1.1111111111111112,0.9619047619047619,1.315507007499792,1.2413793103448274,0.9904761904761905,1.1352393452914655,1.3192197865369024,1.0840280222814163,1.161098224367516,1.077357405705985,1.1718326980199751,1.1026540135413145
0.42766484358887163,0.6158,0.0512,0.0659,0.2671,-0.2,0.2810519715659798,1.3423411641838776,3,100,1.1242312847232157,1.1136363636363635,0.9714285714285714,1.3144804263485146,1.2506631299734747,0.9904761904761905,1.1285013519634846,1.310058275740801,1.0879101179043953,1.1642388533446677,1.078017697904721,1.1718107744061386,1.1011244913139682
0.5721836332233614,0.4196,0.0464,0.0738,0.4602,-0.2,0.1917859996625734,1.0968370529895999,2,100,1.126369104171325,1.1081081081081081,0.9523809523809523,1.3110473516179098,1.2333333333333334,0.9904761904761905,1.1324443325028264,1.3172266387601193,1.0725558406217073,1.1425567184557102,1.0709707328865572,1.164301423599947,1.098669918528941
0.5228645602662115,0.4286,0.0648,0.0667,0.4399,-0.2,0.17219067795126763,0.9337746083225429,1,100,1.124770774002893,1.1060606060606062,0.9238095238095239,1.3160979003805349,1.2253521126760563,0.9904761904761905,1.1291695649540439,1.3224029963762618,1.0786716568644963,1.1546728803525008,1.070087526012885,1.1675043968105432,1.097429150007889
0.5992042005528055,0.4381,0.0482,0.066,0.4477,-0.1,0.2999421909224188,1.0032918805271283,1,100,1.1279609282851255,1.1111111111111112,0.9428571428571428,1.3112529241293107,1.2333333333333334,0.9904761904761905,1.1365866342589157,1.3197355360154401,1.079796204062712,1.1469622227064515,1.073430088369219,1.1626056949182457,1.1006955083271723
0.3536059834277364,0.653,0.0509,0.0599,0.2361,-0.2,0.24184000441568604,0.9948265350180341,1,100,1.1312459133670083,1.1188118811881187,0.9619047619047619,1.323587311124396,1.2564102564102564,0.9904761904761905,1.1363586562550139,1.3211459865650232,1.0938460194873634,1.1728481795094765,1.0781117467177856,1.179709767030108,1.1046788300423969
0.5026577764997292,0.4285,0.0517,0.0778,0.442,-0.1,0.20494591371460158,1.020311690491203,2,100,1.0832227567592163,1.0681818181818183,0.8095238095238095,1.2962327386367092,1.2352941176470589,0.9809523809523809,1.0754380499825078,1.281242132810288,1.07988359429345,1.1692284764597118,1.0581113034651588,1.167547805672594,1.0706670301121877
0.3981591589206044,0.6376,0.0712,0.0483,0.2429,-0.2,0.29216849842375703,1.2987013160872682,2,100,1.1258338529910898,1.1162790697674418,0.9523809523809523,1.318429844352583,1.2617801047120418,0.9904761904761905,1.129694426136395,1.3123627006201084,1.0943644151698704,1.1737237039823967,1.0811282562098374,1.1768831307521932,1.1034810546004636
0.5536487923752251,0.4253,0.0498,0.0772,0.4478,-0.1,0.29654159534817354,1.0927159824444308,2,100,1.121316569250567,1.1047619047619048,0.9428571428571428,1.3135068374750967,1.25,0.9809523809523809,1.1260752092680695,1.310649974575468,1.0856471448718668,1.1657704299188059,1.0736520242870637,1.1744672147466042,1.0974842967688154
0.5945519891021906,0.4809,0.0583,0.0653,0.3955,-0.1,0.23924847342649438,1.0847800801090859,3,100,1.128733412450388,1.105263157894737,0.9428571428571428,1.305294776213164,1.217948717948718,0.9904761904761905,1.1390598676257255,1.3176760474046443,1.0770192039032187,1.141640994614625,1.0712584817981234,1.1609534385718898,1.0999959471242557
0.4120149286628296,0.6589,0.0548,0.0548,0.2314,-0.2,0.2241638908739086,1.0138424100861354,1,100,1.1358732817271397,1.1162790697674418,0.9523809523809523,1.3225723705425745,1.2413793103448274,0.9904761904761905,1.1444652482014388,1.330204877489887,1.088853771337532,1.1605180500781702,1.0759902727678146,1.1708408529448622,1.105931777247477
0.446321122354938,0.5963,0.0701,0.0832,0.2505,-0.2,0.2782005170738177,1.0733602876523853,1,100,1.1285768168195416,1.1111111111111112,0.9619047619047619,1.3104269363984618,1.2249999999999999,0.9904761904761905,1.13561459555814,1.3197673098769565,1.0754800304216658,1.137848216579181,1.0727707417250165,1.1665192796963255,1.1006737792722792
0.5289320136102335,0.4425,0.0494,0.0494,0.4587,-0.1,0.22578084097023543,1.017192274819211,3,100,1.1194972556665017,1.1111111111111112,0.9619047619047619,1.3190202690212491,1.25,0.9904761904761905,1.1234845629216872,1.3111805674946433,1.0893581863166166,1.1776175974419578,1.078398237383014,1.1833800342133969,1.098947746524758
0.3593270905324327,0.619,0.0447,0.0888,0.2475,-0.2,0.2656229648105001,1.206835882185652,3,100,1.1188126040379018,1.1111111111111112,0.9428571428571428,1.3179975816387661,1.25130890052356,0.9809523809523809,1.122243845908436,1.3114147961861564,1.0835338649963075,1.167508292229708,1.0772561411665706,1.1812297523880275,1.0980343726022364
0.44296321877242245,0.647,0.0921,0.0499,0.211,-0.2,0.2947493045044785,1.2629434894930727,3,100,1.1325176096037215,1.1153846153846154,0.9523809523809523,1.3162816488078413,1.2333333333333334,0.9904761904761905,1.140985732240958,1.3228959045528061,1.0851385648267915,1.1522983783491654,1.0736146470794259,1.161355773045429,1.1030661283415737
0.3864192017772054,0.617,0.0875,0.0743,0.2212,-0.2,0.13144399802042628,0.9315223297249999,3,100,1.1309903362237654,1.1111111111111112,0.9619047619047619,1.3212142393626114,1.2413793103448274,0.9904761904761905,1.1369563381289467,1.3261748000006863,1.0922650643997982,1.1658244286950254,1.0770863118195255,1.1764724730384917,1.1040383240216456
0.5653539825693644,0.4615,0.0478,0.0948,0.3959,-0.1,0.24487295072012505,0.9785836353394148,1,100,1.1212106377148676,1.1025641025641026,0.9428571428571428,1.3040941288732548,1.2222222222222223,0.9904761904761905,1.1297757447508194,1.315246298505749,1.0731607533232268,1.1417481644617096,1.0707587512194425,1.1641428952441786,1.095984694467155
0.5085982350110946,0.44,0.0521,0.0784,0.4295,-0.1,0.21762913650221302,0.9350693022907843,2,100,1.0990485375953056,1.0843023255813955,0.8666666666666667,1.3004015039789272,1.2352941176470589,0.9904761904761905,1.0957589107187804,1.289154636462345,1.0859384291277596,1.1688455072699033,1.0659355035923614,1.1726665115006987,1.0824920205938335
0.4259643052306395,0.6509,0.0491,0.063,0.2369,-0.2,0.2230679125327858,1.381158370582852,3,100,1.126551140078332,1.1162790697674418,0.9619047619047619,1.315255718230283,1.2545454545454546,0.9904761904761905,1.1326572655950151,1.3121214902608376,1.0919863549968538,1.1682227030572852,1.0751593363941092,1.170980051910737,1.1008552382362207
0.43794117334876853,0.6531,0.0506,0.0506,0.2456,-0.2,0.2270340970527639,1.3787486257432544,3,100,1.1287475200935475,1.1199999999999999,0.9619047619047619,1.318809659566659,1.2564102564102564,0.9904761904761905,1.1347973230585384,1.3173931966696575,1.0922771736834185,1.1660255079579274,1.074625487414132,1.171476986650685,1.10168650375384
0.40978560332062036,0.6465,0.0596,0.0762,0.2177,-0.2,0.2815901215463094,1.2135054628836106,2,100,1.1287558172715006,1.1153846153846154,0.9523809523809523,1.3169688184154806,1.2480106100795756,0.9904761904761905,1.1352036513241315,1.3200782611722013,1.0844924114924186,1.1540696760222935,1.0776061128458394,1.173005864038885,1.10318096505867
0.4037172648326819,0.6712,0.0488,0.0488,0.2312,-0.2,0.22968684855074142,1.2121261484378811,2,100,1.1324663136086144,1.119047619047619,0.9714285714285714,1.324033720440499,1.256544502617801,0.9904761904761905,1.136687100136163,1.3211953459434196,1.0935641317829272,1.170386043389774,1.0798856838132624,1.174191259982179,1.1061759987109383
0.5117843900905832,0.4475,0.0774,0.0707,0.4044,-0.2,0.12383385293620601,1.0005749873960705,3,100,1.122771252864918,1.1041666666666667,0.9333333333333333,1.315894722084696,1.2333333333333334,0.9904761904761905,1.126123113009339,1.3188782508059,1.0824502554487854,1.1569179780619547,1.072849600450832,1.1704901747198744,1.0978104266578752
0.3512302685888603,0.6375,0.048,0.0565,0.258,-0.2,0.14543179618417465,1.0650799022392643,2,100,1.120082270818122,1.1111111111111112,0.9428571428571428,1.3197014653979071,1.25,0.9809523809523809,1.1238512057036083,1.3145177701936506,1.0883903119684848,1.1732339451208655,1.0761608851017148,1.1822238891394266,1.0981215779599185
0.3604151493802872,0.6613,0.0721,0.0502,0.2165,-0.2,0.2999765336914344,1.2910704242886974,1,100,1.1249880559440413,1.1162790697674418,0.9809523809523809,1.3199057092149413,1.2666666666666666,0.9904761904761905,1.1287441703765408,1.3129218882384774,1.0878018986316276,1.170537416244518,1.077822687574795,1.1801414640683368,1.101405371759418
0.581212296118706,0.4425,0.091,0.0474,0.4191,-0.2,0.15057623147427412,1.0473146186231466,2,100,1.1266335370840106,1.105263157894737,0.9714285714285714,1.2996123244247428,1.2222222222222223,0.9904761904761905,1.136012411037376,1.311007829245713,1.06884541840733,1.1306074567751279,1.0724627388873704,1.1615449178799593,1.0995481379856904
0.5478404926086679,0.461,0.0686,0.0484,0.422,-0.2,0.11474259534855857,0.9546859404253345,3,100,1.1312185779946975,1.1111111111111112,0.9714285714285714,1.317464103279305,1.2333333333333334,0.9904761904761905,1.1383366300763313,1.3259977117086248,1.0830932207639645,1.1509400904356513,1.07221826280014,1.1663321031013743,1.1017184203974186
0.4143865120080665,0.6095,0.0497,0.0497,0.2911,-0.2,0.182276161327083,0.9886828397654662,3,100,1.1322218845788266,1.1199999999999999,0.9809523809523809,1.3244492623947397,1.25,0.9904761904761905,1.1360690201214525,1.3236377192264486,1.0896501794868299,1.1653613591253833,1.077571216641161,1.175361108951246,1.1048965506099937
0.5943798368103712,0.4538,0.0532,0.0532,0.4398,-0.2,0.14020477981570695,0.9449378949091748,2,100,1.123066434759336,1.1038961038961037,0.9619047619047619,1.2876530085642233,1.2,0.9904761904761905,1.1327468276728214,1.3034819287135881,1.0593120771193927,1.1166739077626386,1.0690523143016333,1.1533853113503603,1.0960593745304847
0.3653613395192059,0.6238,0.0935,0.0508,0.232,-0.2,0.11154900636653549,0.904229603267288,1,100,1.1302395284346332,1.119047619047619,0.9523809523809523,1.3229774007568478,1.2460732984293192,0.9904761904761905,1.134733224374452,1.3212276531547735,1.0954248153698702,1.1740101041694169,1.0791347320271776,1.1809007550314807,1.1046871302309054
0.4358982860557714,0.6268,0.098,0.051,0.2242,-0.2,0.2912582744141931,0.9424294815046603,3,100,1.1308879174081825,1.1111111111111112,0.9428571428571428,1.305563937973607,1.2112676056338028,0.9904761904761905,1.142726733847349,1.32097547656259,1.0718135473611243,1.1365209158213612,1.0764193328286422,1.1624822064092553,1.1036536251184124
0.4409064814422949,0.628,0.0896,0.05,0.2324,-0.2,0.2529542055285072,1.0484635898835952,1,100,1.131210095803434,1.1111111111111112,0.9523809523809523,1.3132612162926518,1.2253521126760563,0.9904761904761905,1.139694086518649,1.323642290857123,1.078868391269496,1.144294653018501,1.0741306683383183,1.1669215759045921,1.102670382070876
0.4131664399122065,0.616,0.0549,0.0495,0.2797,-0.2,0.1758087740085374,0.9709051936259737,1,100,1.133153074260005,1.119047619047619,0.9523809523809523,1.323672710405298,1.2460732984293192,0.9904761904761905,1.1373605180822044,1.3257028556126293,1.0899497518725105,1.1668472523612177,1.0782227955571726,1.174394683631192,1.1056879349085889
0.41109875470366286,0.6415,0.0523,0.0523,0.2539,-0.2,0.2634629117418263,0.982362179317114,1,100,1.1365758050193076,1.119047619047619,0.9523809523809523,1.324666841498749,1.2413793103448274,0.9904761904761905,1.1438966403942337,1.3322390113269964,1.0904930782917048,1.164824165747501,1.0776699144513733,1.1744819693101274,1.1071228597353404
0.41832583576588134,0.6427,0.0513,0.0513,0.2546,-0.2,0.22282528754634207,0.9661471484109734,1,100,1.1362121739957949,1.1162790697674418,0.9428571428571428,1.3251062845488542,1.2356020942408377,0.9904761904761905,1.1440280557669236,1.3341474935772817,1.0892096679728338,1.158664522098212,1.0769668050622072,1.1749117030066527,1.106589489529001
0.5557001781881451,0.4202,0.0597,0.0924,0.4277,-0.2,0.1296299630453485,0.9339599947545415,2,100,1.117619386722899,1.0961538461538463,0.9619047619047619,1.2912691790964261,1.2142857142857144,0.9904761904761905,1.1230492391981808,1.303033315583228,1.060897008775018,1.12310120138825,1.070822179023074,1.1629487539885563,1.0942207828729864
0.4134718320000591,0.6352,0.0476,0.0538,0.2634,-0.2,0.15535794006579956,1.0118414321490827,3,100,1.1334371949579731,1.119047619047619,0.9619047619047619,1.3236876869648222,1.25,0.9904761904761905,1.1388517842543198,1.325685517916195,1.0888860000826324,1.1651991565614985,1.0791309973961578,1.1761995724173835,1.1062840961770655
0.40841621491832963,0.615,0.0527,0.0501,0.2822,-0.2,0.22634493143569057,1.3859197944014343,3,100,1.1225064068828097,1.1153846153846154,0.9809523809523809,1.3201268867956109,1.267857142857143,0.9904761904761905,1.12628426980871,1.3125983248757818,1.0891850074095741,1.1730079449996471,1.0772533045354922,1.177392947232918,1.099879855709151
0.4139027210264674,0.5934,0.0896,0.0893,0.2278,-0.2,0.2859970543701606,1.386586691690701,1,100,1.1208708048757265,1.1111111111111112,0.9428571428571428,1.3106521379622915,1.25,0.9904761904761905,1.1262534053703948,1.3100627414472699,1.0803471092876198,1.1548926144044038,1.0774298110312996,1.1706222894840945,1.0991503079535132
0.3541614173861893,0.6487,0.064,0.0493,0.238,-0.2,0.1493990819244519,0.9659722424665571,2,100,1.1316198295834305,1.1162790697674418,0.9714285714285714,1.3248821445730878,1.2564102564102564,0.9904761904761905,1.1357478145818296,1.321633171597982,1.096995478506647,1.1759509421675782,1.0811640229076638,1.1792008532277274,1.1063919262455473
0.393132702014645,0.6424,0.0544,0.0535,0.2497,-0.2,0.27805811375265843,1.0682407412429913,3,100,1.131474682817942,1.119047619047619,0.9809523809523809,1.322228521735058,1.2535211267605633,0.9904761904761905,1.1353803025488138,1.3221619701910172,1.0933948700508092,1.1712918310646248,1.0782050465270225,1.1752425605914196,1.1048398646724822
0.5874334256334813,0.4594,0.0803,0.0479,0.4124,-0.2,0.10239703555279553,1.0040914887534456,2,100,1.1259595699331737,1.107843137254902,0.9714285714285714,1.2960908480230482,1.2000000000000002,0.9904761904761905,1.135638685295296,1.3079242506445368,1.0685199553348006,1.1279910819250027,1.0701810334764192,1.158478571831646,1.0980703017047966
0.5125807018312286,0.4607,0.0496,0.0496,0.4402,-0.1,0.20917236790590066,1.0334979846293515,1,100,1.1203616359037878,1.1111111111111112,0.9523809523809523,1.3198809886122835,1.2580645161290323,0.9904761904761905,1.1234627710129357,1.3133046152207757,1.0904709820765324,1.1782909064715368,1.0755034621492843,1.1795494624490073,1.097932549026536
0.5096095232971882,0.4173,0.083,0.0465,0.4533,-0.1,0.2153525522054614,1.006768002654792,3,100,1.095488077284181,1.077922077922078,0.8761904761904762,1.3065280754607047,1.2413793103448274,0.9904761904761905,1.0906306466992983,1.2936894003203185,1.0872543555197056,1.1753095028592735,1.065872844682819,1.1733022271417588,1.0806804609835
0.44697715788310105,0.6471,0.0493,0.0812,0.2224,-0.2,0.2784722020851351,1.3935186051994946,2,100,1.1259310924349804,1.1111111111111112,0.9619047619047619,1.3101438922465087,1.2408376963350785,0.9904761904761905,1.1330072977443577,1.3136671845453831,1.0840309221136195,1.1535790268789188,1.0701223334714318,1.1611260519675635,1.0980267129532062
0.5461099430154908,0.4167,0.0875,0.0474,0.4484,-0.1,0.26599513011292786,1.0199390713431982,1,100,1.1239222654790322,1.1111111111111112,0.9428571428571428,1.3173055771783475,1.256544502617801,0.9809523809523809,1.1282527704024725,1.313338683834723,1.0950913448300599,1.1735766794081577,1.0819505870462405,1.1805888879016795,1.1029364262626364
0.5255106931027381,0.4203,0.0649,0.0882,0.4266,-0.1,0.2625478156913936,0.9640982323356032,1,100,1.1103793809094935,1.0930232558139534,0.9428571428571428,1.305634708429122,1.2413793103448274,0.9809523809523809,1.1105212955661008,1.2999334555597772,1.0820924860767418,1.1615885175055225,1.0706310718941394,1.1735246285830192,1.0905052264018165
0.5272804330145836,0.4411,0.0502,0.0755,0.4332,-0.2,0.1130890330850495,0.9877643403603897,3,100,1.1180304929556109,1.1025641025641026,0.9238095238095239,1.3118132311297832,1.2333333333333334,0.9809523809523809,1.1184482287491337,1.3132325876098598,1.0776441416991387,1.1509769916968478,1.065256815274035,1.1674081295668408,1.091643654114823
0.5446072892920226,0.4318,0.0492,0.0492,0.4699,-0.2,0.19306844885446206,1.0224442017187905,1,100,1.128896945989846,1.1153846153846154,0.9523809523809523,1.3218368875001945,1.2394366197183098,0.9904761904761905,1.13535147742427,1.3283329916773923,1.082883661020834,1.1565690239503996,1.0733838889281195,1.1715793718856844,1.1011404174589827
0.4198120783978637,0.5737,0.0759,0.0879,0.2626,-0.2,0.18379802186553829,0.9080302599094132,3,100,1.1304790437008039,1.1111111111111112,0.9619047619047619,1.3171063727019803,1.2333333333333334,0.9904761904761905,1.1388342524794874,1.3281329261600787,1.0793212058692185,1.1491059113702058,1.0739082699509739,1.172600589321652,1.102193656825889
0.4242906309858082,0.6507,0.0508,0.0508,0.2478,-0.2,0.22370620769846633,1.3659499820249823,2,100,1.1279487054057529,1.119047619047619,0.9809523809523809,1.3160258652236598,1.2545454545454546,0.9904761904761905,1.132870997541286,1.3118556501402874,1.0925252848621811,1.1726486335316653,1.0782917032000976,1.1731788762820976,1.1031202043029253
0.3524823131798573,0.6751,0.0509,0.0509,0.2231,-0.2,0.29274604585040265,0.9896414656513743,2,100,1.1322717515411247,1.1188118811881187,0.9809523809523809,1.3240160904905116,1.25,0.9904761904761905,1.1376784859135074,1.323599561452841,1.0896972779565997,1.1682150669536473,1.0790239762942446,1.1782116169284838,1.1056478639176848
0.35296072891286134,0.6501,0.0474,0.0488,0.2538,-0.2,0.2401355557553388,1.0791269762767395,2,100,1.126125158731575,1.1162790697674418,0.9619047619047619,1.3218116240677533,1.2617801047120418,0.9904761904761905,1.1293328649240617,1.3145543087130689,1.092834662280949,1.1741953714592128,1.0787981725257998,1.1822223617708532,1.1024616656286874
0.5412374914297226,0.4539,0.0489,0.0966,0.4006,-0.2,0.18755390445272363,0.9568102621053031,2,100,1.119583110001633,1.1025641025641026,0.9619047619047619,1.291399849377862,1.2000000000000002,0.9904761904761905,1.1280014127129634,1.3053034668529127,1.0612450892524126,1.125140441365532,1.0736921863648907,1.1639752801326215,1.0966376481832618
0.35486984723138515,0.652,0.0775,0.0471,0.2234,-0.2,0.2109282291114558,1.0350611257334967,3,100,1.1327092693846226,1.1188118811881187,0.9809523809523809,1.3258404679025868,1.2617801047120418,0.9904761904761905,1.1373767841330344,1.3242985569964034,1.0965895925656957,1.1755043156475764,1.0775962786060562,1.1805836725911634,1.1051527739953393
0.3542551817646777,0.6457,0.0529,0.0638,0.2376,-0.2,0.22235903208760469,1.2909788803465279,1,100,1.1230233969189414,1.1153846153846154,0.9523809523809523,1.3230957108093928,1.2647058823529411,0.9904761904761905,1.1253847811192057,1.313974796658766,1.0863641218780729,1.1701184508902682,1.0759811928721408,1.180039968784306,1.099502294895541
0.5846007561307909,0.4657,0.047,0.047,0.4402,-0.1,0.20402537399399237,0.9899265376845361,2,100,1.1317562801833323,1.1111111111111112,0.9523809523809523,1.3142335747774447,1.2356020942408377,0.9904761904761905,1.1382384107321608,1.3173939245714226,1.088449386698042,1.1649458273255284,1.0767217689279334,1.1721662777737185,1.1042390245556328
0.4405902218817779,0.6215,0.0447,0.0682,0.2655,-0.2,0.2970710161196213,1.3100647011395279,3,100,1.1273802836648463,1.1153846153846154,0.9619047619047619,1.314965184729842,1.25,0.9904761904761905,1.1323535801369167,1.3131199027523426,1.0866695150438401,1.1639232882321657,1.0776009187901974,1.1712164573592223,1.102490601227522
0.37759238420408137,0.6565,0.0582,0.0827,0.2026,-0.2,0.24141775215926706,1.2084915905656197,3,100,1.1274977459069138,1.1188118811881187,0.9714285714285714,1.3175672590993877,1.25130890052356,0.9904761904761905,1.1327177153997336,1.3161324882685062,1.0912217424015054,1.1657889800418473,1.079269817195857,1.1749310918473304,1.1033837815513854
0.532926245959777,0.4257,0.0851,0.0857,0.4035,-0.1,0.2451046500185255,1.0135868460856985,2,100,1.1197049932009024,1.1076923076923078,0.9523809523809523,1.307893302714931,1.2435897435897434,0.9809523809523809,1.126370488619261,1.3087096779654648,1.0796571556151748,1.155313165197085,1.0760517837095525,1.1725443251071281,1.0978783884552274
0.4020672402471538,0.6636,0.0505,0.0505,0.2354,-0.2,0.14389114603050468,0.9043224159760661,3,100,1.1348189179262882,1.1111111111111112,0.9523809523809523,1.324311051803632,1.248072410325176,0.9904761904761905,1.1419202940835542,1.33270121011029,1.0865326937881505,1.1601013854875253,1.0774584660930568,1.1742749183175636,1.1061386920096725
0.5888058695014871,0.4559,0.0509,0.0652,0.4279,-0.2,0.1811752371219265,0.9699127222904068,2,100,1.1197187828303925,1.1,0.9619047619047619,1.285139758299716,1.2000000000000002,0.9904761904761905,1.1283181863411451,1.300266389066757,1.0579049238575,1.115281449461166,1.0666440305947893,1.1513592388608294,1.093181406712591
0.44592092728445765,0.6448,0.0634,0.05,0.2418,-0.2,0.2751963121574916,1.0081713273889903,1,100,1.1287361517768462,1.1071428571428572,0.9523809523809523,1.3083973598575047,1.2112676056338028,0.9809523809523809,1.1386384905241602,1.319253801518566,1.0751323743717878,1.1434004328163574,1.0733013282924917,1.1666396616361365,1.101018740034669
0.5289834113849492,0.4395,0.0853,0.0469,0.4283,-0.2,0.1554285585726428,1.024372406130868,1,100,1.1334010419298037,1.1162790697674418,0.9428571428571428,1.3257278696609254,1.2352941176470589,0.9904761904761905,1.1394926528968863,1.331345375269428,1.0898321281942853,1.1621230277966044,1.077782682531457,1.1715332826385298,1.1055918622306304
0.3834130040501546,0.6263,0.0869,0.0516,0.2352,-0.2,0.2172994445191594,0.9627786739603978,1,100,1.1352738518343923,1.119047619047619,0.9523809523809523,1.324627225358014,1.2408376963350785,0.9904761904761905,1.1412672342720962,1.3289420099988585,1.0948197903473378,1.170107186646136,1.079656212596118,1.1766900240290674,1.1074650322152553
0.541666599803988,0.4033,0.073,0.0771,0.4467,-0.1,0.23215456822408995,1.049764155933411,3,100,1.111626844110071,1.0952380952380951,0.9428571428571428,1.3101566320803435,1.25,0.9809523809523809,1.1116984244639645,1.3029310944043773,1.0830805134397117,1.165624873245835,1.0713814134248416,1.1729819516498472,1.0915041287674563
0.5901641853566439,0.4091,0.0481,0.0736,0.4692,-0.1,0.2984568608250754,1.0964733366209065,1,100,1.122963407352456,1.1136363636363635,0.9523809523809523,1.3099629328498577,1.2435897435897434,0.9904761904761905,1.128533433808592,1.3104034809446239,1.08470127895884,1.1585843607685786,1.077469742561054,1.1729959132773191,1.100216574956755
0.376586996145952,0.5724,0.09,0.085,0.2526,-0.2,0.1969176377347724,1.0557501807931589,1,100,1.1216601375932622,1.1111111111111112,0.9333333333333333,1.3153687606144198,1.25,0.9809523809523809,1.1229733759542615,1.31244306640847,1.0873376718435401,1.1679271345359798,1.0752663713951027,1.178260338940609,1.0984632544941824
0.42194629559509367,0.6152,0.0468,0.0801,0.2579,-0.2,0.14320930397751036,1.0254617681404887,1,100,1.132559668432354,1.1153846153846154,0.9428571428571428,1.3196472092271587,1.2413793103448274,0.9904761904761905,1.139277830030896,1.3247314123718494,1.0817466972721699,1.1597613551337074,1.0772460608439303,1.1728249495683434,1.104902864638142
0.411971938937964,0.6352,0.0738,0.0485,0.2425,-0.2,0.2927970608165824,1.298362516282582,3,100,1.1303868098954999,1.119047619047619,0.9714285714285714,1.3213824168016453,1.257294429708223,0.9904761904761905,1.1352170144240439,1.3188576177439382,1.0949445825445454,1.168458486672793,1.0780835080079494,1.1725977036292512,1.1042351589517247
0.5118953310740212,0.4752,0.0522,0.0522,0.4205,-0.1,0.29168484076291956,0.9643065982964664,1,100,1.1242286241287762,1.1118881118881119,0.9523809523809523,1.3196493325058891,1.263157894736842,0.9809523809523809,1.1305999518467524,1.3152506028738382,1.0894314254981532,1.1712994877173466,1.0765760886575233,1.1788385195126456,1.1004023563931498
0.41065321004079447,0.6139,0.0455,0.0734,0.2672,-0.2,0.2710359192022829,1.3427173219814836,3,100,1.1215664606959304,1.1111111111111112,0.9619047619047619,1.315556555295791,1.25130890052356,0.9904761904761905,1.1259919176355409,1.3109530586232883,1.0851536859474478,1.1668727853930096,1.0772992568638826,1.175270833795473,1.0994328587799065
0.40327222760657405,0.6028,0.0783,0.0602,0.2587,-0.2,0.16329176292676206,0.9576311228364923,1,100,1.1327150983749663,1.1153846153846154,0.9523809523809523,1.3238069886066983,1.2356020942408377,0.9904761904761905,1.1392005979888025,1.328209959408162,1.0909545884916538,1.1677071445301246,1.0774675898676267,1.1748222366770735,1.1050913441212966
0.4229685708677378,0.6168,0.0939,0.0502,0.2391,-0.2,0.15529930652529,1.0872279973676924,2,100,1.1336985579835603,1.1111111111111112,0.9333333333333333,1.3223164825150202,1.2453580901856762,0.9904761904761905,1.140167990790165,1.3275159804672998,1.0923497804960163,1.1671681099047433,1.0796510278506988,1.176268816478652,1.1066747929171297
0.35489637098232796,0.6059,0.0774,0.0661,0.2505,-0.2,0.22345351504412986,1.0243795546750492,3,100,1.1248236328513666,1.1162790697674418,0.9523809523809523,1.3235717726894618,1.2571237009721756,0.9809523809523809,1.1294819225441382,1.3215437934487606,1.0886783039832344,1.166511505233964,1.0772264471649544,1.1790219132819122,1.1010250400081605
0.4435381369566495,0.6422,0.0565,0.0486,0.2528,-0.2,0.24676402566265965,0.9393484361501263,1,100,1.1314485755818129,1.1111111111111112,0.9333333333333333,1.313424120773004,1.2321428571428572,0.9809523809523809,1.1418945375287617,1.3249868906202442,1.0756773028815538,1.1426429185000029,1.0747026681708582,1.1665235733074848,1.1030756218763356
0.39695558112758084,0.6373,0.0914,0.0472,0.224,-0.2,0.11894713590842856,0.9259843010670943,3,100,1.135156933719078,1.1162790697674418,0.9809523809523809,1.3234394327065635,1.2413793103448274,0.9904761904761905,1.1424086047010578,1.3285507034326876,1.0931085005401329,1.1711489326535482,1.0759501541103487,1.1730683346260042,1.1055535439147133
0.5710016880054624,0.4161,0.049,0.049,0.4859,-0.2,0.16355603540101848,1.0487989445389982,3,100,1.1303100483679336,1.1118881118881119,0.9714285714285714,1.3192312981570373,1.2394366197183098,0.9904761904761905,1.1361948371233663,1.324486789384243,1.0771234156589153,1.1479286857161992,1.0734773223177618,1.169871742169565,1.1018936853428478
0.36058974037507535,0.6524,0.0471,0.0523,0.2482,-0.2,0.11403395970639126,0.9838228638632608,1,100,1.128930408999904,1.1162790697674418,0.9523809523809523,1.3273679289053981,1.2617801047120418,0.9904761904761905,1.1329764292575366,1.323876591576456,1.0962184794477314,1.1728359594950155,1.0775706018877342,1.1806092361124687,1.103250505443819
0.40810611397003954,0.6033,0.0581,0.0494,0.2892,-0.2,0.1346869804534837,1.0181830982962834,1,100,1.1300763929253725,1.1162790697674418,0.9619047619047619,1.3244111909000296,1.256544502617801,0.9904761904761905,1.134591099882862,1.3226657180328518,1.0961469820216276,1.176087867731544,1.0800598787016977,1.1792753265843154,1.1050681358135352
0.41747503563802235,0.6339,0.0598,0.048,0.2583,-0.2,0.26825881222168835,1.2148141105477412,3,100,1.1306777715485523,1.1162790697674418,0.9523809523809523,1.3221469930085223,1.263157894736842,0.9904761904761905,1.1349338875776491,1.3185370287364995,1.0939475058855963,1.169658973324657,1.0776738805315387,1.1764513325189723,1.1041758260400454
0.40170194868494297,0.6185,0.0701,0.084,0.2274,-0.2,0.2741716410519735,1.046227195330559,2,100,1.1318446952119934,1.1153846153846154,0.9428571428571428,1.3189888514920909,1.2413793103448274,0.9904761904761905,1.1399946208199392,1.3266623700625608,1.0846766710648486,1.1582993549617928,1.0753703474289138,1.1699658039055796,1.1036075213204537
0.528352076659923,0.476,0.051,0.051,0.422,-0.1,0.2674736547349278,1.0820653820370505,3,100,1.1257976951129722,1.1142857142857143,0.9619047619047619,1.3200559538209653,1.256544502617801,0.9809523809523809,1.1321561286020534,1.3155902495606673,1.0903252502491807,1.173175599828713,1.0821030238967484,1.1778648216673977,1.1039503595048603
0.5589331166127477,0.4242,0.0491,0.0491,0.4777,-0.1,0.23586727915279113,0.9817338754733426,2,100,1.1243165792992162,1.1136363636363635,0.9619047619047619,1.318902890234188,1.2617801047120418,0.9809523809523809,1.1304132098057675,1.3153007145042697,1.0886214870446056,1.1701836088563051,1.0766608648478557,1.1805150773508573,1.100488722073536
0.5515755676288052,0.422,0.0508,0.099,0.4282,-0.2,0.1936176931640196,1.0954385459828715,1,100,1.1200189739987447,1.103960396039604,0.9428571428571428,1.3035711758878836,1.2333333333333334,0.9809523809523809,1.1236757708877798,1.309287575753591,1.0700885326087095,1.1385737160690106,1.067818385050641,1.1615855736394938,1.093918679524693
0.4215407129615802,0.6328,0.0549,0.0473,0.2651,-0.2,0.1738984003915542,0.9262115503114626,2,100,1.136065361619408,1.1153846153846154,0.9523809523809523,1.3247941917953734,1.2413793103448274,0.9904761904761905,1.1432324552244881,1.3330374059872532,1.0870842409217492,1.161874498946427,1.078571265410392,1.1728040217681417,1.1073183135149
0.5796060447625871,0.4426,0.0527,0.0527,0.452,-0.2,0.19076048913904825,1.0605441210576732,2,100,1.1276787866078817,1.1111111111111112,0.9523809523809523,1.3086661348021835,1.2249999999999999,0.9904761904761905,1.1335237474629976,1.317716713878652,1.0703531044909242,1.139184184890024,1.0738264466896705,1.1663567961522585,1.100752616648776
0.40042193555377686,0.5701,0.0696,0.0911,0.2692,-0.2,0.25318238557779343,1.2629163138071686,1,100,1.1182037725469065,1.1111111111111112,0.9619047619047619,1.3140987938981283,1.2525252525252526,0.9904761904761905,1.1219088287902512,1.3092509731541815,1.0843197907396858,1.166855088258868,1.0727511527456721,1.176554430131985,1.0954774626462893
0.44975800372629177,0.6378,0.0507,0.0507,0.2608,-0.2,0.2700881010120658,1.0190425680826745,3,100,1.131520976302693,1.1111111111111112,0.9619047619047619,1.3151835109283376,1.2352941176470589,0.9904761904761905,1.1384305098242848,1.3225354426043057,1.077925833742447,1.1452544729593084,1.0738368351175638,1.1682992496379991,1.1026789057101283
0.4266875568107198,0.6184,0.0772,0.0819,0.2225,-0.2,0.28063987287958786,1.2616919244995501,3,100,1.1296397835044367,1.1176470588235294,0.9523809523809523,1.316064185285736,1.2413793103448274,0.9904761904761905,1.1377600893610185,1.3202248945074546,1.0809514928339399,1.1513586473907866,1.075433777931906,1.166744064540336,1.1025367807181714
0.5129030057182042,0.4778,0.0478,0.0478,0.4266,-0.1,0.21523267101575758,1.026456562606042,1,100,1.121731756194052,1.1153846153846154,0.9523809523809523,1.3192123408546872,1.2535211267605633,0.9809523809523809,1.127643283678026,1.3142706556717456,1.0928647228992712,1.1762546512923366,1.0769691153808316,1.1812964419158285,1.099350435787442
0.5246725053479472,0.425,0.0464,0.073,0.4557,-0.2,0.1736523217701888,1.035594370509009,2,100,1.1026489206493524,1.0833333333333333,0.8380952380952381,1.3033340684417465,1.2241379310344829,0.9904761904761905,1.0968402571901374,1.2993315516114137,1.0749314347625074,1.1513093097755125,1.0611990193631329,1.1642354635562553,1.0819239700062426
0.3966509263138343,0.6276,0.0501,0.0501,0.2722,-0.2,0.2361298898852683,1.37052454380789,1,100,1.1225448303543526,1.1153846153846154,0.9714285714285714,1.3189414226740208,1.25,0.9904761904761905,1.1268535781284243,1.3116158290377686,1.0873121783897233,1.1716603672486516,1.0776440131142246,1.177637540055487,1.1000944217342887
0.5475561173232936,0.3884,0.0941,0.0479,0.4695,-0.2,0.10603308185742216,1.0644427092187614,3,100,1.1034611341161513,1.0952380952380953,0.8761904761904762,1.3095306123856276,1.2394366197183098,0.9904761904761905,1.0977983318939037,1.3026175725761466,1.0819341659522492,1.1618446669595472,1.0643841220810466,1.1677899470964646,1.083922628098599
0.3584819272311832,0.6021,0.0911,0.0466,0.2602,-0.2,0.2555461710137764,1.0604119573971449,3,100,1.1290519310141673,1.1188811188811187,0.9714285714285714,1.3228858654395772,1.259470331880657,0.9904761904761905,1.1326434207418907,1.3183896681452891,1.0923050947592354,1.172281979609906,1.077691432690128,1.1827162314801474,1.1033716818521477
0.4152433056521032,0.6267,0.0539,0.0669,0.2525,-0.2,0.2316214151824043,1.0574864443971908,1,100,1.1325691287154238,1.1162790697674418,0.9523809523809523,1.320221641245353,1.2460732984293192,0.9904761904761905,1.139979370398503,1.32443981092658,1.085785923059536,1.1581700507529762,1.0765523405120743,1.1738080218492455,1.1045607346137492
0.4484649533617644,0.6086,0.0894,0.0487,0.2533,-0.2,0.23615360786391992,1.0626318691640226,1,100,1.1326817342303597,1.1111111111111112,0.9714285714285714,1.315858244228,1.2333333333333334,0.9904761904761905,1.1414164303768293,1.3250127201248845,1.0816183493425373,1.1503068609393534,1.0742158055344453,1.1674998618881847,1.1034487698824025
0.4499104730474239,0.6664,0.0484,0.0811,0.2041,-0.2,0.1665684736106537,1.0300250031117595,2,100,1.125232794990174,1.1052631578947367,0.9523809523809523,1.298966003147626,1.2041884816753927,0.9809523809523809,1.1362819207752752,1.3131986898888646,1.070937321339923,1.1353285970095286,1.0715179680817073,1.1578202718075068,1.0983753815359405
0.4402602396543842,0.6845,0.051,0.051,0.2136,-0.2,0.1455776289833611,0.940472672959046,3,100,1.130495419194978,1.1111111111111112,0.9333333333333333,1.3091832115454634,1.2146596858638743,0.9809523809523809,1.1414649310386913,1.3250874050700514,1.0740756272307868,1.1370119150000724,1.0749949611020702,1.1642178344490126,1.1027451901485241
0.3702088101645478,0.6092,0.0753,0.088,0.2275,-0.2,0.21857661348710872,1.0044024602733024,1,100,1.1281386455830513,1.1111111111111112,0.9523809523809523,1.3184129531813829,1.2413793103448274,0.9904761904761905,1.132886984449732,1.3208392565683953,1.09042950801291,1.1659528896109765,1.077646926769951,1.1720916525752596,1.1028927861765012
0.40098303660570495,0.5999,0.0721,0.0838,0.2442,-0.2,0.23122142729220782,1.3938917167451175,1,100,1.1217260756422196,1.1111111111111112,0.9619047619047619,1.3162729268890767,1.2506631299734747,0.9904761904761905,1.1266162633135801,1.3115660794945896,1.0840831042380654,1.1654909716565873,1.074819029596169,1.1712501046595845,1.0982725526191943
0.36554415640834226,0.6669,0.0501,0.0501,0.2328,-0.2,0.28743143652908076,0.9566493866500229,2,100,1.1324991066767187,1.1162790697674418,0.9619047619047619,1.3243641661029095,1.25,0.9904761904761905,1.1369212524665504,1.3249258768432544,1.0893773190203762,1.1645500940159037,1.0773034910849395,1.175190319183791,1.104901298880829
0.3662743486104958,0.6329,0.0462,0.0789,0.242,-0.2,0.2772937388135284,1.0710983083581171,2,100,1.1273354947568286,1.1162790697674418,0.9619047619047619,1.3206298084531227,1.2564102564102564,0.9904761904761905,1.132089182296488,1.319152856400839,1.089472711741995,1.1658026814827978,1.0750538661895206,1.1759194928820336,1.1011946804731747
0.4481004811353773,0.591,0.0741,0.0595,0.2755,-0.2,0.20423461139987048,1.2889875522054013,3,100,1.1298023403066861,1.123076923076923,0.9714285714285714,1.3181553484872937,1.25,0.9904761904761905,1.1349470581551513,1.3170009142028036,1.0910285049706767,1.167195526876861,1.0770562520990374,1.172780883765309,1.1034292962028618
0.5074057683369074,0.4058,0.0496,0.0496,0.495,-0.2,0.11325420809514136,1.0654509191181474,1,100,1.075570010542164,1.0615384615384613,0.8,1.2963628124511826,1.25,0.9904761904761905,1.0623702903907861,1.2797886332807522,1.068991830705441,1.1578125531498138,1.0494755964951188,1.1633993037141341,1.0625228035186414
0.359417734788765,0.6255,0.0462,0.0793,0.2491,-0.2,0.1975622351636756,1.0522279403980705,3,100,1.1247284063029508,1.1162790697674418,0.9523809523809523,1.3177470729110583,1.2535211267605633,0.9904761904761905,1.1282293214117167,1.3131099370099255,1.0861968384719707,1.1631533882453153,1.075548087846357,1.178953735569884,1.100138247074654
0.5980821145533035,0.407,0.049,0.0607,0.4833,-0.1,0.20696406365913947,0.9275995034695811,2,100,1.1286915719076047,1.1111111111111112,0.9619047619047619,1.3158627769160127,1.2413793103448274,0.9904761904761905,1.136290976741472,1.3209022717787537,1.0858139501396584,1.1661185312687161,1.076301601075117,1.174293675802068,1.1024965864913607
0.35222688206296004,0.6031,0.047,0.0735,0.2764,-0.2,0.2601372762811348,1.3527688134576716,2,100,1.0806478161396764,1.0681818181818183,0.8095238095238095,1.298052258886471,1.2413793103448276,0.9809523809523809,1.0685108799531393,1.2776346172272772,1.0761729056748812,1.1639899718596587,1.0571900476366827,1.1665084193964472,1.0689189318881795
0.5344141078063348,0.4657,0.0515,0.0515,0.4313,-0.2,0.10968101493049714,1.089463959145921,1,100,1.1309324807591281,1.1250000000000002,0.9523809523809523,1.3207848932979476,1.2535211267605633,0.9904761904761905,1.1357702112970605,1.3231608409020739,1.0847536386685952,1.1621778973912729,1.079347916537912,1.1735180761700454,1.10514019864852
0.5094286053488007,0.4195,0.0487,0.0487,0.4831,-0.2,0.18673030405011815,1.0415687788802896,3,100,1.0935038591887605,1.0833333333333335,0.819047619047619,1.3036240780399564,1.2435897435897434,0.9904761904761905,1.0841051220600657,1.2896618998330065,1.0771448431420594,1.1602430121619218,1.0624420012772222,1.171856275667689,1.0779729302329915
0.3543803765787229,0.648,0.0732,0.047,0.2319,-0.2,0.11542894920675478,1.036609790648491,3,100,1.128928164845351,1.1162790697674418,0.9714285714285714,1.3254699482803929,1.263157894736842,0.9904761904761905,1.1317494119693057,1.3198399073894727,1.090758178291622,1.1725997503050691,1.0814760403369035,1.1817981272447469,1.1052021025911274
0.3736744871104396,0.6606,0.0818,0.048,0.2096,-0.2,0.12493875758322118,1.0142465303485546,2,100,1.1324932810193142,1.1199999999999999,0.9619047619047619,1.3240749186595226,1.25,0.9904761904761905,1.137512023027887,1.3230692281731904,1.0987519730830415,1.1772971810689543,1.0797776082101591,1.1786185855955964,1.1061354446147367
0.5592956631149617,0.4696,0.0523,0.0523,0.4257,-0.2,0.12279677722231824,1.02752179604581,3,100,1.1299319714769198,1.1111111111111112,0.9619047619047619,1.3139415716816356,1.2333333333333334,0.9904761904761905,1.1360008539123079,1.3225072497805324,1.0777410767410063,1.1445547188711893,1.0752560748426385,1.168705545849458,1.1025940231597793
0.40127392446067583,0.6526,0.0498,0.0624,0.2352,-0.2,0.27367056884822205,1.0772805773447416,1,100,1.1335784366624209,1.1162790697674418,0.9428571428571428,1.3228186274368932,1.25,0.9904761904761905,1.140141597224977,1.3268009560134844,1.090569328988429,1.1634269386562244,1.0788903348111112,1.1750241831779273,1.106234385736766
0.4284763449252188,0.6107,0.0864,0.0745,0.2284,-0.2,0.10178367839769877,0.921828799353147,3,100,1.13254395470019,1.1111111111111112,0.9523809523809523,1.3150854843915407,1.2320954907161803,0.9904761904761905,1.1422061558401233,1.3257350235940255,1.0775457060973501,1.1466681201596598,1.0742343037827102,1.1709194381548924,1.1033891292414502
0.5538941766264187,0.4026,0.0483,0.0832,0.4659,-0.1,0.28191998792939804,0.9185512154848989,3,100,1.1095581547212812,1.0930232558139534,0.8952380952380953,1.3068552053570421,1.25,0.9809523809523809,1.108745503742878,1.300370319298897,1.0817459403885203,1.1579951251039189,1.0701923646521896,1.1740299782940518,1.0898752596867354
0.5215924790431267,0.3958,0.0806,0.0694,0.4542,-0.2,0.1531292754818605,1.05585398871496,3,100,1.1000760346306306,1.0789473684210527,0.8380952380952381,1.304614927237319,1.2241379310344829,0.9904761904761905,1.09212914943237,1.2974351284229138,1.078405721582301,1.158860874072463,1.0620358366698133,1.1661135602494097,1.0810559356502218
0.4298097435818333,0.6061,0.0461,0.0834,0.2644,-0.2,0.20998624771607294,0.9408794734162859,3,100,1.1324033205853572,1.1111111111111112,0.9714285714285714,1.3157336286631927,1.2333333333333334,0.9904761904761905,1.1392410888620452,1.3249254681468983,1.077994530600888,1.1470691377288165,1.0774358369978778,1.1703303300351144,1.1049195787916175
0.5642252418567995,0.4172,0.0497,0.0497,0.4834,-0.2,0.16904019545155013,1.0965974343071814,1,100,1.1283525893349238,1.125,0.9523809523809523,1.320453670670521,1.25,0.9809523809523809,1.133758568925427,1.3239651350460417,1.0831565972161354,1.15907973826103,1.074492948869655,1.1715759272072581,1.1014227691022893
0.5772352987674568,0.4272,0.0497,0.0497,0.4733,-0.1,0.22068135275140316,1.08830777134762,2,100,1.124832325427382,1.1111111111111112,0.9619047619047619,1.3175239643825527,1.25,0.9809523809523809,1.1311029547738063,1.314951896919813,1.0931080401644941,1.1711507752963344,1.0803696483840466,1.1770920803580356,1.1026009869057143
0.5791451487807623,0.4381,0.0538,0.078,0.4302,-0.2,0.14609313910731103,0.9162308000847799,3,100,1.116807496306692,1.1025641025641026,0.9523809523809523,1.2803587552755342,1.2,0.9904761904761905,1.125388814362577,1.2949335222404215,1.0567115821985016,1.1138362416551617,1.0692958784144158,1.1546915181395128,1.0930516873605538
0.4471135151802328,0.6077,0.0499,0.0928,0.2497,-0.2,0.22588356372373997,1.3009090479407874,2,100,1.1273205705008347,1.1111111111111112,0.9714285714285714,1.313023496496105,1.2435897435897434,0.9904761904761905,1.1347882448424416,1.3167399391989598,1.079852426873285,1.150321336327902,1.075688642104027,1.1678465838704284,1.1015046063024307
0.4184562073393677,0.6685,0.0524,0.0524,0.2267,-0.2,0.23394777542089026,1.0909796783711616,3,100,1.135401022847088,1.1153846153846154,0.9619047619047619,1.3226546150067888,1.2454545454545454,0.9904761904761905,1.1425318023204805,1.3271571215185936,1.0901579781990838,1.1613425626748952,1.0765861496717481,1.17117670857961,1.1059935862594181
0.577462388129223,0.428,0.0526,0.0526,0.4668,-0.1,0.20348383502799156,1.030451521293171,3,100,1.1285578915069006,1.113861386138614,0.9619047619047619,1.3202612047634288,1.25,0.9904761904761905,1.133826191906665,1.3176353277575201,1.0932096102156195,1.1713346293935702,1.0807100057020393,1.176672458394222,1.1046339486044698
0.5923783316093181,0.4454,0.0723,0.0765,0.4058,-0.1,0.24379896029203726,1.027802729852833,3,100,1.124782734054866,1.1025641025641026,0.9619047619047619,1.3001796739003122,1.2075092189071404,0.9904761904761905,1.1369676089982685,1.3142352129991346,1.075870538616999,1.1386885065266605,1.0684237741700209,1.1592776467233026,1.0966032541124435
0.35517214916663914,0.6423,0.0969,0.0496,0.2112,-0.2,0.29454165724399484,1.2531618826550133,3,100,1.1273888843437234,1.1162790697674418,0.9809523809523809,1.324040797793448,1.2692307692307692,0.9904761904761905,1.131807334618064,1.3175536751280834,1.0898375844914585,1.1707454195269522,1.078898807945569,1.1805311538827314,1.1031438461446461
0.4272012432110988,0.6489,0.0841,0.0489,0.2181,-0.2,0.1661661263167761,0.974731545774742,3,100,1.135015618607116,1.1111111111111112,0.9714285714285714,1.316491995716579,1.2333333333333334,0.9904761904761905,1.143255554749385,1.3256586508932517,1.0816315758038584,1.1511377975817634,1.0742618693288788,1.1673539557781507,1.1046387439679974
0.5656073879095064,0.4708,0.0826,0.0473,0.3993,-0.1,0.22890835816381916,1.046945026156116,3,100,1.132552614621308,1.1111111111111112,0.9619047619047619,1.315986928929818,1.2333333333333334,0.9904761904761905,1.1413680820683103,1.321109867131306,1.0929566705118625,1.163424553380102,1.0742338065530592,1.1649269551278938,1.1033932105871838
0.39538968820763,0.6133,0.0481,0.0627,0.2759,-0.2,0.1247839562951358,0.9473324725995163,2,100,1.1300322471686794,1.123076923076923,0.9714285714285714,1.3208376674700968,1.2435897435897434,0.9904761904761905,1.1347241453033794,1.3211106169978764,1.0878955914541777,1.1658805254034732,1.0808443540807318,1.1780844492261862,1.1054383006247055
0.4094433663756452,0.666,0.0806,0.0494,0.204,-0.2,0.11461732441926982,1.0649328380912682,1,100,1.1347193826953865,1.1162790697674418,0.9428571428571428,1.3221711419572788,1.2454545454545454,0.9904761904761905,1.1410005878751943,1.3275962329600532,1.0887027986257325,1.1641789874004813,1.0775042702660664,1.172674661419831,1.1061118264807264
0.5260703781335945,0.4285,0.0493,0.0493,0.4729,-0.2,0.11535315463370474,0.9492704483566453,2,100,1.1095051663670228,1.090909090909091,0.8571428571428571,1.3109322199383207,1.2408376963350785,0.9904761904761905,1.1050897619708409,1.3057349444412363,1.0841833897565492,1.1631181018222196,1.0630226168712744,1.1655597835613485,1.0862638916191485
0.38419269385456606,0.6438,0.091,0.0513,0.2139,-0.2,0.27176391476415673,1.0614863211952563,2,100,1.1319879896243843,1.1162790697674418,0.9523809523809523,1.3221146370291605,1.25,0.9904761904761905,1.1392878604675172,1.3261316035901014,1.094189312515524,1.1677347386969454,1.0798083957405766,1.176704633158718,1.1058981926824805
0.5301320357662616,0.4293,0.0448,0.0879,0.4379,-0.2,0.1770193113537855,0.9673713087666538,1,100,1.1100803045817595,1.0833333333333335,0.8666666666666667,1.300210176898033,1.2146596858638743,0.9809523809523809,1.109395349471378,1.3032927870270534,1.0752568133734663,1.1455189396317729,1.0641140901891264,1.1613449331137866,1.087097197385443
0.5571167362055741,0.4505,0.0859,0.0515,0.4121,-0.2,0.19940777724523784,0.9077288619653769,3,100,1.1274081062442423,1.1057692307692308,0.9714285714285714,1.2934441689198293,1.2,0.9904761904761905,1.1380672153458138,1.3090653950292814,1.06495420903274,1.1265094984788717,1.0733073636701462,1.1598852865050868,1.1003577349571942
0.3724415892674687,0.659,0.0507,0.0507,0.2395,-0.2,0.204596324934014,1.270442498713025,2,100,1.1242016224691016,1.1153846153846154,0.9619047619047619,1.3205735680296853,1.267857142857143,0.9809523809523809,1.1298658805119426,1.3155942421616345,1.0889874478501353,1.1726575711737426,1.0786494894949699,1.1816400826098048,1.1014255559820358
0.4483417075992938,0.6224,0.0676,0.0528,0.2571,-0.2,0.24192723879008052,1.002916610377106,2,100,1.1294744145172988,1.1081081081081081,0.9523809523809523,1.3122996935713613,1.2333333333333334,0.9809523809523809,1.1390113106803372,1.3229946770551766,1.0786147922484655,1.1455248452896052,1.074460584343891,1.1650917967773016,1.1019674994305948
0.44511946600038416,0.6065,0.0468,0.0923,0.2544,-0.2,0.11184785772170414,1.0701067358381566,3,100,1.1287094021025617,1.1111111111111112,0.9428571428571428,1.314571226011466,1.2413793103448274,0.9904761904761905,1.1365091063584076,1.322136487641705,1.0806519836913948,1.1515853318771019,1.0737971905985615,1.168517573269559,1.1012532963505617
0.4281294035431516,0.6224,0.0482,0.0482,0.2812,-0.2,0.11105884109961103,1.0994069315675146,1,100,1.1329519645640103,1.125,0.9619047619047619,1.322581586583152,1.25,0.9904761904761905,1.136534526495775,1.3206707331873329,1.0938647412833578,1.1717489911602288,1.0793691392405418,1.175879428788683,1.106160551902276
0.363975248360931,0.6489,0.0477,0.0477,0.2558,-0.2,0.11999082024751083,0.901472453950201,3,100,1.1312960683871711,1.1162790697674418,0.9714285714285714,1.3245656313896679,1.25,0.9904761904761905,1.1356454755856424,1.3215481291969102,1.0900432873687091,1.1665138148733816,1.0809539949817724,1.176954250090865,1.1061250316844717
0.5871409086741215,0.4398,0.0891,0.0457,0.4254,-0.2,0.1634234433966728,0.9858052242714825,2,100,1.1254704269014646,1.105263157894737,0.9619047619047619,1.291643564688013,1.2000000000000002,0.9904761904761905,1.1346332560925168,1.3043227604070338,1.0643415601729296,1.12486593623224,1.0715495114551572,1.15471641921386,1.098509969178311
0.42002651020022497,0.6087,0.0655,0.0489,0.2769,-0.2,0.1312366641382041,1.06645196027904,2,100,1.1333485688742713,1.125,0.9619047619047619,1.3232974581794434,1.2535211267605633,0.9904761904761905,1.1375086444598004,1.3227406502556356,1.0970446426391676,1.176026427840682,1.0788463122856908,1.1788483704558634,1.106097440579981
0.4208091235683588,0.6301,0.0496,0.0496,0.2706,-0.2,0.27385803864573827,0.9634306342259957,1,100,1.1384406816532433,1.1199999999999999,0.9619047619047619,1.3272662325384046,1.2413793103448274,0.9904761904761905,1.1463761560340793,1.3358056119754531,1.0901578505921892,1.1642490395074372,1.077384518541104,1.1737731304465209,1.1079126000971735
0.44528993950697454,0.617,0.0804,0.0783,0.2244,-0.2,0.12909178381401185,1.003011425846343,3,100,1.1289968490505915,1.107843137254902,0.9523809523809523,1.3081266531094433,1.2175066312997347,0.9904761904761905,1.1364978019826806,1.3168826146684427,1.0754361184817107,1.1427410762373105,1.0725820491480325,1.1649513249728964,1.100789449099312
0.3641595888568775,0.6145,0.0489,0.0738,0.2629,-0.2,0.24482456132543512,0.9785145431683839,1,100,1.1280474594526235,1.1188118811881187,0.9619047619047619,1.3213287569357477,1.2564102564102564,0.9904761904761905,1.131219945479362,1.3192957483681738,1.0920335643408245,1.16942206202991,1.0752321351543237,1.17589032454148,1.1016397973034735
0.519766698225464,0.4323,0.0506,0.0967,0.4204,-0.2,0.12913294535584657,1.0058782708052574,1,100,1.1029929529706106,1.0833333333333333,0.8571428571428571,1.2993426181563326,1.206896551724138,0.9809523809523809,1.100082687160528,1.2995021078968507,1.0716656374223372,1.1438051936427251,1.0625598743641758,1.1629264130155264,1.0827764136673932
0.39618772302513877,0.6236,0.0506,0.0506,0.2753,-0.2,0.11612717790336018,1.0002089550206728,3,100,1.1310334045355532,1.119047619047619,0.9619047619047619,1.3247954194814837,1.25,0.9904761904761905,1.135626264233366,1.3222294813986906,1.0968593732866452,1.1755724339018991,1.0806406241383941,1.1782657919938915,1.1058370143369736
0.5345730805762633,0.4464,0.0659,0.0555,0.4323,-0.1,0.2378592787559731,0.9189279536498778,1,100,1.1251485888274526,1.1136363636363635,0.9714285714285714,1.3178286699250379,1.25,0.9904761904761905,1.129753395629519,1.314772312862634,1.0933008827049382,1.1705418682444635,1.0804259777599847,1.1780627348632817,1.1027872832937187
0.41578632850405284,0.6918,0.0499,0.0499,0.2084,-0.2,0.14186083007903794,1.0548642832283686,1,100,1.1353035454909077,1.119047619047619,0.9523809523809523,1.3195088576405367,1.2413793103448274,0.9904761904761905,1.1441133991013408,1.3256209569006208,1.0912135312017401,1.1583117409436312,1.0770031161208788,1.1725076244716301,1.1061533308058933
0.44425684003143384,0.6477,0.0508,0.0508,0.2506,-0.2,0.27341463457609183,1.24304874963583,3,100,1.1322267630199052,1.1153846153846154,0.9619047619047619,1.3200508362297074,1.25,0.9904761904761905,1.138253592879995,1.3215603635211906,1.0860094724025176,1.1560906081749753,1.074635018165855,1.1683166057088996,1.1034308905928802
0.5195124241092337,0.4555,0.0538,0.0538,0.4369,-0.2,0.15685697147037353,1.0824897592591283,1,100,1.1236447058584798,1.1118881118881119,0.9428571428571428,1.3203929562869348,1.256544502617801,0.9904761904761905,1.1260943949401665,1.322159258967347,1.0856030676731,1.1603916035325572,1.0715296513573946,1.1739335206523223,1.0975871786079372
0.4357572144122558,0.6563,0.0484,0.0519,0.2434,-0.2,0.14627993655935156,0.9770178992200707,3,100,1.1336582205546044,1.1153846153846154,0.9523809523809523,1.318950067332544,1.2352941176470589,0.9904761904761905,1.14131731842859,1.3258596677671,1.0830374387316712,1.1522720663692891,1.0745579488059818,1.1686608171102324,1.104108084680293
0.4348792113136089,0.6615,0.0545,0.0634,0.2205,-0.2,0.21553971192572757,1.321313267039086,1,100,1.1317357420983976,1.1162790697674418,0.9714285714285714,1.3156520835435956,1.2454545454545454,0.9904761904761905,1.1379248961526396,1.3169712121655308,1.0869636639403177,1.1591494282161108,1.0719636185628996,1.1683856279337235,1.1018496803306486
0.446981511670557,0.6449,0.0479,0.053,0.2542,-0.2,0.2984578081431625,0.9576456490975811,1,100,1.1310243523713945,1.1111111111111112,0.9333333333333333,1.3118241166679814,1.2321428571428572,0.9809523809523809,1.1403944037434421,1.3234818297695878,1.074181581180528,1.1424003750398992,1.0751684459141482,1.1662623388967186,1.1030963991427714
0.40607773745620124,0.6571,0.0483,0.0483,0.2462,-0.2,0.2505502819357067,1.3273340559832612,2,100,1.1264143248211202,1.1153846153846154,0.9714285714285714,1.317306275815382,1.25,0.9904761904761905,1.1302352747262996,1.3115617093268575,1.0924292307766952,1.1742353509807006,1.080097318648516,1.1782026348689714,1.1032558217348183
0.37947551932027634,0.6482,0.0489,0.0489,0.254,-0.2,0.26636210466603516,1.0672490353685202,2,100,1.1307811966242434,1.119047619047619,0.9714285714285714,1.3222670116038757,1.2535211267605633,0.9904761904761905,1.135455631069754,1.319326360255782,1.0923898380736587,1.171400297846437,1.0769861338944964,1.176958280764751,1.10388366525937
0.5330716066746106,0.4373,0.0486,0.0486,0.4655,-0.1,0.28787636197825395,0.9746121175116106,3,100,1.1219115969400764,1.1111111111111112,0.9714285714285714,1.3195972290185036,1.25,0.9904761904761905,1.125869507066873,1.3118629249215055,1.0915606334709995,1.1753704111305054,1.0766255386636172,1.1804359628254928,1.0992685678018468
0.3786892413563455,0.6239,0.0785,0.0922,0.2054,-0.2,0.22504330867318884,1.2525742664319566,2,100,1.1235253488807349,1.1153846153846154,0.9428571428571428,1.3116288696009335,1.25,0.9904761904761905,1.1286113029054294,1.3101423230967424,1.084568792926533,1.1596459996772663,1.0768018524657896,1.1728699294633538,1.1001636006732622
0.3611600368249227,0.6779,0.0542,0.0525,0.2154,-0.2,0.2384504377989928,0.9121056901653072,1,100,1.1345500414032457,1.119047619047619,0.9619047619047619,1.3240339032329014,1.25,0.9904761904761905,1.1406667670388901,1.3284045643290692,1.0893114425219779,1.1628816905774153,1.078524166516119,1.176245741560841,1.1065371039596823
0.4068741195952894,0.6282,0.0665,0.0736,0.2318,-0.2,0.11397969981276573,0.9229060147071947,3,100,1.1319540670745827,1.1111111111111112,0.9428571428571428,1.3209788163776062,1.2352941176470589,0.9904761904761905,1.1395310573673405,1.32819632647063,1.083029305683963,1.1597265251905464,1.0737811056093338,1.1710803050245808,1.1028675863419584
0.37536645065618285,0.6026,0.0596,0.0501,0.2877,-0.2,0.26107701332354183,1.0107081680179224,2,100,1.1290531341445047,1.1188118811881187,0.9714285714285714,1.3249381805450162,1.2666666666666666,0.9904761904761905,1.1331090057889353,1.321332248741998,1.0935989997974682,1.1726771791115886,1.0784037814213936,1.1835945011940185,1.1037284577829491
0.37169161228057884,0.6397,0.0952,0.0494,0.2157,-0.2,0.20951875383369742,1.200113625851789,2,100,1.1304614163098465,1.1162790697674418,0.9619047619047619,1.322690324359449,1.2564102564102564,0.9904761904761905,1.1342518998490319,1.317703016159401,1.091670045362019,1.1716703449290853,1.0802096569993134,1.181220998111486,1.10533553665458
0.39143537719943616,0.6373,0.0527,0.0527,0.2573,-0.2,0.2521876434688856,1.255927265820506,2,100,1.1240617877192398,1.1162790697674418,0.9523809523809523,1.3183457449743032,1.256544502617801,0.9904761904761905,1.127971782414143,1.311165124640069,1.0881480987368009,1.168545845914034,1.0788619075074664,1.1793983582483785,1.101461847613353
0.3547374020005482,0.6427,0.0531,0.0756,0.2285,-0.2,0.21382053716385307,1.0837646387061366,3,100,1.1261308473017362,1.1153846153846154,0.9809523809523809,1.3207142360486028,1.263157894736842,0.9904761904761905,1.1305924017161482,1.316771264923709,1.0860080839309705,1.1641184523398849,1.0772999104318803,1.1805106157236784,1.1017153788668081
0.4130011844576399,0.6232,0.0502,0.0507,0.2759,-0.2,0.1851131099761935,0.9310425984882181,3,100,1.1346058866337985,1.1153846153846154,0.9714285714285714,1.3244224237894309,1.2450553134428426,0.9904761904761905,1.141225312830962,1.330125884201664,1.0902640419483889,1.1652962114883905,1.0779929841137816,1.1753304178429522,1.10629943537379
0.41800349354078914,0.6632,0.0526,0.0526,0.2316,-0.2,0.21813214587658525,1.334962550481174,1,100,1.129189436079832,1.119047619047619,0.9523809523809523,1.319664163975817,1.2564102564102564,0.9904761904761905,1.1350077124383828,1.3173371939387735,1.0920499943771567,1.1686051625140224,1.0765863224450372,1.171135779296456,1.1028878792624346
