date,price,ema20,bb_low,vol,mkt_vol,cash_before_trade,contribution_cum,shares_before_trade,score,q_score,q_cash,q_exec,affordable_lots,wish_lots,buy_lots,buy_shares,cost,shortage,value,bb,trend,risk
2014-01-02,17.140668869018555,17.140668869018555,,,0.14749715476430347,500.0,500.0,0,0.45,0.08333333333333331,1.0,0.45,29,2,2,2,34.28133773803711,1.0,0.0,0.0,0.0,0.0
2014-01-03,16.7641544342041,17.10481035141718,,,0.14749715476430347,465.7186622619629,500.0,2,0.6140218828456783,0.3567031380761304,1.0,0.6140218828456783,27,3,3,3,50.292463302612305,0.9315807585943313,0.0995789810627315,0.0,1.0,0.0
2014-01-06,16.85556983947754,17.08107315980388,,,0.14749715476430347,415.4261989593506,500.0,5,0.5528395380643307,0.2547325634405512,1.0,0.5528395380643307,24,3,3,3,50.56670951843262,0.8291892684019612,0.06600970507432936,0.0,1.0,0.0
2014-01-07,16.735031127929688,17.04811677581586,,,0.14749715476430347,364.85948944091797,500.0,8,0.5185744110716869,0.19762401845281147,1.0,0.5185744110716869,21,3,3,3,50.20509338378906,0.7272301315869463,0.09182411523902445,0.0,1.0,0.0
2014-01-08,16.84100341796875,17.028391694116134,,,0.14749715476430347,314.6543960571289,500.0,11,0.45617895998785263,0.09363159997975434,1.0,0.45617895998785263,18,2,2,2,33.6820068359375,0.625375382729445,0.05502230613244971,0.0,1.0,0.0
2014-01-09,16.625953674316406,16.99006426365902,,,0.14749715476430347,280.9723892211914,500.0,13,0.4494355375367848,0.08239256256130793,1.0,0.4494355375367848,16,2,2,2,33.25190734863281,0.5582583291448655,0.10715397649243397,0.0,1.0,0.0
2014-01-10,16.515003204345703,16.944820353248225,,,0.14749715476430347,247.7204818725586,500.0,15,0.42831773951125374,0.047196232518756195,1.0,0.42831773951125374,14,2,2,2,33.030006408691406,0.49165538940255327,0.12682847617801055,0.0,1.0,0.0
2014-01-13,16.60146713256836,16.912120046516808,,,0.14749715476430347,214.6904754638672,500.0,17,0.3825740390998111,0.0,0.0,0.0,12,0,0,0,0.0,0.42498791841842853,0.09184327958115167,0.0,1.0,0.0
2014-01-14,16.931808471679688,16.91399513462756,,,0.14749715476430347,214.6904754638672,500.0,17,0.19121587444019836,0.0,0.0,0.0,12,0,0,0,0.0,0.424924165422663,0.0,0.0,0.0,0.0
2014-01-15,17.27174949645996,16.948066978611596,,,0.14749715476430347,214.6904754638672,500.0,17,0.1906945752272426,0.0,0.0,0.0,12,0,0,0,0.0,0.42376572272720575,0.0,0.0,0.0,0.0
2014-01-16,17.17537498474121,16.969715360147752,,,0.14749715476430347,214.6904754638672,500.0,17,0.1903633549897394,0.0,0.0,0.0,12,0,0,0,0.0,0.4230296777549764,0.0,0.0,0.0,0.0
2014-01-17,16.754545211791992,16.94922296506625,,,0.14749715476430347,214.6904754638672,500.0,17,0.3665202530040441,0.0,0.0,0.0,12,0,0,0,0.0,0.4237264191877474,0.05742969859901729,0.0,1.0,0.0
2014-01-21,17.01485252380371,16.955473399231725,,,0.14749715476430347,214.6904754638672,500.0,17,0.19058125699175463,0.0,0.0,0.0,12,0,0,0,0.0,0.42351390442612136,0.0,0.0,0.0,0.0
2014-01-22,17.0904598236084,16.96832924917236,,,0.14749715476430347,214.6904754638672,500.0,17,0.19038456248766292,0.0,0.0,0.0,12,0,0,0,0.0,0.4230768055281398,0.0,0.0,0.0,0.0
2014-01-23,17.235177993774414,16.993743415324936,,,0.14749715476430347,214.6904754638672,500.0,17,0.1899957257455285,0.0,0.0,0.0,12,0,0,0,0.0,0.4222127238789522,0.0,0.0,0.0,0.0
2014-01-24,16.92188835144043,16.986900075907364,,,0.14749715476430347,214.6904754638672,500.0,17,0.3487115573786661,0.0,0.0,0.0,12,0,0,0,0.0,0.4224453974191496,0.019135841200108417,0.0,1.0,0.0
2014-01-27,17.05915641784668,16.993781632282538,,,0.14749715476430347,214.6904754638672,500.0,17,0.18999514102607717,0.0,0.0,0.0,12,0,0,0,0.0,0.4222114245023937,0.0,0.0,0.0,0.0
2014-01-28,15.695673942565918,16.8701523285,,,0.14749715476430347,214.6904754638672,500.0,17,0.4985287859888301,0.1642146433147168,1.0,0.4985287859888301,13,2,2,2,31.391347885131836,0.42641482083099996,0.34809359247751126,0.0,1.0,0.0
2014-01-29,15.517486572265625,16.741327018382442,,,0.14749715476430347,183.29912757873535,500.0,19,0.4782049527644322,0.13034158794072032,1.0,0.4782049527644322,11,2,2,2,31.03497314453125,0.3638295733014672,0.36551476617504886,0.0,1.0,0.0
2014-01-30,15.487425804138184,16.621907855121083,15.54649347118989,,0.14749715476430347,152.2641544342041,500.0,21,0.6394134283129076,0.3990223805215126,1.0,0.6394134283129076,9,3,3,3,46.46227741241455,0.3018798700849145,0.3412610817215469,1.0,1.0,0.0
2014-01-31,15.512837409973145,16.51628209844033,15.336247274617602,0.34687535785975454,0.12559793276128325,105.80187702178955,500.0,24,0.2799467800706993,0.0,0.0,0.0,6,0,0,0,0.0,0.20721845927486426,0.30377438532668966,0.0,1.0,1.0
2014-02-03,15.541651725769043,16.423460158185918,15.149685943076317,0.3414512418208723,0.1468146770411605,605.8018770217896,1000.0,24,0.44962283063563524,0.0827047177260587,1.0,0.44962283063563524,38,2,2,2,31.083303451538086,0.605836956203538,0.2684600029237313,0.0,1.0,0.9381080097163588
2014-02-04,15.766634941101074,16.36090537560641,15.046234686395145,0.34607782528932063,0.15112775085353608,574.7185735702515,1000.0,26,0.3994725029941687,0.0,0.0,0.0,36,0,0,0,0.0,0.5746164602342333,0.1816129428238656,0.0,1.0,0.9083072838197579
2014-02-05,15.884394645690918,16.315523401328743,14.97605250600731,0.3476949809416639,0.14812095602964767,574.7185735702515,1000.0,26,0.37294906075286083,0.0,0.0,0.0,36,0,0,0,0.0,0.5757963915654527,0.13212225713908574,0.0,1.0,0.9561433116418148
2014-02-06,15.976972579956055,16.283280465959916,14.938166911501394,0.3475322232512015,0.15708934017883702,574.7185735702515,1000.0,26,0.36745061922852484,0.0,0.0,0.0,35,0,0,0,0.0,0.5766347078850422,0.09405595102417946,0.0,1.0,0.8436017728062493
2014-02-07,16.20049476623535,16.275396113605197,14.929938665396705,0.3499089772168573,0.16584330872864478,574.7185735702515,1000.0,26,0.34410955784736824,0.0,0.0,0.0,35,0,0,0,0.0,0.5768397010462649,0.023010606576645058,0.0,1.0,0.7582308058294123
2014-02-10,16.49072265625,16.29590340338089,14.950809655207959,0.35551373455576707,0.1656642388870905,574.7185735702515,1000.0,26,0.18050546310524213,0.0,0.0,0.0,34,0,0,0,0.0,0.5763065115120969,0.0,0.0,0.0,0.7883246707520146
2014-02-11,16.708011627197266,16.335151805649115,14.985969761898398,0.3581212347862303,0.16522287282800285,574.7185735702515,1000.0,26,0.17825339203348334,0.0,0.0,0.0,34,0,0,0,0.0,0.575286053053123,0.0,0.0,0.0,0.8062533184042202
2014-02-12,16.706758499145508,16.37054291931544,15.035944463987143,0.35076659671029264,0.16026703460798247,574.7185735702515,1000.0,26,0.17607810904420912,0.0,0.0,0.0,34,0,0,0,0.0,0.5743658840977985,0.0,0.0,0.0,0.8238653879980022
2014-02-13,16.972043991088867,16.427828735674815,15.12814127226266,0.3478157590140009,0.1605842564317003,574.7185735702515,1000.0,26,0.17729945846882175,0.0,0.0,0.0,33,0,0,0,0.0,0.5728764528724548,0.0,0.0,0.0,0.804949453237829
2014-02-14,16.958328247070312,16.47835249866486,15.203034536836425,0.34732861003629434,0.1616144170702844,574.7185735702515,1000.0,26,0.1781100280155123,0.0,0.0,0.0,33,0,0,0,0.0,0.5715628350347136,0.0,0.0,0.0,0.7909324775010884
2014-02-18,17.02068519592285,16.53000323173705,15.232637226984965,0.33559792087703305,0.16105473471993037,574.7185735702515,1000.0,26,0.18295306810768372,0.0,0.0,0.0,33,0,0,0,0.0,0.5702199159748367,0.0,0.0,0.0,0.7364589408099278
2014-02-19,16.751962661743164,16.55114222507097,15.275366640774074,0.33603366715120003,0.162387751114043,574.7185735702515,1000.0,26,0.18390756057414026,0.0,0.0,0.0,34,0,0,0,0.0,0.5696703021481548,0.0,0.0,0.0,0.7244407539252944
2014-02-20,16.558063507080078,16.55180139478612,15.317339443417621,0.33767880612090434,0.16395188637613334,574.7185735702515,1000.0,26,0.18470881089237806,0.0,0.0,0.0,34,0,0,0,0.0,0.5696531637355609,0.0,0.0,0.0,0.7163511278862431
2014-02-21,16.374126434326172,16.534879969980413,15.372705655652858,0.337273694481787,0.16082532444196695,574.7185735702515,1000.0,26,0.3536546872338527,0.0,0.0,0.0,35,0,0,0,0.0,0.5700931207805093,0.048610433201236924,0.0,1.0,0.747619120579331
2014-02-24,16.445829391479492,16.526398962504135,15.398402440005846,0.3326951432562495,0.14113493772063648,574.7185735702515,1000.0,26,0.3211700009305319,0.0,0.0,0.0,34,0,0,0,0.0,0.5703136269748925,0.024376021421074014,0.0,1.0,0.9644034084765312
2014-02-25,16.274694442749023,16.50242710347984,15.435384308836298,0.33230775667673773,0.13952917332184495,574.7185735702515,1000.0,26,0.3395017900918795,0.0,0.0,0.0,35,0,0,0,0.0,0.5709368953095242,0.06899974752283372,0.0,1.0,0.984696991826816
2014-02-26,16.127857208251953,16.4667537801248,15.42921961458265,0.1657102992996039,0.13868730838863844,574.7185735702515,1000.0,26,0.4536454536144583,0.08940908935743046,1.0,0.4536454536144583,35,2,2,2,32.255714416503906,0.5718644017167551,0.10290327298204108,0.0,1.0,0.0
2014-02-27,16.449569702148438,16.46511720126991,15.486690690061359,0.1709005475132894,0.13201135642992926,542.4628591537476,1000.0,28,0.38678165014742283,0.0,0.0,0.0,32,0,0,0,0.0,0.5389767183644425,0.004721344807758758,0.0,1.0,0.07882478280067695
2014-02-28,16.404998779296875,16.45939163727248,15.560652144330591,0.17121672225832368,0.1276834844780801,542.4628591537476,1000.0,28,0.38830163081544394,0.0,0.0,0.0,33,0,0,0,0.0,0.5391370341563706,0.016523350064904647,0.0,1.0,0.11745542084129856
2014-03-03,16.4523868560791,16.45872451525406,15.652128534099797,0.17114869193506968,0.12850780458381772,1042.4628591537476,1500.0,28,0.4516284788065724,0.08604746467762067,1.0,0.4516284788065724,63,2,2,2,32.9047737121582,0.6927704757152575,0.0019253190516331997,0.0,1.0,0.10984628838528332
2014-03-04,16.560855865478516,16.468451310513533,15.769464944170391,0.1715545371265321,0.09968562047332305,1009.5580854415894,1500.0,30,0.25837096290031075,0.0,0.0,0.0,60,0,0,0,0.0,0.6706309737897294,0.0,0.0,0.0,0.4341297530506749
2014-03-05,16.59577751159668,16.480577615378596,15.859276194922055,0.16634545491465677,0.09936972976248896,1009.5580854415894,1500.0,30,0.26217435926434646,0.0,0.0,0.0,60,0,0,0,0.0,0.6703884476924281,0.0,0.0,0.0,0.39500442197246177
2014-03-06,16.545583724975586,16.486768673435453,15.936080364169754,0.1664570340859926,0.0975823927664176,1009.5580854415894,1500.0,30,0.25946823777634365,0.0,0.0,0.0,61,0,0,0,0.0,0.6702646265312909,0.0,0.0,0.0,0.4215084416273729
2014-03-07,16.535924911499023,16.4914502199177,16.005780852098674,0.1661045226560156,0.09207974867689617,1009.5580854415894,1500.0,30,0.2512502610611673,0.0,0.0,0.0,61,0,0,0,0.0,0.6701709956016461,0.0,0.0,0.0,0.5032668695957345
2014-03-10,16.55088996887207,16.497111148389543,16.041180855361816,0.15971025327693467,0.0840402168043079,1009.5580854415894,1500.0,30,0.24315910963053528,0.0,0.0,0.0,60,0,0,0,0.0,0.6700577770322091,0.0,0.0,0.0,0.5836689003395885
2014-03-11,16.712060928344727,16.51758255600432,16.05944950701812,0.15068728591150565,0.08792625860522141,1009.5580854415894,1500.0,30,0.25852578796514525,0.0,0.0,0.0,60,0,0,0,0.0,0.6696483488799135,0.0,0.0,0.0,0.42815969030815837
2014-03-12,16.728271484375,16.5376481682301,16.078284917980522,0.14334348507137604,0.08102240885781849,1009.5580854415894,1500.0,30,0.25372923264183955,0.0,0.0,0.0,60,0,0,0,0.0,0.669247036635398,0.0,0.0,0.0,0.47431933844089547
2014-03-13,16.542476654052734,16.538108024022733,16.081947587229113,0.14876736621680986,0.09324882852660658,1009.5580854415894,1500.0,30,0.2682086496223455,0.0,0.0,0.0,61,0,0,0,0.0,0.6692378395195453,0.0,0.0,0.0,0.32948378161449887
2014-03-14,16.356678009033203,16.520828974976112,16.094506378269923,0.14017128540286067,0.09206949186057525,1009.5580854415894,1500.0,30,0.44679762793604005,0.07799604656006673,1.0,0.44679762793604005,61,2,2,2,32.713356018066406,0.6695834205004778,0.04968000279875373,0.0,1.0,0.268709125486142
2014-03-17,16.42057991027832,16.511281445004894,16.12848644121206,0.14160906156609665,0.09663986782504799,976.844729423523,1500.0,32,0.4317410085716242,0.05290168095270692,1.0,0.4317410085716242,59,2,2,2,32.84115982055664,0.647759329173229,0.027466534026652736,0.0,1.0,0.22110629868322618
2014-03-18,16.565853118896484,16.516478747280285,16.212982601257483,0.145292033214174,0.09948732773617507,944.0035696029663,1500.0,34,0.2598312971106599,0.0,0.0,0.0,56,0,0,0,0.0,0.6256264817283135,0.0,0.0,0.0,0.2170061966708121
2014-03-19,16.561492919921875,16.520765811341388,16.239738906467863,0.13485488003777144,0.09910927824923811,944.0035696029663,1500.0,34,0.26809914111614724,0.0,0.0,0.0,56,0,0,0,0.0,0.6255293082762619,0.0,0.0,0.0,0.1338904760817059
2014-03-20,16.4816837310791,16.517043708459266,16.237945078227167,0.1295490475240206,0.09911551165167445,944.0035696029663,1500.0,34,0.42742206114610937,0.045703435243515576,1.0,0.42742206114610937,57,2,2,2,32.9633674621582,0.62561367594159,0.01070408785140355,0.0,1.0,0.0892093256073776
2014-03-21,16.611675262451172,16.526056237410877,16.24649523602208,0.1258275806918402,0.09956057185668642,911.0402021408081,1500.0,36,0.2661994735431787,0.0,0.0,0.0,54,0,0,0,0.0,0.6033746503021389,0.0,0.0,0.0,0.05319119092783797
2014-03-24,16.80870246887207,16.55297492612147,16.2418721172233,0.13136997332837427,0.09941223493059011,911.0402021408081,1500.0,36,0.2611056329766773,0.0,0.0,0.0,54,0,0,0,0.0,0.6027286017730847,0.0,0.0,0.0,0.101222378212108
2014-03-25,16.98951530456543,16.59455020025899,16.238414524663135,0.12817356479876804,0.10025307856752619,911.0402021408081,1500.0,36,0.26423718797014756,0.0,0.0,0.0,53,0,0,0,0.0,0.6017307951937843,0.0,0.0,0.0,0.06541669867055355
2014-03-26,16.827091217041016,16.61669696376204,16.30000838919597,0.1288097924037819,0.10379973073803417,911.0402021408081,1500.0,36,0.2671275609230621,0.0,0.0,0.0,54,0,0,0,0.0,0.6011992728697111,0.0,0.0,0.0,0.034121118683078766
2014-03-27,16.7547664642334,16.629846439997408,16.311249429444135,0.11205341831440792,0.10250111989296569,911.0402021408081,1500.0,36,0.270397658448028,0.0,0.0,0.0,54,0,0,0,0.0,0.6008836854400622,0.0,0.0,0.0,0.0
2014-03-28,16.73605728149414,16.63996175823519,16.329814130890956,0.11150602602350575,0.10340734354212859,911.0402021408081,1500.0,36,0.27028841301105994,0.0,0.0,0.0,54,0,0,0,0.0,0.6006409178023554,0.0,0.0,0.0,0.0
2014-03-31,16.732318878173828,16.648757674419823,16.344666395288478,0.11136248729026801,0.10324891568790254,911.0402021408081,1500.0,36,0.27019341711626593,0.0,0.0,0.0,54,0,0,0,0.0,0.6004298158139243,0.0,0.0,0.0,0.0
2014-04-01,16.885379791259766,16.671293114118868,16.348861774111388,0.11345415991463395,0.09133253375211288,1411.040202140808,2000.0,36,0.3114450502626929,0.0,0.0,0.0,83,0,0,0,0.0,0.6999167239458604,0.0,0.0,0.0,0.035174755129442126
2014-04-02,16.913448333740234,16.69435551598757,16.351901127597856,0.11340710038886077,0.09175480905366785,1411.040202140808,2000.0,36,0.3117773947118229,0.0,0.0,0.0,83,0,0,0,0.0,0.6995016007122237,0.0,0.0,0.0,0.02998325608677721
2014-04-03,16.79623031616211,16.704057877908955,16.36135421576387,0.11604981290940909,0.09179708684198104,1411.040202140808,2000.0,36,0.3093471895388495,0.0,0.0,0.0,84,0,0,0,0.0,0.6993269581976388,0.0,0.0,0.0,0.053499416500879304
2014-04-04,16.57894515991211,16.692142380956874,16.352603397588584,0.125842095003472,0.10250802596099665,1411.040202140808,2000.0,36,0.47774931274963905,0.12958218791606507,1.0,0.47774931274963905,85,2,2,2,33.15789031982422,0.6995414371427763,0.0339073374948876,0.0,1.0,0.02302635837309741
2014-04-07,16.31865119934082,16.656571792231535,16.284450373821933,0.13777606816248505,0.10898922871124866,1377.882311820984,2000.0,38,0.4978894437860805,0.16314907297680084,1.0,0.4978894437860805,84,2,2,2,32.63730239868164,0.6835251359476008,0.10143761786813708,0.0,1.0,0.053437954310015634
2014-04-08,16.317707061767578,16.624298960758775,16.221875289663355,0.13223740681439186,0.10893957067867724,1345.2450094223022,2000.0,40,0.4907216846313195,0.1512028077188658,1.0,0.4907216846313195,82,2,2,2,32.635414123535156,0.6675140207848245,0.09221197829601695,0.0,1.0,0.01155014955059186
2014-04-09,16.53218650817871,16.61552634622734,16.211950788609233,0.14156994774307116,0.11612593827345097,1312.609595298767,2000.0,42,0.4526765303102733,0.08779421718378876,1.0,0.4526765303102733,79,2,2,2,33.06437301635742,0.6510739467292258,0.0250789040058165,0.0,1.0,0.015922525204957294
2014-04-10,16.318954467773438,16.587281405422207,16.160993464443422,0.14347139071297305,0.1320247945769807,1279.5452222824097,2000.0,44,0.47218341618165305,0.12030569363608838,1.0,0.47218341618165305,78,2,2,2,32.637908935546875,0.6350798090807115,0.08088333798962864,0.0,1.0,0.0
2014-04-11,16.19831657409668,16.550237135772157,16.097849270047053,0.1403254853503766,0.1357618517725866,1246.9073133468628,2000.0,46,0.47654854524382795,0.12758090873971323,1.0,0.47654854524382795,76,2,2,2,32.39663314819336,0.6193445458772404,0.10631888799793274,0.0,1.0,0.0
2014-04-14,16.262840270996094,16.522866005793485,16.050946048744876,0.14035727427853847,0.1344443804495161,1214.5106801986694,2000.0,48,0.45696203145582825,0.09493671909304706,1.0,0.45696203145582825,74,2,2,2,32.52568054199219,0.6034512158609564,0.07868663181866196,0.0,1.0,0.0
2014-04-15,16.14687728881836,16.487057556557758,15.971759195761807,0.13776203239812781,0.1340913504315569,1181.9849996566772,2000.0,50,0.46094523585874736,0.10157539309791223,1.0,0.46094523585874736,73,2,2,2,32.29375457763672,0.587823561086056,0.10316585193338258,0.0,1.0,0.0
2014-04-16,16.179607391357422,16.45777658844344,15.910908119162151,0.13821745533421667,0.13816622915505755,1149.6912450790405,2000.0,52,0.44547349439090567,0.07578915731817608,1.0,0.44547349439090567,71,2,2,2,32.359214782714844,0.5720978087004706,0.08450995661265312,0.0,1.0,0.0
2014-04-17,16.364465713500977,16.44888983844892,15.895581913300557,0.14435800844600286,0.1364761748613062,1117.3320302963257,2000.0,54,0.4116941405265101,0.01949023421085013,1.0,0.4116941405265101,68,2,2,2,32.72893142700195,0.5558799743618792,0.025662560141476623,0.0,1.0,0.0
2014-04-21,16.558683395385742,16.459346367681,15.90649869191745,0.14800474627407717,0.1367430942665794,1084.6030988693237,2000.0,56,0.24261223576721944,0.0,0.0,0.0,65,0,0,0,0.0,0.539138301704932,0.0,0.0,0.0,0.0
2014-04-22,16.575212478637695,16.470381235391162,15.929829933078585,0.14121052384287985,0.13605568657419584,1084.6030988693237,2000.0,56,0.24247319643407136,0.0,0.0,0.0,65,0,0,0,0.0,0.5388293254090475,0.0,0.0,0.0,0.0
2014-04-23,16.358549118041992,16.459730557548387,15.954870121375617,0.14098638666262647,0.13564619794195962,1084.6030988693237,2000.0,56,0.4064386201029945,0.010731033504990755,1.0,0.4064386201029945,66,2,2,2,32.717098236083984,0.5391275443886452,0.030736055840231487,0.0,1.0,0.0
2014-04-24,17.699657440185547,16.57781883208526,15.8561640907477,0.32672591365930514,0.1329292527259056,1051.8860006332397,2000.0,58,0.13365946424128733,0.0,0.0,0.0,59,0,0,0,0.0,0.5192432538695274,0.0,0.0,0.0,1.0
2014-04-25,17.829652786254883,16.697041113434747,15.780876909575355,0.32602000498108386,0.13633253783143395,1051.8860006332397,2000.0,58,0.1328237190249954,0.0,0.0,0.0,58,0,0,0,0.0,0.5157858077103923,0.0,0.0,0.0,0.9927989444468113
2014-04-28,18.520153045654297,16.87067082126518,15.618970428677398,0.3487373305533686,0.13584656160655265,1051.8860006332397,2000.0,58,0.12983774578248944,0.0,0.0,0.0,56,0,0,0,0.0,0.5107505461833098,0.0,0.0,0.0,1.0
2014-04-29,18.465288162231445,17.022539139452444,15.54342862193607,0.3494473630382083,0.13395885172422062,1051.8860006332397,2000.0,58,0.12785586423014556,0.0,0.0,0.0,56,0,0,0,0.0,0.506346364955879,0.0,0.0,0.0,1.0
2014-04-30,18.39545249938965,17.153292792779798,15.50896473323842,0.35050353551014785,0.1319712861816598,1051.8860006332397,2000.0,58,0.12614952905422366,0.0,0.0,0.0,57,0,0,0,0.0,0.5025545090093859,0.0,0.0,0.0,1.0
2014-05-01,18.438791275024414,17.275721219660237,15.487069967236652,0.3504372990613947,0.13153732649134955,1551.8860006332397,2500.0,58,0.16964147046674713,0.0,0.0,0.0,84,0,0,0,0.0,0.5992032677038825,0.0,0.0,0.0,1.0
2014-05-02,18.47307777404785,17.389755177220962,15.477127474689231,0.3479986250323643,0.13156135179078143,1551.8860006332397,2500.0,58,0.16845095594981316,0.0,0.0,0.0,84,0,0,0,0.0,0.5965576798884736,0.0,0.0,0.0,1.0
2014-05-05,18.734317779541016,17.517808758394303,15.473068109719424,0.3427330310308681,0.12327700102907896,1551.8860006332397,2500.0,58,0.16711407656236352,0.0,0.0,0.0,82,0,0,0,0.0,0.5935868368052523,0.0,0.0,0.0,1.0
2014-05-06,18.530128479003906,17.61422016035712,15.516724760860308,0.339041352310367,0.12127740689892519,1551.8860006332397,2500.0,58,0.16610754152587168,0.0,0.0,0.0,83,0,0,0,0.0,0.5913500922797148,0.0,0.0,0.0,1.0
2014-05-07,18.465288162231445,17.695274255773725,15.577867396868424,0.3401536244549116,0.12209050143705209,1551.8860006332397,2500.0,58,0.1652613367697223,0.0,0.0,0.0,84,0,0,0,0.0,0.5894696372660495,0.0,0.0,0.0,1.0
2014-05-08,18.43236541748047,17.76547341403151,15.632556354990719,0.34036159192083143,0.11614043655059733,1551.8860006332397,2500.0,58,0.16452845755751097,0.0,0.0,0.0,84,0,0,0,0.0,0.5878410167944689,0.0,0.0,0.0,1.0
2014-05-09,18.355567932128906,17.82167289194555,15.72137730715435,0.3354209437892396,0.08562351778357893,1551.8860006332397,2500.0,58,0.16394173500808848,0.0,0.0,0.0,84,0,0,0,0.0,0.5865371889068632,0.0,0.0,0.0,1.0
2014-05-12,18.584095001220703,17.894284521400326,15.846700469781615,0.3322133094296878,0.08066036405939626,1551.8860006332397,2500.0,58,0.16318366959658057,0.0,0.0,0.0,83,0,0,0,0.0,0.5848525991035124,0.0,0.0,0.0,1.0
2014-05-13,18.61324691772461,17.96275713057407,15.986301917711614,0.3326234567939341,0.0776314449927649,1551.8860006332397,2500.0,58,0.16246881555680667,0.0,0.0,0.0,83,0,0,0,0.0,0.5832640345706815,0.0,0.0,0.0,1.0
2014-05-14,18.6166934967041,18.025036784491213,16.17522922768652,0.32950848868619265,0.07858760586221059,1551.8860006332397,2500.0,58,0.16181861596991173,0.0,0.0,0.0,83,0,0,0,0.0,0.5818191465998038,0.0,0.0,0.0,1.0
2014-05-15,18.458385467529297,18.066308087637697,16.392828807931455,0.3338514554409545,0.07916681962399431,1551.8860006332397,2500.0,58,0.16138774356506244,0.0,0.0,0.0,84,0,0,0,0.0,0.5808616523668054,0.0,0.0,0.0,1.0
2014-05-16,18.730802536010742,18.129593273197035,16.623769113191607,0.3346709711967693,0.08006215864280986,1551.8860006332397,2500.0,58,0.16072704622782294,0.0,0.0,0.0,82,0,0,0,0.0,0.5793934360618288,0.0,0.0,0.0,1.0
2014-05-19,18.95275115966797,18.207989262384743,16.859648962478506,0.33466732231323454,0.08010194521857956,1551.8860006332397,2500.0,58,0.15990859210070327,0.0,0.0,0.0,81,0,0,0,0.0,0.577574649112674,0.0,0.0,0.0,1.0
2014-05-20,18.95650863647461,18.279276821821874,17.156154311755074,0.33486887573776786,0.08235279612234045,1551.8860006332397,2500.0,58,0.15916434998017961,0.0,0.0,0.0,81,0,0,0,0.0,0.5759207777337325,0.0,0.0,0.0,1.0
2014-05-21,19.00666618347168,18.348551999121856,17.708710305175497,0.3269670894888872,0.08697971335105366,1551.8860006332397,2500.0,58,0.15844111712916784,0.0,0.0,0.0,81,0,0,0,0.0,0.5743135936203729,0.0,0.0,0.0,1.0
2014-05-22,19.03675651550293,18.414095286396243,17.858134461010962,0.1731573888788442,0.08714419766197086,1551.8860006332397,2500.0,58,0.19217172544630762,0.0,0.0,0.0,81,0,0,0,0.0,0.5727929893556072,0.0,0.0,0.0,0.6558511976371559
2014-05-23,19.251800537109375,18.493876738845113,17.979672338091127,0.17481962977998128,0.08208393759408768,1551.8860006332397,2500.0,58,0.1794433757341718,0.0,0.0,0.0,80,0,0,0,0.0,0.5709420596587933,0.0,0.0,0.0,0.774805511122852
2014-05-27,19.612314224243164,18.600394594597308,17.93493138914225,0.13086244706459438,0.08364462213567586,1551.8860006332397,2500.0,58,0.225436446320684,0.0,0.0,0.0,79,0,0,0,0.0,0.5684708454053424,0.0,0.0,0.0,0.303754341117201
2014-05-28,19.5615291595459,18.691931219830508,17.935421177007964,0.1306473029654897,0.08286508228613214,1551.8860006332397,2500.0,58,0.22347067798635262,0.0,0.0,0.0,79,0,0,0,0.0,0.5663471956999322,0.0,0.0,0.0,0.3138556007861686
2014-05-29,19.917951583862305,18.80869506402401,17.913147998654697,0.13876983700009685,0.0841014757726292,1551.8860006332397,2500.0,58,0.2161348434948177,0.0,0.0,0.0,77,0,0,0,0.0,0.563638274514643,0.0,0.0,0.0,0.37502380036771643
2014-05-30,19.84334373474121,18.907233032663747,17.926730435980147,0.14140544322774365,0.08405077093303658,1551.8860006332397,2500.0,58,0.2124100474954866,0.0,0.0,0.0,78,0,0,0,0.0,0.5613521936422011,0.0,0.0,0.0,0.4019843964350396
2014-06-02,19.70697593688965,18.983399023542404,17.963293870534205,0.14623915970637594,0.08358296205044982,2051.8860006332397,3000.0,58,0.2390420263878917,0.0,0.0,0.0,104,0,0,0,0.0,0.6329876188781802,0.0,0.0,0.0,0.45802402107289386
2014-06-03,19.98566436767578,19.078852865840823,17.96958835464995,0.14623911249250557,0.08371256256643153,2051.8860006332397,3000.0,58,0.2384373505375617,0.0,0.0,0.0,102,0,0,0,0.0,0.6311421779270774,0.0,0.0,0.0,0.4557662952962309
2014-06-04,20.213878631591797,19.186950557817106,17.98594249272645,0.13881143453971737,0.07484195934938503,2051.8860006332397,3000.0,58,0.22851291140403066,0.0,0.0,0.0,101,0,0,0,0.0,0.6290522892155359,0.0,0.0,0.0,0.545606187429605
2014-06-05,20.29318618774414,19.292306332095873,18.02324444827544,0.13567851425928915,0.07555545007087303,2051.8860006332397,3000.0,58,0.23251130584846894,0.0,0.0,0.0,101,0,0,0,0.0,0.6270154109128131,0.0,0.0,0.0,0.4964562906229695
2014-06-06,20.23739242553711,19.38231453147123,18.08857070026402,0.13633890504227522,0.07538105135918731,2051.8860006332397,3000.0,58,0.23065196178085115,0.0,0.0,0.0,101,0,0,0,0.0,0.6252752523915562,0.0,0.0,0.0,0.5072190179534917
2014-06-09,20.561216354370117,19.494590895556836,18.163179548716606,0.13769813964722116,0.07545241799752835,2051.8860006332397,3000.0,58,0.2283165126186489,0.0,0.0,0.0,99,0,0,0,0.0,0.6231045760192345,0.0,0.0,0.0,0.5208054659000663
2014-06-10,20.681909561157227,19.607668863709257,18.2198986616053,0.1353978085461187,0.0699366576154439,2051.8860006332397,3000.0,58,0.21807942398026395,0.0,0.0,0.0,99,0,0,0,0.0,0.6209184019682876,0.0,0.0,0.0,0.6133385690546547
2014-06-11,20.596324920654297,19.70182658341831,18.301102621146715,0.1390048659480212,0.07206363667114139,2051.8860006332397,3000.0,58,0.21785091889797498,0.0,0.0,0.0,99,0,0,0,0.0,0.6190980193872461,0.0,0.0,0.0,0.6074318982628575
2014-06-12,20.25181007385254,19.754205963459665,18.408052961978576,0.15854350006792237,0.07510014430045293,2051.8860006332397,3000.0,58,0.20221386813118014,0.0,0.0,0.0,101,0,0,0,0.0,0.6180853513731132,0.0,0.0,0.0,0.7592453998672075
2014-06-13,20.03017807006836,19.78048902123192,18.560140317863446,0.16136176941556687,0.06434035895472043,2051.8860006332397,3000.0,58,0.1779097455152823,0.0,0.0,0.0,102,0,0,0,0.0,0.6175772122561829,0.0,0.0,0.0,1.0
2014-06-16,20.23206329345703,19.82349609477717,18.691150954605128,0.15810092561905192,0.06395548195632335,2051.8860006332397,3000.0,58,0.1775355839754386,0.0,0.0,0.0,101,0,0,0,0.0,0.6167457421676413,0.0,0.0,0.0,1.0
2014-06-17,20.205730438232422,19.859899365582432,18.799392028496694,0.15622165734683635,0.06344329800797618,2051.8860006332397,3000.0,58,0.17721887551943286,0.0,0.0,0.0,101,0,0,0,0.0,0.6160419455987397,0.0,0.0,0.0,1.0
2014-06-18,20.227672576904297,19.894925385708323,18.926440649115307,0.15602317668379675,0.0596407485217163,2051.8860006332397,3000.0,58,0.1769141491443376,0.0,0.0,0.0,101,0,0,0,0.0,0.6153647758763058,0.0,0.0,0.0,1.0
2014-06-19,20.15745735168457,19.919928430087012,19.06276312583942,0.15786147810058596,0.05544633182904043,2051.8860006332397,3000.0,58,0.176696622658243,0.0,0.0,0.0,101,0,0,0,0.0,0.6148813836849845,0.0,0.0,0.0,1.0
2014-06-20,19.948993682861328,19.92269654939885,19.20188867933803,0.16479428072576385,0.055416507292608976,2051.8860006332397,3000.0,58,0.17667254002023,0.0,0.0,0.0,102,0,0,0,0.0,0.6148278667116223,0.0,0.0,0.0,1.0
2014-06-23,19.931432723999023,19.92352856602744,19.310236148265936,0.16170950409313609,0.055064859847248196,2051.8860006332397,3000.0,58,0.17666530147556128,0.0,0.0,0.0,102,0,0,0,0.0,0.6148117810568028,0.0,0.0,0.0,1.0
2014-06-24,19.81074333190918,19.912787115159034,19.32760881678988,0.15083630607823795,0.05945959910988736,2051.8860006332397,3000.0,58,0.3382889568346189,0.0,0.0,0.0,103,0,0,0,0.0,0.6150194491069253,0.025622677192227755,0.0,1.0,1.0
2014-06-25,19.828296661376953,19.904740405275025,19.362556911579382,0.150381852476779,0.06045492167655169,2051.8860006332397,3000.0,58,0.3354698369442931,0.0,0.0,0.0,103,0,0,0,0.0,0.6151750188313495,0.01920239660041303,0.0,1.0,1.0
2014-06-26,19.94679069519043,19.908745194790775,19.368822381519447,0.1371844438462434,0.059053958782259275,2051.8860006332397,3000.0,58,0.18320762347418942,0.0,0.0,0.0,102,0,0,0,0.0,0.6150975929007116,0.0,0.0,0.0,0.935862933311308
2014-06-27,20.18379020690918,19.934939957849668,19.41249020161308,0.14247537545063782,0.05906767978299177,2051.8860006332397,3000.0,58,0.1765660223667079,0.0,0.0,0.0,101,0,0,0,0.0,0.6145911608149064,0.0,0.0,0.0,1.0
2014-06-30,20.392248153686523,19.978493119357942,19.490035799554352,0.1431283183314156,0.05925617717011472,2051.8860006332397,3000.0,58,0.1761871098615859,0.0,0.0,0.0,100,0,0,0,0.0,0.6137491330257464,0.0,0.0,0.0,1.0
2014-07-01,20.521724700927734,20.030229460459825,19.529348882140088,0.13670864735032867,0.06242267468539309,2551.8860006332397,3500.0,58,0.21812772612815653,0.0,0.0,0.0,124,0,0,0,0.0,0.6680704832266657,0.0,0.0,0.0,0.8250399132384303
2014-07-02,20.512941360473633,20.0762020223659,19.55762244823582,0.13151599251724386,0.062412560752657505,2551.8860006332397,3500.0,58,0.22468856703464452,0.0,0.0,0.0,124,0,0,0,0.0,0.6673086522007936,0.0,0.0,0.0,0.7560032645571262
2014-07-03,20.633630752563477,20.12929047286091,19.580193551327927,0.13232149204521282,0.06133141945137989,2551.8860006332397,3500.0,58,0.2201027591177662,0.0,0.0,0.0,123,0,0,0,0.0,0.6664289007354478,0.0,0.0,0.0,0.7979024621318533
2014-07-07,21.059337615966797,20.217866391251945,19.55898416733608,0.14884642509330578,0.06240861588939434,2551.8860006332397,3500.0,58,0.20047997679461904,0.0,0.0,0.0,121,0,0,0,0.0,0.664961071230682,0.0,0.0,0.0,0.9875250525918786
2014-07-08,20.923288345336914,20.285049434498134,19.57628598685303,0.1420928509492249,0.06821759886617633,2551.8860006332397,3500.0,58,0.22515353927494502,0.0,0.0,0.0,121,0,0,0,0.0,0.6638477522283166,0.0,0.0,0.0,0.7357794922779748
2014-07-09,20.93206787109375,20.34667023798343,19.60189795666912,0.14088205201951914,0.0698619445702986,2551.8860006332397,3500.0,58,0.23022381676679887,0.0,0.0,0.0,121,0,0,0,0.0,0.662826607484846,0.0,0.0,0.0,0.6804815660138184
2014-07-10,20.855266571044922,20.39510798398929,19.621400267008976,0.14068080488032525,0.07035532089295035,2551.8860006332397,3500.0,58,0.23127944024553035,0.0,0.0,0.0,122,0,0,0,0.0,0.6620239248367489,0.0,0.0,0.0,0.6663132593100665
2014-07-11,20.894773483276367,20.442695174397585,19.630086359954944,0.12478274809090868,0.06434705811767552,2551.8860006332397,3500.0,58,0.23595469342214492,0.0,0.0,0.0,122,0,0,0,0.0,0.6612353371099828,0.0,0.0,0.0,0.6160120827734739
2014-07-14,21.164663314819336,20.511454044913943,19.639951439353773,0.12169276507728223,0.06538729838513387,2551.8860006332397,3500.0,58,0.24195089889722965,0.0,0.0,0.0,120,0,0,0,0.0,0.6600959043985689,0.0,0.0,0.0,0.5509225808212637
2014-07-15,20.916704177856445,20.55004929567037,19.655833725775572,0.1287557197696606,0.06624284144730834,2551.8860006332397,3500.0,58,0.23478096454821537,0.0,0.0,0.0,122,0,0,0,0.0,0.6594563259574624,0.0,0.0,0.0,0.619743821326427
2014-07-16,20.798208236694336,20.573683480529795,19.67462965669926,0.13101516020930004,0.06713832963144778,2551.8860006332397,3500.0,58,0.23396066931614545,0.0,0.0,0.0,122,0,0,0,0.0,0.6590646737512206,0.0,0.0,0.0,0.626184338719038
2014-07-17,20.427366256713867,20.559748506833042,19.668183078074502,0.1478868471948729,0.07647954254863061,2551.8860006332397,3500.0,58,0.40003067754414495,5.112924024155049e-05,1.0,0.40003067754414495,124,2,2,2,40.854732513427734,0.659295596172481,0.03219452078297009,0.0,1.0,0.6113987508580803
2014-07-18,20.721406936645508,20.575144547767565,19.692499644095033,0.15490260533488567,0.08462775596056248,2511.031268119812,3500.0,60,0.23874416158858192,0.0,0.0,0.0,121,0,0,0,0.0,0.6472832363239845,0.0,0.0,0.0,0.5253329475721114
2014-07-21,20.613880157470703,20.57883365345358,19.737661308525112,0.15073472911731253,0.08506044567109147,2511.031268119812,3500.0,60,0.24357486618378796,0.0,0.0,0.0,121,0,0,0,0.0,0.6472199945122243,0.0,0.0,0.0,0.47674131346713033
2014-07-22,20.785037994384766,20.59847216211369,19.80490663382778,0.15218097113367815,0.08667174589982347,2511.031268119812,3500.0,60,0.2447782188706948,0.0,0.0,0.0,120,0,0,0,0.0,0.6468833343637653,0.0,0.0,0.0,0.46319281592999606
2014-07-23,21.327049255371094,20.667860456709633,19.900937429492508,0.17082421083923366,0.08270904779487417,2511.031268119812,3500.0,60,0.21844863221378313,0.0,0.0,0.0,117,0,0,0,0.0,0.6456938207421206,0.0,0.0,0.0,0.7211358712017111
2014-07-24,21.291946411132812,20.727297214273747,20.022513536858842,0.17162164106567723,0.0813910683359854,2511.031268119812,3500.0,60,0.21438659579950015,0.0,0.0,0.0,117,0,0,0,0.0,0.6446749048981644,0.0,0.0,0.0,0.7571711140467385
2014-07-25,21.432382583618164,20.79444820183036,20.13205820790041,0.17174840832998492,0.08354893061689511,2511.031268119812,3500.0,60,0.218280472233347,0.0,0.0,0.0,117,0,0,0,0.0,0.6435237451114796,0.0,0.0,0.0,0.7130521306681878
2014-07-28,21.728622436523438,20.883417176563036,20.17444953332941,0.17311409216585916,0.08339677772082502,2511.031268119812,3500.0,60,0.21591695818869888,0.0,0.0,0.0,115,0,0,0,0.0,0.6419985626874908,0.0,0.0,0.0,0.7298239502067199
2014-07-29,21.58818244934082,20.95053767873235,20.21930166647292,0.17490395128752373,0.08523683714076968,2511.031268119812,3500.0,60,0.2173835594794636,0.0,0.0,0.0,116,0,0,0,0.0,0.6408479255074454,0.0,0.0,0.0,0.7099800699888683
2014-07-30,21.537710189819336,21.006458870264446,20.261345281281184,0.1753567009106095,0.08179678426231267,2511.031268119812,3500.0,60,0.20929940544126918,0.0,0.0,0.0,116,0,0,0,0.0,0.6398892765097524,0.0,0.0,0.0,0.7865076898811938
2014-07-31,20.978151321411133,21.003762913230794,20.295483716495223,0.20235032013158744,0.10802114338876537,2511.031268119812,3500.0,60,0.3846106338444469,0.0,0.0,0.0,119,0,0,0,0.0,0.6399354929160436,0.006096905570079527,0.0,1.0,0.5610394547430846
2014-08-01,21.094444274902344,21.01239923338999,20.32893077620505,0.20224948368826895,0.10530309746138071,3011.031268119812,4000.0,60,0.24811285900822894,0.0,0.0,0.0,142,0,0,0,0.0,0.6848140114991502,0.0,0.0,0.0,0.600534461663887
2014-08-04,20.975955963134766,21.008928445746633,20.324592603839687,0.1898519003916063,0.10925242731112622,3011.031268119812,4000.0,60,0.41690964569996325,0.028182742833272045,1.0,0.41690964569996325,143,2,2,2,41.95191192626953,0.6848660733138004,0.007847254727202246,0.0,1.0,0.44811351918487974
2014-08-05,20.872819900512695,20.995965727152925,20.30930433588305,0.1892474762373633,0.11157627965066093,2969.0793561935425,4000.0,62,0.42540600127591965,0.04234333545986606,1.0,0.42540600127591965,142,2,2,2,41.74563980102539,0.6745625312291297,0.029326068693513705,0.0,1.0,0.4134386868926989
2014-08-06,20.837703704833984,20.98089315359874,20.289630088207282,0.1893248898754166,0.10961039728759249,2927.333716392517,4000.0,64,0.4203555155558384,0.033925859259730615,1.0,0.4203555155558384,140,2,2,2,41.67540740966797,0.6643057095424202,0.03412377340575565,0.0,1.0,0.43937751770840694
2014-08-07,20.835500717163086,20.967046254890583,20.274602905080272,0.1888704802283932,0.1102092080820984,2885.658308982849,4000.0,66,0.41562391397234266,0.026039856620571067,1.0,0.41562391397234266,138,2,2,2,41.67100143432617,0.6540437367943054,0.03136959210380291,0.0,1.0,0.4281208403180603
2014-08-08,20.892841339111328,20.959979120054467,20.26744926385968,0.1890078766713944,0.11910970794122996,2843.987307548523,4000.0,68,0.4146266821847378,0.02437780364122964,1.0,0.4146266821847378,136,2,2,2,41.785682678222656,0.643680354959074,0.01601570797341613,0.0,1.0,0.3223654613488276
2014-08-11,21.16850471496582,20.979838700522215,20.287162352407748,0.18926060939263187,0.11800242274345359,2802.2016248703003,4000.0,70,0.2511278919665919,0.0,0.0,0.0,132,0,0,0,0.0,0.6328528227408612,0.0,0.0,0.0,0.33655878266795636
2014-08-12,21.16408920288086,20.997386367413515,20.305237205160967,0.1840882695094913,0.11797611776847591,2802.2016248703003,4000.0,70,0.2546134248660956,0.0,0.0,0.0,132,0,0,0,0.0,0.6325457385702635,0.0,0.0,0.0,0.3003215749052295
2014-08-13,21.444162368774414,21.03993646278122,20.33775212199398,0.1876748147254447,0.11975912997759441,2802.2016248703003,4000.0,70,0.25371863736600325,0.0,0.0,0.0,130,0,0,0,0.0,0.6318011119013286,0.0,0.0,0.0,0.30591862989594576
2014-08-14,21.501495361328125,21.08389445311902,20.4312174311157,0.17306819802213722,0.11371304488461072,2802.2016248703003,4000.0,70,0.2571332376179453,0.0,0.0,0.0,130,0,0,0,0.0,0.6310318470704172,0.0,0.0,0.0,0.26831093563742403
2014-08-15,21.607351303100586,21.133747486450595,20.480317570770044,0.1677057515051478,0.10699809826806042,2802.2016248703003,4000.0,70,0.252957461110194,0.0,0.0,0.0,129,0,0,0,0.0,0.6301594189871146,0.0,0.0,0.0,0.30614277434007575
2014-08-18,21.86757469177246,21.203635791719343,20.539988345705073,0.16885712264396532,0.11147968360307531,2802.2016248703003,4000.0,70,0.2567972308606446,0.0,0.0,0.0,128,0,0,0,0.0,0.6289363736449115,0.0,0.0,0.0,0.2622413727956556
2014-08-19,22.16969871520996,21.295641784432735,20.55079199036403,0.17224901467696116,0.11147040266247656,2802.2016248703003,4000.0,70,0.25352645488121633,0.0,0.0,0.0,126,0,0,0,0.0,0.6273262687724271,0.0,0.0,0.0,0.2877036606637591
2014-08-20,22.178518295288086,21.379725261657054,20.540779030985917,0.14984539996629945,0.11165299554401122,2802.2016248703003,4000.0,70,0.2697960460422174,0.0,0.0,0.0,126,0,0,0,0.0,0.6258548079210016,0.0,0.0,0.0,0.11838617522233297
2014-08-21,22.180723190307617,21.456010778671395,20.541159060366397,0.1494093160983036,0.11213343085575878,2802.2016248703003,4000.0,70,0.2699985508514295,0.0,0.0,0.0,126,0,0,0,0.0,0.6245198113732506,0.0,0.0,0.0,0.11035364266533287
2014-08-22,22.34391212463379,21.540572811620194,20.533360601877746,0.1497380494957103,0.11090139651343121,2802.2016248703003,4000.0,70,0.2678520859404189,0.0,0.0,0.0,125,0,0,0,0.0,0.6230399757966466,0.0,0.0,0.0,0.1251590316807205
2014-08-25,22.39242935180664,21.621702005923666,20.534997630746894,0.1432392548964042,0.11205162261671713,2802.2016248703003,4000.0,70,0.27320137050048654,0.0,0.0,0.0,125,0,0,0,0.0,0.6216202148963358,0.0,0.0,0.0,0.06527726202864592
2014-08-26,22.249088287353516,21.681453080345555,20.542177754186554,0.1431934103918233,0.11046898054887345,2802.2016248703003,4000.0,70,0.27123923663619626,0.0,0.0,0.0,125,0,0,0,0.0,0.6205745710939528,0.0,0.0,0.0,0.08019320356082504
2014-08-27,22.522544860839844,21.76155705944025,20.536201120278168,0.1472850810816732,0.11046993173576519,2802.2016248703003,4000.0,70,0.26752278349681197,0.0,0.0,0.0,124,0,0,0,0.0,0.6191727514597957,0.0,0.0,0.0,0.11104954660096089
2014-08-28,22.54901123046875,21.836552694776298,20.568636775767633,0.10309224306597532,0.07959477219025736,2802.2016248703003,4000.0,70,0.2701026686791638,0.0,0.0,0.0,124,0,0,0,0.0,0.6178603278414148,0.0,0.0,0.0,0.0793447884947287
2014-08-29,22.604129791259766,21.90965527539377,20.60003045221651,0.10291886172909415,0.07790916891504912,2802.2016248703003,4000.0,70,0.2673772226306129,0.0,0.0,0.0,123,0,0,0,0.0,0.616581032680609,0.0,0.0,0.0,0.10084242075661187
2014-09-02,22.78056526184082,21.992599083626825,20.649958918185618,0.09809508383883585,0.0758938439569475,3302.2016248703003,4500.0,70,0.28834095802827664,0.0,0.0,0.0,144,0,0,0,0.0,0.6578929031435827,0.0,0.0,0.0,0.07710848386335645
2014-09-03,21.819059371948242,21.97607149203839,20.707563679655426,0.19004137075226205,0.06394410538643452,3302.2016248703003,4500.0,70,0.36224304200793067,0.0,0.0,0.0,151,0,0,0,0.0,0.6581499990127362,0.0357234276715542,0.0,1.0,1.0
2014-09-04,21.638225555419922,21.943895688550917,20.763117425715734,0.19329067981421028,0.06483303018045315,3302.2016248703003,4500.0,70,0.377734375679469,0.0,0.0,0.0,152,0,0,0,0.0,0.6586505115114302,0.06964810110961214,0.0,1.0,1.0
2014-09-05,21.82567024230957,21.93263612224222,20.860997927566665,0.1945506371869408,0.05914180777647872,3302.2016248703003,4500.0,70,0.35744483957058004,0.0,0.0,0.0,151,0,0,0,0.0,0.6588256603206766,0.024385094280612387,0.0,1.0,1.0
2014-09-08,21.691152572631836,21.909637688945992,20.949318889403497,0.19689441313493863,0.05188883267190325,3302.2016248703003,4500.0,70,0.3690697630583535,0.0,0.0,0.0,152,0,0,0,0.0,0.6591834137275068,0.049860504179945336,0.0,1.0,1.0
2014-09-09,21.60955238342285,21.881058136039027,20.981330635983632,0.1932175816259126,0.05952178024911731,3302.2016248703003,4500.0,70,0.3747511671673319,0.0,0.0,0.0,152,0,0,0,0.0,0.6596279845505041,0.06204127582134467,0.0,1.0,1.0
2014-09-10,22.273344039916992,21.91841869831312,21.104823077919786,0.21979049373136011,0.05899272194449492,3302.2016248703003,4500.0,70,0.1965710691118082,0.0,0.0,0.0,148,0,0,0,0.0,0.6590468202484626,0.0,0.0,0.0,1.0
2014-09-11,22.3681697845459,21.961252135097194,21.191730984637637,0.21633997500293373,0.05582200635989335,3302.2016248703003,4500.0,70,0.19627123505431962,0.0,0.0,0.0,147,0,0,0,0.0,0.6583805223429325,0.0,0.0,0.0,1.0
2014-09-12,22.41889762878418,22.00483742021024,21.27959616367063,0.2163330051917654,0.060168301971313225,3302.2016248703003,4500.0,70,0.19596613805852833,0.0,0.0,0.0,147,0,0,0,0.0,0.6577025290189519,0.0,0.0,0.0,1.0
2014-09-15,22.412277221679688,22.04364121082638,21.357984631623193,0.21624851898529104,0.06033212804680103,3302.2016248703003,4500.0,70,0.19569451152421533,0.0,0.0,0.0,147,0,0,0,0.0,0.6570989144982563,0.0,0.0,0.0,1.0
2014-09-16,22.242469787597656,22.06257726575698,21.394301127006337,0.2152783703491208,0.0586299240456313,3302.2016248703003,4500.0,70,0.19556195913970112,0.0,0.0,0.0,148,0,0,0,0.0,0.6568043536437803,0.0,0.0,0.0,1.0
2014-09-17,22.401247024536133,22.094831528497853,21.421742909303607,0.21124766929484912,0.05645393952408727,3302.2016248703003,4500.0,70,0.19533617930051503,0.0,0.0,0.0,147,0,0,0,0.0,0.6563026206678112,0.0,0.0,0.0,1.0
2014-09-18,22.447566986083984,22.128425381601293,21.448532364249992,0.2113091460836879,0.058194237513520534,3302.2016248703003,4500.0,70,0.19510102232879092,0.0,0.0,0.0,147,0,0,0,0.0,0.6557800496195354,0.0,0.0,0.0,1.0
2014-09-19,22.264522552490234,22.14138701692405,21.46196055046754,0.21363239954324958,0.05764974981104831,3302.2016248703003,4500.0,70,0.19501029088153168,0.0,0.0,0.0,148,0,0,0,0.0,0.6555784241811815,0.0,0.0,0.0,1.0
2014-09-22,22.286582946777344,22.155215200719603,21.47710434453879,0.21202248071269686,0.06458654535678243,3302.2016248703003,4500.0,70,0.19491349359496277,0.0,0.0,0.0,148,0,0,0,0.0,0.6553633190999173,0.0,0.0,0.0,1.0
2014-09-23,22.635019302368164,22.200910829448038,21.502919595855285,0.21915309903113508,0.06541863350801207,3302.2016248703003,4500.0,70,0.19459362419386375,0.0,0.0,0.0,145,0,0,0,0.0,0.6546524982085861,0.0,0.0,0.0,1.0
2014-09-24,22.438745498657227,22.223561750325104,21.520598861456026,0.2202643693660572,0.07152001613857016,3302.2016248703003,4500.0,70,0.19443506774772426,0.0,0.0,0.0,147,0,0,0,0.0,0.6543001505504984,0.0,0.0,0.0,1.0
2014-09-25,21.583097457885742,22.162565151045165,21.409314598274815,0.25456595406573573,0.09161689350619222,3302.2016248703003,4500.0,70,0.4036910784304726,0.006151797384120935,1.0,0.4036910784304726,152,2,2,2,43.166194915771484,0.6552489865392974,0.13073118775064163,0.0,1.0,1.0
2014-09-26,22.21820831298828,22.167864499801652,21.43119962553222,0.2779262740890496,0.0974230158852182,3259.035429954529,4500.0,72,0.19039137560142808,0.0,0.0,0.0,146,0,0,0,0.0,0.6453141680031735,0.0,0.0,0.0,1.0
2014-09-29,22.077075958251953,22.159217972035012,21.446414763317442,0.27840528652994195,0.09673001054780751,3259.035429954529,4500.0,72,0.34879415648295287,0.0,0.0,0.0,147,0,0,0,0.0,0.6454525124474397,0.018534501959122096,0.0,1.0,1.0
2014-09-30,22.21820831298828,22.164836099744846,21.511277354315354,0.27785514269556344,0.09703218694085801,3259.035429954529,4500.0,72,0.19041318008183714,0.0,0.0,0.0,146,0,0,0,0.0,0.6453626224040825,0.0,0.0,0.0,1.0
2014-10-01,21.871984481811523,22.13694546946548,21.488508626305098,0.23896618514031515,0.10671684535660068,3759.035429954529,5000.0,72,0.39687868981086294,0.0,0.0,0.0,171,0,0,0,0.0,0.6812279852396971,0.05984587801858891,0.0,1.0,0.8660454865536571
2014-10-02,22.030771255493164,22.126833639563355,21.52074296267942,0.23798767954089237,0.10682333634295414,3759.035429954529,5000.0,72,0.3807311761208718,0.0,0.0,0.0,170,0,0,0,0.0,0.6813735955902877,0.02170721433418937,0.0,1.0,0.8565518834514287
2014-10-03,21.96901512145996,22.11180330450589,21.519409000825966,0.2365712070834862,0.11363124332995023,3759.035429954529,5000.0,72,0.39775164379114475,0.0,0.0,0.0,171,0,0,0,0.0,0.6815900324151152,0.03228777433472213,0.0,1.0,0.7349336924628209
2014-10-06,21.96901512145996,22.098204429930085,21.541417988522426,0.23530011374113444,0.11338802873762541,3759.035429954529,5000.0,72,0.39702612993009356,0.0,0.0,0.0,171,0,0,0,0.0,0.6817858562090068,0.029230725256380718,0.0,1.0,0.7293133172933088
2014-10-07,21.777158737182617,22.067628649668425,21.543325941725413,0.23721575841759485,0.12275717878412207,3759.035429954529,5000.0,72,0.42558468754419576,0.0426411459069929,1.0,0.42558468754419576,172,2,2,2,43.554317474365234,0.6822261474447747,0.06581357632419922,0.0,1.0,0.6103318815184255
2014-10-08,22.229238510131836,22.083020064950652,21.559731790915357,0.22256860471000672,0.13891708276648396,3715.4811124801636,5000.0,74,0.26941302635069503,0.0,0.0,0.0,167,0,0,0,0.0,0.6731713030387303,0.0,0.0,0.0,0.3351406001673365
2014-10-09,22.277755737304688,22.10156631946056,21.58311128689679,0.2221630504996637,0.1558090056631225,3715.4811124801636,5000.0,74,0.28398124823631693,0.0,0.0,0.0,166,0,0,0,0.0,0.6728968184719837,0.0,0.0,0.0,0.1882232007607576
2014-10-10,22.213802337646484,22.112255464049696,21.60500078639993,0.22218265602367704,0.1589785199968278,3715.4811124801636,5000.0,74,0.28626871209853266,0.0,0.0,0.0,167,0,0,0,0.0,0.6727386191320645,0.0,0.0,0.0,0.1646366651089637
2014-10-13,22.010915756225586,22.102604063304543,21.602638273216712,0.22434964259446197,0.16693553865947,3715.4811124801636,5000.0,74,0.45013619077943373,0.08356031796572286,1.0,0.45013619077943373,168,2,2,2,44.02183151245117,0.6728814598630928,0.020741516885601104,0.0,1.0,0.11994148757478573
2014-10-14,21.777158737182617,22.071609270340552,21.54554574752013,0.22582278440189324,0.16339874906447305,3671.4592809677124,5000.0,76,0.46387716837401344,0.10646194729002237,1.0,0.46387716837401344,168,2,2,2,43.554317474365234,0.6645115390908236,0.06670345817366669,0.0,1.0,0.1516958039500722
2014-10-15,21.510316848754883,22.018152849237158,21.43887509061608,0.22708636367234025,0.16346990303103495,3627.904963493347,5000.0,78,0.4815639247780271,0.13593987463004517,1.0,0.4815639247780271,168,2,2,2,43.020633697509766,0.6565168155519003,0.11532211715477061,0.0,1.0,0.1576359493997479
2014-10-16,21.228036880493164,21.942903709356777,21.2724069978051,0.22992391774431023,0.16107224947241072,3584.8843297958374,5000.0,80,0.6963578547060226,0.493929757843371,1.0,0.6963578547060226,168,3,3,3,63.68411064147949,0.6489135406502916,0.16289248641208395,1.0,1.0,0.18954857472046416
2014-10-17,21.538990020751953,21.904435739013458,21.20945557364447,0.2368771395901563,0.17136136735444424,3521.200219154358,5000.0,83,0.45871828660516845,0.09786381100861405,1.0,0.45871828660516845,163,2,2,2,43.077980041503906,0.6363863667323766,0.0834181995408853,0.0,1.0,0.15193768217799386
2014-10-20,21.99989128112793,21.91352674302436,21.232348786373226,0.2504660944176864,0.17562248241015763,3478.122239112854,5000.0,85,0.26351469483654366,0.0,0.0,0.0,158,0,0,0,0.0,0.6274700453685859,0.0,0.0,0.0,0.18846825579320003
2014-10-21,22.5975284576416,21.978669763464097,21.30493061871787,0.263348732094039,0.19124088495981736,3478.122239112854,5000.0,85,0.26710880420379446,0.0,0.0,0.0,153,0,0,0,0.0,0.6263626140211104,0.0,0.0,0.0,0.14754372105705227
2014-10-22,22.712202072143555,22.04852998333833,21.32599064700216,0.2618283437198455,0.18951973260733618,3478.122239112854,5000.0,85,0.2662007410490306,0.0,0.0,0.0,153,0,0,0,0.0,0.6251749902832484,0.0,0.0,0.0,0.15128004578431198
2014-10-23,23.117969512939453,22.150381367109865,21.296022667060647,0.22434336447637604,0.18771765912751098,3478.122239112854,5000.0,85,0.2805495825416095,0.0,0.0,0.0,150,0,0,0,0.0,0.6234435167591322,0.0,0.0,0.0,0.0
2014-10-24,23.203977584838867,22.250723864036438,21.257280953036798,0.2024874181040196,0.1868364241320858,3478.122239112854,5000.0,85,0.27978196244012127,0.0,0.0,0.0,149,0,0,0,0.0,0.6217376943113806,0.0,0.0,0.0,0.0
2014-10-27,23.179718017578125,22.339199497707074,21.238397155145396,0.2003624944432884,0.18671370282363803,3478.122239112854,5000.0,85,0.2791051238425409,0.0,0.0,0.0,150,0,0,0,0.0,0.6202336085389797,0.0,0.0,0.0,0.0
2014-10-28,23.539180755615234,22.45348342703166,21.193865663487532,0.20525474218333495,0.1914169473587982,3478.122239112854,5000.0,85,0.27823085178320783,0.0,0.0,0.0,147,0,0,0,0.0,0.6182907817404618,0.0,0.0,0.0,0.0
2014-10-29,23.671499252319336,22.569484934201917,21.170497914338256,0.19328419685573245,0.18471961025362232,3478.122239112854,5000.0,85,0.2773434402533554,0.0,0.0,0.0,146,0,0,0,0.0,0.6163187561185675,0.0,0.0,0.0,0.0
2014-10-30,23.592098236083984,22.666876677238307,21.16704095354589,0.19460015452354112,0.18560126519332065,3478.122239112854,5000.0,85,0.276598393419127,0.0,0.0,0.0,147,0,0,0,0.0,0.6146630964869488,0.0,0.0,0.0,0.0
2014-10-31,23.817045211791992,22.77641653767199,21.166229978879556,0.19422729719237775,0.18601078931004622,3478.122239112854,5000.0,85,0.27576041348680924,0.0,0.0,0.0,146,0,0,0,0.0,0.6128009188595761,0.0,0.0,0.0,0.0
2014-11-03,24.125783920288086,22.904927716968764,21.16065306328398,0.1960248996175732,0.18578352592159783,3978.122239112854,5500.0,85,0.2907066390592627,0.0,0.0,0.0,164,0,0,0,0.0,0.6460147534650282,0.0,0.0,0.0,0.0
2014-11-04,23.949356079101562,23.004397084790934,21.20770455121196,0.1947887289493283,0.17615716768797388,3978.122239112854,5500.0,85,0.29001487481940846,0.0,0.0,0.0,166,0,0,0,0.0,0.6444774995986855,0.0,0.0,0.0,0.0
2014-11-05,24.006690979003906,23.09985364614455,21.229904699169097,0.18556765045897353,0.1671947265613641,3978.122239112854,5500.0,85,0.2893510178245402,0.0,0.0,0.0,165,0,0,0,0.0,0.6430022618323116,0.0,0.0,0.0,0.0
2014-11-06,24.075355529785156,23.192758587443656,21.257543432173357,0.1854991686466448,0.1454733737311914,3978.122239112854,5500.0,85,0.2824430958133431,0.0,0.0,0.0,165,0,0,0,0.0,0.6415664581940526,0.0,0.0,0.0,0.0626181037398057
2014-11-07,24.144023895263672,23.283355283426516,21.29894039779381,0.18381203441004262,0.13603166515451026,3978.122239112854,5500.0,85,0.27547114204970025,0.0,0.0,0.0,164,0,0,0,0.0,0.6401663274379539,0.0,0.0,0.0,0.12603705297379042
2014-11-10,24.104143142700195,23.361525555738293,21.373713280575178,0.17843329429261431,0.11446127317459473,3978.122239112854,5500.0,85,0.2576231552066644,0.0,0.0,0.0,165,0,0,0,0.0,0.6389582414113173,0.0,0.0,0.0,0.29908053428428416
2014-11-11,24.296850204467773,23.450604093712528,21.495222260159146,0.1693606760872874,0.11477311512738148,3978.122239112854,5500.0,85,0.26394397578785134,0.0,0.0,0.0,163,0,0,0,0.0,0.63758157309717,0.0,0.0,0.0,0.22967732105875172
2014-11-12,24.640148162841797,23.56389400505817,21.685351040403965,0.15810987237572632,0.10702453590827617,3978.122239112854,5500.0,85,0.26301352828980384,0.0,0.0,0.0,161,0,0,0,0.0,0.6358307290127373,0.0,0.0,0.0,0.2311029976592791
2014-11-13,24.98788070678711,23.69951178617521,21.98074378278686,0.14109092326987002,0.10682342107849217,3978.122239112854,5500.0,85,0.2751151335228384,0.0,0.0,0.0,159,0,0,0,0.0,0.6337348178500195,0.0,0.0,0.0,0.10065534509670426
2014-11-14,25.289098739624023,23.850901019837004,22.248482731879378,0.13981921855704493,0.1031194320037365,3978.122239112854,5500.0,85,0.2711364969030217,0.0,0.0,0.0,157,0,0,0,0.0,0.6313951660570645,0.0,0.0,0.0,0.12991327822657328
2014-11-17,25.24700927734375,23.98386371102812,22.47380102768497,0.1345812300025444,0.10178985075785028,3978.122239112854,5500.0,85,0.2730241440525481,0.0,0.0,0.0,157,0,0,0,0.0,0.6293402881022927,0.0,0.0,0.0,0.10178985593483625
2014-11-18,25.574811935424805,24.13538258954209,22.58563664791522,0.11418433449096049,0.08266797826759945,3978.122239112854,5500.0,85,0.2670460350659353,0.0,0.0,0.0,155,0,0,0,0.0,0.6269986327070768,0.0,0.0,0.0,0.15103349652249243
2014-11-19,25.397615432739258,24.255595241275152,22.733815165488,0.12337718733058689,0.07554174415986667,3978.122239112854,5500.0,85,0.24521070094530067,0.0,0.0,0.0,156,0,0,0,0.0,0.6251408008166567,0.0,0.0,0.0,0.36102659422194816
2014-11-20,25.76085090637207,24.398952923665334,22.814366141401674,0.11927060478252426,0.06724933820918005,3978.122239112854,5500.0,85,0.23251986912296188,0.0,0.0,0.0,154,0,0,0,0.0,0.6229252729978993,0.0,0.0,0.0,0.4779650372609281
2014-11-21,25.796289443969727,24.532032592265754,22.911629244777522,0.12001063137536302,0.06593514165080595,3978.122239112854,5500.0,85,0.22771323532699747,0.0,0.0,0.0,154,0,0,0,0.0,0.6208685872104384,0.0,0.0,0.0,0.516776289176998
2014-11-24,26.274688720703125,24.69799984259312,23.00289558738899,0.1261820765513582,0.06424917770539877,3978.122239112854,5500.0,85,0.21457426197764018,0.0,0.0,0.0,151,0,0,0,0.0,0.6183036387962881,0.0,0.0,0.0,0.6366237548068949
2014-11-25,26.04656410217285,24.826434533981665,23.09568540012991,0.13189699166126798,0.05544209136646574,3978.122239112854,5500.0,85,0.17909304732166673,0.0,0.0,0.0,152,0,0,0,0.0,0.6163187390202833,0.0,0.0,0.0,0.9825038523746079
2014-11-26,26.35664939880371,24.972169283012338,23.175064052957406,0.13409007572341536,0.0539936360754749,3978.122239112854,5500.0,85,0.17632991362268693,0.0,0.0,0.0,150,0,0,0,0.0,0.6140664747170821,0.0,0.0,0.0,1.0
2014-11-28,26.341142654418945,25.102547699336775,23.297811221229697,0.13203304165127194,0.05437512148522996,3978.122239112854,5500.0,85,0.17542319100006695,0.0,0.0,0.0,151,0,0,0,0.0,0.6120515355557044,0.0,0.0,0.0,1.0
2014-12-01,25.486215591430664,25.139087498583812,23.414339283380496,0.18767203758124637,0.04907898542511158,4478.122239112854,6000.0,85,0.1897383171965282,0.0,0.0,0.0,175,0,0,0,0.0,0.643862927103396,0.0,0.0,0.0,1.0
2014-12-02,25.388755798339844,25.16286543189391,23.4960308604708,0.18584836402803445,0.052633972063770455,4478.122239112854,6000.0,85,0.1895867328716763,0.0,0.0,0.0,176,0,0,0,0.0,0.6435260730481696,0.0,0.0,0.0,1.0
2014-12-03,25.67668342590332,25.211800478942422,23.631965896242,0.18441518377146712,0.051122098766212876,4478.122239112854,6000.0,85,0.18927477194674205,0.0,0.0,0.0,174,0,0,0,0.0,0.6428328265483156,0.0,0.0,0.0,1.0
2014-12-04,25.579233169555664,25.246794068524636,23.77342220816034,0.18623069395833422,0.04947209968336952,4478.122239112854,6000.0,85,0.18905168781315543,0.0,0.0,0.0,175,0,0,0,0.0,0.6423370840292343,0.0,0.0,0.0,1.0
2014-12-05,25.4707088470459,25.268119285526662,23.916417971564236,0.18812157690348383,0.048565834267472976,4478.122239112854,6000.0,85,0.1889157395547675,0.0,0.0,0.0,175,0,0,0,0.0,0.6420349767883723,0.0,0.0,0.0,1.0
2014-12-08,24.894847869873047,25.232569626892985,23.989586518352947,0.20876319305820765,0.056877495527054685,4478.122239112854,6000.0,85,0.36925717518733847,0.0,0.0,0.0,179,0,0,0,0.0,0.6425385969523494,0.06692179235284722,0.0,1.0,1.0
2014-12-09,25.275802612304688,25.236687054075052,24.157229998584707,0.21385674709399105,0.056227752870664144,4478.122239112854,6000.0,85,0.18911612003027153,0.0,0.0,0.0,177,0,0,0,0.0,0.6424802667339368,0.0,0.0,0.0,1.0
2014-12-10,24.795177459716797,25.19463852127903,24.21242932196528,0.2257507210387031,0.08215245164559856,4478.122239112854,6000.0,85,0.37505793548236255,0.0,0.0,0.0,180,0,0,0,0.0,0.6430759542818805,0.07927501345670276,0.0,1.0,1.0
2014-12-11,24.722091674804688,25.149634059710042,24.182200621159723,0.22077423207015956,0.08391454913468704,4478.122239112854,6000.0,85,0.3779209581459886,0.0,0.0,0.0,181,0,0,0,0.0,0.6437135174874411,0.0849997228369779,0.0,1.0,1.0
2014-12-12,24.303485870361328,25.06904851786731,23.9816664704494,0.22243225971793398,0.1015516248378369,4478.122239112854,6000.0,85,0.4263676130149385,0.043946021691564086,1.0,0.4263676130149385,184,2,2,2,48.606971740722656,0.6448551459968798,0.15269080654583791,0.0,1.0,0.8252806562928443
2014-12-15,23.971263885498047,24.96449760049881,23.68472392054347,0.22069321620348892,0.10324927569967123,4429.515267372131,6000.0,87,0.4485015153703338,0.08083585895055627,1.0,0.4485015153703338,184,2,2,2,47.942527770996094,0.6380147847927673,0.198929241616486,0.0,1.0,0.7812329651383023
2014-12-16,23.64346694946289,24.838685157543008,23.332851409499813,0.2241233430626378,0.10607989930993755,4381.572739601135,6000.0,89,0.466405141492567,0.11067523582094499,1.0,0.466405141492567,185,2,2,2,47.28693389892578,0.6315595034964454,0.24059611056287203,0.0,1.0,0.7606488483412581
2014-12-17,24.23261260986328,24.78096396252589,23.201755064691724,0.2390458025339275,0.13009309049655932,4334.2858057022095,6000.0,91,0.42753291684329425,0.04588819473882372,1.0,0.42753291684329425,178,2,2,2,48.46522521972656,0.6241553799016907,0.1106396332063262,0.0,1.0,0.5312483905531333
2014-12-18,24.950218200683594,24.797083413779006,23.21277696265176,0.2641140883862133,0.1572827655949954,4285.820580482483,6000.0,93,0.23710443042529938,0.0,0.0,0.0,171,0,0,0,0.0,0.6156452070864253,0.0,0.0,0.0,0.3993591276359205
2014-12-19,24.75752830505371,24.793316260567074,23.213808095711027,0.2589799104810725,0.15790767223866556,4285.820580482483,6000.0,93,0.39364174065038365,0.0,0.0,0.0,173,0,0,0,0.0,0.6157035979612103,0.007217258703363349,0.0,1.0,0.3667264484867454
2014-12-22,25.014446258544922,24.814376260374488,23.258676087121565,0.26241896628812034,0.15741829585647715,4285.820580482483,6000.0,93,0.2380016470232192,0.0,0.0,0.0,171,0,0,0,0.0,0.6153771679641955,0.0,0.0,0.0,0.389180785606688
2014-12-23,24.925859451293945,24.82499370712872,23.358540475235618,0.25163493441348667,0.1572370660328228,4285.820580482483,6000.0,93,0.2434828531339712,0.0,0.0,0.0,171,0,0,0,0.0,0.6152125975395049,0.0,0.0,0.0,0.33362815758805975
2014-12-24,24.808469772338867,24.823419999053495,23.4236861960709,0.2507364874238233,0.15714976048249846,4285.820580482483,6000.0,93,0.39525125910561987,0.0,0.0,0.0,172,0,0,0,0.0,0.6152369900146708,0.0030113148621741578,0.0,1.0,0.3296047808896041
2014-12-26,25.24700927734375,24.86376183508114,23.6045727321074,0.2558623930471196,0.15726196207855958,4285.820580482483,6000.0,93,0.24099342179397687,0.0,0.0,0.0,169,0,0,0,0.0,0.6146116915562424,0.0,0.0,0.0,0.35581839406332194
2014-12-29,25.229291915893555,24.89857422372994,23.806378066155546,0.2558542632476508,0.15687246493429205,4285.820580482483,6000.0,93,0.24041828921793995,0.0,0.0,0.0,169,0,0,0,0.0,0.6140720995321859,0.0,0.0,0.0,0.35914155571543693
2014-12-30,24.921430587768555,24.900751020305048,23.841637529115022,0.23298923756689566,0.155801058344217,4285.820580482483,6000.0,93,0.2516982763480135,0.0,0.0,0.0,171,0,0,0,0.0,0.6140383591852717,0.0,0.0,0.0,0.24618985285358796
2014-12-31,24.44745635986328,24.85758010026297,23.808093903702783,0.24150376064871448,0.15895640178133966,4285.820580482483,6000.0,93,0.4371319808509756,0.061886634751625966,1.0,0.4371319808509756,175,2,2,2,48.89491271972656,0.6147075084459239,0.0824947035764257,0.0,1.0,0.2660901455908169
2015-01-02,24.21489906311035,24.79637238243891,23.78846378984307,0.23779543549763535,0.15828610309410018,4736.925667762756,6500.0,95,0.4644856829675484,0.10747613827924728,1.0,0.4644856829675484,195,2,2,2,48.4297981262207,0.6375914805643544,0.11724967474281953,0.0,1.0,0.25192836920679906
2015-01-05,23.5327205657959,24.676024590377672,23.600644140047592,0.25429154633632883,0.1706386459196118,4688.495869636536,6500.0,97,0.7143531384667509,0.5239218974445847,1.0,0.7143531384667509,199,3,3,3,70.5981616973877,0.6317577868820563,0.23166292860390506,1.0,1.0,0.24186183501931757
2015-01-06,23.53493309020996,24.56734920940932,23.4486085809206,0.2547111158092079,0.17239501815561387,4617.897707939148,6500.0,100,0.5013483732714991,0.1689139554524984,1.0,0.5013483732714991,196,3,3,3,70.60479927062988,0.6220407813937028,0.21011955958275325,0.0,1.0,0.2312378016790615
2015-01-07,23.864946365356445,24.5004537004519,23.350083742470524,0.2520523350013275,0.17732501421790609,4547.292908668518,6500.0,103,0.4652035534088722,0.10867258901478698,1.0,0.4652035534088722,190,2,2,2,47.72989273071289,0.6117620413620699,0.12969297280477143,0.0,1.0,0.18451202966206393
2015-01-08,24.781896591186523,24.52725778528377,23.425036847335523,0.28437872612884957,0.18933019460389044,4499.563015937805,6500.0,105,0.24653693516161482,0.0,0.0,0.0,181,0,0,0,0.0,0.6037904511608007,0.0,0.0,0.0,0.2516876786074549
2015-01-09,24.808469772338867,24.554039879289018,23.451040977200112,0.27616676421923253,0.18212278239042523,4499.563015937805,6500.0,105,0.2451462834372628,0.0,0.0,0.0,181,0,0,0,0.0,0.6033578173345621,0.0,0.0,0.0,0.2636473436329012
2015-01-12,24.197168350219727,24.52005211461575,23.414764054282962,0.28981257883867584,0.1839387490230035,4499.563015937805,6500.0,105,0.42008701925099806,0.03347836541833007,1.0,0.42008701925099806,185,2,2,2,48.39433670043945,0.6039068504562071,0.06584075818573858,0.0,1.0,0.31299404637877437
2015-01-13,24.412017822265625,24.50976313439193,23.40684127851074,0.2853402806274384,0.17421734527714086,4451.168679237366,6500.0,107,0.39092551528237335,0.0,0.0,0.0,182,0,0,0,0.0,0.5965315914800098,0.019940076856383653,0.0,1.0,0.3648673546900365
2015-01-14,24.318988800048828,24.49159415016878,23.411364820851322,0.2810171958805396,0.17394856282432541,4451.168679237366,6500.0,107,0.39980418121171446,0.0,0.0,0.0,183,0,0,0,0.0,0.5968306809126063,0.0352376715581746,0.0,1.0,0.3462657740013697
2015-01-15,23.658967971801758,24.41229641889573,23.334611840531007,0.29402372086176565,0.17449433150118127,4451.168679237366,6500.0,107,0.4481759564058736,0.08029326067645597,1.0,0.4481759564058736,188,2,2,2,47.317935943603516,0.5981360435658704,0.1542928273046192,0.0,1.0,0.4041703548584672
2015-01-16,23.475135803222656,24.323043026926868,23.157197867139644,0.28013601109423425,0.16557654483145823,4403.850743293762,6500.0,109,0.45389994072268947,0.08983323453781575,1.0,0.45389994072268947,187,2,2,2,46.95027160644531,0.5921212784715341,0.17430122184250024,0.0,1.0,0.40990184418625986
2015-01-20,24.079788208007812,24.299875901315527,23.1469393523011,0.2747494465506018,0.1399667410720551,4356.900471687317,6500.0,111,0.3700631960366888,0.0,0.0,0.0,180,0,0,0,0.0,0.5850328884544579,0.04528576487417365,0.0,1.0,0.6358019796119538
2015-01-21,24.26361846923828,24.29642281254627,23.15357280895724,0.2756404120188783,0.14005179148671673,4356.900471687317,6500.0,111,0.3523182221398492,0.0,0.0,0.0,179,0,0,0,0.0,0.5850918565857484,0.006750858667772147,0.0,1.0,0.6401099972423507
2015-01-22,24.894847869873047,24.353415675148817,23.223210304201977,0.2893479176745582,0.15067001076435454,4356.900471687317,6500.0,111,0.20281935415844576,0.0,0.0,0.0,175,0,0,0,0.0,0.584118593855151,0.0,0.0,0.0,0.6003401307637217
2015-01-23,25.0233154296875,24.41721565177155,23.2763274869122,0.289616737723856,0.15153583355365174,4356.900471687317,6500.0,111,0.20309562344543683,0.0,0.0,0.0,174,0,0,0,0.0,0.5830290865620551,0.0,0.0,0.0,0.5926746550748798
2015-01-26,25.04989242553711,24.477470582606365,23.312888660784655,0.2890026625402264,0.15197070913557575,4356.900471687317,6500.0,111,0.20342507218928368,0.0,0.0,0.0,173,0,0,0,0.0,0.5820001177431836,0.0,0.0,0.0,0.5847498079514895
2015-01-27,24.172809600830078,24.448455251008625,23.35166117576598,0.3077227063308173,0.15778527788668228,4356.900471687317,6500.0,111,0.3749689187178783,0.0,0.0,0.0,180,0,0,0,0.0,0.5824956103289296,0.0563728152450807,0.0,1.0,0.6252187279042629
2015-01-28,25.53936767578125,24.55235167241554,23.395739451079123,0.37138794059903046,0.16320489011767672,4356.900471687317,6500.0,111,0.17169185269686954,0.0,0.0,0.0,170,0,0,0,0.0,0.5807213791325961,0.0,0.0,0.0,0.8963276791279873
2015-01-29,26.334501266479492,24.722080205183538,23.282857507883232,0.3828396954496159,0.1679083010967003,4356.900471687317,6500.0,111,0.1700159700629318,0.0,0.0,0.0,165,0,0,0,0.0,0.5778229380345581,0.0,0.0,0.0,0.9000435205261936
2015-01-30,25.949108123779297,24.838940006954562,23.24733412729742,0.3797941488326087,0.17005423500471736,4356.900471687317,6500.0,111,0.17300807303344298,0.0,0.0,0.0,167,0,0,0,0.0,0.5758273321889298,0.0,0.0,0.0,0.8611422645157543
2015-02-02,26.274688720703125,24.97567797969252,23.206543540860125,0.3780267648016157,0.17766483527246102,4856.900471687317,7000.0,111,0.19446800480791065,0.0,0.0,0.0,184,0,0,0,0.0,0.6039571063220186,0.0,0.0,0.0,0.773126930369977
2015-02-03,26.279123306274414,25.099815629843178,23.257389182242488,0.35856621387671256,0.1730085060843736,4856.900471687317,7000.0,111,0.1981836227264614,0.0,0.0,0.0,184,0,0,0,0.0,0.6019886378696296,0.0,0.0,0.0,0.7271126431487194
2015-02-04,26.48067855834961,25.231326384939027,23.32651322413293,0.35798229020835076,0.17029118746955538,4856.900471687317,7000.0,111,0.19477501166991712,0.0,0.0,0.0,183,0,0,0,0.0,0.599903253038824,0.0,0.0,0.0,0.7518145219755366
2015-02-05,26.6696834564209,25.368312772699205,23.371417418468898,0.3568073463620481,0.1692479307412552,4856.900471687317,7000.0,111,0.19329619672074252,0.0,0.0,0.0,182,0,0,0,0.0,0.5977310403186269,0.0,0.0,0.0,0.7568277142263959
2015-02-06,26.445100784301758,25.470864011899447,23.38164133196835,0.3382823356260815,0.1574535557824344,4856.900471687317,7000.0,111,0.18920903356156132,0.0,0.0,0.0,183,0,0,0,0.0,0.5961048706684516,0.0,0.0,0.0,0.7903815823924192
2015-02-09,26.62076759338379,25.580378638707483,23.39250508797586,0.33833720629553177,0.15522702790346027,4856.900471687317,7000.0,111,0.18583004398443517,0.0,0.0,0.0,182,0,0,0,0.0,0.5943682815862099,0.0,0.0,0.0,0.816356827293593
2015-02-10,27.132190704345703,25.728170264006362,23.43432204646396,0.32508775588864547,0.15639205736513623,4856.900471687317,7000.0,111,0.19318847976694226,0.0,0.0,0.0,179,0,0,0,0.0,0.5920247286707563,0.0,0.0,0.0,0.7322264813489809
2015-02-11,27.768131256103516,25.92245226325371,23.435746451104382,0.3308909562853826,0.1558725930770329,4856.900471687317,7000.0,111,0.1881223193964945,0.0,0.0,0.0,174,0,0,0,0.0,0.5889439712541198,0.0,0.0,0.0,0.769024676678594
2015-02-12,28.11945915222168,26.131691014583993,23.45809638975214,0.3291329958461841,0.1563595637184931,4856.900471687317,7000.0,111,0.18811712341518166,0.0,0.0,0.0,172,0,0,0,0.0,0.5856260424830253,0.0,0.0,0.0,0.7541459570217972
2015-02-13,28.257326126098633,26.33413245377586,23.613293916351708,0.30303672097804607,0.15077791486597958,4856.900471687317,7000.0,111,0.1946020155025223,0.0,0.0,0.0,171,0,0,0,0.0,0.5824158996615542,0.0,0.0,0.0,0.674851393451771
2015-02-17,28.424089431762695,26.533175975488895,23.85696528673749,0.2967682834254703,0.14525771275530205,4856.900471687317,7000.0,111,0.19041294964972438,0.0,0.0,0.0,170,0,0,0,0.0,0.5792596381029618,0.0,0.0,0.0,0.7025388749660841
2015-02-18,28.62198829650879,26.732110482252693,24.038658084740252,0.29078217074083745,0.14548592166090357,4856.900471687317,7000.0,111,0.19268927382510997,0.0,0.0,0.0,169,0,0,0,0.0,0.576105105209993,0.0,0.0,0.0,0.6655802351938689
2015-02-19,28.56195640563965,26.90638152257526,24.250382989285953,0.29335572328155135,0.14545068832200067,4856.900471687317,7000.0,111,0.1899309089427793,0.0,0.0,0.0,170,0,0,0,0.0,0.5733416644277353,0.0,0.0,0.0,0.6807284004970156
2015-02-20,28.79543113708496,27.08629100967142,24.39446129448201,0.2858447896477743,0.1374754007966542,4856.900471687317,7000.0,111,0.18344970122037224,0.0,0.0,0.0,168,0,0,0,0.0,0.570488813989496,0.0,0.0,0.0,0.7327026507490098
2015-02-23,29.57368278503418,27.323185464467873,24.506572199095217,0.29393874854986224,0.13536026355963565,4856.900471687317,7000.0,111,0.17406879851184448,0.0,0.0,0.0,164,0,0,0,0.0,0.5667323447777237,0.0,0.0,0.0,0.8096075663813118
2015-02-24,29.38913345336914,27.519942415791803,24.684730603152072,0.2975270120782819,0.13538326063583145,4856.900471687317,7000.0,111,0.17048682924909517,0.0,0.0,0.0,165,0,0,0,0.0,0.5636123416924442,0.0,0.0,0.0,0.8313872451250472
2015-02-25,28.63755989074707,27.626382175311353,25.13600744119192,0.28076274589346495,0.12398815629492994,4856.900471687317,7000.0,111,0.16416336529233963,0.0,0.0,0.0,169,0,0,0,0.0,0.5619245112200628,0.0,0.0,0.0,0.8870266475668867
2015-02-26,29.0000057220459,27.757203465476547,25.359393396880787,0.21762925632310542,0.11059730432388447,4856.900471687317,7000.0,111,0.1879522970629658,0.0,0.0,0.0,167,0,0,0,0.0,0.5598500593331577,0.0,0.0,0.0,0.6398022963695513
2015-02-27,28.564176559448242,27.834058045854803,25.490327537670545,0.20976870636431783,0.10918868545293732,4856.900471687317,7000.0,111,0.19128762215983047,0.0,0.0,0.0,170,0,0,0,0.0,0.5586313652728738,0.0,0.0,0.0,0.6009649221296276
2015-03-02,28.704259872436523,27.916934410291155,25.705743519367417,0.19767332437978383,0.0943551703283355,5356.900471687317,7500.0,111,0.1894905524718462,0.0,0.0,0.0,186,0,0,0,0.0,0.5868293707276909,0.0,0.0,0.0,0.7458266435561471
2015-03-03,28.764305114746094,27.997636382144005,25.89799054922349,0.19594787017031373,0.09020197949539835,5356.900471687317,7500.0,111,0.18250879226203737,0.0,0.0,0.0,186,0,0,0,0.0,0.5856349815442687,0.0,0.0,0.0,0.8102694943288358
2015-03-04,28.581966400146484,28.053286860049003,26.11387634120479,0.1992378541971573,0.08032350516953887,5356.900471687317,7500.0,111,0.16316510951207366,0.0,0.0,0.0,187,0,0,0,0.0,0.5848113544712747,0.0,0.0,0.0,1.0
2015-03-05,28.10834503173828,28.058530495447982,26.285595891815856,0.2119484536132623,0.07781356187295403,5356.900471687317,7500.0,111,0.16313018690031642,0.0,0.0,0.0,190,0,0,0,0.0,0.5847337486673698,0.0,0.0,0.0,1.0
2015-03-06,28.150592803955078,28.06729833435342,26.453407515639782,0.21145797551150114,0.088648580524007,5356.900471687317,7500.0,111,0.16429254750201855,0.0,0.0,0.0,190,0,0,0,0.0,0.5846039846515694,0.0,0.0,0.0,0.9877924559118767
2015-03-09,28.270666122436523,28.086666695123238,26.731335393872424,0.20729128141933886,0.08848626451705002,5356.900471687317,7500.0,111,0.16772297054214041,0.0,0.0,0.0,189,0,0,0,0.0,0.5843173329121761,0.0,0.0,0.0,0.9521982926833883
2015-03-10,27.68586540222168,28.04849514341833,26.92383571049302,0.22371138905483914,0.10723559921027995,5356.900471687317,7500.0,111,0.36843926399438925,0.0,0.0,0.0,193,0,0,0,0.0,0.5848822718774087,0.06464335062227773,0.0,1.0,0.7384726613046972
2015-03-11,27.181108474731445,27.96588688925767,26.85319640174528,0.22510954304793365,0.09958771024100824,5356.900471687317,7500.0,111,0.38851876144567243,0.0,0.0,0.0,197,0,0,0,0.0,0.5861048740389865,0.14030994576247052,0.0,1.0,0.8836790746498324
2015-03-12,27.672523498535156,27.937947518712672,26.812034700193205,0.21847311458621294,0.11019458894995036,5356.900471687317,7500.0,111,0.37009169144916404,0.0,0.0,0.0,193,0,0,0,0.0,0.5865183767230525,0.047502419424286,0.0,1.0,0.6521766681713832
2015-03-13,27.481290817260742,27.894456404288682,26.694950522921616,0.21434609710075428,0.10591641141318668,5356.900471687317,7500.0,111,0.3789052770071082,0.0,0.0,0.0,194,0,0,0,0.0,0.5871620452165275,0.07405872712479483,0.0,1.0,0.6864407054648693
2015-03-16,27.7836971282959,27.883907901813178,26.652493231984913,0.2176657882833913,0.11651232884020765,5356.900471687317,7500.0,111,0.3666978378371212,0.0,0.0,0.0,192,0,0,0,0.0,0.587318163053165,0.01796928426785597,0.0,1.0,0.5568151345733829
2015-03-17,28.248428344726562,27.918624134471596,26.68549940064074,0.2253141820555709,0.11672816144880191,5356.900471687317,7500.0,111,0.20320804759472316,0.0,0.0,0.0,189,0,0,0,0.0,0.5868043628098204,0.0,0.0,0.0,0.60853915669696
2015-03-18,28.566404342651367,27.980317487631574,26.749156170133816,0.22763183269436393,0.12521823580537128,5356.900471687317,7500.0,111,0.21216101486342331,0.0,0.0,0.0,187,0,0,0,0.0,0.5858913011830528,0.0,0.0,0.0,0.5149007066895044
2015-03-19,28.350717544555664,28.015593683529108,26.787164300167845,0.22911651047828038,0.12638223080880295,5356.900471687317,7500.0,111,0.212342356519373,0.0,0.0,0.0,188,0,0,0,0.0,0.5853692134837692,0.0,0.0,0.0,0.5107378954832316
2015-03-20,27.99493980407715,28.013626647390826,26.790654298454946,0.23078663471093808,0.12868229183630414,5356.900471687317,7500.0,111,0.36547507811807745,0.0,0.0,0.0,191,0,0,0,0.0,0.5853983256186158,0.0033353131225902517,0.0,1.0,0.4945505931546521
2015-03-23,28.286226272583008,28.03958851645675,26.964433402361227,0.21035731718958942,0.12882605415312387,5356.900471687317,7500.0,111,0.2271831171894811,0.0,0.0,0.0,189,0,0,0,0.0,0.5850140899564401,0.0,0.0,0.0,0.36073223290916956
2015-03-24,28.170604705810547,28.05206624877616,27.114354727783063,0.2099390588223867,0.13007944663898888,5356.900471687317,7500.0,111,0.22867911215078512,0.0,0.0,0.0,190,0,0,0,0.0,0.5848294195181128,0.0,0.0,0.0,0.34494126632365685
2015-03-25,27.43459701538086,27.993259655119466,27.017423359839956,0.21076998793389676,0.13928810044943002,5356.900471687317,7500.0,111,0.43236869175957116,0.05394781959928523,1.0,0.43236869175957116,195,2,2,2,54.86919403076172,0.5856997571042319,0.09978520662141566,0.0,1.0,0.2609954191697026
2015-03-26,27.625831604003906,27.958266507394175,27.042769244005303,0.2064264199207653,0.13934616876739433,5302.031277656555,7500.0,113,0.41374694228858805,0.022911570480980047,1.0,0.41374694228858805,191,2,2,2,55.25166320800781,0.5787621179552611,0.05945198771575283,0.0,1.0,0.23449405263368295
2015-03-27,27.405689239501953,27.90564010092825,26.972351492769544,0.20214930007581808,0.13977412985235407,5246.779614448547,7500.0,115,0.42724014369849317,0.04540023949748858,1.0,0.42724014369849317,191,2,2,2,54.811378479003906,0.5721135184524335,0.08957881984037797,0.0,1.0,0.20521408533272
2015-03-30,28.09945297241211,27.924098469641,27.04614521054767,0.22326280339174892,0.14547716121573911,5191.9682359695435,7500.0,117,0.2260817325703817,0.0,0.0,0.0,184,0,0,0,0.0,0.5643840638736004,0.0,0.0,0.0,0.2789109617273853
2015-03-31,27.668079376220703,27.899715698839067,27.090265983817986,0.22861174633670234,0.14773406062974312,5191.9682359695435,7500.0,117,0.3938699877714861,0.0,0.0,0.0,187,0,0,0,0.0,0.5647644350981106,0.04151230878456632,0.0,1.0,0.28954546975718554
2015-04-01,27.628042221069336,27.873842034289567,27.113122867381332,0.22799417671184033,0.14760964418537503,5691.9682359695435,8000.0,117,0.407681855723053,0.012803092871754945,1.0,0.407681855723053,206,2,2,2,55.25608444213867,0.5923450602485151,0.04409148421625103,0.0,1.0,0.28714589286091785
2015-04-02,27.8659725189209,27.873092556635406,27.11928426592039,0.2235394186167157,0.14827849349128835,5636.712151527405,8000.0,119,0.3883688481403368,0.0,0.0,0.0,202,0,0,0,0.0,0.5853877482200484,0.0012772242082647108,0.0,1.0,0.2563038945240401
2015-04-06,28.317354202270508,27.915403189553036,27.145408817382148,0.23110333445161924,0.14157160991613568,5636.712151527405,8000.0,119,0.22710685441429607,0.0,0.0,0.0,199,0,0,0,0.0,0.5847583775553986,0.0,0.0,0.0,0.36034415485633287
2015-04-07,28.01939582824707,27.92530725038104,27.17369944000634,0.23376538722644866,0.1411048342462414,5636.712151527405,8000.0,119,0.2250184080718577,0.0,0.0,0.0,201,0,0,0,0.0,0.584611054650582,0.0,0.0,0.0,0.3805656652090421
2015-04-08,27.928232192993164,27.9255858163441,27.17897218911059,0.2215141607732046,0.1263083127286024,5636.712151527405,8000.0,119,0.21692664500227576,0.0,0.0,0.0,201,0,0,0,0.0,0.5846069109818816,0.0,0.0,0.0,0.4614646493957091
2015-04-09,28.14169692993164,27.94616782716196,27.270368269530636,0.21125378357154456,0.12641897744808617,5636.712151527405,8000.0,119,0.2236802816807294,0.0,0.0,0.0,200,0,0,0,0.0,0.5843007535709658,0.0,0.0,0.0,0.3925505742620521
2015-04-10,28.26176643371582,27.97622483730995,27.2971374093928,0.20267092359434372,0.12019316369160384,5636.712151527405,8000.0,119,0.22221663872346023,0.0,0.0,0.0,199,0,0,0,0.0,0.5838536555450144,0.0,0.0,0.0,0.40517506271796266
2015-04-13,28.206186294555664,27.998125928476206,27.350865192967085,0.20082033557673468,0.1191571785289756,5636.712151527405,8000.0,119,0.2221425611307205,0.0,0.0,0.0,199,0,0,0,0.0,0.5835278768139165,0.0,0.0,0.0,0.40444983435541926
2015-04-14,28.083879470825195,28.006292932509442,27.366286429992723,0.19843667908625215,0.10961875189695992,5636.712151527405,8000.0,119,0.21167921672346418,0.0,0.0,0.0,200,0,0,0,0.0,0.583406392628922,0.0,0.0,0.0,0.5085365995955071
2015-04-15,28.190608978271484,28.023846841629634,27.38776635616887,0.1896227301368618,0.10995519013404871,5636.712151527405,8000.0,119,0.2187032488475742,0.0,0.0,0.0,199,0,0,0,0.0,0.5831452782307591,0.0,0.0,0.0,0.4371212635626742
2015-04-16,28.054973602294922,28.026811295026327,27.445789111035815,0.18546510810658676,0.10148888824266357,5636.712151527405,8000.0,119,0.21010865652097604,0.0,0.0,0.0,200,0,0,0,0.0,0.5831011819864834,0.0,0.0,0.0,0.5228687537294152
2015-04-17,27.739229202270508,27.999422524287677,27.43493124205033,0.18769581173481917,0.10807485988282842,5636.712151527405,8000.0,119,0.3887609903106408,0.0,0.0,0.0,203,0,0,0,0.0,0.5835085899512208,0.04646405149811013,0.0,1.0,0.4472669834155809
2015-04-20,28.37294578552246,28.0349961682148,27.44051838702819,0.20048239968495227,0.10832810045975992,5636.712151527405,8000.0,119,0.20811606428825274,0.0,0.0,0.0,198,0,0,0,0.0,0.5829794319978049,0.0,0.0,0.0,0.5422468011075947
2015-04-21,28.219528198242188,28.052570647265025,27.46473194395726,0.19822302236619593,0.10828072996145625,5636.712151527405,8000.0,119,0.20966978200178507,0.0,0.0,0.0,199,0,0,0,0.0,0.5827180116219328,0.0,0.0,0.0,0.5255332322808473
2015-04-22,28.599756240844727,28.104683560939282,27.45789989705434,0.20321090954713644,0.10737052658132522,5636.712151527405,8000.0,119,0.20415648163183509,0.0,0.0,0.0,197,0,0,0,0.0,0.5819428320310281,0.0,0.0,0.0,0.5771779278212756
2015-04-23,28.833236694335938,28.174069573643724,27.480795526087903,0.17772650518932698,0.09173553942509312,5636.712151527405,8000.0,119,0.1999615740138621,0.0,0.0,0.0,195,0,0,0,0.0,0.5809107150920496,0.0,0.0,0.0,0.6144824777756026
2015-04-24,28.968870162963867,28.24976486786469,27.478977890504698,0.1771597420081398,0.09076793827025283,5636.712151527405,8000.0,119,0.19825416459425665,0.0,0.0,0.0,194,0,0,0,0.0,0.5797847475905128,0.0,0.0,0.0,0.6264897182147409
2015-04-27,29.4958553314209,28.36844015010814,27.457280540089904,0.18107687134570385,0.09285081395176174,5636.712151527405,8000.0,119,0.19759279253190493,0.0,0.0,0.0,191,0,0,0,0.0,0.5780194527671414,0.0,0.0,0.0,0.6251596121330871
2015-04-28,29.031131744384766,28.431553635277343,27.45649437008457,0.17476045859380637,0.0834884224532992,5636.712151527405,8000.0,119,0.1852504664364657,0.0,0.0,0.0,194,0,0,0,0.0,0.5770806396752496,0.0,0.0,0.0,0.7443582141739662
2015-04-29,28.60420799255371,28.4479969073989,27.507631748314257,0.1739381420016742,0.0775884718664802,5636.712151527405,8000.0,119,0.17275922562288712,0.0,0.0,0.0,197,0,0,0,0.0,0.5768360460024414,0.0,0.0,0.0,0.8681699507821152
2015-04-30,27.828166961669922,28.38896548399614,27.47611065077831,0.2018038855911082,0.08544863715010169,5636.712151527405,8000.0,119,0.3576099154412672,0.0,0.0,0.0,202,0,0,0,0.0,0.5777141384255574,0.09877051043694451,0.0,1.0,0.9680817654685872
2015-05-01,28.673128128051758,28.41602859295382,27.519852161519513,0.22672154143704987,0.0925069197508785,6136.712151527405,8500.0,119,0.17097901986439093,0.0,0.0,0.0,214,0,0,0,0.0,0.6021755996986465,0.0,0.0,0.0,1.0
2015-05-04,28.617544174194336,28.43522055307196,27.53331951686438,0.22020028990740315,0.09045417309947681,6136.712151527405,8500.0,119,0.17085811051564667,0.0,0.0,0.0,214,0,0,0,0.0,0.6019069122569926,0.0,0.0,0.0,1.0
2015-05-05,27.972713470458984,28.39117225948977,27.484963148662096,0.23206712266943882,0.1006684076982432,6136.712151527405,8500.0,119,0.3621932450839046,0.0,0.0,0.0,219,0,0,0,0.0,0.6025235883671433,0.07369522913780295,0.0,1.0,0.9210522279332123
2015-05-06,27.797040939331055,28.334588324236563,27.412509234179925,0.2328802698530945,0.10164413162560886,6136.712151527405,8500.0,119,0.3732500018847915,0.0,0.0,0.0,220,0,0,0,0.0,0.6033157634606882,0.09485710163745459,0.0,1.0,0.9092778740937268
2015-05-07,27.968971252441406,28.299767650732264,27.364960776491145,0.23229123549081115,0.10127276399849575,6136.712151527405,8500.0,119,0.35686851934158836,0.0,0.0,0.0,219,0,0,0,0.0,0.6038032528897483,0.058445073184602285,0.0,1.0,0.911432273918694
2015-05-08,28.495929718017578,28.318449752378484,27.383800732018447,0.24158798266420228,0.11075436744287723,6136.712151527405,8500.0,119,0.18981915709310676,0.0,0.0,0.0,215,0,0,0,0.0,0.6035417034667012,0.0,0.0,0.0,0.8177460946690878
2015-05-11,28.20565414428711,28.30770731351264,27.373036506554563,0.24445621431333833,0.1110691397283343,6136.712151527405,8500.0,119,0.3463615596460897,0.0,0.0,0.0,217,0,0,0,0.0,0.603692097610823,0.018025686095888126,0.0,1.0,0.8341144302193024
2015-05-12,28.105182647705078,28.288419250102397,27.355158639564156,0.24428480518069548,0.11154718139047386,6136.712151527405,8500.0,119,0.35385983503732066,0.0,0.0,0.0,218,0,0,0,0.0,0.6039621304985665,0.032387211313805626,0.0,1.0,0.8249736877824674
2015-05-13,28.136436462402344,28.27394469889287,27.337952485789998,0.24393816169048585,0.1099430039288924,6136.712151527405,8500.0,119,0.3479194152623455,0.0,0.0,0.0,218,0,0,0,0.0,0.6041647742154999,0.024317129773531353,0.0,1.0,0.8489744153271848
2015-05-14,28.79290008544922,28.323369021422046,27.384151869114188,0.2566742388589076,0.11655195510226275,6136.712151527405,8500.0,119,0.18804358935522958,0.0,0.0,0.0,213,0,0,0,0.0,0.6034728337000913,0.0,0.0,0.0,0.835191858098115
2015-05-15,28.752708435058594,28.36425848938743,27.472178789716377,0.25256877354774193,0.10801899884200908,6136.712151527405,8500.0,119,0.17645613550209727,0.0,0.0,0.0,213,0,0,0,0.0,0.602900381148576,0.0,0.0,0.0,0.9484903601476198
2015-05-18,29.069778442382812,28.431450865863184,27.502262827213194,0.24287767808878083,0.10392619147478456,6136.712151527405,8500.0,119,0.17613012064092676,0.0,0.0,0.0,211,0,0,0,0.0,0.6019596878779154,0.0,0.0,0.0,0.947517389041352
2015-05-19,29.042987823486328,28.48969248087491,27.54162226900432,0.24174791750780586,0.10373535459577034,6136.712151527405,8500.0,119,0.17631248950862316,0.0,0.0,0.0,211,0,0,0,0.0,0.6011443052677512,0.0,0.0,0.0,0.9420244786186489
2015-05-20,29.040746688842773,28.542173834014708,27.569012594940812,0.23763282307361422,0.10258593322720357,6136.712151527405,8500.0,119,0.17714872352213396,0.0,0.0,0.0,211,0,0,0,0.0,0.600409566323794,0.0,0.0,0.0,0.9303558132357335
2015-05-21,29.337722778320312,28.61794040013905,27.59153551145819,0.23858311139046456,0.10258104414947115,6136.712151527405,8500.0,119,0.17589021221596823,0.0,0.0,0.0,209,0,0,0,0.0,0.5993488343980533,0.0,0.0,0.0,0.9381676326315576
2015-05-22,29.594511032104492,28.710947126992902,27.601990950433994,0.23985196813153578,0.10276641773923795,6136.712151527405,8500.0,119,0.17462496667405733,0.0,0.0,0.0,207,0,0,0,0.0,0.5980467402220994,0.0,0.0,0.0,0.9449606642588739
2015-05-26,28.942508697509766,28.733000609899268,27.689515569397418,0.2444597327655002,0.10837895788279607,6136.712151527405,8500.0,119,0.1810153100296903,0.0,0.0,0.0,212,0,0,0,0.0,0.5977379914614103,0.0,0.0,0.0,0.8796678612794435
2015-05-27,29.48286247253418,28.804416025388306,27.70369779340782,0.24711698754824665,0.1128978429561797,6136.712151527405,8500.0,119,0.1861276108351479,0.0,0.0,0.0,208,0,0,0,0.0,0.5967381756445637,0.0,0.0,0.0,0.8240456820490578
2015-05-28,29.424808502197266,28.863501023179637,27.706031664286986,0.24050484108079592,0.11208264484756869,6136.712151527405,8500.0,119,0.1893448369215066,0.0,0.0,0.0,208,0,0,0,0.0,0.5959109856754851,0.0,0.0,0.0,0.7881510663246167
2015-05-29,29.089872360229492,28.885060198136763,27.783233239170528,0.2213538066962522,0.10810152941592878,6136.712151527405,8500.0,119,0.1973868443164711,0.0,0.0,0.0,210,0,0,0,0.0,0.5956091572260853,0.0,0.0,0.0,0.7063727643526732
2015-06-01,29.14792823791504,28.91009524954422,27.792821885329094,0.19500830504564515,0.10117083815532638,6636.712151527405,9000.0,119,0.2173586857867873,0.0,0.0,0.0,227,0,0,0,0.0,0.6177442961449153,0.0,0.0,0.0,0.606262474784246
2015-06-02,29.01842498779297,28.92041236747267,27.798839967950048,0.19569207809062109,0.10067048459248076,6636.712151527405,9000.0,119,0.21593293675041028,0.0,0.0,0.0,228,0,0,0,0.0,0.6176078809189725,0.0,0.0,0.0,0.6199060966312733
2015-06-03,29.05414581298828,28.933148886093207,27.870915780458958,0.17527944412105456,0.09078674366323217,6636.712151527405,9000.0,119,0.2169584122901735,0.0,0.0,0.0,228,0,0,0,0.0,0.6174394758394343,0.0,0.0,0.0,0.6088935183757191
2015-06-04,28.88444709777832,28.92851062053941,27.982916891675373,0.17501235413877117,0.09497412694597179,6636.712151527405,9000.0,119,0.37774110086051593,0.0,0.0,0.0,229,0,0,0,0.0,0.6175008040173122,0.007615933523000609,0.0,1.0,0.5356143103262478
2015-06-05,28.725921630859375,28.909216431046072,28.061533881944186,0.17619189939643204,0.09431241877815588,6636.712151527405,9000.0,119,0.3865748990345419,0.0,0.0,0.0,231,0,0,0,0.0,0.6177559160783909,0.031701793202159254,0.0,1.0,0.5568107014170567
2015-06-08,28.536121368408203,28.873683567937704,28.03002578520647,0.16560901243117207,0.08279562800744845,6636.712151527405,9000.0,119,0.38782179163879016,0.0,0.0,0.0,232,0,0,0,0.0,0.6182257394906014,0.05845499392816317,0.0,1.0,0.6668453839965396
2015-06-09,28.451274871826172,28.833454168308034,28.027215153595733,0.16158426641385162,0.0813636370389532,6636.712151527405,9000.0,119,0.39276807417874987,0.0,0.0,0.0,233,0,0,0,0.0,0.6187576615523716,0.06627358870203107,0.0,1.0,0.6549598843573128
2015-06-10,28.777273178100586,28.828103597812085,28.116409556530467,0.16534977024709732,0.09226720657439595,6636.712151527405,9000.0,119,0.3831004410015459,0.0,0.0,0.0,230,0,0,0,0.0,0.6188284079844847,0.008816122701070876,0.0,1.0,0.49339597806954116
2015-06-11,28.7125186920166,28.817095511545848,28.20728865572021,0.16581265731802347,0.09241546595958704,6636.712151527405,9000.0,119,0.387186085347406,0.0,0.0,0.0,231,0,0,0,0.0,0.6189739593473382,0.0181449271123362,0.0,1.0,0.49517413559447565
2015-06-12,28.39545249938965,28.77693903419764,28.115798985776525,0.14859129776002641,0.0869642995594394,6636.712151527405,9000.0,119,0.41621747413974913,0.02702912356624852,1.0,0.41621747413974913,233,2,2,2,56.7909049987793,0.6195049172144979,0.06628337613577377,0.0,1.0,0.4238725786787316
2015-06-15,28.339632034301758,28.73529074849327,28.021330895449285,0.14864284806296113,0.08791811527546704,6579.9212465286255,9000.0,121,0.41624056303116946,0.02706760505194907,1.0,0.41624056303116946,232,2,2,2,56.679264068603516,0.6136699799369238,0.06884543428749863,0.0,1.0,0.4089137336982067
2015-06-16,28.491464614868164,28.712069211957548,27.971595534165562,0.14400936748315307,0.08996604696431416,6523.241982460022,9000.0,123,0.4073159599337746,0.012193266556290994,1.0,0.4073159599337746,228,2,2,2,56.98292922973633,0.6076017207699135,0.03841670125911894,0.0,1.0,0.33392329979289914
2015-06-17,28.42447853088379,28.684679623283856,27.913989690537452,0.1440930123739477,0.09049268084828278,6466.259053230286,9000.0,125,0.4084376244130945,0.014062707355157467,1.0,0.4084376244130945,227,2,2,2,56.84895706176758,0.6016016718988353,0.045355411985995624,0.0,1.0,0.32693063335079353
2015-06-18,28.553987503051758,28.67223275469032,27.89044431317611,0.14543458001373222,0.09788722473429012,6409.410096168518,9000.0,127,0.40339905895219524,0.005665098253658704,1.0,0.40339905895219524,224,2,2,2,57.107975006103516,0.5954029377949255,0.02062016806473143,0.0,1.0,0.23811338684650418
2015-06-19,28.268184661865234,28.633751983945075,27.84064710280732,0.1427914394748449,0.09912318342523183,6352.302121162415,9000.0,129,0.4239926216600048,0.03998770276667461,1.0,0.4239926216600048,224,2,2,2,56.53636932373047,0.5895828882301206,0.06383503675746265,0.0,1.0,0.20045444584407668
2015-06-22,28.493701934814453,28.620413884027872,27.90596595806883,0.14205513429481334,0.10153971441939867,6295.765751838684,9000.0,131,0.4059135616146401,0.009855936024400122,1.0,0.4059135616146401,220,2,2,2,56.987403869628906,0.5834139756880388,0.02213663815744696,0.0,1.0,0.16584214615828508
2015-06-23,28.364192962646484,28.59601189151536,27.865897322214153,0.12113597747041452,0.09407823636188695,6238.778347969055,9000.0,133,0.4207758231835644,0.03462637197260726,1.0,0.4207758231835644,219,2,2,2,56.72838592529297,0.5774144909364952,0.04053343692615717,0.0,1.0,0.07300744354629174
2015-06-24,28.6053409576416,28.596900374003575,27.956912652453493,0.10332636360806668,0.09213059357701475,6182.049962043762,9000.0,135,0.25697092247547587,0.0,0.0,0.0,216,0,0,0,0.0,0.5710464943899464,0.0,0.0,0.0,0.0
2015-06-25,28.469131469726562,28.584731906929573,28.040905890865076,0.10397174870470824,0.09255750563128272,6182.049962043762,9000.0,135,0.416152357272634,0.02692059545438996,1.0,0.416152357272634,217,2,2,2,56.938262939453125,0.5712290213960565,0.020220661432018935,0.0,1.0,0.0
2015-06-26,28.301673889160156,28.55777400047534,28.037432194281504,0.09883413673047811,0.08990195598151757,6125.111699104309,9000.0,137,0.42455677490431565,0.04092795817385938,1.0,0.42455677490431565,216,2,2,2,56.60334777832031,0.5652872179927643,0.04483894846127045,0.0,1.0,0.0
2015-06-29,27.80597686767578,28.48617427354205,27.918937655554878,0.1132731539939376,0.11565606360470156,6068.508351325989,9000.0,139,0.6557469471223918,0.42624491187065294,1.0,0.6557469471223918,218,3,3,3,83.41793060302734,0.5600468639975172,0.11939079627446447,1.0,1.0,0.0
2015-06-30,28.00693130493164,28.440532086055345,27.874911358765477,0.11786678743085804,0.11649597452764644,5985.090420722961,9000.0,142,0.43237543967369974,0.053959066122832855,1.0,0.43237543967369974,213,2,2,2,56.01386260986328,0.5512716048644601,0.07622937218820583,0.0,1.0,0.0
2015-07-01,28.268184661865234,28.424118045656286,27.91964349296876,0.12392797882609587,0.11947159186780806,6429.076558113098,9500.0,144,0.4184609896976147,0.03076831616269112,1.0,0.4184609896976147,227,2,2,2,56.53636932373047,0.5691502106763678,0.027429766429442635,0.0,1.0,0.0
2015-07-02,28.232458114624023,28.40586471889131,27.938378012110498,0.12278360233858274,0.11588555073223342,6372.540188789368,9500.0,146,0.41728638265799933,0.028810637763332186,1.0,0.41728638265799933,225,2,2,2,56.46491622924805,0.5634467106359862,0.03052302860401237,0.0,1.0,0.0
2015-07-06,28.134206771850586,28.379992533458857,27.92156350986611,0.1220390406259974,0.11648282966078405,6316.07527256012,9500.0,148,0.4205275068029495,0.034212511338249096,1.0,0.4205275068029495,224,2,2,2,56.26841354370117,0.557869590005062,0.04330264733482572,0.0,1.0,0.0
2015-07-07,28.064990997314453,28.34999238715939,27.87681242209873,0.12039397676659559,0.1165427037170807,6259.8068590164185,9500.0,150,0.42118500756305755,0.03530834593842921,1.0,0.42118500756305755,223,2,2,2,56.129981994628906,0.552368541255378,0.05026480888474988,0.0,1.0,0.0
2015-07-08,27.36833381652832,28.256501094718335,27.611563418724444,0.14753638722144286,0.13076217727363365,6203.67687702179,9500.0,152,0.6672759036536423,0.44545983942273715,1.0,0.6672759036536423,226,3,3,3,82.10500144958496,0.5478959824845067,0.1571615811902538,1.0,1.0,0.0
2015-07-09,26.81011199951172,28.118749752317704,27.22554807636801,0.15253673622060548,0.12238399416692845,6121.571875572205,9500.0,155,0.6943986246186291,0.4906643743643818,1.0,0.6943986246186291,228,3,3,3,80.43033599853516,0.5412203987779742,0.23269842442018965,1.0,1.0,0.03864845820544649
2015-07-10,27.52686309814453,28.0623795947774,27.153603884210348,0.18656343819440224,0.13129639394287992,6041.141539573669,9500.0,158,0.4145010412200496,0.02416840203341597,1.0,0.4145010412200496,219,2,2,2,55.05372619628906,0.533278318318439,0.0954153753825874,0.0,1.0,0.18411120945412307
2015-07-13,28.058284759521484,28.061989610467315,27.16019489674839,0.19789851891205135,0.1354659215504524,5986.08781337738,9500.0,160,0.36587728741116277,0.0,0.0,0.0,213,0,0,0,0.0,0.5273770170868664,0.0006601190787356429,0.0,1.0,0.21739423863358143
2015-07-14,28.047128677368164,28.06057428350549,27.163660618237895,0.19782517871446137,0.13504115946537326,5986.08781337738,9500.0,160,0.36633141412130565,0.0,0.0,0.0,213,0,0,0,0.0,0.5274008541725391,0.0023958180615761366,0.0,1.0,0.22077088384046206
2015-07-15,28.31729507446289,28.085023882644286,27.200209079606864,0.20005765754269694,0.13376131859832735,5986.08781337738,9500.0,160,0.2125091138727454,0.0,0.0,0.0,211,0,0,0,0.0,0.5269890714502016,0.0,0.0,0.0,0.24635968279845333
2015-07-16,28.694656372070312,28.143084119732478,27.23000253318621,0.20551941243906285,0.13645577528079425,5986.08781337738,9500.0,160,0.21119465571873544,0.0,0.0,0.0,208,0,0,0,0.0,0.5260112148255582,0.0,0.0,0.0,0.2551039095276577
2015-07-17,28.942508697509766,28.219219793806506,27.25228068893795,0.2070785766866589,0.13200172641593905,5986.08781337738,9500.0,160,0.20539830353090982,0.0,0.0,0.0,206,0,0,0,0.0,0.524728929788522,0.0,0.0,0.0,0.30729714873925085
2015-07-20,29.48957061767578,28.34020558655596,27.20013566241732,0.21250090812422834,0.13041860563627913,5986.08781337738,9500.0,160,0.19942976430278095,0.0,0.0,0.0,202,0,0,0,0.0,0.522691274331689,0.0,0.0,0.0,0.35781309146479123
2015-07-21,29.194826126098633,28.42159801889336,27.20309258810403,0.21557650966006328,0.1296669368105054,5986.08781337738,9500.0,160,0.1960491784375895,0.0,0.0,0.0,205,0,0,0,0.0,0.5213204544186382,0.0,0.0,0.0,0.3854502605079768
2015-07-22,27.96004295349121,28.377640393616964,27.15474993987604,0.2651137521531487,0.12989756591315996,5986.08781337738,9500.0,160,0.3479590021625987,0.0,0.0,0.0,214,0,0,0,0.0,0.5220607933706617,0.07357860525635605,0.0,1.0,0.7007872721955932
2015-07-23,27.946645736694336,28.33659328343386,27.12252692333218,0.262939379367655,0.1288052463643099,5986.08781337738,9500.0,160,0.3460870063802457,0.0,0.0,0.0,214,0,0,0,0.0,0.5227521131211139,0.06880635629680566,0.0,1.0,0.7011430485781813
2015-07-24,27.79927635192871,28.28542024233813,27.067753617413782,0.26304185064375024,0.1338972475851665,5986.08781337738,9500.0,160,0.3605884536074251,0.0,0.0,0.0,215,0,0,0,0.0,0.5236139748658841,0.08593541942179636,0.0,1.0,0.6370877382203111
2015-07-27,27.412982940673828,28.202330975512957,26.944018519423878,0.26650626522732795,0.13519257768513823,5986.08781337738,9500.0,160,0.3849550081086851,0.0,0.0,0.0,218,0,0,0,0.0,0.5250133730439923,0.1399437577561392,0.0,1.0,0.642757007513741
2015-07-28,27.549196243286133,28.14012766768183,26.863896456429174,0.260421404565778,0.12037095831302155,5986.08781337738,9500.0,160,0.3536856924186795,0.0,0.0,0.0,217,0,0,0,0.0,0.5260610077022008,0.10499799989791217,0.0,1.0,0.8029086100137135
2015-07-29,27.46211051940918,28.07555460594158,26.768853104993187,0.25902755465596833,0.12240091416548164,5986.08781337738,9500.0,160,0.36002694029640453,0.0,0.0,0.0,217,0,0,0,0.0,0.5271485540051944,0.10924879225762082,0.0,1.0,0.763518655218623
2015-07-30,27.323673248291016,28.003946857593906,26.66056280768312,0.2565456943100347,0.12048755726289244,5986.08781337738,9500.0,160,0.36498088534369433,0.0,0.0,0.0,219,0,0,0,0.0,0.5283545792405238,0.12146030928465693,0.0,1.0,0.7743581449263701
2015-07-31,27.084758758544922,27.916405133874957,26.5150171703799,0.2577971818167373,0.1209220652339867,5986.08781337738,9500.0,160,0.37779118028325814,0.0,0.0,0.0,221,0,0,0,0.0,0.5298289661663165,0.14895298505337987,0.0,1.0,0.7766069776560518
2015-08-03,26.446155548095703,27.77638136380074,26.224116189620233,0.26900986572433194,0.12043488322076872,6486.08781337738,10000.0,160,0.4216259238975948,0.036043206495991284,1.0,0.4216259238975948,245,2,2,2,52.892311096191406,0.5555778981791881,0.23945268432961536,0.0,1.0,0.8613783823136678
2015-08-04,25.5976619720459,27.56888427887171,25.71694956340655,0.2881620980771825,0.11914950168687456,6433.195502281189,10000.0,162,0.6599016760546745,0.4331694600911242,1.0,0.6599016760546745,251,3,3,3,76.7929859161377,0.5533840746822783,0.35750853877255395,1.0,1.0,1.0
2015-08-05,25.767364501953125,27.397310966784225,25.347764101277974,0.28016095057520835,0.10111156186569668,6356.402516365051,10000.0,165,0.4304340718180345,0.05072345303005747,1.0,0.4304340718180345,246,2,2,2,51.53472900390625,0.5479443690480603,0.29746467943646077,0.0,1.0,1.0
2015-08-06,25.82343101501465,27.247417638044265,25.06722673214179,0.27278169260625634,0.10598266970138369,6304.867787361145,10000.0,167,0.41282367687751165,0.02137279479585271,1.0,0.41282367687751165,244,2,2,2,51.6468620300293,0.5449681254446608,0.2613067120609206,0.0,1.0,1.0
2015-08-07,25.91090965270996,27.12013116325052,24.809205894449295,0.25228697524120447,0.0974305269239608,6253.220925331116,10000.0,169,0.3940734983789984,0.0,0.0,0.0,241,0,0,0,0.0,0.5416697833410662,0.22293799083448565,0.0,1.0,1.0
2015-08-10,26.852964401245117,27.094686709726197,24.777657042315003,0.27812942674825264,0.10020204517119853,6253.220925331116,10000.0,169,0.31401803851178745,0.0,0.0,0.0,232,0,0,0,0.0,0.5420997946056273,0.0446069576427892,0.0,1.0,1.0
2015-08-11,25.455583572387695,26.93858164902729,24.46992340371396,0.3296948177302233,0.10443277634401367,6253.220925331116,10000.0,169,0.41899702183719234,0.0316617030619872,1.0,0.41899702183719234,245,2,2,2,50.91116714477539,0.5447379701314388,0.2752554117289885,0.0,1.0,1.0
2015-08-12,25.848108291625977,26.8347270435605,24.322827774126825,0.3336315429510614,0.10456924009709692,6202.30975818634,10000.0,171,0.3762313802839563,0.0,0.0,0.0,239,0,0,0,0.0,0.5411261675551154,0.18383245529812078,0.0,1.0,1.0
2015-08-13,25.82792091369629,26.738840745478193,24.252257461036887,0.3274249138980137,0.09963302819374978,6202.30975818634,10000.0,171,0.3708960221087676,0.0,0.0,0.0,240,0,0,0,0.0,0.5427658232523229,0.1703364481004939,0.0,1.0,1.0
2015-08-14,26.009607315063477,26.669389942581553,24.300980309243926,0.32658482579930503,0.10089195079118506,6202.30975818634,10000.0,171,0.35044251907617463,0.0,0.0,0.0,238,0,0,0,0.0,0.5439534319818554,0.12369661040964378,0.0,1.0,1.0
2015-08-17,26.278762817382812,26.63218735922929,24.577462757283946,0.31957502158570944,0.10302499323731142,6202.30975818634,10000.0,171,0.3249241206450314,0.0,0.0,0.0,236,0,0,0,0.0,0.5445895961571791,0.0663528941651128,0.0,1.0,1.0
2015-08-18,26.13072395324707,26.584428939611936,24.857855346151304,0.3191455443832662,0.1024136255945211,6202.30975818634,10000.0,171,0.33383259918232655,0.0,0.0,0.0,237,0,0,0,0.0,0.5454062651326359,0.08533284416142292,0.0,1.0,1.0
2015-08-19,25.796518325805664,26.509389833535145,24.866068678267435,0.28964683246127987,0.10589952311750925,6202.30975818634,10000.0,171,0.35651563228298233,0.0,0.0,0.0,240,0,0,0,0.0,0.546689433846549,0.13445641567118952,0.0,1.0,1.0
2015-08-20,25.267179489135742,26.39108408644949,24.802811826582445,0.2952272798151473,0.12730442381440527,6202.30975818634,10000.0,171,0.39948484528588674,0.0,0.0,0.0,245,0,0,0,0.0,0.5487124621217138,0.21293263164790102,0.0,1.0,0.9325544691043992
2015-08-21,23.72176170349121,26.13686290712013,24.288889635982326,0.356551270720484,0.16420425586259738,6202.30975818634,10000.0,171,0.7258325198394274,0.543054199732379,1.0,0.7258325198394274,261,3,3,3,71.16528511047363,0.5530596442882458,0.4620105351225994,1.0,1.0,0.8094906089545293
2015-08-24,23.129615783691406,25.850458419174537,23.646417366466515,0.36125301072968763,0.20982457088755688,6131.144473075867,10000.0,174,0.7909363135699014,0.6515605226165022,1.0,0.7909363135699014,265,4,4,4,92.51846313476562,0.550202023506363,0.5262658385711545,1.0,1.0,0.43474224364981495
2015-08-25,23.268678665161133,25.604574633078023,23.224303987532803,0.3617764183100215,0.2025034041610212,6038.626009941101,10000.0,178,0.551297351513484,0.2521622525224734,1.0,0.551297351513484,259,3,3,3,69.8060359954834,0.5442385715312112,0.4561481691047495,0.0,1.0,0.4887668177269828
2015-08-26,24.603256225585938,25.509210975221634,23.22019537564475,0.43016854249524755,0.25407965164402413,5968.819973945618,10000.0,181,0.43104862816259737,0.051747713604328914,1.0,0.43104862816259737,242,2,2,2,49.206512451171875,0.5382832813484885,0.17757404384551445,0.0,1.0,0.4108716817470395
2015-08-27,25.327735900878906,25.491927634808043,23.348599066534085,0.44734023038836324,0.27310376340259995,5919.613461494446,10000.0,183,0.36806720891928957,0.0,0.0,0.0,233,0,0,0,0.0,0.5334977242830128,0.0322046524455335,0.0,1.0,0.36498860608556205
2015-08-28,25.410728454589844,25.48419437954917,23.473585398014787,0.4474728670526188,0.273370169248453,5919.613461494446,10000.0,183,0.36021769545379434,0.0,0.0,0.0,232,0,0,0,0.0,0.5336392428542502,0.014414017540668542,0.0,1.0,0.36406271723919104
2015-08-31,25.291851043701172,25.465875966611264,23.513412999266027,0.4408157177310792,0.2741259989521762,5919.613461494446,10000.0,183,0.3716578096189876,0.0,0.0,0.0,234,0,0,0,0.0,0.5339744698110139,0.034168257777242673,0.0,1.0,0.3400641779572793
2015-09-01,24.161388397216797,25.341639055240364,23.32059918116462,0.4543511581372708,0.28991197653738865,6419.613461494446,10500.0,183,0.4754393641018536,0.12573227350308933,1.0,0.4754393641018536,265,2,2,2,48.322776794433594,0.558331433608668,0.23286786135869628,0.0,1.0,0.3060031863346033
2015-09-02,25.19763946533203,25.32792480858243,23.31894101563182,0.48142787429009887,0.2999038050496226,6371.290684700012,10500.0,185,0.3769867462651807,0.0,0.0,0.0,252,0,0,0,0.0,0.5537460867059286,0.025719703496247727,0.0,1.0,0.33772859325798654
2015-09-03,24.755773544311523,25.2734342119852,23.27011691448073,0.4849499021649935,0.2999183929289854,6371.290684700012,10500.0,185,0.41095821865558746,0.018263697759312397,1.0,0.41095821865558746,257,2,2,2,49.51154708862305,0.5547061591221655,0.10241201558357901,0.0,1.0,0.34744959961997557
2015-09-04,24.50904655456543,25.20063538746903,23.202139683811165,0.485421556438618,0.3030321591623277,6321.779137611389,10500.0,187,0.4262922435118303,0.04382040585305049,1.0,0.4262922435118303,257,2,2,2,49.01809310913086,0.551188684051742,0.1372165467795095,0.0,1.0,0.3349011036223286
2015-09-08,25.190916061401367,25.19970973736735,23.36960432107447,0.47727525955816846,0.3148209086120882,6272.761044502258,10500.0,189,0.3703323865439568,0.0,0.0,0.0,249,0,0,0,0.0,0.5464052247273877,0.001744797074575602,0.0,1.0,0.2633512326692673
2015-09-09,24.706432342529297,25.152730937858962,23.32612746010395,0.44549706833953506,0.3163717083831863,6272.761044502258,10500.0,189,0.41884048241382554,0.03140080402304254,1.0,0.41884048241382554,253,2,2,2,49.412864685058594,0.5472508431185387,0.08871772143396027,0.0,1.0,0.17345371634799012
2015-09-10,25.24922752380371,25.16192108890132,23.373117006544195,0.44931223742136517,0.3175199303943191,6223.3481798172,10500.0,191,0.2261093843039883,0.0,0.0,0.0,246,0,0,0,0.0,0.5422926735256998,0.0,0.0,0.0,0.17922318782576618
2015-09-11,25.61707878112793,25.205269440541947,23.43482365572516,0.45260804420334994,0.3186203186633466,6223.3481798172,10500.0,191,0.22529980449274878,0.0,0.0,0.0,242,0,0,0,0.0,0.5415041463672846,0.0,0.0,0.0,0.18377061372529324
2015-09-14,25.86380386352539,25.267987004635607,23.514249598537543,0.45323849583518044,0.3176392661876389,6223.3481798172,10500.0,191,0.22425539976326292,0.0,0.0,0.0,240,0,0,0,0.0,0.5403632840109142,0.0,0.0,0.0,0.18908078041648446
2015-09-15,26.081377029418945,25.34545272128164,23.62065107512748,0.4527100724581508,0.32145370211636026,6223.3481798172,10500.0,191,0.22516926326152836,0.0,0.0,0.0,238,0,0,0,0.0,0.5389541457366863,0.0,0.0,0.0,0.17360102319980486
2015-09-16,26.11052703857422,25.41831694197617,23.696370126658195,0.45222783063889027,0.32406371049401805,6223.3481798172,10500.0,191,0.22564204456788078,0.0,0.0,0.0,238,0,0,0,0.0,0.5376287108650049,0.0,0.0,0.0,0.16290875321371412
2015-09-17,25.55203628540039,25.431052117540382,23.730682842052534,0.4565509531728485,0.3233012276309466,6223.3481798172,10500.0,191,0.22414921684664568,0.0,0.0,0.0,243,0,0,0,0.0,0.5373970519571225,0.0,0.0,0.0,0.17679456534059446
2015-09-18,25.446611404418945,25.43253395438596,23.72326592685771,0.4504858096930782,0.31988979702209935,6223.3481798172,10500.0,191,0.2244621155235401,0.0,0.0,0.0,244,0,0,0,0.0,0.5373700966392649,0.0,0.0,0.0,0.17354427964129138
2015-09-21,25.84137725830078,25.471471411901657,23.823666063179804,0.38873405895804125,0.29993735835205393,6223.3481798172,10500.0,191,0.2334935776639978,0.0,0.0,0.0,240,0,0,0,0.0,0.536661805745408,0.0,0.0,0.0,0.08004234921435782
2015-09-22,25.43540382385254,25.468036403516027,24.090038725040408,0.3807159243740766,0.266147022225736,6223.3481798172,10500.0,191,0.37520287040093514,0.0,0.0,0.0,244,0,0,0,0.0,0.5367242901836609,0.0064065755102704295,0.0,1.0,0.19206019161333931
2015-09-23,25.64175796508789,25.48458131414192,24.428949078417766,0.380860507791687,0.2606604079083986,6223.3481798172,10500.0,191,0.21962910075144554,0.0,0.0,0.0,242,0,0,0,0.0,0.536423330380847,0.0,0.0,0.0,0.2176139791993561
2015-09-24,25.79427719116211,25.51407615957241,24.489960926767644,0.32733549851270727,0.22122653835140413,6223.3481798172,10500.0,191,0.21784578045124764,0.0,0.0,0.0,241,0,0,0,0.0,0.5358868050973019,0.0,0.0,0.0,0.23303281842538226
2015-09-25,25.729228973388672,25.534566903745386,24.497395759153527,0.3118218809424978,0.20156244008528595,6223.3481798172,10500.0,191,0.2120626854872405,0.0,0.0,0.0,241,0,0,0,0.0,0.5355140687032982,0.0,0.0,0.0,0.2891864542924367
2015-09-28,25.22007179260254,25.504614988398448,24.465156981352074,0.3201955724228451,0.218984616405086,6223.3481798172,10500.0,191,0.39448013914391644,0.0,0.0,0.0,246,0,0,0,0.0,0.5360589083062758,0.055782687942033574,0.0,1.0,0.2184857916782279
2015-09-29,24.461950302124023,25.405313589705646,24.28931412121083,0.33714868438911844,0.21831507513959877,6223.3481798172,10500.0,191,0.44689406319261293,0.0781567719876882,1.0,0.44689406319261293,254,2,2,2,48.92390060424805,0.5378652480348782,0.18566259460853052,0.0,1.0,0.28693465996920997
2015-09-30,24.74007225036621,25.34195727167332,24.32800200253297,0.2982646897657937,0.2052915353753654,6174.424279212952,10500.0,193,0.4227508852145917,0.037918142024319465,1.0,0.4227508852145917,249,2,2,2,49.48014450073242,0.5341906901492428,0.11875267069049202,0.0,1.0,0.21073627163288977
2015-10-01,24.578580856323242,25.269254755925694,24.198577215954217,0.25550301791983066,0.1941276964615526,6624.944134712219,11000.0,195,0.45023860483083433,0.08373100805139053,1.0,0.45023860483083433,269,2,2,2,49.157161712646484,0.5520450293267718,0.1366628945478669,0.0,1.0,0.09679960912753116
2015-10-02,24.758014678955078,25.220565224785634,24.150138650362365,0.2494768749266003,0.20117544631389703,6575.786972999573,11000.0,197,0.4346693150869613,0.05778219181160218,1.0,0.4346693150869613,265,2,2,2,49.516029357910156,0.5483226046106573,0.09170106651217758,0.0,1.0,0.033413369183143526
2015-10-05,24.847740173339844,25.18505807702889,24.159291924804574,0.24683794757158012,0.20240720005736998,6526.270943641663,11000.0,199,0.4234802955241258,0.03913382587354297,1.0,0.4234802955241258,262,2,2,2,49.69548034667969,0.5443794038792046,0.06696786297997719,0.0,1.0,0.01625974562505994
2015-10-06,24.966615676879883,25.164254038919463,24.126635559309825,0.22606322473746435,0.18327747304837877,6476.575463294983,11000.0,201,0.40796522121325496,0.013275368688758227,1.0,0.40796522121325496,259,2,2,2,49.933231353759766,0.5401804489251989,0.03926966436873297,0.0,1.0,0.02787329769014435
2015-10-07,24.847740173339844,25.134109861245214,24.112630961179633,0.21562685687624436,0.17712871835071298,6426.642231941223,11000.0,203,0.41546293141261514,0.02577155235435854,1.0,0.41546293141261514,258,2,2,2,49.69548034667969,0.536161427106111,0.0569683369505219,0.0,1.0,0.014454624128696691
2015-10-08,24.560632705688477,25.07949298928743,24.000451517392136,0.20359433022108903,0.17858963534845865,6376.9467515945435,11000.0,205,0.43622366342548213,0.06037277237580352,1.0,0.43622366342548213,259,2,2,2,49.12126541137695,0.532609448836007,0.10344313655395318,0.0,1.0,0.0
2015-10-09,25.148298263549805,25.086045872550514,24.01523651663516,0.21562503025548227,0.1782829362522463,6327.8254861831665,11000.0,207,0.2367789598293716,0.0,0.0,0.0,251,0,0,0,0.0,0.5279262276710949,0.0,0.0,0.0,0.007878426226210822
2015-10-12,25.031661987304688,25.080866454908055,24.041139730641,0.21236307117856154,0.17709900016321062,6327.8254861831665,11000.0,207,0.39202478660454443,0.0,0.0,0.0,252,0,0,0,0.0,0.528023694894003,0.009809164227206827,0.0,1.0,0.0
2015-10-13,25.07427215576172,25.080238426417928,24.117443034174705,0.20950526912904818,0.17441276786229767,6327.8254861831665,11000.0,207,0.38805091572775113,0.0,0.0,0.0,252,0,0,0,0.0,0.5280355132483172,0.0011894365904282771,0.0,1.0,0.0010031169968431897
2015-10-14,24.719886779785156,25.04591922197671,24.165937438463953,0.21356230250880578,0.1727416271498345,6327.8254861831665,11000.0,207,0.4141698424003495,0.02361640400058244,1.0,0.4141698424003495,255,2,2,2,49.43977355957031,0.5286813382773473,0.06508693877473556,0.0,1.0,0.030258822730878432
2015-10-15,25.089982986450195,25.050115770974184,24.193974543503682,0.21021313969882668,0.18017728014527123,6278.385712623596,11000.0,209,0.2358215101581707,0.0,0.0,0.0,250,0,0,0,0.0,0.5240478003514905,0.0,0.0,0.0,0.0
2015-10-16,24.906055450439453,25.036395740447066,24.192725630025787,0.21118546950447367,0.16880539442378084,6278.385712623596,11000.0,209,0.39339749186196976,0.0,0.0,0.0,252,0,0,0,0.0,0.5243084809315057,0.02603016251996772,0.0,1.0,0.042548976911933156
2015-10-19,25.06082534790039,25.038722369728337,24.27713789698879,0.20400542551348466,0.16860664230077274,6278.385712623596,11000.0,209,0.23508984669809094,0.0,0.0,0.0,250,0,0,0,0.0,0.5242642749751616,0.0,0.0,0.0,0.008290770407317849
2015-10-20,25.518386840820312,25.084404700308525,24.31269866134664,0.20811222194488943,0.16082848899168417,6278.385712623596,11000.0,209,0.227694925031161,0.0,0.0,0.0,246,0,0,0,0.0,0.5233963106941381,0.0,0.0,0.0,0.0783341478120112
2015-10-21,25.516145706176758,25.125522891343593,24.372804875251774,0.2060254487916009,0.16272029311373826,6278.385712623596,11000.0,209,0.22966573901005558,0.0,0.0,0.0,246,0,0,0,0.0,0.5226150650644718,0.0,0.0,0.0,0.05511040268956702
2015-10-22,25.90642547607422,25.19989456607984,24.421910586925215,0.21228090019063178,0.16919749316416477,6278.385712623596,11000.0,209,0.2299880816453521,0.0,0.0,0.0,242,0,0,0,0.0,0.5212020032444831,0.0,0.0,0.0,0.045528198146652876
2015-10-23,26.709407806396484,25.343657731824283,24.30236932652028,0.23813319139490596,0.17091640231780303,6278.385712623596,11000.0,209,0.21720565145140378,0.0,0.0,0.0,235,0,0,0,0.0,0.5184705030953386,0.0,0.0,0.0,0.16106074941498605
2015-10-26,25.857078552246094,25.392554952816837,24.296122355558484,0.2560434660408128,0.13359759233020965,6278.385712623596,11000.0,209,0.17318302615747516,0.0,0.0,0.0,242,0,0,0,0.0,0.51754145589648,0.0,0.0,0.0,0.5971062899594086
2015-10-27,25.69334602355957,25.421201721459,24.34099683405907,0.22993126862542493,0.13561486046480706,6278.385712623596,11000.0,209,0.19135934898127024,0.0,0.0,0.0,244,0,0,0,0.0,0.5169971672922791,0.0,0.0,0.0,0.4128937630025533
2015-10-28,26.752031326293945,25.547947398109947,24.280401258175978,0.2665660179211603,0.1276028174106482,6278.385712623596,11000.0,209,0.15747927893378555,0.0,0.0,0.0,234,0,0,0,0.0,0.514588999435911,0.0,0.0,0.0,0.740857708123744
2015-10-29,27.034650802612305,25.689538198538745,24.24361017030459,0.2644666720884416,0.1284731063302806,6278.385712623596,11000.0,209,0.15880967946038102,0.0,0.0,0.0,232,0,0,0,0.0,0.5118987742277639,0.0,0.0,0.0,0.7154476894211272
2015-10-30,26.803617477416992,25.795640987003342,24.25463662900955,0.26851344117899273,0.1263570060312941,6278.385712623596,11000.0,209,0.15236076837647297,0.0,0.0,0.0,234,0,0,0,0.0,0.5098828212469365,0.0,0.0,0.0,0.7708650118464846
2015-11-02,27.180435180664062,25.927526148304363,24.24819709111511,0.2708065287451053,0.11797697350294324,6778.385712623596,11500.0,209,0.14667305161441074,0.0,0.0,0.0,249,0,0,0,0.0,0.5287953943482077,0.0,0.0,0.0,0.9128487584228271
2015-11-03,27.49221420288086,26.07654405826403,24.23202330360173,0.2718936393473523,0.11548027156610906,6778.385712623596,11500.0,209,0.14053424958895205,0.0,0.0,0.0,246,0,0,0,0.0,0.5260871558106798,0.0,0.0,0.0,0.9620497052585384
2015-11-04,27.364356994628906,26.199192909346397,24.27098049574143,0.2718413734421173,0.11637067112164207,6778.385712623596,11500.0,209,0.14106986743876768,0.0,0.0,0.0,247,0,0,0,0.0,0.5238581462562264,0.0,0.0,0.0,0.946662983765342
2015-11-05,27.23821258544922,26.298147164213333,24.381223752759983,0.267321015878183,0.11469798745729651,6778.385712623596,11500.0,209,0.14070594876461728,0.0,0.0,0.0,248,0,0,0,0.0,0.5220597602329925,0.0,0.0,0.0,0.9422094334022932
2015-11-06,27.269752502441406,26.39068100594934,24.438864841745165,0.2583701180174721,0.11493523033655319,6778.385712623596,11500.0,209,0.1468398959114109,0.0,0.0,0.0,248,0,0,0,0.0,0.5203780582397033,0.0,0.0,0.0,0.8733023029645559
2015-11-09,27.159372329711914,26.463889703450537,24.5278841403888,0.2581112308545111,0.1224657176697669,6778.385712623596,11500.0,209,0.1579363825796385,0.0,0.0,0.0,249,0,0,0,0.0,0.5190475697372903,0.0,0.0,0.0,0.7563502380214213
2015-11-10,26.30339241027832,26.448604246957945,24.588843955464025,0.2876410781687691,0.11843861003006705,6778.385712623596,11500.0,209,0.2960496804142331,0.0,0.0,0.0,257,0,0,0,0.0,0.5193253662944165,0.027451701292767992,0.0,1.0,1.0
2015-11-11,26.154722213745117,26.420615481890056,24.70928035637375,0.2826483076341522,0.1174432255544397,6778.385712623596,11500.0,209,0.3065689901272144,0.0,0.0,0.0,259,0,0,0,0.0,0.5198340316769546,0.050319279716855035,0.0,1.0,1.0
2015-11-12,26.066883087158203,26.386926682391785,24.77415195454357,0.2798045729524559,0.12021337958240867,6778.385712623596,11500.0,209,0.3175269549747918,0.0,0.0,0.0,260,0,0,0,0.0,0.5204462889895755,0.06064434844682942,0.0,1.0,0.9396383187159041
2015-11-13,25.30550193786621,26.283933849579824,24.740626692901092,0.2996176071720715,0.12615006426199626,6778.385712623596,11500.0,209,0.3708763818652887,0.0,0.0,0.0,267,0,0,0,0.0,0.5223180717772015,0.18612737296347567,0.0,1.0,0.9792406826801601
2015-11-16,25.719980239868164,26.23022398198824,24.783968845052236,0.3041183614274498,0.13711839669610612,6778.385712623596,11500.0,209,0.3444234286936233,0.0,0.0,0.0,263,0,0,0,0.0,0.5232941902403876,0.0972625591131911,0.0,1.0,0.8482710851548714
2015-11-17,25.60959815979004,26.171116760826507,24.736734917820012,0.2980853449847876,0.1371034134905987,6778.385712623596,11500.0,209,0.35306065933259373,0.0,0.0,0.0,264,0,0,0,0.0,0.5243683997380226,0.10727830343811719,0.0,1.0,0.8118035709666922
2015-11-18,26.4205322265625,26.194870614706126,24.8300200621028,0.31810973953297284,0.14556620316830954,6778.385712623596,11500.0,209,0.15366093965789113,0.0,0.0,0.0,256,0,0,0,0.0,0.523936699263167,0.0,0.0,0.0,0.8211057501053403
2015-11-19,26.756168365478516,26.248327543351117,24.908882108155762,0.3167961339942038,0.13450517446282925,6778.385712623596,11500.0,209,0.13906174834229895,0.0,0.0,0.0,253,0,0,0,0.0,0.5229651776904014,0.0,0.0,0.0,0.9627258161838166
2015-11-20,26.873300552368164,26.30784878230512,24.962166136620205,0.2977842917767789,0.12952059908731442,6778.385712623596,11500.0,209,0.14325364249458933,0.0,0.0,0.0,252,0,0,0,0.0,0.5218834438694113,0.0,0.0,0.0,0.9159390724664576
2015-11-23,26.524145126342773,26.328448434118226,25.02289799675759,0.2773690540596644,0.1293844547045044,6778.385712623596,11500.0,209,0.15603251973574778,0.0,0.0,0.0,255,0,0,0,0.0,0.521509067588634,0.0,0.0,0.0,0.7864656067913753
2015-11-24,26.7786922454834,26.371328797105384,25.133558788106434,0.2772283529430688,0.12893362309210193,6778.385712623596,11500.0,209,0.15514811316881166,0.0,0.0,0.0,253,0,0,0,0.0,0.5207297636004325,0.0,0.0,0.0,0.7918028045138299
2015-11-25,26.58722496032715,26.391890336459838,25.155056088109415,0.2372886427131569,0.12189101051623297,6778.385712623596,11500.0,209,0.1719329029324552,0.0,0.0,0.0,254,0,0,0,0.0,0.5203560799721647,0.0,0.0,0.0,0.6222733305501893
2015-11-27,26.53766441345215,26.40577358188768,25.183100611822365,0.23388569867438214,0.12189706268192682,6778.385712623596,11500.0,209,0.1741537948906568,0.0,0.0,0.0,255,0,0,0,0.0,0.5201037670769978,0.0,0.0,0.0,0.5989290029399221
2015-11-30,26.64803695678711,26.428846284259052,25.209457419055248,0.23266707118971314,0.12180930149938143,6778.385712623596,11500.0,209,0.17468359963236854,0.0,0.0,0.0,254,0,0,0,0.0,0.5196844457904225,0.0,0.0,0.0,0.5917440097332158
2015-12-01,26.431787490844727,26.42912639917197,25.23921699688963,0.22792325333615862,0.12033824809292366,7278.385712623596,12000.0,209,0.18502658010491085,0.0,0.0,0.0,275,0,0,0,0.0,0.5396927152144215,0.0,0.0,0.0,0.5783514174157884
2015-12-02,26.19301414489746,26.406639517812494,25.290998862841914,0.2242805441388336,0.1259321110898107,7278.385712623596,12000.0,209,0.3628264342964049,0.0,0.0,0.0,277,0,0,0,0.0,0.5400843617314324,0.04044917808851301,0.0,1.0,0.4841365862257059
2015-12-03,25.949743270874023,26.36312558953264,25.300897258484614,0.2255194781748538,0.13474274375946932,7278.385712623596,12000.0,209,0.3891843905574403,0.0,0.0,0.0,280,0,0,0,0.0,0.5408422293156399,0.07840161388578823,0.0,1.0,0.3947533888320236
2015-12-04,26.812475204467773,26.405920790955033,25.396439115211482,0.25855736771068966,0.1553201763309186,7278.385712623596,12000.0,209,0.20432081156120308,0.0,0.0,0.0,271,0,0,0,0.0,0.5400968795575332,0.0,0.0,0.0,0.3872278423968687
2015-12-07,26.64353370666504,26.428550592451224,25.496081162804664,0.2592159018702665,0.15720942384816167,7278.385712623596,12000.0,209,0.20546146199540027,0.0,0.0,0.0,273,0,0,0,0.0,0.5397027438481412,0.0,0.0,0.0,0.3740477273626328
2015-12-08,26.632278442382812,26.447953244825662,25.581514067881646,0.2589762972330684,0.1550131778208267,7278.385712623596,12000.0,209,0.20349143450471624,0.0,0.0,0.0,273,0,0,0,0.0,0.5393648143192864,0.0,0.0,0.0,0.3922273193896264
2015-12-09,26.04435157775879,26.409514990819293,25.532622260802395,0.24599276026660535,0.1570310163755762,7278.385712623596,12000.0,209,0.3935824793439811,0.0,0.0,0.0,279,0,0,0,0.0,0.540034280576564,0.06913482000473034,0.0,1.0,0.3054361591760131
2015-12-10,26.168237686157227,26.386536199899098,25.510206107057147,0.2458093668474201,0.15710218979718593,7278.385712623596,12000.0,209,0.38142280743874213,0.0,0.0,0.0,278,0,0,0,0.0,0.5404344945184241,0.04136551157910335,0.0,1.0,0.3038719530514522
2015-12-11,25.494718551635742,26.30160118577878,25.35394130996785,0.2623152078783147,0.1643051104987683,7278.385712623596,12000.0,209,0.4298441502280817,0.04974025038013613,1.0,0.4298441502280817,285,2,2,2,50.989437103271484,0.5419137793476863,0.15339040168005366,0.0,1.0,0.330427312344012
2015-12-14,25.3370361328125,26.209737847401037,25.269011181664688,0.24134623560456556,0.1605931074624003,7227.396275520325,12000.0,211,0.442296441281814,0.07049406880302331,1.0,0.442296441281814,285,2,2,2,50.674072265625,0.5391454428498651,0.16648425094321845,0.0,1.0,0.25236920925073547
2015-12-15,24.888769149780273,26.083931304770488,24.97533290781617,0.2413016854924142,0.15598084763067052,7176.7222032547,12000.0,213,0.6658329898374159,0.4430549830623598,1.0,0.6658329898374159,288,3,3,3,74.66630744934082,0.5370102193403239,0.22909931425322205,1.0,1.0,0.28916300279679885
2015-12-16,25.080245971679688,25.988342225428507,24.791905270318296,0.24322636649258386,0.16436241002116886,7102.055895805359,12000.0,216,0.4447968093740875,0.07466134895681246,1.0,0.4447968093740875,283,2,2,2,50.160491943359375,0.5322098399422869,0.17471223171370381,0.0,1.0,0.23318122871108327
2015-12-17,24.54863166809082,25.85122693425349,24.440535268734504,0.22058569000038,0.16248537978648397,7051.8954038619995,12000.0,218,0.4889084917925587,0.14818081965426444,1.0,0.4889084917925587,287,2,2,2,49.09726333618164,0.5303693773610616,0.2519407046859929,0.0,1.0,0.13131045128615826
2015-12-18,23.884124755859375,25.663883869644526,23.960205334949723,0.22674690890049742,0.17313759409965115,7002.798140525818,12000.0,220,0.7351715392384119,0.5586192320640199,1.0,0.7351715392384119,293,3,3,3,71.65237426757812,0.5294954623898503,0.3467439150724699,1.0,1.0,0.09136180619632328
2015-12-21,24.176959991455078,25.52227207172172,23.686950615829865,0.2329723671685547,0.17539938954426876,6931.14576625824,12000.0,223,0.49448380894282573,0.15747301490470952,1.0,0.49448380894282573,286,2,2,2,48.353919982910156,0.5257111106671714,0.26355648832637163,0.0,1.0,0.10686610604268565
2015-12-22,24.1544246673584,25.392000890353785,23.433195972838355,0.23153055575903753,0.17926006614177276,6882.79184627533,12000.0,225,0.48778482117873434,0.14630803529789055,1.0,0.48778482117873434,284,2,2,2,48.3088493347168,0.5238999833058665,0.24369411224019202,0.0,1.0,0.07632521816992055
2015-12-23,24.465290069580078,25.303742716946765,23.327666185496188,0.23445932705778666,0.18547547114266671,6834.482996940613,12000.0,227,0.4538152382413886,0.08969206373564761,1.0,0.4538152382413886,279,2,2,2,48.930580139160156,0.5213375336044237,0.1656775949601216,0.0,1.0,0.053415696126568823
2015-12-24,24.334640502929688,25.211447267992757,23.20756491905614,0.23426610782824928,0.1855063535872801,6785.552416801453,12000.0,229,0.456510234359781,0.0941837239329683,1.0,0.456510234359781,278,2,2,2,48.669281005859375,0.5188815479691382,0.17389060527600508,0.0,1.0,0.05237234600533469
2015-12-28,24.06207847595215,25.101983573512697,23.057029220692648,0.2353133416326031,0.18552943409821138,6736.883135795593,12000.0,231,0.47007076202916626,0.11678460338194373,1.0,0.47007076202916626,279,2,2,2,48.1241569519043,0.5167868162098805,0.20713604056729684,0.0,1.0,0.0569452352056361
2015-12-29,24.49457550048828,25.04413518560561,23.050282865703533,0.24708922626325913,0.1891597007125604,6688.758978843689,12000.0,233,0.4216961887554897,0.0361603145924828,1.0,0.4216961887554897,273,2,2,2,48.98915100097656,0.5137263751461577,0.1097182396286528,0.0,1.0,0.0885388789317505
2015-12-30,24.17470359802246,24.96133217726436,22.98419103346278,0.2487749681003118,0.1864282119293363,6639.769827842712,12000.0,235,0.4397321964648076,0.06622032744134597,1.0,0.4397321964648076,274,2,2,2,48.34940719604492,0.5111739115285729,0.15756943052069702,0.0,1.0,0.1120230745736388
2015-12-31,23.710676193237305,24.842222083547497,22.822433507987743,0.25388176651717564,0.1853698052455796,6591.4204206466675,12000.0,237,0.46756767180620257,0.11261278634367092,1.0,0.46756767180620257,277,2,2,2,47.42135238647461,0.5093661138499369,0.22774651287325715,0.0,1.0,0.1413301021923481
2016-01-04,23.730945587158203,24.736386226748518,22.680595257797723,0.2540802230828234,0.18630044206883298,7043.999068260193,12500.0,239,0.46497048564614774,0.10828414274357953,1.0,0.46497048564614774,296,2,2,2,47.461891174316406,0.5270402953445683,0.20323110869426206,0.0,1.0,0.1365164617132597
2016-01-05,23.136262893676758,24.583993528360732,22.575557807082475,0.2219520814811094,0.1689141012324527,6996.5371770858765,12500.0,241,0.5097103903774428,0.18285065062907133,1.0,0.5097103903774428,302,3,3,3,69.40878868103027,0.526020604773205,0.2944457809537403,0.0,1.0,0.09499483199682657
2016-01-06,22.683500289916992,24.40299417231847,22.396383031069917,0.22615472294591257,0.172780260844367,6927.128388404846,12500.0,244,0.5351082580115316,0.22518043001921934,1.0,0.5351082580115316,305,3,3,3,68.05050086975098,0.5236535537563435,0.3523120708589079,0.0,1.0,0.0907627306533152
2016-01-07,21.72614288330078,24.148055954316785,22.012644146778218,0.25463147882608433,0.1886803646817225,6859.077887535095,12500.0,247,0.7984761576619651,0.6641269294366086,1.0,0.7984761576619652,315,4,4,4,86.90457153320312,0.5228344143427003,0.5014716455017686,1.0,1.0,0.12461569268045891
2016-01-08,21.841026306152344,23.92833884496779,21.684992407163907,0.2559497428261653,0.19004251516910178,6772.173316001892,12500.0,251,0.5678215791232104,0.2797026318720173,1.0,0.5678215791232104,310,3,3,3,65.52307891845703,0.5195189559930468,0.4361590982849224,0.0,1.0,0.12233545301875659
2016-01-11,22.194684982299805,23.763228953285125,21.58655945778095,0.2668726635536858,0.189585437061196,6706.650237083435,12500.0,254,0.5139198485741514,0.1898664142902523,1.0,0.5139198485741514,302,3,3,3,66.58405494689941,0.5171311876692463,0.3300359505159922,0.0,1.0,0.17305363609205915
2016-01-12,22.516809463500977,23.644522335210446,21.518629966978814,0.2697515210632047,0.18313455470667242,6640.066182136536,12500.0,257,0.4658060120600145,0.10967668676669078,1.0,0.4658060120600145,294,2,2,2,45.03361892700195,0.5138686207880733,0.23847233107985571,0.0,1.0,0.22747416280553545
2016-01-13,21.93789291381836,23.481986199839774,21.3444674882029,0.278635956380983,0.19874590386918628,6595.032563209534,12500.0,259,0.5121751904033144,0.1869586506721906,1.0,0.5121751904033144,300,3,3,3,65.81367874145508,0.5134532459393198,0.32878251287617877,0.0,1.0,0.1683090106366001
2016-01-14,22.417688369750977,23.38062450173608,21.274460666607588,0.29354603257405326,0.20544311579733315,6529.218884468079,12500.0,262,0.4530704113462617,0.08845068557710278,1.0,0.4530704113462617,291,2,2,2,44.83537673950195,0.5099421104436118,0.20592609318746,0.0,1.0,0.19070280287720642
2016-01-15,21.87932014465332,23.237643134394865,21.162500592970737,0.2968474885494837,0.20464172878087047,6484.383507728577,12500.0,264,0.489788981661086,0.1496483027684766,1.0,0.489788981661086,296,2,2,2,43.75864028930664,0.5092209770015804,0.2922678048470076,0.0,1.0,0.20880970170778634
2016-01-19,21.773456573486328,23.09819679526072,21.002575590000493,0.2918425683735771,0.2017389859186086,6440.62486743927,12500.0,266,0.4873020077645247,0.1455033462742078,1.0,0.4873020077645247,295,2,2,2,43.546913146972656,0.5084703721968519,0.2867626926717935,0.0,1.0,0.20552871426365726
2016-01-20,21.80274200439453,22.974820148511558,20.823627840312064,0.28165199189055923,0.19732138542079772,6397.077954292297,12500.0,268,0.4741763411769435,0.12362723529490582,1.0,0.4741763411769435,293,2,2,2,43.60548400878906,0.5074198560159122,0.2550788507898202,0.0,1.0,0.18948076885636045
2016-01-21,21.69236183166504,22.852681261192842,20.68600338461582,0.2746891367743507,0.19553272271690444,6353.472470283508,12500.0,270,0.4750444826043714,0.12507413767395226,1.0,0.4750444826043714,292,2,2,2,43.38472366333008,0.5063820847582347,0.25386942920745875,0.0,1.0,0.17068698680190653
2016-01-22,22.845680236816406,22.852014496966515,20.762541769356055,0.34430676741953864,0.20913557198996946,6310.087746620178,12500.0,272,0.33966233649079136,0.0,0.0,0.0,276,0,0,0,0.0,0.5027401645460086,0.0013859303631522826,0.0,1.0,0.37194406218331055
2016-01-25,22.399673461914062,22.80893439839009,20.851215235994513,0.3442537793101823,0.20490900009384658,6310.087746620178,12500.0,272,0.3770239785459316,0.0,0.0,0.0,281,0,0,0,0.0,0.5036775874910316,0.08971504966600144,0.0,1.0,0.4000270817473326
2016-01-26,22.52356719970703,22.781756569944086,20.96687013728164,0.34592602038623543,0.2153836013678434,6310.087746620178,12500.0,272,0.36857960269640033,0.0,0.0,0.0,280,0,0,0,0.0,0.5042689770380167,0.056665817107729874,0.0,1.0,0.33841054669185655
2016-01-27,21.04361915588379,22.616219673366917,20.784298619131125,0.4099230180689012,0.2166783698420347,6310.087746620178,12500.0,272,0.477339721000055,0.12889953500009166,1.0,0.477339721000055,299,2,2,2,42.08723831176758,0.5078710599075359,0.34767095036113344,0.0,1.0,0.5765418362084622
2016-01-28,21.19454002380371,22.480821611503757,20.807788859390904,0.4031552766588213,0.21273416750454832,6268.000508308411,12500.0,274,0.4490609875494713,0.08176831258245218,1.0,0.4490609875494713,295,2,2,2,42.38908004760742,0.5072203902758377,0.28608420322187805,0.0,1.0,0.5792607952450082
2016-01-29,21.9266300201416,22.428041459945455,20.981223662975594,0.42814384852777004,0.23641121156815686,6225.611428260803,12500.0,276,0.37653922276310514,0.0,0.0,0.0,283,0,0,0,0.0,0.5047888445644044,0.11178226166099489,0.0,1.0,0.5091777503832451
2016-02-01,21.72163963317871,22.36076509549148,21.07224626007608,0.42508359822371233,0.2353088718873588,6725.611428260803,13000.0,276,0.40013820281816714,0.00023033803027853555,1.0,0.40013820281816714,309,2,2,2,43.44327926635742,0.5252637564341809,0.14291225268531485,0.0,1.0,0.5054100128560592
2016-02-02,21.282390594482422,22.258062762062046,21.149528729298243,0.4284428164205324,0.23808786953554498,6682.168148994446,13000.0,278,0.434477060947722,0.05746176824620327,1.0,0.434477060947722,313,2,2,2,42.564781188964844,0.5240198886266731,0.21917275056897975,0.0,1.0,0.4995962669032181
2016-02-03,21.70362091064453,22.20525877621276,21.220270382417656,0.4302816741089641,0.2391011536595354,6639.603367805481,13000.0,280,0.38564442752921974,0.0,0.0,0.0,305,0,0,0,0.0,0.5217328878969559,0.11295474432966388,0.0,1.0,0.4996500697275925
2016-02-04,21.878009796142578,22.174092206682268,21.25050685724534,0.42719215635521607,0.23614283116628623,6639.603367805481,13000.0,280,0.36437183969344766,0.0,0.0,0.0,303,0,0,0,0.0,0.5224041678560742,0.06676314136784903,0.0,1.0,0.5075344945731783
2016-02-05,21.29368782043457,22.09024416989677,21.128570992446928,0.4108156644137829,0.23038187616311973,6639.603367805481,13000.0,280,0.418428207063183,0.030713678438638314,1.0,0.418428207063183,311,2,2,2,42.58737564086914,0.5242101255714542,0.1802959585543419,0.0,1.0,0.48599530793425205
2016-02-08,21.517906188964844,22.035735790760395,21.05960609758682,0.4122452833867032,0.23244664892770744,6597.015992164612,13000.0,282,0.38997919766374345,0.0,0.0,0.0,306,0,0,0,0.0,0.5219940390004284,0.11749768800837534,0.0,1.0,0.47792079490218264
2016-02-09,21.513378143310547,21.985987443384218,21.008942470523802,0.40756238536721484,0.23228681197104087,6597.015992164612,13000.0,282,0.387535008931527,0.0,0.0,0.0,306,0,0,0,0.0,0.5230731954588962,0.10747966205536141,0.0,1.0,0.46213776949888996
2016-02-10,21.35030746459961,21.92544649302378,20.978911665720013,0.4037617146115373,0.22962683382143856,6597.015992164612,13000.0,282,0.3984667453316084,0.0,0.0,0.0,308,0,0,0,0.0,0.5243864683820995,0.13115788282969942,0.0,1.0,0.4652821271370109
2016-02-11,21.221221923828125,21.858377486433717,20.88242319610769,0.39459969134343303,0.21702025515560033,6597.015992164612,13000.0,282,0.4006926094988109,0.0011543491646848203,1.0,0.4006926094988109,310,2,2,2,42.44244384765625,0.5258413499096686,0.1457463077945834,0.0,1.0,0.5152183646810249
2016-02-12,21.286901473999023,21.803951199535177,20.860616447964777,0.3854592515201744,0.22037347213468503,6554.573548316956,13000.0,284,0.3932460906022606,0.0,0.0,0.0,307,0,0,0,0.0,0.5236675276409238,0.11856789643410515,0.0,1.0,0.45759850231502464
2016-02-16,21.887067794799805,21.811867065750857,20.868203041453192,0.3909652469206113,0.21554991504469342,6554.573548316956,13000.0,284,0.18442225484040486,0.0,0.0,0.0,299,0,0,0,0.0,0.5234945964097505,0.0,0.0,0.0,0.5115031354398285
2016-02-17,22.222259521484375,21.850952061535,20.87832389219387,0.39397982750707955,0.22289863957307718,6554.573548316956,13000.0,284,0.18789424274718075,0.0,0.0,0.0,294,0,0,0,0.0,0.5226407395787739,0.0,0.0,0.0,0.472940900632675
2016-02-18,21.801008224487305,21.846195505625698,20.873599820245243,0.4004962030795124,0.21882827903185662,6554.573548316956,13000.0,284,0.33737365133103475,0.0,0.0,0.0,300,0,0,0,0.0,0.5227446520309462,0.010342139693558204,0.0,1.0,0.5251540494499225
2016-02-19,21.751190185546875,21.837147379903904,20.864487623204546,0.400124068853837,0.2184877896219332,6554.573548316956,13000.0,284,0.34156953241388643,0.0,0.0,0.0,301,0,0,0,0.0,0.522942318777484,0.019681415539680946,0.0,1.0,0.526111480288378
2016-02-22,21.941425323486328,21.847078612626042,21.022255903588626,0.35047323650154283,0.2127011655496652,6554.573548316956,13000.0,284,0.1979159134402378,0.0,0.0,0.0,298,0,0,0,0.0,0.5227253595395542,0.0,0.0,0.0,0.37310498352561616
2016-02-23,21.445430755615234,21.80882643576787,21.05352403612434,0.35270668225396673,0.20965929986586176,6554.573548316956,13000.0,284,0.3829033039544618,0.0,0.0,0.0,305,0,0,0,0.0,0.5235610224801481,0.08331390073255915,0.0,1.0,0.4019041149125646
2016-02-24,21.764768600463867,21.804630451453203,21.17324902597929,0.3568748730296017,0.20450797849270116,6554.573548316956,13000.0,284,0.34433690792802785,0.0,0.0,0.0,301,0,0,0,0.0,0.5236526885990224,0.009140684837123525,0.0,1.0,0.4542011011823779
2016-02-25,21.914243698120117,21.815069808278622,21.222685066502034,0.2646816493919788,0.2029542498478263,6554.573548316956,13000.0,284,0.22686238255243069,0.0,0.0,0.0,299,0,0,0,0.0,0.5234246288037594,0.0,0.0,0.0,0.08678700409261064
2016-02-26,21.948225021362305,21.82775125714374,21.256735614038565,0.2640214432452867,0.20288557125806767,6554.573548316956,13000.0,284,0.22697209888103434,0.0,0.0,0.0,298,0,0,0,0.0,0.5231475879208599,0.0,0.0,0.0,0.08444315683352621
2016-02-29,21.89839744567871,21.83447946557564,21.26601612810854,0.23428223986492194,0.18573997156447655,6554.573548316956,13000.0,284,0.23023816289676208,0.0,0.0,0.0,299,0,0,0,0.0,0.5230006024443475,0.0,0.0,0.0,0.05112108203194321
2016-03-01,22.768077850341797,21.92339359745813,21.170955017745335,0.2701862565169712,0.20433425674291592,7054.573548316956,13500.0,284,0.2322688850174325,0.0,0.0,0.0,309,0,0,0,0.0,0.5387967569127327,0.0,0.0,0.0,0.10189655593297187
2016-03-02,22.817907333374023,22.00858538183107,21.139599829215953,0.2565656516819155,0.19057562952540041,7054.573548316956,13500.0,284,0.2294631545536214,0.0,0.0,0.0,309,0,0,0,0.0,0.5370045741896279,0.0,0.0,0.0,0.1218890383171114
2016-03-03,22.98777198791504,22.101841249077165,21.08456074386103,0.24989501274563525,0.19036068559029434,7054.573548316956,13500.0,284,0.23137383065406786,0.0,0.0,0.0,306,0,0,0,0.0,0.5350427470564508,0.0,0.0,0.0,0.09395405521335021
2016-03-04,23.329753875732422,22.21878530875862,21.007546392676467,0.2528871376652659,0.19038929867063858,7054.573548316956,13500.0,284,0.22897354886288007,0.0,0.0,0.0,302,0,0,0,0.0,0.5325825905416705,0.0,0.0,0.0,0.10688616880871638
2016-03-07,23.071563720703125,22.300002300372384,21.02695181363804,0.2335987643055267,0.17416680821306457,7054.573548316956,13500.0,284,0.2271236587055534,0.0,0.0,0.0,305,0,0,0,0.0,0.530874025681055,0.0,0.0,0.0,0.11769652850921353
2016-03-08,22.881317138671875,22.35536561830567,21.05034237225193,0.23625755592332776,0.17058678370875555,7054.573548316956,13500.0,284,0.22295504951652112,0.0,0.0,0.0,308,0,0,0,0.0,0.5297093455111992,0.0,0.0,0.0,0.1541415596351854
2016-03-09,22.90170669555664,22.40739810185338,21.083977392877074,0.23608013532330377,0.1700114127558403,7054.573548316956,13500.0,284,0.2221588433529543,0.0,0.0,0.0,308,0,0,0,0.0,0.5286147362276771,0.0,0.0,0.0,0.15717787949500384
2016-03-10,22.91303253173828,22.45555376184242,21.148876241412196,0.23289204531402496,0.16991308266915947,7054.573548316956,13500.0,284,0.22319959159345606,0.0,0.0,0.0,307,0,0,0,0.0,0.5276016838249447,0.0,0.0,0.0,0.14221166127769025
2016-03-11,23.15989112854004,22.52263351105172,21.246157492815403,0.2312614857281971,0.1646406187748586,7054.573548316956,13500.0,284,0.21973205504900425,0.0,0.0,0.0,304,0,0,0,0.0,0.5261905246563935,0.0,0.0,0.0,0.17053681046372815
2016-03-14,23.218772888183594,22.588932499349994,21.354590395619635,0.23131371111857654,0.15681100848175775,7054.573548316956,13500.0,284,0.21323215308922222,0.0,0.0,0.0,303,0,0,0,0.0,0.5247957903840446,0.0,0.0,0.0,0.22925952583597842
2016-03-15,23.685333251953125,22.69335161864553,21.367319284391506,0.2218819248153834,0.15086801768694283,7054.573548316956,13500.0,284,0.21261108840036558,0.0,0.0,0.0,297,0,0,0,0.0,0.5225991215040496,0.0,0.0,0.0,0.22558516276456775
2016-03-16,24.000131607055664,22.817806855636974,21.345794841700684,0.22063175589046907,0.14282248258407113,7054.573548316956,13500.0,284,0.2052583373619004,0.0,0.0,0.0,293,0,0,0,0.0,0.5199809520740074,0.0,0.0,0.0,0.2873309107140294
2016-03-17,23.961633682250977,22.926742743885924,21.38904564378922,0.2047685646006238,0.14082372287249564,7054.573548316956,13500.0,284,0.21178706871925695,0.0,0.0,0.0,294,0,0,0,0.0,0.5176892637582516,0.0,0.0,0.0,0.21173099971956288
2016-03-18,23.98880958557129,23.027891966903578,21.46105177279975,0.20355231631001863,0.14037840732086676,7054.573548316956,13500.0,284,0.21116713704589962,0.0,0.0,0.0,294,0,0,0,0.0,0.5155613838073618,0.0,0.0,0.0,0.20835485667413178
2016-03-21,23.986543655395508,23.11919212771233,21.52972243357853,0.20380480583169172,0.134276612929397,7054.573548316956,13500.0,284,0.2046551284445721,0.0,0.0,0.0,294,0,0,0,0.0,0.5136406989429406,0.0,0.0,0.0,0.264831860797512
2016-03-22,24.16999626159668,23.219268711891793,21.700879861382823,0.17686610074188144,0.12274955038955175,7054.573548316956,13500.0,284,0.21011845268293888,0.0,0.0,0.0,291,0,0,0,0.0,0.5115353841350171,0.0,0.0,0.0,0.20072470177818813
2016-03-23,24.03636360168457,23.297087272824438,21.851173497295022,0.17818511750013463,0.12731292540727848,7054.573548316956,13500.0,284,0.21282225088683013,0.0,0.0,0.0,293,0,0,0,0.0,0.5098983121865082,0.0,0.0,0.0,0.1663198959709855
2016-03-24,23.932188034057617,23.357573059608548,22.005557488104262,0.1810702061143817,0.1235329234435385,7054.573548316956,13500.0,284,0.2067345782131662,0.0,0.0,0.0,294,0,0,0,0.0,0.5086258704497164,0.0,0.0,0.0,0.22147063489206165
2016-03-28,23.8234806060791,23.401945206891458,22.186440616772007,0.18364863284179653,0.12278732619479668,7054.573548316956,13500.0,284,0.20382288518401662,0.0,0.0,0.0,296,0,0,0,0.0,0.507692411943913,0.0,0.0,0.0,0.24638700190744234
2016-03-29,24.387420654296875,23.49580001140626,22.415386787745028,0.19435626531129224,0.11842879854489305,7054.573548316956,13500.0,284,0.1908128149686419,0.0,0.0,0.0,289,0,0,0,0.0,0.5057179849452313,0.0,0.0,0.0,0.3676027825671222
2016-03-30,24.813199996948242,23.621266676695974,22.44968552831624,0.1542639650259022,0.08987961740320768,7054.573548316956,13500.0,284,0.18335702502669385,0.0,0.0,0.0,284,0,0,0,0.0,0.5030785380606181,0.0,0.0,0.0,0.430283171005843
2016-03-31,24.68410301208496,23.72248918482826,22.51751110379834,0.1578303410431051,0.09073970538963848,7054.573548316956,13500.0,284,0.18047921695925198,0.0,0.0,0.0,285,0,0,0,0.0,0.5009491164080574,0.0,0.0,0.0,0.4494788542437387
2016-04-01,24.91058921813965,23.835641568953154,22.563830242052635,0.15845193459482607,0.09197950951470399,7554.573548316956,14000.0,284,0.1888573668575703,0.0,0.0,0.0,303,0,0,0,0.0,0.5164769853155218,0.0,0.0,0.0,0.43557276534414524
2016-04-04,25.166507720947266,23.962390726285925,22.57165799910641,0.15509557647439395,0.09361686290638041,7554.573548316956,14000.0,284,0.19319880871222317,0.0,0.0,0.0,300,0,0,0,0.0,0.5139057881239141,0.0,0.0,0.0,0.3805879594353818
2016-04-05,24.869823455810547,24.048812891002555,22.64693457368743,0.15603421366410328,0.10256279642126198,7554.573548316956,14000.0,284,0.20368928062782773,0.0,0.0,0.0,303,0,0,0,0.0,0.5121526527825195,0.0,0.0,0.0,0.26779413124306073
2016-04-06,25.130273818969727,24.151809169856573,22.758389865590697,0.15092258804252595,0.09676576475369085,7554.573548316956,14000.0,284,0.19955604710240188,0.0,0.0,0.0,300,0,0,0,0.0,0.5100632996971952,0.0,0.0,0.0,0.2997243776133598
2016-04-07,24.582191467285156,24.192797960087866,22.901384312815463,0.1777333958656752,0.10825830162451969,7554.573548316956,14000.0,284,0.1923415623783686,0.0,0.0,0.0,307,0,0,0,0.0,0.5092318128096461,0.0,0.0,0.0,0.3681275338597214
2016-04-08,24.6093692779541,24.23247141893227,23.07283737965298,0.17760469433966775,0.10828291233512156,7554.573548316956,14000.0,284,0.19210954266612024,0.0,0.0,0.0,306,0,0,0,0.0,0.5084270083588025,0.0,0.0,0.0,0.366826110953409
2016-04-11,24.69091033935547,24.276132268496387,23.2239589648101,0.17559139372371074,0.09358421760893076,7554.573548316956,14000.0,284,0.17203585921714332,0.0,0.0,0.0,305,0,0,0,0.0,0.5075413168390733,0.0,0.0,0.0,0.563577333604397
2016-04-12,25.01250648498535,24.346263146257243,23.39258375546863,0.17893090155374605,0.09874216072908934,7554.573548316956,14000.0,284,0.1767448686396328,0.0,0.0,0.0,302,0,0,0,0.0,0.5061186618902102,0.0,0.0,0.0,0.5100852921096177
2016-04-13,25.374874114990234,24.444226095660383,23.466314557706212,0.17316820015744536,0.10304315704462542,7554.573548316956,14000.0,284,0.18681409319302436,0.0,0.0,0.0,297,0,0,0,0.0,0.5041314134880323,0.0,0.0,0.0,0.40045042876590164
2016-04-14,25.388456344604492,24.534152786036014,23.51152298229119,0.169490558505395,0.1020756198226727,7554.573548316956,14000.0,284,0.18766813888516365,0.0,0.0,0.0,297,0,0,0,0.0,0.5023071863404123,0.0,0.0,0.0,0.3837009496802186
2016-04-15,24.878875732421875,24.566983542834667,23.57866159179992,0.18765864027288431,0.10046501043667938,7554.573548316956,14000.0,284,0.17008016339521176,0.0,0.0,0.0,303,0,0,0,0.0,0.501641190988211,0.0,0.0,0.0,0.5565837254948323
2016-04-18,24.342124938964844,24.54556843770421,23.592900280518332,0.20543296166034344,0.10170521013863755,7554.573548316956,14000.0,284,0.32625906690999273,0.0,0.0,0.0,310,0,0,0,0.0,0.5020756116922861,0.04144200189449614,0.0,1.0,0.6832385920405926
2016-04-19,24.213027954101562,24.513897915456337,23.58892791269416,0.2065664409157067,0.1019464214161925,7554.573548316956,14000.0,284,0.33498625482128525,0.0,0.0,0.0,312,0,0,0,0.0,0.5027180708578858,0.06136722164553675,0.0,1.0,0.6885212680525492
2016-04-20,24.262847900390625,24.489988390211984,23.57429411223658,0.2049657183642271,0.10166797556395797,7554.573548316956,14000.0,284,0.32930723593515865,0.0,0.0,0.0,311,0,0,0,0.0,0.5032030926556997,0.04637415220501719,0.0,1.0,0.6800252425216393
2016-04-21,24.000131607055664,24.443335363244714,23.52235589281388,0.20779800662256928,0.10055674070350905,7554.573548316956,14000.0,284,0.3454577462304891,0.0,0.0,0.0,314,0,0,0,0.0,0.5041494826313215,0.09065942712046823,0.0,1.0,0.7220626315781629
2016-04-22,23.93445587158203,24.39487064975303,23.474264702906655,0.20743249917755896,0.1004711714019922,7554.573548316956,14000.0,284,0.34772512187852395,0.0,0.0,0.0,315,0,0,0,0.0,0.5051326239621527,0.09436712839788329,0.0,1.0,0.7204976668349223
2016-04-25,23.798564910888672,24.338079627004042,23.412687946070424,0.20780728114511876,0.10107384715858836,7554.573548316956,14000.0,284,0.3563721267384553,0.0,0.0,0.0,317,0,0,0,0.0,0.5062846704236323,0.11083756902429508,0.0,1.0,0.713328810131121
2016-04-26,23.633235931396484,24.2709516559938,23.244165864219084,0.18919303153415667,0.0971069128991952,7554.573548316956,14000.0,284,0.375201288408414,0.0,0.0,0.0,319,0,0,0,0.0,0.5076464092641257,0.13137427275947602,0.0,1.0,0.6235801850220686
2016-04-27,22.154321670532227,24.069367847854604,22.570666582927274,0.27613926588231186,0.09630515517353402,7554.573548316956,14000.0,284,0.6592992144694829,0.4321653574491382,1.0,0.6592992144694829,340,3,3,3,66.46296501159668,0.5117356808006637,0.3978181291315203,1.0,1.0,1.0
2016-04-28,21.47714614868164,23.82248959079051,21.815020753790748,0.2900968589508251,0.10228298144425473,7488.110583305359,14000.0,287,0.7017518603392714,0.502919767232119,1.0,0.7017518603392714,348,3,3,3,64.43143844604492,0.5116389633887944,0.492254059587364,1.0,1.0,1.0
2016-04-29,21.23027801513672,23.575612297871103,21.161894830699485,0.2842458459065159,0.10152611876783141,7423.679144859314,14000.0,290,0.5040747033811042,0.17345783896850692,1.0,0.5040747033811042,349,3,3,3,63.690834045410156,0.51164803097267,0.49740686542978363,0.0,1.0,1.0
2016-05-02,21.207624435424805,23.350089644304788,20.658375342555875,0.27744849331947397,0.10462627869987468,7859.988310813904,14500.0,293,0.49412182375827707,0.1568697062637951,1.0,0.49412182375827707,370,2,2,2,42.41524887084961,0.5281671540840481,0.4587702320454564,0.0,1.0,1.0
2016-05-03,21.556406021118164,23.179262632572726,20.325628159601486,0.29062623274075305,0.10277958200465755,7817.573061943054,14500.0,295,0.4453197736394422,0.07553295606573696,1.0,0.4453197736394422,362,2,2,2,43.11281204223633,0.5284218981648997,0.35006648770052723,0.0,1.0,1.0
2016-05-04,21.33219337463379,23.003351274673783,20.026913684399332,0.2833740161674241,0.09792533280990647,7774.460249900818,14500.0,297,0.4514315795949302,0.08571929932488362,1.0,0.4514315795949302,364,2,2,2,42.66438674926758,0.5288279083739232,0.3632422685036993,0.0,1.0,1.0
2016-05-05,21.245603561401367,22.8359467305526,19.724134715436445,0.27887361233711966,0.08779761998764184,7731.79586315155,14500.0,299,0.4447928767756043,0.07465479462600715,1.0,0.4447928767756043,363,2,2,2,42.491207122802734,0.5291070294872257,0.34821047445856174,0.0,1.0,1.0
2016-05-06,21.127120971679688,22.67320142018375,19.454422499496292,0.27726460210494336,0.08795829189620946,7689.304656028748,14500.0,301,0.4416280136593338,0.0693800227655563,1.0,0.4416280136593338,363,2,2,2,42.254241943359375,0.5293356118982545,0.3409488629002649,0.0,1.0,1.0
2016-05-09,21.143070220947266,22.527474639304085,19.254082479175658,0.2760934555865692,0.08725623586979014,7647.050414085388,14500.0,303,0.42643565650984283,0.04405942751640468,1.0,0.42643565650984283,361,2,2,2,42.28614044189453,0.5292534609855768,0.3072702201474071,0.0,1.0,1.0
2016-05-10,21.28662872314453,22.40929883776508,19.17861647416218,0.2707577337348036,0.09168180476306274,7604.764273643494,14500.0,305,0.40060580529613377,0.001009675493556239,1.0,0.40060580529613377,357,2,2,2,42.57325744628906,0.5286319899642519,0.25049202180493413,0.0,1.0,1.0
2016-05-11,21.07927131652832,22.282629550028243,19.181959229796973,0.25753457414962105,0.09120816371259853,7562.191016197205,14500.0,307,0.4092100437070455,0.015350072845075799,1.0,0.4092100437070455,358,2,2,2,42.15854263305664,0.5282229467683676,0.2700215948028445,0.0,1.0,1.0
2016-05-12,20.584810256958008,22.120932474497742,19.167991775861903,0.2596992320782494,0.09118687022792134,7520.032473564148,14500.0,309,0.4441124286695617,0.07352071444926944,1.0,0.4441124286695617,365,2,2,2,41.169620513916016,0.5285953010607033,0.34721009598276714,0.0,1.0,1.0
2016-05-13,20.625835418701172,21.978542278707593,19.160361296602417,0.26049892363043237,0.09556130708782277,7478.862853050232,14500.0,311,0.4263492594317988,0.0439154323863313,1.0,0.4263492594317988,362,2,2,2,41.251670837402344,0.5285981621601337,0.30773352546608573,0.0,1.0,1.0
2016-05-16,21.391433715820312,21.92262717748023,19.26995472260439,0.3033089933453941,0.09950010939804321,7437.61118221283,14500.0,313,0.34156647743865676,0.0,0.0,0.0,347,0,0,0,0.0,0.526773634030944,0.12115187138829324,0.0,1.0,1.0
2016-05-17,21.302568435668945,21.863573963974392,19.394256025114746,0.3033846694689799,0.10310692727131053,7437.61118221283,14500.0,313,0.34535534793998013,0.0,0.0,0.0,349,0,0,0,0.0,0.5280483689155873,0.12829684872881292,0.0,1.0,1.0
2016-05-18,21.546384811401367,21.833365473253153,19.621541713550922,0.30856215085692573,0.10298028635438537,7437.61118221283,14500.0,313,0.31748950452104197,0.0,0.0,0.0,345,0,0,0,0.0,0.5287004556463285,0.06572066551154235,0.0,1.0,1.0
2016-05-19,21.464353561401367,21.79822148164822,19.846089258140104,0.30803170134669877,0.10236767172652207,7437.61118221283,14500.0,313,0.3227182429832054,0.0,0.0,0.0,346,0,0,0,0.0,0.5294590811202832,0.07658145884239544,0.0,1.0,1.0
2016-05-20,21.696773529052734,21.78855977187722,20.155891384948784,0.313297318892219,0.10549895454629986,7437.61118221283,14500.0,313,0.29782876314987694,0.0,0.0,0.0,342,0,0,0,0.0,0.5296676407863744,0.021062943991129776,0.0,1.0,1.0
2016-05-23,21.97247886657715,21.806075876134358,20.541490032189365,0.31928193669042915,0.10553386799490752,7437.61118221283,14500.0,313,0.13818029054113626,0.0,0.0,0.0,338,0,0,0,0.0,0.5292895345358584,0.0,0.0,0.0,1.0
2016-05-24,22.307435989379883,21.853824458348214,20.99733086821126,0.32601618294756785,0.1173684755879322,7437.61118221283,14500.0,313,0.13771647069252788,0.0,0.0,0.0,333,0,0,0,0.0,0.5282588237611731,0.0,0.0,0.0,1.0
2016-05-25,22.699352264404297,21.93435091606784,20.949882661840363,0.24469879988569068,0.12006257865814321,7437.61118221283,14500.0,313,0.1670931014615637,0.0,0.0,0.0,327,0,0,0,0.0,0.5265205629841908,0.0,0.0,0.0,0.6984115188132218
2016-05-26,22.879362106323242,22.024351981806447,20.841221839436063,0.21443031547659755,0.11511470663074005,7437.61118221283,14500.0,313,0.18083054849100172,0.0,0.0,0.0,325,0,0,0,0.0,0.5245777813582471,0.0,0.0,0.0,0.5522945312020946
2016-05-27,22.865684509277344,22.104478889184627,20.777817003942047,0.2078788333266703,0.11404334806415306,7437.61118221283,14500.0,313,0.18338121348091407,0.0,0.0,0.0,325,0,0,0,0.0,0.5228481453576008,0.0,0.0,0.0,0.519004519300063
2016-05-31,22.754037857055664,22.166341648029487,20.750309441655173,0.20949820960751944,0.11114917417801533,7437.61118221283,14500.0,313,0.177610893206992,0.0,0.0,0.0,326,0,0,0,0.0,0.5215127630459842,0.0,0.0,0.0,0.5706985016370085
2016-06-01,22.43503761291504,22.191931739923348,20.73333805098655,0.21262364385641527,0.1058590481362772,7937.61118221283,15000.0,313,0.1742382379077976,0.0,0.0,0.0,353,0,0,0,0.0,0.5369283576935995,0.0,0.0,0.0,0.6737952305432215
2016-06-02,22.26641845703125,22.199025712981246,20.72848298262124,0.21061366783788538,0.10289708078208087,7937.61118221283,15000.0,313,0.17098130485214547,0.0,0.0,0.0,356,0,0,0,0.0,0.536780330122458,0.0,0.0,0.0,0.7056984370296062
2016-06-03,22.311986923217773,22.209783923479964,20.736426810871457,0.20930718652746816,0.10386817550901875,7937.61118221283,15000.0,313,0.17352318253361754,0.0,0.0,0.0,355,0,0,0,0.0,0.5365558421300514,0.0,0.0,0.0,0.6792694642490558
2016-06-06,22.473766326904297,22.23492510475847,20.765464806586944,0.2076608647813834,0.10448295197997368,7937.61118221283,15000.0,313,0.17558825750556878,0.0,0.0,0.0,353,0,0,0,0.0,0.5360312294807066,0.0,0.0,0.0,0.6562579576074918
2016-06-07,22.564908981323242,22.266352140621784,20.804221232449066,0.20748109640881568,0.1044647283978954,7937.61118221283,15000.0,313,0.1754076690400681,0.0,0.0,0.0,351,0,0,0,0.0,0.5353754519990255,0.0,0.0,0.0,0.6551128435949336
2016-06-08,22.54440689086914,22.292833545407248,20.83821106691127,0.20758295277481592,0.09618945520302785,7937.61118221283,15000.0,313,0.16083166764798662,0.0,0.0,0.0,352,0,0,0,0.0,0.5348228733525021,0.0,0.0,0.0,0.7983862536063935
2016-06-09,22.70619010925293,22.332200837202077,20.910023790106784,0.2024825673945745,0.0886712189715516,7937.61118221283,15000.0,313,0.15000723929660148,0.0,0.0,0.0,349,0,0,0,0.0,0.53400140919705,0.0,0.0,0.0,0.9029339484207102
2016-06-10,22.51934242248535,22.350023845324294,21.100383853848758,0.1814115299292763,0.09602227385661338,7937.61118221283,15000.0,313,0.18269451853203952,0.0,0.0,0.0,352,0,0,0,0.0,0.5336295024275663,0.0,0.0,0.0,0.5743875756036534
2016-06-13,22.17983627319336,22.333815505121347,21.315692012446483,0.19427987342626682,0.09556520729708423,7937.61118221283,15000.0,313,0.33638496022049486,0.0,0.0,0.0,357,0,0,0,0.0,0.5339677164598012,0.03447221812427857,0.0,1.0,0.6941301034234111
2016-06-14,22.207172393798828,22.32175425642396,21.38537766177408,0.14888867107064171,0.08978227713421094,7937.61118221283,15000.0,313,0.36375421863994684,0.0,0.0,0.0,357,0,0,0,0.0,0.5342193945159533,0.025665962743980558,0.0,1.0,0.3819419212702344
2016-06-15,22.134260177612305,22.30389767748952,21.48465816189249,0.14844924658986597,0.08275261835996672,7937.61118221283,15000.0,313,0.35818831455444894,0.0,0.0,0.0,358,0,0,0,0.0,0.5345920017963853,0.038028667081006134,0.0,1.0,0.4949098644037724
2016-06-16,22.227680206298828,22.29663887070945,21.561647108837803,0.14448768180124458,0.08321731907880633,7937.61118221283,15000.0,313,0.35290420883096835,0.0,0.0,0.0,357,0,0,0,0.0,0.5347434688978628,0.015463914720620095,0.0,1.0,0.44689113797349034
2016-06-17,21.721834182739258,22.24189556709324,21.56638414271911,0.16768460567856985,0.0829133198481278,7937.61118221283,15000.0,313,0.3752241959137599,0.0,0.0,0.0,365,0,0,0,0.0,0.5358857791666544,0.11691031072086572,0.0,1.0,0.6853404453562415
2016-06-20,21.66942596435547,22.187374652546787,21.506010992688815,0.16356070011970023,0.08273913416623944,7937.61118221283,15000.0,313,0.37944989551190095,0.0,0.0,0.0,366,0,0,0,0.0,0.537023448916857,0.11672149055541027,0.0,1.0,0.647353272506193
2016-06-21,21.853994369506836,22.155624149400126,21.45777238223488,0.15987379764371484,0.0823013793826009,7937.61118221283,15000.0,313,0.36071209492188705,0.0,0.0,0.0,363,0,0,0,0.0,0.5376859760825173,0.06807070246799082,0.0,1.0,0.6187841042584166
2016-06-22,21.771963119506836,22.119085003696004,21.37237799349535,0.1493754630571569,0.06766312788662525,7937.61118221283,15000.0,313,0.34364221136253414,0.0,0.0,0.0,364,0,0,0,0.0,0.53844842625621,0.07846660115713762,0.0,1.0,0.8396955097347227
2016-06-23,21.897287368774414,22.097961419417757,21.3465292272562,0.13490319622573121,0.07896254657168042,7937.61118221283,15000.0,313,0.37056219646818356,0.0,0.0,0.0,362,0,0,0,0.0,0.5388892050481495,0.04540555728977974,0.0,1.0,0.4237044658388469
2016-06-24,21.282068252563477,22.020257308288777,21.192758109302698,0.15902596338340239,0.15174310050505235,7937.61118221283,15000.0,313,0.46865693952228815,0.11442823253714689,1.0,0.46865693952228815,372,2,2,2,42.56413650512695,0.5405106308337075,0.16761590143804403,0.0,1.0,0.0
2016-06-27,20.97217559814453,21.920440002560753,20.97887690788914,0.16324017650757242,0.16143767724719063,7895.047045707703,15000.0,315,0.6901854224006122,0.483642370667687,1.0,0.6901854224006122,376,3,3,3,62.916526794433594,0.5396707599462242,0.21629684538846958,1.0,1.0,0.0
2016-06-28,21.325363159179688,21.86376601747684,20.90659274336886,0.17954312681332396,0.17656160909855848,7832.130518913269,15000.0,318,0.44682670637943345,0.07804451063238904,1.0,0.44682670637943345,367,2,2,2,42.650726318359375,0.536488160429491,0.12312674263591654,0.0,1.0,0.0
2016-06-29,21.509920120239258,21.83006640821612,20.8612339408444,0.1794198065946638,0.18823549054809283,7789.47979259491,15000.0,320,0.42342847455939314,0.03904745759898853,1.0,0.42342847455939314,362,2,2,2,43.019840240478516,0.5342919166247228,0.07332691572948416,0.0,1.0,0.0
2016-06-30,21.78335952758789,21.825618133870574,20.85993620378467,0.18549934586222203,0.1945936320030475,7746.459952354431,15000.0,322,0.39352096279137605,0.0,0.0,0.0,355,0,0,0,0.0,0.531476730726245,0.00968096436570177,0.0,1.0,0.0
2016-07-01,21.849435806274414,21.82788648362332,20.873303031538065,0.18574937411151057,0.19442032242041735,8246.459952354431,15500.0,322,0.24594446764664393,0.0,0.0,0.0,377,0,0,0,0.0,0.5465432614369865,0.0,0.0,0.0,0.0
2016-07-05,21.644357681274414,21.81040755006628,20.87804738153638,0.18535728828716955,0.19509562064625818,8246.459952354431,15500.0,322,0.41323786397373874,0.022063106622897864,1.0,0.41323786397373874,380,2,2,2,43.28871536254883,0.5469063721857198,0.03806665886703284,0.0,1.0,0.0
2016-07-06,21.767404556274414,21.80631202684801,20.923500965766433,0.18613017029045348,0.19609969777639832,8203.171236991882,15500.0,324,0.39889449799257304,0.0,0.0,0.0,376,0,0,0,0.0,0.5441777356968546,0.008921148731085597,0.0,1.0,0.0
2016-07-07,21.860824584960938,21.81150369904924,20.986208624184314,0.18734657416741426,0.19566236677941956,8203.171236991882,15500.0,324,0.2448311458502336,0.0,0.0,0.0,375,0,0,0,0.0,0.5440692130005191,0.0,0.0,0.0,0.0
2016-07-08,22.02944564819336,21.832260075158203,21.106252301586565,0.18768485453445047,0.20330568662954987,8203.171236991882,15500.0,324,0.2446359020027054,0.0,0.0,0.0,372,0,0,0,0.0,0.5436353377837898,0.0,0.0,0.0,0.0
2016-07-11,22.097803115844727,21.85754988855692,21.1966501403544,0.18655925513111737,0.20031507209510188,8203.171236991882,15500.0,324,0.24439801459667101,0.0,0.0,0.0,371,0,0,0,0.0,0.5431066991037133,0.0,0.0,0.0,0.0
2016-07-12,22.198057174682617,21.889979153902225,21.226766364287325,0.17962343610081394,0.19832386284462503,8203.171236991882,15500.0,324,0.24409297028135843,0.0,0.0,0.0,369,0,0,0,0.0,0.5424288228474632,0.0,0.0,0.0,0.0
2016-07-13,22.07273292541504,21.907384274998684,21.259416414578546,0.18070553401276784,0.19797646591725637,8203.171236991882,15500.0,324,0.24392924985194783,0.0,0.0,0.0,371,0,0,0,0.0,0.5420649996709952,0.0,0.0,0.0,0.0
2016-07-14,22.510223388671875,21.964797523919938,21.25510586085256,0.19369040292877285,0.19780105834223913,8203.171236991882,15500.0,324,0.24338919490403055,0.0,0.0,0.0,364,0,0,0,0.0,0.5408648775645123,0.0,0.0,0.0,0.0
2016-07-15,22.507951736450195,22.016526496541868,21.26182443693981,0.1933188913748241,0.19808732089789388,8203.171236991882,15500.0,324,0.24290260882607717,0.0,0.0,0.0,364,0,0,0,0.0,0.5397835751690604,0.0,0.0,0.0,0.0
2016-07-18,22.747196197509766,22.08611408711024,21.226420642888723,0.17505620639373998,0.19709118138338577,8203.171236991882,15500.0,324,0.24224803652253724,0.0,0.0,0.0,360,0,0,0,0.0,0.5383289700500827,0.0,0.0,0.0,0.0
2016-07-19,22.75631332397461,22.149942585859225,21.209374129929817,0.17432069170076056,0.19707494010464127,8203.171236991882,15500.0,324,0.24164763683753065,0.0,0.0,0.0,360,0,0,0,0.0,0.5369947485278459,0.0,0.0,0.0,0.0
2016-07-20,22.776826858520508,22.209645849922204,21.195441790169017,0.17292890649754047,0.19723009871753658,8203.171236991882,15500.0,324,0.24108604097298983,0.0,0.0,0.0,360,0,0,0,0.0,0.5357467577177552,0.0,0.0,0.0,0.0
2016-07-21,22.656057357788086,22.252161231623717,21.197672534376682,0.17371298184491485,0.19784011071923993,8203.171236991882,15500.0,324,0.2406861220922105,0.0,0.0,0.0,362,0,0,0,0.0,0.5348580490938011,0.0,0.0,0.0,0.0
2016-07-22,22.480609893798828,22.273918247068966,21.20071466154581,0.17647986375072824,0.19352438778290781,8203.171236991882,15500.0,324,0.24048146577918353,0.0,0.0,0.0,364,0,0,0,0.0,0.5344032572870745,0.0,0.0,0.0,0.0
2016-07-25,22.17983627319336,22.264958059080815,21.252077089226145,0.14956495569519038,0.13572707432995137,8203.171236991882,15500.0,324,0.3991677874866184,0.0,0.0,0.0,369,0,0,0,0.0,0.5345905541198591,0.01911564029484853,0.0,1.0,0.0
2016-07-26,22.027164459228516,22.24231104957107,21.374192434076573,0.1404174568440865,0.11096093804945056,8203.171236991882,15500.0,324,0.4070870731282174,0.011811788547028967,1.0,0.4070870731282174,372,2,2,2,44.05432891845703,0.5350639496734821,0.04836426166846205,0.0,1.0,0.054556219756574764
2016-07-27,23.45811653137207,22.358102047837832,21.392353323075305,0.25924748852299334,0.09978173222254712,8159.116908073425,15500.0,326,0.13839138255368968,0.0,0.0,0.0,347,0,0,0,0.0,0.5297586278970882,0.0,0.0,0.0,1.0
2016-07-28,23.774850845336914,22.493030504742507,21.37187487496359,0.2607453457307582,0.08523832347256997,8159.116908073425,15500.0,326,0.13711434999704997,0.0,0.0,0.0,343,0,0,0,0.0,0.5269207777712221,0.0,0.0,0.0,1.0
2016-07-29,23.745223999023438,22.61228702800736,21.3667651447926,0.26007746762247896,0.07424510159123772,8159.116908073425,15500.0,326,0.13598564470911748,0.0,0.0,0.0,343,0,0,0,0.0,0.5244125437980388,0.0,0.0,0.0,1.0
2016-08-01,24.164485931396484,22.7601154949968,21.334995472219372,0.26417277085784935,0.0750124269245171,8659.116908073425,16000.0,326,0.14131819105524807,0.0,0.0,0.0,358,0,0,0,0.0,0.5362626467894401,0.0,0.0,0.0,1.0
2016-08-02,23.80674934387207,22.8597949091754,21.403481286709233,0.2687937327188054,0.07430317019089226,8659.116908073425,16000.0,326,0.14040425542649804,0.0,0.0,0.0,363,0,0,0,0.0,0.5342316787255512,0.0,0.0,0.0,1.0
2016-08-03,24.105247497558594,22.97840944140237,21.45697796150212,0.270154952847038,0.07323628638873285,8659.116908073425,16000.0,326,0.139316708434142,0.0,0.0,0.0,359,0,0,0,0.0,0.5318149076314267,0.0,0.0,0.0,1.0
2016-08-04,24.2541561126709,23.099909124380325,21.513665868189,0.270149386937174,0.07286812062882934,8659.116908073425,16000.0,326,0.13820270821583788,0.0,0.0,0.0,357,0,0,0,0.0,0.5293393515907509,0.0,0.0,0.0,1.0
2016-08-05,24.623003005981445,23.24496568453281,21.544450830444134,0.2723229484604246,0.058761418919357385,8659.116908073425,16000.0,326,0.1368727208799398,0.0,0.0,0.0,351,0,0,0,0.0,0.526383824177644,0.0,0.0,0.0,1.0
2016-08-08,24.826892852783203,23.39562541484237,21.581658998261272,0.2722840463820744,0.05864139590482572,8659.116908073425,16000.0,326,0.13549135947766403,0.0,0.0,0.0,348,0,0,0,0.0,0.5233141321725867,0.0,0.0,0.0,1.0
2016-08-09,24.927690505981445,23.541536375903235,21.631570961563533,0.27232271694349636,0.05421445278434807,8659.116908073425,16000.0,326,0.13415353835343724,0.0,0.0,0.0,347,0,0,0,0.0,0.5203411963409716,0.0,0.0,0.0,1.0
2016-08-10,24.74212646484375,23.655878289135664,21.739852901494615,0.2734111368031365,0.055647502078815775,8659.116908073425,16000.0,326,0.13310516593648739,0.0,0.0,0.0,349,0,0,0,0.0,0.5180114798588609,0.0,0.0,0.0,1.0
2016-08-11,24.72608757019043,23.75780298256945,21.81536698350039,0.2691720904772416,0.05508559230245273,8659.116908073425,16000.0,326,0.13217064390356634,0.0,0.0,0.0,350,0,0,0,0.0,0.5159347642301474,0.0,0.0,0.0,1.0
2016-08-12,24.783357620239258,23.85547485282372,21.907020870898258,0.2687201995837282,0.05504146760025113,8659.116908073425,16000.0,326,0.1312751149431725,0.0,0.0,0.0,349,0,0,0,0.0,0.5139446998737167,0.0,0.0,0.0,1.0
2016-08-15,25.081186294555664,23.972209275845806,21.979435918415593,0.26915345313351974,0.05524473210472566,8659.116908073425,16000.0,326,0.13020480620208877,0.0,0.0,0.0,345,0,0,0,0.0,0.5115662360046417,0.0,0.0,0.0,1.0
2016-08-16,25.058273315429688,24.075643946282366,22.069552953858157,0.26949339994909455,0.05890567988645054,8659.116908073425,16000.0,326,0.12925643956752353,0.0,0.0,0.0,345,0,0,0,0.0,0.5094587545944967,0.0,0.0,0.0,1.0
2016-08-17,25.02161979675293,24.16573688442242,22.17544310379004,0.2700959382372427,0.057376028870496226,8659.116908073425,16000.0,326,0.12843039994095196,0.0,0.0,0.0,346,0,0,0,0.0,0.5076231109798932,0.0,0.0,0.0,1.0
2016-08-18,24.989547729492188,24.244195060143348,22.318551960037613,0.2684647652667449,0.055921031104751606,8659.116908073425,16000.0,326,0.1277110365423107,0.0,0.0,0.0,346,0,0,0,0.0,0.5060245256495793,0.0,0.0,0.0,1.0
2016-08-19,25.05368995666504,24.321289812193033,22.52247058551121,0.26441414068936986,0.05419015569298414,8659.116908073425,16000.0,326,0.12700417403445513,0.0,0.0,0.0,345,0,0,0,0.0,0.504453720076567,0.0,0.0,0.0,1.0
2016-08-22,24.85896110534668,24.37249660201719,22.850544793447256,0.25979603550545377,0.05294330041820164,8659.116908073425,16000.0,326,0.12653467178025488,0.0,0.0,0.0,348,0,0,0,0.0,0.5034103817338997,0.0,0.0,0.0,1.0
2016-08-23,24.93685531616211,24.426245050983372,23.377046883990953,0.2556894940775846,0.05325489164017475,8659.116908073425,16000.0,326,0.12604186568879616,0.0,0.0,0.0,347,0,0,0,0.0,0.5023152570862137,0.0,0.0,0.0,1.0
2016-08-24,24.748994827270508,24.45698312491548,23.53921253251918,0.13736066907858752,0.05669748853114123,8659.116908073425,16000.0,326,0.12576003597343122,0.0,0.0,0.0,349,0,0,0,0.0,0.5016889688298471,0.0,0.0,0.0,1.0
2016-08-25,24.64361572265625,24.47475765803365,23.64576493432176,0.13327227432812122,0.05670815778645284,8659.116908073425,16000.0,326,0.12975182415291747,0.0,0.0,0.0,351,0,0,0,0.0,0.5013268127175644,0.0,0.0,0.0,0.9584524156998653
2016-08-26,24.499284744262695,24.477093571007842,23.761459076044897,0.13566686544715229,0.056674403777360466,8659.116908073425,16000.0,326,0.1260927889155638,0.0,0.0,0.0,353,0,0,0,0.0,0.5012792184907152,0.0,0.0,0.0,0.9948285940525805
2016-08-29,24.471790313720703,24.476588498885256,23.79637700327388,0.12186030839226472,0.05951616427723185,8659.116908073425,16000.0,326,0.30539500331231056,0.0,0.0,0.0,353,0,0,0,0.0,0.5012895093352129,0.0009801580732485713,0.0,1.0,0.7062634702149713
2016-08-30,24.283937454223633,24.458240780346053,23.88626381028907,0.11209891256671675,0.05492477846872417,8659.116908073425,16000.0,326,0.32170383497247534,0.0,0.0,0.0,356,0,0,0,0.0,0.5016633441004492,0.035632842052664114,0.0,1.0,0.7007944879642567
2016-08-31,24.306840896606445,24.443821743799425,23.912689358818326,0.10351961987775739,0.054830968675874815,8659.116908073425,16000.0,326,0.3311580598260303,0.0,0.0,0.0,356,0,0,0,0.0,0.5019571319700866,0.028019523425735895,0.0,1.0,0.573314351020898
2016-09-01,24.45117950439453,24.44452248290372,23.945119094227675,0.10334698773813701,0.05483581558024494,9159.116908073425,16500.0,326,0.17561079116017056,0.0,0.0,0.0,374,0,0,0,0.0,0.5170354951862658,0.0,0.0,0.0,0.5705518167364907
2016-09-02,24.68027687072754,24.466975281744084,23.97002950175036,0.09391884570089093,0.04759117183693634,9159.116908073425,16500.0,326,0.16801209695623928,0.0,0.0,0.0,371,0,0,0,0.0,0.5165918823122078,0.0,0.0,0.0,0.644542500842542
2016-09-06,24.673391342163086,24.48663395416494,23.989647154779007,0.08884785463240889,0.048665013692737125,9159.116908073425,16500.0,326,0.1801496586539635,0.0,0.0,0.0,371,0,0,0,0.0,0.5162034746025594,0.0,0.0,0.0,0.5214190491718822
2016-09-07,24.824594497680664,24.51882067259501,24.027622887323908,0.09048075098853454,0.04866462793560959,9159.116908073425,16500.0,326,0.17706611091981206,0.0,0.0,0.0,368,0,0,0,0.0,0.5155675430747896,0.0,0.0,0.0,0.5493928346384325
2016-09-08,24.173969268798828,24.48597768175728,23.93302828345314,0.12741023469595156,0.04819621472004895,9159.116908073425,16500.0,326,0.3109676413856852,0.0,0.0,0.0,378,0,0,0,0.0,0.5162164409543712,0.06371165101381814,0.0,1.0,1.0
2016-09-09,23.626441955566406,24.40411713640577,23.668107597889446,0.1484966937134923,0.09767492503208856,9159.116908073425,16500.0,326,0.6280320146761714,0.38005335779361904,1.0,0.6280320146761714,387,3,3,3,70.87932586669922,0.5178338068807102,0.15933278317190933,1.0,1.0,0.26692950847507335
2016-09-12,24.155643463134766,24.380452977046627,23.61397653453169,0.17191511700747078,0.113022941115978,9088.237582206726,16500.0,329,0.3752325247024304,0.0,0.0,0.0,376,0,0,0,0.0,0.5138685436697976,0.04610445796956924,0.0,1.0,0.2675532603528461
2016-09-13,24.730667114257812,24.413806704400073,23.675546879350033,0.1882724121180534,0.12298042557803979,9088.237582206726,16500.0,329,0.20336543330802173,0.0,0.0,0.0,367,0,0,0,0.0,0.51320349056075,0.0,0.0,0.0,0.27576137444315774
2016-09-14,25.605806350708008,24.527330480238923,23.68563501735499,0.2275588209787776,0.12206808798871042,9088.237582206726,16500.0,329,0.1745733001173405,0.0,0.0,0.0,354,0,0,0,0.0,0.5109398952728117,0.0,0.0,0.0,0.5534965275542476
2016-09-15,26.476362228393555,24.712952551491743,23.543600831122568,0.25523120827364637,0.1281578498174094,9088.237582206726,16500.0,329,0.16229592941973492,0.0,0.0,0.0,343,0,0,0,0.0,0.5072387036702556,0.0,0.0,0.0,0.6596148723188011
2016-09-16,26.32745361328125,24.866714557376458,23.494457766675172,0.256647988507526,0.12807193336361522,9088.237582206726,16500.0,329,0.15988306549764286,0.0,0.0,0.0,345,0,0,0,0.0,0.5041727824620088,0.0,0.0,0.0,0.6699468661026113
2016-09-19,26.02046775817871,24.97659581459572,23.499145421430804,0.2616902753604766,0.12811751093693002,9088.237582206726,16500.0,329,0.1556768111340039,0.0,0.0,0.0,349,0,0,0,0.0,0.5019818167877581,0.0,0.0,0.0,0.7021500642048724
2016-09-20,26.018171310424805,25.075793480865155,23.504719349371058,0.2592858334183833,0.12819336881608182,9088.237582206726,16500.0,329,0.15645049216101192,0.0,0.0,0.0,349,0,0,0,0.0,0.5000038754421433,0.0,0.0,0.0,0.6855125178795258
2016-09-21,26.013595581054688,25.165107966597493,23.514453433219817,0.2594289555863918,0.1346806384595916,9088.237582206726,16500.0,329,0.1636792835969785,0.0,0.0,0.0,349,0,0,0,0.0,0.49822299872663184,0.0,0.0,0.0,0.6052106583000583
2016-09-22,26.258718490600586,25.269261349835883,23.519620666303677,0.25793277212027516,0.1356579435264135,9088.237582206726,16500.0,329,0.16482025802987962,0.0,0.0,0.0,346,0,0,0,0.0,0.49614624338812086,0.0,0.0,0.0,0.5844555149477475
2016-09-23,25.82115936279297,25.32182306535561,23.54534853379412,0.26624472136683636,0.1371527056794605,9088.237582206726,16500.0,329,0.16102515791979727,0.0,0.0,0.0,351,0,0,0,0.0,0.4950981946362427,0.0,0.0,0.0,0.6176902966651197
2016-09-26,25.8601016998291,25.373087697210227,23.584609419154745,0.2644675653623904,0.14034479794387725,9088.237582206726,16500.0,329,0.16529978520115202,0.0,0.0,0.0,351,0,0,0,0.0,0.49407600894653547,0.0,0.0,0.0,0.5703441882478897
2016-09-27,25.908212661743164,25.424051979546697,23.633028674892838,0.2640868973175638,0.14106697340452484,9088.237582206726,16500.0,329,0.1658712897797709,0.0,0.0,0.0,350,0,0,0,0.0,0.4930598120441901,0.0,0.0,0.0,0.5600562564011466
2016-09-28,26.105234146118164,25.488926471601122,23.711182017597423,0.26146101771906577,0.1423721432657416,9088.237582206726,16500.0,329,0.16825632204947946,0.0,0.0,0.0,348,0,0,0,0.0,0.49176625399049884,0.0,0.0,0.0,0.5303849224624502
2016-09-29,25.69973373413086,25.509003353746813,23.78713996353263,0.27020271776303206,0.14595320359087408,9088.237582206726,16500.0,329,0.16683992572304585,0.0,0.0,0.0,353,0,0,0,0.0,0.4913659331283211,0.0,0.0,0.0,0.5427474418469864
2016-09-30,25.899044036865234,25.546150085472377,23.86597524406904,0.27054808389367857,0.1489653079915484,9088.237582206726,16500.0,329,0.16943287757783976,0.0,0.0,0.0,350,0,0,0,0.0,0.4906252498108841,0.0,0.0,0.0,0.513484848370581
2016-10-03,25.777626037597656,25.568195414246215,23.921692267220077,0.2707723770051358,0.1485166173301833,9588.237582206726,17000.0,329,0.17539951532231624,0.0,0.0,0.0,371,0,0,0,0.0,0.5051802181595879,0.0,0.0,0.0,0.5193158284949833
2016-10-04,25.88759422302246,25.59861434841538,23.99118298409512,0.27067552003231304,0.1487983094845506,9588.237582206726,17000.0,329,0.17547646998316802,0.0,0.0,0.0,370,0,0,0,0.0,0.5045915223159612,0.0,0.0,0.0,0.5158971505901453
2016-10-05,25.899044036865234,25.62722669969632,24.05171429715022,0.2704287670139316,0.14988410202148925,9588.237582206726,17000.0,329,0.17646262943947263,0.0,0.0,0.0,370,0,0,0,0.0,0.5040377891647007,0.0,0.0,0.0,0.5035437568464265
2016-10-06,26.091482162475586,25.671441505675297,24.237715261013015,0.24897444606196517,0.14979482972969824,9588.237582206726,17000.0,329,0.18792335718273892,0.0,0.0,0.0,367,0,0,0,0.0,0.5031821026254605,0.0,0.0,0.0,0.3850858899871832
2016-10-07,26.130434036254883,25.71515508001621,24.659804722151925,0.22870124784423984,0.12060703388488579,9588.237582206726,17000.0,329,0.16803030860201185,0.0,0.0,0.0,366,0,0,0,0.0,0.5023361163926275,0.0,0.0,0.0,0.5802094377467053
2016-10-10,26.586332321166992,25.79812434107819,25.038276844436506,0.22438178530023065,0.10987371697305029,9588.237582206726,17000.0,329,0.15514711360861083,0.0,0.0,0.0,360,0,0,0,0.0,0.5007304171638398,0.0,0.0,0.0,0.7018157411511707
2016-10-11,26.643598556518555,25.878645694929656,25.31084057807638,0.2130627621966951,0.1058192048733637,9588.237582206726,17000.0,329,0.15683908769168567,0.0,0.0,0.0,359,0,0,0,0.0,0.4991720921393025,0.0,0.0,0.0,0.6778835377100048
2016-10-12,26.881864547729492,25.97419034757726,25.33497424453766,0.17905740015481145,0.10581642816109299,9588.237582206726,17000.0,329,0.18278275658691803,0.0,0.0,0.0,356,0,0,0,0.0,0.49732302209688717,0.0,0.0,0.0,0.410126033566812
2016-10-13,26.79939079284668,26.05278086617435,25.360990468121912,0.13563657268161183,0.09985458039525645,9588.237582206726,17000.0,329,0.20991584390606324,0.0,0.0,0.0,357,0,0,0,0.0,0.4958020644134493,0.0,0.0,0.0,0.13195085079988966
2016-10-14,26.948293685913086,26.138067801387564,25.3590327342855,0.13458869858104616,0.09902781745872027,9588.237582206726,17000.0,329,0.20910985362365467,0.0,0.0,0.0,355,0,0,0,0.0,0.49415151137314656,0.0,0.0,0.0,0.13258326494261286
2016-10-17,26.92996597290039,26.213486674864974,25.366173054800512,0.12604526631727375,0.09956287426240715,9588.237582206726,17000.0,329,0.21621248574901625,0.0,0.0,0.0,356,0,0,0,0.0,0.49269193435114256,0.0,0.0,0.0,0.05498884708997909
2016-10-18,26.911645889282227,26.279978028619,25.38209508025427,0.12617718894027494,0.10215295509293629,9588.237582206726,17000.0,329,0.2182007223779554,0.0,0.0,0.0,356,0,0,0,0.0,0.491405131093197,0.0,0.0,0.0,0.02931586613983228
2016-10-19,26.831462860107422,26.332500393522658,25.406405413919064,0.12712472274004918,0.09418808842956852,9588.237582206726,17000.0,329,0.2082007328426109,0.0,0.0,0.0,357,0,0,0,0.0,0.4903886688547674,0.0,0.0,0.0,0.12474168142034436
2016-10-20,26.817710876464844,26.37871091570763,25.423750708211234,0.12384406464230685,0.09059375780110894,9588.237582206726,17000.0,329,0.2063535894671851,0.0,0.0,0.0,357,0,0,0,0.0,0.48949435933718766,0.0,0.0,0.0,0.1391887223454935
2016-10-21,26.712326049804688,26.410483785621633,25.470779557041357,0.10670591399951174,0.08872261379814056,9588.237582206726,17000.0,329,0.21977148400839147,0.0,0.0,0.0,358,0,0,0,0.0,0.4888794608547343,0.0,0.0,0.0,0.0022427337623898147
2016-10-24,26.952880859375,26.46214064978862,25.519230608624547,0.10978325576319041,0.08522227136759208,9588.237582206726,17000.0,329,0.21219595943814992,0.0,0.0,0.0,355,0,0,0,0.0,0.48787974860114963,0.0,0.0,0.0,0.0734992743236742
2016-10-25,27.09033203125,26.52196840040399,25.566206389738394,0.11029269280551483,0.08288891659581059,9588.237582206726,17000.0,329,0.2081408200766137,0.0,0.0,0.0,353,0,0,0,0.0,0.48672190566276985,0.0,0.0,0.0,0.10884037471632757
2016-10-26,26.480941772460938,26.518061102504653,25.5786683667751,0.13895846101993362,0.08022168958565239,9588.237582206726,17000.0,329,0.32785998999430926,0.0,0.0,0.0,362,0,0,0,0.0,0.48679752336917465,0.006998877086117288,0.0,1.0,0.44348390210572064
2016-10-27,26.226648330688477,26.490307505188827,25.618095205701987,0.13111381807745678,0.07414324648553192,9588.237582206726,17000.0,329,0.3443295024200263,0.0,0.0,0.0,365,0,0,0,0.0,0.48733463710546326,0.04976521590938612,0.0,1.0,0.473654314366559
2016-10-28,26.05253791809082,26.448615163560444,25.59713649531088,0.1313024155150846,0.06768278228688002,9588.237582206726,17000.0,329,0.34169423346902605,0.0,0.0,0.0,368,0,0,0,0.0,0.4881415065405067,0.07487674553473755,0.0,1.0,0.6166397996483386
2016-10-31,26.011302947998047,26.40696638112593,25.593545058334804,0.1301868803236824,0.0671862810482676,9588.237582206726,17000.0,329,0.34226378000177915,0.0,0.0,0.0,368,0,0,0,0.0,0.4889475329770335,0.07491648745587803,0.0,1.0,0.6147502919303107
2016-11-01,25.54166030883789,26.32455627900326,25.440678367712096,0.14486807294562815,0.06897609544232665,10088.237582206726,17500.0,329,0.3691874913498383,0.0,0.0,0.0,394,0,0,0,0.0,0.5050983419547387,0.14870069638929034,0.0,1.0,0.7502207590497476
2016-11-02,25.564565658569336,26.252176219914315,25.30769158377387,0.1449217769373667,0.06885864602423865,10088.237582206726,17500.0,329,0.36145415447597595,0.0,0.0,0.0,394,0,0,0,0.0,0.5064590870656109,0.13096258298452465,0.0,1.0,0.7538559704658507
2016-11-03,25.290546417236328,26.160592429183076,25.082825830210183,0.14588278707120253,0.06924204614755317,10088.237582206726,17500.0,329,0.37794057996970654,0.0,0.0,0.0,398,0,0,0,0.0,0.5081808623313582,0.16628943214913217,0.0,1.0,0.7557105254651411
2016-11-04,25.06258201599121,26.05602000887909,24.81407855233462,0.14776239104171696,0.06899444075124408,10088.237582206726,17500.0,329,0.3868804576751377,0.0,0.0,0.0,402,0,0,0,0.0,0.5101468238330731,0.1906350226453133,0.0,1.0,0.7847137324013622
2016-11-07,25.424102783203125,25.995837415957574,24.680684873814197,0.14278063613945874,0.10758544448922117,10088.237582206726,17500.0,329,0.418965414129655,0.03160902354942495,1.0,0.418965414129655,396,2,2,2,50.84820556640625,0.5112782565799976,0.109966573418306,0.0,1.0,0.10594759369581608
2016-11-08,25.573780059814453,25.955641477277275,24.602791107804375,0.1448878274733951,0.09923067665635263,10037.38937664032,17500.0,331,0.39050664903170634,0.0,0.0,0.0,392,0,0,0,0.0,0.5090675812012126,0.0735603891348863,0.0,1.0,0.21675937619538166
2016-11-09,25.532331466674805,25.91532623817228,24.549020077865993,0.13903308741951523,0.10662556471798554,10037.38937664032,17500.0,331,0.4040141514220456,0.0066902523700759775,1.0,0.4040141514220456,393,2,2,2,51.06466293334961,0.5098301151522843,0.0738934883507928,0.0,1.0,0.0866147015433909
2016-11-10,24.82080078125,25.8110857184654,24.333974027927354,0.1656199703985894,0.10581743657650394,9986.32471370697,17500.0,333,0.43487931006635794,0.05813218344392986,1.0,0.43487931006635794,402,2,2,2,49.6416015625,0.5088519117572013,0.19183325878208676,0.0,1.0,0.3042901667632172
2016-11-11,24.968172073364258,25.730808228455768,24.217153986145416,0.16591011608383932,0.1060961047871024,9936.68311214447,17500.0,335,0.4147209482474876,0.024534913745812664,1.0,0.4147209482474876,397,2,2,2,49.936344146728516,0.5074388139124182,0.1481951418549124,0.0,1.0,0.3031433184781118
2016-11-14,24.341838836669922,25.59852542923807,23.967330067059176,0.18176743229324288,0.10521436563298948,9886.746767997742,17500.0,337,0.44466187567054716,0.0744364594509119,1.0,0.44466187567054716,406,2,2,2,48.683677673339844,0.5070455388769584,0.2454607387527072,0.0,1.0,0.4396594926280242
2016-11-15,24.664213180541992,25.509543310314633,23.859231012470815,0.1925332879296405,0.10618985725158422,9838.063090324402,17500.0,339,0.4010976895743188,0.00182948262386462,1.0,0.4010976895743188,398,2,2,2,49.328426361083984,0.5058437038744765,0.1656889971508892,0.0,1.0,0.5109202588709585
2016-11-16,25.327396392822266,25.49219598483917,23.9042682991606,0.2221264334310768,0.1064565964416985,9788.734663963318,17500.0,341,0.3171367363266326,0.0,0.0,0.0,386,0,0,0,0.0,0.503266352523991,0.03232353778287981,0.0,1.0,0.7387871431145925
2016-11-17,25.31818389892578,25.475623405228372,23.965674017616962,0.22214726795218237,0.10699958888911709,9788.734663963318,17500.0,341,0.3175076343848971,0.0,0.0,0.0,386,0,0,0,0.0,0.5035892810752642,0.030900030157903748,0.0,1.0,0.7301255567002849
2016-11-18,25.343515396118164,25.46304169007502,24.034343584221382,0.22249777796281753,0.10764202660156928,9788.734663963318,17500.0,341,0.31503592243118755,0.0,0.0,0.0,386,0,0,0,0.0,0.5038344447819667,0.023470545155539035,0.0,1.0,0.7225132304069004
2016-11-21,25.728063583374023,25.48828187038921,24.21043170676301,0.22775533306842635,0.10932391113728247,9788.734663963318,17500.0,341,0.15289521458333627,0.0,0.0,0.0,380,0,0,0,0.0,0.5033426218398446,0.0,0.0,0.0,0.7360896524459377
2016-11-22,25.74418067932129,25.512653185525597,24.461831277587578,0.22639682653191515,0.1078193996277517,9788.734663963318,17500.0,341,0.15130896026339724,0.0,0.0,0.0,380,0,0,0,0.0,0.5028677293563297,0.0,0.0,0.0,0.7498151794695114
2016-11-23,25.612932205200195,25.52220356835175,24.584949131101713,0.214051439380902,0.107213236217243,9788.734663963318,17500.0,341,0.15983156922611969,0.0,0.0,0.0,382,0,0,0,0.0,0.5026816333252602,0.0,0.0,0.0,0.6637516577024742
2016-11-25,25.741880416870117,25.543125172972545,24.67235504329664,0.21307725720804568,0.1061541881330384,9788.734663963318,17500.0,341,0.15875302757821896,0.0,0.0,0.0,380,0,0,0,0.0,0.5022739609152207,0.0,0.0,0.0,0.6727025483363036
2016-11-28,25.691221237182617,25.55722956004017,24.731077987888064,0.21203578083847988,0.10775071455726978,9788.734663963318,17500.0,341,0.16191323840374774,0.0,0.0,0.0,381,0,0,0,0.0,0.5019991268586458,0.0,0.0,0.0,0.6398636868264287
2016-11-29,25.6658878326416,25.56757796695459,24.785008129420618,0.21201016489748784,0.10753639721277244,9788.734663963318,17500.0,341,0.16151552753330461,0.0,0.0,0.0,381,0,0,0,0.0,0.5017974807581991,0.0,0.0,0.0,0.6429333880788497
2016-11-30,25.449440002441406,25.55632673223905,24.77748621537319,0.2040963786864937,0.10408582230317867,9788.734663963318,17500.0,341,0.32191399739997784,0.0,0.0,0.0,384,0,0,0,0.0,0.5020167191032276,0.0209119899971398,0.0,1.0,0.6340392169518752
2016-12-01,25.21225357055664,25.523557859697867,24.74987082406592,0.20663933456915243,0.10131079335317597,10288.734663963318,18000.0,341,0.33988287145084367,0.0,0.0,0.0,408,0,0,0,0.0,0.5164703761023904,0.060983717640866415,0.0,1.0,0.6997147073362193
2016-12-02,25.30666732788086,25.502901618572437,24.729335059132637,0.20361344125157171,0.09854222641560181,10288.734663963318,18000.0,341,0.3277126054720788,0.0,0.0,0.0,406,0,0,0,0.0,0.5168616971148221,0.03847293410500997,0.0,1.0,0.7218797857684558
2016-12-05,25.124755859375,25.46688773674411,24.69729687085607,0.20262920540834647,0.09799237677260556,10288.734663963318,18000.0,341,0.3408049893952799,0.0,0.0,0.0,409,0,0,0,0.0,0.5175439600983477,0.0671719059089177,0.0,1.0,0.7231715030798946
2016-12-06,25.31818389892578,25.452725466475698,24.684416655288835,0.19771431846251325,0.06613117440757905,10288.734663963318,18000.0,341,0.2949088793284572,0.0,0.0,0.0,406,0,0,0,0.0,0.5178122564406548,0.02642969762258354,0.0,1.0,1.0
2016-12-07,25.566871643066406,25.46359653091291,24.695753941957786,0.1997866612764903,0.07719360321680335,10288.734663963318,18000.0,341,0.13292283957396744,0.0,0.0,0.0,402,0,0,0,0.0,0.5176063101643721,0.0,0.0,0.0,1.0
2016-12-08,25.81787109375,25.497336965468822,24.703017633922368,0.20261447214040976,0.06995410041011141,10288.734663963318,18000.0,341,0.13263520236937826,0.0,0.0,0.0,398,0,0,0,0.0,0.5169671163763961,0.0,0.0,0.0,1.0
2016-12-09,26.239259719848633,25.567996275409758,24.71692403715564,0.17957594601951504,0.07141580048734933,10288.734663963318,18000.0,341,0.13203283175213182,0.0,0.0,0.0,392,0,0,0,0.0,0.5156285150047374,0.0,0.0,0.0,1.0
2016-12-12,26.089588165283203,25.617671693492944,24.741529632648014,0.18165809275153735,0.07125278253766824,10288.734663963318,18000.0,341,0.13160934881297265,0.0,0.0,0.0,394,0,0,0,0.0,0.5146874418066059,0.0,0.0,0.0,1.0
2016-12-13,26.524795532226562,25.704064440039005,24.874516563126626,0.15710538355523396,0.07240962943748784,10288.734663963318,18000.0,341,0.15006657670450804,0.0,0.0,0.0,387,0,0,0,0.0,0.513050779219261,0.0,0.0,0.0,0.8080627394415942
2016-12-14,26.524795532226562,25.78222930596163,24.96522705100391,0.15416725130301134,0.07887860692807995,10288.734663963318,18000.0,341,0.16733253678615562,0.0,0.0,0.0,387,0,0,0,0.0,0.5115699892592825,0.0,0.0,0.0,0.6287395838052154
2016-12-15,26.66986846923828,25.866766369130833,24.952567998869554,0.12792961192375618,0.07828511457810736,10288.734663963318,18000.0,341,0.19330665862056207,0.0,0.0,0.0,385,0,0,0,0.0,0.509968481562577,0.0,0.0,0.0,0.36179158082597596
2016-12-16,26.70441246032715,25.946542187340008,24.958066136687965,0.12755201228030014,0.07861862366631901,10288.734663963318,18000.0,341,0.19360450120965986,0.0,0.0,0.0,385,0,0,0,0.0,0.5084571730065032,0.0,0.0,0.0,0.3520122664326657
2016-12-19,26.858686447143555,26.033413069226057,24.9645009559006,0.12783480828562757,0.0771898124643156,10288.734663963318,18000.0,341,0.19005599991066652,0.0,0.0,0.0,383,0,0,0,0.0,0.506811452410773,0.0,0.0,0.0,0.38009153674181295
2016-12-20,26.93006706237793,26.118808687621474,24.95482771520158,0.11938760804373517,0.07463921185244565,10288.734663963318,18000.0,341,0.1940430456432122,0.0,0.0,0.0,382,0,0,0,0.0,0.505193679862282,0.0,0.0,0.0,0.33294110294814705
2016-12-21,26.955406188964844,26.198484640130367,24.95407231894316,0.11933391147812511,0.0759957888131013,10288.734663963318,18000.0,341,0.19580208052752887,0.0,0.0,0.0,381,0,0,0,0.0,0.5036842632064191,0.0,0.0,0.0,0.3085583791535973
2016-12-22,26.77809715270996,26.253685831804617,24.976943400588166,0.12066340718075619,0.07686053004875355,10288.734663963318,18000.0,341,0.195362262084719,0.0,0.0,0.0,384,0,0,0,0.0,0.5026385072974792,0.0,0.0,0.0,0.3082506619914662
2016-12-23,26.831058502197266,26.308673705175348,24.99637395153171,0.12021625431228637,0.07622462204006304,10288.734663963318,18000.0,341,0.19429092967658917,0.0,0.0,0.0,383,0,0,0,0.0,0.5015967925852892,0.0,0.0,0.0,0.3142762698679098
2016-12-27,27.001462936401367,26.37465363195878,25.020839574413316,0.12010809976249608,0.07243740671756489,10288.734663963318,18000.0,341,0.1869814969033034,0.0,0.0,0.0,381,0,0,0,0.0,0.500346839527892,0.0,0.0,0.0,0.3817458088424801
2016-12-28,26.886320114135742,26.423383773118488,25.056890423296384,0.12192627943409175,0.08047666637528751,10288.734663963318,18000.0,341,0.19848637686112292,0.0,0.0,0.0,382,0,0,0,0.0,0.49942367407592203,0.0,0.0,0.0,0.26254276473042015
2016-12-29,26.879409790039062,26.46681482234902,25.124957257061993,0.11562381329908579,0.07947424074942737,10288.734663963318,18000.0,341,0.20313215481740904,0.0,0.0,0.0,382,0,0,0,0.0,0.49860089697661025,0.0,0.0,0.0,0.21238248822065553
2016-12-30,26.66986846923828,26.4861532649099,25.240690039799606,0.1136204819550281,0.08044069978217164,10288.734663963318,18000.0,341,0.2064992887235325,0.0,0.0,0.0,385,0,0,0,0.0,0.49823454092587355,0.0,0.0,0.0,0.177062546931106
2017-01-03,26.745853424072266,26.510886613401553,25.365167307012364,0.11357018977094999,0.08453642190575505,10788.734663963318,18500.0,341,0.2181490389812417,0.0,0.0,0.0,403,0,0,0,0.0,0.5113398737745984,0.0,0.0,0.0,0.11953904217327627
2017-01-04,26.715919494628906,26.530413554470822,25.567469779601183,0.10842187641023589,0.08446991020694958,10788.734663963318,18500.0,341,0.22297795901400647,0.0,0.0,0.0,403,0,0,0,0.0,0.510979944752727,0.0,0.0,0.0,0.069630161247207
2017-01-05,26.851778030395508,26.56101969503508,25.778930168152208,0.10734224029995774,0.08451295807141153,10788.734663963318,18500.0,341,0.22384314324391386,0.0,0.0,0.0,401,0,0,0,0.0,0.5104157991347589,0.0,0.0,0.0,0.0584396636672766
2017-01-06,27.15113067626953,26.617220740866934,25.971904228639513,0.10856165095628482,0.0726256602126671,10788.734663963318,18500.0,341,0.2046533439589286,0.0,0.0,0.0,397,0,0,0,0.0,0.5093798771548311,0.0,0.0,0.0,0.24567600760745423
2017-01-09,27.399812698364258,26.69175330824763,26.112807011899033,0.10803996466763298,0.07402031119813485,10788.734663963318,18500.0,341,0.20696948577427543,0.0,0.0,0.0,393,0,0,0,0.0,0.5080060606425707,0.0,0.0,0.0,0.21633241514881396
2017-01-10,27.427457809448242,26.76182040360007,26.1686714096739,0.09599941569958097,0.07119473933197301,10788.734663963318,18500.0,341,0.21565438011249824,0.0,0.0,0.0,393,0,0,0,0.0,0.50671455364175,0.0,0.0,0.0,0.12367169026289249
2017-01-11,27.5748291015625,26.839249803406016,26.26469069044255,0.0918118101145771,0.07158567905071156,10788.734663963318,18500.0,341,0.22050060560420842,0.0,0.0,0.0,391,0,0,0,0.0,0.5052873414615432,0.0,0.0,0.0,0.06878698053485999
2017-01-12,27.459693908691406,26.8983397181951,26.301988887770563,0.07889209062175793,0.06829221294976187,10788.734663963318,18500.0,341,0.22688917676988982,0.0,0.0,0.0,392,0,0,0,0.0,0.5041981705997551,0.0,0.0,0.0,0.0
2017-01-13,27.411334991455078,26.947196410886527,26.352379427632936,0.07965278664166138,0.061437516562265516,10788.734663963318,18500.0,341,0.21844355707383198,0.0,0.0,0.0,393,0,0,0,0.0,0.5032976229128483,0.0,0.0,0.0,0.0804037323694975
2017-01-17,27.63239860534668,27.012453762739874,26.374267164491172,0.08180396622711177,0.061215029019893515,10788.734663963318,18500.0,341,0.21458115142075448,0.0,0.0,0.0,390,0,0,0,0.0,0.5020947711840921,0.0,0.0,0.0,0.11361495612086969
2017-01-18,27.630094528198242,27.071276692783528,26.40299978948072,0.08205983333479695,0.06104902022261378,10788.734663963318,18500.0,341,0.21344115248130413,0.0,0.0,0.0,390,0,0,0,0.0,0.5010105215005847,0.0,0.0,0.0,0.12013582193958983
2017-01-19,27.581729888916016,27.119891282891384,26.42644099142625,0.08146938586672905,0.06223810129673143,10788.734663963318,18500.0,341,0.21596854961983566,0.0,0.0,0.0,391,0,0,0,0.0,0.5001144363531912,0.0,0.0,0.0,0.09082946739100373
2017-01-20,27.63239860534668,27.168701504077603,26.44642799036442,0.08134554955032064,0.06203684517188471,10788.734663963318,18500.0,341,0.2153761562286649,0.0,0.0,0.0,390,0,0,0,0.0,0.4992147452491642,0.0,0.0,0.0,0.09270479133458998
2017-01-23,27.65081787109375,27.214617348555333,26.467451110031284,0.0813674621418207,0.06216546454795623,10788.734663963318,18500.0,341,0.21519200781438214,0.0,0.0,0.0,390,0,0,0,0.0,0.4983684045482503,0.0,0.0,0.0,0.09073774232330512
2017-01-24,27.625484466552734,27.25374755026937,26.51016354704066,0.07644215640733663,0.06588814009600963,10788.734663963318,18500.0,341,0.22394121288708999,0.0,0.0,0.0,390,0,0,0,0.0,0.49764713974908886,0.0,0.0,0.0,0.0
2017-01-25,28.0653018951416,27.331038440257203,26.527211119529554,0.09188992744885842,0.07118504726767103,10788.734663963318,18500.0,341,0.2157284527443656,0.0,0.0,0.0,384,0,0,0,0.0,0.49622248064174557,0.0,0.0,0.0,0.07571663544419893
2017-01-26,28.07911491394043,27.402283818703225,26.54025071771939,0.09078307494438384,0.0711498669740937,10788.734663963318,18500.0,341,0.21638069828129564,0.0,0.0,0.0,384,0,0,0,0.0,0.4949092550174162,0.0,0.0,0.0,0.06328466476541661
2017-01-27,28.081424713134766,27.466963903887184,26.576092761437764,0.08809273774231151,0.06313443794126049,10788.734663963318,18500.0,341,0.20589601119759268,0.0,0.0,0.0,384,0,0,0,0.0,0.49371704371753894,0.0,0.0,0.0,0.16276658475299866
2017-01-30,28.007732391357422,27.518465664598637,26.627042660520733,0.08935706953816584,0.06776969322036724,10788.734663963318,18500.0,341,0.21186712768540397,0.0,0.0,0.0,385,0,0,0,0.0,0.4927677409930738,0.0,0.0,0.0,0.0987835576147924
2017-01-31,27.943256378173828,27.55892192303437,26.728203404341397,0.08322764966278201,0.06510321904528985,10788.734663963318,18500.0,341,0.21487697297954156,0.0,0.0,0.0,386,0,0,0,0.0,0.49202203374298814,0.0,0.0,0.0,0.06532942204803116
2017-02-01,29.647253036499023,27.75781060050719,26.56968439557284,0.22422916719658095,0.058602358658202944,11288.734663963318,19000.0,341,0.12581915596590376,0.0,0.0,0.0,380,0,0,0,0.0,0.5018203465908972,0.0,0.0,0.0,1.0
2017-02-02,29.596601486206055,27.932933542002324,26.553136264204692,0.224460957541167,0.05525371020886599,11288.734663963318,19000.0,341,0.12440480778840757,0.0,0.0,0.0,381,0,0,0,0.0,0.4986773506409057,0.0,0.0,0.0,1.0
2017-02-03,29.723247528076172,28.103439635914118,26.560945597526903,0.22448584958616596,0.060446118776417826,11288.734663963318,19000.0,341,0.12302774672994624,0.0,0.0,0.0,379,0,0,0,0.0,0.4956172149554361,0.0,0.0,0.0,1.0
2017-02-06,30.001867294311523,28.2842422700472,26.544568495921506,0.2239483156328662,0.060183345313903,11288.734663963318,19000.0,341,0.12156752756111877,0.0,0.0,0.0,376,0,0,0,0.0,0.49237228346915285,0.0,0.0,0.0,1.0
2017-02-07,30.287405014038086,28.47501967423681,26.517381296951445,0.22403809510060407,0.0584073100367329,11288.734663963318,19000.0,341,0.12002674899938748,0.0,0.0,0.0,372,0,0,0,0.0,0.48894833110974995,0.0,0.0,0.0,1.0
2017-02-08,30.404844284057617,28.65881249421974,26.520958632051283,0.2235719248816287,0.058374667923192416,11288.734663963318,19000.0,341,0.11854238014536739,0.0,0.0,0.0,371,0,0,0,0.0,0.485649733656372,0.0,0.0,0.0,1.0
2017-02-09,30.62455177307129,28.84602575887227,26.528997641784983,0.22368139231215714,0.06074824385577406,11288.734663963318,19000.0,341,0.1170303867000553,0.0,0.0,0.0,368,0,0,0,0.0,0.4822897482223451,0.0,0.0,0.0,1.0
2017-02-10,30.555160522460938,29.008800498261667,26.58840666543092,0.22270347140811994,0.06056147366729733,11288.734663963318,19000.0,341,0.1157157665021972,0.0,0.0,0.0,369,0,0,0,0.0,0.4793683700048827,0.0,0.0,0.0,1.0
2017-02-13,30.825742721557617,29.181842614766044,26.66704340977842,0.22133131890234503,0.06236422334086186,11288.734663963318,19000.0,341,0.11431822372442899,0.0,0.0,0.0,366,0,0,0,0.0,0.47626271938762,0.0,0.0,0.0,1.0
2017-02-14,31.225852966308594,29.376510267293906,26.72709419476165,0.22263028376868982,0.06112486083191251,11288.734663963318,19000.0,341,0.1127460262886184,0.0,0.0,0.0,361,0,0,0,0.0,0.4727689473080409,0.0,0.0,0.0,1.0
2017-02-15,31.33917236328125,29.56343046691175,26.817790360499544,0.22162349845591964,0.06235649778179489,11288.734663963318,19000.0,341,0.11123639972907326,0.0,0.0,0.0,360,0,0,0,0.0,0.4694142216201628,0.0,0.0,0.0,1.0
2017-02-16,31.302162170410156,29.72902396248303,26.953877958972043,0.22135452647035195,0.05998256405818521,11288.734663963318,19000.0,341,0.10989901436615682,0.0,0.0,0.0,360,0,0,0,0.0,0.4664422541470151,0.0,0.0,0.0,1.0
2017-02-17,31.387733459472656,29.88699629552966,27.116066073381354,0.22113020742191078,0.05970412498677006,11288.734663963318,19000.0,341,0.10862317991847231,0.0,0.0,0.0,359,0,0,0,0.0,0.46360706648549405,0.0,0.0,0.0,1.0
2017-02-21,31.614377975463867,30.051508836475776,27.30636385018162,0.2200658497837806,0.0591673368706782,11288.734663963318,19000.0,341,0.10729452468646275,0.0,0.0,0.0,357,0,0,0,0.0,0.4606544993032506,0.0,0.0,0.0,1.0
2017-02-22,31.709196090698242,30.209383813068392,27.544221437992324,0.21867748631401784,0.05785053221093951,11288.734663963318,19000.0,341,0.10601947652024499,0.0,0.0,0.0,356,0,0,0,0.0,0.45782105893387776,0.0,0.0,0.0,1.0
2017-02-23,31.57506561279297,30.339448746375496,27.755554459955125,0.2194767714418357,0.05308036377556832,11288.734663963318,19000.0,341,0.10496903104572003,0.0,0.0,0.0,357,0,0,0,0.0,0.45548673565715564,0.0,0.0,0.0,1.0
2017-02-24,31.605134963989258,30.45999029091014,28.006546247350713,0.21932973613203688,0.052471670226871485,11288.734663963318,19000.0,341,0.10399549946630729,0.0,0.0,0.0,357,0,0,0,0.0,0.45332333214734954,0.0,0.0,0.0,1.0
2017-02-27,31.667573928833008,30.574998256426607,28.309724128795523,0.2187521428029196,0.05175572160824482,11288.734663963318,19000.0,341,0.10306665881849142,0.0,0.0,0.0,356,0,0,0,0.0,0.45125924181886984,0.0,0.0,0.0,1.0
2017-02-28,31.681447982788086,30.680374420841986,28.706835311489648,0.21739548048159602,0.04618413976291515,11288.734663963318,19000.0,341,0.10221560763798931,0.0,0.0,0.0,356,0,0,0,0.0,0.4493680169733096,0.0,0.0,0.0,1.0
2017-03-01,32.32899475097656,30.837385880854804,29.229636166485065,0.2204712133310169,0.061410372846117306,11788.734663963318,19500.0,341,0.10733349418373486,0.0,0.0,0.0,364,0,0,0,0.0,0.4607410981860775,0.0,0.0,0.0,1.0
2017-03-02,32.137046813964844,30.96116311257957,29.3947850036365,0.09964180258454772,0.06790614525100754,11788.734663963318,19500.0,341,0.18408063909805716,0.0,0.0,0.0,366,0,0,0,0.0,0.45857658351848035,0.0,0.0,0.0,0.22278823485259003
2017-03-03,32.3266716003418,31.091211539985498,29.59474316539074,0.09743687614324162,0.06792779432978667,11788.734663963318,19500.0,341,0.18580121717930426,0.0,0.0,0.0,364,0,0,0,0.0,0.4563024033264074,0.0,0.0,0.0,0.19534864317579093
2017-03-06,32.22492599487305,31.199184345212885,29.81406625826827,0.10109603987076242,0.0678183637738353,11788.734663963318,19500.0,341,0.1802623954582735,0.0,0.0,0.0,365,0,0,0,0.0,0.4544142635016619,0.0,0.0,0.0,0.2422402311747438
2017-03-07,32.266571044921875,31.300840221375644,30.00965817323803,0.09952824790299206,0.06846630331186336,11788.734663963318,19500.0,341,0.182546279894008,0.0,0.0,0.0,365,0,0,0,0.0,0.45263658894927716,0.0,0.0,0.0,0.2114018513316669
2017-03-08,32.14630126953125,31.38136032119999,30.179367277727245,0.10029777652020641,0.06972104550535829,11788.734663963318,19500.0,341,0.1831729900002402,0.0,0.0,0.0,366,0,0,0,0.0,0.4512285195113233,0.0,0.0,0.0,0.198798437798553
2017-03-09,32.07228088378906,31.447162279541807,30.35232265061272,0.10196707433606769,0.06970547995353336,11788.734663963318,19500.0,341,0.18063275360319384,0.0,0.0,0.0,367,0,0,0,0.0,0.450077828855192,0.0,0.0,0.0,0.21902269381642547
2017-03-10,32.17867660522461,31.516830310559218,30.505257886910105,0.10059688836667621,0.06824600314363911,11788.734663963318,19500.0,341,0.17915067211845082,0.0,0.0,0.0,366,0,0,0,0.0,0.4488595314922722,0.0,0.0,0.0,0.2283611705307167
2017-03-13,32.19255065917969,31.58118462947545,30.706918594372862,0.09935105735535084,0.06783841344107482,11788.734663963318,19500.0,341,0.17943661415279577,0.0,0.0,0.0,366,0,0,0,0.0,0.44773415596660876,0.0,0.0,0.0,0.22043756032178163
2017-03-14,32.14398193359375,31.634784372724816,30.875524680566652,0.09753498096908778,0.06797952077427842,11788.734663963318,19500.0,341,0.18149440993008786,0.0,0.0,0.0,366,0,0,0,0.0,0.4467968476359404,0.0,0.0,0.0,0.19564171506085337
2017-03-15,32.483943939208984,31.715656712389976,30.967940648707437,0.0943031450554504,0.07233910651304912,11788.734663963318,19500.0,341,0.19178667258610396,0.0,0.0,0.0,362,0,0,0,0.0,0.4453826185166676,0.0,0.0,0.0,0.08635505746396466
2017-03-16,32.537139892578125,31.793893205741227,31.049891107684847,0.09410982040736045,0.07132675735818512,11788.734663963318,19500.0,341,0.18985500227842061,0.0,0.0,0.0,362,0,0,0,0.0,0.44401448291498674,0.0,0.0,0.0,0.09951515033323433
2017-03-17,32.375240325927734,31.84925959813994,31.157892958629585,0.09668324543786574,0.07147452117946845,11788.734663963318,19500.0,341,0.18664622206043546,0.0,0.0,0.0,364,0,0,0,0.0,0.44304628087355286,0.0,0.0,0.0,0.12724604332663314
2017-03-20,32.7152214050293,31.931732151177023,31.246232561658108,0.10158732963653314,0.07197917690354176,11788.734663963318,19500.0,341,0.18110988850967458,0.0,0.0,0.0,360,0,0,0,0.0,0.4416040685358274,0.0,0.0,0.0,0.17611942331447739
2017-03-21,32.3405647277832,31.97066858704428,31.31709082685013,0.1103322291478754,0.08214572103177398,11788.734663963318,19500.0,341,0.18648808639750877,0.0,0.0,0.0,364,0,0,0,0.0,0.4409231800932257,0.0,0.0,0.0,0.11927344644442783
2017-03-22,32.70596694946289,32.04069700251272,31.372125097330123,0.1159577960899491,0.08251453700857607,11788.734663963318,19500.0,341,0.1807559095517987,0.0,0.0,0.0,360,0,0,0,0.0,0.43969858062272626,0.0,0.0,0.0,0.1710845172842812
2017-03-23,32.59033203125,32.0930431957258,31.46671010020407,0.11552217960156753,0.08251251710644449,11788.734663963318,19500.0,341,0.1807810683733311,0.0,0.0,0.0,361,0,0,0,0.0,0.4387831933465386,0.0,0.0,0.0,0.16671368632611272
2017-03-24,32.52557373046875,32.13423657998703,31.57100491444857,0.11621278701923106,0.08223053982704691,11788.734663963318,19500.0,341,0.1793569604252376,0.0,0.0,0.0,362,0,0,0,0.0,0.43806283724227807,0.0,0.0,0.0,0.17771316333787524
2017-03-27,32.58107376098633,32.17679250198697,31.679018140193275,0.11620092522958862,0.08205514480426096,11788.734663963318,19500.0,341,0.1787823853418133,0.0,0.0,0.0,361,0,0,0,0.0,0.4373186541960228,0.0,0.0,0.0,0.18011009046396964
2017-03-28,33.25639343261719,32.27961163823746,31.718095050633096,0.1347064952502783,0.08620166044858842,11788.734663963318,19500.0,341,0.165760098475164,0.0,0.0,0.0,354,0,0,0,0.0,0.4355206375056936,0.0,0.0,0.0,0.3022418840239809
2017-03-29,33.33039093017578,32.3796858565173,31.684565761712157,0.11679247717630549,0.06949970411518959,11788.734663963318,19500.0,341,0.1551572421061866,0.0,0.0,0.0,353,0,0,0,0.0,0.433770621688595,0.0,0.0,0.0,0.40039537653681156
2017-03-30,33.28644561767578,32.466043929008585,31.696113270050873,0.11398108617701751,0.0678702270782903,11788.734663963318,19500.0,341,0.1545674207927078,0.0,0.0,0.0,354,0,0,0,0.0,0.43226046257477296,0.0,0.0,0.0,0.39949787365940037
2017-03-31,33.22400665283203,32.53823085508701,31.711760533949153,0.113596934011659,0.06815192017667654,11788.734663963318,19500.0,341,0.15504754653312217,0.0,0.0,0.0,354,0,0,0,0.0,0.4309981168418118,0.0,0.0,0.0,0.3890160604569315
2017-04-03,33.23326873779297,32.60442493915424,31.74151168073088,0.11242516475342124,0.0674869320153379,12288.734663963318,20000.0,341,0.16101917378473352,0.0,0.0,0.0,369,0,0,0,0.0,0.44409455478742016,0.0,0.0,0.0,0.3882337586960556
2017-04-04,33.4807243347168,32.68788202444591,31.75823470908307,0.11433273350520681,0.06685295316895436,12288.734663963318,20000.0,341,0.1566845450879726,0.0,0.0,0.0,367,0,0,0,0.0,0.44267161148319717,0.0,0.0,0.0,0.42517680079466125
2017-04-05,33.30725860595703,32.746870270304115,31.809955101281364,0.11538873399326322,0.06723176420982108,12288.734663963318,20000.0,341,0.15572605449304422,0.0,0.0,0.0,368,0,0,0,0.0,0.4416658618913148,0.0,0.0,0.0,0.43023583358047435
2017-04-06,33.22400665283203,32.79231183054487,31.88396343140314,0.11548367503826583,0.0675742043404869,12288.734663963318,20000.0,341,0.15598511029080442,0.0,0.0,0.0,369,0,0,0,0.0,0.44089108328921,0.0,0.0,0.0,0.4241587718934008
2017-04-07,33.14999008178711,32.82637642590127,31.951416265731176,0.11618664444878452,0.06638128213100808,12288.734663963318,20000.0,341,0.15228193838075604,0.0,0.0,0.0,370,0,0,0,0.0,0.4403102819383833,0.0,0.0,0.0,0.45857688491516435
2017-04-10,33.110679626464844,32.85345292119304,32.025143314044406,0.11652767250698134,0.06643716750653553,12288.734663963318,20000.0,341,0.15176912838888568,0.0,0.0,0.0,371,0,0,0,0.0,0.4398486276936586,0.0,0.0,0.0,0.4616275407326069
2017-04-11,32.7545280456543,32.84403150447506,32.088113437513194,0.12400702101299031,0.06560927873476718,12288.734663963318,20000.0,341,0.2966286904622187,0.0,0.0,0.0,375,0,0,0,0.0,0.4400092628487002,0.013625528706573374,0.0,1.0,0.5750696573765441
2017-04-12,32.79384231567383,32.839251581732086,32.10785357287522,0.11872763523164383,0.05819989509053425,12288.734663963318,20000.0,341,0.28115229978569317,0.0,0.0,0.0,374,0,0,0,0.0,0.44009076053146795,0.006913870425037009,0.0,1.0,0.69999784144734
2017-04-13,32.620391845703125,32.81840779734837,32.09543221394027,0.12038274904965166,0.06191783250564559,12288.734663963318,20000.0,341,0.299757066805082,0.0,0.0,0.0,376,0,0,0,0.0,0.44044614705521024,0.03016842755870153,0.0,1.0,0.6201949177117827
2017-04-17,32.800785064697266,32.81672944185779,32.13889577627775,0.12022002752061565,0.07085620578650237,12288.734663963318,20000.0,341,0.30791716013615356,0.0,0.0,0.0,374,0,0,0,0.0,0.44047476301632477,0.0024293062458846785,0.0,1.0,0.41389671031840636
2017-04-18,32.65508270263672,32.80133451431292,32.1185705857322,0.1156438695291869,0.0711608463261044,12288.734663963318,20000.0,341,0.3229384274856998,0.0,0.0,0.0,376,0,0,0,0.0,0.4407372465309647,0.022293576441590208,0.0,1.0,0.3542544285194993
2017-04-19,32.53481674194336,32.77595186932535,32.124810725355594,0.10857120906663074,0.056307354639336095,12288.734663963318,20000.0,341,0.3043975296638705,0.0,0.0,0.0,377,0,0,0,0.0,0.4411700206280028,0.03678537367020959,0.0,1.0,0.6068239777032509
2017-04-20,32.941871643066406,32.79175375253878,32.15139964802236,0.11026958189373345,0.06226733004772099,12288.734663963318,20000.0,341,0.15082977802166378,0.0,0.0,0.0,373,0,0,0,0.0,0.4409005985192137,0.0,0.0,0.0,0.47575491311982376
2017-04-21,32.90254592895508,32.80230538838795,32.1861652304822,0.1094765267868141,0.06317049784358078,12288.734663963318,20000.0,341,0.1539049356112226,0.0,0.0,0.0,373,0,0,0,0.0,0.44072069312798545,0.0,0.0,0.0,0.4441937629637085
2017-04-24,33.21937561035156,32.842026361908296,32.257654670586774,0.11366276647509309,0.07367969098749451,12288.734663963318,20000.0,341,0.16946449123745233,0.0,0.0,0.0,369,0,0,0,0.0,0.4400434505294636,0.0,0.0,0.0,0.28555061500806267
2017-04-25,33.42521286010742,32.897567933165355,32.32497269591726,0.11509919460530389,0.07583421941345887,12288.734663963318,20000.0,341,0.1711122564766714,0.0,0.0,0.0,367,0,0,0,0.0,0.4390964667395307,0.0,0.0,0.0,0.2648115355611742
2017-04-26,33.228633880615234,32.92909802339868,32.35834930635674,0.09197660569590184,0.07227151719593605,12288.734663963318,20000.0,341,0.19129702971849288,0.0,0.0,0.0,369,0,0,0,0.0,0.4385588787010525,0.0,0.0,0.0,0.060544656969807376
2017-04-27,33.254066467285156,32.96004739900692,32.39589487634358,0.09164817422891422,0.072250613256611,12288.734663963318,20000.0,341,0.19140769685294626,0.0,0.0,0.0,369,0,0,0,0.0,0.438031191846932,0.0,0.0,0.0,0.05706339478173139
2017-04-28,33.221683502197266,32.98496512312028,32.42562570582313,0.09159548874710326,0.07221474455426678,12288.734663963318,20000.0,341,0.1912248090400062,0.0,0.0,0.0,369,0,0,0,0.0,0.4376063446507992,0.0,0.0,0.0,0.05698046052853467
2017-05-01,33.8993034362793,33.07204496246876,32.39946392015422,0.11653419892062375,0.07169250593813997,12788.734663963318,20500.0,341,0.16698759986369438,0.0,0.0,0.0,377,0,0,0,0.0,0.44987476428283674,0.0,0.0,0.0,0.3545604406358216
2017-05-02,34.11438751220703,33.17131568149145,32.357946469442254,0.11799426949834431,0.07124793113201869,12788.734663963318,20500.0,341,0.16369156537954782,0.0,0.0,0.0,374,0,0,0,0.0,0.44822348061519107,0.0,0.0,0.0,0.3800900089728816
2017-05-03,34.010318756103516,33.25122073621641,32.359349877804796,0.1166596215681797,0.07158813634891371,12788.734663963318,20500.0,341,0.16530291965139765,0.0,0.0,0.0,376,0,0,0,0.0,0.4468943282414733,0.0,0.0,0.0,0.3579952805726532
2017-05-04,33.88774108886719,33.31184172218315,32.36358060723009,0.11571590611449051,0.0702782591932706,12788.734663963318,20500.0,341,0.163437080479904,0.0,0.0,0.0,377,0,0,0,0.0,0.4458859498895387,0.0,0.0,0.0,0.3721159697038845
2017-05-05,34.449729919433594,33.420212026683195,32.316337708431476,0.12752756020041625,0.07115879132156969,12788.734663963318,20500.0,341,0.15049126354777903,0.0,0.0,0.0,371,0,0,0,0.0,0.4440833023854161,0.0,0.0,0.0,0.4934622252565819
2017-05-08,35.38636016845703,33.607464230661655,32.149447049473615,0.1548847694783103,0.07094816229594356,12788.734663963318,20500.0,341,0.11651337614698802,0.0,0.0,0.0,361,0,0,0,0.0,0.4409685218216769,0.0,0.0,0.0,0.8192245867276657
2017-05-09,35.61299514770508,33.79846717514198,32.033574310784836,0.15430211346371478,0.07128610360282209,12788.734663963318,20500.0,341,0.11662720085709281,0.0,0.0,0.0,359,0,0,0,0.0,0.43779135089154075,0.0,0.0,0.0,0.8037890704410053
2017-05-10,35.44417190551758,33.95520095898728,32.02293198841084,0.14818630855177864,0.07077756961057269,12788.734663963318,20500.0,341,0.12135870934592534,0.0,0.0,0.0,360,0,0,0,0.0,0.4351842181944067,0.0,0.0,0.0,0.744741888415577
2017-05-11,35.75071334838867,34.12620213893027,32.01586822060828,0.1486811716556404,0.06957747491545423,12788.734663963318,20500.0,341,0.11647661562830783,0.0,0.0,0.0,357,0,0,0,0.0,0.4323397595426721,0.0,0.0,0.0,0.7807627616589463
2017-05-12,36.2499885559082,34.32846751197579,32.0188234310201,0.1478021367997737,0.06392141648028989,12788.734663963318,20500.0,341,0.10035156805500778,0.0,0.0,0.0,352,0,0,0,0.0,0.4289752477276223,0.0,0.0,0.0,0.9268729342242226
2017-05-15,36.157100677490234,34.50262305154859,32.06047346356364,0.15042485113300855,0.05940754863012962,12788.734663963318,20500.0,341,0.0917352435482863,0.0,0.0,0.0,353,0,0,0,0.0,0.42607831899619175,0.0,0.0,0.0,1.0
2017-05-16,36.10369873046875,34.65510644954099,32.161220543712126,0.1483295387961665,0.057914210566653024,12788.734663963318,20500.0,341,0.09059384952770416,0.0,0.0,0.0,354,0,0,0,0.0,0.4235418878393426,0.0,0.0,0.0,1.0
2017-05-17,34.8914909362793,34.67761925780178,32.313539798036736,0.20050952495987923,0.08977517094780713,12788.734663963318,20500.0,341,0.10430341409267288,0.0,0.0,0.0,366,0,0,0,0.0,0.4231674064921752,0.0,0.0,0.0,0.8612191882880595
2017-05-18,35.42329025268555,34.748635543028804,32.448855826235686,0.20234844321809087,0.08669057786086341,12788.734663963318,20500.0,341,0.09538160484694705,0.0,0.0,0.0,361,0,0,0,0.0,0.42198611121108187,0.0,0.0,0.0,0.9451214519803979
2017-05-19,35.54404067993164,34.82438841321002,32.61699329837949,0.20152533194182104,0.08876191595358093,12788.734663963318,20500.0,341,0.10012645113618686,0.0,0.0,0.0,359,0,0,0,0.0,0.4207260268827015,0.0,0.0,0.0,0.8920026096102882
2017-05-22,35.75999069213867,34.91349339215561,32.76442825074564,0.20058857127291602,0.0822158658033423,12788.734663963318,20500.0,341,0.08865972873042546,0.0,0.0,0.0,357,0,0,0,0.0,0.4192438416231677,0.0,0.0,0.0,1.0
2017-05-23,35.71588897705078,34.98991201928848,32.904038029943216,0.20112845974373403,0.0796787743328955,12788.734663963318,20500.0,341,0.0880877073483016,0.0,0.0,0.0,358,0,0,0,0.0,0.41797268299622575,0.0,0.0,0.0,1.0
2017-05-24,35.60906219482422,35.04887870267284,33.09857613939678,0.1996162626460956,0.08002974765976767,12788.734663963318,20500.0,341,0.08764632014999282,0.0,0.0,0.0,359,0,0,0,0.0,0.4169918225555396,0.0,0.0,0.0,1.0
2017-05-25,35.73213577270508,35.11395080458067,33.329353661233746,0.1993483943401749,0.081330429449998,12788.734663963318,20500.0,341,0.08715923166034617,0.0,0.0,0.0,357,0,0,0,0.0,0.4159094036896582,0.0,0.0,0.0,1.0
2017-05-26,35.67174530029297,35.167074089886604,33.618546150491056,0.1995860261320237,0.08081490950189944,12788.734663963318,20500.0,341,0.08676158443448298,0.0,0.0,0.0,358,0,0,0,0.0,0.41502574318773994,0.0,0.0,0.0,1.0
2017-05-30,35.685699462890625,35.216466982553655,33.80060814616372,0.1896962583611904,0.08097579892163091,12788.734663963318,20500.0,341,0.09117277361758981,0.0,0.0,0.0,358,0,0,0,0.0,0.41420413458288796,0.0,0.0,0.0,0.9521908694470977
2017-05-31,35.474365234375,35.24102872082236,33.9521210381167,0.1915069082393468,0.08100787233190594,12788.734663963318,20500.0,341,0.08920358553630545,0.0,0.0,0.0,360,0,0,0,0.0,0.4137955710341257,0.0,0.0,0.0,0.970044214290511
2017-06-01,35.5719108581543,35.27254130533016,34.169438158067784,0.19057213578499324,0.0845314007642663,13288.734663963318,21000.0,341,0.10438735360806094,0.0,0.0,0.0,373,0,0,0,0.0,0.42724111499440076,0.0,0.0,0.0,0.8787114813941941
2017-06-02,36.09905242919922,35.35125665046055,34.52180416895997,0.19416807731822958,0.08510937608051744,13288.734663963318,21000.0,341,0.10156709462198729,0.0,0.0,0.0,368,0,0,0,0.0,0.425962927723474,0.0,0.0,0.0,0.9011622285357601
2017-06-05,35.746070861816406,35.38885800392301,34.76665045186041,0.19267700880082844,0.08467189811823997,13288.734663963318,21000.0,341,0.1017775508886018,0.0,0.0,0.0,371,0,0,0,0.0,0.4253523533648692,0.0,0.0,0.0,0.8963100812558935
2017-06-06,35.866825103759766,35.434378680097936,34.82314487667446,0.16824871979216996,0.08558269338054454,13288.734663963318,21000.0,341,0.1272492748115462,0.0,0.0,0.0,370,0,0,0,0.0,0.4246131842898383,0.0,0.0,0.0,0.6382665811888106
2017-06-07,36.08047103881836,35.495911285690354,34.86416508688826,0.16805568887148165,0.08541062258010708,13288.734663963318,21000.0,341,0.12665793335207873,0.0,0.0,0.0,368,0,0,0,0.0,0.4236140119799805,0.0,0.0,0.0,0.639683720389125
2017-06-08,35.99222946166992,35.5431796834027,34.91590316828469,0.16726482754578487,0.08541645958998273,13288.734663963318,21000.0,341,0.1270953152377784,0.0,0.0,0.0,369,0,0,0,0.0,0.42284646323617525,0.0,0.0,0.0,0.6318559321850048
2017-06-09,34.59656524658203,35.45302592751502,34.63902550189771,0.2155678637109317,0.08494941399982572,13288.734663963318,21000.0,341,0.4952943168294447,0.15882386138240778,1.0,0.4952943168294447,384,2,2,2,69.19313049316406,0.42431038851035136,0.12078809333285889,1.0,1.0,1.0
2017-06-12,33.76985168457031,35.292723618663146,34.145119483943986,0.22124267892159816,0.08479100624407111,13219.541533470154,21000.0,343,0.5376854018890909,0.2294756698151514,1.0,0.5376854018890909,391,3,3,3,101.30955505371094,0.4235521808951686,0.21574871219169997,1.0,1.0,1.0
2017-06-13,34.041561126708984,35.173565286096085,33.872331508681505,0.22497608740784927,0.08463175332992759,13118.231978416443,21000.0,346,0.3116257386577458,0.0,0.0,0.0,385,0,0,0,0.0,0.4204736386195598,0.1609168917309864,0.0,1.0,1.0
2017-06-14,33.7094841003418,35.034128982690916,33.551016017860235,0.22619086730657914,0.08471077168719691,13118.231978416443,21000.0,346,0.3253197447602695,0.0,0.0,0.0,389,0,0,0,0.0,0.42277101771375913,0.18905063730906194,0.0,1.0,1.0
2017-06-15,33.507450103759766,34.888730994221284,33.200713348007625,0.19651087760474786,0.04857794756513429,13118.231978416443,21000.0,346,0.3304048038270836,0.0,0.0,0.0,391,0,0,0,0.0,0.4251666226666398,0.19795516361576798,0.0,1.0,1.0
2017-06-16,33.038352966308594,34.71250451537246,32.75215174214312,0.1898867167773137,0.04812088362699804,13118.231978416443,21000.0,346,0.35114696424165837,0.0,0.0,0.0,397,0,0,0,0.0,0.4280701636991014,0.2411453123934727,0.0,1.0,1.0
2017-06-19,33.98350524902344,34.64307601381541,32.62364156774675,0.2204897106449646,0.0507103811353833,13118.231978416443,21000.0,346,0.28598416698411977,0.0,0.0,0.0,386,0,0,0,0.0,0.42921408091523183,0.09519517904947879,0.0,1.0,1.0
2017-06-20,33.67464828491211,34.55084480153891,32.46444113639665,0.2195548494501897,0.05646616165086147,13118.231978416443,21000.0,346,0.3008893244141272,0.0,0.0,0.0,389,0,0,0,0.0,0.4307336999365495,0.1267981320948442,0.0,1.0,1.0
2017-06-21,33.874359130859375,34.48641759480753,32.37467704260908,0.22174145957840846,0.0565846228670052,13118.231978416443,21000.0,346,0.28424042420678375,0.0,0.0,0.0,387,0,0,0,0.0,0.4317952148665046,0.08873906114857043,0.0,1.0,1.0
2017-06-22,33.818626403808594,34.422818433760014,32.288412548389225,0.22175741809740113,0.05636703258350977,13118.231978416443,21000.0,346,0.2842715668825926,0.0,0.0,0.0,387,0,0,0,0.0,0.4328430867580493,0.08776039520326753,0.0,1.0,1.0
2017-06-23,33.96957015991211,34.37965193148879,32.262381967893354,0.22214362163308685,0.05468441894855524,13118.231978416443,21000.0,346,0.2719375218111789,0.0,0.0,0.0,386,0,0,0,0.0,0.4335543062716609,0.059640186642069895,0.0,1.0,1.0
2017-06-26,33.86273956298828,34.33042218210779,32.23191541184629,0.22213916615049825,0.054684200705976196,13118.231978416443,21000.0,346,0.27611614391273276,0.0,0.0,0.0,387,0,0,0,0.0,0.4343654249995574,0.06811489480651549,0.0,1.0,1.0
2017-06-27,33.37739181518555,34.239657385258056,32.13446562777162,0.22571265418268363,0.06238986710389697,13118.231978416443,21000.0,346,0.30279969137009977,0.0,0.0,0.0,393,0,0,0,0.0,0.43586088308098636,0.12591620885256857,0.0,1.0,1.0
2017-06-28,33.86506271362305,34.2039817022452,32.132403369989795,0.23409029812558377,0.06947652591434345,13118.231978416443,21000.0,346,0.26869661333656814,0.0,0.0,0.0,387,0,0,0,0.0,0.4364486824296743,0.04954379165158822,0.0,1.0,1.0
2017-06-29,33.365787506103516,34.12415368356504,32.07550692563956,0.23738206734348205,0.07164923989249489,13118.231978416443,21000.0,346,0.2969971804873097,0.0,0.0,0.0,393,0,0,0,0.0,0.43776394407078556,0.11111867923434704,0.0,1.0,1.0
2017-06-30,33.44473648071289,34.05944728329341,32.15976617876427,0.22888538868573916,0.07048093446722148,13118.231978416443,21000.0,346,0.28808191619935863,0.0,0.0,0.0,392,0,0,0,0.0,0.4388300590466896,0.09024086584077387,0.0,1.0,1.0
2017-07-03,33.3239860534668,33.98940335664325,32.20496545412814,0.22776165535924237,0.07099104200015481,13618.231978416443,21500.0,346,0.2979021806715827,0.0,0.0,0.0,408,0,0,0,0.0,0.45300774133029925,0.09788599349544011,0.0,1.0,1.0
2017-07-05,33.46099853515625,33.9390790879302,32.35488267698824,0.2280659689268003,0.07048916553704457,13618.231978416443,21500.0,346,0.2859123984593793,0.0,0.0,0.0,406,0,0,0,0.0,0.4538176109570302,0.07043216339714614,0.0,1.0,1.0
2017-07-06,33.145179748535156,33.863469627035435,32.6045823085948,0.22625842450652128,0.07773558315709918,13618.231978416443,21500.0,346,0.30249101373767906,0.0,0.0,0.0,410,0,0,0,0.0,0.4550343957695692,0.10605674586971754,0.0,1.0,1.0
2017-07-07,33.48189926147461,33.82712959222012,33.106989977213246,0.23186226578355065,0.08147043964125573,13618.231978416443,21500.0,346,0.27799152538808103,0.0,0.0,0.0,406,0,0,0,0.0,0.45561921679496925,0.051028617400766335,0.0,1.0,1.0
2017-07-10,33.68626022338867,33.813713461855215,33.24143626499513,0.1927430862082518,0.08151896013300756,13618.231978416443,21500.0,346,0.26657369505622575,0.0,0.0,0.0,404,0,0,0,0.0,0.45583512289293465,0.01884638293429701,0.0,1.0,0.970329825660285
2017-07-11,33.79539489746094,33.81196883667481,33.238172216550126,0.1735975357314946,0.0814931516459494,13618.231978416443,21500.0,346,0.27872383448663196,0.0,0.0,0.0,402,0,0,0,0.0,0.4558631991865356,0.0024508982742071435,0.0,1.0,0.7751750937070228
2017-07-12,33.84416580200195,33.815035214325015,33.26538972113586,0.17115117303550387,0.08413587955470489,13618.231978416443,21500.0,346,0.13559761860400632,0.0,0.0,0.0,402,0,0,0,0.0,0.45581385189969975,0.0,0.0,0.0,0.6951861475085857
2017-07-13,34.31556701660156,33.86270490977992,33.22978514971528,0.17429824094745555,0.08426920635114042,13618.231978416443,21500.0,346,0.13240848839175356,0.0,0.0,0.0,396,0,0,0,0.0,0.4550467023821464,0.0,0.0,0.0,0.723625276802123
2017-07-14,34.61049270629883,33.93392279516267,33.17133635701852,0.17428434702447354,0.08516521299280799,13618.231978416443,21500.0,346,0.13371972610184674,0.0,0.0,0.0,393,0,0,0,0.0,0.4539005912964519,0.0,0.0,0.0,0.7053553998155664
2017-07-17,34.73125076293945,34.009858792093794,33.18204170531147,0.16418226041076778,0.08518817357259859,13618.231978416443,21500.0,346,0.1430979016337446,0.0,0.0,0.0,392,0,0,0,0.0,0.4526785515318859,0.0,0.0,0.0,0.6060744655560404
2017-07-18,34.85201644897461,34.0900642832253,33.13613300186551,0.13245424238953388,0.08006161623750803,13618.231978416443,21500.0,346,0.16525752761834553,0.0,0.0,0.0,390,0,0,0,0.0,0.45138780269786255,0.0,0.0,0.0,0.37866983595692627
2017-07-19,35.070308685302734,34.18342089294696,33.08287516448052,0.12761260283291956,0.07778727751548521,13618.231978416443,21500.0,346,0.1657373447455946,0.0,0.0,0.0,388,0,0,0,0.0,0.449885412606528,0.0,0.0,0.0,0.36711090927343015
2017-07-20,34.912391662597656,34.25284668053274,33.062143654652516,0.12878763055950831,0.07770385173573764,13618.231978416443,21500.0,346,0.16382763867795966,0.0,0.0,0.0,390,0,0,0,0.0,0.44876814179235686,0.0,0.0,0.0,0.3811802512860094
2017-07-21,34.8961296081543,34.3141117212586,33.052416384548344,0.1284681809329605,0.07768589506753482,13618.231978416443,21500.0,346,0.1636947128509048,0.0,0.0,0.0,390,0,0,0,0.0,0.4477822020671872,0.0,0.0,0.0,0.3780727807932942
2017-07-24,35.31877136230469,34.409793591834415,33.017552462424774,0.13349857982496097,0.07789743090780375,13618.231978416443,21500.0,346,0.15799458893873514,0.0,0.0,0.0,385,0,0,0,0.0,0.4462423914988508,0.0,0.0,0.0,0.42814487235747745
2017-07-25,35.469722747802734,34.51073922573616,32.988927097407604,0.13231110041624708,0.07829534738544891,13618.231978416443,21500.0,346,0.15925326243762383,0.0,0.0,0.0,383,0,0,0,0.0,0.4446178710648972,0.0,0.0,0.0,0.40824779541579903
2017-07-26,35.63692855834961,34.617995352651725,33.00445521929191,0.11681797012489029,0.07103755883490397,13618.231978416443,21500.0,346,0.16226350717825788,0.0,0.0,0.0,382,0,0,0,0.0,0.4428917957201164,0.0,0.0,0.0,0.3703780089579449
2017-07-27,34.963478088378906,34.65089847034003,33.01947740985615,0.1332132384103608,0.06541247324160733,13618.231978416443,21500.0,346,0.12935375648087474,0.0,0.0,0.0,389,0,0,0,0.0,0.44236228508196973,0.0,0.0,0.0,0.6970927180601163
2017-07-28,34.71732711791992,34.65722500820478,33.08052775080594,0.1230760686826941,0.0561170231006552,13618.231978416443,21500.0,346,0.11625022849424291,0.0,0.0,0.0,392,0,0,0,0.0,0.44226047196098345,0.0,0.0,0.0,0.8276698388819963
2017-07-31,34.53850555419922,34.645918393537585,33.131736688857856,0.12565768528326696,0.056446712091382335,13618.231978416443,21500.0,346,0.27056399142867726,0.0,0.0,0.0,394,0,0,0,0.0,0.4424424295737672,0.015501514221427225,0.0,1.0,0.855107832791602
2017-08-01,34.84505081176758,34.66488338574997,33.23601654856442,0.12655095165540112,0.0564925666559997,14118.231978416443,22000.0,346,0.11798928517822324,0.0,0.0,0.0,405,0,0,0,0.0,0.45481592493320505,0.0,0.0,0.0,0.8667788104171903
2017-08-02,36.491512298583984,34.83884804411511,33.24697121748262,0.2039056873061838,0.05648683879556152,14118.231978416443,22000.0,346,0.10343597088778536,0.0,0.0,0.0,386,0,0,0,0.0,0.4520799353061897,0.0,0.0,0.0,1.0
2017-08-03,36.126922607421875,34.96152181204909,33.411445373221056,0.20441273460866813,0.04335403483929476,14118.231978416443,22000.0,346,0.10256777517563437,0.0,0.0,0.0,390,0,0,0,0.0,0.4501506115014097,0.0,0.0,0.0,1.0
2017-08-04,36.317325592041016,35.09064598157213,33.535370976775646,0.2033176914572284,0.039028278755340186,14118.231978416443,22000.0,346,0.10165392821223726,0.0,0.0,0.0,388,0,0,0,0.0,0.44811984047163833,0.0,0.0,0.0,1.0
2017-08-07,36.87931442260742,35.26099535690882,33.602805635511004,0.20719624644115306,0.03908017047886783,14118.231978416443,22000.0,346,0.10044831922405895,0.0,0.0,0.0,382,0,0,0,0.0,0.44544070938679764,0.0,0.0,0.0,1.0
2017-08-08,37.17424011230469,35.443209143137,33.66747547671951,0.20746453403260362,0.040521597535578414,14118.231978416443,22000.0,346,0.09915874256425317,0.0,0.0,0.0,379,0,0,0,0.0,0.4425749834761182,0.0,0.0,0.0,1.0
2017-08-09,37.401817321777344,35.62974325538846,33.75212733199763,0.20710821863368867,0.033206067117876055,14118.231978416443,22000.0,346,0.09783858977890983,0.0,0.0,0.0,377,0,0,0,0.0,0.4396413106197996,0.0,0.0,0.0,1.0
2017-08-10,36.210514068603516,35.68505476140895,33.86084553823021,0.24200690426566107,0.06268892660301731,14118.231978416443,22000.0,346,0.09744713516584666,0.0,0.0,0.0,389,0,0,0,0.0,0.43877141147965926,0.0,0.0,0.0,1.0
2017-08-11,36.71405792236328,35.78305506245222,33.94638952558263,0.24441589506493808,0.06030806575182079,14118.231978416443,22000.0,346,0.09675356030800861,0.0,0.0,0.0,384,0,0,0,0.0,0.4372301340177969,0.0,0.0,0.0,1.0
2017-08-14,37.2666130065918,35.924346295227416,34.010218318241364,0.24809859627246933,0.07073615451292055,14118.231978416443,22000.0,346,0.09575360371968597,0.0,0.0,0.0,378,0,0,0,0.0,0.4350080082659688,0.0,0.0,0.0,1.0
2017-08-15,37.67458724975586,36.09103590994442,34.055760852692586,0.24944524918078848,0.07075025441328749,14118.231978416443,22000.0,346,0.09457389585552975,0.0,0.0,0.0,374,0,0,0,0.0,0.43238643523451054,0.0,0.0,0.0,1.0
2017-08-16,37.52305603027344,36.22741877854718,34.11640318763048,0.25088490824831094,0.06818100607549155,14118.231978416443,22000.0,346,0.09360867709910017,0.0,0.0,0.0,376,0,0,0,0.0,0.43024150466466704,0.0,0.0,0.0,1.0
2017-08-17,36.80266189575195,36.28220383732859,34.21762873766194,0.262269995201539,0.08723924192384003,14118.231978416443,22000.0,346,0.09322094829672448,0.0,0.0,0.0,383,0,0,0,0.0,0.4293798851038322,0.0,0.0,0.0,1.0
2017-08-18,36.71873474121094,36.32377820912691,34.332341675305976,0.2626456612067283,0.08728247500110854,14118.231978416443,22000.0,346,0.09292671512904277,0.0,0.0,0.0,384,0,0,0,0.0,0.42872603362009504,0.0,0.0,0.0,1.0
2017-08-21,36.65113067626953,36.35495463456906,34.404492885931155,0.260661171976439,0.08759933318868468,14118.231978416443,22000.0,346,0.09270607106352713,0.0,0.0,0.0,385,0,0,0,0.0,0.42823571347450473,0.0,0.0,0.0,1.0
2017-08-22,37.25028610229492,36.440224298162,34.487973081051926,0.2655475640421128,0.09483353543296211,14118.231978416443,22000.0,346,0.09210259439891713,0.0,0.0,0.0,379,0,0,0,0.0,0.42689465421981587,0.0,0.0,0.0,1.0
2017-08-23,37.29691696166992,36.52181407563894,34.56416069838,0.2654636134396718,0.09535972697659083,14118.231978416443,22000.0,346,0.09152516129195529,0.0,0.0,0.0,378,0,0,0,0.0,0.4256114695376784,0.0,0.0,0.0,1.0
2017-08-24,37.13138198852539,36.57986816258051,34.73874753607167,0.2548181955137133,0.09548636333102964,14118.231978416443,22000.0,346,0.09111429668573703,0.0,0.0,0.0,380,0,0,0,0.0,0.4246984370794156,0.0,0.0,0.0,1.0
2017-08-25,37.268924713134766,36.64549259596663,35.00732551930148,0.25196656181962407,0.09582683121754886,14118.231978416443,22000.0,346,0.09064985467309072,0.0,0.0,0.0,378,0,0,0,0.0,0.4236663437179794,0.0,0.0,0.0,1.0
2017-08-28,37.644287109375,36.7406158829579,35.411087334732834,0.2506882556312987,0.09589787855103742,14118.231978416443,22000.0,346,0.08997664122833887,0.0,0.0,0.0,375,0,0,0,0.0,0.42217031384075304,0.0,0.0,0.0,1.0
2017-08-29,37.97999572753906,36.858652058632295,35.82858411993282,0.2506982803234988,0.0954081353504387,14118.231978416443,22000.0,346,0.08914126702140693,0.0,0.0,0.0,371,0,0,0,0.0,0.4203139267142376,0.0,0.0,0.0,1.0
2017-08-30,38.082576751708984,36.975216315115794,35.87561238987782,0.19302476944547262,0.09713688438157644,14118.231978416443,22000.0,346,0.12272115469559741,0.0,0.0,0.0,370,0,0,0,0.0,0.4184806888622698,0.0,0.0,0.0,0.6559515529242399
2017-08-31,38.234100341796875,37.09511003194256,35.986640190920426,0.18760954731105162,0.09922761843532009,14118.231978416443,22000.0,346,0.12990954922872797,0.0,0.0,0.0,369,0,0,0,0.0,0.4165950876794488,0.0,0.0,0.0,0.5755824022702398
2017-09-01,38.24578094482422,37.20469773793129,36.08812075533396,0.18760721015777942,0.09925165928198315,14618.231978416443,22500.0,346,0.13502537767017644,0.0,0.0,0.0,382,0,0,0,0.0,0.4278744258967011,0.0,0.0,0.0,0.5751811398333906
2017-09-05,37.786495208740234,37.260107020865476,36.14307234742839,0.1880676771192095,0.10255810287959341,14618.231978416443,22500.0,346,0.13934613261159629,0.0,0.0,0.0,386,0,0,0,0.0,0.42702235425691315,0.0,0.0,0.0,0.5281392680401464
2017-09-06,37.746856689453125,37.30646413215954,36.17940278082496,0.18651925279809878,0.10303405250528389,14618.231978416443,22500.0,346,0.14098359778803618,0.0,0.0,0.0,387,0,0,0,0.0,0.42630948490101334,0.0,0.0,0.0,0.5085567041741981
2017-09-07,37.5953254699707,37.3339747357606,36.202865276848286,0.18617551633347357,0.10303152817687626,14618.231978416443,22500.0,346,0.14106754719979403,0.0,0.0,0.0,388,0,0,0,0.0,0.4258864329523037,0.0,0.0,0.0,0.5058134762874265
2017-09-08,36.982173919677734,37.300469896133656,36.293057460505125,0.15633230837175144,0.08837192276719301,14618.231978416443,22500.0,346,0.31366175774358823,0.0,0.0,0.0,395,0,0,0,0.0,0.4264016629305669,0.042666483470884385,0.0,1.0,0.47418908137064886
2017-09-11,37.65127944946289,37.33388032978406,36.380931262981136,0.1615014463946637,0.09571652994832928,14618.231978416443,22500.0,346,0.15104213293592667,0.0,0.0,0.0,388,0,0,0,0.0,0.42588788470643185,0.0,0.0,0.0,0.40607415181967665
2017-09-12,37.50206756591797,37.34989816179681,36.402071137191065,0.1539737687865258,0.09008630836700719,14618.231978416443,22500.0,346,0.14910698971875133,0.0,0.0,0.0,389,0,0,0,0.0,0.42564156604525794,0.0,0.0,0.0,0.42431715001614734
2017-09-13,37.219966888427734,37.33752375480928,36.386693519154115,0.15105911994253668,0.08998728718286211,14618.231978416443,22500.0,346,0.30881912554059315,0.0,0.0,0.0,392,0,0,0,0.0,0.4258318569260439,0.015742456188783314,0.0,1.0,0.3988931536107909
2017-09-14,36.90058898925781,37.29591091999486,36.31278394537952,0.15329352980695152,0.09016287978752713,14618.231978416443,22500.0,346,0.32407936724768793,0.0,0.0,0.0,396,0,0,0,0.0,0.42647176985252344,0.05299802592100114,0.0,1.0,0.41682040850398194
2017-09-15,37.27359390258789,37.293785489765625,36.3527257332495,0.14146158252237773,0.06748827475662436,14618.231978416443,22500.0,346,0.26847092731876754,0.0,0.0,0.0,392,0,0,0,0.0,0.4265044542462708,0.0027070981012742184,0.0,1.0,0.7467427123762769
2017-09-18,36.99149703979492,37.26499611357794,36.36191441029871,0.14414590836255045,0.06637565771770304,14618.231978416443,22500.0,346,0.27766730312422794,0.0,0.0,0.0,395,0,0,0,0.0,0.4269471708756458,0.03669651178138309,0.0,1.0,0.8097235407143508
2017-09-19,37.005489349365234,37.240281183652925,36.39279697289279,0.14390143796506172,0.06638048723051274,14618.231978416443,22500.0,346,0.2758307305097567,0.0,0.0,0.0,395,0,0,0,0.0,0.4273272315758262,0.03152390728869625,0.0,1.0,0.8065228197927841
2017-09-20,36.385345458984375,37.15885873368449,36.18163581281266,0.14358941976848064,0.05863093071455356,14618.231978416443,22500.0,346,0.2896975738122156,0.0,0.0,0.0,401,0,0,0,0.0,0.42857932791756304,0.10408194722069397,0.0,1.0,1.0
2017-09-21,35.76054763793945,37.02568624837544,35.79132743627596,0.15403952730228376,0.05822462131073646,14618.231978416443,22500.0,346,0.5206629834827361,0.2011049724712268,1.0,0.5206629834827361,408,3,3,3,107.28164291381836,0.4306272248027599,0.17084607182554243,1.0,1.0,1.0
2017-09-22,35.41084671020508,36.87189200664493,35.35923581106029,0.15628505099792286,0.05701376636625645,14510.950335502625,22500.0,349,0.3317902348342362,0.0,0.0,0.0,409,0,0,0,0.0,0.42807598620804094,0.1981245356458172,0.0,1.0,1.0
2017-09-25,35.098453521728516,36.70299310331956,34.90201152901523,0.15620254350992224,0.058325429770386225,14510.950335502625,22500.0,349,0.3421760413311452,0.0,0.0,0.0,413,0,0,0,0.0,0.4306957958640656,0.2185842959829236,0.0,1.0,1.0
2017-09-26,35.7022705078125,36.60768618946174,34.706639972699655,0.16584174364979076,0.05840107927064039,14510.950335502625,22500.0,349,0.30012746389703937,0.0,0.0,0.0,406,0,0,0,0.0,0.43217411199457123,0.12366469666551613,0.0,1.0,1.0
2017-09-27,35.95638656616211,36.54565765390939,34.63143942305106,0.1643003943167799,0.05935883702076507,14510.950335502625,22500.0,349,0.28119085775041996,0.0,0.0,0.0,403,0,0,0,0.0,0.43313624350158325,0.08062121816601678,0.0,1.0,1.0
2017-09-28,35.73490524291992,36.46844313857706,34.551864020263466,0.16345766781555068,0.05800098532432954,14510.950335502625,22500.0,349,0.2907074844535955,0.0,0.0,0.0,406,0,0,0,0.0,0.43433392642829366,0.10057159457969633,0.0,1.0,1.0
2017-09-29,35.93073654174805,36.41723298649811,34.573068858524614,0.1644072759775669,0.05626941775218588,14510.950335502625,22500.0,349,0.2758653790659782,0.0,0.0,0.0,403,0,0,0,0.0,0.4351282527872071,0.06679481180385546,0.0,1.0,1.0
2017-10-02,35.858455657958984,36.36401609806581,34.62296420482261,0.16398504084908347,0.05711839699032849,15010.950335502625,23000.0,349,0.28297823738859296,0.0,0.0,0.0,418,0,0,0,0.0,0.4482155818163057,0.0695138346027898,0.0,1.0,1.0
2017-10-03,36.01468276977539,36.330746257276246,34.65970795165879,0.16256486187047808,0.04725868494135021,15010.950335502625,23000.0,349,0.27149831962934323,0.0,0.0,0.0,416,0,0,0,0.0,0.448720415487417,0.04349807257779007,0.0,1.0,1.0
2017-10-04,35.78154373168945,36.278441254839414,34.677523800505945,0.16312904577354082,0.04689156893460889,15010.950335502625,23000.0,349,0.2830990752260062,0.0,0.0,0.0,419,0,0,0,0.0,0.4495140870461323,0.06848385790054816,0.0,1.0,1.0
2017-10-05,36.22682189941406,36.273525125751284,34.76670014566109,0.17150931231425104,0.04873405907587605,15010.950335502625,23000.0,349,0.2552118487028985,0.0,0.0,0.0,414,0,0,0,0.0,0.4495886839614262,0.006437646489459368,0.0,1.0,1.0
2017-10-06,36.205841064453125,36.26707902467527,34.786959874058695,0.16271964388341884,0.04839031238488688,15010.950335502625,23000.0,349,0.2561581103139252,0.0,0.0,0.0,414,0,0,0,0.0,0.44968649653862314,0.008442637492321744,0.0,1.0,1.0
2017-10-09,36.33174133300781,36.27323733975456,34.92965738391169,0.1475231451247261,0.036206388744306706,15010.950335502625,23000.0,349,0.10231687286050203,0.0,0.0,0.0,413,0,0,0,0.0,0.4495930508011156,0.0,0.0,0.0,1.0
2017-10-10,36.345706939697266,36.28013920641577,35.0676513409499,0.1474618268644402,0.03553590230140326,15010.950335502625,23000.0,349,0.10226974511445233,0.0,0.0,0.0,413,0,0,0,0.0,0.44948832247656073,0.0,0.0,0.0,1.0
2017-10-11,36.49726104736328,36.300817476982196,35.1755286567115,0.14699335216920176,0.03560538045972877,15010.950335502625,23000.0,349,0.1021285484886933,0.0,0.0,0.0,411,0,0,0,0.0,0.44917455219709623,0.0,0.0,0.0,1.0
2017-10-12,36.36903381347656,36.307314270934036,35.23055417194423,0.14458008725196278,0.036148621740248646,15010.950335502625,23000.0,349,0.10208418668477431,0.0,0.0,0.0,412,0,0,0,0.0,0.4490759704106096,0.0,0.0,0.0,1.0
2017-10-13,36.59984588623047,36.33517442477179,35.3709291023832,0.1414374669913423,0.036046155929727555,15010.950335502625,23000.0,349,0.10189395028650389,0.0,0.0,0.0,410,0,0,0,0.0,0.4486532228588975,0.0,0.0,0.0,1.0
2017-10-16,37.27359390258789,36.424547708373325,35.3996853407429,0.15457702185499575,0.03610526588725332,15010.950335502625,23000.0,349,0.10128368619130304,0.0,0.0,0.0,402,0,0,0,0.0,0.44729708042511784,0.0,0.0,0.0,1.0
2017-10-17,37.411155700683594,36.51851037430764,35.40777226614969,0.15501030684130643,0.03613146910986473,15010.950335502625,23000.0,349,0.10064208459630372,0.0,0.0,0.0,401,0,0,0,0.0,0.4458712991028972,0.0,0.0,0.0,1.0
2017-10-18,37.2456169128418,36.5877586160728,35.37577770260082,0.14236933138894273,0.03611728064421436,15010.950335502625,23000.0,349,0.10016923953677248,0.0,0.0,0.0,403,0,0,0,0.0,0.44482053230393886,0.0,0.0,0.0,1.0
2017-10-19,36.36437225341797,36.56648372439138,35.369320359642,0.1547995848113068,0.0328848155310221,15010.950335502625,23000.0,349,0.2627507840164367,0.0,0.0,0.0,412,0,0,0,0.0,0.4451433556603221,0.027636164376203975,0.0,1.0,1.0
2017-10-20,36.427310943603516,36.55322917384016,35.41550945641035,0.14958921660382954,0.03557406734901528,15010.950335502625,23000.0,349,0.25815579504026265,0.0,0.0,0.0,412,0,0,0,0.0,0.4453444790578167,0.017223954364989153,0.0,1.0,1.0
2017-10-23,36.408660888671875,36.53946076572889,35.54341787735593,0.1448479504022111,0.038395418089456027,15010.950335502625,23000.0,349,0.2585533283403538,0.0,0.0,0.0,412,0,0,0,0.0,0.44555339968524427,0.01789844107109744,0.0,1.0,1.0
2017-10-24,36.625492095947266,36.54765422574969,35.590113331707514,0.13416833335217063,0.038102151839422026,15010.950335502625,23000.0,349,0.10044308277591354,0.0,0.0,0.0,409,0,0,0,0.0,0.4454290728353634,0.0,0.0,0.0,1.0
2017-10-25,36.464622497558594,36.539746442112445,35.60283850330296,0.13378200747571975,0.04242767191006388,15010.950335502625,23000.0,349,0.2551229699402029,0.0,0.0,0.0,411,0,0,0,0.0,0.4455490648566416,0.010279757232698047,0.0,1.0,1.0
2017-10-26,36.697750091552734,36.55479440872581,35.6653025405446,0.1326158741562591,0.04243270438697079,15010.950335502625,23000.0,349,0.10039432774389614,0.0,0.0,0.0,409,0,0,0,0.0,0.4453207283197692,0.0,0.0,0.0,1.0
2017-10-27,38.01262664794922,36.693635574366134,35.59848570973071,0.1802971793644544,0.04852557636330339,15010.950335502625,23000.0,349,0.09944628404546951,0.0,0.0,0.0,394,0,0,0,0.0,0.4432139645454878,0.0,0.0,0.0,1.0
2017-10-30,38.86824417114258,36.90074115501151,35.44318664878889,0.19209492327275948,0.04985491145893079,15010.950335502625,23000.0,349,0.09803211311328011,0.0,0.0,0.0,386,0,0,0,0.0,0.4400713624739558,0.0,0.0,0.0,1.0
2017-10-31,39.40910720825195,37.13963316008203,35.2856844750838,0.19523058556060763,0.0496216890143506,15010.950335502625,23000.0,349,0.0964008961830051,0.0,0.0,0.0,380,0,0,0,0.0,0.43644643596223354,0.0,0.0,0.0,1.0
2017-11-01,38.90787124633789,37.30803678734449,35.32103550115541,0.20109310710764136,0.04967794351179272,15510.950335502625,23500.0,349,0.10067118393819352,0.0,0.0,0.0,398,0,0,0,0.0,0.4459359643070967,0.0,0.0,0.0,1.0
2017-11-02,39.192283630371094,37.48748886763274,35.31992795719072,0.19914226771720278,0.04630521932245426,15510.950335502625,23500.0,349,0.0994719095037565,0.0,0.0,0.0,395,0,0,0,0.0,0.4432709100083478,0.0,0.0,0.0,1.0
2017-11-03,40.215755462646484,37.747323781443576,35.24441753806875,0.2130301217236154,0.04673560517672616,15510.950335502625,23500.0,349,0.09773543830316112,0.0,0.0,0.0,385,0,0,0,0.0,0.4394120851181358,0.0,0.0,0.0,1.0
2017-11-06,40.62374496459961,38.02126865602987,35.18431975488935,0.21356655505840957,0.045767602771258756,15510.950335502625,23500.0,349,0.09590467053491528,0.0,0.0,0.0,381,0,0,0,0.0,0.4353437122998117,0.0,0.0,0.0,1.0
2017-11-07,40.75429916381836,38.281557275819246,35.181421354124964,0.21287035878286875,0.04560602020101345,15510.950335502625,23500.0,349,0.09416516722691862,0.0,0.0,0.0,380,0,0,0,0.0,0.4314781493931525,0.0,0.0,0.0,1.0
2017-11-08,41.08768081665039,38.54880713685078,35.19147747984427,0.2129326393108954,0.04551694443565134,15510.950335502625,23500.0,349,0.09237914209181208,0.0,0.0,0.0,377,0,0,0,0.0,0.4275092046484713,0.0,0.0,0.0,1.0
2017-11-09,41.003761291503906,38.782612294436795,35.27669576863327,0.2121211199144647,0.04754963382145723,15510.950335502625,23500.0,349,0.09081662719824263,0.0,0.0,0.0,378,0,0,0,0.0,0.4240369493294281,0.0,0.0,0.0,1.0
2017-11-10,40.8680534362793,38.98122573651703,35.38733437512831,0.21472531123473765,0.047858635433214704,15510.950335502625,23500.0,349,0.08948929779063833,0.0,0.0,0.0,379,0,0,0,0.0,0.4210873284236407,0.0,0.0,0.0,1.0
2017-11-13,40.70426940917969,39.145325133913474,35.46994877711148,0.211735819997862,0.047685130034551035,15510.950335502625,23500.0,349,0.08839262500931441,0.0,0.0,0.0,381,0,0,0,0.0,0.41865027779847647,0.0,0.0,0.0,1.0
2017-11-14,40.08892822265625,39.23519209474612,35.55698480274217,0.2229147188388233,0.04873310693862947,15510.950335502625,23500.0,349,0.08779204602213284,0.0,0.0,0.0,386,0,0,0,0.0,0.41731565782696184,0.0,0.0,0.0,1.0
2017-11-15,39.56013870239258,39.266139390712446,35.64850902927976,0.22916082424194195,0.053013260742996636,15510.950335502625,23500.0,349,0.08758522590164297,0.0,0.0,0.0,392,0,0,0,0.0,0.4168560575592066,0.0,0.0,0.0,1.0
2017-11-16,40.032772064208984,39.33915202628354,35.89819738884001,0.20784061831629522,0.060366349653460404,15510.950335502625,23500.0,349,0.0870972840115817,0.0,0.0,0.0,387,0,0,0,0.0,0.4157717422479593,0.0,0.0,0.0,1.0
2017-11-17,39.81049346923828,39.384041687517325,36.17072025001695,0.21089788608611015,0.058684683755445895,15510.950335502625,23500.0,349,0.0867972873606555,0.0,0.0,0.0,389,0,0,0,0.0,0.4151050830236789,0.0,0.0,0.0,1.0
2017-11-20,39.77071762084961,39.420867966882305,36.498524624618376,0.21105948845033604,0.056808228264429904,15510.950335502625,23500.0,349,0.08655117811919719,0.0,0.0,0.0,390,0,0,0,0.0,0.41455817359821595,0.0,0.0,0.0,1.0
2017-11-21,40.51007080078125,39.524601570110775,36.88586525083585,0.2168924501117932,0.06082374319824584,15510.950335502625,23500.0,349,0.08585792865591926,0.0,0.0,0.0,382,0,0,0,0.0,0.41301761923537617,0.0,0.0,0.0,1.0
2017-11-22,40.93590545654297,39.6590114640567,37.42211577430964,0.2146444815567809,0.05785894244604427,15510.950335502625,23500.0,349,0.08495967019446365,0.0,0.0,0.0,378,0,0,0,0.0,0.41102148932103033,0.0,0.0,0.0,1.0
2017-11-24,40.938232421875,39.78084203146796,38.05836081622557,0.21562212351753146,0.0580139820732094,15510.950335502625,23500.0,349,0.08414547910459388,0.0,0.0,0.0,378,0,0,0,0.0,0.4092121757879864,0.0,0.0,0.0,1.0
2017-11-27,40.73234558105469,39.87146141714289,38.42358716667516,0.18636109325685893,0.05137924993356879,15510.950335502625,23500.0,349,0.0835398716782004,0.0,0.0,0.0,380,0,0,0,0.0,0.407866381507112,0.0,0.0,0.0,1.0
2017-11-28,40.49369812011719,39.93072205552139,38.621981491056566,0.1748882208557938,0.059503993462969,15510.950335502625,23500.0,349,0.08314383409278148,0.0,0.0,0.0,383,0,0,0,0.0,0.40698629798395886,0.0,0.0,0.0,1.0
2017-11-29,39.65373992919922,39.90434280539547,38.62572658517262,0.18672375906902922,0.05971716185339997,15510.950335502625,23500.0,349,0.2474503292360267,0.0,0.0,0.0,391,0,0,0,0.0,0.4073780579113609,0.031400451502031745,0.0,1.0,1.0
2017-11-30,40.20824432373047,39.93328580714166,38.83147717654216,0.18594420977778628,0.06497102690983537,15510.950335502625,23500.0,349,0.08312670059525118,0.0,0.0,0.0,385,0,0,0,0.0,0.4069482235450026,0.0,0.0,0.0,1.0
2017-12-01,40.02106857299805,39.94164607055655,38.96998265752327,0.1860155872430158,0.06594736037104,16010.950335502625,24000.0,349,0.08863185352579558,0.0,0.0,0.0,400,0,0,0,0.0,0.4191818967239902,0.0,0.0,0.0,1.0
2017-12-04,39.728599548339844,39.92135592558353,38.90669901394969,0.16281996437237292,0.06601167150478013,16010.950335502625,24000.0,349,0.2496285329272568,0.0,0.0,0.0,403,0,0,0,0.0,0.41947694924880613,0.02414201281176451,0.0,1.0,1.0
2017-12-05,39.69116973876953,39.89943343160125,38.84761576106768,0.15783240656118067,0.06809754125769978,16010.950335502625,24000.0,349,0.25750742864149634,0.0,0.0,0.0,403,0,0,0,0.0,0.4197957388487984,0.02609857771398476,0.0,1.0,0.931450138117561
2017-12-06,39.54377365112305,39.86556107155571,38.777910588440385,0.15722768253310637,0.06808441150384378,16010.950335502625,24000.0,349,0.26484922139296063,0.0,0.0,0.0,404,0,0,0,0.0,0.42028829941779405,0.04035907331833095,0.0,1.0,0.9244209633829557
2017-12-07,39.616294860839844,39.841821432439914,38.78878093677953,0.1536396456470635,0.06848971769305025,16010.950335502625,24000.0,349,0.2650837104733864,0.0,0.0,0.0,404,0,0,0,0.0,0.42063351333660287,0.028302743636168578,0.0,1.0,0.8693760516436073
2017-12-08,39.627986907958984,39.821456239632205,38.811848896779274,0.1538100982753724,0.06816050973020403,16010.950335502625,24000.0,349,0.26230089926641487,0.0,0.0,0.0,404,0,0,0,0.0,0.420929657182015,0.024292096515630548,0.0,1.0,0.8804888989752568
2017-12-11,40.40011215209961,39.87656632653386,38.918934803032485,0.17090013838651658,0.06797100125644887,16010.950335502625,24000.0,349,0.08905771910074403,0.0,0.0,0.0,396,0,0,0,0.0,0.4201282646683201,0.0,0.0,0.0,1.0
2017-12-12,40.17315673828125,39.904813032414566,38.988783397482855,0.1714305835921175,0.0679445528003744,16010.950335502625,24000.0,349,0.08887287971913718,0.0,0.0,0.0,398,0,0,0,0.0,0.41971751048697153,0.0,0.0,0.0,1.0
2017-12-13,40.3065185546875,39.943070701202466,39.02128769168621,0.1630095321441599,0.06687586838603511,16010.950335502625,24000.0,349,0.08862253109900639,0.0,0.0,0.0,397,0,0,0,0.0,0.4191611802200142,0.0,0.0,0.0,1.0
2017-12-14,40.29480743408203,39.97656943766719,39.08526549454429,0.15506619538931574,0.06498923835384836,16010.950335502625,24000.0,349,0.0895675891433776,0.0,0.0,0.0,397,0,0,0,0.0,0.4186740527605896,0.0,0.0,0.0,0.988357345988877
2017-12-15,40.70426940917969,40.045874196858854,39.119227651391896,0.15351079540762747,0.06607314332636016,16010.950335502625,24000.0,349,0.09433761611776632,0.0,0.0,0.0,393,0,0,0,0.0,0.4176662460540108,0.0,0.0,0.0,0.9361219460653853
2017-12-18,41.27750778198242,40.163172633537286,39.126634451504586,0.15835091028511958,0.06517717780946218,16010.950335502625,24000.0,349,0.08718223907929037,0.0,0.0,0.0,387,0,0,0,0.0,0.415960531287312,0.0,0.0,0.0,1.0
2017-12-19,40.837623596191406,40.22740605855196,39.18092874874395,0.16426257541450107,0.06786143711319437,16010.950335502625,24000.0,349,0.08676191160435057,0.0,0.0,0.0,392,0,0,0,0.0,0.41502647023189015,0.0,0.0,0.0,1.0
2017-12-20,40.793174743652344,40.281288790466284,39.21451693412049,0.15124555930375858,0.06619466098465122,16010.950335502625,24000.0,349,0.09600428348584285,0.0,0.0,0.0,392,0,0,0,0.0,0.4142429255053028,0.0,0.0,0.0,0.9040503299154341
2017-12-21,40.947601318359375,40.344747126456106,39.27649318860343,0.14710388825243445,0.06565523203532983,16010.950335502625,24000.0,349,0.09928148722755015,0.0,0.0,0.0,391,0,0,0,0.0,0.41332013553611746,0.0,0.0,0.0,0.8671257376370272
2017-12-22,40.947601318359375,40.402161811399274,39.3327209685232,0.14710401734571996,0.06606247860204821,16010.950335502625,24000.0,349,0.10005661918634373,0.0,0.0,0.0,391,0,0,0,0.0,0.4124852303259022,0.0,0.0,0.0,0.8556173446031226
2017-12-26,39.90876007080078,40.35517116943751,39.292427366368436,0.1720307372216068,0.06636562458992296,16010.950335502625,24000.0,349,0.2608154710510223,0.0,0.0,0.0,401,0,0,0,0.0,0.41316855257776286,0.05531027198006462,0.0,1.0,1.0
2017-12-27,39.91579055786133,40.31332539690645,39.246058496953125,0.1710848057152422,0.05859911285749395,16010.950335502625,24000.0,349,0.25838721366149353,0.0,0.0,0.0,401,0,0,0,0.0,0.4137770598533187,0.04930563717222241,0.0,1.0,1.0
2017-12-28,40.02809143066406,40.28616025726432,39.24872462520395,0.1539955232795915,0.05841105719220461,16010.950335502625,24000.0,349,0.2507906977655693,0.0,0.0,0.0,399,0,0,0,0.0,0.41417208625894797,0.03202946433120587,0.0,1.0,1.0
2017-12-29,39.59523391723633,40.220357748690226,39.142467586184125,0.1503425447778811,0.05632620719532681,16010.950335502625,24000.0,349,0.27177859862888976,0.0,0.0,0.0,404,0,0,0,0.0,0.4151289644044629,0.07771236588195876,0.0,1.0,1.0
2018-01-02,40.304168701171875,40.22833974416467,39.15390630551485,0.16329027102362823,0.06185707836119293,16510.950335502625,24500.0,349,0.09212813237465056,0.0,0.0,0.0,409,0,0,0,0.0,0.42695140527700126,0.0,0.0,0.0,1.0
2018-01-03,40.297149658203125,40.23489306931119,39.186789340484445,0.1607663476786383,0.06417090334453121,16510.950335502625,24500.0,349,0.09208612422304807,0.0,0.0,0.0,409,0,0,0,0.0,0.4268580538289957,0.0,0.0,0.0,1.0
2018-01-04,40.48433303833008,40.2586492568368,39.241695829809125,0.16120469281863736,0.061826072347322944,16510.950335502625,24500.0,349,0.09193384221280737,0.0,0.0,0.0,407,0,0,0,0.0,0.42651964936179415,0.0,0.0,0.0,1.0
2018-01-05,40.94527053833008,40.324041759836156,39.33375690062748,0.1641830701093968,0.06409749392835619,16510.950335502625,24500.0,349,0.09151466292317273,0.0,0.0,0.0,403,0,0,0,0.0,0.42558813982927274,0.0,0.0,0.0,1.0
2018-01-08,40.793174743652344,40.368721091628174,39.4284785831998,0.1653423325328055,0.06404515215248144,16510.950335502625,24500.0,349,0.09122825928815487,0.0,0.0,0.0,404,0,0,0,0.0,0.42495168730701083,0.0,0.0,0.0,1.0
2018-01-09,40.788490295410156,40.408699111035986,39.53580096510377,0.16538889290130734,0.06277630995080376,16510.950335502625,24500.0,349,0.09097199202497133,0.0,0.0,0.0,404,0,0,0,0.0,0.4243822044999363,0.0,0.0,0.0,1.0
2018-01-10,40.779144287109375,40.44397960399536,39.5626198772671,0.1511406483606686,0.0634144052650915,16510.950335502625,24500.0,349,0.09213080645661742,0.0,0.0,0.0,404,0,0,0,0.0,0.42387963747778035,0.0,0.0,0.0,0.9861503040838373
2018-01-11,41.010772705078125,40.49795989933657,39.60370331997812,0.15038379455940562,0.06623503672841663,16510.950335502625,24500.0,349,0.10119507250483988,0.0,0.0,0.0,402,0,0,0,0.0,0.42311069367883825,0.0,0.0,0.0,0.8920473965063733
2018-01-12,41.43426513671875,40.587131826706305,39.617903092845246,0.15378895775160675,0.06772655205973858,16510.950335502625,24500.0,349,0.10060040143830609,0.0,0.0,0.0,398,0,0,0,0.0,0.42184044867263265,0.0,0.0,0.0,0.8922780046437861
2018-01-16,41.22368621826172,40.64775605447348,39.65231707256615,0.1554299141271532,0.0670720572227614,16510.950335502625,24500.0,349,0.09632648897192776,0.0,0.0,0.0,400,0,0,0,0.0,0.4209768627342349,0.0,0.0,0.0,0.9311309925847795
2018-01-17,41.9045524597168,40.76745095021094,39.624623589744026,0.16180328737704286,0.06766900945857623,16510.950335502625,24500.0,349,0.08941408610972465,0.0,0.0,0.0,394,0,0,0,0.0,0.4192718211582197,0.0,0.0,0.0,0.9925823341147422
2018-01-18,41.941986083984375,40.879311439141745,39.63315379972303,0.15482602758541422,0.06804776624092737,16510.950335502625,24500.0,349,0.09835067879934627,0.0,0.0,0.0,393,0,0,0,0.0,0.41767837990773604,0.0,0.0,0.0,0.8960459215913494
2018-01-19,41.75480651855469,40.96269192289536,39.63706274236237,0.15021609620981283,0.06564635162671245,16510.950335502625,24500.0,349,0.0967322287499627,0.0,0.0,0.0,395,0,0,0,0.0,0.4164906334248784,0.0,0.0,0.0,0.9068855629123256
2018-01-22,41.413211822509766,41.0055985800015,39.65096351837908,0.15368982407604853,0.06748923071746764,16510.950335502625,24500.0,349,0.09737494409360441,0.0,0.0,0.0,398,0,0,0,0.0,0.41587943247263176,0.0,0.0,0.0,0.8977080051907989
2018-01-23,41.42257308959961,41.04531043805846,39.66491424983974,0.15329131658090772,0.06746227882219667,16510.950335502625,24500.0,349,0.09753682718571384,0.0,0.0,0.0,398,0,0,0,0.0,0.4153137411068408,0.0,0.0,0.0,0.893543563123645
2018-01-24,40.76276397705078,41.01840125129583,39.638432217720855,0.1641878216814812,0.0675286556026657,16510.950335502625,24500.0,349,0.2510862581941834,0.0,0.0,0.0,405,0,0,0,0.0,0.415697059726439,0.031161291816190713,0.0,1.0,1.0
2018-01-25,40.03510665893555,40.92475414726152,39.56159211965907,0.150482081816413,0.06651768237750212,16510.950335502625,24500.0,349,0.29805194966369786,0.0,0.0,0.0,412,0,0,0,0.0,0.4170310531675808,0.1086930767042251,0.0,1.0,0.8852390877861482
2018-01-26,40.12869644165039,40.8489391276795,39.51317299247971,0.1506728845537572,0.07313064371163136,16510.950335502625,24500.0,349,0.30612790392633393,0.0,0.0,0.0,411,0,0,0,0.0,0.4181110303853002,0.08815928900599879,0.0,1.0,0.7169373979975058
2018-01-29,39.29811096191406,40.70124120713041,39.23693349251213,0.16764664576381574,0.08147366866295892,16510.950335502625,24500.0,349,0.3451897588924605,0.0,0.0,0.0,420,0,0,0,0.0,0.4202149721923056,0.17236946633589798,0.0,1.0,0.7147323844523115
2018-01-30,39.06646728515625,40.54554845265668,38.97332783122143,0.1646581489247107,0.09106220769913478,16510.950335502625,24500.0,349,0.37149078182640594,0.0,0.0,0.0,422,0,0,0,0.0,0.4224327995927681,0.18239747937156311,0.0,1.0,0.5068284370754315
2018-01-31,39.17409133911133,40.41493348946189,38.69499343714392,0.1501981266073326,0.08891559252573471,16510.950335502625,24500.0,349,0.3692443465809496,0.0,0.0,0.0,421,0,0,0,0.0,0.4242933964154205,0.153512828454129,0.0,1.0,0.40768454610347615
2018-02-01,39.255977630615234,40.3045567410003,38.469878633410104,0.15065330266662255,0.08816130474309641,17010.950335502625,25000.0,349,0.3629405681637502,0.0,0.0,0.0,433,0,0,0,0.0,0.43734838789563585,0.13008195538823322,0.0,1.0,0.424030863139909
2018-02-02,37.55264663696289,40.0424700644253,37.73430847921826,0.2103306501795707,0.12012164669075877,17010.950335502625,25000.0,349,0.6424421933551246,0.40407032225854106,1.0,0.6424421933551246,452,3,3,3,112.65793991088867,0.4410071179006228,0.3108978321587647,1.0,1.0,0.459150341715997
2018-02-05,36.61442565917969,39.71598964487811,36.82991544436755,0.2153690708250994,0.1882488464263673,16898.292395591736,25000.0,352,0.7240700543025128,0.5401167571708547,1.0,0.7240700543025129,461,3,3,3,109.84327697753906,0.4407988658001163,0.390467921538801,1.0,1.0,0.0
2018-02-06,38.14460372924805,39.56633384338953,36.53281784507817,0.2731549686458524,0.19993148426643564,16788.449118614197,25000.0,355,0.41416640688323053,0.023610678138717516,1.0,0.41416640688323053,440,2,2,2,76.2892074584961,0.43815805942386865,0.17966412048295133,0.0,1.0,0.13853574074838493
2018-02-07,37.32803726196289,39.35316274039652,36.07927729973592,0.28031736486198455,0.2002669569481137,16712.1599111557,25000.0,357,0.44625903808302647,0.07709839680504409,1.0,0.44625903808302647,447,2,2,2,74.65607452392578,0.43803683606713767,0.2573014895642444,0.0,1.0,0.16643208451095437
2018-02-08,36.300899505615234,39.06247100375069,35.41784339606645,0.29160168972849104,0.23819054249366944,16637.503836631775,25000.0,359,0.5046251936490175,0.17437532274836243,1.0,0.5046251936490175,458,3,3,3,108.9026985168457,0.4390629163861401,0.3534814141519994,0.0,1.0,0.020197550931453367
2018-02-09,36.74491882324219,38.84175174846417,35.00414570902737,0.295870750762138,0.24419292162433243,16528.60113811493,25000.0,362,0.4674022126074878,0.11233702101247967,1.0,0.4674022126074878,449,2,2,2,73.48983764648438,0.4375714346822388,0.2699199741042694,0.0,1.0,0.009689213464409097
2018-02-12,38.22494888305664,38.783008618425356,35.00479774723331,0.3335683722303674,0.2491179765087529,16455.111300468445,25000.0,364,0.3666864839223642,0.0,0.0,0.0,430,0,0,0,0.0,0.43531939451572677,0.07194642128712876,0.0,1.0,0.11583133188920791
2018-02-13,38.607887268066406,38.766330394581644,35.07162084735382,0.337094655929156,0.24966071110829913,16455.111300468445,25000.0,364,0.34268146206128713,0.0,0.0,0.0,426,0,0,0,0.0,0.4355622294548913,0.020435662197392693,0.0,1.0,0.12517589182240663
2018-02-14,39.319705963134766,38.819032829681944,35.335515798826606,0.33863941567008016,0.25245692174444395,16455.111300468445,25000.0,364,0.1838764428513366,0.0,0.0,0.0,418,0,0,0,0.0,0.4347948819998309,0.0,0.0,0.0,0.11781254048587297
2018-02-15,40.63999557495117,38.99245785304092,35.684005069250105,0.3626025561749635,0.2571937186390087,16455.111300468445,25000.0,364,0.17703456677456023,0.0,0.0,0.0,404,0,0,0,0.0,0.4322698136597243,0.0,0.0,0.0,0.17486849372315705
2018-02-16,40.508445739746094,39.13683765177475,35.99711939433549,0.36248810674670223,0.2564559304044062,16455.111300468445,25000.0,364,0.17578778635999395,0.0,0.0,0.0,406,0,0,0,0.0,0.4301676437901597,0.0,0.0,0.0,0.17787653345577925
2018-02-20,40.3721809387207,39.25448939338865,36.249707959113536,0.36167190092739876,0.2544756894843103,16455.111300468445,25000.0,364,0.17436763327185162,0.0,0.0,0.0,407,0,0,0,0.0,0.42845463443226117,0.0,0.0,0.0,0.18436952222665925
2018-02-21,40.188941955566406,39.34348487550081,36.50415083268877,0.3618484914658255,0.25427244186900944,16455.111300468445,25000.0,364,0.17363199020081108,0.0,0.0,0.0,409,0,0,0,0.0,0.4271588602127081,0.0,0.0,0.0,0.18589496894907565
2018-02-22,40.52488327026367,39.45599900833537,36.64745727382232,0.35905351605376296,0.254474694278233,16455.111300468445,25000.0,364,0.17390432678122958,0.0,0.0,0.0,406,0,0,0,0.0,0.425520654438637,0.0,0.0,0.0,0.17579967716157086
2018-02-23,41.22965621948242,39.62491874273033,36.667987882151486,0.35766987419931867,0.2625583691539133,16455.111300468445,25000.0,364,0.1768567829125102,0.0,0.0,0.0,399,0,0,0,0.0,0.42306118310584634,0.0,0.0,0.0,0.13520749485120676
2018-02-26,42.04486083984375,39.85538941864589,36.62743973498628,0.3633828720571838,0.2625017452660234,16455.111300468445,25000.0,364,0.1735086135848783,0.0,0.0,0.0,391,0,0,0,0.0,0.41970553006451583,0.0,0.0,0.0,0.15358874944153822
2018-02-27,41.908607482910156,40.05093399619487,36.579979716614076,0.353702999829511,0.2649216397956715,16455.111300468445,25000.0,364,0.1763260224858337,0.0,0.0,0.0,392,0,0,0,0.0,0.41685840101540267,0.0,0.0,0.0,0.11260257971097509
2018-02-28,41.845176696777344,40.2218142533932,36.554385323432314,0.3525066666434531,0.26501211580669365,16455.111300468445,25000.0,364,0.1756205878650481,0.0,0.0,0.0,393,0,0,0,0.0,0.414370384470595,0.0,0.0,0.0,0.1084608514671963
2018-03-01,41.112213134765625,40.30661414685724,36.554696168016406,0.3604628930535556,0.2679317556635333,16955.111300468445,25500.0,364,0.17897649688407413,0.0,0.0,0.0,412,0,0,0,0.0,0.4246428411978025,0.0,0.0,0.0,0.12112781654936988
2018-03-02,41.39645767211914,40.41040876831076,36.557840324145815,0.360767944438707,0.2692268843910038,16955.111300468445,25500.0,364,0.17875467091753297,0.0,0.0,0.0,409,0,0,0,0.0,0.42316122385627,0.0,0.0,0.0,0.11667879817788518
2018-03-05,41.53977584838867,40.51796753784199,36.6837318761947,0.3166666334462683,0.26334349334697016,16955.111300468445,25500.0,364,0.18952455008757893,0.0,0.0,0.0,408,0,0,0,0.0,0.42162587514609867,0.0,0.0,0.0,0.00207093728165475
2018-03-06,41.50453567504883,40.61192640805216,36.996764156201465,0.29709170619974307,0.2159243325722481,16955.111300468445,25500.0,364,0.17446921603720086,0.0,0.0,0.0,408,0,0,0,0.0,0.42028465833211814,0.0,0.0,0.0,0.146588802122523
2018-03-07,41.1192512512207,40.6602430597825,37.11801296675232,0.2706545902293983,0.20765783551233002,16955.111300468445,25500.0,364,0.18020372781040983,0.0,0.0,0.0,412,0,0,0,0.0,0.41959496181330075,0.0,0.0,0.0,0.0861400500557552
2018-03-08,41.56795883178711,40.7466921809258,37.40708050752695,0.25440120499435803,0.2069481163243742,16955.111300468445,25500.0,364,0.18582080374461685,0.0,0.0,0.0,407,0,0,0,0.0,0.41836094298600035,0.0,0.0,0.0,0.024416205990833273
2018-03-09,42.28213882446289,40.892925194595996,38.038395194616456,0.2252313125489809,0.1564804146077868,16955.111300468445,25500.0,364,0.1673766050925525,0.0,0.0,0.0,400,0,0,0,0.0,0.4162735383987082,0.0,0.0,0.0,0.1994648718686618
2018-03-12,42.69090270996094,41.06416114844028,38.72271438236268,0.22473793859130706,0.1518062855101176,16955.111300468445,25500.0,364,0.16285433811765337,0.0,0.0,0.0,397,0,0,0,0.0,0.4138292290967741,0.0,0.0,0.0,0.23368814975895003
2018-03-13,42.27978515625,41.17993486346977,39.14279348225396,0.19661580766143008,0.14965114157614973,16955.111300468445,25500.0,364,0.17599383972737448,0.0,0.0,0.0,401,0,0,0,0.0,0.41217661606654915,0.0,0.0,0.0,0.09485637502572652
2018-03-14,41.920352935791016,41.25045087035751,39.570876399730224,0.2014347684736776,0.15214863484193603,16955.111300468445,25500.0,364,0.17469867252895405,0.0,0.0,0.0,404,0,0,0,0.0,0.4111700346348967,0.0,0.0,0.0,0.10327843056749475
2018-03-15,41.96967697143555,41.3189485942697,39.8990523212243,0.19445126450127811,0.14580811844630706,16955.111300468445,25500.0,364,0.173452294816372,0.0,0.0,0.0,403,0,0,0,0.0,0.4101922632033659,0.0,0.0,0.0,0.1113422362514267
2018-03-16,41.821678161621094,41.36682760068412,39.9879970481043,0.15935333087628,0.13982945469853333,16955.111300468445,25500.0,364,0.18427896623560555,0.0,0.0,0.0,405,0,0,0,0.0,0.4095088138569012,0.0,0.0,0.0,0.0
2018-03-19,41.18268585205078,41.349290291290465,40.040455096762585,0.1694931959004391,0.14915250719169382,16955.111300468445,25500.0,364,0.34345731106315636,0.0,0.0,0.0,411,0,0,0,0.0,0.4097591503517753,0.02014598534412773,0.0,1.0,0.0
2018-03-20,41.16859436035156,41.33208115501057,40.12655284554798,0.16882785666207523,0.14781127532811564,16955.111300468445,25500.0,364,0.34340191343988713,0.0,0.0,0.0,411,0,0,0,0.0,0.41000480233631975,0.019777227530096034,0.0,1.0,0.0
2018-03-21,40.23592758178711,41.22768557660834,40.03331597540511,0.1879216323501656,0.14655554075203714,16955.111300468445,25500.0,364,0.38244330307024177,0.0,0.0,0.0,421,0,0,0,0.0,0.4114949980437085,0.12027815543736574,0.0,1.0,0.0685461599624162
2018-03-22,39.66740417480469,41.07908734786513,39.68269375831417,0.19176803278719703,0.17197266696719726,16955.111300468445,25500.0,364,0.6134485426352901,0.3557475710588169,1.0,0.6134485426352901,427,3,3,3,119.00221252441406,0.41361616491674874,0.17182504093945147,1.0,1.0,0.0
2018-03-23,38.74883270263672,40.857158334033855,38.98936013884587,0.19419185088319146,0.1733193044839951,16836.10908794403,25500.0,367,0.6514951168351674,0.41915852805861226,1.0,0.6514951168351674,434,3,3,3,116.24649810791016,0.41197736829057163,0.25801178023202226,1.0,1.0,0.0
2018-03-26,40.588314056396484,40.83155411711601,38.95600013495236,0.25323928961344067,0.19754429876245116,16719.86258983612,25500.0,370,0.3399695182971407,0.0,0.0,0.0,411,0,0,0,0.0,0.40754215594772836,0.029785795076750003,0.0,1.0,0.06828059663874542
2018-03-27,39.54758834838867,40.7092716629515,38.6955905198049,0.26721254438399655,0.20141101206459336,16719.86258983612,25500.0,370,0.3878400354079302,0.0,0.0,0.0,422,0,0,0,0.0,0.4093164503807037,0.14268043459250196,0.0,1.0,0.10558562830012308
2018-03-28,39.110626220703125,40.557019716070705,38.36190917213545,0.26876096799435284,0.19879147268928984,16719.86258983612,25500.0,370,0.40276421249501154,0.0046070208250192,1.0,0.40276421249501154,427,2,2,2,78.22125244140625,0.41152559627662116,0.17831604805942478,0.0,1.0,0.12664527456209096
2018-03-29,39.4160270690918,40.44835374969176,38.13195026279951,0.2659363907272287,0.201511732745174,16641.641337394714,25500.0,372,0.3819176041925905,0.0,0.0,0.0,422,0,0,0,0.0,0.40992989823979076,0.12761046926512207,0.0,1.0,0.09975561184620241
2018-04-02,39.1576042175293,40.32542522281914,37.879386556351015,0.26425971163114603,0.2143319956644261,17141.641337394714,26000.0,372,0.4027806413518848,0.004634402253141287,1.0,0.4027806413518848,437,2,2,2,78.3152084350586,0.42303622373504923,0.14479958969273368,0.0,1.0,0.02745474690617522
2018-04-03,39.55933380126953,40.25246413505251,37.75967088799425,0.2674259511910742,0.21567647119252967,17063.326128959656,26000.0,374,0.3748583881309983,0.0,0.0,0.0,431,0,0,0,0.0,0.4209837851342446,0.08609787607752842,0.0,1.0,0.0332835941429952
2018-04-04,40.315799713134766,40.25849609486987,37.78211348882736,0.2780540666034997,0.2204472503438778,17063.326128959656,26000.0,374,0.1842938315571065,0.0,0.0,0.0,423,0,0,0,0.0,0.4208970177122565,0.0,0.0,0.0,0.05109826413408958
2018-04-05,40.595367431640625,40.290579079324225,37.82101482034938,0.2778434259502765,0.22241246847888332,17063.326128959656,26000.0,374,0.18509382032272398,0.0,0.0,0.0,420,0,0,0,0.0,0.42043551632049003,0.0,0.0,0.0,0.04102162021496558
2018-04-06,39.55699157714844,40.22071360292653,37.737714688376926,0.2879782935336059,0.23313019546018948,17063.326128959656,26000.0,374,0.3738387080028578,0.0,0.0,0.0,431,0,0,0,0.0,0.42144050432713376,0.08250997636822123,0.0,1.0,0.029390083100520048
2018-04-09,39.94932174682617,40.1948667594884,37.83004666746354,0.28255775188325377,0.22240141679733977,17063.326128959656,26000.0,374,0.3476866987651808,0.0,0.0,0.0,427,0,0,0,0.0,0.4218123012288977,0.030544324743191666,0.0,1.0,0.05873782922259374
2018-04-10,40.701080322265625,40.24307757499099,38.1154015457891,0.28964103495209126,0.23328911568541896,17063.326128959656,26000.0,374,0.1860406298250989,0.0,0.0,0.0,419,0,0,0,0.0,0.42111880719051414,0.0,0.0,0.0,0.03462833410632471
2018-04-11,40.51079559326172,40.26857452911201,38.3362564112494,0.2884930106395985,0.2331102706538729,17063.326128959656,26000.0,374,0.1862066091564709,0.0,0.0,0.0,421,0,0,0,0.0,0.4207520433120042,0.0,0.0,0.0,0.031318103339309955
2018-04-12,40.9101448059082,40.329676460235454,38.52887963177385,0.290342592668665,0.23555111208945673,17063.326128959656,26000.0,374,0.18622542449190257,0.0,0.0,0.0,417,0,0,0,0.0,0.4198731155335361,0.0,0.0,0.0,0.027174774981886696
2018-04-13,41.048770904541016,40.39816164540741,38.74282802431364,0.29067467337991765,0.23558765749814709,17063.326128959656,26000.0,374,0.18568058323835618,0.0,0.0,0.0,415,0,0,0,0.0,0.41888798248529335,0.0,0.0,0.0,0.028190088800258417
2018-04-16,41.30482864379883,40.48451088334945,38.922975896510685,0.29159199069508757,0.23785751897022903,17063.326128959656,26000.0,374,0.18578145229941576,0.0,0.0,0.0,413,0,0,0,0.0,0.4176458819087425,0.0,0.0,0.0,0.021591945595183848
2018-04-17,41.87335968017578,40.61678219733291,38.9344923169116,0.29023989428152175,0.23627887833473052,17063.326128959656,26000.0,374,0.18471956942259216,0.0,0.0,0.0,407,0,0,0,0.0,0.41574320993067276,0.0,0.0,0.0,0.023648750462105683
2018-04-18,41.779388427734375,40.72750660022829,38.95148835395637,0.2904341302062101,0.23623550691205963,17063.326128959656,26000.0,374,0.18391553051107967,0.0,0.0,0.0,408,0,0,0,0.0,0.41415048198133153,0.0,0.0,0.0,0.024521863805195387
2018-04-19,40.595367431640625,40.714921917505656,38.93134474825779,0.29717091061378775,0.23702766538555628,17063.326128959656,26000.0,374,0.33857775471699075,0.0,0.0,0.0,420,0,0,0,0.0,0.4143315078020341,0.014681900423051966,0.0,1.0,0.04478278984298001
2018-04-20,38.932071685791016,40.54512665734236,38.682683685304035,0.3284584786381134,0.2206218513866577,17063.326128959656,26000.0,374,0.4029972935048659,0.0049954891747764725,1.0,0.4029972935048659,438,2,2,2,77.86414337158203,0.4167739473136138,0.19892094371583777,0.0,1.0,0.24065407458387256
2018-04-23,38.819313049316406,40.38076345657798,38.52973038876224,0.3178128251963332,0.20547856356695543,16985.461985588074,26000.0,376,0.3953264946629865,0.0,0.0,0.0,437,0,0,0,0.0,0.41603203616641077,0.19334087243553782,0.0,1.0,0.28891314207890395
2018-04-24,38.27898025512695,40.180593627868355,38.14870314622413,0.2676638200012007,0.18838524256084355,16985.461985588074,26000.0,376,0.42659936544457794,0.0443322757409632,1.0,0.42659936544457794,443,2,2,2,76.5579605102539,0.4189267998431345,0.2366333098949645,0.0,1.0,0.18402683937566677
2018-04-25,38.44578552246094,40.015373808305746,37.86437818402963,0.2545538182671765,0.17756272493938655,16908.90402507782,26000.0,378,0.4069959148932164,0.011659858155360636,1.0,0.4069959148932164,439,2,2,2,76.89157104492188,0.41823802694078566,0.19612315673520195,0.0,1.0,0.19466617760978022
2018-04-26,38.579681396484375,39.878641197656094,37.66694256229351,0.25238042066542876,0.18038771291879283,16832.012454032898,26000.0,380,0.3944184358978342,0.0,0.0,0.0,436,0,0,0,0.0,0.41715832095733396,0.16286409994933163,0.0,1.0,0.16591653510165316
2018-04-27,38.13333511352539,39.71242157059603,37.35764454130547,0.2532286419769382,0.17421410385082944,16832.012454032898,26000.0,380,0.4071522514652771,0.011920419108795155,1.0,0.4071522514652771,441,2,2,2,76.26667022705078,0.4195876847374427,0.19881518107168625,0.0,1.0,0.21129038148830936
2018-04-30,38.82400894165039,39.627810844029774,37.24477387464888,0.26173182125139355,0.1557633135393886,16755.745783805847,26000.0,382,0.343611257291229,0.0,0.0,0.0,431,0,0,0,0.0,0.4177760099069472,0.10141891329085144,0.0,1.0,0.4002645814778041
2018-05-01,39.726139068603516,39.63717543684632,37.258520915522524,0.272505661556503,0.15006952850245436,17255.745783805847,26500.0,382,0.14155997655741245,0.0,0.0,0.0,434,0,0,0,0.0,0.428626376721687,0.0,0.0,0.0,0.513218929673467
2018-05-02,41.48103713989258,39.812781313326916,37.34054454024053,0.30763864806646546,0.1469834202707006,17255.745783805847,26500.0,382,0.11732475195160595,0.0,0.0,0.0,415,0,0,0,0.0,0.4260950014456271,0.0,0.0,0.0,0.7441799869892625
2018-05-03,41.55620193481445,39.97882137251621,37.42215705874014,0.30699821780063863,0.1447765898533357,17255.745783805847,26500.0,382,0.1139576613041359,0.0,0.0,0.0,415,0,0,0,0.0,0.4237015183282569,0.0,0.0,0.0,0.7670802194357973
2018-05-04,43.18659973144531,40.2843240733666,37.38304921571729,0.3176196301848743,0.1284676478896456,17255.745783805847,26500.0,382,0.08868395063352005,0.0,0.0,0.0,399,0,0,0,0.0,0.41929766807448904,0.0,0.0,0.0,1.0
2018-05-07,43.499061584472656,40.5904895506148,37.34775754258533,0.3171650230455033,0.12849576225947662,17255.745783805847,26500.0,382,0.0866979187263893,0.0,0.0,0.0,396,0,0,0,0.0,0.41488426383642063,0.0,0.0,0.0,1.0
2018-05-08,43.708133697509766,40.88740804079527,37.32465361162174,0.31261626581430035,0.11459119885088563,17255.745783805847,26500.0,382,0.08477187010518084,0.0,0.0,0.0,394,0,0,0,0.0,0.41060415578929077,0.0,0.0,0.0,1.0
2018-05-09,44.01589584350586,41.18535926010104,37.302285290419015,0.31118935962304217,0.1170140500935401,17255.745783805847,26500.0,382,0.08283912238447669,0.0,0.0,0.0,392,0,0,0,0.0,0.4063091608543926,0.0,0.0,0.0,1.0
2018-05-10,44.64550018310547,41.514896490863364,37.255265884228066,0.3126318658482485,0.11798931398505567,17255.745783805847,26500.0,382,0.08070148276304101,0.0,0.0,0.0,386,0,0,0,0.0,0.4015588505845356,0.0,0.0,0.0,1.0
2018-05-11,44.47570037841797,41.79687781348761,37.249723337943315,0.3140291414299867,0.11704148962498628,17255.745783805847,26500.0,382,0.07887232844760297,0.0,0.0,0.0,387,0,0,0,0.0,0.3974940632168955,0.0,0.0,0.0,1.0
2018-05-14,44.37192916870117,42.04212079969843,37.26388183812722,0.3147653403713859,0.11428771808913603,17255.745783805847,26500.0,382,0.07728148809554108,0.0,0.0,0.0,388,0,0,0,0.0,0.39395886243453576,0.0,0.0,0.0,1.0
2018-05-15,43.968650817871094,42.22559984904821,37.299875502338445,0.3155971462133544,0.11150078235877182,17255.745783805847,26500.0,382,0.07609129758296654,0.0,0.0,0.0,392,0,0,0,0.0,0.39131399462881455,0.0,0.0,0.0,1.0
2018-05-16,44.379005432128906,42.43068609505589,37.32352315026222,0.31590033087799807,0.11236111359416649,17255.745783805847,26500.0,382,0.07476094567018463,0.0,0.0,0.0,388,0,0,0,0.0,0.3883576570448547,0.0,0.0,0.0,1.0
2018-05-17,44.0983772277832,42.5895138219823,37.37119158992827,0.2957613549451631,0.11021875743453304,17255.745783805847,26500.0,382,0.07373066316985824,0.0,0.0,0.0,391,0,0,0,0.0,0.38606814037746273,0.0,0.0,0.0,1.0
2018-05-18,43.9379997253418,42.717941050873684,37.57004874686949,0.24533770330015092,0.10568210127886903,17255.745783805847,26500.0,382,0.0794418471154138,0.0,0.0,0.0,392,0,0,0,0.0,0.3842168497572171,0.0,0.0,0.0,0.9345573527533391
2018-05-21,44.24930191040039,42.863784942257176,37.82996646730123,0.2429883196377354,0.10815660283212901,17255.745783805847,26500.0,382,0.08473200916711543,0.0,0.0,0.0,389,0,0,0,0.0,0.38211449630406635,0.0,0.0,0.0,0.8721951416971443
2018-05-22,44.13846206665039,42.98518276362796,38.232667333293,0.23334274885585995,0.095196641968419,17255.745783805847,26500.0,382,0.07116404086537184,0.0,0.0,0.0,390,0,0,0,0.0,0.38036453525638186,0.0,0.0,0.0,1.0
2018-05-23,44.42145538330078,43.12197063216823,38.694748031769464,0.23311913892955785,0.09535611025109833,17255.745783805847,26500.0,382,0.07027672635208612,0.0,0.0,0.0,388,0,0,0,0.0,0.3783927252268581,0.0,0.0,0.0,1.0
2018-05-24,44.37192916870117,43.24101430231423,39.22962614817351,0.2346967664963927,0.09046469155687795,17255.745783805847,26500.0,382,0.06950451477102584,0.0,0.0,0.0,388,0,0,0,0.0,0.37667669949116855,0.0,0.0,0.0,1.0
2018-05-25,44.473331451416016,43.358377840323925,40.04473091486411,0.2250162934951375,0.09131483165523263,17255.745783805847,26500.0,382,0.06874320185842711,0.0,0.0,0.0,388,0,0,0,0.0,0.3749848930187269,0.0,0.0,0.0,1.0
2018-05-29,44.31297302246094,43.44929166719412,40.90278576733755,0.22503823953750196,0.09644847145826525,17255.745783805847,26500.0,382,0.07371609794495183,0.0,0.0,0.0,389,0,0,0,0.0,0.37367436162761686,0.0,0.0,0.0,0.9443736478747575
2018-05-30,44.21863555908203,43.52256251404059,41.76266544658059,0.21826810585906964,0.10521419839484793,17255.745783805847,26500.0,382,0.09480217889137399,0.0,0.0,0.0,390,0,0,0,0.0,0.372618155457981,0.0,0.0,0.0,0.7287599106471745
2018-05-31,44.070072174072266,43.574706291186466,42.22282005584128,0.1652081506556365,0.10486978796767486,17255.745783805847,26500.0,382,0.136059541492297,0.0,0.0,0.0,391,0,0,0,0.0,0.3718664979911989,0.0,0.0,0.0,0.31280382603742507
2018-06-01,44.86482238769531,43.69757449085398,42.91936112263298,0.17338606692758682,0.10916572704154481,17755.745783805847,27000.0,382,0.13943519356483436,0.0,0.0,0.0,395,0,0,0,0.0,0.3817602423886585,0.0,0.0,0.0,0.3235691551006197
2018-06-04,45.23979949951172,43.844453063107096,43.070987783059095,0.11458725201370074,0.10197062863948626,17755.745783805847,27000.0,382,0.17085698216488485,0.0,0.0,0.0,392,0,0,0,0.0,0.37968218258863295,0.0,0.0,0.0,0.0
2018-06-05,45.58883285522461,44.01058447188019,43.121404820013915,0.11487101438793094,0.10176045951412321,17755.745783805847,27000.0,382,0.1697992788623628,0.0,0.0,0.0,389,0,0,0,0.0,0.3773317308052506,0.0,0.0,0.0,0.0
2018-06-06,45.7468376159668,44.17594191417415,43.15257327537109,0.11459271085558537,0.10460408185239747,17755.745783805847,27000.0,382,0.1687465031464246,0.0,0.0,0.0,388,0,0,0,0.0,0.37499222921427683,0.0,0.0,0.0,0.0
2018-06-07,45.624202728271484,44.31387151551676,43.19553087555625,0.11446134914779878,0.1007406409008099,17755.745783805847,27000.0,382,0.16786835135120998,0.0,0.0,0.0,389,0,0,0,0.0,0.3730407807804666,0.0,0.0,0.0,0.0
2018-06-08,45.20914077758789,44.39913525476163,43.24391193492675,0.11069031149277152,0.09649343998889459,17755.745783805847,27000.0,382,0.1673255055446843,0.0,0.0,0.0,392,0,0,0,0.0,0.3718344567659651,0.0,0.0,0.0,0.0
2018-06-11,45.09830856323242,44.465723188901705,43.28987858043124,0.11007120187649638,0.09646103264605056,17755.745783805847,27000.0,382,0.1669015623639925,0.0,0.0,0.0,393,0,0,0,0.0,0.3708923608088722,0.0,0.0,0.0,0.0
2018-06-12,45.3459358215332,44.549552963438046,43.33673014522165,0.1106964904869727,0.09649516481840843,17755.745783805847,27000.0,382,0.1663678461327778,0.0,0.0,0.0,391,0,0,0,0.0,0.3697063247395062,0.0,0.0,0.0,0.0
2018-06-13,44.973304748535156,44.58991027630444,43.4164484739808,0.10967058760947475,0.09392543464742667,17755.745783805847,27000.0,382,0.16611090457419506,0.0,0.0,0.0,394,0,0,0,0.0,0.36913534349821125,0.0,0.0,0.0,0.0
2018-06-14,44.99689483642578,44.6286707106017,43.460278478645805,0.10532776858148772,0.09344880586207648,17755.745783805847,27000.0,382,0.16586412980916918,0.0,0.0,0.0,394,0,0,0,0.0,0.36858695513148704,0.0,0.0,0.0,0.0
2018-06-15,44.53464889526367,44.61971625199808,43.48671745962211,0.10967026718608307,0.09349547643724873,17755.745783805847,27000.0,382,0.3202107581908993,0.0,0.0,0.0,398,0,0,0,0.0,0.3687136441383975,0.009532485174712052,0.0,1.0,0.0
2018-06-18,44.511077880859375,44.60936974046106,43.537731825643505,0.10866005395391237,0.09324449876046949,17755.745783805847,27000.0,382,0.32094464118179644,0.0,0.0,0.0,398,0,0,0,0.0,0.3688600281164398,0.011016952287552246,0.0,1.0,0.0
2018-06-19,43.791786193847656,44.531504640783595,43.39297014424801,0.121077551541026,0.09186755234850152,17755.745783805847,27000.0,382,0.344027976365088,0.0,0.0,0.0,405,0,0,0,0.0,0.36996167508224687,0.08305563138983602,0.0,1.0,0.09829811547349276
2018-06-20,43.982810974121094,44.47924810110145,43.320399719826874,0.12201336213837292,0.09089139659127625,17755.745783805847,27000.0,382,0.3300605626417941,0.0,0.0,0.0,403,0,0,0,0.0,0.3707010083473795,0.05580547650580229,0.0,1.0,0.11867355542137714
2018-06-21,43.737545013427734,44.40860971179919,43.16904933933599,0.12087984720278475,0.09379257652616524,17755.745783805847,27000.0,382,0.3438652714009646,0.0,0.0,0.0,405,0,0,0,0.0,0.37170041074417454,0.07555569772691549,0.0,1.0,0.07399977411025893
2018-06-22,43.61018753051758,44.33256950405808,43.00257142990905,0.12112024600958342,0.09352036668018572,17755.745783805847,27000.0,382,0.3464853829998945,0.0,0.0,0.0,407,0,0,0,0.0,0.37277623886851163,0.08147305486932979,0.0,1.0,0.07926799182134125
2018-06-25,42.96165466308594,44.20200618587025,42.663172034300445,0.13022104779936916,0.10601491766177681,17755.745783805847,27000.0,382,0.3793571290043811,0.0,0.0,0.0,413,0,0,0,0.0,0.37462346803694674,0.14030488996004103,0.0,1.0,0.02360632094263404
2018-06-26,43.4946403503418,44.13463801105802,42.51968623482709,0.13919986085856859,0.09708286056081611,17755.745783805847,27000.0,382,0.33215134535390844,0.0,0.0,0.0,408,0,0,0,0.0,0.37557660295466055,0.07250514443506631,0.0,1.0,0.1948544097146867
2018-06-27,43.43095779418945,44.067620847546735,42.37882741165487,0.1391416987310625,0.09124169367311855,17755.745783805847,27000.0,382,0.3248612106854205,0.0,0.0,0.0,408,0,0,0,0.0,0.3765247717124869,0.07223705763011766,0.0,1.0,0.2708161251875154
2018-06-28,43.746978759765625,44.037083505853296,42.32333866749182,0.14170764442385658,0.09077889943544708,17755.745783805847,27000.0,382,0.3043680081570702,0.0,0.0,0.0,405,0,0,0,0.0,0.3769568185468164,0.032938687464294854,0.0,1.0,0.3008496954792981
2018-06-29,43.65500259399414,44.000694847581,42.25246601544912,0.12402064065570352,0.08172170846403203,17755.745783805847,27000.0,382,0.3110729702940748,0.0,0.0,0.0,406,0,0,0,0.0,0.3774716506749651,0.039282590284578915,0.0,1.0,0.26466438137719983
2018-07-02,44.1431770324707,44.01426457947526,42.300024664324354,0.12731081920161957,0.08077821658654705,18255.745783805847,27500.0,382,0.14353301262433538,0.0,0.0,0.0,413,0,0,0,0.0,0.3886018520232891,0.0,0.0,0.0,0.3133782078614471
2018-07-03,43.374359130859375,43.9533212034166,42.27418680235127,0.13500310908892252,0.08227208109110447,18255.745783805847,27500.0,382,0.3181446871527156,0.0,0.0,0.0,420,0,0,0,0.0,0.389448410919813,0.06586101535738109,0.0,1.0,0.3674455467202178
2018-07-05,43.723392486572266,43.93142323038381,42.3808153367919,0.13859810485275562,0.08235152747442365,18255.745783805847,27500.0,382,0.29579271880438934,0.0,0.0,0.0,417,0,0,0,0.0,0.3897525936724867,0.023676758970520122,0.0,1.0,0.4025048988496376
2018-07-06,44.3294792175293,43.96933332439767,42.56869938020422,0.14985558590071343,0.08847628163913551,18255.745783805847,27500.0,382,0.13400691251541486,0.0,0.0,0.0,411,0,0,0,0.0,0.3892259880029124,0.0,0.0,0.0,0.41144782085895737
2018-07-09,44.94500732421875,44.062254657713964,42.699904387744205,0.15625916496007217,0.09346654115429254,18255.745783805847,27500.0,382,0.13525257897488763,0.0,0.0,0.0,406,0,0,0,0.0,0.38793522620920967,0.0,0.0,0.0,0.3931827281925673
2018-07-10,44.89076232910156,44.141160150227066,42.807344241191956,0.15608861650997022,0.09418103576302118,18255.745783805847,27500.0,382,0.1359671762712276,0.0,0.0,0.0,406,0,0,0,0.0,0.38683915718593676,0.0,0.0,0.0,0.3811044446244396
2018-07-11,44.308258056640625,44.15707423655217,42.95126620176779,0.16087390811188676,0.09746372156430771,18255.745783805847,27500.0,382,0.13642789587163942,0.0,0.0,0.0,412,0,0,0,0.0,0.3866180960595299,0.0,0.0,0.0,0.37550247355149025
2018-07-12,45.05112075805664,44.2422215243145,43.02353234356931,0.17039155856022065,0.10130791320740219,18255.745783805847,27500.0,382,0.13328609830084734,0.0,0.0,0.0,405,0,0,0,0.0,0.3854353228258859,0.0,0.0,0.0,0.4015979697080132
2018-07-13,45.12187957763672,44.325998481773766,43.08600660850057,0.170463217694636,0.10105528461050511,18255.745783805847,27500.0,382,0.13235293764571013,0.0,0.0,0.0,404,0,0,0,0.0,0.3842715847259062,0.0,0.0,0.0,0.40569275480947686
2018-07-16,45.02283477783203,44.39236384330312,43.0957056378146,0.16624439492758855,0.10105728104492784,18255.745783805847,27500.0,382,0.1354197746648281,0.0,0.0,0.0,405,0,0,0,0.0,0.3833497095221166,0.0,0.0,0.0,0.37087594620124364
2018-07-17,45.15018844604492,44.46453761499282,43.09490852510616,0.16636981303398038,0.10138933897140162,18255.745783805847,27500.0,382,0.13531451253632182,0.0,0.0,0.0,404,0,0,0,0.0,0.38234715022082694,0.0,0.0,0.0,0.367417050630503
2018-07-18,44.902557373046875,44.50625378242654,43.10359245789237,0.15595528245792561,0.099966238234925,18255.745783805847,27500.0,382,0.1417888257152199,0.0,0.0,0.0,406,0,0,0,0.0,0.38176767473138407,0.0,0.0,0.0,0.30006627913902917
2018-07-19,45.25159454345703,44.5772386168104,43.099220522041556,0.1573080271950794,0.10142044512459164,18255.745783805847,27500.0,382,0.1420976939288501,0.0,0.0,0.0,403,0,0,0,0.0,0.3807816308501247,0.0,0.0,0.0,0.2925403995370601
2018-07-20,45.14781951904297,44.63157965511826,43.12081054134027,0.15578189273435852,0.09821585389025905,18255.745783805847,27500.0,382,0.13883558778490035,0.0,0.0,0.0,404,0,0,0,0.0,0.38002678442708454,0.0,0.0,0.0,0.32176465207287697
2018-07-23,45.18791198730469,44.68456368675506,43.16360253594159,0.15489268971674258,0.09821297036513109,18255.745783805847,27500.0,382,0.13925499412141867,0.0,0.0,0.0,403,0,0,0,0.0,0.3792907880603478,0.0,0.0,0.0,0.31425860505737835
2018-07-24,45.515724182128906,44.76372182917162,43.321567285043294,0.142693925440036,0.08218580838870608,18255.745783805847,27500.0,382,0.12549974518687487,0.0,0.0,0.0,401,0,0,0,0.0,0.37819120950023427,0.0,0.0,0.0,0.4468629908823054
2018-07-25,45.94493865966797,44.876218670171276,43.38522516483203,0.14044600360582588,0.08609954268548711,18255.745783805847,27500.0,382,0.13354908763988382,0.0,0.0,0.0,397,0,0,0,0.0,0.3766285261088935,0.0,0.0,0.0,0.3593374910911826
2018-07-26,45.801082611083984,44.9643009502582,43.50217686150908,0.14123670876624178,0.07876298140782186,18255.745783805847,27500.0,382,0.11950004064375874,0.0,0.0,0.0,398,0,0,0,0.0,0.3754049831636861,0.0,0.0,0.0,0.4943220177990002
2018-07-27,45.03934097290039,44.97144761908126,43.5857254162306,0.15571188006800318,0.08370836817837025,18255.745783805847,27500.0,382,0.11387331812630849,0.0,0.0,0.0,405,0,0,0,0.0,0.37530570943676217,0.0,0.0,0.0,0.5501425112023448
2018-07-30,44.7869987487793,44.95388106000488,43.681599647947,0.15727452907619838,0.0879376821188583,18255.745783805847,27500.0,382,0.27831029534192814,0.0,0.0,0.0,407,0,0,0,0.0,0.37554972491193217,0.01856150206506407,0.0,1.0,0.49039756797720147
2018-07-31,44.876617431640625,44.94652261920829,43.722533186030454,0.15296156593551574,0.08859000361049078,18255.745783805847,27500.0,382,0.2786575147311521,0.0,0.0,0.0,406,0,0,0,0.0,0.37565194034408844,0.007776484530283603,0.0,1.0,0.43885276462315326
2018-08-01,47.52029037475586,45.191643357831865,43.69491404990991,0.24450050890693553,0.0857823864321735,18755.745783805847,28000.0,382,0.07255558952816799,0.0,0.0,0.0,394,0,0,0,0.0,0.38345686561815107,0.0,0.0,0.0,1.0
2018-08-02,48.90935134887695,45.54571078555045,43.411093067490214,0.25946909678688623,0.08285453615827579,18755.745783805847,28000.0,382,0.07038186842728139,0.0,0.0,0.0,383,0,0,0,0.0,0.3786263742828475,0.0,0.0,0.0,1.0
2018-08-03,49.05086135864258,45.87953464965446,43.24967036199899,0.25783357828543807,0.07971420517831611,18755.745783805847,28000.0,382,0.06833242834729997,0.0,0.0,0.0,382,0,0,0,0.0,0.3740720629939999,0.0,0.0,0.0,1.0
2018-08-06,49.30556106567383,46.205822879751544,43.127274160623244,0.25578605604668475,0.07531816321930711,18755.745783805847,28000.0,382,0.06632925167752535,0.0,0.0,0.0,380,0,0,0,0.0,0.36962055928338966,0.0,0.0,0.0,1.0
2018-08-07,48.84332275390625,46.45701334395676,43.13685612752985,0.2599233935257205,0.07509172507230133,18755.745783805847,28000.0,382,0.06478712164906547,0.0,0.0,0.0,383,0,0,0,0.0,0.3661936036645899,0.0,0.0,0.0,1.0
2018-08-08,48.87633514404297,46.68742494396497,43.241846083439164,0.252256293791375,0.06878967680347901,18755.745783805847,28000.0,382,0.06337255900472935,0.0,0.0,0.0,383,0,0,0,0.0,0.36305013112162077,0.0,0.0,0.0,1.0
2018-08-09,49.26075744628906,46.932504229900594,43.29051496947488,0.24872030940319825,0.06387392411713355,18755.745783805847,28000.0,382,0.0618679472457174,0.0,0.0,0.0,380,0,0,0,0.0,0.3597065494349275,0.0,0.0,0.0,1.0
2018-08-10,49.114009857177734,47.14026667059366,43.375202455024365,0.24997399051855893,0.07003940124324769,18755.745783805847,28000.0,382,0.06059243426160535,0.0,0.0,0.0,381,0,0,0,0.0,0.35687207613690075,0.0,0.0,0.0,1.0
2018-08-13,49.43113708496094,47.358444805295306,43.4861129703561,0.24884772766978236,0.07172186711520005,18755.745783805847,28000.0,382,0.059252976356062026,0.0,0.0,0.0,379,0,0,0,0.0,0.35389550301347117,0.0,0.0,0.0,1.0
2018-08-14,49.63941192626953,47.57567976919761,43.61007923475557,0.24875111640344263,0.07378851913807483,18755.745783805847,28000.0,382,0.0579193088455332,0.0,0.0,0.0,377,0,0,0,0.0,0.35093179743451824,0.0,0.0,0.0,1.0
2018-08-15,49.75536346435547,47.783268692545974,43.79522566568768,0.245969205647018,0.07891918868205373,18755.745783805847,28000.0,382,0.05664486113397668,0.0,0.0,0.0,376,0,0,0,0.0,0.34809969140883706,0.0,0.0,0.0,1.0
2018-08-16,50.484283447265625,48.04050819299547,43.950405605094375,0.24810484388499857,0.08209913501796329,18755.745783805847,28000.0,382,0.05506559434371708,0.0,0.0,0.0,371,0,0,0,0.0,0.34459020965270465,0.0,0.0,0.0,1.0
2018-08-17,51.49245071411133,48.36926462357793,44.1074110568153,0.2512771114394987,0.08239283886245351,18755.745783805847,28000.0,382,0.05304726468596263,0.0,0.0,0.0,364,0,0,0,0.0,0.34010503263547254,0.0,0.0,0.0,1.0
2018-08-20,50.99074172973633,48.618929109878735,44.35636798860908,0.2573069330961382,0.08251151663475564,18755.745783805847,28000.0,382,0.05151450307185165,0.0,0.0,0.0,367,0,0,0,0.0,0.3366988957152259,0.0,0.0,0.0,1.0
2018-08-21,50.891334533691406,48.835348674051374,44.616229549004906,0.2588669991699572,0.08137211673464907,18755.745783805847,28000.0,382,0.05018584153323463,0.0,0.0,0.0,368,0,0,0,0.0,0.33374631451829917,0.0,0.0,0.0,1.0
2018-08-22,50.89369201660156,49.031381373341866,44.86321929389774,0.25922631162600274,0.07521231934039871,18755.745783805847,28000.0,382,0.04898234078294761,0.0,0.0,0.0,368,0,0,0,0.0,0.33107186840655023,0.0,0.0,0.0,1.0
2018-08-23,50.997833251953125,49.218662504638175,45.178077122701936,0.25765249197229506,0.07457539104769276,18755.745783805847,28000.0,382,0.047832568409024945,0.0,0.0,0.0,367,0,0,0,0.0,0.3285168186867221,0.0,0.0,0.0,1.0
2018-08-24,51.156394958496094,49.403208452624646,45.71696991025075,0.24433672105722148,0.07261040072116762,18755.745783805847,28000.0,382,0.04669958810692226,0.0,0.0,0.0,366,0,0,0,0.0,0.32599908468204947,0.0,0.0,0.0,1.0
2018-08-27,51.57765579223633,49.6102986754448,46.46900701194606,0.2401491428052646,0.07169924802838523,18755.745783805847,28000.0,382,0.04542820206039422,0.0,0.0,0.0,363,0,0,0,0.0,0.32317378235643157,0.0,0.0,0.0,1.0
2018-08-28,51.99416732788086,49.83733378520062,47.45314793081658,0.23937531740143275,0.07081489877839092,18755.745783805847,28000.0,382,0.04403436865442906,0.0,0.0,0.0,360,0,0,0,0.0,0.32007637478762013,0.0,0.0,0.0,1.0
2018-08-29,52.77041244506836,50.116674609949925,47.730241126998465,0.14726701267433473,0.07173048573013778,18755.745783805847,28000.0,382,0.07123105704447724,0.0,0.0,0.0,355,0,0,0,0.0,0.31626536782139747,0.0,0.0,0.0,0.7108835847515163
2018-08-30,53.25556945800781,50.41561697643163,47.77368420006294,0.11842099419213745,0.07392411515373812,18755.745783805847,28000.0,382,0.10699025340018603,0.0,0.0,0.0,352,0,0,0,0.0,0.3121869398215399,0.0,0.0,0.0,0.33493869519506925
2018-08-31,53.87088394165039,50.744690020738176,47.79383884767678,0.12102594087940313,0.07294620970439962,18755.745783805847,28000.0,382,0.10020450586001131,0.0,0.0,0.0,348,0,0,0,0.0,0.30769744328850057,0.0,0.0,0.0,0.38259343619813957
2018-09-04,54.04364776611328,51.05887647267866,47.8408721915819,0.12112940563853873,0.0729501754379167,19255.745783805847,28500.0,382,0.10366433693179075,0.0,0.0,0.0,356,0,0,0,0.0,0.31563190131357016,0.0,0.0,0.0,0.3837001865931582
2018-09-05,53.691017150878906,51.30955653726916,48.03527346971633,0.11711618285397989,0.07362752937159792,19255.745783805847,28500.0,382,0.10796756613299957,0.0,0.0,0.0,358,0,0,0,0.0,0.31227190886888345,0.0,0.0,0.0,0.32554792857997983
2018-09-06,52.79881286621094,51.45139047335885,48.29782878002497,0.1391460997971587,0.0750833336489911,19255.745783805847,28500.0,382,0.0852316941525908,0.0,0.0,0.0,364,0,0,0,0.0,0.3103708364623481,0.0,0.0,0.0,0.5443518225546584
2018-09-07,52.37281799316406,51.53914547524506,48.52723270827604,0.144520247538615,0.07537905287030909,19255.745783805847,28500.0,382,0.07936700892191506,0.0,0.0,0.0,367,0,0,0,0.0,0.30919461152478556,0.0,0.0,0.0,0.5977056626423842
2018-09-10,51.66993713378906,51.55160182367782,48.76867501573406,0.15474358176619132,0.07018945208663396,19255.745783805847,28500.0,382,0.05534112810988229,0.0,0.0,0.0,372,0,0,0,0.0,0.3090276527493008,0.0,0.0,0.0,0.8372131562730305
2018-09-11,52.9763069152832,51.687288022878334,49.062751828063554,0.17419786359690642,0.06855421720576617,19255.745783805847,28500.0,382,0.03824404171463908,0.0,0.0,0.0,363,0,0,0,0.0,0.30720898158808685,0.0,0.0,0.0,1.0
2018-09-12,52.318389892578125,51.747392962849744,49.33661510227406,0.1831047930365067,0.06574334442995465,19255.745783805847,28500.0,382,0.03788151402407472,0.0,0.0,0.0,368,0,0,0,0.0,0.3064033644979438,0.0,0.0,0.0,1.0
2018-09-13,53.5821533203125,51.922132044512864,49.65854237268257,0.19828871797221737,0.05933507415111113,19255.745783805847,28500.0,382,0.036827561457832975,0.0,0.0,0.0,359,0,0,0,0.0,0.3040612476840733,0.0,0.0,0.0,1.0
2018-09-14,52.97394943237305,52.02230512907097,49.88362274223929,0.20085634922841916,0.05437577136047285,19255.745783805847,28500.0,382,0.03622335958991929,0.0,0.0,0.0,363,0,0,0,0.0,0.3027185768664873,0.0,0.0,0.0,1.0
2018-09-17,51.56345748901367,51.97860535382742,49.84545009848482,0.21468392862788677,0.05860615569107199,19255.745783805847,28500.0,382,0.2044574607112227,0.0,0.0,0.0,373,0,0,0,0.0,0.3033043071872956,0.039934494393199196,0.0,1.0,1.0
2018-09-18,51.64863967895508,51.94718005145862,49.88106054228541,0.21150199974253645,0.060662948025401314,19255.745783805847,28500.0,382,0.19960722934030314,0.0,0.0,0.0,372,0,0,0,0.0,0.3037255165032563,0.028734993141861863,0.0,1.0,1.0
2018-09-19,51.67941665649414,51.92167877574772,49.94474599393523,0.2112678789582411,0.06051058549800764,19255.745783805847,28500.0,382,0.19732860324272458,0.0,0.0,0.0,372,0,0,0,0.0,0.3040673230759428,0.023329573019000734,0.0,1.0,1.0
2018-09-20,52.072261810302734,51.93602001713391,50.08057706354326,0.21258346935854927,0.06525192506698824,19255.745783805847,28500.0,382,0.03674379505455019,0.0,0.0,0.0,369,0,0,0,0.0,0.30387510012122265,0.0,0.0,0.0,1.0
2018-09-21,51.511375427246094,51.895577675239835,50.11196736101823,0.21675891589668228,0.06464098265733845,19255.745783805847,28500.0,382,0.20364531242213021,0.0,0.0,0.0,373,0,0,0,0.0,0.30441716940555735,0.03701685819917657,0.0,1.0,1.0
2018-09-24,52.25212478637695,51.92953454296718,50.25251039520591,0.2221225096251799,0.06400086468037228,19255.745783805847,28500.0,382,0.036782912703997944,0.0,0.0,0.0,368,0,0,0,0.0,0.3039620282311066,0.0,0.0,0.0,1.0
2018-09-25,52.58345031738281,51.99181223576868,50.37597282714916,0.2214223183333311,0.0589104842648787,19255.745783805847,28500.0,382,0.03640727988320577,0.0,0.0,0.0,366,0,0,0,0.0,0.3031272886293462,0.0,0.0,0.0,1.0
2018-09-26,52.16456985473633,52.008265342337026,50.40370666953277,0.22200073106083082,0.06029735587864125,19255.745783805847,28500.0,382,0.036308041672009295,0.0,0.0,0.0,369,0,0,0,0.0,0.30290675927113175,0.0,0.0,0.0,1.0
2018-09-27,53.236637115478516,52.12525313025526,50.49629474576541,0.22775176712192374,0.057550549941633854,19255.745783805847,28500.0,382,0.035602420593302514,0.0,0.0,0.0,361,0,0,0,0.0,0.3013387124295611,0.0,0.0,0.0,1.0
2018-09-28,53.42360305786133,52.24890550431298,50.604339989822094,0.22577200071249925,0.055119075861953436,19255.745783805847,28500.0,382,0.034856601537143816,0.0,0.0,0.0,360,0,0,0,0.0,0.2996813367492085,0.0,0.0,0.0,1.0
2018-10-01,53.78330993652344,52.395039259761596,50.76406805443395,0.22320554110169546,0.05643108425038137,19755.745783805847,29000.0,382,0.039423887974033844,0.0,0.0,0.0,367,0,0,0,0.0,0.30983086216451966,0.0,0.0,0.0,1.0
2018-10-02,54.26137161254883,52.57278519812228,50.8993736451526,0.22518642994201418,0.055998165403628945,19755.745783805847,29000.0,382,0.03837028360147515,0.0,0.0,0.0,364,0,0,0,0.0,0.3074895191143892,0.0,0.0,0.0,1.0
2018-10-03,54.921653747558594,52.796486964735266,50.88496346265598,0.22744103732731058,0.05465121824145904,19755.745783805847,29000.0,382,0.037044272095241665,0.0,0.0,0.0,359,0,0,0,0.0,0.3045428268783148,0.0,0.0,0.0,1.0
2018-10-04,53.95608901977539,52.90692525569146,50.91319965385178,0.22846714867512727,0.06130463817993574,19755.745783805847,29000.0,382,0.036389639605056506,0.0,0.0,0.0,366,0,0,0,0.0,0.30308808801123666,0.0,0.0,0.0,1.0
2018-10-05,53.08043670654297,52.923450155772564,50.932613767284465,0.2346039543818042,0.06424774501201845,19755.745783805847,29000.0,382,0.03629168683526543,0.0,0.0,0.0,372,0,0,0,0.0,0.3028704151894787,0.0,0.0,0.0,1.0
2018-10-08,52.957374572753906,52.92668105262793,51.005331497305406,0.2289354407734816,0.06398230897247836,19755.745783805847,29000.0,382,0.036272535415629636,0.0,0.0,0.0,373,0,0,0,0.0,0.302827856479177,0.0,0.0,0.0,1.0
2018-10-09,53.691017150878906,52.99947496674707,51.04178250040162,0.21632222601306983,0.0627347374875599,19755.745783805847,29000.0,382,0.03584104321435097,0.0,0.0,0.0,367,0,0,0,0.0,0.30186898492077996,0.0,0.0,0.0,1.0
2018-10-10,51.20372009277344,52.82845069303529,50.74372560120025,0.27043252744746615,0.1319782534057933,19755.745783805847,29000.0,382,0.2852974593497521,0.0,0.0,0.0,385,0,0,0,0.0,0.3041217874227764,0.15377420489789737,0.0,1.0,0.7075573719455113
2018-10-11,50.75169372558594,52.630664315182976,50.38371036187515,0.25473048720605007,0.14489510642379785,19755.745783805847,29000.0,382,0.3218517763367664,0.0,0.0,0.0,389,0,0,0,0.0,0.3067271114344864,0.17850530807901946,0.0,1.0,0.46502812444311226
2018-10-12,52.56452560424805,52.62436539033203,50.381007378893216,0.28611295053968405,0.15709472244623604,19755.745783805847,29000.0,382,0.238849984539347,0.0,0.0,0.0,375,0,0,0,0.0,0.3068100834790747,0.005685558926946931,0.0,1.0,0.517730545433627
2018-10-15,51.44038772583008,52.51160561276042,50.25488620238318,0.2802458821694975,0.15718946570484535,19755.745783805847,29000.0,382,0.28606094809333377,0.0,0.0,0.0,384,0,0,0,0.0,0.3082954019284663,0.10199820348571036,0.0,1.0,0.48571174343045764
2018-10-16,52.57398223876953,52.51754624380891,50.310668696613824,0.2909484154568008,0.17693986966781408,19755.745783805847,29000.0,382,0.10166980301616757,0.0,0.0,0.0,375,0,0,0,0.0,0.3082171494781033,0.0,0.0,0.0,0.3702791424897891
2018-10-17,52.34679412841797,52.501284137581194,50.34001816769324,0.29157283285320673,0.17669936563768313,19755.745783805847,29000.0,382,0.2579060469496768,0.0,0.0,0.0,377,0,0,0,0.0,0.30843136067048227,0.014712974330149719,0.0,1.0,0.3750890380060763
2018-10-18,51.12326431274414,52.37004415426338,50.107848023679935,0.30251908798725696,0.17844859234114072,19755.745783805847,29000.0,382,0.30186531150087303,0.0,0.0,0.0,386,0,0,0,0.0,0.3101601080369444,0.11903559197378899,0.0,1.0,0.41272753503957005
2018-10-19,51.9018669128418,52.32545584555656,50.09969384369533,0.3051579981482519,0.1784499129074625,19755.745783805847,29000.0,382,0.265546679420315,0.0,0.0,0.0,380,0,0,0,0.0,0.31074744368956525,0.04047637291159265,0.0,1.0,0.4250403805020604
2018-10-22,52.218990325927734,52.31531627225858,50.08806763033409,0.30157929249000803,0.1785145850125632,19755.745783805847,29000.0,382,0.2532574638954328,0.0,0.0,0.0,378,0,0,0,0.0,0.31088100634473187,0.009206285385865317,0.0,1.0,0.4078181738333593
2018-10-23,52.711246490478516,52.35302391208905,50.1265615959096,0.30261786706412713,0.17866653939188615,19755.745783805847,29000.0,382,0.09852644380221359,0.0,0.0,0.0,374,0,0,0,0.0,0.31038430570972353,0.0,0.0,0.0,0.41146493767161996
2018-10-24,50.90315628051758,52.214941280510814,49.85527066023422,0.32571111459930485,0.2041918307832868,19755.745783805847,29000.0,382,0.31409078310787286,0.0,0.0,0.0,388,0,0,0,0.0,0.31220318727051277,0.12561394955382807,0.0,1.0,0.3292692846308052
2018-10-25,52.01783752441406,52.19616949421589,49.83705908712738,0.32692673270150463,0.21881707110912893,19755.745783805847,29000.0,382,0.27378465005406993,0.0,0.0,0.0,379,0,0,0,0.0,0.3124504570072252,0.01708285986595113,0.0,1.0,0.2450534253885941
2018-10-26,51.18953323364258,52.10029937416128,49.69592881129627,0.3306628733393348,0.2236159119905081,19755.745783805847,29000.0,382,0.3072775145389718,0.0,0.0,0.0,385,0,0,0,0.0,0.313713297898979,0.08740507746202991,0.0,1.0,0.2322575437348222
2018-10-29,50.22868347167969,51.9220502405916,49.40068223933097,0.3341784624187558,0.22162577140119014,19755.745783805847,29000.0,382,0.33995406594026994,0.0,0.0,0.0,393,0,0,0,0.0,0.316061269244621,0.16306817248792643,0.0,1.0,0.25654182839376416
2018-10-30,50.479549407958984,51.784669208912305,49.315251643282,0.33259200694326935,0.23307942269428353,19755.745783805847,29000.0,382,0.3308360000232447,0.0,0.0,0.0,391,0,0,0,0.0,0.31787090904122417,0.12601411005331917,0.0,1.0,0.18912258569299856
2018-10-31,51.79538345336914,51.78568961314629,49.698644890519,0.34465833487436426,0.23861839210560604,19755.745783805847,29000.0,382,0.12266991701792265,0.0,0.0,0.0,381,0,0,0,0.0,0.3178574678544178,0.0,0.0,0.0,0.20365943516565377
2018-11-01,52.59056091308594,51.862344022664345,49.97047563080337,0.34562466649949053,0.2431602328452126,20255.745783805847,29500.0,382,0.12934309520940696,0.0,0.0,0.0,385,0,0,0,0.0,0.32842659604549895,0.0,0.0,0.0,0.18448873011067568
2018-11-02,49.10218048095703,51.59947130440651,49.42050112382979,0.41382629981933317,0.24329614552413112,20255.745783805847,29500.0,382,0.5664753720281578,0.27745895338026294,1.0,0.5664753720281578,412,3,3,3,147.3065414428711,0.33183057497344787,0.24198802432654098,1.0,1.0,0.4174299765683718
2018-11-05,47.708255767822266,51.22887934854134,48.49821016738241,0.4230334657675373,0.2450010345417671,20108.439242362976,29500.0,385,0.6098782289777955,0.34979704829632585,1.0,0.6098782289777955,421,3,3,3,143.1247673034668,0.33141971019700284,0.3436170794178537,1.0,1.0,0.4388832634888995
2018-11-06,48.22417068481445,50.942716618662594,48.07518178318609,0.42138422748387405,0.24695114006476954,19965.31447505951,29500.0,388,0.3763633599843948,0.0,0.0,0.0,414,0,0,0,0.0,0.32997376108335297,0.2668238086121438,0.0,1.0,0.42195546378578763
2018-11-07,49.68674087524414,50.82309988119417,47.88182313137823,0.4093909539056407,0.2317250501907618,19965.31447505951,29500.0,388,0.3022783168030191,0.0,0.0,0.0,401,0,0,0,0.0,0.33154702529141233,0.11179552296164724,0.0,1.0,0.47225829910857686
2018-11-08,49.51337814331055,50.6983644775862,47.67712340447886,0.4085061926529713,0.21831142961195832,19965.31447505951,29500.0,388,0.29659023543641116,0.0,0.0,0.0,403,0,0,0,0.0,0.3331876129727645,0.11686632759125197,0.0,1.0,0.5593403781739623
2018-11-09,48.558685302734375,50.494585508552696,47.376021894273855,0.3892868549465699,0.216052918032724,19965.31447505951,29500.0,388,0.3372517051225122,0.0,0.0,0.0,411,0,0,0,0.0,0.3358678244976798,0.1916938406683644,0.0,1.0,0.5015104420220766
2018-11-12,46.112571716308594,50.077250861672304,46.33542242815219,0.4192359115864184,0.22663201423699614,19965.31447505951,29500.0,388,0.6275914989048337,0.37931916484138944,1.0,0.6275914989048337,432,3,3,3,138.33771514892578,0.3413568361244456,0.39585630971589164,1.0,1.0,0.5415441672331813
2018-11-13,45.651851654052734,49.65578427047044,45.450611432065884,0.4069593604736326,0.21142010421068688,19826.976759910583,29500.0,391,0.42485159201595646,0.04141932002659406,1.0,0.42485159201595646,434,2,2,2,91.30370330810547,0.34185045255071383,0.4031688025113708,0.0,1.0,0.6040707276198163
2018-11-14,44.36231231689453,49.151644084415594,44.33215604041603,0.41389467854271456,0.21243949165216985,19735.673056602478,29500.0,393,0.4622219869595403,0.10370331159923382,1.0,0.4622219869595403,444,2,2,2,88.72462463378906,0.34520013134998884,0.48719954914383073,0.0,1.0,0.6235786926267852
2018-11-15,45.457122802734375,48.79978491473167,43.65186334985317,0.4250825977123188,0.21141113509541734,19646.94843196869,29500.0,395,0.39252230475076655,0.0,0.0,0.0,432,0,0,0,0.0,0.34657915114172855,0.34248738163886966,0.0,1.0,0.6755763500050271
2018-11-16,45.96059799194336,48.5293861601804,43.275421423633084,0.4226431954599318,0.21165149463851812,19646.94843196869,29500.0,395,0.3602814217497608,0.0,0.0,0.0,427,0,0,0,0.0,0.35019974463487263,0.26466316303262843,0.0,1.0,0.6640688670061472
2018-11-19,44.139076232910156,48.111261405202285,42.59122874738177,0.43662289989102465,0.21900750437450606,19646.94843196869,29500.0,395,0.4297378862423088,0.04956314373718129,1.0,0.4297378862423088,445,2,2,2,88.27815246582031,0.35579836423542704,0.412812411925518,0.0,1.0,0.6613696303011649
2018-11-20,42.03020095825195,47.53211279120701,41.549966397312865,0.4532333128227641,0.22683647491349992,19558.67027950287,29500.0,397,0.5060843940523511,0.17680732342058508,1.0,0.5060843940523511,465,3,3,3,126.09060287475586,0.3603305498946039,0.5787573400243278,0.0,1.0,0.6650515641116823
2018-11-21,41.98270034790039,47.003597320415906,40.53293575086031,0.4457156043975578,0.1993554714707545,19432.579676628113,29500.0,400,0.46722682006274535,0.11204470010457555,1.0,0.46722682006274535,462,2,2,2,83.96540069580078,0.3626630871808013,0.5340970966848425,0.0,1.0,0.8631526267679441
2018-11-23,40.91638946533203,46.423863238979344,39.56912481253446,0.4333872156838173,0.18778580974899642,19348.614275932312,29500.0,402,0.48992377077706795,0.14987295129511322,1.0,0.48992377077706795,472,2,2,2,81.83277893066406,0.36737650772645103,0.5931727121993389,0.0,1.0,0.9232337818953749
2018-11-26,41.469730377197266,45.95204106166677,38.88799101804888,0.44198502832874437,0.18681176978360214,19266.781497001648,29500.0,404,0.4391216037348654,0.06520267289144233,1.0,0.4391216037348654,464,2,2,2,82.93946075439453,0.37069069190124154,0.487716168956927,0.0,1.0,0.9716148365131039
2018-11-27,41.379493713378906,45.51656036182983,38.25145989400293,0.4415918732302507,0.18524527998169446,19183.842036247253,29500.0,406,0.4239598206878285,0.039933034479714136,1.0,0.4239598206878285,463,2,2,2,82.75898742675781,0.3735686946812572,0.4544573025250243,0.0,1.0,0.9865187805499813
2018-11-28,42.97065353393555,45.27409304488752,38.13116937322276,0.47092250206162306,0.1945860542077324,19101.083048820496,29500.0,408,0.3327010376406838,0.0,0.0,0.0,444,0,0,0,0.0,0.37383627246392853,0.25438825562647976,0.0,1.0,1.0
2018-11-29,42.64054489135742,45.02327893502751,38.28758902384544,0.4538535651873322,0.19148656813150378,19101.083048820496,29500.0,408,0.34134919582878775,0.0,0.0,0.0,447,0,0,0,0.0,0.3773051591358907,0.2646113410696478,0.0,1.0,0.9751322926370456
2018-11-30,42.410179138183594,44.77441228770904,38.79093311941718,0.44480035792975475,0.1900132369347008,19101.083048820496,29500.0,408,0.3450691596583969,0.0,0.0,0.0,450,0,0,0,0.0,0.3807471114106682,0.26401610079586113,0.0,1.0,0.9507428583454125
2018-12-03,43.89208221435547,44.690380852151556,39.01038484670637,0.4202522559482294,0.19175549562820596,19601.083048820496,30000.0,408,0.28405260591060755,0.0,0.0,0.0,446,0,0,0,0.0,0.3922108204107388,0.08931436951019561,0.0,1.0,0.826337295538129
2018-12-04,41.961326599121094,44.43047092329151,38.79863284268813,0.43502917311627676,0.22492523804809678,19601.083048820496,30000.0,408,0.39194979178106953,0.0,0.0,0.0,467,0,0,0,0.0,0.39574559544323545,0.2778660987448628,0.0,1.0,0.6117547060357469
2018-12-06,41.49348831176758,44.15075829362256,38.66191129004399,0.43070931926466477,0.22346574034825922,19601.083048820496,30000.0,408,0.4045992854878976,0.007665475813162607,1.0,0.4045992854878976,472,2,2,2,82.98697662353516,0.3995496872067332,0.3009314091711552,0.0,1.0,0.6061720788215219
2018-12-07,40.01395034790039,43.75677658450616,38.63754183667351,0.4180861047857164,0.22066247185864774,19518.09607219696,30000.0,410,0.4654637166726377,0.10910619445439612,1.0,0.4654637166726377,487,2,2,2,80.02790069580078,0.40199072001174907,0.42768532428084177,0.0,1.0,0.5789050325902816
2018-12-10,40.277549743652344,43.42542164728199,38.90335641101011,0.4218200143268941,0.22136545810620886,19438.06817150116,30000.0,412,0.43593675303451035,0.059894588390850545,1.0,0.43593675303451035,482,2,2,2,80.55509948730469,0.4036242093773273,0.3624457500030602,0.0,1.0,0.5879472868666396
2018-12-11,40.04720687866211,43.10368690741343,39.14432759365598,0.42057814405253613,0.22030892516192505,19357.513072013855,30000.0,414,0.43278696558277646,0.054644942637960735,1.0,0.43278696558277646,483,2,2,2,80.09441375732422,0.4051691206776946,0.3545497204585575,0.0,1.0,0.5908651292853702
2018-12-12,40.1588249206543,42.823223861055425,39.03406815007896,0.39307418292885365,0.21229625710487576,19277.41865825653,30000.0,416,0.41848014838539616,0.030800247308993556,1.0,0.41848014838539616,480,2,2,2,80.3176498413086,0.40618462912669806,0.3110927553056325,0.0,1.0,0.542946746091526
2018-12-13,40.59815979003906,42.611312997149106,39.051054433294865,0.3976706961567453,0.21233134855020283,19197.101008415222,30000.0,418,0.3830541918317715,0.0,0.0,0.0,472,0,0,0,0.0,0.4062823722397224,0.2362228555647573,0.0,1.0,0.5607316068024435
2018-12-14,39.299110412597656,42.29586513195373,38.66129640535561,0.40072113074476645,0.22065318276535045,19197.101008415222,30000.0,418,0.4428833758458559,0.07147229307642648,1.0,0.4428833758458559,488,2,2,2,78.59822082519531,0.410677612494778,0.35426095553393516,0.0,1.0,0.5133897976706501
2018-12-17,38.933387756347656,41.97562919141982,38.49684549669506,0.38433206656481367,0.2252854808887128,19118.502787590027,30000.0,420,0.4564605489249901,0.09410091487498348,1.0,0.4564605489249901,491,2,2,2,77.86677551269531,0.41234119132012254,0.3623818741583061,0.0,1.0,0.42164830540302756
2018-12-18,39.439239501953125,41.73406826861347,38.78229401324867,0.38561472203015085,0.2247060751003927,19040.63601207733,30000.0,422,0.4165368837574871,0.027561472929145125,1.0,0.4165368837574871,482,2,2,2,78.87847900390625,0.41294077302150384,0.27493470704678385,0.0,1.0,0.4300708227324237
2018-12-19,38.20906448364258,41.398353622425766,38.4549043718762,0.3773143543836101,0.22377997586527443,18961.757533073425,30000.0,424,0.6695363581298572,0.44922726354976206,1.0,0.6695363581298572,496,3,3,3,114.62719345092773,0.4149032688030492,0.3851951659564945,1.0,1.0,0.4050793751193742
2018-12-20,37.244873046875,41.00278404380188,37.659064542791995,0.3526120715287723,0.22185606554890558,18847.130339622498,30000.0,427,0.711142226961374,0.5185703782689566,1.0,0.711142226961374,506,3,3,3,111.734619140625,0.41639370710988655,0.45825071206292145,1.0,1.0,0.3244776166638961
2018-12-21,35.796207427978516,40.50691960419966,36.54863349546008,0.3709950632262085,0.22862554261113208,18735.395720481873,30000.0,430,0.7651652924869837,0.6086088208116396,1.0,0.7651652924869838,523,4,4,4,143.18482971191406,0.4194008190064716,0.5814700577395606,1.0,1.0,0.35226602048730826
2018-12-24,34.87001419067383,39.97007146957815,35.299773223515835,0.371299840719152,0.24231354378756534,18592.21089076996,30000.0,434,0.7991952347106617,0.6653253911844361,1.0,0.7991952347106617,533,4,4,4,139.4800567626953,0.4217662994067694,0.6379845083321976,1.0,1.0,0.27692628771873395
2018-12-26,37.32561492919922,39.718218465732534,34.92730964944141,0.45901063468974107,0.30390970981026355,18452.730834007263,30000.0,438,0.44872739583156573,0.08121232638594286,1.0,0.44872739583156573,494,2,2,2,74.65122985839844,0.420114010400305,0.3011972375595809,0.0,1.0,0.25862665750382985
2018-12-27,37.0833740234375,39.467280899799675,34.562711008597944,0.4589317950213996,0.30612323539640546,18378.079604148865,30000.0,440,0.4504895719547972,0.08414928659132867,1.0,0.4504895719547972,495,2,2,2,74.166748046875,0.42114654680293806,0.30201052897645597,0.0,1.0,0.24931112145930134
2018-12-28,37.10237503051758,39.24205176939186,34.45216928097892,0.4300584556486921,0.28992592262475186,18303.91285610199,30000.0,442,0.43889507720008025,0.06482512866680039,1.0,0.43889507720008025,493,2,2,2,74.20475006103516,0.42183377059762667,0.27262549260270724,0.0,1.0,0.23611591240070062
2018-12-31,37.460975646972656,39.0724254720186,34.45417777736012,0.4340672678709901,0.29364149083366503,18229.708106040955,30000.0,444,0.409388423385467,0.015647372309111618,1.0,0.409388423385467,486,2,2,2,74.92195129394531,0.4217281030141247,0.20621318046917403,0.0,1.0,0.2318515418201752
2019-01-02,37.50373077392578,38.923025976962144,34.510376492435775,0.43482814950021687,0.290782010254367,18654.78615474701,30500.0,446,0.40130348973051,0.002172482884183295,1.0,0.40130348973051,497,2,2,2,75.00746154785156,0.43083050538606177,0.18232076867256142,0.0,1.0,0.24614583595870432
2019-01-03,33.76807403564453,38.43207817302713,34.09133173726686,0.5213970901891366,0.293109036082461,18579.778693199158,30500.0,448,0.7707861325487186,0.6179768875811977,1.0,0.7707861325487186,550,4,4,4,135.07229614257812,0.43548947470438837,0.6067853156918205,1.0,1.0,0.48237523129575455
2019-01-04,35.209598541259766,38.125175350954045,33.89216666394088,0.5423340373978205,0.3097873443852709,18444.70639705658,30500.0,452,0.47192606994636666,0.1198767832439444,1.0,0.47192606994636666,523,2,2,2,70.41919708251953,0.4349974013563532,0.38236897048413443,0.0,1.0,0.4588879738185281
2019-01-07,35.13124084472656,37.840038731313335,33.72892443214377,0.542608691408905,0.31181224474858416,18374.28719997406,30500.0,454,0.4625863340451929,0.10431055674198812,1.0,0.4625863340451929,523,2,2,2,70.26248168945312,0.4367417185568441,0.35792747277834996,0.0,1.0,0.4501480205564443
2019-01-08,35.800960540771484,37.645840808404586,33.586649744875025,0.5400052091519573,0.30466049886863783,18304.024718284607,30500.0,456,0.4092808878117635,0.015468146352939176,1.0,0.4092808878117635,511,2,2,2,71.60192108154297,0.43716382266778714,0.24503108816488756,0.0,1.0,0.4770682206294006
2019-01-09,36.408912658691406,37.52803812747952,33.64879347619579,0.5442040640342529,0.30504917019978794,18232.422797203064,30500.0,458,0.364840588972012,0.0,0.0,0.0,500,0,0,0,0.0,0.4364642143480125,0.14910524565480077,0.0,1.0,0.48665668029254006
2019-01-10,36.52528762817383,37.432538079926594,33.75033970420699,0.5448518705025047,0.3056410312204143,18232.422797203064,30500.0,458,0.3530329493620037,0.0,0.0,0.0,499,0,0,0,0.0,0.43789828063585634,0.12118473636700636,0.0,1.0,0.4855440828928457
2019-01-11,36.16667556762695,37.311979745421866,33.88247178266578,0.5445998140071142,0.3048264820139441,18232.422797203064,30500.0,458,0.36805095157208506,0.0,0.0,0.0,504,0,0,0,0.0,0.4397086320195667,0.15347673664186096,0.0,1.0,0.48882464325557384
2019-01-14,35.62284469604492,37.1511097407193,34.124278835817385,0.5425380215988534,0.30520732422264296,18232.422797203064,30500.0,458,0.3933792349321827,0.0,0.0,0.0,511,0,0,0,0.0,0.4421243193032971,0.20568228719683837,0.0,1.0,0.481337379928783
2019-01-15,36.351924896240234,37.07499689838796,34.2947926843975,0.5410913710915867,0.30023897920387976,18232.422797203064,30500.0,458,0.3431683931345328,0.0,0.0,0.0,501,0,0,0,0.0,0.44326725968978087,0.09751477581096755,0.0,1.0,0.5018352284080401
2019-01-16,36.79601287841797,37.04842699172415,34.490844002950695,0.5433260006558277,0.28967370814932075,18232.422797203064,30500.0,458,0.30867522718279145,0.0,0.0,0.0,495,0,0,0,0.0,0.4436662438619784,0.0340654291965708,0.0,1.0,0.5630402569355568
2019-01-17,37.014503479003906,37.04519618098889,34.87564170654104,0.5412739407041395,0.29040626564804123,18232.422797203064,30500.0,458,0.2962149153449345,0.0,0.0,0.0,492,0,0,0,0.0,0.4437147589871177,0.004142602165612691,0.0,1.0,0.5532089717379416
2019-01-18,37.242496490478516,37.063986686654566,35.02800906860024,0.531254807264891,0.2855191186938588,18232.422797203064,30500.0,458,0.14448943238838086,0.0,0.0,0.0,489,0,0,0,0.0,0.443432593361056,0.0,0.0,0.0,0.5505523462409434
2019-01-22,36.40653991699219,37.00137270859148,35.01145939308305,0.5296391817525412,0.2841411233000834,18232.422797203064,30500.0,458,0.3308053248249377,0.0,0.0,0.0,500,0,0,0,0.0,0.44437282949065904,0.08037982756531332,0.0,1.0,0.5533337085024987
2019-01-23,36.55377960205078,36.95874479368285,34.978739596641255,0.5100259897809644,0.2697732691498262,18232.422797203064,30500.0,458,0.3173618482002677,0.0,0.0,0.0,498,0,0,0,0.0,0.4450129470325658,0.05478611271739997,0.0,1.0,0.5754772868721694
2019-01-24,36.2640495300293,36.89258334000156,35.03257888599164,0.501127737741231,0.24307075589726385,18232.422797203064,30500.0,458,0.317231361074118,0.0,0.0,0.0,502,0,0,0,0.0,0.44600645345177986,0.08518430441420997,0.0,1.0,0.7180447996557751
2019-01-25,37.465728759765625,36.94716861807432,35.07129019828123,0.44879460924181624,0.18111344536604704,18232.422797203064,30500.0,458,0.1003340507480289,0.0,0.0,0.0,486,0,0,0,0.0,0.44518677944006424,0.0,0.0,0.0,1.0
2019-01-28,37.118995666503906,36.963533098877136,35.08483303024592,0.4494792883931526,0.18485084578174904,18232.422797203064,30500.0,458,0.10022346978103022,0.0,0.0,0.0,491,0,0,0,0.0,0.44494104395784495,0.0,0.0,0.0,1.0
2019-01-29,36.7342643737793,36.941697982201156,35.08506388859877,0.45111292560381283,0.18491911840958067,18232.422797203064,30500.0,458,0.26300513176978335,0.0,0.0,0.0,496,0,0,0,0.0,0.44526892866071704,0.028075808605468273,0.0,1.0,1.0
2019-01-30,39.2444953918457,37.16101202121492,34.9480843947613,0.5119275031062518,0.18930360846756988,18232.422797203064,30500.0,458,0.09888903024352805,0.0,0.0,0.0,464,0,0,0,0.0,0.44197562276339564,0.0,0.0,0.0,1.0
2019-01-31,39.527103424072266,37.38635405958229,34.81740172344168,0.5121135739770359,0.18997902881658602,18232.422797203064,30500.0,458,0.09736630912524885,0.0,0.0,0.0,461,0,0,0,0.0,0.43859179805610854,0.0,0.0,0.0,1.0
2019-02-01,39.54611587524414,37.5920456610739,35.0492844592962,0.34014346686694297,0.15796301617861838,18732.422797203064,31000.0,458,0.12063096300597545,0.0,0.0,0.0,473,0,0,0,0.0,0.44460784152348887,0.0,0.0,0.0,0.7944256567959453
2019-02-04,40.66940689086914,37.88512768295916,34.945509826292295,0.3243118738086442,0.11461146705194221,18732.422797203064,31000.0,458,0.09812500595297152,0.0,0.0,0.0,460,0,0,0,0.0,0.4402777910066034,0.0,0.0,0.0,1.0
2019-02-05,41.36524200439453,38.216567142143475,34.87461924556302,0.3239408557359968,0.11402021402889602,18732.422797203064,31000.0,458,0.09592146812916871,0.0,0.0,0.0,452,0,0,0,0.0,0.4353810402870416,0.0,0.0,0.0,1.0
2019-02-06,41.379493713378906,38.517798244165895,34.83815445768353,0.3225756406058369,0.11340115028065803,18732.422797203064,31000.0,458,0.09391876715733577,0.0,0.0,0.0,452,0,0,0,0.0,0.4309305936829684,0.0,0.0,0.0,1.0
2019-02-07,40.59579086303711,38.71570230310601,34.87719790052616,0.3335249879464348,0.121434104293315,18732.422797203064,31000.0,458,0.09260302436547907,0.0,0.0,0.0,461,0,0,0,0.0,0.4280067208121757,0.0,0.0,0.0,1.0
2019-02-08,40.64348602294922,38.89930075261489,34.93810286005584,0.3338002964184316,0.12127706826810909,18732.422797203064,31000.0,458,0.09138239080277646,0.0,0.0,0.0,460,0,0,0,0.0,0.4252942017839477,0.0,0.0,0.0,1.0
2019-02-11,40.40974426269531,39.0431525154797,35.071440627866394,0.3316199956135553,0.12110226127685057,18732.422797203064,31000.0,458,0.0904260085986979,0.0,0.0,0.0,463,0,0,0,0.0,0.42316890799710644,0.0,0.0,0.0,1.0
2019-02-12,40.75796890258789,39.206468361870954,35.31326362355271,0.32244337658492833,0.1234498476994387,18732.422797203064,31000.0,458,0.08934022163285149,0.0,0.0,0.0,459,0,0,0,0.0,0.4207560480730033,0.0,0.0,0.0,1.0
2019-02-13,40.588626861572266,39.338102504699656,35.50027559859995,0.32059069038874416,0.12010654763047589,18732.422797203064,31000.0,458,0.0884650668961742,0.0,0.0,0.0,461,0,0,0,0.0,0.418811259769276,0.0,0.0,0.0,1.0
2019-02-14,40.73650360107422,39.47128356149724,35.66567978102753,0.319728426825566,0.12159645135545005,18732.422797203064,31000.0,458,0.08757962767662641,0.0,0.0,0.0,459,0,0,0,0.0,0.41684361705916984,0.0,0.0,0.0,1.0
2019-02-15,40.645870208740234,39.58314895647276,35.8329543856071,0.3208192881869406,0.1239769968509663,18732.422797203064,31000.0,458,0.08683590322809559,0.0,0.0,0.0,460,0,0,0,0.0,0.41519089606243464,0.0,0.0,0.0,1.0
2019-02-19,40.76751708984375,39.69594592155571,36.00115376231321,0.3208486293380667,0.11753494753671151,18732.422797203064,31000.0,458,0.08608598534088285,0.0,0.0,0.0,459,0,0,0,0.0,0.41352441186862854,0.0,0.0,0.0,1.0
2019-02-20,41.029869079589844,39.82298622232087,36.336491877195115,0.30436898783844396,0.1008563857927436,18732.422797203064,31000.0,458,0.08524137224450543,0.0,0.0,0.0,456,0,0,0,0.0,0.4116474938766787,0.0,0.0,0.0,1.0
2019-02-21,40.79851150512695,39.915893392111926,36.70483722511029,0.30719156285002575,0.10334539068437452,18732.422797203064,31000.0,458,0.08462368941566878,0.0,0.0,0.0,459,0,0,0,0.0,0.41027486536815283,0.0,0.0,0.0,1.0
2019-02-22,41.254058837890625,40.04333772028132,37.244882644753446,0.303427344377843,0.1041360941595513,18732.422797203064,31000.0,458,0.0837763901887103,0.0,0.0,0.0,454,0,0,0,0.0,0.408391978197134,0.0,0.0,0.0,1.0
2019-02-25,41.55458068847656,40.1872656220142,37.59845197052896,0.2869069546730848,0.10203471984819626,18732.422797203064,31000.0,458,0.08281950178396363,0.0,0.0,0.0,450,0,0,0,0.0,0.4062655595199192,0.0,0.0,0.0,1.0
2019-02-26,41.57842254638672,40.31975675766873,38.136686163855344,0.28235957212048257,0.09547350691576256,18732.422797203064,31000.0,458,0.08193864942724116,0.0,0.0,0.0,450,0,0,0,0.0,0.40430810983831367,0.0,0.0,0.0,1.0
2019-02-27,41.70722198486328,40.451896303115824,39.09359722609454,0.27608982314548075,0.09499023423046547,18732.422797203064,31000.0,458,0.08106013457831704,0.0,0.0,0.0,449,0,0,0,0.0,0.40235585461848233,0.0,0.0,0.0,1.0
2019-02-28,41.29698181152344,40.53238063724988,39.35124011879148,0.1581652038302084,0.0841196504303394,18732.422797203064,31000.0,458,0.1238383052739131,0.0,0.0,0.0,453,0,0,0,0.0,0.40116676348837277,0.0,0.0,0.0,0.5668673829585467
2019-03-01,41.73106002807617,40.64654057923334,39.57612144119243,0.15986976051685733,0.08252629533090786,19232.422797203064,31500.0,458,0.12262233885207074,0.0,0.0,0.0,460,0,0,0,0.0,0.40901220364162316,0.0,0.0,0.0,0.6143315278665966
2019-03-04,41.94095993041992,40.76981861267968,39.83472964213851,0.15982338202661364,0.08494434767099604,19232.422797203064,31500.0,458,0.12645665375212262,0.0,0.0,0.0,458,0,0,0,0.0,0.4072197801711971,0.0,0.0,0.0,0.5679224732491608
2019-03-05,41.864627838134766,40.874086157961116,39.89571409662508,0.12914906497415637,0.08315213962943464,19232.422797203064,31500.0,458,0.1531362045734032,0.0,0.0,0.0,459,0,0,0,0.0,0.405703763163613,0.0,0.0,0.0,0.2943048885022266
2019-03-06,41.62374496459961,40.94548223478383,39.94752035760676,0.1174196790960497,0.08634358043705678,19232.422797203064,31500.0,458,0.16877355143238637,0.0,0.0,0.0,462,0,0,0,0.0,0.4046656868720319,0.0,0.0,0.0,0.13326007660028005
2019-03-07,41.141963958740234,40.964194779922536,39.97233547392659,0.12480080508925938,0.09132548943452876,19232.422797203064,31500.0,458,0.16809799769454375,0.0,0.0,0.0,467,0,0,0,0.0,0.4043936124062057,0.0,0.0,0.0,0.1387912788824881
2019-03-08,41.23974609375,40.990437762191824,40.03077096973629,0.10362147766577759,0.08450523740535544,19232.422797203064,31500.0,458,0.17962094863123568,0.0,0.0,0.0,466,0,0,0,0.0,0.4040120477751157,0.0,0.0,0.0,0.021844728675663783
2019-03-11,42.66839599609375,41.15024330827772,40.01187424947435,0.15867157563020887,0.09798420659128408,19232.422797203064,31500.0,458,0.1458132798172266,0.0,0.0,0.0,450,0,0,0,0.0,0.4016885258669461,0.0,0.0,0.0,0.34946556822899133
2019-03-12,43.14777374267578,41.34048430202992,39.99617669689291,0.15843923077867442,0.09810035593990933,19232.422797203064,31500.0,458,0.14492570490749113,0.0,0.0,0.0,445,0,0,0,0.0,0.39892248221175547,0.0,0.0,0.0,0.34589412087798843
2019-03-13,43.338584899902344,41.53077959706539,39.969555297230784,0.1572780133710408,0.09096255573023074,19232.422797203064,31500.0,458,0.13418326911711453,0.0,0.0,0.0,443,0,0,0,0.0,0.39615564903314443,0.0,0.0,0.0,0.44086772947800457
2019-03-14,43.820350646972656,41.74883398277085,39.94840768650835,0.15725043632543087,0.0909809522103377,19232.422797203064,31500.0,458,0.13281096396781963,0.0,0.0,0.0,438,0,0,0,0.0,0.39298520748860166,0.0,0.0,0.0,0.44032379402051114
2019-03-15,44.39037322998047,42.000409149171766,39.89373219959581,0.16053956061180275,0.09093931915185068,19232.422797203064,31500.0,458,0.12808497552654124,0.0,0.0,0.0,433,0,0,0,0.0,0.3893273844342645,0.0,0.0,0.0,0.4711234746887778
2019-03-18,44.843544006347656,42.27118389747423,39.86573664816485,0.159848728498455,0.08434305312363798,19232.422797203064,31500.0,458,0.11549059618771626,0.0,0.0,0.0,428,0,0,0,0.0,0.38539040555418425,0.0,0.0,0.0,0.5793508631166666
2019-03-19,44.48816680908203,42.482325127151164,39.935195470997755,0.16621430261564693,0.08442281776092543,19232.422797203064,31500.0,458,0.10797492423678419,0.0,0.0,0.0,432,0,0,0,0.0,0.3823204791036434,0.0,0.0,0.0,0.6406929135985535
2019-03-20,44.87693786621094,42.710383483252095,39.98379280713269,0.16678338911139448,0.0854699303065958,19232.422797203064,31500.0,458,0.10793796275710406,0.0,0.0,0.0,428,0,0,0,0.0,0.37900458300541395,0.0,0.0,0.0,0.6261409959533222
2019-03-21,46.5297737121582,43.0741349336241,39.91477792009498,0.19766637514512073,0.09105493159518242,19232.422797203064,31500.0,458,0.0872681260988341,0.0,0.0,0.0,413,0,0,0,0.0,0.3737157523936559,0.0,0.0,0.0,0.8090396247831106
2019-03-22,45.56620788574219,43.311475214778206,39.99771812521691,0.21924688182480265,0.11428815564162781,19232.422797203064,31500.0,458,0.1067551020213221,0.0,0.0,0.0,422,0,0,0,0.0,0.37026490005179624,0.0,0.0,0.0,0.5986410300198621
2019-03-25,45.015262603759766,43.4737406803955,40.10959350119968,0.2272943245273666,0.11426898256898019,19232.422797203064,31500.0,458,0.09979781265480754,0.0,0.0,0.0,427,0,0,0,0.0,0.36790561169456704,0.0,0.0,0.0,0.6575971260774764
2019-03-26,44.55018615722656,43.576259297236554,40.240217207517446,0.23277116788252222,0.11695084794124944,19232.422797203064,31500.0,458,0.0990256517219147,0.0,0.0,0.0,431,0,0,0,0.0,0.3664150235512907,0.0,0.0,0.0,0.658611088761661
2019-03-27,44.95087432861328,43.707175014510526,40.37956402340358,0.2335559013850447,0.11831705482353229,19232.422797203064,31500.0,458,0.09953158164032776,0.0,0.0,0.0,427,0,0,0,0.0,0.36451155058267243,0.0,0.0,0.0,0.6449861612187484
2019-03-28,45.010498046875,43.83130101759286,40.59670490975125,0.22817704299937855,0.11829050966286517,19232.422797203064,31500.0,458,0.10247182812473826,0.0,0.0,0.0,427,0,0,0,0.0,0.36270679790293564,0.0,0.0,0.0,0.6074623093158276
2019-03-29,45.30385208129883,43.97154397604104,40.78587544269568,0.22719941980592964,0.1181777917466084,19232.422797203064,31500.0,458,0.10209029198544506,0.0,0.0,0.0,424,0,0,0,0.0,0.3606677098086731,0.0,0.0,0.0,0.6021017742845782
2019-04-01,45.61153030395508,44.127733150128094,40.97402858657298,0.2273694984183599,0.1230810087577989,19732.422797203064,32000.0,458,0.11184683110812738,0.0,0.0,0.0,432,0,0,0,0.0,0.36842181928879164,0.0,0.0,0.0,0.5394298757182885
2019-04-02,46.27457046508789,44.332193846790936,41.19021861445813,0.2289376874628421,0.12284188374289542,19732.422797203064,32000.0,458,0.10916648350710562,0.0,0.0,0.0,426,0,0,0,0.0,0.3654954755678047,0.0,0.0,0.0,0.553064804984065
2019-04-03,46.5917854309082,44.5473930452783,41.48500316522419,0.2253428011355987,0.11922503414789012,19732.422797203064,32000.0,458,0.10558171384889509,0.0,0.0,0.0,423,0,0,0,0.0,0.3624154370394544,0.0,0.0,0.0,0.5750523281885938
2019-04-04,46.67287826538086,44.74982020909759,41.965812741941726,0.21655185851568962,0.11327158428661653,19732.422797203064,32000.0,458,0.10246707897247237,0.0,0.0,0.0,422,0,0,0,0.0,0.3595181982572907,0.0,0.0,0.0,0.5931611024330845
2019-04-05,46.985313415527344,44.962724323995666,42.53904992937021,0.21602586528818474,0.11226692738107978,19732.422797203064,32000.0,458,0.10006058517004274,0.0,0.0,0.0,419,0,0,0,0.0,0.35647100811281207,0.0,0.0,0.0,0.6035136848072269
2019-04-08,47.72468566894531,45.225768261609915,42.78533451442685,0.19267166309736186,0.1030150069988824,19732.422797203064,32000.0,458,0.10285727244324297,0.0,0.0,0.0,413,0,0,0,0.0,0.3527061917557081,0.0,0.0,0.0,0.5586051384682569
2019-04-09,47.581565856933594,45.45012993735503,43.02151779186936,0.19385449633245494,0.10681739437417698,19732.422797203064,32000.0,458,0.10603763776372613,0.0,0.0,0.0,414,0,0,0,0.0,0.3494950152716061,0.0,0.0,0.0,0.5123511910849663
2019-04-10,47.84870147705078,45.67856532208796,43.259926332636105,0.19385575050908854,0.10518897633162007,19732.422797203064,32000.0,458,0.10222412461685232,0.0,0.0,0.0,412,0,0,0,0.0,0.346225533827616,0.0,0.0,0.0,0.5357736560557489
2019-04-11,47.45039749145508,45.84731124298007,43.48857332365398,0.19800199793217405,0.10498131633347382,19732.422797203064,32000.0,458,0.09754225101383757,0.0,0.0,0.0,415,0,0,0,0.0,0.3438103578348478,0.0,0.0,0.0,0.5717241001184394
2019-04-12,47.43131637573242,45.99816887467077,43.66084351744444,0.1956728559596701,0.10586684417505732,19732.422797203064,32000.0,458,0.09971869860392647,0.0,0.0,0.0,416,0,0,0,0.0,0.3416512079812747,0.0,0.0,0.0,0.5402434498764714
2019-04-15,47.51717758178711,46.14283637058661,43.793952020655134,0.19405552471003204,0.10578967737963804,19732.422797203064,32000.0,458,0.09994861331674568,0.0,0.0,0.0,415,0,0,0,0.0,0.3395806544459792,0.0,0.0,0.0,0.5286268118394497
2019-04-16,47.5219612121582,46.274181593593426,43.999860663992166,0.19013070045109726,0.10570022635812619,19732.422797203064,32000.0,458,0.10206760927764207,0.0,0.0,0.0,415,0,0,0,0.0,0.3377007759416941,0.0,0.0,0.0,0.49897739896120297
2019-04-17,48.44734573364258,46.48114960693144,44.134569773411336,0.1978122525749756,0.10536771448225744,19732.422797203064,32000.0,458,0.09418637503094641,0.0,0.0,0.0,407,0,0,0,0.0,0.33473854625079374,0.0,0.0,0.0,0.5644597078191078
2019-04-18,48.6214485168457,46.684987598351846,44.15874930446738,0.15499308698018052,0.09924331051279396,19732.422797203064,32000.0,458,0.11917379706716764,0.0,0.0,0.0,405,0,0,0,0.0,0.33182111499858924,0.0,0.0,0.0,0.30145704682197527
2019-04-22,48.78124237060547,46.88463090999505,44.238149158394236,0.12909932144249853,0.06596245972664969,19732.422797203064,32000.0,458,0.08493671205424298,0.0,0.0,0.0,404,0,0,0,0.0,0.32896372010069574,0.0,0.0,0.0,0.6309696199107011
2019-04-23,49.484832763671875,47.13226918177379,44.366289596748125,0.12081742258137983,0.06950707025431434,19732.422797203064,32000.0,458,0.10158844937473138,0.0,0.0,0.0,398,0,0,0,0.0,0.3254193973358626,0.0,0.0,0.0,0.4485027942640678
2019-04-24,49.40852355957031,47.34905531299251,44.642967476642546,0.10976738605958648,0.06886591462834643,19732.422797203064,32000.0,458,0.11221506473492526,0.0,0.0,0.0,399,0,0,0,0.0,0.3223166458327947,0.0,0.0,0.0,0.3282742588983234
2019-04-25,48.96013259887695,47.502491244981506,44.92606811936231,0.11978993995146009,0.06503956059892826,19732.422797203064,32000.0,458,0.09057083502609584,0.0,0.0,0.0,403,0,0,0,0.0,0.3201205940562022,0.0,0.0,0.0,0.5348343229919517
2019-04-26,48.72639083862305,47.619053111042604,45.260082490283125,0.12369732618263608,0.0654831577249772,19732.422797203064,32000.0,458,0.08588732594488324,0.0,0.0,0.0,404,0,0,0,0.0,0.31845230234820276,0.0,0.0,0.0,0.57416210111808
2019-04-29,48.80033493041992,47.73155614145949,45.59618387943266,0.12362242210513211,0.06330017632736301,19732.422797203064,32000.0,458,0.07983266167447227,0.0,0.0,0.0,404,0,0,0,0.0,0.316842102725361,0.0,0.0,0.0,0.6274628455194018
2019-04-30,47.860618591308594,47.74384780334988,45.87887793612735,0.14741745534981485,0.05197447876912519,19732.422797203064,32000.0,458,0.042499780241549684,0.0,0.0,0.0,412,0,0,0,0.0,0.31666617831455485,0.0,0.0,0.0,1.0
2019-05-01,50.20988845825195,47.978708818102454,46.022975345772224,0.21874229714659343,0.060674425245002446,20232.422797203064,32500.0,458,0.04574117269504874,0.0,0.0,0.0,402,0,0,0,0.0,0.32386927265566384,0.0,0.0,0.0,1.0
2019-05-02,49.88312911987305,48.16008218017585,46.19591804264094,0.22169612141857312,0.06147596533731762,20232.422797203064,32500.0,458,0.04459098654356178,0.0,0.0,0.0,405,0,0,0,0.0,0.3213133034301373,0.0,0.0,0.0,1.0
2019-05-03,50.503238677978516,48.38323994187134,46.34003172333645,0.22380241210278995,0.0690055910213238,20232.422797203064,32500.0,458,0.04317582301477896,0.0,0.0,0.0,400,0,0,0,0.0,0.3181684955883977,0.0,0.0,0.0,1.0
2019-05-06,49.72333908081055,48.51086843129412,46.525331298862035,0.2338929852716697,0.07045480013448513,20232.422797203064,32500.0,458,0.042366462040316355,0.0,0.0,0.0,406,0,0,0,0.0,0.31636991564514744,0.0,0.0,0.0,1.0
2019-05-07,48.3829460144043,48.49868534397128,46.55454642050232,0.25135145094440137,0.09318260942831329,20232.422797203064,32500.0,458,0.19781321744511024,0.0,0.0,0.0,418,0,0,0,0.0,0.31654160346034316,0.011932213084346218,0.0,1.0,1.0
2019-05-08,48.392494201660156,48.48857190184641,46.60604175890409,0.25096604076700973,0.09076209654265108,20232.422797203064,32500.0,458,0.1969661197391783,0.0,0.0,0.0,418,0,0,0,0.0,0.31668412519859523,0.009907251999578702,0.0,1.0,1.0
2019-05-09,47.872554779052734,48.42990360443749,46.54960950797131,0.2536478022101347,0.0904253203341663,20232.422797203064,32500.0,458,0.21877371638858698,0.0,0.0,0.0,422,0,0,0,0.0,0.3175108968974655,0.057541806188283307,0.0,1.0,1.0
2019-05-10,47.209354400634766,48.31366082312295,46.39693295838994,0.2568356474957432,0.09153932250396869,20232.422797203064,32500.0,458,0.24504536183158118,0.0,0.0,0.0,428,0,0,0,0.0,0.31914902593875966,0.11428511146475409,0.0,1.0,1.0
2019-05-13,44.4655647277832,47.947175480709646,45.30125531526096,0.3291700480406431,0.12170239698726146,20232.422797203064,32500.0,458,0.559321448404485,0.2655357473408084,1.0,0.559321448404485,455,3,3,3,133.3966941833496,0.32431365014876873,0.36306734630564236,1.0,1.0,1.0
2019-05-14,45.169464111328125,47.682631540768554,44.663863899887666,0.3355965839594372,0.12643270940738324,20099.026103019714,32500.0,461,0.3142269088425914,0.0,0.0,0.0,444,0,0,0,0.0,0.3236402110678676,0.2635306974712245,0.0,1.0,1.0
2019-05-15,45.710567474365234,47.494815915396806,44.26138731245161,0.33935922780549727,0.1287867917826044,20099.026103019714,32500.0,461,0.2813631930611895,0.0,0.0,0.0,439,0,0,0,0.0,0.3263043034769868,0.18783612554787865,0.0,1.0,1.0
2019-05-16,45.50944519042969,47.30573298920946,43.83629730158187,0.3300353573308447,0.1332793642063323,20099.026103019714,32500.0,461,0.2834806061028895,0.0,0.0,0.0,441,0,0,0,0.0,0.32898637206075193,0.18985941927900257,0.0,1.0,1.0
2019-05-17,45.25088119506836,47.11003281833888,43.410304543167726,0.32925005827889386,0.13442564834034354,20099.026103019714,32500.0,461,0.2880870981935175,0.0,0.0,0.0,444,0,0,0,0.0,0.3317623037152547,0.19732013671478424,0.0,1.0,1.0
2019-05-20,43.83588409423828,46.7982091303293,42.67700726897433,0.3425506288843378,0.1358879513919137,20099.026103019714,32500.0,461,0.34370835424347657,0.0,0.0,0.0,458,0,0,0,0.0,0.3361854027974829,0.3164998288546872,0.0,1.0,1.0
2019-05-21,44.67625427246094,46.59611819148469,42.3378629615247,0.3465321655855918,0.13555652353420863,20099.026103019714,32500.0,461,0.295278407878956,0.0,0.0,0.0,449,0,0,0,0.0,0.3390519850377094,0.20601114358219266,0.0,1.0,1.0
2019-05-22,43.76165771484375,46.32616957466175,41.84979802567086,0.35061108366649224,0.1356389608179809,20099.026103019714,32500.0,461,0.3288514017917715,0.0,0.0,0.0,459,0,0,0,0.0,0.3428811023409518,0.2767886794185403,0.0,1.0,1.0
2019-05-23,43.014652252197266,46.010786972522276,41.23432664956721,0.3527384403638236,0.14080285334657203,20099.026103019714,32500.0,461,0.352825317458595,0.0,0.0,0.0,467,0,0,0,0.0,0.3473546832512994,0.32559046665668934,0.0,1.0,1.0
2019-05-24,42.8494758605957,45.70970972376736,40.67767016634716,0.3528046904693994,0.13926555195318194,20099.026103019714,32500.0,461,0.3490226353274396,0.0,0.0,0.0,469,0,0,0,0.0,0.35162534822594604,0.3128693969461418,0.0,1.0,1.0
2019-05-28,42.672279357910156,45.42043064130477,40.196044163506116,0.351739994303649,0.14059116766320356,20099.026103019714,32500.0,461,0.34621355920426466,0.0,0.0,0.0,471,0,0,0,0.0,0.35572866074949233,0.3025236930377624,0.0,1.0,1.0
2019-05-29,42.468772888183594,45.139320379102756,39.6919472347823,0.34848984806051075,0.14086965657333625,20099.026103019714,32500.0,461,0.34498749437958987,0.0,0.0,0.0,473,0,0,0,0.0,0.3597161016994963,0.29581166358848104,0.0,1.0,1.0
2019-05-30,42.68905258178711,44.90596154126317,39.62368526104147,0.2861768953860517,0.14074231055290573,20099.026103019714,32500.0,461,0.3549944088121703,0.0,0.0,0.0,470,0,0,0,0.0,0.36302620706085165,0.24683904802249756,0.0,1.0,0.6944495597533691
2019-05-31,41.91572570800781,44.62117717619123,39.4663641492209,0.2883730871294506,0.14592802179366854,20099.026103019714,32500.0,461,0.3869229007297574,0.0,0.0,0.0,479,0,0,0,0.0,0.367065763746949,0.303157787332758,0.0,1.0,0.6467769725611077
2019-06-03,41.491943359375,44.32315490792302,39.518525120647304,0.2775670095332066,0.1382623819276689,20599.026103019714,33000.0,461,0.39779598794364945,0.0,0.0,0.0,496,0,0,0,0.0,0.38081895719537845,0.3193828997991661,0.0,1.0,0.6729484770389562
2019-06-04,43.00987243652344,44.19808038683734,39.91651266689576,0.32113488742639607,0.1640124868502393,20599.026103019714,33000.0,461,0.3194772473889736,0.0,0.0,0.0,478,0,0,0,0.0,0.3825662103535754,0.13441850187997798,0.0,1.0,0.6316587311612543
2019-06-05,43.70420455932617,44.15104459374104,40.26582674676447,0.3221039369834903,0.15875623707067402,20599.026103019714,33000.0,461,0.2761452934727789,0.0,0.0,0.0,471,0,0,0,0.0,0.38322328612986006,0.05060356312364738,0.0,1.0,0.6907678869129947
2019-06-06,44.34585952758789,44.169598396964545,40.797821016133874,0.3291550902519169,0.16070861304406842,20599.026103019714,33000.0,461,0.10165480865217993,0.0,0.0,0.0,464,0,0,0,0.0,0.3829640951211922,0.0,0.0,0.0,0.7067903415235657
2019-06-07,45.526214599609375,44.29879994007358,41.34510472740771,0.34553712480962623,0.16508841595753787,20599.026103019714,33000.0,461,0.09710139935453449,0.0,0.0,0.0,452,0,0,0,0.0,0.38115918871594184,0.0,0.0,0.0,0.7442023556763935
2019-06-10,46.108009338378906,44.47110559705504,41.739459302923855,0.34663867099686024,0.16539538023029693,20599.026103019714,33000.0,461,0.09578693069391371,0.0,0.0,0.0,446,0,0,0,0.0,0.37875213090174625,0.0,0.0,0.0,0.7465152821187211
2019-06-11,46.64192199707031,44.67785001610412,41.69131269847547,0.2750836882246431,0.13845004936137334,20599.026103019714,33000.0,461,0.10356542238182932,0.0,0.0,0.0,441,0,0,0,0.0,0.3758639740174546,0.0,0.0,0.0,0.6557336592602523
2019-06-12,46.49348068237305,44.85076722241544,41.702410947895295,0.2711460696544915,0.13660067129862843,20599.026103019714,33000.0,461,0.1026389218734798,0.0,0.0,0.0,443,0,0,0,0.0,0.37344837304443884,0.0,0.0,0.0,0.6541284599651769
2019-06-13,46.483909606933594,45.00630459236955,41.75646449389418,0.2683856946278349,0.1358917819743612,20599.026103019714,33000.0,461,0.10249102253899237,0.0,0.0,0.0,443,0,0,0,0.0,0.37127556311871623,0.0,0.0,0.0,0.6458298086442995
2019-06-14,46.14631271362305,45.114876794393695,41.79606625576997,0.2693367232218672,0.132610441296741,20599.026103019714,33000.0,461,0.09713838921589989,0.0,0.0,0.0,446,0,0,0,0.0,0.3697588423571062,0.0,0.0,0.0,0.692530898447979
2019-06-17,46.4216423034668,45.23933065240065,41.79997131393778,0.26877391837876585,0.13067354484411992,20599.026103019714,33000.0,461,0.09420620160920976,0.0,0.0,0.0,443,0,0,0,0.0,0.36802025967403934,0.0,0.0,0.0,0.7140291524410793
2019-06-18,47.51341247558594,45.455909873656395,41.720897227764965,0.250122418144745,0.13153291740056913,20599.026103019714,33000.0,461,0.10578132037708216,0.0,0.0,0.0,433,0,0,0,0.0,0.36499471358316365,0.0,0.0,0.0,0.5846630073534147
2019-06-19,47.374549865722656,45.63863749194842,41.67328119409132,0.2447659507734187,0.12900904624198564,20599.026103019714,33000.0,461,0.10499247695643978,0.0,0.0,0.0,434,0,0,0,0.0,0.36244206412762964,0.0,0.0,0.0,0.5810645190099357
2019-06-20,47.75522994995117,45.840217726043925,41.64271448687843,0.22883204908172153,0.13140419245663548,20599.026103019714,33000.0,461,0.11671201889035501,0.0,0.0,0.0,431,0,0,0,0.0,0.35962604934223485,0.0,0.0,0.0,0.4511970331365067
2019-06-21,47.59242630004883,46.00709473309202,41.705772211446785,0.21658406941564173,0.12183701918566218,20599.026103019714,33000.0,461,0.11264483596202249,0.0,0.0,0.0,432,0,0,0,0.0,0.357294828122563,0.0,0.0,0.0,0.48137836693130875
2019-06-24,47.5445442199707,46.153518493747136,41.82484081549859,0.2152522184193636,0.12262843195064028,20599.026103019714,33000.0,461,0.11358547913042141,0.0,0.0,0.0,433,0,0,0,0.0,0.35524933255704755,0.0,0.0,0.0,0.4627672052024998
2019-06-25,46.82387161254883,46.21736164791873,42.00134030507994,0.2249949790885661,0.12395528722403111,20599.026103019714,33000.0,461,0.10820001253699878,0.0,0.0,0.0,439,0,0,0,0.0,0.35435746303968085,0.0,0.0,0.0,0.5126084583085762
2019-06-26,47.83665466308594,46.371580030315606,42.25978432358301,0.22965075265198043,0.12009411967546323,20599.026103019714,33000.0,461,0.0991366829691214,0.0,0.0,0.0,430,0,0,0,0.0,0.35220307897043956,0.0,0.0,0.0,0.593547025675764
2019-06-27,47.822265625,46.50974056314269,42.5433915994042,0.23075332867387321,0.12020687829482284,20599.026103019714,33000.0,461,0.09765327633848861,0.0,0.0,0.0,430,0,0,0,0.0,0.3502730181936733,0.0,0.0,0.0,0.5996958184866439
2019-06-28,47.38651657104492,46.59324304008576,43.061032285223604,0.22035981334399035,0.10549554678391494,20599.026103019714,33000.0,461,0.08303069961594832,0.0,0.0,0.0,434,0,0,0,0.0,0.34910651389455954,0.0,0.0,0.0,0.7406723163660349
2019-07-01,48.25562286376953,46.75156492805564,43.88541379485024,0.21544279379736558,0.10395325292099294,21099.026103019714,33500.0,461,0.08778111522371272,0.0,0.0,0.0,437,0,0,0,0.0,0.35664264382586114,0.0,0.0,0.0,0.7270807449792478
2019-07-02,48.53813934326172,46.92171487236099,44.449531497696704,0.18639117853807305,0.08065745146083715,21099.026103019714,33500.0,461,0.06686066006700359,0.0,0.0,0.0,434,0,0,0,0.0,0.354301177428107,0.0,0.0,0.0,0.9257486977564457
2019-07-03,48.94038009643555,47.11396870322523,44.937921953858755,0.18284531714994226,0.08025615411100388,21099.026103019714,33500.0,461,0.06838902362139221,0.0,0.0,0.0,431,0,0,0,0.0,0.351655535158602,0.0,0.0,0.0,0.8985596719997868
2019-07-05,48.89726638793945,47.28380657795992,45.37506831674862,0.18108375884769012,0.08099834570609292,21099.026103019714,33500.0,461,0.07088929506425862,0.0,0.0,0.0,431,0,0,0,0.0,0.34931836321076043,0.0,0.0,0.0,0.8630396838058356
2019-07-08,47.88931655883789,47.3414741951864,45.61227214215821,0.18374840188198127,0.0792726125087797,21099.026103019714,33500.0,461,0.06367528426900204,0.0,0.0,0.0,440,0,0,0,0.0,0.3485247879408678,0.0,0.0,0.0,0.9316087030438847
2019-07-09,48.1814079284668,47.421467884070246,45.77778383076137,0.180336980021839,0.07854405550818826,21099.026103019714,33500.0,461,0.06500763921452096,0.0,0.0,0.0,437,0,0,0,0.0,0.3474239792669736,0.0,0.0,0.0,0.9133315145561716
2019-07-10,48.65785217285156,47.53921876871608,45.876908752351966,0.17927502018145322,0.07884084682988377,21099.026103019714,33500.0,461,0.06612119600125319,0.0,0.0,0.0,433,0,0,0,0.0,0.34580358649617565,0.0,0.0,0.0,0.8949041792202586
2019-07-11,48.303504943847656,47.612007928252424,46.01386040710316,0.1814782168877742,0.07750314959660776,21099.026103019714,33500.0,461,0.06003092678769523,0.0,0.0,0.0,436,0,0,0,0.0,0.34480192074852634,0.0,0.0,0.0,0.9512993754914161
2019-07-12,48.67462158203125,47.713209228612314,46.17198714720327,0.182380020450896,0.07770775031174416,21099.026103019714,33500.0,461,0.05895091273924226,0.0,0.0,0.0,433,0,0,0,0.0,0.34340927001820076,0.0,0.0,0.0,0.9558325876894809
2019-07-15,49.13191604614258,47.848324163615196,46.418509907622315,0.1802867454115308,0.0768351027470509,21099.026103019714,33500.0,461,0.05816320081144005,0.0,0.0,0.0,429,0,0,0,0.0,0.3415499271812954,0.0,0.0,0.0,0.9553426642014287
2019-07-16,48.96192169189453,47.95438107107037,46.66158776219121,0.1814699167676131,0.0792655411495189,21099.026103019714,33500.0,461,0.062258017147038755,0.0,0.0,0.0,430,0,0,0,0.0,0.3400904574995988,0.0,0.0,0.0,0.907826887277807
2019-07-17,48.68657302856445,48.024113638450764,46.73771844716236,0.1660160283228102,0.07914367845606987,21099.026103019714,33500.0,461,0.07780441105740356,0.0,0.0,0.0,433,0,0,0,0.0,0.3391308541096776,0.0,0.0,0.0,0.7480447329195135
2019-07-18,49.239654541015625,48.13987943869504,46.82398702397619,0.16894486985853158,0.07935609328246071,21099.026103019714,33500.0,461,0.07447979952752273,0.0,0.0,0.0,428,0,0,0,0.0,0.33753777847049515,0.0,0.0,0.0,0.7741220078420008
2019-07-19,48.50463104248047,48.17461768667461,46.8762007397834,0.1774870234069538,0.07705502854372279,21099.026103019714,33500.0,461,0.059728536363482534,0.0,0.0,0.0,434,0,0,0,0.0,0.33705973869979117,0.0,0.0,0.0,0.919483460514235
2019-07-22,49.6131477355957,48.31162054847662,46.931006977575805,0.19295973946120723,0.07726096647096499,21099.026103019714,33500.0,461,0.05082848708115004,0.0,0.0,0.0,425,0,0,0,0.0,0.33517441573588896,0.0,0.0,0.0,1.0
2019-07-23,50.00102233886719,48.47251595708524,46.97791038221097,0.19358586620138674,0.07979595580620755,21099.026103019714,33500.0,461,0.049832136259781085,0.0,0.0,0.0,421,0,0,0,0.0,0.33296030279951355,0.0,0.0,0.0,1.0
2019-07-24,49.960323333740234,48.61421189771905,47.21245150906041,0.18252135551140816,0.07031732238442011,21099.026103019714,33500.0,461,0.04895467886024424,0.0,0.0,0.0,422,0,0,0,0.0,0.33101039746720945,0.0,0.0,0.0,1.0
2019-07-25,49.56527328491211,48.70478917268982,47.30728995916245,0.1730691336391638,0.07393208404198363,21099.026103019714,33500.0,461,0.05331706455675249,0.0,0.0,0.0,425,0,0,0,0.0,0.3297639460116416,0.0,0.0,0.0,0.9507671114848624
2019-07-26,49.73765563964844,48.80315740763827,47.41390370707038,0.1729709886061593,0.07643829594688532,21099.026103019714,33500.0,461,0.059210969099336375,0.0,0.0,0.0,424,0,0,0,0.0,0.32841028164414204,0.0,0.0,0.0,0.8857365764052754
2019-07-29,50.20213317871094,48.93639319535948,47.604830506687634,0.16958525655666257,0.07573632450842746,21099.026103019714,33500.0,461,0.060363433650645226,0.0,0.0,0.0,420,0,0,0,0.0,0.3265767981175905,0.0,0.0,0.0,0.8659612550227049
2019-07-30,49.98664474487305,49.03641715245601,47.682937673270274,0.1611521579640624,0.07306295877071661,21099.026103019714,33500.0,461,0.0625350289555646,0.0,0.0,0.0,422,0,0,0,0.0,0.32520034903635164,0.0,0.0,0.0,0.8380512811079364
2019-07-31,51.006591796875,49.22405283287687,47.64812055801532,0.1737739223452162,0.08350340152160395,21099.026103019714,33500.0,461,0.07175821247874214,0.0,0.0,0.0,413,0,0,0,0.0,0.3226182580311571,0.0,0.0,0.0,0.7342000363527856
2019-08-01,49.90285110473633,49.28870028733968,47.68846673881646,0.19214477884600875,0.084512483643381,21599.026103019714,34000.0,461,0.05980254304137399,0.0,0.0,0.0,432,0,0,0,0.0,0.3317032108098944,0.0,0.0,0.0,0.8946390182307848
2019-08-02,48.84701156616211,49.24663469484658,47.64387872632838,0.2076908186791356,0.0876439713278496,21599.026103019714,34000.0,461,0.22030539307498162,0.0,0.0,0.0,442,0,0,0,0.0,0.3322735707551684,0.04057364844935142,0.0,1.0,0.9747585556705232
2019-08-05,46.289981842041016,48.9650487088651,46.96542103949491,0.27055855990326577,0.13445222623196165,21599.026103019714,34000.0,461,0.5564716974972085,0.2607861624953475,1.0,0.5564716974972085,466,3,3,3,138.86994552612305,0.33609154544744674,0.27316085017390807,1.0,1.0,0.6769188053240112
2019-08-06,47.16625213623047,48.79373474956657,46.64237555049888,0.2790734036446584,0.1445870167637764,21460.15615749359,34000.0,464,0.3145511934897407,0.0,0.0,0.0,454,0,0,0,0.0,0.33410903165297384,0.16677167895521214,0.0,1.0,0.6084512628394301
2019-08-07,47.654693603515625,48.68525464041886,46.44345836095206,0.27931810421981174,0.14308153059305773,21460.15615749359,34000.0,464,0.285962833030955,0.0,0.0,0.0,450,0,0,0,0.0,0.33558946608369555,0.10583913389328942,0.0,1.0,0.6268003695868822
2019-08-08,48.705753326416016,48.68720689622811,46.46732323208845,0.2896383361591411,0.16026721583015524,21460.15615749359,34000.0,464,0.10040149038059648,0.0,0.0,0.0,440,0,0,0,0.0,0.3355628235338281,0.0,0.0,0.0,0.5060178020962616
2019-08-09,48.304386138916016,48.6507477764841,46.410133489125684,0.28997054318121057,0.1600116743593255,21460.15615749359,34000.0,464,0.26623040125634134,0.0,0.0,0.0,444,0,0,0,0.0,0.33606038328562876,0.03559674346213287,0.0,1.0,0.5101530578015137
2019-08-12,48.18181228637695,48.60608725361676,46.33067713585908,0.28780767464130697,0.164308124925923,21460.15615749359,34000.0,464,0.27517185218179663,0.0,0.0,0.0,445,0,0,0,0.0,0.33666986806828897,0.04364422145584587,0.0,1.0,0.45969488104064005
2019-08-13,50.22224426269531,48.7600069687671,46.4230827950034,0.32567265162512,0.17528136664854216,21460.15615749359,34000.0,464,0.09572291983246603,0.0,0.0,0.0,427,0,0,0,0.0,0.33456931666153134,0.0,0.0,0.0,0.5483327266522309
2019-08-14,48.72737121582031,48.75689880181979,46.421382649342156,0.34343926394596297,0.20109495532855062,21460.15615749359,34000.0,464,0.25961737888067965,0.0,0.0,0.0,440,0,0,0,0.0,0.33461173399869465,0.003028041848959075,0.0,1.0,0.4232052025076456
2019-08-15,48.48463821411133,48.73096922203803,46.3812077166245,0.34132990761938736,0.20069346465327076,21460.15615749359,34000.0,464,0.27037870853359064,0.0,0.0,0.0,442,0,0,0,0.0,0.33496559649924573,0.025274585326254755,0.0,1.0,0.41729373287884575
2019-08-16,49.62860870361328,48.81645869647377,46.46817803571377,0.34715075022682784,0.20877532401096813,21460.15615749359,34000.0,464,0.11164318849751778,0.0,0.0,0.0,432,0,0,0,0.0,0.33379891661282857,0.0,0.0,0.0,0.3856632397825508
2019-08-19,50.55389404296875,48.98192872947329,46.554800533646855,0.34400353935495914,0.21381299610202276,21460.15615749359,34000.0,464,0.115118405883458,0.0,0.0,0.0,424,0,0,0,0.0,0.3315407373389528,0.0,0.0,0.0,0.34074925919070753
2019-08-20,50.556297302246094,49.13186859354689,46.65193378253019,0.34311476008882574,0.2130911068076595,21460.15615749359,34000.0,464,0.11409096679367625,0.0,0.0,0.0,424,0,0,0,0.0,0.3294944991939483,0.0,0.0,0.0,0.34181557843600485
2019-08-21,51.1042594909668,49.31971534568212,46.714794985012595,0.34488729375636823,0.21487074965531602,21460.15615749359,34000.0,464,0.11336126860079906,0.0,0.0,0.0,419,0,0,0,0.0,0.3269309435177499,0.0,0.0,0.0,0.33757655982188384
2019-08-22,51.060997009277344,49.485551694595955,46.75846437723761,0.3432783169180318,0.21443244101199774,21460.15615749359,34000.0,464,0.1126947172868337,0.0,0.0,0.0,420,0,0,0,0.0,0.32466776510904344,0.0,0.0,0.0,0.3340577701223584
2019-08-23,48.700927734375,49.41082560314634,46.678062290415426,0.3829260840055858,0.22874222050940105,21460.15615749359,34000.0,464,0.28938149280800335,0.0,0.0,0.0,440,0,0,0,0.0,0.3256875564747087,0.07183626868260003,0.0,1.0,0.39504228512785633
2019-08-26,49.626216888427734,49.431339058887424,46.72820542696937,0.38781409904488956,0.234020846425619,21460.15615749359,34000.0,464,0.10833529231722921,0.0,0.0,0.0,432,0,0,0,0.0,0.3254076081375363,0.0,0.0,0.0,0.3809813134466211
2019-08-27,49.06623840332031,49.39656756788103,46.7160283486493,0.3895611200481848,0.2340408308065276,21460.15615749359,34000.0,464,0.2729849743743253,0.0,0.0,0.0,437,0,0,0,0.0,0.32588213672068245,0.033436449213477826,0.0,1.0,0.3870838929604685
2019-08-28,49.39550018310547,49.39646591218811,46.8524894127622,0.38272220562099735,0.23377999924664628,21460.15615749359,34000.0,464,0.2602662292348958,0.0,0.0,0.0,434,0,0,0,0.0,0.3258835240219034,9.775285182959145e-05,0.0,1.0,0.3642534535828408
2019-08-29,50.231849670410156,49.47602627011402,46.906311562733876,0.38004858759249227,0.23716648568433404,21460.15615749359,34000.0,464,0.11262108661932106,0.0,0.0,0.0,427,0,0,0,0.0,0.3247977591372675,0.0,0.0,0.0,0.3353790499244931
2019-08-30,50.166961669921875,49.54182964152429,46.93469675937915,0.3714052088835876,0.23577419442665865,21460.15615749359,34000.0,464,0.11448337339480748,0.0,0.0,0.0,427,0,0,0,0.0,0.323899736656845,0.0,0.0,0.0,0.31271508100772794
2019-09-03,49.43635559082031,49.531784493838195,47.31069238661665,0.3191592205094655,0.21001606046539112,21960.15615749359,34500.0,464,0.2779191209041599,0.0,0.0,0.0,444,0,0,0,0.0,0.3338333911553356,0.0096330976153054,0.0,1.0,0.2664079904262855
2019-09-04,50.27511215209961,49.602577604148806,47.600239107137355,0.3179728924969823,0.20852324515120046,21960.15615749359,34500.0,464,0.12272325388656546,0.0,0.0,0.0,436,0,0,0,0.0,0.3328812751210131,0.0,0.0,0.0,0.27073319917890437
2019-09-05,51.25807189941406,49.7602437275074,47.810852950304664,0.3222916465981954,0.21279119107099048,21960.15615749359,34500.0,464,0.12262642504870225,0.0,0.0,0.0,428,0,0,0,0.0,0.330760780012654,0.0,0.0,0.0,0.2621592595699207
2019-09-06,51.253257751464844,49.902435539312876,47.89037738118598,0.3152071612592283,0.2029673036155412,21960.15615749359,34500.0,464,0.11856555049020287,0.0,0.0,0.0,428,0,0,0,0.0,0.32884840318141517,0.0,0.0,0.0,0.29416230941433974
2019-09-09,51.47196578979492,50.05191461078736,48.04077259041976,0.31254344326819067,0.20113333363776542,21960.15615749359,34500.0,464,0.11758446523958786,0.0,0.0,0.0,426,0,0,0,0.0,0.3268380179882512,0.0,0.0,0.0,0.2949264285512516
2019-09-10,52.07999801635742,50.24506541131784,48.20824818463784,0.3130990167376942,0.19486400080916294,21960.15615749359,34500.0,464,0.11201174366473826,0.0,0.0,0.0,421,0,0,0,0.0,0.32424027968546437,0.0,0.0,0.0,0.3389638219372071
2019-09-11,53.73589324951172,50.57752520543154,47.98862533495123,0.297862794447057,0.18959998436187495,21960.15615749359,34500.0,464,0.11297881891520715,0.0,0.0,0.0,408,0,0,0,0.0,0.3197689363675294,0.0,0.0,0.0,0.3091720245018108
2019-09-12,53.6157341003418,50.86687843351824,48.010144073644206,0.27191691104465,0.15118776247201213,21960.15615749359,34500.0,464,0.09226665236262244,0.0,0.0,0.0,409,0,0,0,0.0,0.3158773451260156,0.0,0.0,0.0,0.49878152944084597
2019-09-13,52.57268524169922,51.029336224773566,48.22081332497137,0.2835205116759569,0.15174255633877387,21960.15615749359,34500.0,464,0.08545899071351544,0.0,0.0,0.0,417,0,0,0,0.0,0.31369240555666855,0.0,0.0,0.0,0.557025917869854
2019-09-16,52.84907531738281,51.20264470978397,48.30646209900311,0.2742096793264957,0.14657821571651286,21960.15615749359,34500.0,464,0.084217718939497,0.0,0.0,0.0,415,0,0,0,0.0,0.3113615320191373,0.0,0.0,0.0,0.5589497046911478
2019-09-17,53.04133224487305,51.377757808363874,48.342977155812775,0.2681735454346605,0.14159612449811593,21960.15615749359,34500.0,464,0.08122514062160863,0.0,0.0,0.0,414,0,0,0,0.0,0.3090063877367873,0.0,0.0,0.0,0.5782773385994566
2019-09-18,53.5388298034668,51.583574188849866,48.36834715034632,0.269066918379748,0.13734371835545847,21960.15615749359,34500.0,464,0.07455082210205684,0.0,0.0,0.0,410,0,0,0,0.0,0.30623830656155543,0.0,0.0,0.0,0.632564158506431
2019-09-19,53.10382843017578,51.728360307071384,48.40624131710495,0.27016486642482224,0.13534032617966096,21960.15615749359,34500.0,464,0.07058188628471573,0.0,0.0,0.0,413,0,0,0,0.0,0.304291038188953,0.0,0.0,0.0,0.6634908090031311
2019-09-20,52.32753372192383,51.78542444181924,48.436242213288104,0.27647881540872454,0.1370567616964363,21960.15615749359,34500.0,464,0.06848079219981869,0.0,0.0,0.0,419,0,0,0,0.0,0.3035235669274166,0.0,0.0,0.0,0.6810481291751878
2019-09-23,52.565467834472656,51.85971428873861,48.72400908064138,0.21171790795221332,0.09266305143217995,21960.15615749359,34500.0,464,0.045734759744039705,0.0,0.0,0.0,417,0,0,0,0.0,0.3025244223195735,0.0,0.0,0.0,0.9040123029976836
2019-09-24,52.315528869628906,51.90312520120435,48.89212830823028,0.2059753518478687,0.09466588646420755,21960.15615749359,34500.0,464,0.05455543445533989,0.0,0.0,0.0,419,0,0,0,0.0,0.3019405770040923,0.0,0.0,0.0,0.8131782519650166
2019-09-25,53.120643615722656,52.01907933592038,49.22052793774849,0.20366814365571362,0.0942929510254355,21960.15615749359,34500.0,464,0.055175577414485574,0.0,0.0,0.0,413,0,0,0,0.0,0.3003810779168969,0.0,0.0,0.0,0.7999590764811801
2019-09-26,52.8466682434082,52.09789732710969,49.53883177712052,0.20596016280250692,0.0939297960165986,21960.15615749359,34500.0,464,0.05196919953517613,0.0,0.0,0.0,415,0,0,0,0.0,0.29932103304988705,0.0,0.0,0.0,0.8272526533727305
2019-09-27,52.589508056640625,52.144717396588824,49.7331603667461,0.20153922050803819,0.08710043790573191,21960.15615749359,34500.0,464,0.04158847705161445,0.0,0.0,0.0,417,0,0,0,0.0,0.2986913370429793,0.0,0.0,0.0,0.9282262461772621
2019-09-30,53.827232360839844,52.30495691699368,49.992123056935625,0.2144100756473592,0.08849017222490962,21960.15615749359,34500.0,464,0.03344130422410779,0.0,0.0,0.0,407,0,0,0,0.0,0.29653623160912845,0.0,0.0,0.0,1.0
2019-10-01,53.97623062133789,52.46412584121694,50.508886315282986,0.20346931374388427,0.09641797727859036,22460.15615749359,35000.0,464,0.06115701586267629,0.0,0.0,0.0,416,0,0,0,0.0,0.3044755888478668,0.0,0.0,0.0,0.7585699911886377
2019-10-02,52.6231575012207,52.47927171359825,50.86400081045202,0.22302489000918416,0.1090742612758821,22460.15615749359,35000.0,464,0.06653142090805127,0.0,0.0,0.0,426,0,0,0,0.0,0.30427479785401174,0.0,0.0,0.0,0.7039223812625401
2019-10-03,53.07017517089844,52.53554823334113,51.07319437628893,0.2150433021914228,0.10181531213346236,22460.15615749359,35000.0,464,0.06058026603909031,0.0,0.0,0.0,423,0,0,0,0.0,0.3035287319922776,0.0,0.0,0.0,0.7600766335743461
2019-10-04,54.557830810546875,52.72814657402739,51.267366998067,0.23404895814293503,0.11534090996002115,22460.15615749359,35000.0,464,0.06633953253211898,0.0,0.0,0.0,411,0,0,0,0.0,0.3009754282757512,0.0,0.0,0.0,0.6909941019196906
2019-10-07,54.569854736328125,52.90354735138936,51.46435896659201,0.23425224999641756,0.11622062217265976,22460.15615749359,35000.0,464,0.066427345040612,0.0,0.0,0.0,411,0,0,0,0.0,0.29865011511300954,0.0,0.0,0.0,0.6796520676024229
2019-10-08,53.93055725097656,53.00135781801672,51.61381111996252,0.23741793670979455,0.12758794300764492,22460.15615749359,35000.0,464,0.07874087859358433,0.0,0.0,0.0,416,0,0,0,0.0,0.2973534277840069,0.0,0.0,0.0,0.5506816390921878
2019-10-09,54.56262969970703,53.1500503781777,51.65506153087059,0.21330834984083313,0.12943742618699852,22460.15615749359,35000.0,464,0.0955915673504355,0.0,0.0,0.0,411,0,0,0,0.0,0.29538218927215854,0.0,0.0,0.0,0.37330417822035833
2019-10-10,55.29804611206055,53.35462140045226,51.61143999296769,0.21754495896725667,0.13155938780365573,22460.15615749359,35000.0,464,0.09390261470372806,0.0,0.0,0.0,406,0,0,0,0.0,0.29267016200543294,0.0,0.0,0.0,0.3779895819871677
2019-10-11,56.76888656616211,53.67978951147225,51.4078765699899,0.21974008441004927,0.13841631373591234,22460.15615749359,35000.0,464,0.09746752580230961,0.0,0.0,0.0,395,0,0,0,0.0,0.28835936190505357,0.0,0.0,0.0,0.32294187054964496
2019-10-14,56.687171936035156,53.96620688524015,51.33257175690441,0.22049115516776258,0.13812776595207213,22460.15615749359,35000.0,464,0.09502935447753688,0.0,0.0,0.0,396,0,0,0,0.0,0.2845622858642449,0.0,0.0,0.0,0.3302367416137333
2019-10-15,56.55500030517578,54.212758639519734,51.32606115089464,0.22149446564876402,0.14271176604274763,22460.15615749359,35000.0,464,0.09724544842915404,0.0,0.0,0.0,397,0,0,0,0.0,0.2812937140360812,0.0,0.0,0.0,0.2933672288708251
2019-10-16,56.32668685913086,54.41408513662556,51.345778934265,0.22173354436910186,0.14285131666174747,22460.15615749359,35000.0,464,0.09603127208550426,0.0,0.0,0.0,398,0,0,0,0.0,0.27862469990302113,0.0,0.0,0.0,0.2934984287085525
2019-10-17,56.545372009277344,54.617064838782866,51.397256576713545,0.21807266098903094,0.1432501775056036,22460.15615749359,35000.0,464,0.09731016651366908,0.0,0.0,0.0,397,0,0,0,0.0,0.27593376899442146,0.0,0.0,0.0,0.26860029533820584
2019-10-18,56.81695556640625,54.826578241413664,51.54662767560042,0.20763223982753765,0.1428588628876048,22460.15615749359,35000.0,464,0.10180295066100253,0.0,0.0,0.0,395,0,0,0,0.0,0.2731562198852589,0.0,0.0,0.0,0.2111734828736398
2019-10-21,57.80231475830078,55.109981719212435,51.64204527511053,0.21281501390501587,0.1449607665317964,22460.15615749359,35000.0,464,0.09888901313496998,0.0,0.0,0.0,388,0,0,0,0.0,0.2693990994938694,0.0,0.0,0.0,0.22340581637271262
2019-10-22,57.670135498046875,55.35380588862524,51.84725783762345,0.21151479591291864,0.14209262486681726,22460.15615749359,35000.0,464,0.09572752274573483,0.0,0.0,0.0,389,0,0,0,0.0,0.2661666876479397,0.0,0.0,0.0,0.2404748669583805
2019-10-23,58.44401168823242,55.64811120287354,51.942055545952854,0.21033945317703884,0.1408338402887153,22460.15615749359,35000.0,464,0.09355850114567381,0.0,0.0,0.0,384,0,0,0,0.0,0.2622650400533337,0.0,0.0,0.0,0.24460766878326345
2019-10-24,58.540138244628906,55.92354234970738,52.128752019579615,0.20740390634014405,0.14053509310140747,22460.15615749359,35000.0,464,0.09339147717291182,0.0,0.0,0.0,383,0,0,0,0.0,0.25861360999245064,0.0,0.0,0.0,0.22984647323690965
2019-10-25,59.261131286621094,56.24140796274678,52.37314290505943,0.20528973247015814,0.13925358911550229,22460.15615749359,35000.0,464,0.09162857751668103,0.0,0.0,0.0,379,0,0,0,0.0,0.2543996201510142,0.0,0.0,0.0,0.22851251551275364
2019-10-28,59.85475158691406,56.585535926953185,52.4636049557386,0.19540478535729655,0.1394693994671797,22460.15615749359,35000.0,464,0.0956719863037968,0.0,0.0,0.0,375,0,0,0,0.0,0.2498374665683921,0.0,0.0,0.0,0.16754873651979652
2019-10-29,58.47043991088867,56.7650505920899,52.66200167324306,0.22008104867066247,0.130591740838176,22460.15615749359,35000.0,464,0.07091758607810145,0.0,0.0,0.0,384,0,0,0,0.0,0.2474576150077225,0.0,0.0,0.0,0.40438340675373685
2019-10-30,58.46323013305664,56.92678197694387,53.14188430524227,0.19229386294965106,0.10826036398089717,22460.15615749359,35000.0,464,0.06237302788219074,0.0,0.0,0.0,384,0,0,0,0.0,0.24531351893422976,0.0,0.0,0.0,0.4801805563821264
2019-10-31,59.785057067871094,57.19899865227028,53.58609193366459,0.20165902219928503,0.10820505630646732,22460.15615749359,35000.0,464,0.05346089442350824,0.0,0.0,0.0,375,0,0,0,0.0,0.24170470358133114,0.0,0.0,0.0,0.5530622218809078
2019-11-01,61.481815338134766,57.60688595568594,53.68401432058704,0.20216690162171994,0.10253230134702915,22960.15615749359,35500.0,464,0.04686259251479545,0.0,0.0,0.0,373,0,0,0,0.0,0.24705365962145706,0.0,0.0,0.0,0.6431155431486022
2019-11-04,61.88555908203125,58.01437863438549,53.84296653883107,0.2009836300898269,0.09982664623515453,22960.15615749359,35500.0,464,0.04100019464665136,0.0,0.0,0.0,371,0,0,0,0.0,0.2417275581308488,0.0,0.0,0.0,0.677772065122306
2019-11-05,61.796630859375,58.37459313200353,54.23928579790709,0.19180811285774046,0.07578359891991572,22960.15615749359,35500.0,464,0.006658731099652468,0.0,0.0,0.0,371,0,0,0,0.0,0.23701940244367214,0.0,0.0,0.0,1.0
2019-11-06,61.82307815551758,58.70302027710011,54.619584598328544,0.1922320065858907,0.07269934116234385,22960.15615749359,35500.0,464,0.004727024398352042,0.0,0.0,0.0,371,0,0,0,0.0,0.23272672088522678,0.0,0.0,0.0,1.0
2019-11-07,62.536582946777344,59.068121483736036,54.90246710673588,0.1913984015243769,0.07132379790711456,22960.15615749359,35500.0,464,0.002579612230870859,0.0,0.0,0.0,367,0,0,0,0.0,0.2279546938463797,0.0,0.0,0.0,1.0
2019-11-08,62.70774459838867,59.4147522565601,55.0400149712932,0.17584186477527586,0.06392095138752865,22960.15615749359,35500.0,464,0.0005408374318380954,0.0,0.0,0.0,366,0,0,0,0.0,0.22342408318186244,0.0,0.0,0.0,1.0
2019-11-11,63.204307556152344,59.77566228509269,55.213586761789486,0.1743962672857576,0.06436065487527932,22960.15615749359,35500.0,464,0.0,0.0,0.0,0.0,363,0,0,0,0.0,0.21870683661174628,0.0,0.0,0.0,1.0
2019-11-12,63.14645004272461,60.09668969058145,55.47796581033633,0.17362208576351465,0.05709765393428823,22960.15615749359,35500.0,464,0.0,0.0,0.0,0.0,363,0,0,0,0.0,0.2145108727766255,0.0,0.0,0.0,1.0
2019-11-13,63.75149917602539,60.444766784433256,55.81747060635186,0.1703112134975632,0.05563106586555892,22960.15615749359,35500.0,464,0.0,0.0,0.0,0.0,360,0,0,0,0.0,0.20996135808515412,0.0,0.0,0.0,1.0
2019-11-14,63.310394287109375,60.717683689450034,56.228046307014736,0.17651811753263053,0.05557346586773771,22960.15615749359,35500.0,464,0.0,0.0,0.0,0.0,362,0,0,0,0.0,0.20639421881958267,0.0,0.0,0.0,1.0
2019-11-15,64.06245422363281,61.03623326413411,56.64242463238374,0.17781023780534586,0.055493844938562645,22960.15615749359,35500.0,464,0.0,0.0,0.0,0.0,358,0,0,0,0.0,0.20223064128004994,0.0,0.0,0.0,1.0
2019-11-18,64.38549041748047,61.355210135881386,56.952126070340675,0.1727645083115629,0.052939695139946515,22960.15615749359,35500.0,464,0.0,0.0,0.0,0.0,356,0,0,0,0.0,0.19806147878735322,0.0,0.0,0.0,1.0
2019-11-19,64.19023132324219,61.62521215372527,57.36854771040323,0.1732279908999433,0.04983352574148088,22960.15615749359,35500.0,464,0.0,0.0,0.0,0.0,357,0,0,0,0.0,0.19453243832877393,0.0,0.0,0.0,1.0
2019-11-20,63.442955017089844,61.79833052166475,57.727838034641394,0.18057661789597698,0.05376779214784395,22960.15615749359,35500.0,464,0.0,0.0,0.0,0.0,361,0,0,0,0.0,0.19226970811119867,0.0,0.0,0.0,1.0
2019-11-21,63.15851974487305,61.9278723524465,58.12182269908988,0.18300852114171412,0.05500732811718222,22960.15615749359,35500.0,464,0.0,0.0,0.0,0.0,363,0,0,0,0.0,0.19057654164689644,0.0,0.0,0.0,1.0
2019-11-22,63.10308074951172,62.03979696169081,58.4412608007288,0.18090989413281697,0.05425213858122461,22960.15615749359,35500.0,464,0.0,0.0,0.0,0.0,363,0,0,0,0.0,0.18911363971198483,0.0,0.0,0.0,1.0
2019-11-25,64.2094955444336,62.24643492195203,58.726397387598,0.18654224437944056,0.056583951837587895,22960.15615749359,35500.0,464,0.0,0.0,0.0,0.0,357,0,0,0,0.0,0.18641279425955648,0.0,0.0,0.0,1.0
2019-11-26,63.708106994628906,62.38564178601649,59.367296343918305,0.1640142048451801,0.05592162147680915,22960.15615749359,35500.0,464,0.0,0.0,0.0,0.0,360,0,0,0,0.0,0.18459330172643224,0.0,0.0,0.0,1.0
2019-11-27,64.5638427734375,62.59308949910421,60.21582371695843,0.16615588137518736,0.05635809934180312,22960.15615749359,35500.0,464,0.0,0.0,0.0,0.0,355,0,0,0,0.0,0.18188187246241258,0.0,0.0,0.0,1.0
2019-11-29,64.421630859375,62.76723629532047,60.85676885459045,0.15424766269513746,0.05756022721017369,22960.15615749359,35500.0,464,0.0,0.0,0.0,0.0,356,0,0,0,0.0,0.17960570025271272,0.0,0.0,0.0,1.0
2019-12-02,63.676788330078125,62.85386029863072,61.12631826538416,0.13355038780459644,0.060473645262204494,23460.15615749359,36000.0,464,0.0014137400512240078,0.0,0.0,0.0,368,0,0,0,0.0,0.18988357837320397,0.0,0.0,0.0,0.8403387021671778
2019-12-03,62.54141616821289,62.8241037147814,61.1916657103792,0.14914219665106798,0.06479968827087723,23460.15615749359,36000.0,464,0.15394543413819828,0.0,0.0,0.0,375,0,0,0,0.0,0.1902671076761509,0.02249833502216755,0.0,1.0,0.9179901507604502
2019-12-04,63.093421936035156,62.84975306918652,61.38934247749127,0.15173806238572468,0.06799667101844066,23460.15615749359,36000.0,464,0.0,0.0,0.0,0.0,371,0,0,0,0.0,0.18993651599715153,0.0,0.0,0.0,0.8596261173895485
2019-12-05,64.01907348632812,62.9611169184381,61.699671389586115,0.1591645277490206,0.06806760637306004,23460.15615749359,36000.0,464,0.0,0.0,0.0,0.0,366,0,0,0,0.0,0.18850115971790898,0.0,0.0,0.0,0.9486083546198063
2019-12-06,65.25567626953125,63.179646380446975,61.80257322002841,0.16764612783848643,0.07416914940127346,23460.15615749359,36000.0,464,0.0,0.0,0.0,0.0,359,0,0,0,0.0,0.18568455776312784,0.0,0.0,0.0,0.8836013040439874
2019-12-09,64.34208679199219,63.29035499107032,61.9677203872545,0.17716949500793874,0.07533040692097,23460.15615749359,36000.0,464,0.0,0.0,0.0,0.0,364,0,0,0,0.0,0.18425764678176032,0.0,0.0,0.0,0.9599156817889103
2019-12-10,64.7181167602539,63.42633230242114,62.06943870932226,0.17629972504776478,0.07498664100100749,23460.15615749359,36000.0,464,0.0,0.0,0.0,0.0,362,0,0,0,0.0,0.18250505032434974,0.0,0.0,0.0,0.95923481274258
2019-12-11,65.27013397216797,63.60193246144465,62.14949963588481,0.17794641847021905,0.07533283512949321,23460.15615749359,36000.0,464,0.0,0.0,0.0,0.0,359,0,0,0,0.0,0.1802417593858246,0.0,0.0,0.0,0.968446850614548
2019-12-12,65.43648529052734,63.776651778500145,62.1864926516939,0.1755577903566919,0.08021033391930066,23460.15615749359,36000.0,464,0.0,0.0,0.0,0.0,358,0,0,0,0.0,0.1779898215215537,0.0,0.0,0.0,0.8239315494904518
2019-12-13,66.3259506225586,64.01944214460096,62.171743432956475,0.1778071014478867,0.08030243655556864,23460.15615749359,36000.0,464,0.0,0.0,0.0,0.0,353,0,0,0,0.0,0.1748605234695877,0.0,0.0,0.0,0.845181676864454
2019-12-16,67.46133422851562,64.34724139068807,61.99500957345395,0.18242852956307762,0.07973317253182324,23460.15615749359,36000.0,464,0.0,0.0,0.0,0.0,347,0,0,0,0.0,0.1706355554089094,0.0,0.0,0.0,0.9066565371548714
2019-12-17,67.59391784667969,64.65644867221107,61.896400379874976,0.18222033855017084,0.07975310495492312,23460.15615749359,36000.0,464,0.0,0.0,0.0,0.0,347,0,0,0,0.0,0.16665021711372405,0.0,0.0,0.0,0.9040046429661761
2019-12-18,67.43241882324219,64.92082678183309,61.877634878241594,0.18197552973923478,0.07970923047278737,23460.15615749359,36000.0,464,0.0,0.0,0.0,0.0,347,0,0,0,0.0,0.16324267703415135,0.0,0.0,0.0,0.9024932731531954
2019-12-19,67.4999008178711,65.16645288050337,61.93771103248626,0.17428919641906493,0.07834308197670635,23460.15615749359,36000.0,464,0.0,0.0,0.0,0.0,347,0,0,0,0.0,0.16007682954017882,0.0,0.0,0.0,0.853909666957853
2019-12-20,67.3600845336914,65.375370180807,62.07544608458509,0.17309223610957583,0.0783100089744425,23460.15615749359,36000.0,464,0.0,0.0,0.0,0.0,348,0,0,0,0.0,0.1573841176695987,0.0,0.0,0.0,0.8419552236086318
2019-12-23,68.45926666259766,65.6690746076442,62.187695129194495,0.17829557333117863,0.07838110177771097,23460.15615749359,36000.0,464,0.0,0.0,0.0,0.0,342,0,0,0,0.0,0.15359859394591918,0.0,0.0,0.0,0.8956054593876615
2019-12-24,68.52436828613281,65.94100733892883,62.23476625427342,0.17135737615762822,0.0756757114697372,23460.15615749359,36000.0,464,0.0,0.0,0.0,0.0,342,0,0,0,0.0,0.1500936831871396,0.0,0.0,0.0,0.8869702139740725
2019-12-26,69.88392639160156,66.31652343918337,62.25656287230553,0.17561083781644216,0.07678040904176282,23460.15615749359,36000.0,464,0.0,0.0,0.0,0.0,335,0,0,0,0.0,0.14525369789496984,0.0,0.0,0.0,0.9059857413293513
2019-12-27,69.85737609863281,66.65374750198808,62.280777406489385,0.17332556109966735,0.07632306365871673,23460.15615749359,36000.0,464,0.0,0.0,0.0,0.0,335,0,0,0,0.0,0.14090725441882024,0.0,0.0,0.0,0.8924550543321921
2019-12-30,70.2719955444336,66.99834255364955,62.34115932464258,0.17186126039730237,0.07821090491584849,23460.15615749359,36000.0,464,0.0,0.0,0.0,0.0,333,0,0,0,0.0,0.13646580708629463,0.0,0.0,0.0,0.8311732507359169
2019-12-31,70.78543853759766,67.35901836164462,62.512180150407616,0.16132995650083304,0.0690195248216153,23460.15615749359,36000.0,464,0.0,0.0,0.0,0.0,331,0,0,0,0.0,0.131817096672136,0.0,0.0,0.0,0.9478782382931865
2020-01-02,72.40052032470703,67.8391614057458,62.81656165487085,0.1478053292502498,0.06498082397056801,23960.15615749359,36500.0,464,0.0,0.0,0.0,0.0,330,0,0,0,0.0,0.13760627692421776,0.0,0.0,0.0,0.8954993209124253
2020-01-03,71.69661712646484,68.20653814105238,63.227266844930334,0.15960359991845816,0.07182625314233698,23960.15615749359,36500.0,464,0.0,0.0,0.0,0.0,334,0,0,0,0.0,0.13293606308360806,0.0,0.0,0.0,0.8517323974630622
2020-01-06,72.26793670654297,68.59333800443244,63.5421991909592,0.1567781559340777,0.07202524859440808,23960.15615749359,36500.0,464,0.0,0.0,0.0,0.0,331,0,0,0,0.0,0.1280189360532424,0.0,0.0,0.0,0.8139258916565744
2020-01-07,71.92805480957031,68.91093008111224,63.781726582347865,0.15311316120063087,0.06881451768473372,23960.15615749359,36500.0,464,0.0,0.0,0.0,0.0,333,0,0,0,0.0,0.12398160116065526,0.0,0.0,0.0,0.854177073289756
2020-01-08,73.08512115478516,69.30847208812871,64.17237187387138,0.1405222235225031,0.06760424079817674,23960.15615749359,36500.0,464,0.0,0.0,0.0,0.0,327,0,0,0,0.0,0.11892791646872,0.0,0.0,0.0,0.7321672657342737
2020-01-09,74.63748931884766,69.81599753867337,64.4738748030205,0.14998313507959624,0.06872375611713086,23960.15615749359,36500.0,464,0.0,0.0,0.0,0.0,321,0,0,0,0.0,0.11247608608371384,0.0,0.0,0.0,0.8186716349822465
2020-01-10,74.80622863769531,70.29125764334212,64.80421254763941,0.15089270141162794,0.0709783036995628,23960.15615749359,36500.0,464,0.0,0.0,0.0,0.0,320,0,0,0,0.0,0.10643442338326731,0.0,0.0,0.0,0.7715824595537328
2020-01-13,76.40441131591797,70.873462755016,65.07520084645928,0.15832073661307006,0.06920121275902003,23960.15615749359,36500.0,464,0.0,0.0,0.0,0.0,313,0,0,0,0.0,0.09903324059376915,0.0,0.0,0.0,0.9065265176347861
2020-01-14,75.37271881103516,71.30196333177975,65.44193305434773,0.17369671045222654,0.06997077555556282,23960.15615749359,36500.0,464,0.0,0.0,0.0,0.0,317,0,0,0,0.0,0.09358600038504655,0.0,0.0,0.0,1.0
2020-01-15,75.04969024658203,71.65888970461805,65.75016851599243,0.17290853014913807,0.06705115017925717,23960.15615749359,36500.0,464,0.0,0.0,0.0,0.0,319,0,0,0,0.0,0.08904863498786916,0.0,0.0,0.0,1.0
2020-01-16,75.98980712890625,72.07135803074073,66.0688249408708,0.17418536977319019,0.07110768514861893,23960.15615749359,36500.0,464,0.0,0.0,0.0,0.0,315,0,0,0,0.0,0.08380520202017266,0.0,0.0,0.0,1.0
2020-01-17,76.8310775756836,72.52466465406862,66.45293936683689,0.17220241089681532,0.0708561845567689,23960.15615749359,36500.0,464,0.0,0.0,0.0,0.0,311,0,0,0,0.0,0.07804261919211404,0.0,0.0,0.0,1.0
2020-01-21,76.31039428710938,72.88521033340582,66.95902771005858,0.17768316740318232,0.07224592189367801,23960.15615749359,36500.0,464,0.0,0.0,0.0,0.0,313,0,0,0,0.0,0.07345924398081367,0.0,0.0,0.0,1.0
2020-01-22,76.5827865600586,73.23736045022989,67.59834766560972,0.1753076020327391,0.0714265924358393,23960.15615749359,36500.0,464,0.0,0.0,0.0,0.0,312,0,0,0,0.0,0.06898259592036533,0.0,0.0,0.0,1.0
2020-01-23,76.95162200927734,73.59109964632964,68.1338746774532,0.17147123833030786,0.07139848385616464,23960.15615749359,36500.0,464,0.0,0.0,0.0,0.0,311,0,0,0,0.0,0.06448574696172729,0.0,0.0,0.0,1.0
2020-01-24,76.7298355102539,73.89002687146528,68.77931532567456,0.17347238524402758,0.08059830298647758,23960.15615749359,36500.0,464,0.0,0.0,0.0,0.0,312,0,0,0,0.0,0.06068568579835916,0.0,0.0,0.0,0.7935901337890867
2020-01-27,74.47357940673828,73.94560330339606,69.19307588181466,0.20545914496708692,0.09879180854869996,23960.15615749359,36500.0,464,0.0,0.0,0.0,0.0,321,0,0,0,0.0,0.059979179923951485,0.0,0.0,0.0,0.733098691627224
2020-01-28,76.58039093017578,74.19653545832746,69.77440011274933,0.22315397941965512,0.10494590944512895,23960.15615749359,36500.0,464,0.0,0.0,0.0,0.0,312,0,0,0,0.0,0.05678924787222083,0.0,0.0,0.0,0.7719761589527172
2020-01-29,78.18341827392578,74.57623858362254,70.31830353549299,0.23048568811521544,0.10241671803975823,23960.15615749359,36500.0,464,0.0,0.0,0.0,0.0,306,0,0,0,0.0,0.05196233690956549,0.0,0.0,0.0,0.8753911513559469
2020-01-30,78.07010650634766,74.90898790959636,70.87586844254906,0.23164215002593624,0.10247067832051376,23960.15615749359,36500.0,464,0.0,0.0,0.0,0.0,306,0,0,0,0.0,0.04773231808074762,0.0,0.0,0.0,0.8838084043693655
2020-01-31,74.60859680175781,74.88037923265935,71.05649419734073,0.28064685343973444,0.11769227214698136,23960.15615749359,36500.0,464,0.08109454615433141,0.0,0.0,0.0,321,0,0,0,0.0,0.04809600098756335,0.018147773401166183,0.0,1.0,0.9871515232059687
2020-02-03,74.4036865234375,74.83497992701918,71.37830084353484,0.2779763833111981,0.11803347062679947,24460.15615749359,37000.0,464,0.09440000142224522,0.0,0.0,0.0,328,0,0,0,0.0,0.06152890037467849,0.02881629713820222,0.0,1.0,0.9625533745855108
2020-02-04,76.86002349853516,75.02784121954451,71.8675053494734,0.29856048306639565,0.12877082830680026,24460.15615749359,37000.0,464,0.0,0.0,0.0,0.0,318,0,0,0,0.0,0.05911031551706345,0.0,0.0,0.0,0.9321177461292358
2020-02-05,77.48676300048828,75.26202424630105,72.54986725060563,0.2975020277140641,0.1331217582801846,24460.15615749359,37000.0,464,0.0,0.0,0.0,0.0,315,0,0,0,0.0,0.05617353377611649,0.0,0.0,0.0,0.8623428628893779
2020-02-06,78.39310455322266,75.56022237076976,73.00264193736629,0.29551796255318175,0.13270715805166733,24460.15615749359,37000.0,464,0.0,0.0,0.0,0.0,312,0,0,0,0.0,0.05243396810710353,0.0,0.0,0.0,0.8557022274445736
2020-02-07,77.32755279541016,75.72853955406886,73.24305871176547,0.2939229758684534,0.13332146970137654,24460.15615749359,37000.0,464,0.0,0.0,0.0,0.0,316,0,0,0,0.0,0.05032317964627157,0.0,0.0,0.0,0.837182066566899
2020-02-10,77.69480895996094,75.91580330701096,73.47787268779769,0.29409216866500093,0.13447547823085115,24460.15615749359,37000.0,464,0.0,0.0,0.0,0.0,314,0,0,0,0.0,0.047974790960727376,0.0,0.0,0.0,0.8224646637814221
2020-02-11,77.22607421875,76.04059101289087,73.58290991357244,0.2862143654378528,0.132839075004784,24460.15615749359,37000.0,464,0.0,0.0,0.0,0.0,316,0,0,0,0.0,0.046409885676179354,0.0,0.0,0.0,0.795495573795745
2020-02-12,79.05998992919922,76.32815281444405,73.6972146433434,0.29219453277149615,0.13378598674361789,24460.15615749359,37000.0,464,0.0,0.0,0.0,0.0,309,0,0,0,0.0,0.04280370524589077,0.0,0.0,0.0,0.8200369852103551
2020-02-13,78.49698638916016,76.53470839298845,73.91857251000035,0.29324615756780925,0.13422703745437278,24460.15615749359,37000.0,464,0.0,0.0,0.0,0.0,311,0,0,0,0.0,0.040213386639279945,0.0,0.0,0.0,0.8205854990746007
2020-02-14,78.51634216308594,76.72343541871203,74.05159819222985,0.2908578769051394,0.13164805467419127,24460.15615749359,37000.0,464,0.0,0.0,0.0,0.0,311,0,0,0,0.0,0.03784664772209783,0.0,0.0,0.0,0.8411328954876953
2020-02-18,77.07865905761719,76.7572662414649,74.08719855893364,0.2970651400833848,0.13187915529176558,24460.15615749359,37000.0,464,0.0,0.0,0.0,0.0,317,0,0,0,0.0,0.03742239091784547,0.0,0.0,0.0,0.8771297317998346
2020-02-19,78.19497680664062,76.89419105719593,74.20136155438753,0.29989303572756953,0.1320291975582672,24460.15615749359,37000.0,464,0.0,0.0,0.0,0.0,312,0,0,0,0.0,0.03570527971516464,0.0,0.0,0.0,0.8928454291030374
2020-02-20,77.39276885986328,76.94167465744997,74.2601684317981,0.3025660164003098,0.1331249890494552,24460.15615749359,37000.0,464,0.0,0.0,0.0,0.0,316,0,0,0,0.0,0.035109809701168004,0.0,0.0,0.0,0.8939971285675763
2020-02-21,75.64099884033203,76.81780077010539,74.04947673834641,0.3131188060729952,0.13903389663195195,24460.15615749359,37000.0,464,0.11329175458513117,0.0,0.0,0.0,323,0,0,0,0.0,0.036663255207327,0.07659695526139879,0.0,1.0,0.8767534012579543
2020-02-24,72.04801177978516,76.36353515197965,72.7832445009751,0.3546013584994069,0.18135116560092954,24460.15615749359,37000.0,464,0.4332718191447628,0.05545303190793799,1.0,0.4332718191447628,339,2,2,2,144.0960235595703,0.04235999160760655,0.2825644048305047,1.0,1.0,0.6294415925238721
2020-02-25,69.60760498046875,75.72011323088338,70.97686639741515,0.35935158437734993,0.2030741877496753,24316.06013393402,37000.0,466,0.5050192754068732,0.17503212567812196,1.0,0.5050192754068732,349,3,3,3,208.82281494140625,0.0463358712002255,0.4036251393190979,1.0,1.0,0.4746317932682236
2020-02-26,70.71182250976562,75.24313316220551,69.80783579722775,0.34745314133192634,0.198307378305168,24107.237318992615,37000.0,469,0.2603013377897516,0.0,0.0,0.0,340,0,0,0,0.0,0.04624244721420588,0.30111124178411763,0.0,1.0,0.46007822259493936
2020-02-27,66.08951568603516,74.3713600692369,67.33861796767758,0.3975741797123032,0.2473022988305652,24107.237318992615,37000.0,469,0.5923668210446319,0.3206113684077198,1.0,0.5923668210446319,364,3,3,3,198.26854705810547,0.05729276020345664,0.5567898970444847,1.0,1.0,0.33970374716941776
2020-02-28,66.05084991455078,73.57893053069536,65.41882436618481,0.3977766655594014,0.2458831778145132,23908.96877193451,37000.0,472,0.3730091874713128,0.0,0.0,0.0,361,0,0,0,0.0,0.06137148079761597,0.5115649658025434,0.0,1.0,0.3481221349875889
2020-03-02,72.20024108886719,73.44762677433079,65.18380477612344,0.5136417463021715,0.3007283584137372,24408.96877193451,37500.0,472,0.1798724479730752,0.0,0.0,0.0,338,0,0,0,0.0,0.0755392043337565,0.08491667738266168,0.0,1.0,0.42332698799312984
2020-03-03,69.90721893310547,73.11044507516648,64.53671307872531,0.5250367774866338,0.312316801541051,24408.96877193451,37500.0,472,0.24439093094725103,0.0,0.0,0.0,349,0,0,0,0.0,0.07978319798723783,0.2190676133053016,0.0,1.0,0.4009193413439174
2020-03-04,73.14985656738281,73.11419855061567,64.56770192805621,0.5390248752564974,0.34697987233531347,24408.96877193451,37500.0,472,0.006424853016698179,0.0,0.0,0.0,333,0,0,0,0.0,0.07973595424291753,0.0,0.0,0.0,0.29456326392614707
2020-03-05,70.7770767211914,72.89161551924194,64.29337013149437,0.5481329832934004,0.36024693821710174,24408.96877193451,37500.0,472,0.22561727902719483,0.0,0.0,0.0,344,0,0,0,0.0,0.08253753266447478,0.14504677821911735,0.0,1.0,0.26795660870421645
2020-03-06,69.8371353149414,72.60071264264188,64.01311518931182,0.5458359812664868,0.3615350847450398,24408.96877193451,37500.0,472,0.24862234734586944,0.0,0.0,0.0,349,0,0,0,0.0,0.08619903020461421,0.19032714880523727,0.0,1.0,0.25814433208563714
2020-03-09,64.31356811523438,71.81146078288879,62.40048775608572,0.6054416785853524,0.43929698919838056,24408.96877193451,37500.0,472,0.41333371771115096,0.022222862851918233,1.0,0.41333371771115096,379,2,2,2,128.62713623046875,0.09613308027937312,0.5220540416468598,0.0,1.0,0.1485048715565389
2020-03-10,68.94554138183594,71.5385160780266,62.19416474742117,0.6687274429439676,0.4834306052849337,24280.34163570404,37500.0,474,0.2593674590828431,0.0,0.0,0.0,352,0,0,0,0.0,0.09575315677374381,0.18122927608412542,0.0,1.0,0.15274635703198114
2020-03-11,66.5510482788086,71.06351914476775,61.57434492375662,0.6769546934298125,0.5041361958114426,24280.34163570404,37500.0,474,0.3267636203013806,0.0,0.0,0.0,364,0,0,0,0.0,0.10175711801013555,0.3174955955084728,0.0,1.0,0.11900100781993106
2020-03-12,59.978797912597656,70.0078314083706,59.61661255165371,0.7408675037682503,0.5838299670531645,24280.34163570404,37500.0,474,0.518373001192776,0.19728833532129325,1.0,0.518373001192776,404,3,3,3,179.93639373779297,0.11510101099819553,0.7162794000339375,0.0,1.0,0.0574818377168389
2020-03-13,67.16474914550781,69.73706166905033,59.777179587510474,0.8778390138859297,0.6972145717409667,24100.405241966248,37500.0,477,0.2788961282729844,0.0,0.0,0.0,358,0,0,0,0.0,0.11294457556967981,0.18442937384929475,0.0,1.0,0.049221489655542294
2020-03-16,58.524208068847656,68.66917084998342,58.01992753147385,0.9784851817175096,0.7966029362692534,24100.405241966248,37500.0,477,0.5369852456394367,0.22830874273239452,1.0,0.5369852456394367,411,3,3,3,175.57262420654297,0.12652814678821087,0.7386839432864807,0.0,1.0,0.023601948941745388
2020-03-17,61.0975227355957,67.94806150575602,57.229345758745055,0.9985828363455279,0.840402553640014,23924.832617759705,37500.0,480,0.43546466935545103,0.059107782259085015,1.0,0.43546466935545103,391,2,2,2,122.1950454711914,0.13026481272632298,0.5041011191746794,0.0,1.0,0.0
2020-03-18,59.60186767578125,67.15318590290127,56.60159521263377,0.9956598425511641,0.8486144038772431,23802.637572288513,37500.0,482,0.46459654524548266,0.10766090874247107,1.0,0.46459654524548266,399,2,2,2,119.2037353515625,0.13685771719470904,0.5622457166841414,0.0,1.0,0.0
2020-03-19,59.14519119262695,66.39051974001801,56.11398818276274,0.9957493347780141,0.8507378910436066,23683.43383693695,37500.0,484,0.4599508053333582,0.0999180088889303,1.0,0.4599508053333582,400,2,2,2,118.2903823852539,0.14311969188883433,0.5456598755186284,0.0,1.0,0.0
2020-03-20,55.39031219482422,65.34288092619002,54.64151337874661,1.0122392722772873,0.8562580593713967,23565.143454551697,37500.0,486,0.5616245170927561,0.26937419515459343,1.0,0.5616245170927561,425,3,3,3,166.17093658447266,0.15315626319657732,0.7615648858984362,0.0,1.0,0.0
2020-03-23,54.2136116027832,64.28295051443699,52.744899049894286,1.004814118368583,0.8553054643071054,23398.972517967224,37500.0,489,0.5752296604754068,0.29204943412567796,1.0,0.5752296604754068,431,3,3,3,162.6408348083496,0.16175032529174171,0.783204475764718,0.0,1.0,0.0
2020-03-24,59.65260314941406,63.841965051101475,52.25245884275176,1.0767825411491345,0.9386274113881917,23236.331683158875,37500.0,492,0.370723876452564,0.0,0.0,0.0,389,0,0,0,0.0,0.16239341852954864,0.3281040846983714,0.0,1.0,0.0
2020-03-25,59.32398986816406,63.41168170034553,51.954802217204836,1.0738263355239193,0.9416567732597373,23236.331683158875,37500.0,492,0.3706586346249553,0.0,0.0,0.0,391,0,0,0,0.0,0.16803873609146663,0.3223137852973229,0.0,1.0,0.0
2020-03-26,62.445804595947266,63.31969340468856,51.880437191585365,1.0698094495134194,0.965701677773678,23236.331683158875,37500.0,492,0.2572132676670138,0.0,0.0,0.0,372,0,0,0,0.0,0.16924562253048614,0.06900608339621113,0.0,1.0,0.0
2020-03-27,59.860408782958984,62.990237726428596,51.45984116615748,1.079532614348355,0.9712411616958646,23236.331683158875,37500.0,492,0.3399025652728499,0.0,0.0,0.0,388,0,0,0,0.0,0.17356808102925686,0.24843761957707614,0.0,1.0,0.0
2020-03-30,61.568695068359375,62.854852711374384,52.03470453993782,1.026557614550469,0.9633775660594087,23236.331683158875,37500.0,492,0.2749452244785715,0.0,0.0,0.0,377,0,0,0,0.0,0.1753443324267681,0.10231172197005743,0.0,1.0,0.0
2020-03-31,61.44306564331055,62.72039680013021,52.37409780681742,1.022054487499366,0.9607042920880171,23236.331683158875,37500.0,492,0.27552111339750496,0.0,0.0,0.0,378,0,0,0,0.0,0.17710839398229172,0.10182741356771928,0.0,1.0,0.0
2020-04-01,58.21010971069336,62.290845648755266,53.037094822344585,1.0171431494468424,0.9524256010341828,23736.331683158875,38000.0,492,0.3844736250547338,0.0,0.0,0.0,407,0,0,0,0.0,0.1934974721266423,0.32755502799498837,0.0,1.0,0.0
2020-04-02,59.181427001953125,61.994710539536015,53.67644559262325,1.0173361152664777,0.9548553572419191,23736.331683158875,38000.0,492,0.34090291707012244,0.0,0.0,0.0,401,0,0,0,0.0,0.1973316424881126,0.2268970621121595,0.0,1.0,0.0
2020-04-03,58.33092498779297,61.64577858222716,54.26871962967939,1.0174335203626856,0.9546173792972796,23736.331683158875,38000.0,492,0.36182056963028864,0.0,0.0,0.0,406,0,0,0,0.0,0.20184939309326935,0.2688629838629276,0.0,1.0,0.0
2020-04-06,63.41954040527344,61.81470827966014,54.51824695636901,1.0323231355262918,0.9559040369975986,23736.331683158875,38000.0,492,0.08984798912850649,0.0,0.0,0.0,374,0,0,0,0.0,0.19966219806334776,0.0,0.0,0.0,0.0
2020-04-07,62.685001373291016,61.897593336196415,55.6247672094422,0.9984737892899062,0.9380708708615179,23736.331683158875,38000.0,492,0.08936507461489773,0.0,0.0,0.0,378,0,0,0,0.0,0.19858905469977273,0.0,0.0,0.0,0.0
2020-04-08,64.28939819335938,62.12538427497384,56.25138853267458,0.9958989977943646,0.9296688688431698,23736.331683158875,38000.0,492,0.08803789267159977,0.0,0.0,0.0,369,0,0,0,0.0,0.19563976149244391,0.0,0.0,0.0,0.0
2020-04-09,64.75332641601562,62.375664478882584,56.17366075535339,0.9248182363303279,0.8566686984857501,23736.331683158875,38000.0,492,0.08657968116777355,0.0,0.0,0.0,366,0,0,0,0.0,0.19239929148394122,0.0,0.0,0.0,0.0
2020-04-13,66.02429962158203,62.72315354009205,56.76229125307569,0.8233109544339922,0.796050748947603,23736.331683158875,38000.0,492,0.08455510016377951,0.0,0.0,0.0,359,0,0,0,0.0,0.1879002225861767,0.0,0.0,0.0,0.0
2020-04-14,69.35871124267578,63.355111416528594,56.270824947264714,0.6846850872056908,0.6573430851976534,23736.331683158875,38000.0,492,0.08087311401001498,0.0,0.0,0.0,342,0,0,0,0.0,0.17971803113336662,0.0,0.0,0.0,0.0
2020-04-15,68.7256851196289,63.86659462634767,55.98377857731569,0.674996867774222,0.6382767664751063,23736.331683158875,38000.0,492,0.0778930513085954,0.0,0.0,0.0,345,0,0,0,0.0,0.17309566957465644,0.0,0.0,0.0,0.0
2020-04-16,69.27172088623047,64.38136855586032,55.80259100008842,0.6648414832789099,0.6012644237592997,23736.331683158875,38000.0,492,0.07489381583506645,0.0,0.0,0.0,342,0,0,0,0.0,0.16643070185570322,0.0,0.0,0.0,0.0
2020-04-17,68.33181762695312,64.7576018007263,55.81584168280203,0.6670564936392248,0.6045499839037848,23736.331683158875,38000.0,492,0.07270176213997885,0.0,0.0,0.0,347,0,0,0,0.0,0.16155947142217522,0.0,0.0,0.0,0.0
2020-04-20,66.91345977783203,64.9629216080697,56.426509852006916,0.6219868140646012,0.5812981731462178,23736.331683158875,38000.0,492,0.07150550410456231,0.0,0.0,0.0,354,0,0,0,0.0,0.1589011202323607,0.0,0.0,0.0,0.0
2020-04-21,64.84515380859375,64.95170562716724,57.428981961690916,0.6293715357584838,0.5825811499224013,23736.331683158875,38000.0,492,0.22526192656540311,0.0,0.0,0.0,366,0,0,0,0.0,0.15904633766930837,0.00820238803158741,0.0,1.0,0.0
2020-04-22,66.71292114257812,65.11944043815876,57.68126520382783,0.537276734050176,0.496472817184389,23736.331683158875,38000.0,492,0.07059357597346448,0.0,0.0,0.0,355,0,0,0,0.0,0.1568746132743655,0.0,0.0,0.0,0.0
2020-04-23,66.4543685913086,65.24657645274446,58.02837314945527,0.5368380092630881,0.4969244634194916,23736.331683158875,38000.0,492,0.06985284140427304,0.0,0.0,0.0,357,0,0,0,0.0,0.15522853645394008,0.0,0.0,0.0,0.0
2020-04-24,68.37287139892578,65.54431882857125,58.13505349761951,0.5158195729095474,0.45250711960536644,23736.331683158875,38000.0,492,0.06811810029879801,0.0,0.0,0.0,347,0,0,0,0.0,0.15137355621955115,0.0,0.0,0.0,0.0
2020-04-27,68.42121887207031,65.81830930890449,58.534366613475406,0.48635126077193835,0.4308975686910146,23736.331683158875,38000.0,492,0.06652174523706698,0.0,0.0,0.0,346,0,0,0,0.0,0.14782610052681552,0.0,0.0,0.0,0.0
2020-04-28,67.31214141845703,65.96057903362377,58.77168718499815,0.48618178076505203,0.4206180701429115,23736.331683158875,38000.0,492,0.06569283689357094,0.0,0.0,0.0,352,0,0,0,0.0,0.1459840819857132,0.0,0.0,0.0,0.0
2020-04-29,69.52303314208984,66.2998603772872,59.080699270746884,0.4952559236876855,0.4200355272238485,23736.331683158875,38000.0,492,0.06371607664391088,0.0,0.0,0.0,341,0,0,0,0.0,0.14159128143091307,0.0,0.0,0.0,0.0
2020-04-30,70.98969268798828,66.74651107354445,60.01985559264674,0.4448069006454922,0.38028494922645467,23736.331683158875,38000.0,492,0.06111374863992786,0.0,0.0,0.0,334,0,0,0,0.0,0.1358083303109508,0.0,0.0,0.0,0.0
2020-05-01,69.84681701660156,67.04177830621656,61.00038243072578,0.4537339483399924,0.39742180109412867,24236.331683158875,38500.0,492,0.06446624111697806,0.0,0.0,0.0,346,0,0,0,0.0,0.14325831359328456,0.0,0.0,0.0,0.0
2020-05-04,70.83504486083984,67.40304178760925,62.549841782811235,0.44572553631071293,0.38963698125660173,24236.331683158875,38500.0,492,0.06238874151229382,0.0,0.0,0.0,342,0,0,0,0.0,0.13864164780509738,0.0,0.0,0.0,0.0
2020-05-05,71.89820098876953,67.83115218771975,62.944015621302476,0.3415529357019619,0.3100190247705325,24236.331683158875,38500.0,492,0.0599268287178921,0.0,0.0,0.0,337,0,0,0,0.0,0.13317073048420466,0.0,0.0,0.0,0.0
2020-05-06,72.63999938964844,68.28913763552248,63.56094815870257,0.3349479789061422,0.31186456682928515,24236.331683158875,38500.0,492,0.05729311499987855,0.0,0.0,0.0,333,0,0,0,0.0,0.12731803333306344,0.0,0.0,0.0,0.0
2020-05-07,73.39144134521484,68.77507132215985,63.91227098866777,0.3283959845855086,0.29233759363039363,24236.331683158875,38500.0,492,0.05449868076035873,0.0,0.0,0.0,330,0,0,0,0.0,0.12110817946746384,0.0,0.0,0.0,0.0
2020-05-08,75.1383056640625,69.38109364043629,64.10633311800105,0.33387671346713815,0.29375389657292006,24236.331683158875,38500.0,492,0.05101365890928329,0.0,0.0,0.0,322,0,0,0,0.0,0.11336368646507397,0.0,0.0,0.0,0.0
2020-05-11,76.32061767578125,70.04200069142152,64.12253428379826,0.3323103699475783,0.2901001229221691,24236.331683158875,38500.0,492,0.047213014205695486,0.0,0.0,0.0,317,0,0,0,0.0,0.10491780934598996,0.0,0.0,0.0,0.0
2020-05-12,75.44841766357422,70.55689754591225,64.12146325093222,0.2967780412676485,0.28255933313784515,24236.331683158875,38500.0,492,0.044252022943766976,0.0,0.0,0.0,321,0,0,0,0.0,0.09833782876392662,0.0,0.0,0.0,0.0
2020-05-13,74.53742980957031,70.93599585673682,64.23664150587575,0.29873549942689587,0.27814396641377204,24236.331683158875,38500.0,492,0.04207196148879139,0.0,0.0,0.0,325,0,0,0,0.0,0.09349324775286975,0.0,0.0,0.0,0.0
2020-05-14,74.99535369873047,71.32260136549812,64.33618017226469,0.298507102493688,0.2802395044954964,24236.331683158875,38500.0,492,0.03984872877087575,0.0,0.0,0.0,323,0,0,0,0.0,0.08855273060194611,0.0,0.0,0.0,0.0
2020-05-15,74.55198669433594,71.63016187300649,64.52479718100211,0.2936794044657934,0.26368319893932285,24236.331683158875,38500.0,492,0.03808005613808739,0.0,0.0,0.0,325,0,0,0,0.0,0.08462234697352752,0.0,0.0,0.0,0.0
2020-05-18,76.30851745605469,72.0757195475825,64.85474587979893,0.28507991665987437,0.2773228665869101,24236.331683158875,38500.0,492,0.03551781018611002,0.0,0.0,0.0,317,0,0,0,0.0,0.07892846708024448,0.0,0.0,0.0,0.0
2020-05-19,75.86756896972656,72.43684806397717,65.66234376302728,0.2532326204798431,0.2536221504446586,24236.331683158875,38500.0,492,0.03344108671780404,0.0,0.0,0.0,319,0,0,0,0.0,0.07431352603956454,0.0,0.0,0.0,0.0
2020-05-20,77.34307098388672,72.90410738968285,66.20135588613815,0.24508576529848056,0.24813596451579156,24236.331683158875,38500.0,492,0.030754042179849762,0.0,0.0,0.0,313,0,0,0,0.0,0.0683423159552217,0.0,0.0,0.0,0.0
2020-05-21,76.76641845703125,73.27194653895413,66.95511521658413,0.2476125030381243,0.2508596829906974,24236.331683158875,38500.0,492,0.028638728214949487,0.0,0.0,0.0,315,0,0,0,0.0,0.0636416182554433,0.0,0.0,0.0,0.0
2020-05-22,77.26066589355469,73.6518245727256,67.46392672658652,0.23419946442126097,0.24736261455193884,24236.331683158875,38500.0,492,0.02645418284671568,0.0,0.0,0.0,313,0,0,0,0.0,0.05878707299270151,0.0,0.0,0.0,0.0
2020-05-26,76.73735046386719,73.94568418140575,68.07678777496736,0.23801418156430396,0.24587656418997256,24236.331683158875,38500.0,492,0.02476429927887709,0.0,0.0,0.0,315,0,0,0,0.0,0.055031776175282425,0.0,0.0,0.0,0.0
2020-05-27,77.07170867919922,74.24340080024322,69.09738262503738,0.22347549910178718,0.24829504949431386,24236.331683158875,38500.0,492,0.023052235398081797,0.0,0.0,0.0,314,0,0,0,0.0,0.051227189773515105,0.0,0.0,0.0,0.0
2020-05-28,77.10562133789062,74.51599323240012,69.77316327776681,0.202134486418662,0.23261784929305068,24236.331683158875,38500.0,492,0.021484651905106854,0.0,0.0,0.0,314,0,0,0,0.0,0.047743670900237456,0.0,0.0,0.0,0.0
2020-05-29,77.03052520751953,74.75547246812579,70.25864053330457,0.1942373701195283,0.22926283385069135,24236.331683158875,38500.0,492,0.02010749079368702,0.0,0.0,0.0,314,0,0,0,0.0,0.04468331287486005,0.0,0.0,0.0,0.0
2020-06-01,77.9778060913086,75.06236138461938,71.11086322624746,0.18062704228965434,0.1992000031176578,24736.331683158875,39000.0,492,0.023876748447314602,0.0,0.0,0.0,317,0,0,0,0.0,0.053059440994032446,0.0,0.0,0.0,0.0
2020-06-02,78.33880615234375,75.37440374345027,71.87310927891365,0.17777750427432093,0.1997859136240424,24736.331683158875,39000.0,492,0.022105307979490032,0.0,0.0,0.0,315,0,0,0,0.0,0.04912290662108896,0.0,0.0,0.0,0.0
2020-06-03,78.77007293701172,75.69780080950375,72.48712134247181,0.17391512728241001,0.20195398767170916,24736.331683158875,39000.0,492,0.020269407712201835,0.0,0.0,0.0,314,0,0,0,0.0,0.045043128249337414,0.0,0.0,0.0,0.0
2020-06-04,78.0916976928711,75.92579098887207,73.07507686997934,0.17862300335207862,0.19966474756950653,24736.331683158875,39000.0,492,0.018975125001633928,0.0,0.0,0.0,316,0,0,0,0.0,0.042166944448075394,0.0,0.0,0.0,0.0
2020-06-05,80.31582641601562,76.34388960098097,73.37894617424914,0.19812789429044325,0.21288023399459366,24736.331683158875,39000.0,492,0.01660161134212343,0.0,0.0,0.0,307,0,0,0,0.0,0.03689246964916317,0.0,0.0,0.0,0.0
2020-06-08,80.79068756103516,76.76739416860518,73.41647348654836,0.18485373049506537,0.2100549217116207,24736.331683158875,39000.0,492,0.014197408488995237,0.0,0.0,0.0,306,0,0,0,0.0,0.031549796642211636,0.0,0.0,0.0,0.0
2020-06-09,83.3418960571289,77.39353720560743,73.05315706459245,0.205894362190329,0.21434058976640055,24736.331683158875,39000.0,492,0.010642842632782418,0.0,0.0,0.0,296,0,0,0,0.0,0.02365076140618315,0.0,0.0,0.0,0.0
2020-06-10,85.486083984375,78.16425594644244,72.6321632555972,0.20999812703607962,0.19680206584835372,24736.331683158875,39000.0,492,0.006267531627119063,0.0,0.0,0.0,289,0,0,0,0.0,0.013927848060264585,0.0,0.0,0.0,0.0
2020-06-11,81.38185119628906,78.47069358928498,72.97674104347789,0.279161637943635,0.292468879168372,24736.331683158875,39000.0,492,0.0045279087008283725,0.0,0.0,0.0,303,0,0,0,0.0,0.010062019335174161,0.0,0.0,0.0,0.0
2020-06-12,82.0844497680664,78.81486084440702,73.29759611421981,0.2794898284040694,0.2930920953025936,24736.331683158875,39000.0,492,0.00257409766790477,0.0,0.0,0.0,301,0,0,0,0.0,0.005720217039788378,0.0,0.0,0.0,0.0
2020-06-15,83.099609375,79.22293213303492,73.71187544050213,0.2778333323131231,0.2936145758402587,24736.331683158875,39000.0,492,0.00025750835246331975,0.0,0.0,0.0,297,0,0,0,0.0,0.0005722407832518217,0.0,0.0,0.0,0.0
2020-06-16,85.30196380615234,79.80188753047467,73.79067144788118,0.2805399939160847,0.28090634270487935,24736.331683158875,39000.0,492,0.0,0.0,0.0,0.0,289,0,0,0,0.0,0.0,0.0,0.0,0.0,0.0
2020-06-17,85.18321228027344,80.31439464950313,74.05251800177011,0.27857744039058435,0.27757722938771134,24736.331683158875,39000.0,492,0.0,0.0,0.0,0.0,290,0,0,0,0.0,0.0,0.0,0.0,0.0,0.0
2020-06-18,85.21717071533203,80.7813257033916,74.23236463957161,0.27451662232850826,0.2731590836827748,24736.331683158875,39000.0,492,0.0,0.0,0.0,0.0,290,0,0,0,0.0,0.0,0.0,0.0,0.0,0.0
2020-06-19,84.73015594482422,81.15740477400423,74.56213648039754,0.2735366043348998,0.2722010180999734,24736.331683158875,39000.0,492,0.0,0.0,0.0,0.0,291,0,0,0,0.0,0.0,0.0,0.0,0.0,0.0
2020-06-22,86.947021484375,81.7087968416586,74.7829860332349,0.28360290152992473,0.2725450933842858,24736.331683158875,39000.0,492,0.0,0.0,0.0,0.0,284,0,0,0,0.0,0.0,0.0,0.0,0.0,0.0
2020-06-23,88.80289459228516,82.38442519886112,75.02533969462779,0.28426874875862934,0.2703313665107861,24736.331683158875,39000.0,492,0.0,0.0,0.0,0.0,278,0,0,0,0.0,0.0,0.0,0.0,0.0,0.0
2020-06-24,87.23533630371094,82.84641673265634,75.47397467564474,0.2978866926518789,0.2838067959982401,24736.331683158875,39000.0,492,0.0,0.0,0.0,0.0,283,0,0,0,0.0,0.0,0.0,0.0,0.0,0.0
2020-06-25,88.3934555053711,83.37470613958155,75.96826917452735,0.297975671985331,0.2860637632939652,24736.331683158875,39000.0,492,0.0,0.0,0.0,0.0,279,0,0,0,0.0,0.0,0.0,0.0,0.0,0.0
2020-06-26,85.67745208740234,83.59401527746924,76.64097487475324,0.32596697882590453,0.2992547450161131,24736.331683158875,39000.0,492,0.0,0.0,0.0,0.0,288,0,0,0,0.0,0.0,0.0,0.0,0.0,0.0
2020-06-29,87.65205383300781,83.98049513990148,77.26142075834083,0.3311171247726657,0.30375461539727744,24736.331683158875,39000.0,492,0.0,0.0,0.0,0.0,282,0,0,0,0.0,0.0,0.0,0.0,0.0,0.0
2020-06-30,88.38374328613281,84.39985210620922,77.91523291570466,0.3311651813375894,0.3073463046309605,24736.331683158875,39000.0,492,0.0,0.0,0.0,0.0,279,0,0,0,0.0,0.0,0.0,0.0,0.0,0.0
2020-07-01,88.21656036376953,84.76334813073878,78.6211927441029,0.3324268651078475,0.3039567572385285,25236.331683158875,39500.0,492,0.0,0.0,0.0,0.0,286,0,0,0,0.0,0.0,0.0,0.0,0.0,0.0
2020-07-02,88.21656036376953,85.09222548626552,79.65536325781673,0.3288303565992216,0.30406830369584864,25236.331683158875,39500.0,492,0.0,0.0,0.0,0.0,286,0,0,0,0.0,0.0,0.0,0.0,0.0,0.0
2020-07-06,90.57637786865234,85.61452571315951,80.2308896842339,0.32733733426291445,0.2945266124925869,25236.331683158875,39500.0,492,0.0,0.0,0.0,0.0,278,0,0,0,0.0,0.0,0.0,0.0,0.0,0.0
2020-07-07,90.29532623291016,86.06031623885004,80.8776183763125,0.3290144340810521,0.2932486316217462,25236.331683158875,39500.0,492,0.0,0.0,0.0,0.0,279,0,0,0,0.0,0.0,0.0,0.0,0.0,0.0
2020-07-08,92.3983154296875,86.66393520940598,81.01224305003963,0.32162847572481257,0.2938291605192039,25236.331683158875,39500.0,492,0.0,0.0,0.0,0.0,273,0,0,0,0.0,0.0,0.0,0.0,0.0,0.0
2020-07-09,92.79566955566406,87.2479099090496,81.0274093717202,0.3125023424089787,0.29390453267748107,25236.331683158875,39500.0,492,0.0,0.0,0.0,0.0,271,0,0,0,0.0,0.0,0.0,0.0,0.0,0.0
2020-07-10,92.95799255371094,87.79172730377925,81.66953413922693,0.2445676581627662,0.19838136147854146,25236.331683158875,39500.0,492,0.0,0.0,0.0,0.0,271,0,0,0,0.0,0.0,0.0,0.0,0.0,0.02734642147493549
2020-07-13,92.52915954589844,88.24291132683823,82.36350857382851,0.2477390513990337,0.19931891267537566,25236.331683158875,39500.0,492,0.0,0.0,0.0,0.0,272,0,0,0,0.0,0.0,0.0,0.0,0.0,0.03577330785178434
2020-07-14,94.06036376953125,88.79695441661852,82.88800720466902,0.2495747041470672,0.2022854327292996,25236.331683158875,39500.0,492,0.0,0.0,0.0,0.0,268,0,0,0,0.0,0.0,0.0,0.0,0.0,0.02814581018730844
2020-07-15,94.70723724365234,89.35983849538366,83.12767581171376,0.23799061495749113,0.19428935595592764,25236.331683158875,39500.0,492,0.0,0.0,0.0,0.0,266,0,0,0,0.0,0.0,0.0,0.0,0.0,0.02077394558641621
2020-07-16,93.54188537597656,89.75812867448775,83.55291093608668,0.24513604312064863,0.1942206174766901,25236.331683158875,39500.0,492,0.0,0.0,0.0,0.0,269,0,0,0,0.0,0.0,0.0,0.0,0.0,0.05179377240107419
2020-07-17,93.3529052734375,90.1004883505782,84.05892793605051,0.2458619506390473,0.1942174192849997,25236.331683158875,39500.0,492,0.0,0.0,0.0,0.0,270,0,0,0,0.0,0.0,0.0,0.0,0.0,0.05492576113998937
2020-07-20,95.32022094726562,90.5976057407389,84.6727084922756,0.24920116334959444,0.19347567736130664,25236.331683158875,39500.0,492,0.0,0.0,0.0,0.0,264,0,0,0,0.0,0.0,0.0,0.0,0.0,0.07335267645479071
2020-07-21,94.00464630126953,90.92208579412276,85.07382783977737,0.2467271027863421,0.19291158603436417,25236.331683158875,39500.0,492,0.0,0.0,0.0,0.0,268,0,0,0,0.0,0.0,0.0,0.0,0.0,0.06580389086632121
2020-07-22,94.26873016357422,91.24081382930862,85.3059811804671,0.2380906902957935,0.1931816818792036,25236.331683158875,39500.0,492,0.0,0.0,0.0,0.0,267,0,0,0,0.0,0.0,0.0,0.0,0.0,0.027058604365464145
2020-07-23,89.97793579101562,91.12053973042357,85.45356694347687,0.2860198908966759,0.1717759743510903,25236.331683158875,39500.0,492,0.13945756887510802,0.0,0.0,0.0,280,0,0,0,0.0,0.0,0.06269738649421391,0.0,1.0,0.38756255047288235
2020-07-24,89.75504302978516,90.99049242560086,85.44242826313102,0.28301750473516185,0.1720353776528046,25236.331683158875,39500.0,492,0.1434573312499054,0.0,0.0,0.0,281,0,0,0,0.0,0.0,0.06788892789133337,0.0,1.0,0.3709268630119462
2020-07-27,91.88224792480469,91.07542152076313,86.23387199461814,0.26784078894425506,0.1416639653353056,25236.331683158875,39500.0,492,0.0,0.0,0.0,0.0,274,0,0,0,0.0,0.0,0.0,0.0,0.0,0.5755640958182304
2020-07-28,90.37286376953125,91.00851125874104,86.51043730368646,0.26655076933913346,0.139865301795669,25236.331683158875,39500.0,492,0.10690111704452054,0.0,0.0,0.0,279,0,0,0,0.0,0.0,0.03492241991535359,0.0,1.0,0.5881397191738857
2020-07-29,92.10517120361328,91.1129550630146,86.92690079566717,0.2728423145145244,0.13662770289823994,25236.331683158875,39500.0,492,0.0,0.0,0.0,0.0,273,0,0,0,0.0,0.0,0.0,0.0,0.0,0.6641470990558485
2020-07-30,93.21964263916016,91.31359197502846,87.51641734022849,0.2745704145668069,0.13804306319876594,25236.331683158875,39500.0,492,0.0,0.0,0.0,0.0,270,0,0,0,0.0,0.0,0.0,0.0,0.0,0.6575166727227328
2020-07-31,102.97869873046875,92.42455452316563,86.72224220631321,0.4532263332196147,0.13922272709021835,25236.331683158875,39500.0,492,0.0,0.0,0.0,0.0,245,0,0,0,0.0,0.0,0.0,0.0,0.0,1.0
2020-08-03,105.57350158691406,93.67683519590358,85.81251582861793,0.45241343137891504,0.13110759650124404,25736.331683158875,40000.0,492,0.0,0.0,0.0,0.0,243,0,0,0,0.0,0.0,0.0,0.0,0.0,1.0
2020-08-04,106.27853393554688,94.87699698063152,85.42598519596135,0.4505402877079691,0.12239060896694987,25736.331683158875,40000.0,492,0.0,0.0,0.0,0.0,242,0,0,0,0.0,0.0,0.0,0.0,0.0,1.0
2020-08-05,106.66377258300781,95.99954703800069,85.19336431657699,0.44740435407184403,0.12168678970167646,25736.331683158875,40000.0,492,0.0,0.0,0.0,0.0,241,0,0,0,0.0,0.0,0.0,0.0,0.0,1.0
2020-08-06,110.38516998291016,97.36960636608731,84.72143863609213,0.45750289205002476,0.11852745623336847,25736.331683158875,40000.0,492,0.0,0.0,0.0,0.0,233,0,0,0,0.0,0.0,0.0,0.0,0.0,1.0
2020-08-07,107.87548828125,98.37016654848375,84.80036715161087,0.47078147130439296,0.1154827687051387,25736.331683158875,40000.0,492,0.0,0.0,0.0,0.0,238,0,0,0,0.0,0.0,0.0,0.0,0.0,1.0
2020-08-10,109.44345092773438,99.42476506079333,84.93594171840165,0.4689487385186619,0.10653773828291799,25736.331683158875,40000.0,492,0.0,0.0,0.0,0.0,235,0,0,0,0.0,0.0,0.0,0.0,0.0,1.0
2020-08-11,106.1885986328125,100.06893968669992,85.22618861100557,0.48727121851078076,0.10633658470278423,25736.331683158875,40000.0,492,0.0,0.0,0.0,0.0,242,0,0,0,0.0,0.0,0.0,0.0,0.0,1.0
2020-08-12,109.71770477294922,100.98786969491414,85.42946216561867,0.496426247123251,0.11189663669182968,25736.331683158875,40000.0,492,0.0,0.0,0.0,0.0,234,0,0,0,0.0,0.0,0.0,0.0,0.0,1.0
2020-08-13,111.65945434570312,102.00421109022737,85.72637780966923,0.49168435667248794,0.11106967856672291,25736.331683158875,40000.0,492,0.0,0.0,0.0,0.0,230,0,0,0,0.0,0.0,0.0,0.0,0.0,1.0
2020-08-14,111.55992889404297,102.91427945249552,86.18355373391685,0.4913548060183755,0.11143283926705068,25736.331683158875,40000.0,492,0.0,0.0,0.0,0.0,230,0,0,0,0.0,0.0,0.0,0.0,0.0,1.0
2020-08-17,111.26863098144531,103.70993197906218,86.5954526231628,0.4910777780692515,0.10908257249116685,25736.331683158875,40000.0,492,0.0,0.0,0.0,0.0,231,0,0,0,0.0,0.0,0.0,0.0,0.0,1.0
2020-08-18,112.19585418701172,104.51811504648595,87.20639697071755,0.4841578268848984,0.10908174504616754,25736.331683158875,40000.0,492,0.0,0.0,0.0,0.0,229,0,0,0,0.0,0.0,0.0,0.0,0.0,1.0
2020-08-19,112.33663177490234,105.26273568728752,87.91097290622352,0.4844661269964086,0.11042210633734267,25736.331683158875,40000.0,492,0.0,0.0,0.0,0.0,229,0,0,0,0.0,0.0,0.0,0.0,0.0,1.0
2020-08-20,114.82933807373047,106.17384067647257,89.37032554092937,0.4406058997901206,0.09763897748557637,25736.331683158875,40000.0,492,0.0,0.0,0.0,0.0,224,0,0,0,0.0,0.0,0.0,0.0,0.0,1.0
2020-08-21,120.74677276611328,107.56173897072406,90.89012661316092,0.4574475364715777,0.09239638084584986,25736.331683158875,40000.0,492,0.0,0.0,0.0,0.0,213,0,0,0,0.0,0.0,0.0,0.0,0.0,1.0
2020-08-24,122.19093322753906,108.95499556661122,92.3160237650576,0.45649252321358236,0.09460832025327394,25736.331683158875,40000.0,492,0.0,0.0,0.0,0.0,210,0,0,0,0.0,0.0,0.0,0.0,0.0,1.0
2020-08-25,121.18851470947266,110.12009262783612,94.64019071541988,0.4499332264803588,0.08789270655949687,25736.331683158875,40000.0,492,0.0,0.0,0.0,0.0,212,0,0,0,0.0,0.0,0.0,0.0,0.0,1.0
2020-08-26,122.83655548095703,111.33118432813335,97.03218222318748,0.4497069579450043,0.08516637848187472,25736.331683158875,40000.0,492,0.0,0.0,0.0,0.0,209,0,0,0,0.0,0.0,0.0,0.0,0.0,1.0
2020-08-27,121.36812591552734,112.28708352693278,99.92959502790156,0.45966526638688787,0.08130869885082014,25736.331683158875,40000.0,492,0.0,0.0,0.0,0.0,212,0,0,0,0.0,0.0,0.0,0.0,0.0,1.0
2020-08-28,121.17152404785156,113.13322071940124,101.0085170286752,0.31145345451180556,0.08074618602169,25736.331683158875,40000.0,492,0.0,0.0,0.0,0.0,212,0,0,0,0.0,0.0,0.0,0.0,0.0,1.0
2020-08-31,125.28072357177734,114.29012575296088,101.60994578847269,0.3191476033967678,0.08194890443908401,25736.331683158875,40000.0,492,0.0,0.0,0.0,0.0,205,0,0,0,0.0,0.0,0.0,0.0,0.0,1.0
2020-09-01,130.27096557617188,115.81211049802859,101.83741343753981,0.3374211431930756,0.08347072496897429,26236.331683158875,40500.0,492,0.0,0.0,0.0,0.0,201,0,0,0,0.0,0.0,0.0,0.0,0.0,1.0
2020-09-02,127.57196044921875,116.93209620766574,102.60397287745987,0.35457261273671264,0.09343123457296866,26236.331683158875,40500.0,492,0.0,0.0,0.0,0.0,205,0,0,0,0.0,0.0,0.0,0.0,0.0,1.0
2020-09-03,117.35843658447266,116.97270005307591,102.9351109788919,0.4625540042995308,0.16572794591343218,26236.331683158875,40500.0,492,0.0,0.0,0.0,0.0,223,0,0,0,0.0,0.0,0.0,0.0,0.0,1.0
2020-09-04,117.43611907958984,117.01683519845818,103.63042830357743,0.4523106478152567,0.16929619382631195,26236.331683158875,40500.0,492,0.0,0.0,0.0,0.0,223,0,0,0,0.0,0.0,0.0,0.0,0.0,1.0
2020-09-08,109.53324890136719,116.30411269397332,102.92878928797643,0.5171977284078624,0.19776454679091324,26236.331683158875,40500.0,492,0.180988003609551,0.0,0.0,0.0,239,0,0,0,0.0,0.0,0.2910844524656689,0.0,1.0,1.0
2020-09-09,113.90216064453125,116.07535535593122,103.6416913562795,0.5221325381538453,0.2083029118320862,26236.331683158875,40500.0,492,0.09212511851164523,0.0,0.0,0.0,230,0,0,0,0.0,0.0,0.09361137447032275,0.0,1.0,1.0
2020-09-10,110.1837387084961,115.51424900855645,103.1421449961557,0.5256279534030102,0.21239946477366714,26236.331683158875,40500.0,492,0.15382830064754519,0.0,0.0,0.0,238,0,0,0,0.0,0.0,0.23072955699454484,0.0,1.0,1.0
2020-09-11,108.73713684082031,114.86880975448634,102.1305106787775,0.5238264584132024,0.21235190514111515,26236.331683158875,40500.0,492,0.17010452694021858,0.0,0.0,0.0,241,0,0,0,0.0,0.0,0.26689894875604137,0.0,1.0,1.0
2020-09-14,111.99925994873047,114.5955192967953,101.8996196931903,0.5351092286810664,0.21742081116279985,26236.331683158875,40500.0,492,0.10097567137870841,0.0,0.0,0.0,234,0,0,0,0.0,0.0,0.11327926973046314,0.0,1.0,1.0
2020-09-15,112.17401123046875,114.36489948095468,101.75821632239945,0.5349669490410366,0.2179794058353337,26236.331683158875,40500.0,492,0.09310324746461432,0.0,0.0,0.0,233,0,0,0,0.0,0.0,0.09578499436580966,0.0,1.0,1.0
2020-09-16,108.86334991455078,113.8409423793924,100.84769394464942,0.544821251401309,0.21855084371888642,26236.331683158875,40500.0,492,0.14837921938988627,0.0,0.0,0.0,241,0,0,0,0.0,0.0,0.21862048753308058,0.0,1.0,1.0
2020-09-17,107.12549591064453,113.20137604903546,99.57850143093603,0.5473248027430967,0.2200865178303948,26236.331683158875,40500.0,492,0.17076470082358217,0.0,0.0,0.0,244,0,0,0,0.0,0.0,0.2683660018301826,0.0,1.0,1.0
2020-09-18,103.72745513916016,112.29909786714256,97.41641446417492,0.5494358598984734,0.2230744226621314,26236.331683158875,40500.0,492,0.22173954648128422,0.0,0.0,0.0,252,0,0,0,0.0,0.0,0.38164343662507605,0.0,1.0,1.0
2020-09-21,106.87306213378906,111.78233255920414,96.41179750898776,0.525385017723801,0.22555966013657716,26236.331683158875,40500.0,492,0.15471154774405393,0.0,0.0,0.0,245,0,0,0,0.0,0.0,0.21959062371573515,0.0,1.0,0.9410423292802688
2020-09-22,108.55268096923828,111.4747466934931,96.052578114792,0.527211598298816,0.22589151043923927,26236.331683158875,40500.0,492,0.11448588804645554,0.0,0.0,0.0,241,0,0,0,0.0,0.0,0.13106402171467707,0.0,1.0,0.9449292172514914
2020-09-23,103.99929809570312,110.76279920798929,94.81367605268916,0.5429893549142065,0.2380174012005585,26236.331683158875,40500.0,492,0.19728317016378225,0.0,0.0,0.0,252,0,0,0,0.0,0.0,0.3053146526021669,0.0,1.0,0.9010842350719286
2020-09-24,105.06726837158203,110.22036769976003,94.25902404614887,0.5414359363641823,0.23406663959827007,26236.331683158875,40500.0,492,0.16242939628713618,0.0,0.0,0.0,249,0,0,0,0.0,0.0,0.23376347927884927,0.0,1.0,0.92764169388346
2020-09-25,109.00898742675781,110.10499814995029,94.4627215164003,0.5637168283573272,0.24345082410492686,26236.331683158875,40500.0,492,0.07943648304817645,0.0,0.0,0.0,240,0,0,0,0.0,0.0,0.04977116123737807,0.0,1.0,0.9296053950864367
2020-09-28,111.61092376708984,110.2484196372969,95.08817140081038,0.5727798324464721,0.25040961149867264,26236.331683158875,40500.0,492,0.0,0.0,0.0,0.0,235,0,0,0,0.0,0.0,0.0,0.0,0.0,0.9061429957981342
2020-09-29,110.76625061035156,110.29773687282592,96.38233525581704,0.5555372911263319,0.2505869420915402,26236.331683158875,40500.0,492,0.0,0.0,0.0,0.0,236,0,0,0,0.0,0.0,0.0,0.0,0.0,0.8474535773542433
2020-09-30,112.43614959716797,110.50139522752517,99.63475670524132,0.5352979166479589,0.25097854116211915,26236.331683158875,40500.0,492,0.0,0.0,0.0,0.0,233,0,0,0,0.0,0.0,0.0,0.0,0.0,0.7773694720716653
2020-10-01,113.38758850097656,110.77627077737768,103.1322125349254,0.5352446416567224,0.24405086522193278,26736.331683158875,41000.0,492,0.0,0.0,0.0,0.0,235,0,0,0,0.0,0.0,0.0,0.0,0.0,0.8276403198775333
2020-10-02,109.72742462158203,110.6763806673019,103.82980311163236,0.46960494062632263,0.21412296482932217,26736.331683158875,41000.0,492,0.08652888910498895,0.0,0.0,0.0,243,0,0,0,0.0,0.0,0.04287075706660808,0.0,1.0,0.8276295157498468
2020-10-05,113.10604858398438,110.90777761174785,104.85612793260499,0.484605108837813,0.22322242199809364,26736.331683158875,41000.0,492,0.0,0.0,0.0,0.0,236,0,0,0,0.0,0.0,0.0,0.0,0.0,0.8091264626706107
2020-10-06,109.86334228515625,110.80830758064388,104.754924547998,0.43145696967670644,0.20527452776614327,26736.331683158875,41000.0,492,0.09403338628454874,0.0,0.0,0.0,243,0,0,0,0.0,0.0,0.0426396412019879,0.0,1.0,0.751544522563458
2020-10-07,111.7274169921875,110.8958418103147,105.09849189795212,0.41088828355601925,0.20199442570229492,26736.331683158875,41000.0,492,0.0,0.0,0.0,0.0,239,0,0,0,0.0,0.0,0.0,0.0,0.0,0.6951304560651508
2020-10-08,111.62061309814453,110.96486764725088,105.09392152025428,0.39316878696246577,0.19199159587262518,26736.331683158875,41000.0,492,0.0,0.0,0.0,0.0,239,0,0,0,0.0,0.0,0.0,0.0,0.0,0.7065364466235522
2020-10-09,113.5623550415039,111.2122473990845,105.08552727594807,0.3936113525617801,0.19358261821467307,26736.331683158875,41000.0,492,0.0,0.0,0.0,0.0,235,0,0,0,0.0,0.0,0.0,0.0,0.0,0.6944158700467862
2020-10-12,120.77589416503906,112.12307090060399,104.29889259230552,0.4399654424839006,0.1966833434866643,26736.331683158875,41000.0,492,0.0,0.0,0.0,0.0,221,0,0,0,0.0,0.0,0.0,0.0,0.0,0.8641022785004822
2020-10-13,117.57202911376953,112.64201930185786,104.18418936001714,0.4532481520380574,0.19862430269430179,26736.331683158875,41000.0,492,0.0,0.0,0.0,0.0,227,0,0,0,0.0,0.0,0.0,0.0,0.0,0.9016141944441105
2020-10-14,117.65943145751953,113.11986807858754,104.1163371466062,0.43713097726545247,0.19959201359110568,26736.331683158875,41000.0,492,0.0,0.0,0.0,0.0,227,0,0,0,0.0,0.0,0.0,0.0,0.0,0.8251021563124816
2020-10-15,117.1933822631836,113.50782181045383,104.27204756263741,0.4318131888408739,0.19649384367448094,26736.331683158875,41000.0,492,0.0,0.0,0.0,0.0,228,0,0,0,0.0,0.0,0.0,0.0,0.0,0.831326199869107
2020-10-16,115.5526123046875,113.7025637622856,105.04198997395153,0.41620783320407195,0.1904985358367521,26736.331683158875,41000.0,492,0.0,0.0,0.0,0.0,231,0,0,0,0.0,0.0,0.0,0.0,0.0,0.8206956787353894
2020-10-19,112.60118865966797,113.59767089536965,105.2793243744779,0.41966247863835593,0.1958307302106519,26736.331683158875,41000.0,492,0.09115491670758677,0.0,0.0,0.0,237,0,0,0,0.0,0.0,0.04386015258268357,0.0,1.0,0.7858215195462084
2020-10-20,114.08661651611328,113.64423714496428,105.48258327613313,0.4187382368841943,0.19365460680871402,26736.331683158875,41000.0,492,0.0,0.0,0.0,0.0,234,0,0,0,0.0,0.0,0.0,0.0,0.0,0.8019118495926569
2020-10-21,113.46525573730469,113.62719129661575,106.52870637925318,0.38572948971932636,0.16934091482543134,26736.331683158875,41000.0,492,0.06338757680441094,0.0,0.0,0.0,235,0,0,0,0.0,0.0,0.0071257397751010075,0.0,1.0,0.8981900609438449
2020-10-22,112.37791442871094,113.50821254729148,107.46357699535962,0.3883169459827365,0.16951754254231866,26736.331683158875,41000.0,492,0.08151197357554774,0.0,0.0,0.0,237,0,0,0,0.0,0.0,0.049789266045821096,0.0,1.0,0.9089319614507174
2020-10-23,111.68859100341797,113.33491525739876,107.58915384144203,0.3682178405492152,0.16263575494774238,26736.331683158875,41000.0,492,0.09401188001051633,0.0,0.0,0.0,239,0,0,0,0.0,0.0,0.07263093858771459,0.0,1.0,0.8867204235395523
2020-10-26,111.69827270507812,113.17904453813013,107.43932446023673,0.3585787794452649,0.17062687658673162,26736.331683158875,41000.0,492,0.10430962692263367,0.0,0.0,0.0,239,0,0,0,0.0,0.0,0.06541722626723225,0.0,1.0,0.7512812489762084
2020-10-27,113.20311737060547,113.18133718884206,107.58825759766557,0.3602464514119278,0.16996575600516164,26736.331683158875,41000.0,492,0.0,0.0,0.0,0.0,236,0,0,0,0.0,0.0,0.0,0.0,0.0,0.7662697665257325
2020-10-28,107.96041870117188,112.684106856683,106.55179424851502,0.39354479320676916,0.21036792294733203,26736.331683158875,41000.0,492,0.18842397115098708,0.0,0.0,0.0,247,0,0,0,0.0,0.0,0.20959868641985765,0.0,1.0,0.5589543773794887
2020-10-29,111.96041107177734,112.61518344859675,106.44711999905984,0.4158262718898919,0.2144216044209539,26736.331683158875,41000.0,492,0.10147432077663027,0.0,0.0,0.0,238,0,0,0,0.0,0.0,0.0290712298629909,0.0,1.0,0.6160773266171562
2020-10-30,105.68861389160156,111.95551015745436,105.06334125314451,0.4473729464164828,0.21596628862248143,26736.331683158875,41000.0,492,0.2033229707766,0.0,0.0,0.0,252,0,0,0,0.0,0.0,0.2798833329882121,0.0,1.0,0.7262452906809544
2020-11-02,105.60124206542969,111.35034176773773,103.67162216048774,0.4308815134348561,0.21020009362478145,27236.331683158875,41500.0,492,0.19534718416679892,0.0,0.0,0.0,257,0,0,0,0.0,0.0,0.25815366217285235,0.0,1.0,0.7082196381098467
2020-11-03,107.22258758544922,110.95722232180549,102.98133005506604,0.42449059020596236,0.2151490170229784,27236.331683158875,41500.0,492,0.1613139626140072,0.0,0.0,0.0,254,0,0,0,0.0,0.0,0.16829164691617976,0.0,1.0,0.6441727849827368
2020-11-04,111.6011962890625,111.01855317582996,103.03935182700604,0.445723006456099,0.22063930040363988,27236.331683158875,41500.0,492,0.0,0.0,0.0,0.0,244,0,0,0,0.0,0.0,0.0,0.0,0.0,0.683452757663332
2020-11-05,115.56232452392578,111.45129330422004,103.38537622650482,0.46279367243507225,0.2294171520577898,27236.331683158875,41500.0,492,0.0,0.0,0.0,0.0,235,0,0,0,0.0,0.0,0.0,0.0,0.0,0.6810486497484987
2020-11-06,115.43104553222656,111.83031732593496,103.68681709066055,0.4593533768381644,0.22759055705931075,27236.331683158875,41500.0,492,0.0,0.0,0.0,0.0,235,0,0,0,0.0,0.0,0.0,0.0,0.0,0.6819435992623939
2020-11-09,113.12611389160156,111.95372652266511,104.687519020331,0.40105245871456474,0.22381745820836535,27236.331683158875,41500.0,492,0.0,0.0,0.0,0.0,240,0,0,0,0.0,0.0,0.0,0.0,0.0,0.49322749412604106
2020-11-10,112.78572845458984,112.03296480189604,105.1566199683269,0.3912933706716766,0.22256331408207025,27236.331683158875,41500.0,492,0.0,0.0,0.0,0.0,241,0,0,0,0.0,0.0,0.0,0.0,0.0,0.46510133639015905
2020-11-11,116.20906829833984,112.4306889444145,105.76389314175742,0.40760662249128005,0.22221201285324438,27236.331683158875,41500.0,492,0.0,0.0,0.0,0.0,234,0,0,0,0.0,0.0,0.0,0.0,0.0,0.5285950613017938
2020-11-12,115.93678283691406,112.76460264846207,106.27254028524625,0.40745457608548796,0.2256286584790432,27236.331683158875,41500.0,492,0.0,0.0,0.0,0.0,234,0,0,0,0.0,0.0,0.0,0.0,0.0,0.5048863134679216
2020-11-13,115.98539733886719,113.07134499992924,106.52936824215689,0.4041900453185902,0.2300796128238888,27236.331683158875,41500.0,492,0.0,0.0,0.0,0.0,234,0,0,0,0.0,0.0,0.0,0.0,0.0,0.4639499503300617
2020-11-16,116.99683380126953,113.44520107624737,106.56141134254943,0.39305900479778155,0.2225779670396107,27236.331683158875,41500.0,492,0.0,0.0,0.0,0.0,232,0,0,0,0.0,0.0,0.0,0.0,0.0,0.47161542996089234
2020-11-17,116.11183166503906,113.69916589422753,106.65501757168971,0.3922719233607823,0.22412023418474303,27236.331683158875,41500.0,492,0.0,0.0,0.0,0.0,234,0,0,0,0.0,0.0,0.0,0.0,0.0,0.45856205556995566
2020-11-18,114.7891845703125,113.80297719671181,106.69723443150141,0.39416526508345195,0.22911163306796367,27236.331683158875,41500.0,492,0.0,0.0,0.0,0.0,237,0,0,0,0.0,0.0,0.0,0.0,0.0,0.4336725282682279
2020-11-19,115.38241577148438,113.95339991811872,106.7409078899114,0.3924484627392429,0.22891819456439894,27236.331683158875,41500.0,492,0.0,0.0,0.0,0.0,236,0,0,0,0.0,0.0,0.0,0.0,0.0,0.4286343042253604
2020-11-20,114.11809539794922,113.96908520191211,106.74982064781798,0.394081430323956,0.2308929823236637,27236.331683158875,41500.0,492,0.0,0.0,0.0,0.0,238,0,0,0,0.0,0.0,0.0,0.0,0.0,0.4223091088852591
2020-11-23,110.72393798828125,113.66002356251869,106.39450626425047,0.4093017550951238,0.21875010442238096,27236.331683158875,41500.0,492,0.15219798916101132,0.0,0.0,0.0,245,0,0,0,0.0,0.0,0.12916087302333018,0.0,1.0,0.5592440369948726
2020-11-24,112.00768280029297,113.50265777564006,106.2307512987613,0.4085280173206133,0.22274235469378015,27236.331683158875,41500.0,492,0.12679510468177707,0.0,0.0,0.0,243,0,0,0,0.0,0.0,0.06585638630164053,0.0,1.0,0.5284026915396116
2020-11-25,112.84407043457031,113.43993517172866,106.5275343861048,0.37091068280181577,0.1708027250103482,27236.331683158875,41500.0,492,0.08085408707862364,0.0,0.0,0.0,241,0,0,0,0.0,0.0,0.026263446653787027,0.0,1.0,0.8096446391558052
2020-11-27,113.38871002197266,113.43505658603762,106.53856820273253,0.34799964383870313,0.16920748978864034,27236.331683158875,41500.0,492,0.07953225345323224,0.0,0.0,0.0,240,0,0,0,0.0,0.0,0.002042867763274263,0.0,1.0,0.7138703704024116
2020-11-30,115.78115844726562,113.65849485853552,107.61347061639539,0.2822720998405855,0.1611351294285986,27236.331683158875,41500.0,492,0.0,0.0,0.0,0.0,235,0,0,0,0.0,0.0,0.0,0.0,0.0,0.45981047522841445
2020-12-01,119.35040283203125,114.20058133220178,108.89410911046365,0.2960498218992956,0.1605608502690618,27736.331683158875,42000.0,492,0.0,0.0,0.0,0.0,232,0,0,0,0.0,0.0,0.0,0.0,0.0,0.5365400999225862
2020-12-02,119.70051574707031,114.72438460980831,110.00377337728567,0.2942909725190731,0.1536983514321176,27736.331683158875,42000.0,492,0.0,0.0,0.0,0.0,231,0,0,0,0.0,0.0,0.0,0.0,0.0,0.5956090277750399
2020-12-03,119.56436157226562,115.18533479670901,110.29309049373808,0.2639387391583606,0.13941452056428638,27736.331683158875,42000.0,492,0.0,0.0,0.0,0.0,231,0,0,0,0.0,0.0,0.0,0.0,0.0,0.5776616984255358
2020-12-04,118.8932876586914,115.53847316451686,110.38722480174977,0.23697799796439495,0.1275591692543235,27736.331683158875,42000.0,492,0.0,0.0,0.0,0.0,233,0,0,0,0.0,0.0,0.0,0.0,0.0,0.5481573463103724
2020-12-07,120.35210418701172,115.99691421427826,110.3999212078816,0.23974137718626146,0.1281953372663663,27736.331683158875,42000.0,492,0.0,0.0,0.0,0.0,230,0,0,0,0.0,0.0,0.0,0.0,0.0,0.5584379685622718
2020-12-08,120.96482849121094,116.47004890731947,110.54447631673122,0.2250646800270396,0.12359710844120217,27736.331683158875,42000.0,492,0.0,0.0,0.0,0.0,229,0,0,0,0.0,0.0,0.0,0.0,0.0,0.5174618758314762
2020-12-09,118.43619537353516,116.65730095172096,110.85847776107744,0.24032322439731837,0.12817500567782264,27736.331683158875,42000.0,492,0.0,0.0,0.0,0.0,234,0,0,0,0.0,0.0,0.0,0.0,0.0,0.5624680693818249
2020-12-10,119.85610961914062,116.96194939623712,110.95954172474204,0.22014516532357095,0.12667668812013128,27736.331683158875,42000.0,492,0.0,0.0,0.0,0.0,231,0,0,0,0.0,0.0,0.0,0.0,0.0,0.44820887851389
2020-12-11,119.04890441894531,117.16070701744741,111.06559674560145,0.22174456543061224,0.11993904630029573,27736.331683158875,42000.0,492,0.0,0.0,0.0,0.0,232,0,0,0,0.0,0.0,0.0,0.0,0.0,0.5406753977031409
2020-12-14,118.43619537353516,117.28218209897958,111.15038232597426,0.22295396451439356,0.11321304359509445,27736.331683158875,42000.0,492,0.0,0.0,0.0,0.0,234,0,0,0,0.0,0.0,0.0,0.0,0.0,0.6411092267173342
2020-12-15,124.36869812011719,117.95708838670697,110.95973883498654,0.2821203053998238,0.11489592616514704,27736.331683158875,42000.0,492,0.0,0.0,0.0,0.0,223,0,0,0,0.0,0.0,0.0,0.0,0.0,1.0
2020-12-16,124.30064392089844,118.56123653282044,110.90605202748223,0.27965531629914253,0.11289011941713119,27736.331683158875,42000.0,492,0.0,0.0,0.0,0.0,223,0,0,0,0.0,0.0,0.0,0.0,0.0,1.0
2020-12-17,125.16616821289062,119.19027764520808,110.95681805292824,0.27417679940448036,0.10307260931915554,27736.331683158875,42000.0,492,0.0,0.0,0.0,0.0,221,0,0,0,0.0,0.0,0.0,0.0,0.0,1.0
2020-12-18,123.18220520019531,119.57046122187354,111.1490643505566,0.2834678644746585,0.10472930658931486,27736.331683158875,42000.0,492,0.0,0.0,0.0,0.0,225,0,0,0,0.0,0.0,0.0,0.0,0.0,1.0
2020-12-21,124.7090835571289,120.0598538252312,111.4746777613365,0.2798489108068095,0.10206619229258858,27736.331683158875,42000.0,492,0.0,0.0,0.0,0.0,222,0,0,0,0.0,0.0,0.0,0.0,0.0,1.0
2020-12-22,128.2588653564453,120.84071206629922,112.25585192850524,0.26074784215917557,0.10200774479181031,27736.331683158875,42000.0,492,0.0,0.0,0.0,0.0,216,0,0,0,0.0,0.0,0.0,0.0,0.0,1.0
2020-12-23,127.36412811279297,121.4619897850129,113.11717554785294,0.26517866728534656,0.08612104468259471,27736.331683158875,42000.0,492,0.0,0.0,0.0,0.0,217,0,0,0,0.0,0.0,0.0,0.0,0.0,1.0
2020-12-24,128.346435546875,122.11765128614262,113.96698396824483,0.26519104152690015,0.08619080371725296,27736.331683158875,42000.0,492,0.0,0.0,0.0,0.0,216,0,0,0,0.0,0.0,0.0,0.0,0.0,1.0
2020-12-28,132.9368133544922,123.14804767360448,114.41218327286774,0.28450291975685305,0.09035925979966385,27736.331683158875,42000.0,492,0.0,0.0,0.0,0.0,208,0,0,0,0.0,0.0,0.0,0.0,0.0,1.0
2020-12-29,131.1668243408203,123.91174068952981,114.94225876729867,0.2898776433200643,0.08867414687924824,27736.331683158875,42000.0,492,0.0,0.0,0.0,0.0,211,0,0,0,0.0,0.0,0.0,0.0,0.0,1.0
2020-12-30,130.04837036132812,124.49618161065345,115.22741461195866,0.27938781221461845,0.08073814674332971,27736.331683158875,42000.0,492,0.0,0.0,0.0,0.0,213,0,0,0,0.0,0.0,0.0,0.0,0.0,1.0
2020-12-31,129.04664611816406,124.92955918279732,115.57944321207898,0.2826831517257039,0.08303042840713613,27736.331683158875,42000.0,492,0.0,0.0,0.0,0.0,214,0,0,0,0.0,0.0,0.0,0.0,0.0,1.0
2021-01-04,125.856689453125,125.01785730378091,115.90728740532384,0.3001280933773902,0.10044180510553358,28236.331683158875,42500.0,492,0.0,0.0,0.0,0.0,224,0,0,0,0.0,0.0,0.0,0.0,0.0,1.0
2021-01-05,127.41275024414062,125.24594234571994,116.45537478072256,0.30027966472721346,0.09868418492918855,28236.331683158875,42500.0,492,0.0,0.0,0.0,0.0,221,0,0,0,0.0,0.0,0.0,0.0,0.0,1.0
2021-01-06,123.12388610839844,125.04384175168933,116.47474079046107,0.3259262752775176,0.10001511057604888,28236.331683158875,42500.0,492,0.0845470847415494,0.0,0.0,0.0,229,0,0,0,0.0,0.0,0.07677129942566532,0.0,1.0,1.0
2021-01-07,127.32523345947266,125.26111715243059,116.86813757132312,0.3460324309083819,0.11171230246935096,28236.331683158875,42500.0,492,0.0,0.0,0.0,0.0,221,0,0,0,0.0,0.0,0.0,0.0,0.0,1.0
2021-01-08,128.4241943359375,125.56236259847887,117.7504580820154,0.33491375480891145,0.10691445538042176,28236.331683158875,42500.0,492,0.0,0.0,0.0,0.0,219,0,0,0,0.0,0.0,0.0,0.0,0.0,1.0
2021-01-11,125.43848419189453,125.55056465499464,118.26991180904373,0.34726605146493117,0.11066478258946337,28236.331683158875,42500.0,492,0.052008601416236006,0.0,0.0,0.0,225,0,0,0,0.0,0.0,0.004463558702746733,0.0,1.0,1.0
2021-01-12,125.2634506225586,125.5232204614293,119.04053777285056,0.3458965042320249,0.11021010563719018,28236.331683158875,42500.0,492,0.05465636664921847,0.0,0.0,0.0,225,0,0,0,0.0,0.0,0.010347481442707727,0.0,1.0,1.0
2021-01-13,127.29608154296875,125.69206437395687,120.43753699376107,0.3477231810005652,0.1077247253081287,28236.331683158875,42500.0,492,0.0,0.0,0.0,0.0,221,0,0,0,0.0,0.0,0.0,0.0,0.0,1.0
2021-01-14,125.37042999267578,125.66143252812057,120.49217211611227,0.30739334381709627,0.10181605625483485,28236.331683158875,42500.0,492,0.0552104746188076,0.0,0.0,0.0,225,0,0,0,0.0,0.0,0.01157883248623912,0.0,1.0,1.0
2021-01-15,123.64901733398438,125.46977393820283,120.22122086435569,0.31156755281728976,0.10621878828495789,28236.331683158875,42500.0,492,0.08265091050143492,0.0,0.0,0.0,228,0,0,0,0.0,0.0,0.07255757889207762,0.0,1.0,1.0
2021-01-19,124.3200912475586,125.36028034861768,120.03742141277743,0.3111544570970932,0.10797680950006847,28236.331683158875,42500.0,492,0.06866959351777444,0.0,0.0,0.0,227,0,0,0,0.0,0.0,0.04148798559505432,0.0,1.0,1.0
2021-01-20,128.40475463867188,125.65023028100379,120.59521472353772,0.32623993968679743,0.11570932186173262,28236.331683158875,42500.0,492,0.0,0.0,0.0,0.0,219,0,0,0,0.0,0.0,0.0,0.0,0.0,1.0
2021-01-21,133.1118621826172,126.36086189068125,120.8017532134677,0.34693165016479577,0.11384943177658173,28236.331683158875,42500.0,492,0.0,0.0,0.0,0.0,212,0,0,0,0.0,0.0,0.0,0.0,0.0,1.0
2021-01-22,135.25144958496094,127.20758452823169,120.68083139052241,0.3377688401737038,0.1143551474532934,28236.331683158875,42500.0,492,0.0,0.0,0.0,0.0,208,0,0,0,0.0,0.0,0.0,0.0,0.0,1.0
2021-01-25,138.99575805664062,128.3302677214135,120.16022766081869,0.34665594735624716,0.11436638720853336,28236.331683158875,42500.0,492,0.0,0.0,0.0,0.0,203,0,0,0,0.0,0.0,0.0,0.0,0.0,1.0
2021-01-26,139.22914123535156,129.36825567512187,119.90507804137849,0.34660009937043335,0.11498788589052272,28236.331683158875,42500.0,492,0.0,0.0,0.0,0.0,202,0,0,0,0.0,0.0,0.0,0.0,0.0,1.0
2021-01-27,138.15936279296875,130.20550397205966,120.03300000784279,0.3281102672905178,0.14821898648854717,28236.331683158875,42500.0,492,0.0,0.0,0.0,0.0,204,0,0,0,0.0,0.0,0.0,0.0,0.0,0.8447381757210006
2021-01-28,133.3258056640625,130.50267556177423,120.2037218356996,0.34993177532386943,0.15163321387309833,28236.331683158875,42500.0,492,0.0,0.0,0.0,0.0,211,0,0,0,0.0,0.0,0.0,0.0,0.0,0.9231262420774062
2021-01-29,128.336669921875,130.29638931035527,119.9898330039826,0.374578749327865,0.16761904819432474,28236.331683158875,42500.0,492,0.0976158354883758,0.0,0.0,0.0,220,0,0,0,0.0,0.0,0.07520236741988207,0.0,1.0,0.8622522985057113
2021-02-01,130.45681762695312,130.3116681976503,119.99505270394637,0.3781645479029922,0.17592534494956932,28736.331683158875,43000.0,492,0.0,0.0,0.0,0.0,220,0,0,0,0.0,0.0,0.0,0.0,0.0,0.7913116688378845
2021-02-02,131.2834930419922,130.4042229447305,120.19930600609965,0.36623319467094934,0.17278770332797533,28736.331683158875,43000.0,492,0.0,0.0,0.0,0.0,218,0,0,0,0.0,0.0,0.0,0.0,0.0,0.7662965767486134
2021-02-03,130.26229858398438,130.39070633894517,120.24135523614189,0.36591953551916395,0.17163227904470657,28736.331683158875,43000.0,492,0.07454935056858245,0.0,0.0,0.0,220,0,0,0,0.0,0.0,0.0049239611689424955,0.0,1.0,0.7766643195744165
2021-02-04,133.6175994873047,130.6980294959318,120.93544867468523,0.3509771664083379,0.17428638582175776,28736.331683158875,43000.0,492,0.0,0.0,0.0,0.0,215,0,0,0,0.0,0.0,0.0,0.0,0.0,0.6781630454260943
2021-02-05,133.20361328125,130.93665652310494,121.20691692314651,0.33350509356935354,0.16751770317398698,28736.331683158875,43000.0,492,0.0,0.0,0.0,0.0,215,0,0,0,0.0,0.0,0.0,0.0,0.0,0.6590539748455173
2021-02-08,133.34970092773438,131.1664702759268,121.42673999132828,0.3327301895258925,0.16831087398291916,28736.331683158875,43000.0,492,0.0,0.0,0.0,0.0,215,0,0,0,0.0,0.0,0.0,0.0,0.0,0.6473989551404904
2021-02-09,132.4730987548828,131.29091108344642,121.88163130955888,0.32094198825289866,0.1660666598123138,28736.331683158875,43000.0,492,0.0,0.0,0.0,0.0,216,0,0,0,0.0,0.0,0.0,0.0,0.0,0.6105078357069724
2021-02-10,131.86929321289062,131.34599509577444,122.37042770609175,0.32170222937646453,0.1661545591881266,28736.331683158875,43000.0,492,0.0,0.0,0.0,0.0,217,0,0,0,0.0,0.0,0.0,0.0,0.0,0.6134687634031
2021-02-11,131.61599731445312,131.37170959279146,122.627125142034,0.31806137298454923,0.16612903424385853,28736.331683158875,43000.0,492,0.0,0.0,0.0,0.0,218,0,0,0,0.0,0.0,0.0,0.0,0.0,0.5954534700101013
2021-02-12,131.84979248046875,131.41724129637979,123.21454117915019,0.3116825282231997,0.16533981440439247,28736.331683158875,43000.0,492,0.0,0.0,0.0,0.0,217,0,0,0,0.0,0.0,0.0,0.0,0.0,0.5709189049331578
2021-02-16,129.72645568847656,131.2562140956271,123.97967766889754,0.3134515471685337,0.16217568577405778,28736.331683158875,43000.0,492,0.11515735317524958,0.0,0.0,0.0,221,0,0,0,0.0,0.0,0.05827375174923201,0.0,1.0,0.610658351119048
2021-02-17,127.43757629394531,130.89253430499073,124.24193270444651,0.3212794112434656,0.1608333244282393,28736.331683158875,43000.0,492,0.14292357665359212,0.0,0.0,0.0,225,0,0,0,0.0,0.0,0.1319768934641862,0.0,1.0,0.6646602540529167
2021-02-18,126.33699035644531,130.45867297655784,123.47752321011188,0.3005462740780594,0.15551683450792142,28736.331683158875,43000.0,492,0.16003898459019694,0.0,0.0,0.0,227,0,0,0,0.0,0.0,0.1579689002682539,0.0,1.0,0.6104702053051732
2021-02-19,126.49279022216797,130.08096985709213,122.61245681432396,0.26662737745811893,0.15580565786947884,28736.331683158875,43000.0,492,0.16945764077782519,0.0,0.0,0.0,227,0,0,0,0.0,0.0,0.1379210056192754,0.0,1.0,0.4260681175084873
2021-02-22,122.72344970703125,129.38025365232443,120.96116528482867,0.2740620566647227,0.15819571033679217,28736.331683158875,43000.0,492,0.2213971297241033,0.0,0.0,0.0,234,0,0,0,0.0,0.0,0.2572573386345955,0.0,1.0,0.4436867266146465
2021-02-23,122.58709716796875,128.73328636810007,120.17758867433034,0.24661114605621437,0.15780083229352224,28736.331683158875,43000.0,492,0.22718974058079708,0.0,0.0,0.0,234,0,0,0,0.0,0.0,0.23871794830735923,0.0,1.0,0.3023333615751458
2021-02-24,122.09033203125,128.10062405030482,119.70299693526691,0.24503334486455497,0.16229859006796002,28736.331683158875,43000.0,492,0.2297526104747251,0.0,0.0,0.0,235,0,0,0,0.0,0.0,0.2345926127844072,0.0,1.0,0.2581406527825816
2021-02-25,117.8437271118164,127.12377672282972,118.06441433542105,0.2649409051090967,0.15971722661035512,28736.331683158875,43000.0,492,0.4760158852144698,0.1266931420241163,1.0,0.4760158852144698,243,2,2,2,235.6874542236328,0.0,0.36500054711428104,1.0,1.0,0.3823436098695667
2021-02-26,118.1067123413086,126.26500868649437,116.28114905894715,0.24656665888266785,0.15755462113324945,28500.64422893524,43000.0,494,0.26496477553850145,0.0,0.0,0.0,241,0,0,0,0.0,0.0,0.3230624394697566,0.0,1.0,0.30413322222888994
2021-03-01,124.4668960571289,126.09375986465004,115.9814186767688,0.29918033853773557,0.16043890266635816,29000.64422893524,43500.0,494,0.12363272028505688,0.0,0.0,0.0,232,0,0,0,0.0,0.0,0.06451008397510789,0.0,1.0,0.5539681750374166
2021-03-02,121.8663330078125,125.69114778304647,115.31168257376065,0.29899558380850005,0.15624698625912672,29000.64422893524,43500.0,494,0.1590007062244008,0.0,0.0,0.0,237,0,0,0,0.0,0.0,0.15215131863685133,0.0,1.0,0.594673871621823
2021-03-03,118.88589477539062,125.04302844898402,114.15654865976582,0.3058248406392529,0.1567457738269346,29000.64422893524,43500.0,494,0.19819957991524326,0.0,0.0,0.0,243,0,0,0,0.0,0.0,0.24620059790480142,0.0,1.0,0.6259068914191737
2021-03-04,117.00608825683594,124.27760557354134,112.677576756966,0.30819216426079077,0.1636769347312816,29000.64422893524,43500.0,494,0.22473731700177363,0.0,0.0,0.0,247,0,0,0,0.0,0.0,0.29255139263213736,0.0,1.0,0.5691080968268818
2021-03-05,118.26252746582031,123.70474099185361,112.14560141939643,0.2924049668323282,0.17433876409945817,29000.64422893524,43500.0,494,0.20921696407626675,0.0,0.0,0.0,245,0,0,0,0.0,0.0,0.21996786389907594,0.0,1.0,0.39768574678317425
2021-03-08,113.33411407470703,122.71706223783966,110.57751676157183,0.31836590784021884,0.17445874801525704,29000.64422893524,43500.0,494,0.26996187352297546,0.0,0.0,0.0,255,0,0,0,0.0,0.0,0.382300064556117,0.0,1.0,0.5207315552727714
2021-03-09,117.94111633300781,122.26221024690328,110.5620072547407,0.3611930054084354,0.18021833696733944,29000.64422893524,43500.0,494,0.1625049973847994,0.0,0.0,0.0,245,0,0,0,0.0,0.0,0.17671420732412751,0.0,1.0,0.6701639591105799
2021-03-10,116.8599853515625,121.7477126378232,110.4508745546953,0.36137658602861983,0.18164999058811282,29000.64422893524,43500.0,494,0.17454501171909437,0.0,0.0,0.0,248,0,0,0,0.0,0.0,0.20073179119187143,0.0,1.0,0.6578429431724779
2021-03-11,118.78851318359375,121.46588411837277,110.87117471840213,0.37012313247236245,0.18541720467960993,29000.64422893524,43500.0,494,0.1332478763487845,0.0,0.0,0.0,244,0,0,0,0.0,0.0,0.11021081986155998,0.0,1.0,0.663469925889175
2021-03-12,117.88267517089844,121.12462612337521,111.34784519569259,0.37005712732870766,0.18537485088877256,29000.64422893524,43500.0,494,0.14386685796795817,0.0,0.0,0.0,246,0,0,0,0.0,0.0,0.1338270777890609,0.0,1.0,0.6635532703711922
2021-03-15,120.76570129394531,121.09044280628665,112.6070089440573,0.3842449218046338,0.18602979353785296,29000.64422893524,43500.0,494,0.08390889992612528,0.0,0.0,0.0,240,0,0,0,0.0,0.0,0.013409048014666013,0.0,1.0,0.7212517168047443
2021-03-16,122.30461120605469,121.20607789197884,113.74803718623674,0.3859367822042599,0.18613969459788277,29000.64422893524,43500.0,494,0.0,0.0,0.0,0.0,237,0,0,0,0.0,0.0,0.0,0.0,0.0,0.7278097821370058
2021-03-17,121.51569366455078,121.23556510841426,114.48389655383767,0.38220092864821426,0.18631122506612796,29000.64422893524,43500.0,494,0.0,0.0,0.0,0.0,238,0,0,0,0.0,0.0,0.0,0.0,0.0,0.7095093103513517
2021-03-18,117.39566802978516,120.86986062473531,114.6362306410134,0.39812360135860575,0.1934902606944316,29000.64422893524,43500.0,494,0.14320648907257066,0.0,0.0,0.0,247,0,0,0,0.0,0.0,0.14371624890577478,0.0,1.0,0.7146582293502799
2021-03-19,116.86971282958984,120.48889416805478,114.96732205998318,0.3977645711477548,0.1933743784671049,29000.64422893524,43500.0,494,0.14617044905471024,0.0,0.0,0.0,248,0,0,0,0.0,0.0,0.15018734147468396,0.0,1.0,0.7141385460889751
2021-03-22,120.18130493164062,120.45959995506296,115.14961057511955,0.4005978972945221,0.1924866651863896,29000.64422893524,43500.0,494,0.08176710585106382,0.0,0.0,0.0,241,0,0,0,0.0,0.0,0.011551384178851154,0.0,1.0,0.7343101702941919
2021-03-23,119.35340881347656,120.35424841776901,115.2807272507147,0.40119244644775365,0.19483312673471478,29000.64422893524,43500.0,494,0.09711389883801978,0.0,0.0,0.0,242,0,0,0,0.0,0.0,0.04157890633068373,0.0,1.0,0.7159660901078788
2021-03-24,116.96713256835938,120.03166595592047,115.08096837640937,0.406735301396485,0.1914643265727366,29000.64422893524,43500.0,494,0.13041652033443468,0.0,0.0,0.0,247,0,0,0,0.0,0.0,0.1276552051142277,0.0,1.0,0.770283219669678
2021-03-25,117.4541244506836,119.78618581256458,114.8161216231562,0.38794736263515517,0.16970921244895978,29000.64422893524,43500.0,494,0.10330807792022151,0.0,0.0,0.0,246,0,0,0,0.0,0.0,0.0973426671056244,0.0,1.0,0.9049612227730945
2021-03-26,118.05799865722656,119.62159655967525,114.65003279906784,0.3882951221825745,0.17677299400148286,29000.64422893524,43500.0,494,0.09636229308556506,0.0,0.0,0.0,245,0,0,0,0.0,0.0,0.06535600374087401,0.0,1.0,0.8304790859782825
2021-03-29,118.23332214355469,119.48937994861615,115.28995427769962,0.3329940843540807,0.15735700914532014,29000.64422893524,43500.0,494,0.09730427762490391,0.0,0.0,0.0,245,0,0,0,0.0,0.0,0.05255939086810895,0.0,1.0,0.7634744826574511
2021-03-30,116.78206634521484,119.23154055781602,115.28302892634247,0.3279983239926363,0.15456484501784695,29000.64422893524,43500.0,494,0.11938399612801306,0.0,0.0,0.0,248,0,0,0,0.0,0.0,0.10271922182425426,0.0,1.0,0.7683965369290136
2021-03-31,118.97355651855469,119.20697064931494,115.25525655954594,0.32448305889989226,0.14524459905146905,29000.64422893524,43500.0,494,0.06823516239293374,0.0,0.0,0.0,243,0,0,0,0.0,0.0,0.009790288667217028,0.0,1.0,0.861704675073139
2021-04-01,119.80143737792969,119.26358652823063,115.29887614472175,0.3195768309139932,0.1370995570932401,29500.64422893524,44000.0,494,0.0,0.0,0.0,0.0,246,0,0,0,0.0,0.0,0.0,0.0,0.0,0.9424864048287434
2021-04-05,122.62605285644531,119.58382141663202,115.19067706516486,0.32771271939849783,0.1301599720343845,29500.64422893524,44000.0,494,0.0,0.0,0.0,0.0,240,0,0,0,0.0,0.0,0.0,0.0,0.0,1.0
2021-04-06,122.92798614501953,119.90231329552607,115.85031356449903,0.28423588188106436,0.12731672397976027,29500.64422893524,44000.0,494,0.0,0.0,0.0,0.0,239,0,0,0,0.0,0.0,0.0,0.0,0.0,0.8604251468058626
2021-04-07,124.57402038574219,120.34723778030856,115.65408864122355,0.25261191070266226,0.12067663062589379,29500.64422893524,44000.0,494,0.0,0.0,0.0,0.0,236,0,0,0,0.0,0.0,0.0,0.0,0.0,0.7444133507352204
2021-04-08,126.97008514404297,120.97798514828327,115.35758619216931,0.25478529737530137,0.12016463535227517,29500.64422893524,44000.0,494,0.0,0.0,0.0,0.0,232,0,0,0,0.0,0.0,0.0,0.0,0.0,0.7669181995488361
2021-04-09,129.54141235351562,121.79354964401969,114.7518645452746,0.25750338289585484,0.11819556374599165,29500.64422893524,44000.0,494,0.0,0.0,0.0,0.0,227,0,0,0,0.0,0.0,0.0,0.0,0.0,0.8155178215856651
2021-04-12,127.82720947265625,122.36818391341365,114.71462328576666,0.2617304789173708,0.11845870092821581,29500.64422893524,44000.0,494,0.0,0.0,0.0,0.0,230,0,0,0,0.0,0.0,0.0,0.0,0.0,0.8412217145899052
2021-04-13,130.93423461914062,123.18399826634003,114.32727729245299,0.26157659852395065,0.11750401336625972,29500.64422893524,44000.0,494,0.0,0.0,0.0,0.0,225,0,0,0,0.0,0.0,0.0,0.0,0.0,0.8550898180006348
2021-04-14,128.5966339111328,123.69948737536791,114.28752889232476,0.27067944003172734,0.11889501386405021,29500.64422893524,44000.0,494,0.0,0.0,0.0,0.0,229,0,0,0,0.0,0.0,0.0,0.0,0.0,0.8971880543650197
2021-04-15,131.0023956298828,124.39500244722646,114.12212052969764,0.27417033934101753,0.12317101285220772,29500.64422893524,44000.0,494,0.0,0.0,0.0,0.0,225,0,0,0,0.0,0.0,0.0,0.0,0.0,0.8549436064013505
2021-04-16,130.67123413085938,124.99273879804865,114.33316946929838,0.23685846991435838,0.10507328402936424,29500.64422893524,44000.0,494,0.0,0.0,0.0,0.0,225,0,0,0,0.0,0.0,0.0,0.0,0.0,0.8785180275397508
2021-04-19,131.33355712890625,125.59662625813033,114.70455873610037,0.23394195365902715,0.1086908891104406,29500.64422893524,44000.0,494,0.0,0.0,0.0,0.0,224,0,0,0,0.0,0.0,0.0,0.0,0.0,0.7936335754057486
2021-04-20,129.64852905273438,125.98252176237833,114.90218223563727,0.22724575534970912,0.11310358522302413,29500.64422893524,44000.0,494,0.0,0.0,0.0,0.0,227,0,0,0,0.0,0.0,0.0,0.0,0.0,0.6743188327585792
2021-04-21,130.02842712402344,126.36784608253501,115.22476322882173,0.22371082828218516,0.10901815407205022,29500.64422893524,44000.0,494,0.0,0.0,0.0,0.0,226,0,0,0,0.0,0.0,0.0,0.0,0.0,0.7100426238362589
2021-04-22,128.5089569091797,126.57176139935832,115.91876686772018,0.21340923757605088,0.11371095411485269,29500.64422893524,44000.0,494,0.0,0.0,0.0,0.0,229,0,0,0,0.0,0.0,0.0,0.0,0.0,0.5639744886297329
2021-04-23,130.8271026611328,126.9770319957178,116.7057214238648,0.218481863678493,0.1168836889153194,29500.64422893524,44000.0,494,0.0,0.0,0.0,0.0,225,0,0,0,0.0,0.0,0.0,0.0,0.0,0.5576871454149892
2021-04-26,131.2166748046875,127.38080750133396,117.54625299851068,0.21866330843259763,0.10592336243142667,29500.64422893524,44000.0,494,0.0,0.0,0.0,0.0,224,0,0,0,0.0,0.0,0.0,0.0,0.0,0.7202949331579018
2021-04-27,130.89524841308594,127.71551615959606,118.52651806250331,0.22003638946805432,0.10566187928253486,29500.64422893524,44000.0,494,0.0,0.0,0.0,0.0,225,0,0,0,0.0,0.0,0.0,0.0,0.0,0.7353813800693392
2021-04-28,130.10633850097656,127.94321352544183,120.09554612407301,0.21450737449168694,0.10428060170945791,29500.64422893524,44000.0,494,0.0,0.0,0.0,0.0,226,0,0,0,0.0,0.0,0.0,0.0,0.0,0.7141840618428894
2021-04-29,130.00889587402344,128.1399451776877,121.45451164174094,0.20963396775027407,0.10520718255854151,29500.64422893524,44000.0,494,0.0,0.0,0.0,0.0,226,0,0,0,0.0,0.0,0.0,0.0,0.0,0.6604852337721436
2021-04-30,128.0414581298828,128.13056545884913,122.79821201453015,0.22061515779566576,0.10556675596744286,29500.64422893524,44000.0,494,0.07741336130189726,0.0,0.0,0.0,230,0,0,0,0.0,0.0,0.0034772081371536264,0.0,1.0,0.7415138235982186
2021-05-03,129.09336853027344,128.22226098946098,123.75593451669405,0.20840239749670858,0.09490041318018717,30000.64422893524,44500.0,494,0.0,0.0,0.0,0.0,232,0,0,0,0.0,0.0,0.0,0.0,0.0,0.8300095727807448
2021-05-04,124.52531433105469,127.87017083151753,123.83507839250764,0.2483422043650842,0.09887446546261652,30000.64422893524,44500.0,494,0.10885600274952001,0.0,0.0,0.0,240,0,0,0,0.0,0.0,0.13079111722115558,0.0,1.0,1.0
2021-05-05,124.76885223388672,127.57480715555269,123.58624437838299,0.2439078491225818,0.09887566399983491,30000.64422893524,44500.0,494,0.099487815929445,0.0,0.0,0.0,240,0,0,0,0.0,0.0,0.1099729242876556,0.0,1.0,1.0
2021-05-06,126.36622619628906,127.4597042070514,123.39086253267203,0.23825065022888015,0.10149356520583708,30000.64422893524,44500.0,494,0.07368228236552746,0.0,0.0,0.0,237,0,0,0,0.0,0.0,0.04289504740204181,0.0,1.0,0.9562048896539135
2021-05-07,127.03937530517578,127.41967288306324,123.24297744738585,0.22693761007389754,0.10120888970555812,30000.64422893524,44500.0,494,0.06985956992210476,0.0,0.0,0.0,236,0,0,0,0.0,0.0,0.014923032263490085,0.0,1.0,0.8685579459646577
2021-05-10,123.7612075805664,127.07124761615879,122.28769828166946,0.24002566876287304,0.1093629282756199,30000.64422893524,44500.0,494,0.12571267497862923,0.0,0.0,0.0,242,0,0,0,0.0,0.0,0.13024346961599612,0.0,1.0,0.82896886348569
2021-05-11,122.84410858154297,126.66866294619537,121.28940606573573,0.22038775990557352,0.11382948201121443,30000.64422893524,44500.0,494,0.1565915956611076,0.0,0.0,0.0,244,0,0,0,0.0,0.0,0.15096687198304692,0.0,1.0,0.6134349673126351
2021-05-12,119.78055572509766,126.01265273466225,119.3801995808282,0.22798620182753973,0.13677468793650996,30000.64422893524,44500.0,494,0.22237008706002603,0.0,0.0,0.0,250,0,0,0,0.0,0.0,0.24728060533283008,0.0,1.0,0.389061853397475
2021-05-13,121.92697143554688,125.6235402299846,118.61792566367171,0.22698528673499335,0.1380580489743516,30000.64422893524,44500.0,494,0.17919719462780037,0.0,0.0,0.0,246,0,0,0,0.0,0.0,0.14712882584228443,0.0,1.0,0.3701077700122761
2021-05-14,124.34657287597656,125.50192429150765,118.5148463597136,0.24165510715547844,0.14816552054746235,30000.64422893524,44500.0,494,0.13479809412561589,0.0,0.0,0.0,241,0,0,0,0.0,0.0,0.04602923110754508,0.0,1.0,0.35915059872779387
2021-05-17,123.19530487060547,125.28224625142172,118.34796586071919,0.24115931181925696,0.14719547339125474,30000.64422893524,44500.0,494,0.15095023841209493,0.0,0.0,0.0,243,0,0,0,0.0,0.0,0.08328958983653972,0.0,1.0,0.3653007701434794
2021-05-18,121.80989074707031,124.95154572719778,117.80137289848567,0.24037423576817998,0.1483741710572334,30000.64422893524,44500.0,494,0.17156718145293745,0.0,0.0,0.0,246,0,0,0,0.0,0.0,0.12571493060944328,0.0,1.0,0.3500453732131201
2021-05-19,121.65380096435547,124.63747479740327,117.38835339804035,0.23945840881021468,0.14445492378916,30000.64422893524,44500.0,494,0.1657232805300331,0.0,0.0,0.0,246,0,0,0,0.0,0.0,0.11969409031664549,0.0,1.0,0.3813906011245738
2021-05-20,124.20999908447266,124.59676282474322,117.40167014622114,0.25192047079077745,0.14596209646066427,30000.64422893524,44500.0,494,0.11315671528894015,0.0,0.0,0.0,241,0,0,0,0.0,0.0,0.015520617530592888,0.0,1.0,0.4382756259982663
2021-05-21,122.37577056884766,124.38523975275317,117.43974617409991,0.24485138846192012,0.140502485935842,30000.64422893524,44500.0,494,0.14112557418460536,0.0,0.0,0.0,245,0,0,0,0.0,0.0,0.08077603049605533,0.0,1.0,0.4522363953861952
2021-05-24,124.00511932373047,124.34903780713196,117.94794368443837,0.2509935127411433,0.14495764479254364,30000.64422893524,44500.0,494,0.11193164644565767,0.0,0.0,0.0,241,0,0,0,0.0,0.0,0.013828755311115482,0.0,1.0,0.4429129344434428
2021-05-25,123.80997467041016,124.29769846077751,118.50635868407508,0.25102449454926573,0.145180247656213,30000.64422893524,44500.0,494,0.11474079398415885,0.0,0.0,0.0,242,0,0,0,0.0,0.0,0.019619180258645622,0.0,1.0,0.4408783713223168
2021-05-26,123.7612075805664,124.24660409123359,119.04047365693079,0.2508184057293988,0.14527744336536536,30000.64422893524,44500.0,494,0.11491689504061461,0.0,0.0,0.0,242,0,0,0,0.0,0.0,0.01953359265701791,0.0,1.0,0.4387322165504346
2021-05-27,122.22940826416016,124.05449020294088,119.50203931787269,0.25320195410698854,0.1432647601473474,30000.64422893524,44500.0,494,0.13582095975554836,0.0,0.0,0.0,245,0,0,0,0.0,0.0,0.07355968880268152,0.0,1.0,0.47280900205658316
2021-05-28,121.57573699951172,123.81841846928097,119.57325500879999,0.24931442067770543,0.14079214090287948,30000.64422893524,44500.0,494,0.1431870074127627,0.0,0.0,0.0,246,0,0,0,0.0,0.0,0.09056332238348108,0.0,1.0,0.4756648765980378
2021-06-01,121.2537841796875,123.57416758455778,120.05872510559915,0.24610076739929498,0.14051780315614262,30500.64422893524,45000.0,494,0.14630007230687608,0.0,0.0,0.0,251,0,0,0,0.0,0.0,0.09388626483291994,0.0,1.0,0.45948746867937884
2021-06-02,122.0147933959961,123.42565575707572,119.92088261709733,0.21600728551637538,0.13822292210926546,30500.64422893524,45000.0,494,0.1454906393107851,0.0,0.0,0.0,249,0,0,0,0.0,0.0,0.05715433928325478,0.0,1.0,0.3022881336667955
2021-06-03,120.53179168701172,123.15004965516486,119.54981442658124,0.21928913502934538,0.13901447096381708,30500.64422893524,45000.0,494,0.16638198525537784,0.0,0.0,0.0,253,0,0,0,0.0,0.0,0.10630356932395019,0.0,1.0,0.31454620940399747
2021-06-04,122.82457733154297,123.1190522910104,119.903761414341,0.22573686765512424,0.13953306385050726,30500.64422893524,45000.0,494,0.12056469618221036,0.0,0.0,0.0,248,0,0,0,0.0,0.0,0.011958951680825173,0.0,1.0,0.34816832074160975
2021-06-07,122.8343276977539,123.09193566308122,120.58681850582532,0.22445101585412958,0.13708833309769797,30500.64422893524,45000.0,494,0.11826941098846519,0.0,0.0,0.0,248,0,0,0,0.0,0.0,0.010464047215587566,0.0,1.0,0.3643941025854922
2021-06-08,123.65388488769531,123.145454636854,120.65093933806897,0.20689278079567683,0.13147166458361562,30500.64422893524,45000.0,494,0.0,0.0,0.0,0.0,246,0,0,0,0.0,0.0,0.0,0.0,0.0,0.3113901859317476
2021-06-09,124.03437042236328,123.23011328309298,120.64894512111863,0.20522820372209336,0.12731901618805694,30500.64422893524,45000.0,494,0.0,0.0,0.0,0.0,245,0,0,0,0.0,0.0,0.0,0.0,0.0,0.34326755124414166
2021-06-10,123.03921508789062,123.2119325025975,120.99167461527291,0.18515373513447925,0.09676789342581105,30500.64422893524,45000.0,494,0.09370571154340446,0.0,0.0,0.0,247,0,0,0,0.0,0.0,0.007008956486549697,0.0,1.0,0.5944831887554289
2021-06-11,124.2490234375,123.31070306782631,121.03056678837325,0.17766202265357572,0.08922182347051849,30500.64422893524,45000.0,494,0.0,0.0,0.0,0.0,245,0,0,0,0.0,0.0,0.0,0.0,0.0,0.6593662826625266
2021-06-14,127.30282592773438,123.69090524496042,120.7270695459228,0.18496447468797128,0.07419865219325086,30500.64422893524,45000.0,494,0.0,0.0,0.0,0.0,239,0,0,0,0.0,0.0,0.0,0.0,0.0,1.0
2021-06-15,126.48326873779297,123.95684462523018,120.61146086898839,0.18310271845055737,0.07389604519401854,30500.64422893524,45000.0,494,0.0,0.0,0.0,0.0,241,0,0,0,0.0,0.0,0.0,0.0,0.0,1.0
2021-06-16,126.98086547851562,124.24484661125736,120.56373675139139,0.17704743104469717,0.06924056154551218,30500.64422893524,45000.0,494,0.0,0.0,0.0,0.0,240,0,0,0,0.0,0.0,0.0,0.0,0.0,1.0
2021-06-17,128.58090209960938,124.6578042768147,120.42291439339644,0.18031685380975537,0.06782837755546271,30500.64422893524,45000.0,494,0.0,0.0,0.0,0.0,237,0,0,0,0.0,0.0,0.0,0.0,0.0,1.0
2021-06-18,127.28328704833984,124.9078502550552,120.39453906673522,0.17235332482070037,0.0764317020959421,30500.64422893524,45000.0,494,0.0,0.0,0.0,0.0,239,0,0,0,0.0,0.0,0.0,0.0,0.0,0.8791648850581131
2021-06-21,129.07850646972656,125.30505560883341,120.31132649694669,0.16709219354413474,0.09083083105000107,30500.64422893524,45000.0,494,0.0,0.0,0.0,0.0,236,0,0,0,0.0,0.0,0.0,0.0,0.0,0.5329981352197553
2021-06-22,130.7176055908203,125.82053655949883,120.06013196314602,0.16658795320278774,0.08594711010938492,30500.64422893524,45000.0,494,0.0,0.0,0.0,0.0,233,0,0,0,0.0,0.0,0.0,0.0,0.0,0.6152177095771572
2021-06-23,130.4443817138672,126.26090276467677,119.95653784617176,0.16677332618333215,0.0855878781458881,30500.64422893524,45000.0,494,0.0,0.0,0.0,0.0,233,0,0,0,0.0,0.0,0.0,0.0,0.0,0.6238020480254232
2021-06-24,130.1614532470703,126.63238376299996,119.94276123743488,0.1673233380253659,0.08745426742924338,30500.64422893524,45000.0,494,0.0,0.0,0.0,0.0,234,0,0,0,0.0,0.0,0.0,0.0,0.0,0.594388920288559
2021-06-25,129.86875915527344,126.94060999083554,120.10957959527748,0.15897181342306962,0.08789514711425893,30500.64422893524,45000.0,494,0.0,0.0,0.0,0.0,234,0,0,0,0.0,0.0,0.0,0.0,0.0,0.5072107566266324
2021-06-28,131.4981231689453,127.37465886494124,120.34969072552875,0.15907422226058593,0.08802270350736234,30500.64422893524,45000.0,494,0.0,0.0,0.0,0.0,231,0,0,0,0.0,0.0,0.0,0.0,0.0,0.5059961419241565
2021-06-29,133.01036071777344,127.91139237473477,120.64521676071128,0.15918547653455095,0.08788805215866208,30500.64422893524,45000.0,494,0.0,0.0,0.0,0.0,229,0,0,0,0.0,0.0,0.0,0.0,0.0,0.5093583316571237
2021-06-30,133.62501525878906,128.4555469351209,120.92505697292061,0.15907447106295156,0.08788234122577901,30500.64422893524,45000.0,494,0.0,0.0,0.0,0.0,228,0,0,0,0.0,0.0,0.0,0.0,0.0,0.508403820041166
2021-07-01,133.9274444580078,128.97668003253872,121.6033967713988,0.14668072911009924,0.0872243612258061,31000.64422893524,45500.0,494,0.0,0.0,0.0,0.0,231,0,0,0,0.0,0.0,0.0,0.0,0.0,0.40137387316192497
2021-07-02,136.5519561767578,129.69813490341673,121.80789201741167,0.14740444236191405,0.08585618630555637,31000.64422893524,45500.0,494,0.0,0.0,0.0,0.0,227,0,0,0,0.0,0.0,0.0,0.0,0.0,0.43073016153345467
2021-07-06,138.5618133544922,130.54229475590012,121.99203542124897,0.1496021238100914,0.08638833029140051,31000.64422893524,45500.0,494,0.0,0.0,0.0,0.0,223,0,0,0,0.0,0.0,0.0,0.0,0.0,0.4431166349422957
2021-07-07,141.04971313476562,131.54300126817301,121.99541093384501,0.1554376192998539,0.08653820603817958,31000.64422893524,45500.0,494,0.0,0.0,0.0,0.0,219,0,0,0,0.0,0.0,0.0,0.0,0.0,0.4968111236255268
2021-07-08,139.7521209716797,132.3248221923165,122.37738323894379,0.16499342886651122,0.09306923057977196,31000.64422893524,45500.0,494,0.0,0.0,0.0,0.0,221,0,0,0,0.0,0.0,0.0,0.0,0.0,0.4773359917011031
2021-07-09,141.5765838623047,133.205942351363,122.9737766785548,0.15799011470323301,0.09910230515448368,31000.64422893524,45500.0,494,0.0,0.0,0.0,0.0,218,0,0,0,0.0,0.0,0.0,0.0,0.0,0.32851025729550587
2021-07-12,140.98138427734375,133.94646063002784,123.65877945158252,0.16254730724605163,0.09932892045205581,31000.64422893524,45500.0,494,0.0,0.0,0.0,0.0,219,0,0,0,0.0,0.0,0.0,0.0,0.0,0.3637124893257224
2021-07-13,142.0936279296875,134.72238132523353,124.0028710990182,0.14791098966777724,0.10097194770241773,31000.64422893524,45500.0,494,0.0,0.0,0.0,0.0,218,0,0,0,0.0,0.0,0.0,0.0,0.0,0.22072675491759042
2021-07-14,145.51815795898438,135.7505505284479,124.33810693693903,0.1546468128573334,0.10019892867400527,31000.64422893524,45500.0,494,0.0,0.0,0.0,0.0,213,0,0,0,0.0,0.0,0.0,0.0,0.0,0.2861648897171427
2021-07-15,144.86451721191406,136.61854735544466,124.90893877980477,0.15972819435625196,0.09852856439753117,31000.64422893524,45500.0,494,0.0,0.0,0.0,0.0,213,0,0,0,0.0,0.0,0.0,0.0,0.0,0.350946595478308
2021-07-16,142.82540893554688,137.2096770297401,125.52833588606836,0.17399529927091922,0.1035792834707985,31000.64422893524,45500.0,494,0.0,0.0,0.0,0.0,217,0,0,0,0.0,0.0,0.0,0.0,0.0,0.3998560123911643
2021-07-19,138.98133850097656,137.3784066936674,126.42151125860121,0.20179030382621393,0.1089518398091636,31000.64422893524,45500.0,494,0.0,0.0,0.0,0.0,223,0,0,0,0.0,0.0,0.0,0.0,0.0,0.5434212659133237
2021-07-20,142.59121704101562,137.87486482198628,127.24943895916057,0.21336337536793226,0.11083370173189072,31000.64422893524,45500.0,494,0.0,0.0,0.0,0.0,217,0,0,0,0.0,0.0,0.0,0.0,0.0,0.6042305727252468
2021-07-21,141.85948181152344,138.25435215432316,127.94718183056082,0.21430019252133378,0.11284176060482032,31000.64422893524,45500.0,494,0.0,0.0,0.0,0.0,218,0,0,0,0.0,0.0,0.0,0.0,0.0,0.5826010938733042
2021-07-22,143.2253875732422,138.7277840989821,128.81227137589582,0.2137857277595492,0.11249866647061481,31000.64422893524,45500.0,494,0.0,0.0,0.0,0.0,216,0,0,0,0.0,0.0,0.0,0.0,0.0,0.5836167549549804
2021-07-23,144.9425506591797,139.31966662852474,129.86809343047096,0.2135972661357407,0.11571562326888575,31000.64422893524,45500.0,494,0.0,0.0,0.0,0.0,213,0,0,0,0.0,0.0,0.0,0.0,0.0,0.5382341359919454
2021-07-26,145.3621063232422,139.8951370756407,131.21236603705742,0.21190293180541978,0.11558738959517209,31000.64422893524,45500.0,494,0.0,0.0,0.0,0.0,213,0,0,0,0.0,0.0,0.0,0.0,0.0,0.5277252745561807
2021-07-27,143.19613647460938,140.20951797078055,132.45102281974533,0.22234267883247535,0.11772603234515575,31000.64422893524,45500.0,494,0.0,0.0,0.0,0.0,216,0,0,0,0.0,0.0,0.0,0.0,0.0,0.5738708083739621
2021-07-28,141.44973754882812,140.3276341210708,133.47007267087005,0.22809045008481998,0.11779104980839503,31000.64422893524,45500.0,494,0.0,0.0,0.0,0.0,219,0,0,0,0.0,0.0,0.0,0.0,0.0,0.6136656849554332
2021-07-29,142.0936279296875,140.4958240076057,134.61798283793067,0.22808479188947445,0.11824905137919055,31000.64422893524,45500.0,494,0.0,0.0,0.0,0.0,218,0,0,0,0.0,0.0,0.0,0.0,0.0,0.6073757691162669
2021-07-30,142.3082733154297,140.66843822739847,136.0179443405744,0.22814034426238372,0.11972928956114089,31000.64422893524,45500.0,494,0.0,0.0,0.0,0.0,217,0,0,0,0.0,0.0,0.0,0.0,0.0,0.5878900998147276
2021-08-02,141.97659301757812,140.79302439789177,136.90801192855787,0.22030156249143137,0.11746134347216095,31500.64422893524,46000.0,494,0.0,0.0,0.0,0.0,221,0,0,0,0.0,0.0,0.0,0.0,0.0,0.5629366222346743
2021-08-03,143.77175903320312,141.07671341077855,137.5541593440758,0.21883639600436416,0.12021243502927455,31500.64422893524,46000.0,494,0.0,0.0,0.0,0.0,219,0,0,0,0.0,0.0,0.0,0.0,0.0,0.5170116410383028
2021-08-04,143.37179565429688,141.295292672066,137.82422524870287,0.21094238511976734,0.12141669709995798,31500.64422893524,46000.0,494,0.0,0.0,0.0,0.0,219,0,0,0,0.0,0.0,0.0,0.0,0.0,0.4477853963398606
2021-08-05,143.4790802001953,141.50327243664975,138.29404705957364,0.20755329366474806,0.11789990763079852,31500.64422893524,46000.0,494,0.0,0.0,0.0,0.0,219,0,0,0,0.0,0.0,0.0,0.0,0.0,0.46701623037382944
2021-08-06,142.79513549804688,141.62630701392567,138.47093507088866,0.20388604642483948,0.11185524509593651,31500.64422893524,46000.0,494,0.0,0.0,0.0,0.0,220,0,0,0,0.0,0.0,0.0,0.0,0.0,0.5189724768082293
2021-08-09,142.74624633789062,141.73296790192234,138.70555738023077,0.20316211875487628,0.11155231500583977,31500.64422893524,46000.0,494,0.0,0.0,0.0,0.0,220,0,0,0,0.0,0.0,0.0,0.0,0.0,0.5176893964074221
2021-08-10,142.26747131347656,141.78387298873702,138.76610563365722,0.20180055191521012,0.11050746108467689,31500.64422893524,46000.0,494,0.0,0.0,0.0,0.0,221,0,0,0,0.0,0.0,0.0,0.0,0.0,0.5217716970906565
2021-08-11,142.521484375,141.85412169219066,139.0788680664061,0.18114460828710444,0.11051314321944393,31500.64422893524,46000.0,494,0.0,0.0,0.0,0.0,221,0,0,0,0.0,0.0,0.0,0.0,0.0,0.3659356330088941
2021-08-12,145.48220825195312,142.19965374550137,139.31745014284235,0.19621836365300926,0.11003285642176297,31500.64422893524,46000.0,494,0.0,0.0,0.0,0.0,216,0,0,0,0.0,0.0,0.0,0.0,0.0,0.48605887697225425
2021-08-13,145.68736267089844,142.5318165003011,139.38527302550162,0.1887429747973633,0.10511546341991788,31500.64422893524,46000.0,494,0.0,0.0,0.0,0.0,216,0,0,0,0.0,0.0,0.0,0.0,0.0,0.49631469256627625
2021-08-16,147.6611328125,143.0203228157486,139.81692105546733,0.16194940939092636,0.08232303085867688,31500.64422893524,46000.0,494,0.0,0.0,0.0,0.0,213,0,0,0,0.0,0.0,0.0,0.0,0.0,0.6393691990129236
2021-08-17,146.75241088867188,143.37575977507464,139.87736944604023,0.1404449274366164,0.07458975420379528,31500.64422893524,46000.0,494,0.0,0.0,0.0,0.0,214,0,0,0,0.0,0.0,0.0,0.0,0.0,0.5690819842460155
2021-08-18,143.01007080078125,143.34093225371336,139.92958564368837,0.168887926468933,0.08172929655881596,31500.64422893524,46000.0,494,0.08299092274617574,0.0,0.0,0.0,220,0,0,0,0.0,0.0,0.011541066732651331,0.0,1.0,0.7220255728351737
2021-08-19,143.34230041503906,143.341062554792,139.9327772982707,0.16558510740030075,0.08158508824596071,31500.64422893524,46000.0,494,0.0,0.0,0.0,0.0,219,0,0,0,0.0,0.0,0.0,0.0,0.0,0.6913334589312332
2021-08-20,144.7981719970703,143.47983488262804,140.0819380970999,0.16395857921935786,0.0786849665969776,31500.64422893524,46000.0,494,0.0,0.0,0.0,0.0,217,0,0,0,0.0,0.0,0.0,0.0,0.0,0.7364454133823464
2021-08-23,146.28341674804688,143.7468426793346,140.2313325051791,0.16772180335689305,0.08365275326881393,31500.64422893524,46000.0,494,0.0,0.0,0.0,0.0,215,0,0,0,0.0,0.0,0.0,0.0,0.0,0.6708137389685136
2021-08-24,146.19544982910156,143.9800433602648,140.31140824793195,0.15784500294247175,0.08123594083234256,31500.64422893524,46000.0,494,0.0,0.0,0.0,0.0,215,0,0,0,0.0,0.0,0.0,0.0,0.0,0.6192032874159883
2021-08-25,144.96429443359375,144.07378155772471,140.56609879576087,0.15415871049836402,0.08123202988020918,31500.64422893524,46000.0,494,0.0,0.0,0.0,0.0,217,0,0,0,0.0,0.0,0.0,0.0,0.0,0.5814647531449721
2021-08-26,144.16305541992188,144.08228383031494,140.70093219949135,0.15546120917499362,0.08388402026910415,31500.64422893524,46000.0,494,0.0,0.0,0.0,0.0,218,0,0,0,0.0,0.0,0.0,0.0,0.0,0.5444062794108089
2021-08-27,145.1988067626953,144.1886193476845,140.89803952582088,0.1571161225608221,0.08557489277835297,31500.64422893524,46000.0,494,0.0,0.0,0.0,0.0,216,0,0,0,0.0,0.0,0.0,0.0,0.0,0.5300060319460722
2021-08-30,149.61534118652344,144.7054499990025,140.83893993124974,0.1877739122813549,0.08536684429996795,31500.64422893524,46000.0,494,0.0,0.0,0.0,0.0,210,0,0,0,0.0,0.0,0.0,0.0,0.0,0.8330097770115321
2021-08-31,148.3548583984375,145.05301270371058,140.88776531930444,0.18785361290650326,0.08224911642317217,31500.64422893524,46000.0,494,0.0,0.0,0.0,0.0,212,0,0,0,0.0,0.0,0.0,0.0,0.0,0.9032991991872934
2021-09-01,149.01930236816406,145.43075457651568,140.95725592802677,0.18735591109049327,0.07948400166342728,32000.64422893524,46500.0,494,0.0,0.0,0.0,0.0,214,0,0,0,0.0,0.0,0.0,0.0,0.0,0.9642937275588122
2021-09-02,150.13323974609375,145.87861030695169,140.97974565168974,0.1882793792170423,0.07781462379967098,32000.64422893524,46500.0,494,0.0,0.0,0.0,0.0,213,0,0,0,0.0,0.0,0.0,0.0,0.0,1.0
2021-09-03,150.76832580566406,146.34429749730523,141.10348030233985,0.1864776920922255,0.07798394754112756,32000.64422893524,46500.0,494,0.0,0.0,0.0,0.0,212,0,0,0,0.0,0.0,0.0,0.0,0.0,0.9926931329241402
2021-09-07,153.10365295410156,146.98804563604773,141.07556989250105,0.1913594177315219,0.07931775070524406,32000.64422893524,46500.0,494,0.0,0.0,0.0,0.0,209,0,0,0,0.0,0.0,0.0,0.0,0.0,1.0
2021-09-08,151.55984497070312,147.4234550964911,141.44018865181874,0.1960262655382447,0.07974056566612094,32000.64422893524,46500.0,494,0.0,0.0,0.0,0.0,211,0,0,0,0.0,0.0,0.0,0.0,0.0,1.0
2021-09-09,150.54360961914062,147.72061267007678,141.9088072628503,0.19915428357314305,0.08204916365196897,32000.64422893524,46500.0,494,0.0,0.0,0.0,0.0,212,0,0,0,0.0,0.0,0.0,0.0,0.0,1.0
2021-09-10,145.56033325195312,147.51487177311262,141.70819806497732,0.22488113401214588,0.08593540158310402,32000.64422893524,46500.0,494,0.07981198857951638,0.0,0.0,0.0,219,0,0,0,0.0,0.0,0.06624886351003641,0.0,1.0,1.0
2021-09-13,146.1270294189453,147.38269631081099,141.59901522072192,0.22524214042958088,0.08613516862306916,32000.64422893524,46500.0,494,0.06916948581765445,0.0,0.0,0.0,218,0,0,0,0.0,0.0,0.042598857372565434,0.0,1.0,1.0
2021-09-14,144.72976684570312,147.1300363617531,141.23130146093104,0.22205698156970563,0.08789000456194114,32000.64422893524,46500.0,494,0.08670634864681068,0.0,0.0,0.0,221,0,0,0,0.0,0.0,0.08156966365957928,0.0,1.0,1.0
2021-09-15,145.61895751953125,146.9861240910653,141.04718868697154,0.22249450616765767,0.08954932176652852,32000.64422893524,46500.0,494,0.07092799442786729,0.0,0.0,0.0,219,0,0,0,0.0,0.0,0.04650665428414957,0.0,1.0,1.0
2021-09-16,145.3844451904297,146.83358324338573,141.15422099391228,0.20179420336422269,0.07981084998496633,32000.64422893524,46500.0,494,0.07220582340312787,0.0,0.0,0.0,220,0,0,0,0.0,0.0,0.04934627422917306,0.0,1.0,1.0
2021-09-17,142.7169189453125,146.44151997690255,140.66497626425783,0.21289633218283383,0.08723308429348463,32000.64422893524,46500.0,494,0.10722661388928093,0.0,0.0,0.0,224,0,0,0,0.0,0.0,0.12717025308729096,0.0,1.0,1.0
2021-09-20,139.66835021972656,145.79645619050484,139.17000696236437,0.22189770758431107,0.10173211054850163,32000.64422893524,46500.0,494,0.16280547325507858,0.0,0.0,0.0,229,0,0,0,0.0,0.0,0.2101596338792691,0.0,1.0,0.8176636199059251
2021-09-21,140.14710998535156,145.25842321858548,137.9608530428364,0.21830819538993745,0.09542245342808833,32000.64422893524,46500.0,494,0.13852176095179403,0.0,0.0,0.0,228,0,0,0,0.0,0.0,0.17593861753346962,0.0,1.0,0.9065061693826733
2021-09-22,142.51174926757812,144.99683522325145,137.46570679151557,0.22842360235838727,0.10263119703507662,32000.64422893524,46500.0,494,0.10308967434785576,0.0,0.0,0.0,224,0,0,0,0.0,0.0,0.08569448953306612,0.0,1.0,0.8547284594202398
2021-09-23,143.46934509277344,144.85135997272974,137.22718592284784,0.22837715241306045,0.1123320888896029,32000.64422893524,46500.0,494,0.1020459350459731,0.0,0.0,0.0,223,0,0,0,0.0,0.0,0.04770458766201728,0.0,1.0,0.6942112940193466
2021-09-24,143.5572509765625,144.7281114969043,137.0614926095101,0.22759450872549877,0.1107202023839165,32000.64422893524,46500.0,494,0.09690411659894398,0.0,0.0,0.0,222,0,0,0,0.0,0.0,0.04045034887250756,0.0,1.0,0.7129854039368442
2021-09-27,142.042724609375,144.47236036475863,136.57607113927924,0.22875601479244634,0.10583221104873698,32000.64422893524,46500.0,494,0.10771417997622822,0.0,0.0,0.0,225,0,0,0,0.0,0.0,0.08408652524432256,0.0,1.0,0.8012475638371692
2021-09-28,138.6619415283203,143.9189871422407,135.50821185015303,0.21020237635164868,0.12482262754950216,32000.64422893524,46500.0,494,0.19185352684664608,0.0,0.0,0.0,230,0,0,0,0.0,0.0,0.1826390568162018,0.0,1.0,0.4033404872064472
2021-09-29,139.56082153320312,143.5039237509038,134.76788343146674,0.21241658623830095,0.1254379773403632,32000.64422893524,46500.0,494,0.17070734359261114,0.0,0.0,0.0,229,0,0,0,0.0,0.0,0.1373865645842954,0.0,1.0,0.4111661047032178
2021-09-30,138.2613067626953,143.00462689488396,133.92908598640048,0.21164603249927844,0.13011538793922636,32000.64422893524,46500.0,494,0.18908002535113252,0.0,0.0,0.0,231,0,0,0,0.0,0.0,0.16584498820710314,0.0,1.0,0.35550219342063905
2021-10-01,139.38494873046875,142.65989564113013,133.66486253229186,0.21211277856792196,0.13812782184531913,32500.64422893524,47000.0,494,0.1736828348753197,0.0,0.0,0.0,233,0,0,0,0.0,0.0,0.11478162436413517,0.0,1.0,0.2796889608854112
2021-10-04,135.95533752441406,142.02136629668098,132.87616282321704,0.22240186716288735,0.14332538857497185,32500.64422893524,47000.0,494,0.21679161424609691,0.0,0.0,0.0,239,0,0,0,0.0,0.0,0.2135604286327965,0.0,1.0,0.2931057863866151
2021-10-05,137.88026428222656,141.6269756286377,133.3827448721545,0.22081499549043368,0.15065310145350255,32500.64422893524,47000.0,494,0.18738008384350066,0.0,0.0,0.0,235,0,0,0,0.0,0.0,0.13227393050584665,0.0,1.0,0.2214318488413034
2021-10-06,138.74986267089844,141.35296487075775,134.0850976880782,0.22358575714079293,0.15216239254360295,32500.64422893524,47000.0,494,0.16898605089568272,0.0,0.0,0.0,234,0,0,0,0.0,0.0,0.09207808984549364,0.0,1.0,0.22449089534789413
2021-10-07,140.01031494140625,141.22509344891475,135.12276413962562,0.22831764456121328,0.15569165729357423,32500.64422893524,47000.0,494,0.1471477658634217,0.0,0.0,0.0,232,0,0,0,0.0,0.0,0.043008592801813905,0.0,1.0,0.22206100897394565
2021-10-08,139.62928771972656,141.07311195089682,135.23068674241946,0.19979942549937138,0.15372050714172603,32500.64422893524,47000.0,494,0.16471465933954763,0.0,0.0,0.0,232,0,0,0,0.0,0.0,0.051172906417234355,0.0,1.0,0.08313148548207838
2021-10-11,139.5413360595703,140.92722853267526,135.52766197686546,0.19867123832719627,0.15478272853702796,32500.64422893524,47000.0,494,0.16516429678399963,0.0,0.0,0.0,232,0,0,0,0.0,0.0,0.049170500531897345,0.0,1.0,0.06962428455354153
2021-10-12,138.27108764648438,140.67426273399042,135.4768631627576,0.198453100656991,0.15392635017744816,32500.64422893524,47000.0,494,0.18099791239723403,0.0,0.0,0.0,235,0,0,0,0.0,0.0,0.08541630291144135,0.0,1.0,0.07439423912914567
2021-10-13,137.684814453125,140.389553373908,135.62791870041957,0.19606758083778406,0.15065516507852486,32500.64422893524,47000.0,494,0.18489566291066795,0.0,0.0,0.0,236,0,0,0,0.0,0.0,0.09632977866876269,0.0,1.0,0.08452737490275242
2021-10-14,140.46958923339844,140.39717583671663,136.31289757332198,0.2123574894708652,0.1640971787888308,32500.64422893524,47000.0,494,0.0,0.0,0.0,0.0,231,0,0,0,0.0,0.0,0.0,0.0,0.0,0.07841326624379086
2021-10-15,141.52487182617188,140.50457545476,136.5604599308022,0.2050748254739127,0.16289765526706107,32500.64422893524,47000.0,494,0.0,0.0,0.0,0.0,229,0,0,0,0.0,0.0,0.0,0.0,0.0,0.049098512896050384
2021-10-18,143.1957244873047,140.7608753626214,136.54471048281485,0.19344721456055025,0.1494301444273439,32500.64422893524,47000.0,494,0.0,0.0,0.0,0.0,226,0,0,0,0.0,0.0,0.0,0.0,0.0,0.07880516847237384
2021-10-19,145.35513305664062,141.19842371443275,136.35410189439185,0.19946057061419092,0.1505811785454992,32500.64422893524,47000.0,494,0.0,0.0,0.0,0.0,223,0,0,0,0.0,0.0,0.0,0.0,0.0,0.10383743694945724
2021-10-20,145.8437042236328,141.6408313819756,136.2732838979579,0.1916218767749679,0.14806960888770454,32500.64422893524,47000.0,494,0.0,0.0,0.0,0.0,222,0,0,0,0.0,0.0,0.0,0.0,0.0,0.07844478358538587
2021-10-21,146.05865478515625,142.0615764679928,136.27879502967318,0.19052880036091688,0.14292336371781125,32500.64422893524,47000.0,494,0.0,0.0,0.0,0.0,222,0,0,0,0.0,0.0,0.0,0.0,0.0,0.11090304741391632
2021-10-22,145.2867431640625,142.36873520095182,136.35164069054198,0.19181854210949867,0.14313524725668977,32500.64422893524,47000.0,494,0.0,0.0,0.0,0.0,223,0,0,0,0.0,0.0,0.0,0.0,0.0,0.11676745005083267
2021-10-25,145.23788452148438,142.64198751719303,136.3098374119629,0.18726803476270434,0.1429713259069267,32500.64422893524,47000.0,494,0.0,0.0,0.0,0.0,223,0,0,0,0.0,0.0,0.0,0.0,0.0,0.09152443432733315
2021-10-26,145.90234375,142.95249763460322,136.3209946715126,0.16251699153815774,0.11759696234044792,32500.64422893524,47000.0,494,0.0,0.0,0.0,0.0,222,0,0,0,0.0,0.0,0.0,0.0,0.0,0.15165242015113
2021-10-27,145.44309997558594,143.18969785755394,136.3441513923165,0.16305826433141324,0.12061519595429435,32500.64422893524,47000.0,494,0.0,0.0,0.0,0.0,223,0,0,0,0.0,0.0,0.0,0.0,0.0,0.12657352888051632
2021-10-28,149.0779571533203,143.75048445715075,136.29510466037888,0.17611269147307254,0.11123647060541972,32500.64422893524,47000.0,494,0.0,0.0,0.0,0.0,218,0,0,0,0.0,0.0,0.0,0.0,0.0,0.31935664111595696
2021-10-29,146.37132263183594,144.00008809283506,136.41206597786768,0.19163765912552602,0.10696189530166623,32500.64422893524,47000.0,494,0.0,0.0,0.0,0.0,222,0,0,0,0.0,0.0,0.0,0.0,0.0,0.49303683167611134
2021-11-01,145.55056762695312,144.14775281037012,137.0725945823604,0.16614494170895108,0.08947178204732464,33000.64422893524,47500.0,494,0.0,0.0,0.0,0.0,226,0,0,0,0.0,0.0,0.0,0.0,0.0,0.5474612768700586
2021-11-02,146.58628845214844,144.3799943000633,137.5255210404808,0.16196244890439143,0.08559614699959725,33000.64422893524,47500.0,494,0.0,0.0,0.0,0.0,225,0,0,0,0.0,0.0,0.0,0.0,0.0,0.5768082110163353
2021-11-03,148.02268981933594,144.72691768285117,137.9110224149176,0.16334360399567788,0.08633445600774921,33000.64422893524,47500.0,494,0.0,0.0,0.0,0.0,222,0,0,0,0.0,0.0,0.0,0.0,0.0,0.5766552114972545
2021-11-04,147.50479125976562,144.9914770711287,138.21807145757512,0.16353004731812418,0.08439595739342073,33000.64422893524,47500.0,494,0.0,0.0,0.0,0.0,223,0,0,0,0.0,0.0,0.0,0.0,0.0,0.614710510321123
2021-11-05,148.033203125,145.28116526673548,138.6414435959347,0.16230458349457763,0.08229530337660708,33000.64422893524,47500.0,494,0.0,0.0,0.0,0.0,222,0,0,0,0.0,0.0,0.0,0.0,0.0,0.6435180870511426
2021-11-08,147.21121215820312,145.46497925639906,139.16558375588085,0.1646784922559335,0.07362722949073035,33000.64422893524,47500.0,494,0.0,0.0,0.0,0.0,224,0,0,0,0.0,0.0,0.0,0.0,0.0,0.86387669112583
2021-11-09,147.57325744628906,145.6657676554362,140.10687666232184,0.1586639741788623,0.07492307069865158,33000.64422893524,47500.0,494,0.0,0.0,0.0,0.0,223,0,0,0,0.0,0.0,0.0,0.0,0.0,0.7647431859031488
2021-11-10,144.7453155517578,145.57810555032398,141.34192750612317,0.175977492908299,0.08611863924849601,33000.64422893524,47500.0,494,0.09258537385286005,0.0,0.0,0.0,227,0,0,0,0.0,0.0,0.028602858768425457,0.0,1.0,0.7028591259293142
2021-11-11,144.69639587402344,145.4941332002001,142.01256802202735,0.16328162394843718,0.06900747847760957,33000.64422893524,47500.0,494,0.06515798368882834,0.0,0.0,0.0,228,0,0,0,0.0,0.0,0.027414759228778843,0.0,1.0,0.9717865796412213
2021-11-12,146.7708740234375,145.61572756431795,142.8181277196794,0.168315135034524,0.06877820165383254,33000.64422893524,47500.0,494,0.0,0.0,0.0,0.0,224,0,0,0,0.0,0.0,0.0,0.0,0.0,1.0
2021-11-15,146.78067016601562,145.72667447876535,143.31278386458365,0.16423707158713827,0.06913993675604294,33000.64422893524,47500.0,494,0.0,0.0,0.0,0.0,224,0,0,0,0.0,0.0,0.0,0.0,0.0,0.9795248989818186
2021-11-16,147.7592315673828,145.92025134434795,143.48663267883023,0.15744084908725842,0.06668380781083622,33000.64422893524,47500.0,494,0.0,0.0,0.0,0.0,223,0,0,0,0.0,0.0,0.0,0.0,0.0,0.967504734356142
2021-11-17,150.19577026367188,146.32744362237878,143.41777554836764,0.16681711460659773,0.06827087277706315,33000.64422893524,47500.0,494,0.0,0.0,0.0,0.0,219,0,0,0,0.0,0.0,0.0,0.0,0.0,1.0
2021-11-18,154.48175048828125,147.10404427627427,142.60538077892272,0.19240559952622913,0.06838542114353591,33000.64422893524,47500.0,494,0.0,0.0,0.0,0.0,213,0,0,0,0.0,0.0,0.0,0.0,0.0,1.0
2021-11-19,157.104248046875,148.0564446353791,141.82427664890852,0.19607241098459016,0.06856923513502852,33000.64422893524,47500.0,494,0.0,0.0,0.0,0.0,210,0,0,0,0.0,0.0,0.0,0.0,0.0,1.0
2021-11-22,157.5641632080078,148.96194164229613,141.46682626092525,0.19545862562071967,0.06962491187869185,33000.64422893524,47500.0,494,0.0,0.0,0.0,0.0,209,0,0,0,0.0,0.0,0.0,0.0,0.0,1.0
2021-11-23,157.94581604003906,149.81754872779544,141.29236407609338,0.19554633778946967,0.06961024037851078,33000.64422893524,47500.0,494,0.0,0.0,0.0,0.0,208,0,0,0,0.0,0.0,0.0,0.0,0.0,1.0
2021-11-24,158.4644317626953,150.6410613977859,141.30040461980784,0.19373286479723573,0.06553963380298557,33000.64422893524,47500.0,494,0.0,0.0,0.0,0.0,208,0,0,0,0.0,0.0,0.0,0.0,0.0,1.0
2021-11-26,153.4445037841797,150.9080559107758,141.41801001250704,0.21677945735381277,0.10279399743187613,33000.64422893524,47500.0,494,0.0,0.0,0.0,0.0,215,0,0,0,0.0,0.0,0.0,0.0,0.0,0.7573939364948274
2021-11-29,156.8009033203125,151.4692794735888,141.64164416357016,0.21511946849684085,0.11288555215907399,33000.64422893524,47500.0,494,0.0,0.0,0.0,0.0,210,0,0,0,0.0,0.0,0.0,0.0,0.0,0.5880351410670541
2021-11-30,161.75225830078125,152.44861079046427,141.66620618375802,0.23383922289164294,0.1322608954194476,33000.64422893524,47500.0,494,0.0,0.0,0.0,0.0,204,0,0,0,0.0,0.0,0.0,0.0,0.0,0.4733456813397323
2021-12-01,161.2336883544922,153.2852848441812,141.8446283601382,0.23569422135677903,0.13715078606777023,33500.64422893524,48000.0,494,0.0,0.0,0.0,0.0,207,0,0,0,0.0,0.0,0.0,0.0,0.0,0.4320869516095689
2021-12-02,160.24534606933594,153.94814781800548,142.08259889610963,0.2380534876488491,0.14541535287647978,33500.64422893524,48000.0,494,0.0,0.0,0.0,0.0,209,0,0,0,0.0,0.0,0.0,0.0,0.0,0.3642156928405569
2021-12-03,158.3665771484375,154.36895061137994,142.47476997771116,0.24326108810593583,0.14651074473004555,33500.64422893524,48000.0,494,0.0,0.0,0.0,0.0,211,0,0,0,0.0,0.0,0.0,0.0,0.0,0.3836362226888681
2021-12-06,161.7718963623047,155.07399306384897,142.82033718839602,0.2513573813251154,0.15290670610947346,33500.64422893524,48000.0,494,0.0,0.0,0.0,0.0,207,0,0,0,0.0,0.0,0.0,0.0,0.0,0.3698842239635338
2021-12-07,167.506103515625,156.25800358306574,142.96543358316,0.27084145105853513,0.17138283075516117,33500.64422893524,48000.0,494,0.0,0.0,0.0,0.0,199,0,0,0,0.0,0.0,0.0,0.0,0.0,0.31694177427775383
2021-12-08,171.3223876953125,157.69270683185113,142.9404100460054,0.27625798778176547,0.17124643873864095,33500.64422893524,48000.0,494,0.0,0.0,0.0,0.0,195,0,0,0,0.0,0.0,0.0,0.0,0.0,0.3443490650891474
2021-12-09,170.8135528564453,158.9423112151458,143.75734218887428,0.2609840361387743,0.1706015368333202,33500.64422893524,48000.0,494,0.0,0.0,0.0,0.0,196,0,0,0,0.0,0.0,0.0,0.0,0.0,0.2748226119135089
2021-12-10,175.59861755371094,160.52862610453298,144.45944368275033,0.2676516986627118,0.17375352644486014,33500.64422893524,48000.0,494,0.0,0.0,0.0,0.0,190,0,0,0,0.0,0.0,0.0,0.0,0.0,0.28367513904650554
2021-12-13,171.96824645996094,161.61811375743088,145.56759827552784,0.2879656282855468,0.17533886089684197,33500.64422893524,48000.0,494,0.0,0.0,0.0,0.0,194,0,0,0,0.0,0.0,0.0,0.0,0.0,0.368614782126399
2021-12-14,170.5885009765625,162.47243634972912,147.04826775073278,0.2923606047458631,0.17728270479815458,33500.64422893524,48000.0,494,0.0,0.0,0.0,0.0,196,0,0,0,0.0,0.0,0.0,0.0,0.0,0.3742673746184595
2021-12-15,175.45184326171875,163.70857034134718,148.4108544701633,0.30147100086694306,0.18661719043235725,33500.64422893524,48000.0,494,0.0,0.0,0.0,0.0,190,0,0,0,0.0,0.0,0.0,0.0,0.0,0.3462094969586802
2021-12-16,168.5629119873047,164.17088859334314,149.8418275005075,0.34449087866513306,0.18908019192522052,33500.64422893524,48000.0,494,0.0,0.0,0.0,0.0,198,0,0,0,0.0,0.0,0.0,0.0,0.0,0.5182750202331086
2021-12-17,167.46693420410156,164.48479769912964,150.7200536722049,0.3364599148032655,0.1919011865331628,33500.64422893524,48000.0,494,0.0,0.0,0.0,0.0,200,0,0,0,0.0,0.0,0.0,0.0,0.0,0.461081441972226
2021-12-20,166.10679626464844,164.63927375298857,151.2681965797018,0.3356700310201925,0.19553542400179416,33500.64422893524,48000.0,494,0.0,0.0,0.0,0.0,201,0,0,0,0.0,0.0,0.0,0.0,0.0,0.4305593335742264
2021-12-21,169.2772674560547,165.08098743899487,151.99339991056763,0.34048867763440505,0.20673247639306416,33500.64422893524,48000.0,494,0.0,0.0,0.0,0.0,197,0,0,0,0.0,0.0,0.0,0.0,0.0,0.37250116501219943
2021-12-22,171.87039184570312,165.7275973824909,152.79195971802196,0.3428605571086481,0.20998027130651323,33500.64422893524,48000.0,494,0.0,0.0,0.0,0.0,194,0,0,0,0.0,0.0,0.0,0.0,0.0,0.3606855974902772
2021-12-23,172.4966278076172,166.37226694678864,153.62085234099212,0.34284661836492947,0.21097453988249276,33500.64422893524,48000.0,494,0.0,0.0,0.0,0.0,194,0,0,0,0.0,0.0,0.0,0.0,0.0,0.35421798034605656
2021-12-27,176.45973205566406,167.3329779095387,155.46954335087182,0.32057611166722305,0.1974404621355988,33500.64422893524,48000.0,494,0.0,0.0,0.0,0.0,189,0,0,0,0.0,0.0,0.0,0.0,0.0,0.35304970841900674
2021-12-28,175.44204711914062,168.10527021521509,156.96786067762287,0.31881181855086,0.19331158079200186,33500.64422893524,48000.0,494,0.0,0.0,0.0,0.0,190,0,0,0,0.0,0.0,0.0,0.0,0.0,0.37434350477383416
2021-12-29,175.53012084960938,168.81239884706218,157.78447993474498,0.304268624237199,0.17766109273910421,33500.64422893524,48000.0,494,0.0,0.0,0.0,0.0,190,0,0,0,0.0,0.0,0.0,0.0,0.0,0.42719592092502734
2021-12-30,174.37542724609375,169.34221107554137,158.80907939508788,0.30560016240858623,0.1708764715379722,33500.64422893524,48000.0,494,0.0,0.0,0.0,0.0,192,0,0,0,0.0,0.0,0.0,0.0,0.0,0.4903561603012332
2021-12-31,173.75897216796875,169.76285498910588,160.19104511583217,0.30458514058434966,0.16653168588325942,33500.64422893524,48000.0,494,0.0,0.0,0.0,0.0,192,0,0,0,0.0,0.0,0.0,0.0,0.0,0.5241600968652258
2022-01-03,178.1036376953125,170.55721524683983,162.3884015815229,0.3069598307349716,0.16236434650067325,34000.64422893524,48500.0,494,0.0,0.0,0.0,0.0,190,0,0,0,0.0,0.0,0.0,0.0,0.0,0.575468164402392
2022-01-04,175.84323120117188,171.0606453377286,164.17817308593254,0.30814979530759873,0.1592648501658643,34000.64422893524,48500.0,494,0.0,0.0,0.0,0.0,193,0,0,0,0.0,0.0,0.0,0.0,0.0,0.6123551167896333
2022-01-05,171.16583251953125,171.07066316456695,164.55421547705058,0.30380182926562194,0.1610631020304779,34000.64422893524,48500.0,494,0.0,0.0,0.0,0.0,198,0,0,0,0.0,0.0,0.0,0.0,0.0,0.5718571656888742
2022-01-06,168.30850219726562,170.80760021530017,164.0315414266815,0.29897881834347567,0.16074075788889944,34000.64422893524,48500.0,494,0.12791938539861725,0.0,0.0,0.0,202,0,0,0,0.0,0.0,0.07315535183693443,0.0,1.0,0.5500052292800321
2022-01-07,168.47483825683594,170.58543240973216,163.6119361228208,0.2989135853829266,0.15926465074109092,34000.64422893524,48500.0,494,0.12143548985654504,0.0,0.0,0.0,201,0,0,0,0.0,0.0,0.06186325886922022,0.0,1.0,0.5640297663460405
2022-01-10,168.4944305419922,170.38628937470932,163.3874467116281,0.279356407704292,0.15539333383150272,34000.64422893524,48500.0,494,0.12517109061834328,0.0,0.0,0.0,201,0,0,0,0.0,0.0,0.05551675664925727,0.0,1.0,0.4981144987382249
2022-01-11,171.3223876953125,170.47544159571913,163.4702713099195,0.2776324138973895,0.1553210455231998,34000.64422893524,48500.0,494,0.0,0.0,0.0,0.0,198,0,0,0,0.0,0.0,0.0,0.0,0.0,0.4895621139759436
2022-01-12,171.7627716064453,170.59804445388355,163.62147333569936,0.27613602946841415,0.15257389640420574,34000.64422893524,48500.0,494,0.0,0.0,0.0,0.0,197,0,0,0,0.0,0.0,0.0,0.0,0.0,0.5082092239469214
2022-01-13,168.4944305419922,170.39770027179867,163.44917940953013,0.2634183096428521,0.15046585817310226,34000.64422893524,48500.0,494,0.12924113117162989,0.0,0.0,0.0,201,0,0,0,0.0,0.0,0.05584787021100069,0.0,1.0,0.45890410423320427
2022-01-14,169.3555450439453,170.2984473929555,163.41571425226104,0.22406874703247207,0.14731274492206092,34000.64422893524,48500.0,494,0.1357042902630258,0.0,0.0,0.0,200,0,0,0,0.0,0.0,0.027683821063690633,0.0,1.0,0.2675342921563497
2022-01-18,166.15576171875,169.90390590017404,162.82889040895,0.23321046997550834,0.1572695081980342,34000.64422893524,48500.0,494,0.17606322358806012,0.0,0.0,0.0,204,0,0,0,0.0,0.0,0.11030188392567727,0.0,1.0,0.2357262417849464
2022-01-19,162.66233825683594,169.21423279128467,161.43905389975166,0.24323934399482308,0.15580811471187264,34000.64422893524,48500.0,494,0.2070233598581298,0.0,0.0,0.0,209,0,0,0,0.0,0.0,0.19359761960833674,0.0,1.0,0.3009556896562171
2022-01-20,160.97921752929688,168.42994562347633,159.38128984342072,0.2333418754446232,0.14452812195365633,34000.64422893524,48500.0,494,0.21498944356452865,0.0,0.0,0.0,211,0,0,0,0.0,0.0,0.22118181142311505,0.0,1.0,0.345423715758731
2022-01-21,158.92431640625,167.52464760278812,156.991759315774,0.22623169462536633,0.14940579740388524,34000.64422893524,48500.0,494,0.2393257053173224,0.0,0.0,0.0,213,0,0,0,0.0,0.0,0.25668853269072583,0.0,1.0,0.26184134393504266
2022-01-24,158.15127563476562,166.6319455105955,154.82225075174304,0.22452240161798,0.1469895797481092,34000.64422893524,48500.0,494,0.237223603381555,0.0,0.0,0.0,214,0,0,0,0.0,0.0,0.25447310987828026,0.0,1.0,0.2728929606367112
2022-01-25,156.35079956054688,165.65278875344802,152.88528876184395,0.20120582190123926,0.13501712135137514,34000.64422893524,48500.0,494,0.25216007241264593,0.0,0.0,0.0,217,0,0,0,0.0,0.0,0.2807676605657968,0.0,1.0,0.24185374841962592
2022-01-26,156.2626953125,164.75849414002442,151.2679750884924,0.20211601141906418,0.13485124421615632,34000.64422893524,48500.0,494,0.24112102245832318,0.0,0.0,0.0,217,0,0,0,0.0,0.0,0.2578258217237662,0.0,1.0,0.24900597317371642
2022-01-27,155.8027801513672,163.90556899824753,149.94180600623,0.20108238157373265,0.13289277552608886,34000.64422893524,48500.0,494,0.23513723339627354,0.0,0.0,0.0,218,0,0,0,0.0,0.0,0.24717857045378908,0.0,1.0,0.26093123307931543
2022-01-28,166.6743621826172,164.16926358723512,150.67550810298604,0.3353426294260315,0.16908030870317242,34000.64422893524,48500.0,494,0.0,0.0,0.0,0.0,203,0,0,0,0.0,0.0,0.0,0.0,0.0,0.6527778623763316
2022-01-31,171.02883911132812,164.8225564942916,151.5916043409939,0.34981501125677306,0.18717848475930213,34000.64422893524,48500.0,494,0.0,0.0,0.0,0.0,198,0,0,0,0.0,0.0,0.0,0.0,0.0,0.5574039385750347
2022-02-01,170.86253356933594,165.39779240620058,153.17893586300178,0.3365314122796816,0.18749826044064052,34500.64422893524,49000.0,494,0.0,0.0,0.0,0.0,201,0,0,0,0.0,0.0,0.0,0.0,0.0,0.4957090423523467
2022-02-02,172.0660858154297,166.0328679689843,154.35952527286867,0.33539998015170697,0.1922394195685303,34500.64422893524,49000.0,494,0.0,0.0,0.0,0.0,200,0,0,0,0.0,0.0,0.0,0.0,0.0,0.4539160807241125
2022-02-03,169.18917846679688,166.33346896877597,154.82390148132245,0.3270809409921315,0.19890454005255195,34500.64422893524,49000.0,494,0.0,0.0,0.0,0.0,203,0,0,0,0.0,0.0,0.0,0.0,0.0,0.3703430336721427
2022-02-04,168.90504455566406,166.57838092943197,155.03584535466692,0.3214449398129589,0.2006509274431401,34500.64422893524,49000.0,494,0.0,0.0,0.0,0.0,204,0,0,0,0.0,0.0,0.0,0.0,0.0,0.3350089460880974
2022-02-07,168.18983459472656,166.73185270707907,155.20358719686024,0.3218452940880949,0.2006086158183209,34500.64422893524,49000.0,494,0.0,0.0,0.0,0.0,205,0,0,0,0.0,0.0,0.0,0.0,0.0,0.3369536031442222
2022-02-08,171.2957000732422,167.16650483718985,155.42317465384266,0.3283785424896774,0.204005704512645,34500.64422893524,49000.0,494,0.0,0.0,0.0,0.0,201,0,0,0,0.0,0.0,0.0,0.0,0.0,0.34137810539068925
2022-02-09,172.7163848876953,167.6950648419999,155.79625414442597,0.32433197372674977,0.2085672399334852,34500.64422893524,49000.0,494,0.0,0.0,0.0,0.0,199,0,0,0,0.0,0.0,0.0,0.0,0.0,0.2958729513728342
2022-02-10,168.64053344726562,167.78510947107284,156.13687480264176,0.335337089588408,0.21622084747151102,34500.64422893524,49000.0,494,0.0,0.0,0.0,0.0,204,0,0,0,0.0,0.0,0.0,0.0,0.0,0.292417349783195
2022-02-11,165.23086547851562,167.54184813844833,155.97107325252418,0.33622494415699966,0.22029052537101174,34500.64422893524,49000.0,494,0.1538453266579822,0.0,0.0,0.0,208,0,0,0,0.0,0.0,0.068967326241472,0.0,1.0,0.27189970150680187
2022-02-14,165.4660186767578,167.3441500944778,155.91835532674202,0.3356238499881364,0.21996481097490883,34500.64422893524,49000.0,494,0.1481015427968264,0.0,0.0,0.0,208,0,0,0,0.0,0.0,0.05611583723302124,0.0,1.0,0.27150583958033114
2022-02-15,169.29696655273438,167.53013261431175,155.96797374569405,0.3389835080810797,0.221242581760511,34500.64422893524,49000.0,494,0.0,0.0,0.0,0.0,203,0,0,0,0.0,0.0,0.0,0.0,0.0,0.276816851830163
2022-02-16,169.0618133544922,167.67600697051944,156.08274328409354,0.3289659169853668,0.21895614074883166,34500.64422893524,49000.0,494,0.0,0.0,0.0,0.0,204,0,0,0,0.0,0.0,0.0,0.0,0.0,0.2520236391494546
2022-02-17,165.4660186767578,167.4655318949231,156.0897603201942,0.33665484717700034,0.22815738626132254,34500.64422893524,49000.0,494,0.15390317787015603,0.0,0.0,0.0,208,0,0,0,0.0,0.0,0.05969924663123748,0.0,1.0,0.22961483113900827
2022-02-18,163.91795349121094,167.12766728504573,156.19321801047388,0.3349407209143098,0.2196126035315148,34500.64422893524,49000.0,494,0.16611632633574525,0.0,0.0,0.0,210,0,0,0,0.0,0.0,0.09602580607914682,0.0,1.0,0.2709528639987082
2022-02-22,160.99819946289062,166.5439084448405,155.98452266846002,0.34142498787317616,0.2218574956692072,34500.64422893524,49000.0,494,0.1966774003735372,0.0,0.0,0.0,214,0,0,0,0.0,0.0,0.16649390042946588,0.0,1.0,0.28244854819722454
2022-02-23,156.8341064453125,165.6191653972664,155.1545473223144,0.35215156240533735,0.22702765009272716,34500.64422893524,49000.0,494,0.2400867739843208,0.0,0.0,0.0,219,0,0,0,0.0,0.0,0.26521866991907067,0.0,1.0,0.29261627479261
2022-02-24,159.4501190185547,165.03163717072243,155.13509865474782,0.3568252077143441,0.23435538501369318,34500.64422893524,49000.0,494,0.19921521651020307,0.0,0.0,0.0,216,0,0,0,0.0,0.0,0.1691044895347478,0.0,1.0,0.2688180378043341
2022-02-25,161.51747131347656,164.6969547081276,155.83117911286243,0.35881131829082297,0.2472066229319432,34500.64422893524,49000.0,494,0.1724811011912452,0.0,0.0,0.0,213,0,0,0,0.0,0.0,0.09652526363604158,0.0,1.0,0.20955267444973513
2022-02-28,161.781982421875,164.41933829991308,155.2688691669671,0.2545842405277502,0.23110210279090623,34500.64422893524,49000.0,494,0.186090953697682,0.0,0.0,0.0,213,0,0,0,0.0,0.0,0.08020211932818225,0.0,1.0,0.0
2022-03-01,159.90084838867188,163.9890059274139,154.62275972394124,0.2350321988606452,0.22486196769651476,35000.64422893524,49500.0,494,0.20609128740155302,0.0,0.0,0.0,218,0,0,0,0.0,0.0,0.12464730533678448,0.0,1.0,0.0
2022-03-02,163.19288635253906,163.91318501552107,154.75263131979096,0.24980408308696364,0.23487553422435592,35000.64422893524,49500.0,494,0.15988738027118468,0.0,0.0,0.0,214,0,0,0,0.0,0.0,0.021971956158188175,0.0,1.0,0.0
2022-03-03,162.86956787109375,163.813792906528,155.09546180065152,0.24742902247651835,0.23142187302808118,35000.64422893524,49500.0,494,0.16296903204566718,0.0,0.0,0.0,214,0,0,0,0.0,0.0,0.028820071212593723,0.0,1.0,0.0
2022-03-04,159.87149047851562,163.43833553243158,154.62316301932978,0.2487731229132376,0.2176625335116089,35000.64422893524,49500.0,494,0.19910354321198034,0.0,0.0,0.0,218,0,0,0,0.0,0.0,0.1091189849155119,0.0,1.0,0.0
2022-03-07,156.07965087890625,162.737508422572,153.35345248144955,0.25962380206629115,0.2373075259073052,35000.64422893524,49500.0,494,0.24205117872610965,0.0,0.0,0.0,224,0,0,0,0.0,0.0,0.20455817494691034,0.0,1.0,0.0
2022-03-08,154.25729370117188,161.9298689252958,151.78953767393935,0.2611232043870713,0.2377116908584366,35000.64422893524,49500.0,494,0.2566096969561745,0.0,0.0,0.0,226,0,0,0,0.0,0.0,0.2369104376803878,0.0,1.0,0.0
2022-03-09,159.65586853027344,161.71329745910322,152.16400414526237,0.28558955579459516,0.25639886344971075,35000.64422893524,49500.0,494,0.1786260633021704,0.0,0.0,0.0,219,0,0,0,0.0,0.0,0.06361347400482315,0.0,1.0,0.0
2022-03-10,155.3154296875,161.10397671895052,152.20630424996807,0.2940333366864472,0.24826729901630185,35000.64422893524,49500.0,494,0.2308436333231223,0.0,0.0,0.0,225,0,0,0,0.0,0.0,0.17965251849582733,0.0,1.0,0.0
2022-03-11,151.60205078125,160.19903139155048,150.75646320016497,0.2942935808491763,0.2449170812942201,35000.64422893524,49500.0,494,0.2706110926808648,0.0,0.0,0.0,230,0,0,0,0.0,0.0,0.26832186610692316,0.0,1.0,0.0013374706725060026
2022-03-14,147.57513427734375,158.99675547591175,148.0098775061943,0.2994190521356828,0.23847903252930702,35000.64422893524,49500.0,494,0.5070019987466352,0.17833666457772532,1.0,0.5070019987466352,237,3,3,3,442.72540283203125,0.0,0.3591778072571549,1.0,1.0,0.04628014519084522
2022-03-15,151.9547576904297,158.32608902015156,147.04354801358343,0.323841477568279,0.25332352755068244,34557.91882610321,49500.0,497,0.23401318891479733,0.0,0.0,0.0,227,0,0,0,0.0,0.0,0.20120914276202873,0.0,1.0,0.06530925328115611
2022-03-16,156.3638458251953,158.13920871587,147.767974857772,0.33096495455654634,0.2602933161825638,34557.91882610321,49500.0,497,0.16930083626776066,0.0,0.0,0.0,221,0,0,0,0.0,0.0,0.0561329130546147,0.0,1.0,0.05958974606815959
2022-03-17,157.37298583984375,158.06623510862943,148.85788778271197,0.3328754247004548,0.26462872630310247,34557.91882610321,49500.0,497,0.15504341449337294,0.0,0.0,0.0,219,0,0,0,0.0,0.0,0.02192907512187057,0.0,1.0,0.04824669311468788
2022-03-18,160.6650390625,158.31374024709328,149.65837041110726,0.33644981460971446,0.2562756514345694,34557.91882610321,49500.0,497,0.0,0.0,0.0,0.0,215,0,0,0,0.0,0.0,0.0,0.0,0.0,0.09403622208596296
2022-03-21,162.03675842285156,158.6683134066893,150.24321387228304,0.3367332172335841,0.2545173697861691,34557.91882610321,49500.0,497,0.0,0.0,0.0,0.0,213,0,0,0,0.0,0.0,0.0,0.0,0.0,0.10252205810972104
2022-03-22,165.4072265625,159.31011465962365,150.3378487773432,0.33808782899759304,0.25300047820182847,34557.91882610321,49500.0,497,0.0,0.0,0.0,0.0,208,0,0,0,0.0,0.0,0.0,0.0,0.0,0.11359416986255355
2022-03-23,166.76913452148438,160.0204975036104,150.29473015177305,0.32270984511701073,0.2471505398533759,34557.91882610321,49500.0,497,0.0,0.0,0.0,0.0,207,0,0,0,0.0,0.0,0.0,0.0,0.0,0.08810149106040455
2022-03-24,170.55111694335938,161.02341364072933,149.94066320737696,0.3266927668707144,0.24675917050494092,34557.91882610321,49500.0,497,0.0,0.0,0.0,0.0,202,0,0,0,0.0,0.0,0.0,0.0,0.0,0.10327803353841647
2022-03-25,171.18797302246094,161.99146691517996,149.710727169057,0.3248101569146986,0.23591086391568486,34557.91882610321,49500.0,497,0.0,0.0,0.0,0.0,201,0,0,0,0.0,0.0,0.0,0.0,0.0,0.14736187333445083
2022-03-28,172.05015563964844,162.94943726989123,149.50264887184608,0.32482984322740255,0.23603509217617,34557.91882610321,49500.0,497,0.0,0.0,0.0,0.0,200,0,0,0,0.0,0.0,0.0,0.0,0.0,0.14682750572020398
2022-03-29,175.34226989746094,164.12970704394547,149.08517854807388,0.3244581873196849,0.2286553340790968,34557.91882610321,49500.0,497,0.0,0.0,0.0,0.0,197,0,0,0,0.0,0.0,0.0,0.0,0.0,0.1824863996956798
2022-03-30,174.17633056640625,165.0865283317989,148.94408761542908,0.32128966009665555,0.22419872839652577,34557.91882610321,49500.0,497,0.0,0.0,0.0,0.0,198,0,0,0,0.0,0.0,0.0,0.0,0.0,0.19421454942573435
2022-03-31,171.0802001953125,165.6573542235621,148.96588373143902,0.32961886086641007,0.23187540788310976,34557.91882610321,49500.0,497,0.0,0.0,0.0,0.0,201,0,0,0,0.0,0.0,0.0,0.0,0.0,0.18461197141618113
2022-04-01,170.78623962402344,166.14581949979652,149.0342138367826,0.3206684483374978,0.2289199466010693,35057.91882610321,50000.0,497,0.0,0.0,0.0,0.0,205,0,0,0,0.0,0.0,0.0,0.0,0.0,0.1673238217794808
2022-04-04,174.83274841308594,166.97314606296692,149.2995259038555,0.3113179068181556,0.1955423563198411,35057.91882610321,50000.0,497,0.0,0.0,0.0,0.0,200,0,0,0,0.0,0.0,0.0,0.0,0.0,0.32672835644256737
2022-04-05,171.5210418701172,167.40627899698123,149.93775595308392,0.31775207864567,0.20059461462170236,35057.91882610321,50000.0,497,0.0,0.0,0.0,0.0,204,0,0,0,0.0,0.0,0.0,0.0,0.0,0.32004241176045833
2022-04-06,168.3563690185547,167.4967637609406,150.08324149159108,0.3084671896822786,0.18923415769984256,35057.91882610321,50000.0,497,0.0,0.0,0.0,0.0,208,0,0,0,0.0,0.0,0.0,0.0,0.0,0.35840164654434736
2022-04-07,168.6600799560547,167.6075557795229,150.7004367155255,0.28749651110188795,0.18765602052585523,35057.91882610321,50000.0,497,0.0,0.0,0.0,0.0,207,0,0,0,0.0,0.0,0.0,0.0,0.0,0.27669991747070344
2022-04-08,166.65151977539062,167.5165047315103,151.90806807419537,0.27476194576610613,0.17955064115370056,35057.91882610321,50000.0,497,0.13409509842644557,0.0,0.0,0.0,210,0,0,0,0.0,0.0,0.025817902465970523,0.0,1.0,0.2752295768324118
2022-04-11,162.3992919921875,167.0291511372891,153.93226805042198,0.273193617850174,0.18990237559657186,35057.91882610321,50000.0,497,0.19248409525355886,0.0,0.0,0.0,215,0,0,0,0.0,0.0,0.13859434456731726,0.0,1.0,0.19883359801733902
2022-04-12,164.27066040039062,166.76643773377495,155.6164987158972,0.25859977141634277,0.17780434386135724,35057.91882610321,50000.0,497,0.16247230520714712,0.0,0.0,0.0,213,0,0,0,0.0,0.0,0.0748285256703921,0.0,1.0,0.21200531344529328
2022-04-13,166.9552764892578,166.78442237715427,156.93620742181122,0.24596349296821624,0.16438856887416545,35057.91882610321,50000.0,497,0.0,0.0,0.0,0.0,209,0,0,0,0.0,0.0,0.0,0.0,0.0,0.24686028278773842
2022-04-14,161.94857788085938,166.32386575845953,157.34624871048763,0.272535749149286,0.165069308995612,35057.91882610321,50000.0,497,0.17160160089417048,0.0,0.0,0.0,216,0,0,0,0.0,0.0,0.1315291662338489,0.0,1.0,0.375865239110615
2022-04-18,161.73306274414062,165.88664642376247,157.088904687808,0.2628616296933187,0.1590569427713379,35057.91882610321,50000.0,497,0.16861821548016528,0.0,0.0,0.0,216,0,0,0,0.0,0.0,0.12519343085070844,0.0,1.0,0.37718828402653504
2022-04-19,164.0159149169922,165.7084815183558,157.16831196560042,0.2658625844979338,0.16990575705135333,35057.91882610321,50000.0,497,0.14258468929330326,0.0,0.0,0.0,213,0,0,0,0.0,0.0,0.05107060863315317,0.0,1.0,0.30397084591615653
2022-04-20,163.84934997558594,165.53142137142535,156.84777028550565,0.25509044082613963,0.16463548111237306,35057.91882610321,50000.0,497,0.1437448933526423,0.0,0.0,0.0,213,0,0,0,0.0,0.0,0.050808220635800705,0.0,1.0,0.2911880593346803
2022-04-21,163.0557403564453,165.29564222714154,156.3153233181672,0.2534724875572188,0.16719724384982765,35057.91882610321,50000.0,497,0.15415542229120438,0.0,0.0,0.0,215,0,0,0,0.0,0.0,0.06775441386465171,0.0,1.0,0.2633406394788891
2022-04-22,158.5193328857422,164.65027943272256,154.77393499159277,0.2542778356562311,0.18310506539205487,35057.91882610321,50000.0,497,0.21805646952551472,0.0,0.0,0.0,221,0,0,0,0.0,0.0,0.1861808728203684,0.0,1.0,0.15724923243651046
2022-04-25,159.58729553222656,164.16809048981818,153.8344837375734,0.2556352914929904,0.18347648483550671,35057.91882610321,50000.0,497,0.19667472424688712,0.0,0.0,0.0,219,0,0,0,0.0,0.0,0.13951538767138566,0.0,1.0,0.16107200205236416
2022-04-26,153.6302032470703,163.16448218098503,151.5286046942182,0.28019027252920187,0.20028783449818452,35057.91882610321,50000.0,497,0.2648973030045664,0.0,0.0,0.0,228,0,0,0,0.0,0.0,0.29216771954508836,0.0,1.0,0.16578170790723368
2022-04-27,153.40489196777344,162.2349973987744,150.1526061299844,0.26531801979384356,0.1921001566728128,35057.91882610321,50000.0,497,0.25736735753106,0.0,0.0,0.0,228,0,0,0,0.0,0.0,0.2721393525620282,0.0,1.0,0.15095351121852674
2022-04-28,160.33193969726562,162.0537538081545,150.62301206323542,0.32255295997052374,0.2190364251351343,35057.91882610321,50000.0,497,0.15118951613545503,0.0,0.0,0.0,218,0,0,0,0.0,0.0,0.05312478330268226,0.0,1.0,0.22716636350751962
2022-04-29,154.46302795410156,161.33082753633994,149.57049758690277,0.3397345551027491,0.24499052444291158,35057.91882610321,50000.0,497,0.23022130992246084,0.0,0.0,0.0,226,0,0,0,0.0,0.0,0.21284833429281816,0.0,1.0,0.15560440509307338
2022-05-02,154.76673889160156,160.70567623684104,148.86770073466792,0.34044009561849303,0.2460873679010447,35557.91882610321,50500.0,497,0.21786528520530218,0.0,0.0,0.0,229,0,0,0,0.0,0.0,0.18477683814002102,0.0,1.0,0.15284291957707263
2022-05-03,156.25604248046875,160.28190159337703,149.6119699509171,0.32832715946247254,0.24416644349884742,35557.91882610321,50500.0,497,0.19445691904993367,0.0,0.0,0.0,227,0,0,0,0.0,0.0,0.12558682773559726,0.0,1.0,0.12057153431085088
2022-05-04,162.66384887695312,160.50875371562236,150.86605982046237,0.3626904054829975,0.2706603038739186,35557.91882610321,50500.0,497,0.0,0.0,0.0,0.0,218,0,0,0,0.0,0.0,0.0,0.0,0.0,0.11668390319238564
2022-05-05,153.600830078125,159.8508562263369,150.23123350937146,0.4060894874039652,0.2945483917055512,35557.91882610321,50500.0,497,0.2230825692001192,0.0,0.0,0.0,231,0,0,0,0.0,0.0,0.19549554803016914,0.0,1.0,0.1489042741345692
2022-05-06,154.32693481445312,159.32476847282416,150.12644123858772,0.4068007038104831,0.2930955666401771,35557.91882610321,50500.0,497,0.2049177630728342,0.0,0.0,0.0,230,0,0,0,0.0,0.0,0.1568442153180819,0.0,1.0,0.15662133820302637
2022-05-09,149.20492553710938,158.360973907518,148.5981232308831,0.41903606742860755,0.30915654048757163,35557.91882610321,50500.0,497,0.26713812973254525,0.0,0.0,0.0,238,0,0,0,0.0,0.0,0.28908790292473546,0.0,1.0,0.12951426583585746
2022-05-10,151.6089630126953,157.7179252508682,147.57274526590624,0.4182958736046023,0.30747370138489194,35557.91882610321,50500.0,497,0.22378129228567079,0.0,0.0,0.0,234,0,0,0,0.0,0.0,0.19366734086997076,0.0,1.0,0.13369011105816075
2022-05-11,143.7493133544922,156.38758126073714,144.70393453930944,0.44831122313028504,0.31022505740182005,35557.91882610321,50500.0,497,0.5114046109032071,0.18567435150534514,1.0,0.5114046109032071,247,3,3,3,431.24794006347656,0.0,0.4040687823278563,1.0,1.0,0.2042634114432833
2022-05-12,139.88330078125,154.8157450245955,141.6255527969516,0.44565151038597034,0.30451764408767357,35126.670886039734,50500.0,500,0.5450636874023241,0.24177281233720688,1.0,0.5450636874023241,251,3,3,3,419.64990234375,0.0,0.4822650383839569,1.0,1.0,0.21955579870456532
2022-05-13,144.34788513183594,153.81880598718982,139.9596345966793,0.45988007394246416,0.321221766530274,34707.020983695984,50500.0,503,0.2692319166934962,0.0,0.0,0.0,240,0,0,0,0.0,0.0,0.30785965326445935,0.0,1.0,0.19304927275510497
2022-05-16,142.807373046875,152.77009808811223,138.23550941589295,0.4599968248617338,0.32088231419763974,34707.020983695984,50500.0,503,0.2772696876604187,0.0,0.0,0.0,243,0,0,0,0.0,0.0,0.32606921007182627,0.0,1.0,0.1946145687190317
2022-05-17,146.4379119873047,152.16703274517818,138.00975003155006,0.46816894634643025,0.32466317682277485,34707.020983695984,50500.0,503,0.21454511377245386,0.0,0.0,0.0,237,0,0,0,0.0,0.0,0.18825105065522252,0.0,1.0,0.20167859022396284
2022-05-18,138.17599487304688,150.83455294783232,136.0533429262783,0.5016530577685421,0.34871958343179843,34707.020983695984,50500.0,503,0.31894802818119855,0.0,0.0,0.0,251,0,0,0,0.0,0.0,0.41961731670208013,0.0,1.0,0.19879764334737549
2022-05-19,134.77110290527344,149.30470056282672,133.57855293365694,0.5049094190457425,0.34723472952968293,34707.020983695984,50500.0,503,0.34784529523760666,0.0,0.0,0.0,257,0,0,0,0.0,0.0,0.48670931332927514,0.0,1.0,0.21173895760567185
2022-05-20,135.00660705566406,147.94297737166838,131.21738417869227,0.5011831192829388,0.3377405867452271,34707.020983695984,50500.0,503,0.32308282810684497,0.0,0.0,0.0,257,0,0,0,0.0,0.0,0.43720798870719757,0.0,1.0,0.23660766811393952
2022-05-23,140.4230194091797,147.2267908990504,130.75226653113214,0.5271137109534381,0.3457805390534075,34707.020983695984,50500.0,503,0.2269441963967323,0.0,0.0,0.0,247,0,0,0,0.0,0.0,0.2310643140532718,0.0,1.0,0.27034744927240006
2022-05-24,137.724609375,146.32182123009324,129.36294452213647,0.5165832112716041,0.334084903559741,34707.020983695984,50500.0,503,0.25334460488897365,0.0,0.0,0.0,252,0,0,0,0.0,0.0,0.2937775030005262,0.0,1.0,0.28855271461263143
2022-05-25,137.8816375732422,145.51799421515506,128.24097541116524,0.5168986648534641,0.3364858530005791,34707.020983695984,50500.0,503,0.24005942041392148,0.0,0.0,0.0,251,0,0,0,0.0,0.0,0.26238530441198094,0.0,1.0,0.2801396657146993
2022-05-26,141.08038330078125,145.0953646042623,128.84984996638016,0.4941215704583412,0.33171040061226154,34707.020983695984,50500.0,503,0.18812570630933595,0.0,0.0,0.0,246,0,0,0,0.0,0.0,0.13835663580403268,0.0,1.0,0.24134779802478756
2022-05-27,146.8303985595703,145.26060593333926,129.50501959557982,0.5065343763301566,0.31989203797050075,34707.020983695984,50500.0,503,0.0,0.0,0.0,0.0,236,0,0,0,0.0,0.0,0.0,0.0,0.0,0.3195451282662314
2022-05-31,146.04534912109375,145.33534337979208,130.17928071871125,0.5064318893203894,0.32014584119449285,34707.020983695984,50500.0,503,0.0,0.0,0.0,0.0,237,0,0,0,0.0,0.0,0.0,0.0,0.0,0.31823225583390014
2022-06-01,145.9178466796875,145.39081988454402,131.1535324901578,0.5044914812566359,0.3206196445774147,35207.020983695984,51000.0,503,0.0,0.0,0.0,0.0,241,0,0,0,0.0,0.0,0.0,0.0,0.0,0.31124082639407313
2022-06-02,148.37088012695312,145.67463514572583,134.05589384240665,0.4834093746134005,0.3085051029462752,35207.020983695984,51000.0,503,0.0,0.0,0.0,0.0,237,0,0,0,0.0,0.0,0.0,0.0,0.0,0.30578438302629984
2022-06-03,142.650390625,145.38661185803767,134.69573430243764,0.46251299851318783,0.28682490809282457,35207.020983695984,51000.0,503,0.1579684233500184,0.0,0.0,0.0,246,0,0,0,0.0,0.0,0.09410155440273424,0.0,1.0,0.34377276131212
2022-06-06,143.39610290527344,145.19703957682202,135.83077212234465,0.4626313474450883,0.2863435254399392,35207.020983695984,51000.0,503,0.1432700202130746,0.0,0.0,0.0,245,0,0,0,0.0,0.0,0.06201699004323465,0.0,1.0,0.3463762530638097
2022-06-07,145.9178466796875,145.26568787233302,136.2631858365006,0.45409318547450583,0.26132587872738355,35207.020983695984,51000.0,503,0.0,0.0,0.0,0.0,241,0,0,0,0.0,0.0,0.0,0.0,0.0,0.44804253500734137
2022-06-08,145.18194580078125,145.25771243694712,137.19136053412106,0.44988145013241493,0.26536181529245995,35207.020983695984,51000.0,503,0.10989434350236002,0.0,0.0,0.0,242,0,0,0,0.0,0.0,0.0026080073441454923,0.0,1.0,0.4127925980250544
2022-06-09,139.96177673339844,144.7533376080377,136.64953241915498,0.42950813782758884,0.27312913224215707,35207.020983695984,51000.0,503,0.19343299944363396,0.0,0.0,0.0,251,0,0,0,0.0,0.0,0.16550778565167945,0.0,1.0,0.3104550409962181
2022-06-10,134.55523681640625,143.78208991359662,135.04061595768758,0.4407689370215634,0.29355555376568665,35207.020983695984,51000.0,503,0.4692644188622624,0.11544069810377061,1.0,0.4692644188622624,261,2,2,2,269.1104736328125,0.0,0.3208623933180791,1.0,1.0,0.25123658130873205
2022-06-13,129.4038543701172,142.41273414755096,132.14076781610834,0.4404682706507815,0.30919571028917675,34937.91051006317,51000.0,505,0.5368157802338429,0.22802630038973815,1.0,0.5368157802338429,269,3,3,3,388.21156311035156,0.0,0.45673162078173213,1.0,1.0,0.1871344911793662
2022-06-14,130.26730346679688,141.25602646366963,129.93826992142817,0.44184901588129566,0.30919183758111535,34549.69894695282,51000.0,508,0.30594706312557984,0.0,0.0,0.0,265,0,0,0,0.0,0.0,0.38896474975172113,0.0,1.0,0.19087074262694648
2022-06-15,132.88717651367188,140.4589931350984,129.01622394201604,0.43750500109995466,0.3041619790730928,34549.69894695282,51000.0,508,0.2514260194739258,0.0,0.0,0.0,259,0,0,0,0.0,0.0,0.2695383347274779,0.0,1.0,0.19866231153439262
2022-06-16,127.61801147460938,139.2360425007661,126.56518878789814,0.4145492598416333,0.2925843358517514,34549.69894695282,51000.0,508,0.3196716792234255,0.0,0.0,0.0,270,0,0,0,0.0,0.0,0.417206307271079,0.0,1.0,0.18071159048560026
2022-06-17,129.08982849121094,138.269736404618,124.93457329880357,0.41010719451748584,0.2930212140564299,34549.69894695282,51000.0,508,0.2827486039113922,0.0,0.0,0.0,267,0,0,0,0.0,0.0,0.3319565131209889,0.0,1.0,0.1663182699305279
2022-06-21,133.31893920898438,137.79823190979573,124.33563999129672,0.4280797124711999,0.3085975683307049,34549.69894695282,51000.0,508,0.2075407271927443,0.0,0.0,0.0,259,0,0,0,0.0,0.0,0.16253084813684515,0.0,1.0,0.1559815446883599
2022-06-22,132.80870056152344,137.3230384480555,123.61034831932767,0.4006108268234042,0.2993069246345139,34549.69894695282,51000.0,508,0.21242771045007605,0.0,0.0,0.0,260,0,0,0,0.0,0.0,0.16436928346293805,0.0,1.0,0.11538467108246064
2022-06-23,135.673828125,137.1659707982407,123.39688358641115,0.4041575260019037,0.3015332694169531,34549.69894695282,51000.0,508,0.16278122347399424,0.0,0.0,0.0,254,0,0,0,0.0,0.0,0.05439186791582243,0.0,1.0,0.1169511708812585
2022-06-24,139.00021362304688,137.34066059107937,123.57208494424198,0.4137739838024597,0.32060700119988556,34549.69894695282,51000.0,508,0.0,0.0,0.0,0.0,248,0,0,0,0.0,0.0,0.0,0.0,0.0,0.07549633001850853
2022-06-27,139.00021362304688,137.49871326079057,123.78091499792473,0.4051696451124002,0.3113191789087084,34549.69894695282,51000.0,508,0.0,0.0,0.0,0.0,248,0,0,0,0.0,0.0,0.0,0.0,0.0,0.08455049929966107
2022-06-28,134.8594512939453,137.2473549782339,124.0443294098009,0.38703227685444686,0.30117473181654597,34549.69894695282,51000.0,508,0.1820570893037473,0.0,0.0,0.0,256,0,0,0,0.0,0.0,0.08699270323523803,0.0,1.0,0.07089627152109812
2022-06-29,136.61581420898438,137.18720823830535,124.56376023292293,0.391624126415816,0.3012748914440452,34549.69894695282,51000.0,508,0.15104726148627814,0.0,0.0,0.0,252,0,0,0,0.0,0.0,0.02082533920831789,0.0,1.0,0.08324141157464915
2022-06-30,134.15296936035156,136.89823310707163,124.87879246943827,0.3950841073211117,0.3015179090472144,34549.69894695282,51000.0,508,0.18592686321051521,0.0,0.0,0.0,257,0,0,0,0.0,0.0,0.10026658797608179,0.0,1.0,0.09193101378721602
2022-07-01,136.32144165039062,136.84330058738772,126.14384034309607,0.3946408253739714,0.2950322880817402,35049.69894695282,51500.0,508,0.14711223144406405,0.0,0.0,0.0,257,0,0,0,0.0,0.0,0.019067756139944676,0.0,1.0,0.1146825881891107
2022-07-05,138.90206909179688,137.03937377828382,126.69509601998726,0.38023591300750337,0.2921083463946612,35049.69894695282,51500.0,508,0.0,0.0,0.0,0.0,252,0,0,0,0.0,0.0,0.0,0.0,0.0,0.08474565944609846
2022-07-06,140.23654174804688,137.3438659658803,127.3894542467499,0.38151144872724313,0.292240256916918,35049.69894695282,51500.0,508,0.0,0.0,0.0,0.0,249,0,0,0,0.0,0.0,0.0,0.0,0.0,0.08789326503735917
2022-07-07,143.60214233398438,137.9398922866521,128.43797075624838,0.386268608218587,0.29602128106732234,35049.69894695282,51500.0,508,0.0,0.0,0.0,0.0,244,0,0,0,0.0,0.0,0.0,0.0,0.0,0.08738975011602923
2022-07-08,144.27919006347656,138.54363493206398,129.22510314131762,0.3863046298057642,0.29466507302163786,35049.69894695282,51500.0,508,0.0,0.0,0.0,0.0,242,0,0,0,0.0,0.0,0.0,0.0,0.0,0.09249637745325034
2022-07-11,142.14991760253906,138.88709042449017,129.30660626444495,0.3670020502120536,0.2860110528267377,35049.69894695282,51500.0,508,0.0,0.0,0.0,0.0,246,0,0,0,0.0,0.0,0.0,0.0,0.0,0.06931196826386099
2022-07-12,143.12135314941406,139.29035354114959,129.181027795545,0.3360114100761056,0.2691571638068777,35049.69894695282,51500.0,508,0.0,0.0,0.0,0.0,244,0,0,0,0.0,0.0,0.0,0.0,0.0,0.0403197315515762
2022-07-13,142.75827026367188,139.62063132424694,129.62829895608644,0.2992783584212943,0.22986064894421365,35049.69894695282,51500.0,508,0.0,0.0,0.0,0.0,245,0,0,0,0.0,0.0,0.0,0.0,0.0,0.08499925134324915
2022-07-14,145.68234252929688,140.1979371532993,129.9629304439513,0.30421931834840005,0.22967292458074073,35049.69894695282,51500.0,508,0.0,0.0,0.0,0.0,240,0,0,0,0.0,0.0,0.0,0.0,0.0,0.10381360400426298
2022-07-15,147.35044860839844,140.8791287204516,130.0223986868564,0.3003375563377007,0.23388007245424278,35049.69894695282,51500.0,508,0.0,0.0,0.0,0.0,237,0,0,0,0.0,0.0,0.0,0.0,0.0,0.0701266436329242
2022-07-18,144.3086395263672,141.20574879720547,131.28987427754254,0.2684487939532852,0.2013520176219254,35049.69894695282,51500.0,508,0.0,0.0,0.0,0.0,242,0,0,0,0.0,0.0,0.0,0.0,0.0,0.11102600776742677
2022-07-19,148.16485595703125,141.86852090766507,132.37097222167463,0.277632655738035,0.22055513940829347,35049.69894695282,51500.0,508,0.0,0.0,0.0,0.0,236,0,0,0,0.0,0.0,0.0,0.0,0.0,0.04899186239349418
2022-07-20,150.1665496826172,142.6588093624224,132.72101296515697,0.2619636906196451,0.20657756198854835,35049.69894695282,51500.0,508,0.0,0.0,0.0,0.0,233,0,0,0,0.0,0.0,0.0,0.0,0.0,0.05676082830560536
2022-07-21,152.43316650390625,143.5897005187542,133.17582997990505,0.2610645580541164,0.20757244478861853,35049.69894695282,51500.0,508,0.0,0.0,0.0,0.0,229,0,0,0,0.0,0.0,0.0,0.0,0.0,0.048086120486639405
2022-07-22,151.19680786132812,144.31418693233266,133.5581486492507,0.2604153363766582,0.21067840752994707,35049.69894695282,51500.0,508,0.0,0.0,0.0,0.0,231,0,0,0,0.0,0.0,0.0,0.0,0.0,0.030066549572880907
2022-07-25,150.07821655273438,144.86314213427568,133.77671360472306,0.2541661809096289,0.1821466626947612,35049.69894695282,51500.0,508,0.0,0.0,0.0,0.0,233,0,0,0,0.0,0.0,0.0,0.0,0.0,0.16282751286508157
2022-07-26,148.75360107421875,145.2336620333179,134.08001023496564,0.25789520788405035,0.18695432184966349,35049.69894695282,51500.0,508,0.0,0.0,0.0,0.0,235,0,0,0,0.0,0.0,0.0,0.0,0.0,0.14954642990028022
2022-07-27,153.8461151123047,146.05389565988807,134.8568119398616,0.24816206041051328,0.19186850494545524,35049.69894695282,51500.0,508,0.0,0.0,0.0,0.0,227,0,0,0,0.0,0.0,0.0,0.0,0.0,0.07783044990917642
2022-07-28,154.3956298828125,146.84834653826184,135.53314324118597,0.24724566033020606,0.19428739036039502,35049.69894695282,51500.0,508,0.0,0.0,0.0,0.0,227,0,0,0,0.0,0.0,0.0,0.0,0.0,0.060480816037416174
2022-07-29,159.45875549316406,148.04933786730015,136.4650971849712,0.24686806684783455,0.19249092254441244,35049.69894695282,51500.0,508,0.0,0.0,0.0,0.0,219,0,0,0,0.0,0.0,0.0,0.0,0.0,0.06874332732441779
2022-08-01,158.4775390625,149.04249988589063,137.46418569887126,0.250709166111635,0.1927112138871098,35549.69894695282,52000.0,508,0.0,0.0,0.0,0.0,224,0,0,0,0.0,0.0,0.0,0.0,0.0,0.08413154003283396
2022-08-02,157.00564575195312,149.80089473027752,138.37728552777816,0.25389701872339987,0.19614447319936518,35549.69894695282,52000.0,508,0.0,0.0,0.0,0.0,226,0,0,0,0.0,0.0,0.0,0.0,0.0,0.07869900938331087
2022-08-03,163.0107421875,151.0589754404892,138.75398620674952,0.2780977188398363,0.20093730221231615,35549.69894695282,52000.0,508,0.0,0.0,0.0,0.0,218,0,0,0,0.0,0.0,0.0,0.0,0.0,0.15333537616786153
2022-08-04,162.69677734375,152.16733752651405,139.022013826892,0.2731224182820409,0.19723936311011042,35549.69894695282,52000.0,508,0.0,0.0,0.0,0.0,218,0,0,0,0.0,0.0,0.0,0.0,0.0,0.15393809656530633
2022-08-05,162.4707794189453,153.1486177067456,139.4459777488562,0.27447817007258585,0.19747362355273573,35549.69894695282,52000.0,508,0.0,0.0,0.0,0.0,218,0,0,0,0.0,0.0,0.0,0.0,0.0,0.1582904302798609
2022-08-08,161.99911499023438,153.99152220993503,140.38007071729126,0.26561495907213806,0.19059908391499583,35549.69894695282,52000.0,508,0.0,0.0,0.0,0.0,219,0,0,0,0.0,0.0,0.0,0.0,0.0,0.16131617571414147
2022-08-09,162.04824829101562,154.75882945575222,141.37085710794173,0.2665772918361817,0.1869066470231824,35549.69894695282,52000.0,508,0.0,0.0,0.0,0.0,219,0,0,0,0.0,0.0,0.0,0.0,0.0,0.18854918610393034
2022-08-10,166.2930450439453,155.8573261784373,142.42421441478783,0.2732814597878122,0.19385694415578547,35549.69894695282,52000.0,508,0.0,0.0,0.0,0.0,213,0,0,0,0.0,0.0,0.0,0.0,0.0,0.17475569840906502
2022-08-11,165.5561065673828,156.78101954881305,143.30731372092967,0.2722516040814018,0.1927405568556029,35549.69894695282,52000.0,508,0.0,0.0,0.0,0.0,214,0,0,0,0.0,0.0,0.0,0.0,0.0,0.17710740508274236
2022-08-12,169.10325622558594,157.95456589898188,143.9157547857994,0.2768947733819857,0.19105127460077456,35549.69894695282,52000.0,508,0.0,0.0,0.0,0.0,210,0,0,0,0.0,0.0,0.0,0.0,0.0,0.20776815002757698
2022-08-15,170.1742401123047,159.1183443954888,145.2663305180147,0.2569477184860427,0.1843302601110906,35549.69894695282,52000.0,508,0.0,0.0,0.0,0.0,208,0,0,0,0.0,0.0,0.0,0.0,0.0,0.16162749734809156
2022-08-16,170.0170440673828,160.15631579281205,146.245249671202,0.249431430453663,0.16564528344839446,35549.69894695282,52000.0,508,0.0,0.0,0.0,0.0,209,0,0,0,0.0,0.0,0.0,0.0,0.0,0.2548472316919883
2022-08-17,171.51058959960938,161.23767520298324,147.05600287992633,0.24836191912178213,0.17069812260022899,35549.69894695282,52000.0,508,0.0,0.0,0.0,0.0,207,0,0,0,0.0,0.0,0.0,0.0,0.0,0.2124812082411316
2022-08-18,171.11752319335938,162.17861310682858,147.78168205094744,0.24831167686202987,0.16929051721600563,35549.69894695282,52000.0,508,0.0,0.0,0.0,0.0,207,0,0,0,0.0,0.0,0.0,0.0,0.0,0.2223153475336006
2022-08-19,168.53334045410156,162.78382523514028,148.9107576048911,0.25470576246502824,0.1733030705065909,35549.69894695282,52000.0,508,0.0,0.0,0.0,0.0,210,0,0,0,0.0,0.0,0.0,0.0,0.0,0.2247607698682863
2022-08-22,164.6521453857422,162.96176048757854,150.3214826402316,0.27079076242800404,0.19427780971555755,35549.69894695282,52000.0,508,0.0,0.0,0.0,0.0,215,0,0,0,0.0,0.0,0.0,0.0,0.0,0.16152724297433174
2022-08-23,164.3180389404297,163.09092986404053,152.39060883752143,0.2673131792253617,0.18827173169852737,35549.69894695282,52000.0,508,0.0,0.0,0.0,0.0,216,0,0,0,0.0,0.0,0.0,0.0,0.0,0.18318868519518605
2022-08-24,164.61282348632812,163.2358721137822,153.62329572279597,0.2442611238059648,0.16661559335220574,35549.69894695282,52000.0,508,0.0,0.0,0.0,0.0,215,0,0,0,0.0,0.0,0.0,0.0,0.0,0.2216799905077791
2022-08-25,167.0692901611328,163.60095954686318,155.1578419035818,0.2476061612593367,0.1684103131126431,35549.69894695282,52000.0,508,0.0,0.0,0.0,0.0,212,0,0,0,0.0,0.0,0.0,0.0,0.0,0.22521277885222002
2022-08-26,160.77085876464844,163.33142613903323,155.0509815073927,0.2649619967215094,0.20305412808011433,35549.69894695282,52000.0,508,0.17653323589274686,0.0,0.0,0.0,221,0,0,0,0.0,0.0,0.07838563082787103,0.0,1.0,0.0874029797979512
2022-08-29,158.56991577148438,162.87794896117143,154.61290322836268,0.268810432148055,0.20401586346089687,35549.69894695282,52000.0,508,0.19971163180524354,0.0,0.0,0.0,224,0,0,0,0.0,0.0,0.13224728138963876,0.0,1.0,0.097996448200939
2022-08-30,156.14291381835938,162.23651704280837,153.78716107702587,0.272441422074319,0.20619965514332436,35549.69894695282,52000.0,508,0.2244057767854458,0.0,0.0,0.0,227,0,0,0,0.0,0.0,0.1877999890382606,0.0,1.0,0.1010421828177146
2022-08-31,154.48236083984375,161.49802597585938,151.84394838889355,0.23358368049349754,0.1973875103374516,35549.69894695282,52000.0,508,0.24774265945761298,0.0,0.0,0.0,230,0,0,0,0.0,0.0,0.21720590990580665,0.0,1.0,0.0
2022-09-01,155.20947265625,160.89911613589658,150.39031119467555,0.23501211741086733,0.19824946381614003,36049.69894695282,52500.0,508,0.22956350623077623,0.0,0.0,0.0,232,0,0,0,0.0,0.0,0.1768077916239472,0.0,1.0,0.0
2022-09-02,153.09689331054688,160.15604729538708,148.5387118869214,0.23839952607629813,0.20052232751310292,36049.69894695282,52500.0,508,0.24917263028224063,0.0,0.0,0.0,235,0,0,0,0.0,0.0,0.22038362284942362,0.0,1.0,0.0
2022-09-06,151.8391571044922,159.36396251530186,146.59067798961792,0.23915699504598265,0.2005102835618315,36049.69894695282,52500.0,508,0.25623990460011375,0.0,0.0,0.0,237,0,0,0,0.0,0.0,0.23608867688914165,0.0,1.0,0.0
2022-09-07,153.24429321289062,158.78113686745317,145.2483890087609,0.2429393207412031,0.21393194855831316,36049.69894695282,52500.0,508,0.22845956055324942,0.0,0.0,0.0,235,0,0,0,0.0,0.0,0.17435457900722096,0.0,1.0,0.0
2022-09-08,151.7704315185547,158.11345064374854,143.82873510912103,0.21852177633088926,0.19884778525937283,36049.69894695282,52500.0,508,0.24026299137473434,0.0,0.0,0.0,237,0,0,0,0.0,0.0,0.20058442527718742,0.0,1.0,0.0
2022-09-09,154.62974548339844,157.78166919990568,143.2220691282723,0.23366178836052198,0.20851242361531436,36049.69894695282,52500.0,508,0.1949470993563651,0.0,0.0,0.0,233,0,0,0,0.0,0.0,0.09988244301414467,0.0,1.0,0.0
2022-09-12,160.5841827392578,158.04857525127255,143.92840602152103,0.26359108615633753,0.20165836592364753,36049.69894695282,52500.0,508,0.0,0.0,0.0,0.0,224,0,0,0,0.0,0.0,0.0,0.0,0.0,0.08926419916931505
2022-09-13,151.1611785888672,157.39263271199584,143.27977139774157,0.3280067702180796,0.24766750624267547,36049.69894695282,52500.0,508,0.22871620426061848,0.0,0.0,0.0,238,0,0,0,0.0,0.0,0.1979588884103379,0.0,1.0,0.10365295524033558
2022-09-14,152.60557556152344,156.93672250718896,143.24038195964687,0.3321144356566189,0.24822516208660111,36049.69894695282,52500.0,508,0.20059924056323117,0.0,0.0,0.0,236,0,0,0,0.0,0.0,0.13799023187409568,0.0,1.0,0.11496363780111873
2022-09-15,149.71681213378906,156.24911199543658,143.191594843004,0.33123068683110324,0.24930127173347716,36049.69894695282,52500.0,508,0.23334597177807237,0.0,0.0,0.0,240,0,0,0,0.0,0.0,0.2090347835653075,0.0,1.0,0.10719680826316003
2022-09-16,148.0758819580078,155.47070913472908,143.16537351530968,0.33117742220476243,0.2481860992594793,36049.69894695282,52500.0,508,0.24581997383631463,0.0,0.0,0.0,243,0,0,0,0.0,0.0,0.2378205907040983,0.0,1.0,0.1119929198052958
2022-09-19,151.79005432128906,155.12017058106812,143.87012280080992,0.348403315772914,0.24964936091216366,36049.69894695282,52500.0,508,0.18200539586807923,0.0,0.0,0.0,237,0,0,0,0.0,0.0,0.10733988517755955,0.0,1.0,0.16297552461822584
2022-09-20,154.16790771484375,155.02947887952294,144.4790461628791,0.3489003273059635,0.24273531595546038,36049.69894695282,52500.0,508,0.14272351264782743,0.0,0.0,0.0,233,0,0,0,0.0,0.0,0.027787333444781105,0.0,1.0,0.19780787402324052
2022-09-21,151.04330444335938,154.64984321893593,144.7328747527693,0.3541577894928379,0.24748069277558973,36049.69894695282,52500.0,508,0.18321716949820221,0.0,0.0,0.0,238,0,0,0,0.0,0.0,0.11660337639239694,0.0,1.0,0.19254349878376398
2022-09-22,150.08035278320312,154.21465365362803,145.16241937349568,0.35358286771120634,0.2464554540322938,36049.69894695282,52500.0,508,0.19076362614586506,0.0,0.0,0.0,240,0,0,0,0.0,0.0,0.134043710259555,0.0,1.0,0.1955604347093467
2022-09-23,147.81056213378906,153.60474017554816,146.35230668937473,0.34787534777550794,0.23973065210841496,36049.69894695282,52500.0,508,0.2139472714566682,0.0,0.0,0.0,243,0,0,0,0.0,0.0,0.188606745961654,0.0,1.0,0.20925764226076105
2022-09-26,148.14466857910156,153.08473335683897,146.37838133347523,0.32772415280659595,0.21764624954977527,36049.69894695282,52500.0,508,0.1971273653199286,0.0,0.0,0.0,243,0,0,0,0.0,0.0,0.16135066735303263,0.0,1.0,0.2548043498893606
2022-09-27,149.1173858642578,152.70689073849792,146.42072732371435,0.3275671646483657,0.21781629183263201,36049.69894695282,52500.0,508,0.17756574169456407,0.0,0.0,0.0,241,0,0,0,0.0,0.0,0.11752923711828216,0.0,1.0,0.253224150086629
2022-09-28,147.2308349609375,152.18536161682547,145.8026445675532,0.32636341606306285,0.23307486791317752,36049.69894695282,52500.0,508,0.20656308585073843,0.0,0.0,0.0,244,0,0,0,0.0,0.0,0.1627793436652125,0.0,1.0,0.16687618798607162
2022-09-29,139.9989776611328,151.02475362104522,142.88384812086542,0.3650238840130887,0.24110134798593272,36049.69894695282,52500.0,508,0.48809899826919867,0.14683166378199775,1.0,0.48809899826919867,257,2,2,2,279.9979553222656,0.0,0.3650320790318433,1.0,1.0,0.261654372951309
2022-09-30,135.79351806640625,149.57415975869864,139.19168483082296,0.37393187766739955,0.24264595267032588,35769.700991630554,52500.0,510,0.5288764969621755,0.21479416160362585,1.0,0.5288764969621755,263,3,3,3,407.38055419921875,0.0,0.4606625139838355,1.0,1.0,0.28421634330550405
2022-10-03,139.96954345703125,148.6594343966351,137.44920055484022,0.395132046656167,0.2648231576390199,35862.320437431335,53000.0,513,0.25718547078678405,0.0,0.0,0.0,256,0,0,0,0.0,0.0,0.29227512451105325,0.0,1.0,0.24338335243189912
2022-10-04,143.5559539794922,148.1733886426215,136.72700454768963,0.408570345891066,0.2904574800145471,35862.320437431335,53000.0,513,0.2028949884898754,0.0,0.0,0.0,249,0,0,0,0.0,0.0,0.15581187369164057,0.0,1.0,0.1722035467136287
2022-10-05,143.85073852539062,147.7617076790757,136.27355432020806,0.4066216848090135,0.2809756085396861,35862.320437431335,53000.0,513,0.18895503044934311,0.0,0.0,0.0,249,0,0,0,0.0,0.0,0.13234041535914448,0.0,1.0,0.205981564622719
2022-10-06,142.8976287841797,147.29846207003797,135.6490002011888,0.40609886376678234,0.2801911351881979,35862.320437431335,53000.0,513,0.19644289689697042,0.0,0.0,0.0,250,0,0,0,0.0,0.0,0.14938490273461782,0.0,1.0,0.20780309333607572
2022-10-07,137.65061950683594,146.3796199211616,134.26489236144275,0.41481887802615425,0.2843818410506012,35862.320437431335,53000.0,513,0.2626176761408077,0.0,0.0,0.0,260,0,0,0,0.0,0.0,0.29816310559581344,0.0,1.0,0.215557213773083
2022-10-10,137.974853515625,145.57916597777717,134.52555729967642,0.3825801695469005,0.27808630471438733,35862.320437431335,53000.0,513,0.25288180084570916,0.0,0.0,0.0,259,0,0,0,0.0,0.0,0.261174475450456,0.0,1.0,0.14646713106996034
2022-10-11,136.55995178222656,144.72019319724853,133.14861175875018,0.33149393999591203,0.24152524849233473,35862.320437431335,53000.0,513,0.2624940705301194,0.0,0.0,0.0,262,0,0,0,0.0,0.0,0.2819316791506714,0.0,1.0,0.14375185087682696
2022-10-12,135.93106079101562,143.8831329680835,132.09617139741042,0.3271099557756211,0.23980665079363145,35862.320437431335,53000.0,513,0.2606806270622911,0.0,0.0,0.0,263,0,0,0,0.0,0.0,0.276337886624689,0.0,1.0,0.13671421918818938
2022-10-13,140.50013732910156,143.56094290722805,131.90156991445673,0.35094155934951227,0.2618487204950843,35862.320437431335,53000.0,513,0.18628423034952166,0.0,0.0,0.0,255,0,0,0,0.0,0.0,0.10660300483344012,0.0,1.0,0.11687121825526403
2022-10-14,135.9703826904297,142.8380324103901,130.79556566875172,0.36523125790782773,0.2717503967455333,35862.320437431335,53000.0,513,0.24618034574157682,0.0,0.0,0.0,263,0,0,0,0.0,0.0,0.24039989924493163,0.0,1.0,0.11999608918642424
2022-10-17,139.93020629882812,142.56109659024133,131.08222825209245,0.36975168961648547,0.29020779941786706,35862.320437431335,53000.0,513,0.18534816402204293,0.0,0.0,0.0,256,0,0,0,0.0,0.0,0.0922723784517136,0.0,1.0,0.06174406281228162
2022-10-18,141.2469024658203,142.43593524505837,132.24273720172218,0.36603169720795165,0.29256120093701526,35862.320437431335,53000.0,513,0.16452192609492017,0.0,0.0,0.0,253,0,0,0,0.0,0.0,0.04173921339416043,0.0,1.0,0.042607199324520284
2022-10-19,141.35496520996094,142.33298571790624,133.01332507014513,0.36130361871605665,0.28753549921504085,35862.320437431335,53000.0,513,0.1607477921800671,0.0,0.0,0.0,253,0,0,0,0.0,0.0,0.0343567762248615,0.0,1.0,0.04712757121120559
2022-10-20,140.8931427001953,142.19585781145759,133.73282965414992,0.36109391880867153,0.2873795460402213,35862.320437431335,53000.0,513,0.1659044074538697,0.0,0.0,0.0,254,0,0,0,0.0,0.0,0.04580706960499469,0.0,1.0,0.047087738683779135
2022-10-21,144.70559692382812,142.4348805840643,134.36863163463153,0.3730124663843776,0.2935670506467431,35862.320437431335,53000.0,513,0.0,0.0,0.0,0.0,247,0,0,0,0.0,0.0,0.0,0.0,0.0,0.05885085298972359
2022-10-24,146.84764099121094,142.85514347998304,135.00731019572424,0.3770114623647632,0.2928168179364112,35862.320437431335,53000.0,513,0.0,0.0,0.0,0.0,244,0,0,0,0.0,0.0,0.0,0.0,0.0,0.07294458307217155
2022-10-25,149.68731689453125,143.50582666232094,135.53226843591995,0.382720367317063,0.29657454894232455,35862.320437431335,53000.0,513,0.0,0.0,0.0,0.0,239,0,0,0,0.0,0.0,0.0,0.0,0.0,0.07539113038627443
2022-10-26,146.74942016601562,143.8147403293395,135.9162068794981,0.3866724774434859,0.2919068476170928,35862.320437431335,53000.0,513,0.0,0.0,0.0,0.0,244,0,0,0,0.0,0.0,0.0,0.0,0.0,0.10386949524020017
2022-10-27,142.2786102294922,143.66844222459213,135.77122282545156,0.35991088241867314,0.28102759554075557,35862.320437431335,53000.0,513,0.16504158509353647,0.0,0.0,0.0,252,0,0,0,0.0,0.0,0.04836942523979138,0.0,1.0,0.06724656264369622
2022-10-28,153.02810668945312,144.55983884029317,135.48168380319728,0.4277078792523489,0.2836314157088566,35862.320437431335,53000.0,513,0.0,0.0,0.0,0.0,234,0,0,0,0.0,0.0,0.0,0.0,0.0,0.25664229337752165
2022-10-31,150.669921875,145.14175151026524,135.35360053226418,0.4241237809881318,0.2746459869702831,35862.320437431335,53000.0,513,0.0,0.0,0.0,0.0,238,0,0,0,0.0,0.0,0.0,0.0,0.0,0.2868802055171431
2022-11-01,148.0267333984375,145.41651169009117,135.33790356271055,0.4226429680425369,0.25483752200458204,36362.320437431335,53500.0,513,0.0,0.0,0.0,0.0,245,0,0,0,0.0,0.0,0.0,0.0,0.0,0.382066779641846
2022-11-02,142.5045928955078,145.13918609060704,135.0710892877092,0.4449152734146163,0.27096647007470226,36362.320437431335,53500.0,513,0.15401266955473175,0.0,0.0,0.0,255,0,0,0,0.0,0.0,0.09076091943407043,0.0,1.0,0.3682974419059992
2022-11-03,136.46168518066406,144.31275743251723,133.85780428316784,0.4693303735772212,0.27113716283415135,36362.320437431335,53500.0,513,0.22815962037298543,0.0,0.0,0.0,266,0,0,0,0.0,0.0,0.2720158768889315,0.0,1.0,0.4424752422703371
2022-11-04,136.19593811035156,143.5397270208824,132.92520814339073,0.4509785608100099,0.25423803246145266,36362.320437431335,53500.0,513,0.21729432957717448,0.0,0.0,0.0,266,0,0,0,0.0,0.0,0.25581032732013087,0.0,1.0,0.47820317716884375
2022-11-07,136.7274169921875,142.89093558957813,132.15358029948663,0.4511260590903721,0.253114327944537,36362.320437431335,53500.0,513,0.19852733104522846,0.0,0.0,0.0,265,0,0,0,0.0,0.0,0.21567213385368075,0.0,1.0,0.48525129188927885
2022-11-08,137.29827880859375,142.35830161043677,131.6994462991325,0.4497131228725239,0.250876852758335,36362.320437431335,53500.0,513,0.18059418590617107,0.0,0.0,0.0,264,0,0,0,0.0,0.0,0.17772138135258742,0.0,1.0,0.49380435702493264
2022-11-09,132.74136352539062,141.44240274519427,130.29487378299618,0.4653160567118656,0.2643350526761048,36362.320437431335,53500.0,513,0.2417181941621263,0.0,0.0,0.0,273,0,0,0,0.0,0.0,0.307582416974293,0.0,1.0,0.4669389347630555
2022-11-10,144.55194091796875,141.73854923783946,130.57314219169768,0.5528544324608139,0.3149232067307004,36362.320437431335,53500.0,513,0.0,0.0,0.0,0.0,251,0,0,0,0.0,0.0,0.0,0.0,0.0,0.46293450976017136
2022-11-11,147.3372802734375,142.27176171742025,131.32799138616312,0.5406612288720934,0.29785488208728866,36362.320437431335,53500.0,513,0.0,0.0,0.0,0.0,246,0,0,0,0.0,0.0,0.0,0.0,0.0,0.5126528089878359
2022-11-14,145.93972778320312,142.6210918189234,131.6978172298713,0.5347345547384388,0.29137759861482243,36362.320437431335,53500.0,513,0.0,0.0,0.0,0.0,249,0,0,0,0.0,0.0,0.0,0.0,0.0,0.5293287166449681
2022-11-15,147.6719207763672,143.10212314820376,132.05124875553474,0.5352191976170614,0.2905963930395768,36362.320437431335,53500.0,513,0.0,0.0,0.0,0.0,246,0,0,0,0.0,0.0,0.0,0.0,0.0,0.5348297800567476
2022-11-16,146.44163513183594,143.42017190854966,132.3511376946264,0.5366393849556564,0.29139651242651815,36362.320437431335,53500.0,513,0.0,0.0,0.0,0.0,248,0,0,0,0.0,0.0,0.0,0.0,0.0,0.5346768694625952
2022-11-17,148.3411865234375,143.8888399671104,132.7361123105473,0.5375007332566144,0.28934220221865026,36362.320437431335,53500.0,513,0.0,0.0,0.0,0.0,245,0,0,0,0.0,0.0,0.0,0.0,0.0,0.5480537380280359
2022-11-18,148.9021759033203,144.36630053246373,133.01814026194302,0.5300439116595915,0.27973827458827494,36362.320437431335,53500.0,513,0.0,0.0,0.0,0.0,244,0,0,0,0.0,0.0,0.0,0.0,0.0,0.5789875746049948
2022-11-21,145.67393493652344,144.49083714237418,133.1834674491221,0.5341117262913226,0.27862295333338416,36362.320437431335,53500.0,513,0.0,0.0,0.0,0.0,249,0,0,0,0.0,0.0,0.0,0.0,0.0,0.5974746513801974
2022-11-22,147.80970764160156,144.8069200470625,133.65563235717838,0.5321346803373539,0.2769714999333895,36362.320437431335,53500.0,513,0.0,0.0,0.0,0.0,246,0,0,0,0.0,0.0,0.0,0.0,0.0,0.601051252762258
2022-11-23,148.6856689453125,145.1763247040387,133.9013798486628,0.527415041246977,0.2750213682695786,36362.320437431335,53500.0,513,0.0,0.0,0.0,0.0,244,0,0,0,0.0,0.0,0.0,0.0,0.0,0.5981032206256294
2022-11-25,145.7723846435547,145.23309231732594,133.98598788063705,0.5201284112283103,0.2733452567659312,36362.320437431335,53500.0,513,0.0,0.0,0.0,0.0,249,0,0,0,0.0,0.0,0.0,0.0,0.0,0.5856881799175273
2022-11-28,141.9438018798828,144.91982656137898,134.3628009008824,0.44912894172322615,0.2681311111876421,36362.320437431335,53500.0,513,0.1566190079632605,0.0,0.0,0.0,256,0,0,0,0.0,0.0,0.10267831366178568,0.0,1.0,0.3958623318454304
2022-11-29,138.9419403076172,144.35050406102073,134.0573783201487,0.45162218808652704,0.26650138459527084,36362.320437431335,53500.0,513,0.19308414624652936,0.0,0.0,0.0,261,0,0,0,0.0,0.0,0.18734135320778653,0.0,1.0,0.4121946269697456
2022-11-30,145.69366455078125,144.47842410766458,134.3546636901778,0.48449403046190687,0.2855665155934932,36362.320437431335,53500.0,513,0.0,0.0,0.0,0.0,249,0,0,0,0.0,0.0,0.0,0.0,0.0,0.4138388198133758
2022-12-01,145.96920776367188,144.6204035034748,134.43426389726895,0.4644145088358092,0.26640983956429953,36862.320437431335,54000.0,513,0.0,0.0,0.0,0.0,252,0,0,0,0.0,0.0,0.0,0.0,0.0,0.45269443249336194
2022-12-02,145.47714233398438,144.70199767780906,135.0341916503981,0.4351050111702522,0.26154477068442755,36862.320437431335,54000.0,513,0.0,0.0,0.0,0.0,253,0,0,0,0.0,0.0,0.0,0.0,0.0,0.3863305634431178
2022-12-05,144.3157501220703,144.66521219631014,135.7045377391299,0.4366413276639513,0.2709710522764038,36862.320437431335,54000.0,513,0.12115234188076099,0.0,0.0,0.0,255,0,0,0,0.0,0.0,0.012078303723966661,0.0,1.0,0.34282894795024
2022-12-06,140.65447998046875,144.28323769956333,135.8667501970674,0.4482681764046074,0.2766377529822687,36862.320437431335,54000.0,513,0.1715533875772327,0.0,0.0,0.0,262,0,0,0,0.0,0.0,0.12575118832066387,0.0,1.0,0.35034647167066013
2022-12-07,138.71554565429688,143.75298131429986,135.57150600203954,0.4515195921769476,0.2765749468256926,36862.320437431335,54000.0,513,0.19280020535777997,0.0,0.0,0.0,265,0,0,0,0.0,0.0,0.17521151957847722,0.0,1.0,0.3604497845253476
2022-12-08,140.3985137939453,143.43350821712323,137.0697384796831,0.43449235300692696,0.26430421679864113,36862.320437431335,54000.0,513,0.1606165780782194,0.0,0.0,0.0,262,0,0,0,0.0,0.0,0.10579795686875627,0.0,1.0,0.36992502512720904
2022-12-09,139.91632080078125,143.09853798699544,136.34609424224567,0.29327259413752427,0.17906925167365217,36862.320437431335,54000.0,513,0.16355530908540322,0.0,0.0,0.0,263,0,0,0,0.0,0.0,0.11118971692440992,0.0,1.0,0.3648006353058124
2022-12-12,142.20950317382812,143.01386800478903,136.2888961954438,0.29073971952008065,0.18343921578325872,36862.320437431335,54000.0,513,0.13057672526885222,0.0,0.0,0.0,259,0,0,0,0.0,0.0,0.028121917202252423,0.0,1.0,0.3207813747216137
2022-12-13,143.17405700683594,143.02912410022208,136.31735338334394,0.29063088869027537,0.1819525912865887,36862.320437431335,54000.0,513,0.0,0.0,0.0,0.0,257,0,0,0,0.0,0.0,0.0,0.0,0.0,0.3310742404345608
2022-12-14,140.94972229003906,142.8310858325856,136.1496303728555,0.291068448947532,0.18103032996031904,36862.320437431335,54000.0,513,0.14564991877699995,0.0,0.0,0.0,261,0,0,0,0.0,0.0,0.06585973675057323,0.0,1.0,0.3398696276075799
2022-12-15,134.3456268310547,142.02294688005884,134.18294254587636,0.3312359678500595,0.199922934467738,36862.320437431335,54000.0,513,0.23355983392228308,0.0,0.0,0.0,274,0,0,0,0.0,0.0,0.2702844933744333,0.0,1.0,0.38068188096211886
2022-12-16,132.38702392578125,141.1052399320324,132.20898981532176,0.3268164934269167,0.20319865244030386,36862.320437431335,54000.0,513,0.25498674595358467,0.0,0.0,0.0,278,0,0,0,0.0,0.0,0.3089260189930059,0.0,1.0,0.34029962593268004
2022-12-19,130.28079223632812,140.07434015148914,130.12161695026177,0.3268961429928019,0.20378256358472824,36862.320437431335,54000.0,513,0.27363428320872096,0.0,0.0,0.0,282,0,0,0,0.0,0.0,0.34958393894875317,0.0,1.0,0.3367848931821793
2022-12-20,130.21192932128906,139.13506292956532,128.14521330591683,0.3224229850608415,0.2038695470311734,36862.320437431335,54000.0,513,0.2625059871333934,0.0,0.0,0.0,283,0,0,0,0.0,0.0,0.3206644472067202,0.0,1.0,0.31793014109630713
2022-12-21,133.3121795654297,138.58050260917145,127.59919418038405,0.33147980936920923,0.2051861873599831,36862.320437431335,54000.0,513,0.2009111386943122,0.0,0.0,0.0,276,0,0,0,0.0,0.0,0.19008168337358497,0.0,1.0,0.3462561882380102
2022-12-22,130.14303588867188,137.77693435007623,126.6930688716566,0.33530662237526454,0.20812971971589747,36862.320437431335,54000.0,513,0.24041338880107635,0.0,0.0,0.0,283,0,0,0,0.0,0.0,0.2770383336447104,0.0,1.0,0.3425386133904331
2022-12-23,129.7788543701172,137.01521244722298,125.61235855378136,0.3318412289624657,0.21014435720773442,36862.320437431335,54000.0,513,0.23723953317430185,0.0,0.0,0.0,284,0,0,0,0.0,0.0,0.264071337330268,0.0,1.0,0.3159256862431876
2022-12-27,127.97773742675781,136.154500540512,123.97102992793104,0.3244349049254345,0.20444788407634387,36862.320437431335,54000.0,513,0.25288356217615293,0.0,0.0,0.0,288,0,0,0,0.0,0.0,0.3002751683305996,0.0,1.0,0.3224026357261691
2022-12-28,124.05070495605469,135.00175810389703,121.39046867316397,0.3324116388998212,0.20773458716772406,36862.320437431335,54000.0,513,0.29916728061464554,0.0,0.0,0.0,297,0,0,0,0.0,0.0,0.4055892790453306,0.0,1.0,0.33347894955753254
2022-12-29,127.56439971923828,134.29343825773907,120.70577226626689,0.29431200192029777,0.18329653905721552,36862.320437431335,54000.0,513,0.22893566671862503,0.0,0.0,0.0,288,0,0,0,0.0,0.0,0.250534896782755,0.0,1.0,0.3380503683361469
2022-12-30,127.87930297851562,133.68256823114635,120.45993550648969,0.2945362713516921,0.18315340566964358,36862.320437431335,54000.0,513,0.21366262113312068,0.0,0.0,0.0,288,0,0,0,0.0,0.0,0.21705392593133305,0.0,1.0,0.34011645535979174
2023-01-03,123.09602355957031,132.67432588147244,119.33072576651571,0.3139831615911948,0.18307203308639983,37362.320437431335,54500.0,513,0.2695133803577655,0.0,0.0,0.0,303,0,0,0,0.0,0.0,0.36097045371306874,0.0,1.0,0.4292332381311541
2023-01-04,124.36566925048828,131.88302524995015,118.78447605830621,0.320741956620721,0.17794169882531224,37362.320437431335,54500.0,513,0.2280411111464801,0.0,0.0,0.0,300,0,0,0,0.0,0.0,0.28500089322392574,0.0,1.0,0.5020929080428647
2023-01-05,123.04679870605469,131.04147986481726,117.72409292903114,0.313866185465536,0.17560816997372128,37362.320437431335,54500.0,513,0.238327285946809,0.0,0.0,0.0,303,0,0,0,0.0,0.0,0.30504391308041956,0.0,1.0,0.48942474939379843
2023-01-06,127.5741958618164,130.71126234072196,117.61287865763309,0.3477664131713569,0.19594368057475423,37362.320437431335,54500.0,513,0.15609756588661117,0.0,0.0,0.0,292,0,0,0,0.0,0.0,0.1199998539807624,0.0,1.0,0.4790236840473192
2023-01-09,128.0958709716797,130.46217744843221,117.95484399694072,0.3439848813176682,0.19368176919879235,37362.320437431335,54500.0,513,0.14280760843810208,0.0,0.0,0.0,291,0,0,0,0.0,0.0,0.09068936771685636,0.0,1.0,0.4800260703448327
2023-01-10,128.6666717529297,130.2911769060034,118.47611763458964,0.34540098332800784,0.19397025078441507,37362.320437431335,54500.0,513,0.12966272505722962,0.0,0.0,0.0,290,0,0,0,0.0,0.0,0.06234133391264374,0.0,1.0,0.4839087520346006
2023-01-11,131.3831787109375,130.39517707790188,119.93298588456193,0.34947382347348444,0.19262398596783978,37362.320437431335,54500.0,513,0.0,0.0,0.0,0.0,284,0,0,0,0.0,0.0,0.0,0.0,0.0,0.5118999057392923
2023-01-12,131.3043975830078,130.48176950695958,122.03394828989502,0.34750822057563135,0.1911129538467513,37362.320437431335,54500.0,513,0.0,0.0,0.0,0.0,284,0,0,0,0.0,0.0,0.0,0.0,0.0,0.5152828627474475
2023-01-13,132.633056640625,130.6866539958801,124.01753754118637,0.3482312936893092,0.19048963345612635,37362.320437431335,54500.0,513,0.0,0.0,0.0,0.0,281,0,0,0,0.0,0.0,0.0,0.0,0.0,0.523404394643493
2023-01-17,133.79446411132812,130.98263591163706,124.40424381419697,0.3086325206376825,0.16639017103128884,37362.320437431335,54500.0,513,0.0,0.0,0.0,0.0,279,0,0,0,0.0,0.0,0.0,0.0,0.0,0.5457269236757063
2023-01-18,133.07598876953125,131.1820028504841,124.51954757046794,0.3045777099556255,0.17142808702380363,37362.320437431335,54500.0,513,0.0,0.0,0.0,0.0,280,0,0,0,0.0,0.0,0.0,0.0,0.0,0.4805902737578305
2023-01-19,133.13504028320312,131.36800641550496,124.46417117715875,0.2984077183307846,0.170429851584036,37362.320437431335,54500.0,513,0.0,0.0,0.0,0.0,280,0,0,0,0.0,0.0,0.0,0.0,0.0,0.4590935584214295
2023-01-20,135.6940155029297,131.780007280974,124.27365763695992,0.30500610124599253,0.18177390540851002,37362.320437431335,54500.0,513,0.0,0.0,0.0,0.0,275,0,0,0,0.0,0.0,0.0,0.0,0.0,0.3982851414624866
2023-01-23,138.88284301757812,132.45646782731725,123.97734954082377,0.304717991047564,0.17926180013958923,37362.320437431335,54500.0,513,0.0,0.0,0.0,0.0,269,0,0,0,0.0,0.0,0.0,0.0,0.0,0.4165408302748801
2023-01-24,140.28045654296875,133.20160960976025,123.46834524583555,0.28973305465737514,0.16903028524952046,37362.320437431335,54500.0,513,0.0,0.0,0.0,0.0,266,0,0,0,0.0,0.0,0.0,0.0,0.0,0.42840800308691596
2023-01-25,139.62100219726562,133.81298033237982,123.19595561608404,0.2903958258065139,0.1688139893530802,37362.320437431335,54500.0,513,0.0,0.0,0.0,0.0,267,0,0,0,0.0,0.0,0.0,0.0,0.0,0.433509879322171
2023-01-26,141.68788146972656,134.56297091688904,122.93790541442415,0.2850070838864519,0.1698354916641616,37362.320437431335,54500.0,513,0.0,0.0,0.0,0.0,263,0,0,0,0.0,0.0,0.0,0.0,0.0,0.3984468199872031
2023-01-27,143.6267852783203,135.42619133226344,123.09317731796033,0.2524554479989667,0.16037262698829238,37362.320437431335,54500.0,513,0.0,0.0,0.0,0.0,260,0,0,0,0.0,0.0,0.0,0.0,0.0,0.3118170098597759
2023-01-30,140.7429962158203,135.932553702126,123.25480704959634,0.2578406808798695,0.1621450959520492,37362.320437431335,54500.0,513,0.0,0.0,0.0,0.0,265,0,0,0,0.0,0.0,0.0,0.0,0.0,0.3251540714503023
2023-01-31,142.0126495361328,136.5116104482219,123.44932019346562,0.25801845772762816,0.16689317755515534,37362.320437431335,54500.0,513,0.0,0.0,0.0,0.0,263,0,0,0,0.0,0.0,0.0,0.0,0.0,0.28834134857688376
2023-02-01,143.13467407226562,137.14237841241652,124.41431050594448,0.20252615551025147,0.16667671093775563,37862.320437431335,55000.0,513,0.0,0.0,0.0,0.0,264,0,0,0,0.0,0.0,0.0,0.0,0.0,0.012569754400599153
2023-02-02,148.4396209716797,138.2183062752035,125.0353258407658,0.22787023695811626,0.17071018611201008,37862.320437431335,55000.0,513,0.0,0.0,0.0,0.0,255,0,0,0,0.0,0.0,0.0,0.0,0.0,0.11236399219415993
2023-02-03,152.0615234375,139.53670790970793,125.90399431829611,0.22175470286698387,0.1691822597049031,37862.320437431335,55000.0,513,0.0,0.0,0.0,0.0,248,0,0,0,0.0,0.0,0.0,0.0,0.0,0.09228701664593597
2023-02-06,149.33522033691406,140.46989956944185,126.63096064459234,0.22153624815783018,0.15771394184508136,37862.320437431335,55000.0,513,0.0,0.0,0.0,0.0,253,0,0,0,0.0,0.0,0.0,0.0,0.0,0.17055941898190974
2023-02-07,152.2091522216797,141.58792363155973,127.32651737003995,0.2245018913420434,0.16107621734145147,37862.320437431335,55000.0,513,0.0,0.0,0.0,0.0,248,0,0,0,0.0,0.0,0.0,0.0,0.0,0.16146823248970255
2023-02-08,149.52223205566406,142.343572052903,128.39752942862705,0.243066927615265,0.1683909187662329,37862.320437431335,55000.0,513,0.0,0.0,0.0,0.0,253,0,0,0,0.0,0.0,0.0,0.0,0.0,0.20289012315395083
2023-02-09,148.4888153076172,142.92883331525672,129.2751955201512,0.24283573260058577,0.168350460928173,37862.320437431335,55000.0,513,0.0,0.0,0.0,0.0,254,0,0,0,0.0,0.0,0.0,0.0,0.0,0.20203478734059832
2023-02-10,148.85354614257812,143.49309167976352,130.34786239019883,0.24193325832108367,0.16821654869533936,37862.320437431335,55000.0,513,0.0,0.0,0.0,0.0,254,0,0,0,0.0,0.0,0.0,0.0,0.0,0.198520895622732
2023-02-13,151.6529998779297,144.2702257938746,131.33814643059537,0.24564076655537356,0.17179383131050646,37862.320437431335,55000.0,513,0.0,0.0,0.0,0.0,249,0,0,0,0.0,0.0,0.0,0.0,0.0,0.19154824847093144
2023-02-14,151.0122833251953,144.91232651114322,132.36136579102163,0.24859888518386397,0.1713941211248934,37862.320437431335,55000.0,513,0.0,0.0,0.0,0.0,250,0,0,0,0.0,0.0,0.0,0.0,0.0,0.20870970540617373
2023-02-15,153.11187744140625,145.69323612354924,133.6851689831634,0.24611644370506264,0.15857562818713616,37862.320437431335,55000.0,513,0.0,0.0,0.0,0.0,247,0,0,0,0.0,0.0,0.0,0.0,0.0,0.2933704804804502
2023-02-16,151.5149688720703,146.24768686150364,135.3582605179303,0.2529773181070484,0.16528555419089666,37862.320437431335,55000.0,513,0.0,0.0,0.0,0.0,249,0,0,0,0.0,0.0,0.0,0.0,0.0,0.2754558786933876
2023-02-17,150.37156677246094,146.64043732921385,136.77170556669503,0.2531185082403453,0.15418441248808995,37862.320437431335,55000.0,513,0.0,0.0,0.0,0.0,251,0,0,0,0.0,0.0,0.0,0.0,0.0,0.36805067903074384
2023-02-21,146.3596649169922,146.61369709947846,137.47260736603363,0.26744813304782455,0.1664645636055412,37862.320437431335,55000.0,513,0.12001207292677438,0.0,0.0,0.0,258,0,0,0,0.0,0.0,0.008663316849376884,0.0,1.0,0.3388641965544523
2023-02-22,146.78350830078125,146.6298695948406,138.08203923247882,0.2660586295930338,0.16652588970209456,37862.320437431335,55000.0,513,0.0,0.0,0.0,0.0,257,0,0,0,0.0,0.0,0.0,0.0,0.0,0.33141774565803606
2023-02-23,147.26651000976562,146.69050201530968,138.98952787221197,0.2647381857210466,0.16770995225495425,37862.320437431335,55000.0,513,0.0,0.0,0.0,0.0,257,0,0,0,0.0,0.0,0.0,0.0,0.0,0.3154565474573483
2023-02-24,144.61495971679688,146.4928313202132,139.18866843816775,0.27056095423149673,0.16639401897880576,37862.320437431335,55000.0,513,0.1433402996061149,0.0,0.0,0.0,261,0,0,0,0.0,0.0,0.0640943173291384,0.0,1.0,0.3550214319199734
2023-02-27,145.80767822265625,146.42757864425542,139.33991047013131,0.26789830309069684,0.16657099427453112,37862.320437431335,55000.0,513,0.1254992766195027,0.0,0.0,0.0,259,0,0,0,0.0,0.0,0.021167474984518188,0.0,1.0,0.3402608712353048
2023-02-28,145.30496215820312,146.3206627884409,139.9849468053135,0.2569140572778745,0.1607701672081093,37862.320437431335,55000.0,513,0.13245022440857965,0.0,0.0,0.0,260,0,0,0,0.0,0.0,0.034708038184133094,0.0,1.0,0.3316839277428023
2023-03-01,143.2349395751953,146.02678438717942,139.9311712901006,0.26138072631399467,0.15089615300321343,38362.320437431335,55500.0,513,0.14866799201425054,0.0,0.0,0.0,267,0,0,0,0.0,0.0,0.09559358660469205,0.0,1.0,0.4434912195786087
2023-03-02,143.82635498046875,145.8172196817784,139.84202057581714,0.26031584139921116,0.1481967739472474,38362.320437431335,55500.0,513,0.1343399771043947,0.0,0.0,0.0,266,0,0,0,0.0,0.0,0.06826576126106282,0.0,1.0,0.4637961546308358
2023-03-03,148.87327575683594,146.10827264130768,140.1306753827848,0.2566975300820122,0.1503901743763578,38362.320437431335,55500.0,513,0.0,0.0,0.0,0.0,257,0,0,0,0.0,0.0,0.0,0.0,0.0,0.42239750228858997
2023-03-06,151.63328552246094,146.63446434427465,140.70757449416962,0.25015023115498064,0.1469193801971269,38362.320437431335,55500.0,513,0.0,0.0,0.0,0.0,252,0,0,0,0.0,0.0,0.0,0.0,0.0,0.41886336358612275
2023-03-07,149.43515014648438,146.90119632543747,140.97113473767268,0.24717048075102094,0.15457309261319047,38362.320437431335,55500.0,513,0.0,0.0,0.0,0.0,256,0,0,0,0.0,0.0,0.0,0.0,0.0,0.3325436991889099
2023-03-08,150.6869659423828,147.26174581276558,141.49565089650793,0.23890619734845636,0.14553540524668918,38362.320437431335,55500.0,513,0.0,0.0,0.0,0.0,254,0,0,0,0.0,0.0,0.0,0.0,0.0,0.36797295100059113
2023-03-09,148.43954467773438,147.3739171332388,141.63119939994,0.2364679775102936,0.1537232129885063,38362.320437431335,55500.0,513,0.0,0.0,0.0,0.0,258,0,0,0,0.0,0.0,0.0,0.0,0.0,0.28189259184934135
2023-03-10,146.37937927246094,147.27919924173614,141.46907231128446,0.24032974267189797,0.15808489105220652,38362.320437431335,55500.0,513,0.1370585196829139,0.0,0.0,0.0,262,0,0,0,0.0,0.0,0.030548100950708035,0.0,1.0,0.2668812574490469
2023-03-13,148.3212432861328,147.37844153167867,141.574924987449,0.24517128873236643,0.15710156363237443,38362.320437431335,55500.0,513,0.0,0.0,0.0,0.0,258,0,0,0,0.0,0.0,0.0,0.0,0.0,0.30049251295210744
2023-03-14,150.4109649658203,147.6672532873112,141.99274458392074,0.24088920559175495,0.164053813073326,38362.320437431335,55500.0,513,0.0,0.0,0.0,0.0,255,0,0,0,0.0,0.0,0.0,0.0,0.0,0.22362900867212376
2023-03-15,150.80528259277344,147.96611322116476,142.3127210530452,0.24063623077779486,0.16449262122736022,38362.320437431335,55500.0,513,0.0,0.0,0.0,0.0,254,0,0,0,0.0,0.0,0.0,0.0,0.0,0.21908320761487543
2023-03-16,153.6244354248047,148.50500105008285,142.75328275016852,0.2448604142969254,0.17909006910719535,38362.320437431335,55500.0,513,0.0,0.0,0.0,0.0,249,0,0,0,0.0,0.0,0.0,0.0,0.0,0.13937275397053073
2023-03-17,152.7865753173828,148.91277002792094,142.98076253667492,0.2426006027016473,0.17698045419140465,38362.320437431335,55500.0,513,0.0,0.0,0.0,0.0,251,0,0,0,0.0,0.0,0.0,0.0,0.0,0.14231353875606678
2023-03-20,155.1522979736328,149.5070107846554,142.87121591293553,0.2461806578391923,0.18121440232540434,38362.320437431335,55500.0,513,0.0,0.0,0.0,0.0,247,0,0,0,0.0,0.0,0.0,0.0,0.0,0.13208743657659583
2023-03-21,157.0054168701172,150.2211446975565,142.66052282430854,0.22437781633493892,0.17423941132290868,38362.320437431335,55500.0,513,0.0,0.0,0.0,0.0,244,0,0,0,0.0,0.0,0.0,0.0,0.0,0.07312985158062868
2023-03-22,155.57615661621094,150.73114583266644,142.70951169494018,0.22888260672282978,0.1839136284510586,38362.320437431335,55500.0,513,0.0,0.0,0.0,0.0,246,0,0,0,0.0,0.0,0.0,0.0,0.0,0.0370928310683345
2023-03-23,156.6604461669922,151.29584110260222,142.7329729490055,0.2293142725419331,0.18309439053145649,38362.320437431335,55500.0,513,0.0,0.0,0.0,0.0,244,0,0,0,0.0,0.0,0.0,0.0,0.0,0.043697879348447266
2023-03-24,157.96157836914062,151.93067322322491,143.0376189142831,0.21566435402018413,0.18059541845362445,38362.320437431335,55500.0,513,0.0,0.0,0.0,0.0,242,0,0,0,0.0,0.0,0.0,0.0,0.0,0.0
2023-03-27,156.0197296142578,152.32010716522802,143.41205133017857,0.2231395858469804,0.18035205282160516,38362.320437431335,55500.0,513,0.0,0.0,0.0,0.0,245,0,0,0,0.0,0.0,0.0,0.0,0.0,0.031037085318986524
2023-03-28,155.39871215820312,152.61330764074944,143.94889860816363,0.22336690109701232,0.18009986945666248,38362.320437431335,55500.0,513,0.0,0.0,0.0,0.0,246,0,0,0,0.0,0.0,0.0,0.0,0.0,0.03353258838591788
2023-03-29,158.47418212890625,153.17148616343104,144.9392364247261,0.22024138288639716,0.1858815170780491,38362.320437431335,55500.0,513,0.0,0.0,0.0,0.0,242,0,0,0,0.0,0.0,0.0,0.0,0.0,0.0
2023-03-30,160.0414581298828,153.82576920785502,145.95172089756358,0.2208325748585095,0.18512440704021085,38362.320437431335,55500.0,513,0.0,0.0,0.0,0.0,239,0,0,0,0.0,0.0,0.0,0.0,0.0,0.0
2023-03-31,162.5452117919922,154.65619231110617,146.02090897476057,0.1955523656365423,0.1833498981441602,38362.320437431335,55500.0,513,0.0,0.0,0.0,0.0,236,0,0,0,0.0,0.0,0.0,0.0,0.0,0.0
2023-04-03,163.79705810546875,155.52675095818833,145.8978979147405,0.18888437240845288,0.1836270695466217,38862.320437431335,56000.0,513,0.0,0.0,0.0,0.0,237,0,0,0,0.0,0.0,0.0,0.0,0.0,0.0
2023-04-04,163.26475524902344,156.26370374779165,146.18337345070347,0.17824988845792628,0.17532005156480387,38862.320437431335,56000.0,513,0.0,0.0,0.0,0.0,238,0,0,0,0.0,0.0,0.0,0.0,0.0,0.0
2023-04-05,161.4214630126953,156.7549189158777,146.53691695615524,0.18606863563382828,0.17588449870067469,38862.320437431335,56000.0,513,0.0,0.0,0.0,0.0,240,0,0,0,0.0,0.0,0.0,0.0,0.0,0.0
2023-04-06,162.30860900878906,157.28384178186928,147.26114375534584,0.17289958906350408,0.1597425918117577,38862.320437431335,56000.0,513,0.0,0.0,0.0,0.0,239,0,0,0,0.0,0.0,0.0,0.0,0.0,0.0
2023-04-10,159.71617126464844,157.51549220880062,148.5840635501259,0.17598832224595987,0.14702279743028582,38862.320437431335,56000.0,513,0.0,0.0,0.0,0.0,243,0,0,0,0.0,0.0,0.0,0.0,0.0,0.0
2023-04-11,158.5037384033203,157.60961089399296,149.67102539248884,0.17766041638544752,0.14649673699053778,38862.320437431335,56000.0,513,0.0,0.0,0.0,0.0,245,0,0,0,0.0,0.0,0.0,0.0,0.0,0.010605082606280236
2023-04-12,157.81373596191406,157.62905137665211,150.44188405462143,0.17496308699851165,0.1398894663748304,38862.320437431335,56000.0,513,0.0,0.0,0.0,0.0,246,0,0,0,0.0,0.0,0.0,0.0,0.0,0.04226984545130286
2023-04-13,163.19573974609375,158.1592121737418,151.44222601758162,0.20792501729107588,0.14073162530317188,38862.320437431335,56000.0,513,0.0,0.0,0.0,0.0,238,0,0,0,0.0,0.0,0.0,0.0,0.0,0.23121471360324009
2023-04-14,162.85076904296875,158.60602711366815,152.0519214856155,0.20148957236491194,0.13109507672563825,38862.320437431335,56000.0,513,0.0,0.0,0.0,0.0,238,0,0,0,0.0,0.0,0.0,0.0,0.0,0.28081069987216556
2023-04-17,162.8704833984375,159.01216580745572,152.94527178271974,0.1993489266775932,0.12140279323896531,38862.320437431335,56000.0,513,0.0,0.0,0.0,0.0,238,0,0,0,0.0,0.0,0.0,0.0,0.0,0.36837136224425837
2023-04-18,164.0927734375,159.49603320079325,153.46956243956603,0.19482845768535414,0.11949673433556415,38862.320437431335,56000.0,513,0.0,0.0,0.0,0.0,236,0,0,0,0.0,0.0,0.0,0.0,0.0,0.3586735150034004
2023-04-19,165.2362518310547,160.04272068938957,153.75200563100384,0.19254425473346753,0.11318498855048628,38862.320437431335,56000.0,513,0.0,0.0,0.0,0.0,235,0,0,0,0.0,0.0,0.0,0.0,0.0,0.41762213934979964
2023-04-20,164.27020263671875,160.44533801770663,154.35617443209512,0.19024594158360944,0.09532640930530079,38862.320437431335,56000.0,513,0.0,0.0,0.0,0.0,236,0,0,0,0.0,0.0,0.0,0.0,0.0,0.6631097909631647
2023-04-21,162.66351318359375,160.65659279541018,154.84573101001794,0.194606712663013,0.09544644360897635,38862.320437431335,56000.0,513,0.0,0.0,0.0,0.0,238,0,0,0,0.0,0.0,0.0,0.0,0.0,0.6990917044211296
2023-04-24,162.9690704345703,160.8768287610445,155.2096447874753,0.19315587554576785,0.09473932667566036,38862.320437431335,56000.0,513,0.0,0.0,0.0,0.0,238,0,0,0,0.0,0.0,0.0,0.0,0.0,0.6990117543533962
2023-04-25,161.43133544921875,160.929638921823,155.8525344693155,0.19067415267734905,0.11406274786450779,38862.320437431335,56000.0,513,0.0,0.0,0.0,0.0,240,0,0,0,0.0,0.0,0.0,0.0,0.0,0.3930501430657418
2023-04-26,161.4214630126953,160.9764793114299,156.8296525027139,0.18960988393373335,0.11507203135717173,38862.320437431335,56000.0,513,0.0,0.0,0.0,0.0,240,0,0,0,0.0,0.0,0.0,0.0,0.0,0.3731245963756664
2023-04-27,166.00506591796875,161.45539232157645,157.26787412735786,0.2023665137508165,0.12433461855365471,38862.320437431335,56000.0,513,0.0,0.0,0.0,0.0,234,0,0,0,0.0,0.0,0.0,0.0,0.0,0.3563299057071563
2023-04-28,167.25689697265625,162.00791657406026,157.4228797680794,0.2013829282897865,0.12583446052857722,38862.320437431335,56000.0,513,0.0,0.0,0.0,0.0,232,0,0,0,0.0,0.0,0.0,0.0,0.0,0.3336498301277606
2023-05-01,167.168212890625,162.49937336611404,157.49624610119704,0.19524013979194768,0.11621543113964893,39362.320437431335,56500.0,513,0.0,0.0,0.0,0.0,235,0,0,0,0.0,0.0,0.0,0.0,0.0,0.3999872039177228
2023-05-02,166.13319396972656,162.84545151883904,157.65001963605545,0.1955908152985382,0.12348015754743394,39362.320437431335,56500.0,513,0.0,0.0,0.0,0.0,236,0,0,0,0.0,0.0,0.0,0.0,0.0,0.31998816100880756
2023-05-03,165.05877685546875,163.05624440804186,157.78236617920433,0.19679962713819676,0.12429510647007753,39362.320437431335,56500.0,513,0.0,0.0,0.0,0.0,238,0,0,0,0.0,0.0,0.0,0.0,0.0,0.31943802084687456
2023-05-04,163.4224853515625,163.09112449790098,157.87729101710983,0.19575250188980148,0.12661667072321894,39362.320437431335,56500.0,513,0.0,0.0,0.0,0.0,240,0,0,0,0.0,0.0,0.0,0.0,0.0,0.2883539266702082
2023-05-05,171.0913848876953,163.85305405883378,157.58860798518438,0.2554048486548806,0.14272727818653622,39362.320437431335,56500.0,513,0.0,0.0,0.0,0.0,230,0,0,0,0.0,0.0,0.0,0.0,0.0,0.4912172121779075
2023-05-08,171.02236938476562,164.53584599463682,157.75045483388325,0.2460690298463564,0.14271106752240492,39362.320437431335,56500.0,513,0.0,0.0,0.0,0.0,230,0,0,0,0.0,0.0,0.0,0.0,0.0,0.4368719149253837
2023-05-09,169.3170928955078,164.9912028423388,158.4045848768848,0.2476366081297115,0.14379800659669256,39362.320437431335,56500.0,513,0.0,0.0,0.0,0.0,232,0,0,0,0.0,0.0,0.0,0.0,0.0,0.4350952769941905
2023-05-10,171.08151245117188,165.57123232889433,159.26567014465235,0.2470391626332429,0.14363567474439995,39362.320437431335,56500.0,513,0.0,0.0,0.0,0.0,230,0,0,0,0.0,0.0,0.0,0.0,0.0,0.4332509609981976
2023-05-11,171.26881408691406,166.11385916299145,159.39021547900018,0.22030902367563135,0.13573413500965217,39362.320437431335,56500.0,513,0.0,0.0,0.0,0.0,229,0,0,0,0.0,0.0,0.0,0.0,0.0,0.35257688163681755
2023-05-12,170.34092712402344,166.51643706404212,159.65880391446456,0.22153680686866994,0.13565409908897957,39362.320437431335,56500.0,513,0.0,0.0,0.0,0.0,231,0,0,0,0.0,0.0,0.0,0.0,0.0,0.3609172665161986
2023-05-15,169.84739685058594,166.83367132942723,159.98066063767112,0.22219618021579537,0.13554278089326371,39362.320437431335,56500.0,513,0.0,0.0,0.0,0.0,231,0,0,0,0.0,0.0,0.0,0.0,0.0,0.3660888635520476
2023-05-16,169.84739685058594,167.12069280763282,160.21989045968968,0.22141119899536685,0.13725426008876865,39362.320437431335,56500.0,513,0.0,0.0,0.0,0.0,231,0,0,0,0.0,0.0,0.0,0.0,0.0,0.3442885661749835
2023-05-17,170.4593963623047,167.43866457474442,160.3998820158617,0.22069348809846867,0.14415409479460115,39362.320437431335,56500.0,513,0.0,0.0,0.0,0.0,230,0,0,0,0.0,0.0,0.0,0.0,0.0,0.27579615649561884
2023-05-18,172.78890991210938,167.94821174973157,160.6069292831221,0.22276497383566154,0.1459438223185919,39362.320437431335,56500.0,513,0.0,0.0,0.0,0.0,227,0,0,0,0.0,0.0,0.0,0.0,0.0,0.2719790070397252
2023-05-19,172.8975067138672,168.41957317488735,161.079787798057,0.21809309535167284,0.14617262859593347,39362.320437431335,56500.0,513,0.0,0.0,0.0,0.0,227,0,0,0,0.0,0.0,0.0,0.0,0.0,0.2433534778169144
2023-05-22,171.94989013671875,168.75579383791893,161.62678621334103,0.22021333843058558,0.14618664941713738,39362.320437431335,56500.0,513,0.0,0.0,0.0,0.0,228,0,0,0,0.0,0.0,0.0,0.0,0.0,0.25532061984114685
2023-05-23,169.34396362304688,168.81181000793111,162.50101473428356,0.2252968770162666,0.14008974060391882,39362.320437431335,56500.0,513,0.0,0.0,0.0,0.0,232,0,0,0,0.0,0.0,0.0,0.0,0.0,0.34019376939515533
2023-05-24,169.62037658691406,168.88881634878663,163.64465447820166,0.2251227336573194,0.14219096706326695,39362.320437431335,56500.0,513,0.0,0.0,0.0,0.0,232,0,0,0,0.0,0.0,0.0,0.0,0.0,0.31936846567963606
2023-05-25,170.75550842285156,169.06659654631662,164.02358790043064,0.20432769887683086,0.12766863209349433,39362.320437431335,56500.0,513,0.0,0.0,0.0,0.0,230,0,0,0,0.0,0.0,0.0,0.0,0.0,0.3337111834382671
2023-05-26,173.16400146484375,169.45682558617636,164.2849698950648,0.2081981381917143,0.13270523552709168,39362.320437431335,56500.0,513,0.0,0.0,0.0,0.0,227,0,0,0,0.0,0.0,0.0,0.0,0.0,0.307397163374731
2023-05-30,175.0098419189453,169.98568428453532,164.4846622964475,0.21030304774064332,0.13267876933659778,39362.320437431335,56500.0,513,0.0,0.0,0.0,0.0,224,0,0,0,0.0,0.0,0.0,0.0,0.0,0.3208785449257874
2023-05-31,174.96051025390625,170.45947723399922,164.9230529819176,0.20814484741013028,0.12738938878253683,39362.320437431335,56500.0,513,0.0,0.0,0.0,0.0,224,0,0,0,0.0,0.0,0.0,0.0,0.0,0.3616050847417194
2023-06-01,177.76380920410156,171.1551278978185,165.4141318689155,0.21034490387895935,0.12782738927858517,39862.320437431335,57000.0,513,0.0,0.0,0.0,0.0,224,0,0,0,0.0,0.0,0.0,0.0,0.0,0.3712821711246399
2023-06-02,178.61270141601562,171.86537299478965,166.5045030649466,0.2040138012397646,0.13120159488208014,39862.320437431335,57000.0,513,0.0,0.0,0.0,0.0,223,0,0,0,0.0,0.0,0.0,0.0,0.0,0.29580361569490177
2023-06-05,177.26039123535156,172.37918425579556,166.5618255861987,0.13324893564359708,0.11799016875938699,39862.320437431335,57000.0,513,0.0,0.0,0.0,0.0,224,0,0,0,0.0,0.0,0.0,0.0,0.0,0.0
2023-06-06,176.8951873779297,172.80927979123692,166.6922440171118,0.13374220527228892,0.11792439064844334,39862.320437431335,57000.0,513,0.0,0.0,0.0,0.0,225,0,0,0,0.0,0.0,0.0,0.0,0.0,0.0
2023-06-07,175.52316284179688,173.0677448436712,167.03551150710348,0.13138381008984776,0.11740771071387551,39862.320437431335,57000.0,513,0.0,0.0,0.0,0.0,227,0,0,0,0.0,0.0,0.0,0.0,0.0,0.0
2023-06-08,178.2375946044922,173.5601114875589,167.16160473122906,0.13686190619328806,0.11807924221669332,39862.320437431335,57000.0,513,0.0,0.0,0.0,0.0,223,0,0,0,0.0,0.0,0.0,0.0,0.0,0.0
2023-06-09,178.62258911132812,174.0422522136322,167.30559527108466,0.13681178981357114,0.11736544371026747,39862.320437431335,57000.0,513,0.0,0.0,0.0,0.0,223,0,0,0,0.0,0.0,0.0,0.0,0.0,0.0
2023-06-12,181.416015625,174.7445153956672,167.37748615667186,0.14171420812433497,0.11928723336242944,39862.320437431335,57000.0,513,0.0,0.0,0.0,0.0,219,0,0,0,0.0,0.0,0.0,0.0,0.0,0.0
2023-06-13,180.9422149658203,175.33477249758653,167.6973045116993,0.141554957675488,0.12028909997543552,39862.320437431335,57000.0,513,0.0,0.0,0.0,0.0,220,0,0,0,0.0,0.0,0.0,0.0,0.0,0.0
2023-06-14,181.5739288330078,175.92897786286474,168.09556909297055,0.14104760498826122,0.11565513259025786,39862.320437431335,57000.0,513,0.0,0.0,0.0,0.0,219,0,0,0,0.0,0.0,0.0,0.0,0.0,0.016294462606944338
2023-06-15,183.60733032226562,176.66024952566482,168.3752671098322,0.1437570820022386,0.11594798338085698,39862.320437431335,57000.0,513,0.0,0.0,0.0,0.0,217,0,0,0,0.0,0.0,0.0,0.0,0.0,0.03320096514052384
2023-06-16,182.53143310546875,177.21940986659854,168.60209530294287,0.14261687596928185,0.11583920563237497,39862.320437431335,57000.0,513,0.0,0.0,0.0,0.0,218,0,0,0,0.0,0.0,0.0,0.0,0.0,0.02596867780878953
2023-06-20,182.62022399902344,177.73377311730567,168.88641532748866,0.14264624782327368,0.11789034012680563,39862.320437431335,57000.0,513,0.0,0.0,0.0,0.0,218,0,0,0,0.0,0.0,0.0,0.0,0.0,0.008325814126925124
2023-06-21,181.58383178710938,178.1004453715727,169.36718909058987,0.14279704713867564,0.12073107168456196,39862.320437431335,57000.0,513,0.0,0.0,0.0,0.0,219,0,0,0,0.0,0.0,0.0,0.0,0.0,0.0
2023-06-22,184.58456420898438,178.71798049894522,170.32914441082872,0.13407161404303,0.11012584405858825,39862.320437431335,57000.0,513,0.0,0.0,0.0,0.0,215,0,0,0,0.0,0.0,0.0,0.0,0.0,0.014533382158856467
2023-06-23,184.2686767578125,179.24661823788497,171.5023184426069,0.13548899114621668,0.11054619565371915,39862.320437431335,57000.0,513,0.0,0.0,0.0,0.0,216,0,0,0,0.0,0.0,0.0,0.0,0.0,0.02136027345097191
2023-06-26,182.8769073486328,179.5923600579562,172.71493257779863,0.1413030998814937,0.11104562252502498,39862.320437431335,57000.0,513,0.0,0.0,0.0,0.0,217,0,0,0,0.0,0.0,0.0,0.0,0.0,0.060398244946950896
2023-06-27,185.63087463378906,180.167456684226,173.4902361254571,0.14229253764054697,0.10909258266996222,39862.320437431335,57000.0,513,0.0,0.0,0.0,0.0,214,0,0,0,0.0,0.0,0.0,0.0,0.0,0.0869402098508123
2023-06-28,186.8054962158203,180.79965092533024,173.98013504846693,0.1402256552058051,0.10919164152758384,39862.320437431335,57000.0,513,0.0,0.0,0.0,0.0,213,0,0,0,0.0,0.0,0.0,0.0,0.0,0.07018001594915635
2023-06-29,187.14108276367188,181.40359681469613,174.61029914586243,0.13971398262699575,0.10512724766347799,39862.320437431335,57000.0,513,0.0,0.0,0.0,0.0,213,0,0,0,0.0,0.0,0.0,0.0,0.0,0.10749897332542724
2023-06-30,191.4645233154297,182.36178029095646,174.45159774580597,0.1500694283768024,0.10767093157043908,39862.320437431335,57000.0,513,0.0,0.0,0.0,0.0,208,0,0,0,0.0,0.0,0.0,0.0,0.0,0.16148207465684394
2023-07-03,189.97402954101562,183.0867564100097,174.62170119188585,0.15546936909104223,0.09817204066340413,40362.320437431335,57500.0,513,0.0,0.0,0.0,0.0,212,0,0,0,0.0,0.0,0.0,0.0,0.0,0.3197016859420767
2023-07-05,188.85862731933594,183.6364584013741,175.14503664167384,0.15402744931439086,0.09815303219965689,40362.320437431335,57500.0,513,0.0,0.0,0.0,0.0,213,0,0,0,0.0,0.0,0.0,0.0,0.0,0.30771515546150474
2023-07-06,189.3323974609375,184.17892878799918,175.8290030033579,0.15279962716773482,0.10425634830248576,40362.320437431335,57500.0,513,0.0,0.0,0.0,0.0,213,0,0,0,0.0,0.0,0.0,0.0,0.0,0.22134550761685423
2023-07-07,188.2169952392578,184.5635065452619,176.99490345584903,0.15112030342297827,0.10367010781121856,40362.320437431335,57500.0,513,0.0,0.0,0.0,0.0,214,0,0,0,0.0,0.0,0.0,0.0,0.0,0.2147531129719482
2023-07-10,186.17376708984375,184.71686469236494,177.72359219988013,0.1524485529811449,0.10227955183942708,40362.320437431335,57500.0,513,0.0,0.0,0.0,0.0,216,0,0,0,0.0,0.0,0.0,0.0,0.0,0.24209051108345547
2023-07-11,185.65060424804688,184.80579226909654,178.46740102961957,0.15349347685795806,0.10404626734062392,40362.320437431335,57500.0,513,0.0,0.0,0.0,0.0,217,0,0,0,0.0,0.0,0.0,0.0,0.0,0.2293687604977952
2023-07-12,187.3188018798828,185.04512651774286,178.91460018779597,0.14733187385758875,0.102380938640028,40362.320437431335,57500.0,513,0.0,0.0,0.0,0.0,215,0,0,0,0.0,0.0,0.0,0.0,0.0,0.19921308769861712
2023-07-13,188.0788116455078,185.33404891086332,179.51165965508275,0.14667794641985935,0.10359480678827993,40362.320437431335,57500.0,513,0.0,0.0,0.0,0.0,214,0,0,0,0.0,0.0,0.0,0.0,0.0,0.1799010568778625
2023-07-14,188.22689819335938,185.60955836633912,180.07844784955174,0.14662156669614684,0.10398742047058503,40362.320437431335,57500.0,513,0.0,0.0,0.0,0.0,214,0,0,0,0.0,0.0,0.0,0.0,0.0,0.1749944210609411
2023-07-17,191.48428344726562,186.16905599309402,180.31698564625728,0.15324376926525446,0.09660560808419726,40362.320437431335,57500.0,513,0.0,0.0,0.0,0.0,210,0,0,0,0.0,0.0,0.0,0.0,0.0,0.3219019432399639
2023-07-18,191.2276153564453,186.65082355150844,180.7921940230244,0.15093440727702254,0.09712488534355357,40362.320437431335,57500.0,513,0.0,0.0,0.0,0.0,211,0,0,0,0.0,0.0,0.0,0.0,0.0,0.295020038231637
2023-07-19,192.57992553710938,187.21549993108948,181.25921581655427,0.15165140854247386,0.09416729242398642,40362.320437431335,57500.0,513,0.0,0.0,0.0,0.0,209,0,0,0,0.0,0.0,0.0,0.0,0.0,0.34203894507647736
2023-07-20,190.6353759765625,187.54120241161073,182.15287543308173,0.1556509279175924,0.09584683040674435,40362.320437431335,57500.0,513,0.0,0.0,0.0,0.0,211,0,0,0,0.0,0.0,0.0,0.0,0.0,0.3532957328640738
2023-07-21,189.4607391357422,187.72401543295658,182.55461230846626,0.14919884266304995,0.09576149465658162,40362.320437431335,57500.0,513,0.0,0.0,0.0,0.0,213,0,0,0,0.0,0.0,0.0,0.0,0.0,0.2983545143249253
2023-07-24,190.26025390625,187.9655619542226,183.08628936405754,0.14907211391913117,0.08929962426299504,40362.320437431335,57500.0,513,0.0,0.0,0.0,0.0,212,0,0,0,0.0,0.0,0.0,0.0,0.0,0.39112300443076364
2023-07-25,191.11903381347656,188.2658926074849,184.06624458265026,0.14530550385348148,0.08558507602435092,40362.320437431335,57500.0,513,0.0,0.0,0.0,0.0,211,0,0,0,0.0,0.0,0.0,0.0,0.0,0.41482517166250976
2023-07-26,191.98770141601562,188.6203505892497,184.52774860351377,0.13759739349210579,0.07954162893063198,40362.320437431335,57500.0,513,0.0,0.0,0.0,0.0,210,0,0,0,0.0,0.0,0.0,0.0,0.0,0.4415658331155552
2023-07-27,190.72421264648438,188.82071840422444,184.85776329092513,0.1394813362102608,0.0847914900063929,40362.320437431335,57500.0,513,0.0,0.0,0.0,0.0,211,0,0,0,0.0,0.0,0.0,0.0,0.0,0.3708267991648744
2023-07-28,193.3004913330078,189.24736344506096,185.1017741042897,0.14631249134664434,0.08909834919669149,40362.320437431335,57500.0,513,0.0,0.0,0.0,0.0,208,0,0,0,0.0,0.0,0.0,0.0,0.0,0.3684549402036641
2023-07-31,193.91250610351562,189.69166274586618,185.20877990396488,0.12278428689565792,0.08056728008309541,40362.320437431335,57500.0,513,0.0,0.0,0.0,0.0,208,0,0,0,0.0,0.0,0.0,0.0,0.0,0.2699974353631396
2023-08-01,193.08334350585938,190.01467996110364,185.31441574058204,0.12018639855155816,0.08194340294001684,40862.320437431335,58000.0,513,0.0,0.0,0.0,0.0,211,0,0,0,0.0,0.0,0.0,0.0,0.0,0.22225009619887137
2023-08-02,190.09246826171875,190.02208837068602,185.3571556298926,0.13161579504088833,0.09765675210682509,40862.320437431335,58000.0,513,0.0,0.0,0.0,0.0,214,0,0,0,0.0,0.0,0.0,0.0,0.0,0.12311567643334431
2023-08-03,188.70069885253906,189.89624174991013,185.19974394417414,0.1340878947480803,0.0930740850307873,40862.320437431335,58000.0,513,0.14411067447501277,0.0,0.0,0.0,216,0,0,0,0.0,0.0,0.03147884566735074,0.0,1.0,0.20054806075295062
2023-08-04,179.63926696777344,188.91938700875426,182.31516644107307,0.2162806140331704,0.09481075076499658,40862.320437431335,58000.0,513,0.37042622934667746,0.0,0.0,0.0,227,0,0,0,0.0,0.0,0.24561057993880722,1.0,1.0,0.9009853162578585
2023-08-07,176.53985595703125,187.7403840514473,178.99896975871178,0.2208059804064885,0.09901473118073406,40862.320437431335,58000.0,513,0.39839827483923895,0.0,0.0,0.0,231,0,0,0,0.0,0.0,0.29829831634270887,1.0,1.0,0.8583596751498002
2023-08-08,177.4775848388672,186.76297460263015,176.6639476617329,0.2225588690683993,0.09857802344408344,40862.320437431335,58000.0,513,0.17372334817520552,0.0,0.0,0.0,230,0,0,0,0.0,0.0,0.24858754213781406,0.0,1.0,0.8814104578681079
2023-08-09,175.8883514404297,185.7272962062301,174.09914077921292,0.2197425546552511,0.0988569225114776,40862.320437431335,58000.0,513,0.18395806099593137,0.0,0.0,0.0,232,0,0,0,0.0,0.0,0.2648761104796178,0.0,1.0,0.8523618871989662
2023-08-10,175.67120361328125,184.76957310213973,171.85654005491162,0.21827022293264012,0.09365011407013747,40862.320437431335,58000.0,513,0.16656893163862313,0.0,0.0,0.0,232,0,0,0,0.0,0.0,0.2462085433251758,0.0,1.0,0.94224912857706
2023-08-11,175.7305145263672,183.9087103806376,169.9558274926497,0.21816392190611852,0.09365398521424648,40862.320437431335,58000.0,513,0.15593245544945783,0.0,0.0,0.0,232,0,0,0,0.0,0.0,0.22234389652735614,0.0,1.0,0.9412229798785241
2023-08-14,177.3811492919922,183.28703789600468,168.87557213798613,0.20988452342697042,0.09503935278132891,40862.320437431335,58000.0,513,0.13846667051372624,0.0,0.0,0.0,230,0,0,0,0.0,0.0,0.16111037288309046,0.0,1.0,0.8403299728366449
2023-08-15,175.3944549560547,182.53536333029516,167.54263748285928,0.2113068801013773,0.09861997715323444,40862.320437431335,58000.0,513,0.15946839942459815,0.0,0.0,0.0,232,0,0,0,0.0,0.0,0.19560342291918237,0.0,1.0,0.7855314088903391
2023-08-16,174.52467346191406,181.77244048568744,166.41024055009046,0.20704778823840628,0.10003329635012362,40862.320437431335,58000.0,513,0.16723129365841555,0.0,0.0,0.0,234,0,0,0,0.0,0.0,0.19936374855307226,0.0,1.0,0.7248239319046694
2023-08-17,171.98439025878906,180.8402452259828,164.7783025669163,0.20914677251403097,0.10071949403969187,40862.320437431335,58000.0,513,0.1871399094118143,0.0,0.0,0.0,237,0,0,0,0.0,0.0,0.24485299044267597,0.0,1.0,0.7304393628738985
2023-08-18,172.46875,180.0429599663654,163.4866012957038,0.2109345494294058,0.10059949582296814,40862.320437431335,58000.0,513,0.1699237491563652,0.0,0.0,0.0,236,0,0,0,0.0,0.0,0.21034451910200688,0.0,1.0,0.7473128443953789
2023-08-21,173.8031005859375,179.4486876444199,162.8190518995575,0.21324206837235346,0.10327796586100141,40862.320437431335,58000.0,513,0.1487250438227286,0.0,0.0,0.0,235,0,0,0,0.0,0.0,0.15730365968652837,0.0,1.0,0.7206160303620919
2023-08-22,175.17698669433594,179.04185898250714,162.73326673117077,0.21545586884120208,0.10192872435653474,40862.320437431335,58000.0,513,0.12242031273492851,0.0,0.0,0.0,233,0,0,0,0.0,0.0,0.10793208666775538,0.0,1.0,0.7614912626556138
2023-08-23,179.02194213867188,179.03996214023712,163.53003160235642,0.23302568225038933,0.11186807980293892,40862.320437431335,58000.0,513,0.07663979318871873,0.0,0.0,0.0,228,0,0,0,0.0,0.0,0.0005032396496803556,0.0,1.0,0.7358666465363743
2023-08-24,174.33685302734375,178.59204698662825,163.62880559090578,0.24656915268568017,0.11861717429588303,40862.320437431335,58000.0,513,0.13038451219478575,0.0,0.0,0.0,234,0,0,0,0.0,0.0,0.119131675544407,0.0,1.0,0.7322474180019738
2023-08-25,176.541015625,178.39671066647315,164.82665356203944,0.24575552123238137,0.11497277435819951,40862.320437431335,58000.0,513,0.0952787757151155,0.0,0.0,0.0,231,0,0,0,0.0,0.0,0.052010349140980634,0.0,1.0,0.7812588139832577
2023-08-28,178.1027069091797,178.36871030863568,166.7932274916658,0.24888465966136755,0.11807564430823139,40862.320437431335,58000.0,513,0.07770205265064732,0.0,0.0,0.0,229,0,0,0,0.0,0.0,0.007456560037792632,0.0,1.0,0.7565339936635935
2023-08-29,181.98716735839844,178.71332526575597,169.30531863704687,0.2653548088452561,0.13121416045135323,40862.320437431335,58000.0,513,0.0,0.0,0.0,0.0,224,0,0,0,0.0,0.0,0.0,0.0,0.0,0.6852526176321407
2023-08-30,185.47628784179688,179.35741693966463,171.09049435892487,0.27185042994331976,0.12271038817727763,40862.320437431335,58000.0,513,0.0,0.0,0.0,0.0,220,0,0,0,0.0,0.0,0.0,0.0,0.0,0.8461519706504801
2023-08-31,185.6937255859375,179.96087490597634,172.49720679979876,0.2709374050827132,0.1224901112086304,40862.320437431335,58000.0,513,0.0,0.0,0.0,0.0,220,0,0,0,0.0,0.0,0.0,0.0,0.0,0.8432603960796545
2023-09-01,187.2653350830078,180.65653777997932,171.9757318244923,0.20651972825757553,0.12092716326057003,41362.320437431335,58500.0,513,0.0,0.0,0.0,0.0,220,0,0,0,0.0,0.0,0.0,0.0,0.0,0.42316886386513897
2023-09-05,187.50254821777344,181.30853877405497,171.56928547974724,0.19347899133937718,0.11754819611499605,41362.320437431335,58500.0,513,0.0,0.0,0.0,0.0,220,0,0,0,0.0,0.0,0.0,0.0,0.0,0.37162881364068245
2023-09-06,180.79119873046875,181.2592682937134,171.45006261613736,0.23727239790956078,0.11918714950198607,41362.320437431335,58500.0,513,0.08991398272311392,0.0,0.0,0.0,228,0,0,0,0.0,0.0,0.012911603573456781,0.0,1.0,0.6589623888494163
2023-09-07,175.50315856933594,180.7110673675822,170.88095399800278,0.25858124859467563,0.11709481340778181,41362.320437431335,58500.0,513,0.13081715750062817,0.0,0.0,0.0,235,0,0,0,0.0,0.0,0.14409490448232776,0.0,1.0,0.8402554951641934
2023-09-08,176.11599731445312,180.27344164823657,170.46560010584295,0.258821877947959,0.11722383334902796,41362.320437431335,58500.0,513,0.11789516134949381,0.0,0.0,0.0,234,0,0,0,0.0,0.0,0.11530939598678576,0.0,1.0,0.8399406684455977
2023-09-11,177.28231811523438,179.9885727403316,170.23995050413586,0.25980844903636663,0.11960953354380106,41362.320437431335,58500.0,513,0.10281880539874359,0.0,0.0,0.0,233,0,0,0,0.0,0.0,0.07517851227704087,0.0,1.0,0.8101152512592478
2023-09-12,174.25779724121094,179.4427845975582,169.5322680101294,0.2648115247539608,0.11957788666021275,41362.320437431335,58500.0,513,0.13046754728212764,0.0,0.0,0.0,237,0,0,0,0.0,0.0,0.14447466828983344,0.0,1.0,0.8454605344829738
2023-09-13,172.1919708251953,178.7522309049522,168.5541589919894,0.2651640914941768,0.11197088137406375,41362.320437431335,58500.0,513,0.13522965123494407,0.0,0.0,0.0,240,0,0,0,0.0,0.0,0.18350148824842272,0.0,1.0,0.9734601847684616
2023-09-14,173.70425415039062,178.27147121404158,168.00812446948916,0.2667782743444966,0.11136673542784079,41362.320437431335,58500.0,513,0.1080193167633015,0.0,0.0,0.0,238,0,0,0,0.0,0.0,0.12809725057374238,0.0,1.0,0.9962444599488258
2023-09-15,172.98269653320312,177.76777838729507,167.6177208972938,0.26181194062079033,0.11703723252692691,41362.320437431335,58500.0,513,0.12414818027049154,0.0,0.0,0.0,239,0,0,0,0.0,0.0,0.1345879972597421,0.0,1.0,0.8641641849639239
2023-09-18,175.90843200683594,177.59069777963228,167.72336746615306,0.26822688495956715,0.11697133286410615,41362.320437431335,58500.0,513,0.08022199423578177,0.0,0.0,0.0,235,0,0,0,0.0,0.0,0.04736356672475666,0.0,1.0,0.910916107903587
2023-09-19,176.99566650390625,177.53402813432504,167.86365846423243,0.2677746084983893,0.11530732414068504,41362.320437431335,58500.0,513,0.06330058910742158,0.0,0.0,0.0,233,0,0,0,0.0,0.0,0.01516220963598759,0.0,1.0,0.9352240522877282
2023-09-20,173.45713806152344,177.14575288929632,167.3274287269467,0.2764672468032995,0.12011315704993648,41362.320437431335,58500.0,513,0.1050403205838631,0.0,0.0,0.0,238,0,0,0,0.0,0.0,0.104112426282046,0.0,1.0,0.9181027124305758
2023-09-21,171.9152069091797,176.64760565309473,166.439352979217,0.26490983567790155,0.12656417175446696,41362.320437431335,58500.0,513,0.13585369428248725,0.0,0.0,0.0,240,0,0,0,0.0,0.0,0.13395026574004779,0.0,1.0,0.7442392530053423
2023-09-22,172.7652587890625,176.2778583327107,165.93084893532765,0.24967080254333893,0.11812066633773334,41362.320437431335,58500.0,513,0.11869354260626075,0.0,0.0,0.0,239,0,0,0,0.0,0.0,0.0996324659509548,0.0,1.0,0.761410670716689
2023-09-25,174.04029846191406,176.06475739263482,165.59288526521246,0.24672412550719017,0.1162730343494381,41362.320437431335,58500.0,513,0.09904321310908726,0.0,0.0,0.0,237,0,0,0,0.0,0.0,0.05749188425614592,0.0,1.0,0.7682813480617838
2023-09-26,169.96803283691406,175.48411695875666,164.46118859343846,0.2567019467175986,0.123147935257753,41362.320437431335,58500.0,513,0.1470170434311227,0.0,0.0,0.0,243,0,0,0,0.0,0.0,0.15716761771491317,0.0,1.0,0.7370838454058819
2023-09-27,168.45578002929688,174.81475153690334,163.35333135424065,0.24127076042608406,0.10749628744899088,41362.320437431335,58500.0,513,0.14480678633556698,0.0,0.0,0.0,245,0,0,0,0.0,0.0,0.18187742886972819,0.0,1.0,0.870380566558107
2023-09-28,168.7127685546875,174.23361030050182,163.05273664398533,0.2267325638427765,0.10934361402954053,41362.320437431335,58500.0,513,0.1484962700837125,0.0,0.0,0.0,245,0,0,0,0.0,0.0,0.1584321686353308,0.0,1.0,0.7279820580218634
2023-09-29,169.2267303466797,173.75676459061398,163.2459872062988,0.22746475638000171,0.10930440138570438,41362.320437431335,58500.0,513,0.13524161217966624,0.0,0.0,0.0,244,0,0,0,0.0,0.0,0.13035562254532793,0.0,1.0,0.7341841796573132
2023-10-02,171.73731994628906,173.5644365292497,164.72163276315104,0.23334254107940244,0.10858127322870227,41862.320437431335,59000.0,513,0.09460140252091132,0.0,0.0,0.0,243,0,0,0,0.0,0.0,0.052635108306093435,0.0,1.0,0.7908439621683072
2023-10-03,170.40293884277344,173.26334151149004,166.88183719698264,0.23273086867531634,0.11555783451794222,41862.320437431335,59000.0,513,0.11931377502651377,0.0,0.0,0.0,245,0,0,0,0.0,0.0,0.08254494700850824,0.0,1.0,0.6783145112731492
2023-10-04,171.64834594726562,173.10953241013536,167.75383114018555,0.20489883702622932,0.12101496627983112,41862.320437431335,59000.0,513,0.12789439633873323,0.0,0.0,0.0,243,0,0,0,0.0,0.0,0.042204101718900565,0.0,1.0,0.41097449434772004
2023-10-05,172.88385009765625,173.0880388565659,167.8779893157965,0.18130380801186424,0.12100987751460057,41862.320437431335,59000.0,513,0.12779959402687885,0.0,0.0,0.0,242,0,0,0,0.0,0.0,0.0058984075461984515,0.0,1.0,0.24854689368910443
2023-10-06,175.43399047851562,173.31146282056113,168.18641887908947,0.18898930985543422,0.13037842507195385,41862.320437431335,59000.0,513,0.0,0.0,0.0,0.0,238,0,0,0,0.0,0.0,0.0,0.0,0.0,0.20795362775151083
2023-10-09,176.91661071777344,173.65481023934328,168.59645041279782,0.18996440037521986,0.13002834971494934,41862.320437431335,59000.0,513,0.0,0.0,0.0,0.0,236,0,0,0,0.0,0.0,0.0,0.0,0.0,0.2174550190507396
2023-10-10,176.3235626220703,173.90897713293634,168.63520980190643,0.1796196826474405,0.13132390791574347,41862.320437431335,59000.0,513,0.0,0.0,0.0,0.0,237,0,0,0,0.0,0.0,0.0,0.0,0.0,0.13980059875238204
2023-10-11,177.7172393798828,174.27166877550266,168.56710125004417,0.17500853110823575,0.13249989100952267,41862.320437431335,59000.0,513,0.0,0.0,0.0,0.0,235,0,0,0,0.0,0.0,0.0,0.0,0.0,0.10068349097521168
2023-10-12,178.61666870117188,174.68547829223306,168.46443169171917,0.17348554723790863,0.12885325319009175,41862.320437431335,59000.0,513,0.0,0.0,0.0,0.0,234,0,0,0,0.0,0.0,0.0,0.0,0.0,0.12198400727720826
2023-10-13,176.7782440185547,174.8847893137875,168.47644369447482,0.17743995101474985,0.12356700438304129,41862.320437431335,59000.0,513,0.0,0.0,0.0,0.0,236,0,0,0,0.0,0.0,0.0,0.0,0.0,0.19665137618176787
2023-10-16,176.64971923828125,175.05287787802501,168.5775389779696,0.16741394787134056,0.13055164354958476,41862.320437431335,59000.0,513,0.0,0.0,0.0,0.0,236,0,0,0,0.0,0.0,0.0,0.0,0.0,0.0686316880654918
2023-10-17,175.09788513183594,175.05716428314986,168.74187761674628,0.16882047044068269,0.13048835628363728,41862.320437431335,59000.0,513,0.0,0.0,0.0,0.0,239,0,0,0,0.0,0.0,0.0,0.0,0.0,0.07813240486712103
2023-10-18,173.8031005859375,174.9377296453201,168.620320216001,0.15485887523366632,0.13470565333054285,41862.320437431335,59000.0,513,0.16459328064212791,0.0,0.0,0.0,240,0,0,0,0.0,0.0,0.03242951253806207,0.0,1.0,0.0
2023-10-19,173.42752075195312,174.7939002269042,168.51800973613723,0.15145703235055485,0.12527785700154748,41862.320437431335,59000.0,513,0.1668410423338896,0.0,0.0,0.0,241,0,0,0,0.0,0.0,0.039085445006300505,0.0,1.0,0.007474079189456084
2023-10-20,170.8773956298828,174.42089978909266,168.0406392156509,0.15961686147709583,0.13228164645838406,41862.320437431335,59000.0,513,0.19515693141627172,0.0,0.0,0.0,244,0,0,0,0.0,0.0,0.10157911590567995,0.0,1.0,0.005536707412842512
2023-10-23,170.99598693847656,174.0947176128435,167.63046480057557,0.15698093245547598,0.13090062092746418,41862.320437431335,59000.0,513,0.19004799291400945,0.0,0.0,0.0,244,0,0,0,0.0,0.0,0.08899553980890988,0.0,1.0,0.0
2023-10-24,171.430908203125,173.8410214785846,167.50285945508887,0.13264983391376142,0.12424417528889507,41862.320437431335,59000.0,513,0.1811937586632975,0.0,0.0,0.0,244,0,0,0,0.0,0.0,0.06931946369621668,0.0,1.0,0.0
2023-10-25,169.11801147460938,173.39121100201552,167.1547514613069,0.13784979421089985,0.13385231922553012,41862.320437431335,59000.0,513,0.2054509013525032,0.0,0.0,0.0,247,0,0,0,0.0,0.0,0.12322422522778495,0.0,1.0,0.0
2023-10-26,164.95677185058594,172.58793108283177,165.5799537192465,0.1634308560715729,0.13650270145523755,41862.320437431335,59000.0,513,0.44948614694449585,0.0824769115741597,1.0,0.44948614694449585,253,2,2,2,329.9135437011719,0.0,0.22108032654332416,1.0,1.0,0.0
2023-10-27,166.27134704589844,171.98635165074288,164.51604422712956,0.16599134058707057,0.13687065622300773,41532.40689373016,59000.0,515,0.22370278321653375,0.0,0.0,0.0,249,0,0,0,0.0,0.0,0.16614703870368866,0.0,1.0,0.010633842001261495
2023-10-30,168.3173828125,171.6369260471007,163.88830000853645,0.1630412460832357,0.14554400654094396,41532.40689373016,59000.0,515,0.19351611538301458,0.0,0.0,0.0,246,0,0,0,0.0,0.0,0.09670247862892131,0.0,1.0,0.0
2023-10-31,168.79180908203125,171.3659625266179,163.47653877226006,0.16149601937219676,0.14039876577725618,41532.40689373016,59000.0,515,0.18379810765758287,0.0,0.0,0.0,246,0,0,0,0.0,0.0,0.07510690590573973,0.0,1.0,0.0
2023-11-01,171.9547576904297,171.42203825650475,163.54086828551567,0.17341311192439235,0.14256289545887807,42032.40689373016,59500.0,515,0.0,0.0,0.0,0.0,244,0,0,0,0.0,0.0,0.0,0.0,0.0,0.013664362936176122
2023-11-02,175.5130615234375,171.81165952002215,163.83869669535082,0.18679219731946242,0.1577699191819221,42032.40689373016,59500.0,515,0.0,0.0,0.0,0.0,239,0,0,0,0.0,0.0,0.0,0.0,0.0,0.0
2023-11-03,174.6037139892578,172.07756946947316,164.1505593623121,0.18036648419773427,0.1557371423037945,42032.40689373016,59500.0,515,0.0,0.0,0.0,0.0,240,0,0,0,0.0,0.0,0.0,0.0,0.0,0.0
2023-11-06,177.15382385253906,172.56102226786038,164.60809125678728,0.18551962010598957,0.1543663823694051,42032.40689373016,59500.0,515,0.0,0.0,0.0,0.0,237,0,0,0,0.0,0.0,0.0,0.0,0.0,0.0015113462443823167
2023-11-07,179.71383666992188,173.24224268710432,164.8513838759091,0.1917438367999789,0.15361385621661428,42032.40689373016,59500.0,515,0.0,0.0,0.0,0.0,233,0,0,0,0.0,0.0,0.0,0.0,0.0,0.04018305771408137
2023-11-08,180.77145385742188,173.95931041761077,165.11491033269084,0.1909148299068078,0.15291496991208925,42032.40689373016,59500.0,515,0.0,0.0,0.0,0.0,232,0,0,0,0.0,0.0,0.0,0.0,0.0,0.040419336841059694
2023-11-09,180.29701232910156,174.56290107584798,165.47496114925693,0.19065341469761599,0.1540628620681829,42032.40689373016,59500.0,515,0.0,0.0,0.0,0.0,233,0,0,0,0.0,0.0,0.0,0.0,0.0,0.03125336923205291
2023-11-10,184.48350524902344,175.5077205209123,165.22839947250898,0.20217003284662854,0.16230580828462446,42032.40689373016,59500.0,515,0.0,0.0,0.0,0.0,227,0,0,0,0.0,0.0,0.0,0.0,0.0,0.03800984790850781
2023-11-13,182.89993286132812,176.21174074380903,165.2021982226493,0.20557998528307392,0.15841605122076247,42032.40689373016,59500.0,515,0.0,0.0,0.0,0.0,229,0,0,0,0.0,0.0,0.0,0.0,0.0,0.08143494981970822
2023-11-14,185.51280212402344,177.09755611335325,164.94792531019115,0.20610637288026012,0.17156341697661948,42032.40689373016,59500.0,515,0.0,0.0,0.0,0.0,226,0,0,0,0.0,0.0,0.0,0.0,0.0,0.0011185004374025809
2023-11-15,186.07693481445312,177.95273503726753,164.76522726598085,0.202440143606507,0.16237396895667505,42032.40689373016,59500.0,515,0.0,0.0,0.0,0.0,225,0,0,0,0.0,0.0,0.0,0.0,0.0,0.03896037496688942
2023-11-16,187.75946044921875,178.8867088860248,164.58474128292278,0.2021945314044092,0.15750030785869873,42032.40689373016,59500.0,515,0.0,0.0,0.0,0.0,223,0,0,0,0.0,0.0,0.0,0.0,0.0,0.06981024435947925
2023-11-17,187.73968505859375,179.72984947388852,164.698844090207,0.19053446605907154,0.147028213755798,42032.40689373016,59500.0,515,0.0,0.0,0.0,0.0,223,0,0,0,0.0,0.0,0.0,0.0,0.0,0.07992008921234395
2023-11-20,189.4815673828125,180.65858451283367,164.85551915229388,0.19052638076007095,0.14642188309009466,42032.40689373016,59500.0,515,0.0,0.0,0.0,0.0,221,0,0,0,0.0,0.0,0.0,0.0,0.0,0.08434600495495626
2023-11-21,188.67990112304688,181.42251942809207,165.17043971996813,0.19328336780747632,0.14723033320582954,42032.40689373016,59500.0,515,0.0,0.0,0.0,0.0,222,0,0,0,0.0,0.0,0.0,0.0,0.0,0.09399652684151816
2023-11-22,189.343017578125,182.17685258523807,165.86722347261718,0.18087797300858754,0.13155475909064884,42032.40689373016,59500.0,515,0.0,0.0,0.0,0.0,221,0,0,0,0.0,0.0,0.0,0.0,0.0,0.14577112387063207
2023-11-24,188.0167999267578,182.7330380463352,167.53456762265077,0.1498625302845744,0.1180796595251131,42032.40689373016,59500.0,515,0.0,0.0,0.0,0.0,223,0,0,0,0.0,0.0,0.0,0.0,0.0,0.05763721208267425
2023-11-27,187.83863830566406,183.21928569008082,169.31685010850364,0.15211222142462621,0.11538140587395238,42032.40689373016,59500.0,515,0.0,0.0,0.0,0.0,223,0,0,0,0.0,0.0,0.0,0.0,0.0,0.09861882476107242
2023-11-28,188.44235229492188,183.7167206048276,171.04870664175104,0.1506570306333161,0.1131627771120934,42032.40689373016,59500.0,515,0.0,0.0,0.0,0.0,223,0,0,0,0.0,0.0,0.0,0.0,0.0,0.10944189186345543
2023-11-29,187.42298889160156,184.06969853690129,173.09810901691426,0.15550129989086453,0.11449134113688772,42032.40689373016,59500.0,515,0.0,0.0,0.0,0.0,224,0,0,0,0.0,0.0,0.0,0.0,0.0,0.13182722194499585
2023-11-30,187.9969940185547,184.44372667801113,174.82025139405462,0.14726265828658586,0.11197350021883544,42032.40689373016,59500.0,515,0.0,0.0,0.0,0.0,223,0,0,0,0.0,0.0,0.0,0.0,0.0,0.0959636134054267
2023-12-01,189.27374267578125,184.9037282016083,176.0445161208134,0.13473552267138197,0.09730646311632417,42532.40689373016,60000.0,515,0.0,0.0,0.0,0.0,224,0,0,0,0.0,0.0,0.0,0.0,0.0,0.15387610062373724
2023-12-04,187.4823455810547,185.1493108091746,177.7783140401052,0.13930920528044516,0.09884229471584621,42532.40689373016,60000.0,515,0.0,0.0,0.0,0.0,226,0,0,0,0.0,0.0,0.0,0.0,0.0,0.17450737798137617
2023-12-05,191.4313201904297,185.7475974169132,179.18958292191783,0.14770800622059904,0.09938282853379403,42532.40689373016,60000.0,515,0.0,0.0,0.0,0.0,222,0,0,0,0.0,0.0,0.0,0.0,0.0,0.23854399195306808
2023-12-06,190.34263610839844,186.18522014943562,180.26211479904836,0.14595920123167974,0.10173024771847136,42532.40689373016,60000.0,515,0.0,0.0,0.0,0.0,223,0,0,0,0.0,0.0,0.0,0.0,0.0,0.19563915768369222
2023-12-07,192.27256774902344,186.76496753987257,181.19154763517713,0.14787517608333806,0.10386497032460627,42532.40689373016,60000.0,515,0.0,0.0,0.0,0.0,221,0,0,0,0.0,0.0,0.0,0.0,0.0,0.18643767015632506
2023-12-08,193.69778442382812,187.42523581453503,182.37068475426594,0.14698425391102235,0.09647396944453278,42532.40689373016,60000.0,515,0.0,0.0,0.0,0.0,219,0,0,0,0.0,0.0,0.0,0.0,0.0,0.26963655548151255
2023-12-11,191.19378662109375,187.78414541515966,182.91141894189767,0.13887204561686364,0.08416484590387191,42532.40689373016,60000.0,515,0.0,0.0,0.0,0.0,222,0,0,0,0.0,0.0,0.0,0.0,0.0,0.37500049382726686
2023-12-12,192.7080841064453,188.25309195718685,183.86485030525103,0.13476250952236393,0.08368121852580551,42532.40689373016,60000.0,515,0.0,0.0,0.0,0.0,220,0,0,0,0.0,0.0,0.0,0.0,0.0,0.34202265749757266
2023-12-13,195.92465209960938,188.98371673265567,183.97816353699372,0.1377548261008618,0.0707102996558615,42532.40689373016,60000.0,515,0.0,0.0,0.0,0.0,217,0,0,0,0.0,0.0,0.0,0.0,0.0,0.6234648838441021
2023-12-14,196.0730743408203,189.65889364771897,184.18394282117674,0.13793352458777353,0.0706682042266575,42532.40689373016,60000.0,515,0.0,0.0,0.0,0.0,216,0,0,0,0.0,0.0,0.0,0.0,0.0,0.6265391922862127
2023-12-15,195.53866577148438,190.21887194522046,184.36837560836906,0.13702878943834387,0.07108850100745126,42532.40689373016,60000.0,515,0.0,0.0,0.0,0.0,217,0,0,0,0.0,0.0,0.0,0.0,0.0,0.6063168620381723
2023-12-18,193.8759307861328,190.5671632634026,184.69256635970694,0.14194888070027442,0.07140602310569572,42532.40689373016,60000.0,515,0.0,0.0,0.0,0.0,219,0,0,0,0.0,0.0,0.0,0.0,0.0,0.6565932224204749
2023-12-19,194.9151153564453,190.98125393893048,184.87546579716403,0.13982061868021572,0.07020557218825481,42532.40689373016,60000.0,515,0.0,0.0,0.0,0.0,218,0,0,0,0.0,0.0,0.0,0.0,0.0,0.6596571839208811
2023-12-20,192.82684326171875,191.15702435062462,185.1193659814932,0.14510861183853688,0.09181108585478423,42532.40689373016,60000.0,515,0.0,0.0,0.0,0.0,220,0,0,0,0.0,0.0,0.0,0.0,0.0,0.31709414035298056
2023-12-21,192.67832946777344,191.30191055225785,185.31137138410168,0.144970656557611,0.09644817618332899,42532.40689373016,60000.0,515,0.0,0.0,0.0,0.0,220,0,0,0,0.0,0.0,0.0,0.0,0.0,0.2525781745736895
2023-12-22,191.60946655273438,191.33120159992228,185.56903633050385,0.14400437745191846,0.09630746784437388,42532.40689373016,60000.0,515,0.0,0.0,0.0,0.0,221,0,0,0,0.0,0.0,0.0,0.0,0.0,0.2460471712382284
2023-12-26,191.0651092529297,191.3058594716373,185.82227106081697,0.14449752183734804,0.0953377038189042,42532.40689373016,60000.0,515,0.1265282961860277,0.0,0.0,0.0,222,0,0,0,0.0,0.0,0.00629228554139756,0.0,1.0,0.2630323230760121
2023-12-27,191.1641082763672,191.29235935780204,186.03315441607597,0.14423936435398185,0.09526048683155303,42532.40689373016,60000.0,515,0.12532872467500691,0.0,0.0,0.0,222,0,0,0,0.0,0.0,0.003352226975123647,0.0,1.0,0.26179777463798715
2023-12-28,191.58969116210938,191.320676672498,186.50964437919575,0.14244567318375992,0.09475151495795543,42532.40689373016,60000.0,515,0.0,0.0,0.0,0.0,221,0,0,0,0.0,0.0,0.0,0.0,0.0,0.2528003135971675
2023-12-29,190.5504608154297,191.24732278134866,186.78083668088172,0.14410084739737666,0.09646665850852709,42532.40689373016,60000.0,515,0.13371606203209455,0.0,0.0,0.0,223,0,0,0,0.0,0.0,0.018218868525435146,0.0,1.0,0.24482428804351253
