threshold,score_mix_lambda,w_shortage,w_value,w_bb,w_trend,w_risk,shares,spent,cash,trades,avg_price
0.4,0.6,0.45,0.45,0.2,0.15,0.1,515,17467.593106269836,42532.40689373016,227,33.91765651702881
0.4,0.6,0.45,0.45,0.15,0.15,0.1,503,16170.13906955719,43829.86093044281,227,32.147393776455644
0.4,0.7,0.45,0.45,0.2,0.15,0.1,499,16252.405591011047,43747.59440898895,233,32.56995108419048
0.4,0.6,0.45,0.45,0.1,0.15,0.1,491,15141.42231464386,44858.57768535614,223,30.837927321066925
0.4,0.7,0.45,0.45,0.15,0.15,0.1,490,15600.595387458801,44399.4046125412,231,31.837949770324084
0.4,0.7,0.45,0.45,0.1,0.15,0.1,483,14837.27523803711,45162.72476196289,232,30.718996352043703
0.4,0.6,0.45,0.35,0.2,0.15,0.1,475,15539.172358512878,44460.82764148712,216,32.71404707055343
0.4,0.8,0.45,0.45,0.2,0.15,0.1,473,15621.886877059937,44378.11312294006,271,33.02724498321339
0.4,0.6,0.45,0.45,0.2,0.15,0.2,470,16439.87912082672,43560.12087917328,206,34.978466214524936
0.4,0.7,0.45,0.35,0.2,0.15,0.1,466,15154.38454914093,44845.61545085907,219,32.52013851746981
0.4,0.8,0.45,0.45,0.15,0.15,0.1,464,14904.292719841003,45095.707280159,275,32.12132051689871
0.4,0.6,0.45,0.35,0.15,0.15,0.1,464,14464.780203819275,45535.219796180725,213,31.174095266851886
0.4,0.7,0.45,0.45,0.2,0.15,0.2,459,15667.130759239197,44332.8692407608,212,34.13318248200261
0.4,0.6,0.45,0.45,0.15,0.15,0.2,456,14808.326878547668,45191.67312145233,203,32.47440104944664
0.4,0.7,0.45,0.35,0.15,0.15,0.1,456,14102.757627487183,45897.24237251282,216,30.92710006027891
0.4,0.8,0.45,0.45,0.1,0.15,0.1,452,13689.922221183777,46310.07777881622,273,30.287438542441983
0.4,0.6,0.45,0.45,0.1,0.15,0.2,447,14123.319211006165,45876.680788993835,201,31.59579241835831
0.4,0.6,0.45,0.35,0.1,0.15,0.1,447,12511.119193077087,47488.88080692291,206,27.989080968852544
0.4,0.7,0.45,0.45,0.15,0.15,0.2,446,14485.133193016052,45514.86680698395,209,32.47787711438577
0.4,0.6,0.35,0.45,0.2,0.15,0.1,443,16005.804985046387,43994.19501495361,194,36.130485293558436
0.4,0.7,0.45,0.35,0.1,0.15,0.1,442,12463.080839157104,47536.919160842896,214,28.19701547320612
0.4,0.7,0.45,0.45,0.1,0.15,0.2,439,13935.136827468872,46064.86317253113,209,31.742908490817477
0.45,0.6,0.45,0.45,0.2,0.15,0.1,438,14752.812923431396,45247.1870765686,192,33.68222128637305
0.4,0.8,0.45,0.35,0.2,0.15,0.1,438,14260.390309333801,45739.6096906662,265,32.55796874277124
0.4,0.6,0.45,0.45,0.2,0.1,0.1,435,14557.718001365662,45442.28199863434,193,33.46601839394405
0.4,0.6,0.35,0.45,0.15,0.15,0.1,434,14982.160316467285,45017.839683532715,195,34.5211067199707
0.4,0.6,0.45,0.25,0.2,0.15,0.1,434,14182.164891242981,45817.83510875702,199,32.6777992885783
0.4,0.6,0.45,0.35,0.2,0.15,0.2,432,14762.742480278015,45237.257519721985,195,34.17301500064355
0.4,0.7,0.35,0.45,0.2,0.15,0.1,431,15111.57059764862,44888.42940235138,199,35.06164871844228
0.45,0.7,0.45,0.45,0.2,0.15,0.1,430,14286.666180610657,45713.33381938934,196,33.224805071187575
0.4,0.7,0.45,0.25,0.2,0.15,0.1,430,13984.27436542511,46015.72563457489,201,32.5215682916863
0.4,0.8,0.45,0.45,0.2,0.15,0.2,429,14835.524250984192,45164.47574901581,235,34.581641610685764
0.4,0.7,0.45,0.45,0.2,0.1,0.1,429,14285.348467826843,45714.65153217316,199,33.29918057768495
0.4,0.7,0.35,0.45,0.15,0.15,0.1,427,14717.374899864197,45282.6251001358,199,34.46692014019718
0.4,0.6,0.45,0.45,0.15,0.1,0.1,427,13673.60530757904,46326.39469242096,193,32.022494865524685
0.4,0.6,0.45,0.45,0.2,0.15,0.3,426,14744.486260414124,45255.51373958588,184,34.611470094868835
0.45,0.6,0.45,0.45,0.15,0.15,0.1,426,13619.431453704834,46380.568546295166,189,31.97049637019914
0.4,0.7,0.45,0.35,0.2,0.15,0.2,425,14462.775752067566,45537.224247932434,199,34.03006059310015
0.4,0.6,0.35,0.45,0.1,0.15,0.1,424,13964.859848022461,46035.14015197754,192,32.93599020760014
0.4,0.8,0.45,0.35,0.15,0.15,0.1,424,12920.185448646545,47079.814551353455,267,30.47213549209091
0.45,0.7,0.45,0.45,0.15,0.15,0.1,423,13491.465538978577,46508.53446102142,196,31.89471758623777
0.4,0.7,0.45,0.45,0.15,0.1,0.1,420,13366.812205314636,46633.187794685364,197,31.825743345987227
0.4,0.6,0.45,0.35,0.15,0.15,0.2,419,13424.185563087463,46575.81443691254,191,32.03862902884836
0.4,0.7,0.45,0.45,0.2,0.15,0.3,417,14469.921111106873,45530.07888889313,192,34.70005062615557
0.4,0.6,0.45,0.45,0.15,0.15,0.3,414,13582.204203605652,46417.79579639435,182,32.807256530448434
0.4,0.7,0.45,0.35,0.15,0.15,0.2,413,13128.221675872803,46871.7783241272,196,31.78746168492204
0.4,0.8,0.45,0.35,0.1,0.15,0.1,413,11687.202273368835,48312.797726631165,264,28.298310589270788
0.4,0.8,0.45,0.45,0.15,0.15,0.2,412,13490.73836517334,46509.26163482666,232,32.744510595080925
0.4,0.6,0.45,0.45,0.1,0.1,0.1,412,12005.512328147888,47994.48767185211,187,29.139593029485166
0.45,0.6,0.45,0.45,0.1,0.15,0.1,412,11990.20877456665,48009.79122543335,185,29.10244848195789
0.4,0.7,0.35,0.45,0.1,0.15,0.1,411,13481.111598968506,46518.888401031494,197,32.80075814834186
0.4,0.6,0.45,0.25,0.15,0.15,0.1,411,11384.268151283264,48615.731848716736,190,27.69894927319529
0.4,0.6,0.45,0.25,0.1,0.15,0.1,409,11294.246704101562,48705.75329589844,192,27.61429512005272
0.4,0.7,0.45,0.25,0.15,0.15,0.1,408,11279.5469455719,48720.4530544281,194,27.645948396009558
0.45,0.8,0.45,0.45,0.2,0.15,0.1,407,13562.071559906006,46437.928440093994,232,33.3220431447322
0.4,0.7,0.45,0.25,0.1,0.15,0.1,406,11188.550954818726,48811.449045181274,198,27.558007277878634
0.4,0.7,0.45,0.45,0.15,0.15,0.3,405,13366.378659248352,46633.62134075165,189,33.00340409690951
0.4,0.8,0.45,0.45,0.2,0.1,0.1,404,13497.60634803772,46502.39365196228,235,33.409916703063665
0.4,0.6,0.45,0.35,0.1,0.15,0.2,404,11835.728747367859,48164.27125263214,186,29.296358285564008
0.4,0.7,0.45,0.45,0.1,0.1,0.1,404,11825.48430633545,48174.51569366455,194,29.27100075825606
0.45,0.7,0.45,0.45,0.1,0.15,0.1,404,11808.069873809814,48191.930126190186,192,29.227895727252015
0.4,0.6,0.45,0.45,0.1,0.15,0.3,403,12348.998518943787,47651.00148105621,178,30.642676225666964
0.4,0.8,0.45,0.45,0.1,0.15,0.2,402,12436.331090927124,47563.668909072876,231,30.93614699235603
0.4,0.6,0.45,0.35,0.2,0.1,0.1,398,13022.453539848328,46977.54646015167,179,32.71973251218173
0.45,0.6,0.45,0.35,0.2,0.15,0.1,398,13001.722346305847,46998.27765369415,177,32.667644086195594
0.4,0.8,0.35,0.45,0.2,0.15,0.1,397,14110.997734069824,45889.002265930176,230,35.54407489690132
0.4,0.8,0.45,0.25,0.2,0.15,0.1,397,12291.497197151184,47708.502802848816,255,30.960950118768725
0.4,0.6,0.45,0.35,0.2,0.15,0.3,396,13330.20967388153,46669.79032611847,176,33.662145641114975
0.45,0.8,0.45,0.45,0.15,0.15,0.1,396,12449.595182418823,47550.40481758118,232,31.438371672774807
0.4,0.8,0.45,0.35,0.2,0.15,0.2,395,13161.176316261292,46838.82368373871,226,33.3194337120539
0.4,0.7,0.45,0.35,0.1,0.15,0.2,395,11489.383819580078,48510.61618041992,189,29.087047644506526
0.45,0.6,0.45,0.45,0.2,0.15,0.2,394,13217.927974700928,46782.07202529907,170,33.54804054492621
0.4,0.7,0.45,0.45,0.1,0.15,0.3,394,12076.442558288574,47923.557441711426,186,30.650869437280644
0.4,0.6,0.35,0.35,0.2,0.15,0.1,393,13824.007328987122,46175.99267101288,176,35.17559116790616
0.4,0.8,0.45,0.45,0.15,0.1,0.1,392,12217.517210960388,47782.48278903961,238,31.16713574224589
0.4,0.6,0.45,0.45,0.2,0.1,0.2,391,13154.88572216034,46845.11427783966,172,33.64420900808271
0.4,0.6,0.45,0.25,0.2,0.15,0.2,390,12639.606408119202,47360.3935918808,178,32.40924720030564
0.4,0.7,0.45,0.35,0.2,0.1,0.1,390,12634.274205207825,47365.725794792175,181,32.39557488514827
0.4,0.6,0.35,0.45,0.2,0.15,0.2,389,14556.078702926636,45443.921297073364,169,37.41922545739495
0.45,0.7,0.45,0.35,0.2,0.15,0.1,389,12604.497906684875,47395.502093315125,180,32.40230824340585
0.4,0.8,0.45,0.45,0.2,0.15,0.3,388,13324.393698692322,46675.60630130768,207,34.341220872918356
0.4,0.6,0.35,0.35,0.15,0.15,0.1,388,13044.799324989319,46955.20067501068,175,33.62061681698278
0.4,0.7,0.45,0.35,0.2,0.15,0.3,388,13012.725935935974,46987.274064064026,181,33.53795344313395
0.4,0.7,0.35,0.35,0.2,0.15,0.1,387,13556.133458137512,46443.86654186249,179,35.028768625678325
0.45,0.7,0.45,0.45,0.2,0.15,0.2,387,12991.399764060974,47008.600235939026,175,33.56950843426608
0.4,0.8,0.35,0.45,0.15,0.15,0.1,386,13250.990015983582,46749.00998401642,233,34.32898967871394
0.4,0.6,0.45,0.35,0.15,0.15,0.3,386,12283.147875785828,47716.85212421417,174,31.821626621206807
0.45,0.6,0.45,0.45,0.15,0.15,0.2,385,12432.855712890625,47567.144287109375,169,32.293131721793834
0.4,0.7,0.45,0.25,0.2,0.15,0.2,385,12361.253603935242,47638.74639606476,181,32.10715221801362
0.4,0.7,0.45,0.45,0.2,0.1,0.2,384,12896.236556053162,47103.76344394684,176,33.583949364721775
0.45,0.8,0.45,0.45,0.1,0.15,0.1,384,11323.033285140991,48676.96671485901,233,29.487065846721332
0.45,0.6,0.45,0.35,0.15,0.15,0.1,384,11236.272810935974,48763.727189064026,173,29.26112711181243
0.4,0.8,0.45,0.25,0.15,0.15,0.1,383,10675.895495414734,49324.104504585266,250,27.874400771317845
0.4,0.7,0.35,0.45,0.2,0.15,0.2,382,13864.86168384552,46135.13831615448,175,36.29544943415058
0.4,0.8,0.45,0.45,0.1,0.1,0.1,382,11243.988308906555,48756.011691093445,239,29.43452436886533
0.4,0.6,0.45,0.35,0.15,0.1,0.1,381,11119.75179195404,48880.24820804596,173,29.18570024134919
0.4,0.6,0.45,0.45,0.15,0.1,0.2,380,12315.323901176453,47684.67609882355,169,32.40874710835909
0.4,0.8,0.45,0.35,0.15,0.15,0.2,380,11702.849245071411,48297.15075492859,225,30.796971697556344
0.4,0.8,0.45,0.25,0.1,0.15,0.1,380,10620.760565757751,49379.23943424225,254,27.94936990988882
0.4,0.7,0.35,0.35,0.15,0.15,0.1,379,12666.157551765442,47333.84244823456,179,33.419940769829665
0.45,0.6,0.45,0.35,0.1,0.15,0.1,379,10955.893691062927,49044.10630893707,172,28.907371216524876
0.45,0.7,0.45,0.45,0.15,0.15,0.2,378,12250.746718406677,47749.25328159332,174,32.40938285292772
0.4,0.6,0.45,0.35,0.1,0.1,0.1,378,10902.758814811707,49097.24118518829,173,28.843277287861657
0.4,0.6,0.35,0.45,0.15,0.15,0.2,377,13113.997835159302,46886.0021648407,167,34.78514014631114
0.4,0.7,0.45,0.45,0.15,0.1,0.2,377,12251.601437568665,47748.398562431335,176,32.49761654527497
0.4,0.8,0.45,0.45,0.15,0.15,0.3,376,12240.20171546936,47759.79828453064,204,32.55372796667383
0.45,0.7,0.45,0.35,0.15,0.15,0.1,376,10863.921154022217,49136.07884597778,176,28.89340732452717
0.4,0.8,0.35,0.45,0.1,0.15,0.1,375,12044.004748344421,47955.99525165558,232,32.117345995585126
0.4,0.7,0.45,0.35,0.15,0.15,0.3,375,11868.190004348755,48131.809995651245,177,31.648506678263345
0.4,0.7,0.45,0.35,0.15,0.1,0.1,375,10834.655727386475,49165.344272613525,178,28.8924152730306
0.4,0.6,0.45,0.35,0.1,0.15,0.3,373,11146.034363746643,48853.96563625336,169,29.88212966151915
0.4,0.6,0.45,0.25,0.15,0.15,0.2,373,10674.662034034729,49325.33796596527,171,28.618396874087747
0.4,0.6,0.45,0.45,0.1,0.1,0.2,372,11241.931403160095,48758.068596839905,167,30.22024570741961
0.45,0.6,0.45,0.45,0.1,0.15,0.2,372,11220.208103179932,48779.79189682007,165,30.161849739731
0.4,0.7,0.45,0.35,0.1,0.1,0.1,372,10643.298059463501,49356.7019405365,181,28.61101628888038
0.4,0.7,0.35,0.45,0.15,0.15,0.2,371,12869.06542301178,47130.93457698822,173,34.687507878737954
0.4,0.6,0.35,0.35,0.1,0.15,0.1,371,11150.94594669342,48849.05405330658,168,30.056458077340757
0.4,0.6,0.45,0.25,0.1,0.15,0.2,371,10625.504398345947,49374.49560165405,173,28.640173580447296
0.45,0.7,0.45,0.35,0.1,0.15,0.1,371,10615.59753036499,49384.40246963501,179,28.613470432250647
0.4,0.7,0.45,0.25,0.15,0.15,0.2,370,10582.778276443481,49417.22172355652,176,28.60210344984725
0.4,0.6,0.35,0.45,0.1,0.15,0.2,369,12410.159685134888,47589.84031486511,165,33.6318690654062
0.4,0.8,0.45,0.35,0.1,0.15,0.2,369,10789.603246688843,49210.39675331116,220,29.240117199698762
0.4,0.7,0.45,0.25,0.1,0.15,0.2,368,10564.60486984253,49435.39513015747,178,28.708165407180786
0.45,0.8,0.45,0.35,0.2,0.15,0.1,367,11572.307243347168,48427.69275665283,224,31.532172325196644
0.5,0.6,0.45,0.45,0.2,0.15,0.1,366,12181.772847175598,47818.2271528244,156,33.283532369332235
0.45,0.7,0.45,0.45,0.1,0.15,0.2,366,11001.041311264038,48998.95868873596,172,30.057489921486443
0.4,0.7,0.35,0.45,0.1,0.15,0.2,365,12243.57075881958,47756.42924118042,174,33.54402947621803
0.4,0.8,0.45,0.45,0.1,0.15,0.3,365,11149.179880142212,48850.82011985779,202,30.545698301759483
0.4,0.7,0.45,0.45,0.1,0.1,0.2,365,10972.538869857788,49027.46113014221,173,30.061750328377503
0.45,0.6,0.45,0.45,0.2,0.1,0.1,364,12154.724776268005,47845.275223731995,158,33.39210103370331
0.4,0.8,0.45,0.35,0.2,0.1,0.1,364,11471.363697052002,48528.636302948,227,31.514735431461546
0.4,0.7,0.35,0.35,0.1,0.15,0.1,364,10864.617450714111,49135.38254928589,177,29.847850139324482
0.45,0.8,0.45,0.45,0.2,0.15,0.2,363,12263.734150886536,47736.265849113464,203,33.78439160023839
0.45,0.6,0.45,0.45,0.2,0.15,0.3,361,12167.850509643555,47832.149490356445,156,33.70595709042536
0.4,0.6,0.45,0.45,0.2,0.05,0.1,361,12043.13029384613,47956.86970615387,158,33.36047172810562
0.4,0.7,0.45,0.35,0.1,0.15,0.3,361,10714.072814941406,49285.927185058594,171,29.6788720635496
0.5,0.7,0.45,0.45,0.2,0.15,0.1,360,11973.543860435486,48026.456139564514,160,33.25984405676524
0.4,0.6,0.45,0.25,0.2,0.15,0.3,360,11597.35537815094,48402.64462184906,163,32.21487605041928
0.4,0.8,0.35,0.35,0.2,0.15,0.1,359,12701.181153297424,47298.818846702576,222,35.37933468885076
0.4,0.8,0.45,0.45,0.2,0.1,0.2,359,12176.980021476746,47823.019978523254,206,33.919164405227704
0.45,0.6,0.45,0.35,0.2,0.15,0.2,359,11856.75414943695,48143.24585056305,159,33.02717033269346
0.4,0.6,0.45,0.45,0.2,0.1,0.3,358,12111.882821083069,47888.11717891693,157,33.83207491922645
0.4,0.6,0.35,0.45,0.2,0.15,0.3,357,13466.349143981934,46533.65085601807,156,37.72086594952923
0.4,0.6,0.45,0.35,0.2,0.1,0.2,357,11843.6307554245,48156.3692445755,160,33.17543628970448
0.4,0.8,0.45,0.25,0.2,0.15,0.2,357,11032.261716842651,48967.73828315735,209,30.902693884713308
0.45,0.7,0.45,0.45,0.2,0.1,0.1,356,11852.712292671204,48147.2877073288,161,33.2941356535708
0.45,0.6,0.35,0.45,0.2,0.15,0.1,355,13109.366106987,46890.633893013,151,36.9277918506676
0.45,0.7,0.45,0.45,0.2,0.15,0.3,355,11976.279852867126,48023.72014713287,161,33.7359995855412
0.4,0.8,0.45,0.35,0.2,0.15,0.3,355,11570.43301486969,48429.56698513031,197,32.592769055970955
0.4,0.7,0.45,0.25,0.2,0.15,0.3,355,11412.926766395569,48587.07323360443,167,32.14908948280442
0.4,0.7,0.45,0.45,0.2,0.05,0.1,354,11800.173546791077,48199.82645320892,162,33.333823578505864
0.5,0.6,0.45,0.45,0.15,0.15,0.1,354,10695.402083396912,49304.59791660309,153,30.213000235584495
0.45,0.8,0.45,0.35,0.15,0.15,0.1,354,10270.365023612976,49729.634976387024,220,29.0123305751779
0.4,0.7,0.45,0.45,0.2,0.1,0.3,352,11873.512089729309,48126.48791027069,162,33.73156843673099
0.45,0.7,0.45,0.35,0.2,0.15,0.2,352,11548.352543830872,48451.64745616913,162,32.807819726792246
0.4,0.8,0.35,0.45,0.2,0.15,0.2,351,13022.709444999695,46977.290555000305,203,37.10173631054044
0.4,0.6,0.35,0.45,0.2,0.1,0.1,351,12801.631260871887,47198.36873912811,152,36.47188393410794
0.4,0.7,0.45,0.35,0.2,0.1,0.2,351,11495.492726325989,48504.50727367401,163,32.75069152799427
0.45,0.6,0.45,0.45,0.15,0.1,0.1,351,10689.938334465027,49310.06166553497,155,30.455664770555632
0.4,0.6,0.45,0.25,0.15,0.15,0.3,351,10505.856209754944,49494.143790245056,160,29.93121427280611
0.4,0.8,0.45,0.35,0.15,0.1,0.1,351,10275.01511478424,49724.98488521576,225,29.27354733556764
0.4,0.6,0.35,0.35,0.2,0.15,0.2,350,12726.13492488861,47273.86507511139,156,36.36038549968175
0.45,0.8,0.45,0.45,0.15,0.15,0.2,350,11125.005729675293,48874.99427032471,204,31.785730656215122
0.45,0.6,0.45,0.45,0.15,0.15,0.3,350,11093.356101989746,48906.643898010254,154,31.69530314854213
0.4,0.6,0.45,0.45,0.15,0.1,0.3,349,11153.353646278381,48846.64635372162,155,31.958033370425163
0.4,0.6,0.45,0.45,0.15,0.05,0.1,349,10608.778338432312,49391.22166156769,155,30.39764566886049
0.4,0.6,0.45,0.25,0.2,0.1,0.1,349,10131.19833278656,49868.80166721344,157,29.029221583915646
0.45,0.6,0.45,0.25,0.2,0.15,0.1,349,10131.19833278656,49868.80166721344,157,29.029221583915646
0.45,0.7,0.35,0.45,0.2,0.15,0.1,348,12667.499718666077,47332.50028133392,155,36.400861260534704
0.5,0.7,0.45,0.45,0.15,0.15,0.1,348,10739.091403007507,49260.90859699249,157,30.859458054619274
0.4,0.6,0.35,0.25,0.2,0.15,0.1,347,12221.553275108337,47778.44672489166,156,35.22061462567244
0.4,0.8,0.35,0.35,0.15,0.15,0.1,347,11563.712619781494,48436.287380218506,228,33.32482022991785
0.4,0.8,0.45,0.45,0.15,0.1,0.2,347,11044.571802139282,48955.42819786072,206,31.828737181957585
0.4,0.8,0.45,0.35,0.1,0.1,0.1,347,10081.28510761261,49918.71489238739,227,29.05269483461847
0.45,0.8,0.45,0.35,0.1,0.15,0.1,347,10022.16564655304,49977.83435344696,223,28.88232174799147
0.4,0.7,0.35,0.45,0.2,0.15,0.3,346,12813.149403572083,47186.85059642792,159,37.03222370974591
0.4,0.8,0.45,0.35,0.15,0.15,0.3,346,10590.639640808105,49409.360359191895,192,30.60878508904077
0.45,0.7,0.45,0.25,0.2,0.15,0.1,346,10038.496373176575,49961.503626823425,159,29.01299529819819
0.4,0.7,0.35,0.45,0.2,0.1,0.1,345,12559.618790626526,47440.381209373474,156,36.40469214674356
0.45,0.7,0.45,0.45,0.15,0.1,0.1,345,10661.401375770569,49338.59862422943,158,30.902612683392952
0.45,0.6,0.45,0.45,0.1,0.1,0.1,345,10380.799918174744,49619.200081825256,154,30.089275125144184
0.5,0.6,0.45,0.45,0.1,0.15,0.1,345,10347.004740715027,49652.99525928497,152,29.991318089029065
0.4,0.7,0.45,0.25,0.2,0.1,0.1,345,9972.40685749054,50027.59314250946,159,28.905527123160983
0.4,0.8,0.45,0.25,0.15,0.15,0.2,345,9938.642292022705,50061.357707977295,206,28.807658817457117
0.45,0.6,0.45,0.25,0.15,0.15,0.1,345,9810.982100486755,50189.017899513245,157,28.437629276773205
0.45,0.6,0.35,0.45,0.15,0.15,0.1,344,11967.60791683197,48032.39208316803,150,34.78955789776735
0.4,0.7,0.45,0.45,0.15,0.1,0.3,344,10967.447337150574,49032.552662849426,160,31.8821143521819
0.4,0.7,0.45,0.45,0.15,0.05,0.1,344,10591.065999984741,49408.93400001526,159,30.787982558095177
0.4,0.6,0.45,0.45,0.1,0.05,0.1,344,10357.173476219177,49642.82652378082,154,30.1080624308697
0.4,0.6,0.45,0.25,0.15,0.1,0.1,344,9764.692118644714,50235.307881355286,157,28.38573290303696
0.4,0.6,0.35,0.45,0.15,0.1,0.1,343,11933.769764900208,48066.23023509979,151,34.7923316760939
0.45,0.7,0.45,0.45,0.15,0.15,0.3,343,10905.19176197052,49094.80823802948,159,31.793561988252247
0.4,0.7,0.45,0.25,0.15,0.15,0.3,343,10150.418453216553,49849.58154678345,163,29.593056714917065
0.4,0.6,0.45,0.25,0.1,0.15,0.3,343,10122.786184310913,49877.21381568909,158,29.512496164171758
0.4,0.7,0.35,0.25,0.2,0.15,0.1,342,12002.299958229065,47997.700041770935,157,35.094444322307204
0.45,0.6,0.45,0.35,0.15,0.15,0.2,342,10166.715640068054,49833.284359931946,153,29.72723871364928
0.4,0.7,0.35,0.35,0.2,0.15,0.2,341,12401.13885974884,47598.86114025116,157,36.36697612829572
0.45,0.6,0.45,0.45,0.1,0.15,0.3,341,10435.407625198364,49564.592374801636,151,30.602368402341245
0.45,0.8,0.45,0.45,0.1,0.15,0.2,341,10402.85322189331,49597.14677810669,201,30.506900943968652
0.4,0.8,0.35,0.45,0.15,0.15,0.2,340,12160.273895263672,47839.72610473633,201,35.76551145665786
0.5,0.8,0.45,0.45,0.2,0.15,0.1,340,11379.123805999756,48620.876194000244,190,33.468011194116926
0.4,0.6,0.45,0.45,0.1,0.1,0.3,340,10483.097949028015,49516.902050971985,153,30.832641026552984
0.4,0.6,0.45,0.35,0.15,0.1,0.2,340,10098.881464958191,49901.11853504181,154,29.70259254399468
0.4,0.6,0.35,0.45,0.15,0.15,0.3,339,11945.841438293457,48054.15856170654,151,35.238470319449725
0.4,0.7,0.45,0.25,0.15,0.1,0.1,339,9586.411052703857,50413.58894729614,161,28.278498680542352
0.45,0.7,0.45,0.25,0.15,0.15,0.1,339,9544.05234336853,50455.94765663147,160,28.153546735600383
0.45,0.7,0.35,0.45,0.15,0.15,0.1,338,11932.796029090881,48067.20397090912,154,35.304130263582486
0.4,0.8,0.45,0.25,0.1,0.15,0.2,338,9706.360801696777,50293.63919830322,210,28.7170437920023
0.4,0.6,0.45,0.25,0.1,0.1,0.1,338,9454.75260925293,50545.24739074707,158,27.972640855777897
0.4,0.7,0.35,0.45,0.15,0.1,0.1,337,11872.817231178284,48127.182768821716,154,35.23091166521746
0.45,0.7,0.45,0.35,0.15,0.15,0.2,337,10141.860441207886,49858.139558792114,158,30.094541368569395
0.4,0.7,0.45,0.35,0.15,0.1,0.2,337,10139.639938354492,49860.36006164551,159,30.087952339330837
0.5,0.7,0.45,0.45,0.1,0.15,0.1,337,10101.812246322632,49898.18775367737,157,29.975703995022645
0.4,0.8,0.45,0.35,0.1,0.15,0.3,337,10010.015882492065,49989.984117507935,193,29.703311224012065
0.45,0.6,0.45,0.25,0.1,0.15,0.1,337,9403.580631256104,50596.4193687439,157,27.90380009274808
0.4,0.6,0.35,0.35,0.15,0.15,0.2,336,11448.51526927948,48551.48473072052,151,34.07296211095083
0.45,0.8,0.45,0.45,0.2,0.1,0.1,336,11318.80276298523,48681.19723701477,194,33.68691298507509
0.4,0.7,0.45,0.45,0.1,0.05,0.1,336,10089.57850265503,49910.42149734497,161,30.028507448378065
0.45,0.7,0.45,0.45,0.1,0.1,0.1,336,10070.797872543335,49929.202127456665,159,29.972612715902784
0.45,0.6,0.45,0.35,0.1,0.15,0.2,336,9877.102648735046,50122.89735126495,152,29.396138835520972
0.4,0.7,0.35,0.45,0.15,0.15,0.3,335,11968.891110420227,48031.10888957977,156,35.728033165433516
0.4,0.8,0.35,0.35,0.1,0.15,0.1,335,10223.295818328857,49776.70418167114,226,30.517300950235395
0.4,0.8,0.45,0.45,0.1,0.1,0.2,335,10222.103553771973,49777.89644622803,201,30.513741951558128
0.4,0.6,0.45,0.35,0.1,0.1,0.2,335,9840.651801109314,50159.348198890686,154,29.375080003311385
0.4,0.8,0.45,0.45,0.2,0.05,0.1,334,11330.737406730652,48669.26259326935,199,33.92436349320555
0.45,0.7,0.45,0.45,0.1,0.15,0.3,334,10210.986171722412,49789.01382827759,156,30.571814885396442
0.4,0.7,0.45,0.45,0.1,0.1,0.3,334,10193.844249725342,49806.15575027466,158,30.520491765644735
0.4,0.7,0.45,0.25,0.1,0.15,0.3,334,9796.456783294678,50203.54321670532,162,29.330708932019995
0.45,0.6,0.35,0.45,0.1,0.15,0.1,333,10715.014094352722,49284.98590564728,147,32.177219502560725
0.45,0.7,0.45,0.25,0.1,0.15,0.1,333,9303.7676486969,50696.2323513031,162,27.93924218827898
0.4,0.7,0.35,0.35,0.15,0.15,0.2,332,11263.230124473572,48736.76987552643,155,33.92539194118546
0.4,0.6,0.35,0.45,0.1,0.1,0.1,331,10675.275498390198,49324.7245016098,147,32.2515876084296
0.4,0.7,0.45,0.35,0.1,0.1,0.2,331,9751.709453582764,50248.290546417236,159,29.461357865808953
0.45,0.7,0.45,0.35,0.1,0.15,0.2,331,9744.526174545288,50255.47382545471,157,29.439656116451022
0.4,0.7,0.45,0.25,0.1,0.1,0.1,331,9275.053409576416,50724.946590423584,163,28.021309394490682
0.4,0.8,0.45,0.25,0.2,0.15,0.3,330,10389.7261428833,49610.2738571167,189,31.484018614797883
0.5,0.6,0.45,0.35,0.2,0.15,0.1,329,10722.092354774475,49277.907645225525,141,32.58994636709567
0.5,0.8,0.45,0.45,0.15,0.15,0.1,329,10261.68956375122,49738.31043624878,188,31.190545786477873
0.4,0.6,0.35,0.25,0.15,0.15,0.1,329,10068.748412132263,49931.25158786774,149,30.60409851711934
0.45,0.7,0.35,0.45,0.1,0.15,0.1,328,10747.85753250122,49252.14246749878,155,32.76785833079641
0.4,0.6,0.25,0.45,0.2,0.15,0.1,327,13583.869820594788,46416.13017940521,136,41.54088630151311
0.45,0.8,0.45,0.45,0.2,0.15,0.3,327,11399.443095207214,48600.556904792786,177,34.860682248340105
0.5,0.6,0.45,0.45,0.2,0.15,0.2,327,11208.837540626526,48791.162459373474,138,34.277790644117815
0.4,0.7,0.35,0.45,0.1,0.1,0.1,327,10901.773977279663,49098.22602272034,156,33.33875834030478
0.45,0.8,0.45,0.35,0.2,0.15,0.2,327,10806.834109306335,49193.165890693665,190,33.048422352618765
0.4,0.7,0.35,0.25,0.15,0.15,0.1,327,10142.662631988525,49857.337368011475,155,31.0173169173961
0.4,0.6,0.45,0.35,0.2,0.1,0.3,326,10650.109322547913,49349.89067745209,145,32.66904700168072
0.4,0.6,0.35,0.45,0.1,0.15,0.3,326,10601.961256027222,49398.03874397278,147,32.521353546095774
0.45,0.6,0.45,0.35,0.2,0.15,0.3,326,10601.482367515564,49398.517632484436,143,32.519884562931175
0.4,0.7,0.45,0.35,0.2,0.1,0.3,325,10935.314173698425,49064.685826301575,151,33.64712053445669
0.4,0.8,0.45,0.35,0.2,0.1,0.2,325,10921.84647846222,49078.15352153778,194,33.60568147219144
0.45,0.7,0.45,0.35,0.2,0.15,0.3,325,10913.02817440033,49086.97182559967,150,33.57854822892409
0.45,0.6,0.45,0.35,0.2,0.1,0.1,325,10558.552041053772,49441.44795894623,141,32.48785243401161
0.45,0.8,0.45,0.45,0.15,0.1,0.1,325,10239.901440620422,49760.09855937958,197,31.507389048062837
0.4,0.6,0.35,0.35,0.1,0.15,0.2,325,10159.169962882996,49840.830037117004,148,31.25898450117845
0.45,0.6,0.45,0.45,0.2,0.1,0.2,324,11107.821555137634,48892.178444862366,138,34.283399861535905
0.4,0.6,0.45,0.45,0.2,0.05,0.2,323,11292.223324775696,48707.776675224304,140,34.96044372995571
0.4,0.8,0.45,0.45,0.2,0.1,0.3,323,11283.593302726746,48716.406697273254,179,34.93372539543884
0.4,0.7,0.35,0.45,0.1,0.15,0.3,323,10671.958253860474,49328.04174613953,153,33.040118433004565
0.4,0.6,0.45,0.35,0.2,0.05,0.1,323,10504.764101982117,49495.23589801788,142,32.52248947982079
0.45,0.8,0.45,0.25,0.2,0.15,0.1,323,9735.574946403503,50264.4250535965,204,30.141098905274003
0.5,0.7,0.45,0.45,0.2,0.15,0.2,322,11148.91754436493,48851.08245563507,141,34.62396752908363
0.4,0.8,0.45,0.25,0.2,0.1,0.1,322,9949.4535446167,50050.5464553833,213,30.898924051604656
0.5,0.8,0.45,0.45,0.1,0.15,0.1,322,9800.995316505432,50199.00468349457,194,30.437873653743576
0.4,0.8,0.35,0.45,0.1,0.15,0.2,321,10570.147857666016,49429.852142333984,194,32.9288095254393
0.4,0.8,0.45,0.45,0.15,0.05,0.1,321,10156.930655479431,49843.06934452057,200,31.641528521742774
0.4,0.6,0.25,0.45,0.15,0.15,0.1,320,12916.98721408844,47083.01278591156,137,40.365585044026375
0.45,0.8,0.35,0.45,0.2,0.15,0.1,320,11992.921349525452,48007.07865047455,186,37.47787921726704
0.45,0.7,0.45,0.45,0.2,0.1,0.2,320,11269.52843952179,48730.47156047821,144,35.21727637350559
0.4,0.7,0.35,0.35,0.1,0.15,0.2,320,9918.395763397217,50081.60423660278,154,30.994986760616303
0.4,0.6,0.35,0.25,0.1,0.15,0.1,320,9262.273700714111,50737.72629928589,148,28.944605314731596
0.4,0.6,0.35,0.35,0.2,0.15,0.3,319,11769.011523246765,48230.988476753235,141,36.8934530509303
0.45,0.6,0.45,0.35,0.15,0.15,0.3,319,9800.658408164978,50199.34159183502,142,30.72306711023504
0.45,0.8,0.45,0.45,0.1,0.1,0.1,319,9709.693335533142,50290.30666446686,197,30.437910142737124
0.4,0.8,0.35,0.45,0.2,0.1,0.1,318,11949.036965370178,48050.96303462982,189,37.575587941415655
0.4,0.7,0.45,0.45,0.2,0.05,0.2,318,11212.932282447815,48787.067717552185,144,35.26079334103086
0.5,0.7,0.45,0.35,0.2,0.15,0.1,318,10224.199677467346,49775.800322532654,143,32.151571312790395
0.4,0.6,0.35,0.25,0.2,0.15,0.2,317,11491.126099586487,48508.87390041351,142,36.24960914696052
0.45,0.7,0.45,0.35,0.2,0.1,0.1,317,10227.739064216614,49772.260935783386,144,32.26416108585683
0.4,0.6,0.45,0.35,0.15,0.1,0.3,317,9736.094582557678,50263.90541744232,142,30.713232121633055
0.45,0.6,0.45,0.25,0.2,0.15,0.2,317,9590.167025566101,50409.8329744339,142,30.252892825129656
0.4,0.6,0.45,0.25,0.2,0.1,0.2,317,9572.787384986877,50427.21261501312,143,30.198067460526428
0.4,0.8,0.45,0.25,0.15,0.15,0.3,317,9410.804899215698,50589.1951007843,185,29.687081700995893
0.4,0.8,0.35,0.35,0.2,0.15,0.2,316,11775.829266548157,48224.17073345184,189,37.26528248907645
0.4,0.8,0.35,0.25,0.2,0.15,0.1,316,11316.565984725952,48683.43401527405,211,35.811917673183395
0.4,0.7,0.45,0.35,0.2,0.05,0.1,316,10178.636883735657,49821.36311626434,144,32.21087621435334
0.5,0.6,0.45,0.35,0.15,0.15,0.1,316,9679.936455726624,50320.06354427338,139,30.632710302932352
0.45,0.6,0.35,0.35,0.2,0.15,0.1,315,11980.34631061554,48019.65368938446,136,38.03284543052552
0.45,0.7,0.45,0.25,0.2,0.15,0.2,315,9715.489300727844,50284.510699272156,146,30.84282317691379
0.45,0.6,0.45,0.35,0.15,0.1,0.1,315,9636.07022190094,50363.92977809906,139,30.590699117145842
0.45,0.8,0.45,0.35,0.15,0.15,0.2,315,9611.861001968384,50388.138998031616,189,30.51384445069328
0.4,0.7,0.35,0.25,0.1,0.15,0.1,315,9117.904613494873,50882.09538650513,155,28.945728931729757
0.45,0.8,0.45,0.25,0.15,0.15,0.1,315,9051.727619171143,50948.27238082886,207,28.735643235463943
0.45,0.6,0.35,0.45,0.2,0.15,0.2,314,12490.845547676086,47509.15445232391,132,39.779762890688176
0.5,0.6,0.45,0.45,0.15,0.15,0.2,314,10250.985507011414,49749.01449298859,134,32.64645065927202
0.45,0.8,0.45,0.45,0.15,0.15,0.3,314,10147.761095046997,49852.238904953,173,32.31771049378025
0.45,0.7,0.45,0.35,0.15,0.15,0.3,314,9615.391872406006,50384.608127593994,147,30.62226710957327
0.4,0.8,0.45,0.45,0.1,0.05,0.1,314,9557.813099861145,50442.186900138855,198,30.438895222487723
0.4,0.6,0.45,0.35,0.15,0.05,0.1,314,9556.012907981873,50443.98709201813,140,30.433162127330803
0.45,0.6,0.45,0.35,0.1,0.15,0.3,314,9471.66390323639,50528.33609676361,141,30.164534723682767
0.4,0.8,0.45,0.25,0.15,0.1,0.1,314,9165.847490310669,50834.15250968933,215,29.19059710290022
0.4,0.7,0.25,0.45,0.2,0.15,0.1,313,12453.837918281555,47546.162081718445,139,39.788619547225416
0.4,0.6,0.25,0.45,0.1,0.15,0.1,313,12142.266755104065,47857.733244895935,137,38.79318452109925
0.4,0.7,0.45,0.25,0.2,0.1,0.2,313,9611.847138404846,50388.152861595154,146,30.70877680001548
0.4,0.8,0.45,0.35,0.15,0.1,0.2,313,9563.77882194519,50436.22117805481,190,30.555203903978246
0.4,0.8,0.35,0.45,0.2,0.15,0.3,312,11845.457894325256,48154.542105674744,173,37.96621119976044
0.4,0.7,0.35,0.35,0.2,0.15,0.3,312,11544.696028709412,48455.30397129059,144,37.002230861248115
0.4,0.6,0.45,0.45,0.15,0.05,0.2,312,10350.424605369568,49649.57539463043,137,33.17443783772298
0.45,0.6,0.45,0.45,0.15,0.1,0.2,312,10162.568396568298,49837.4316034317,135,32.572334604385574
0.4,0.8,0.45,0.45,0.15,0.1,0.3,312,10084.144731521606,49915.85526847839,176,32.320976703594894
0.5,0.7,0.45,0.35,0.15,0.15,0.1,312,9626.683915138245,50373.316084861755,142,30.854756138263603
0.4,0.7,0.45,0.35,0.15,0.1,0.3,312,9531.978895187378,50468.02110481262,147,30.55121440765185
0.4,0.6,0.35,0.45,0.2,0.1,0.2,311,12305.231722831726,47694.768277168274,133,39.56666148820491
0.4,0.6,0.35,0.35,0.2,0.1,0.1,311,11827.278569221497,48172.7214307785,136,38.029834627721854
0.4,0.7,0.35,0.25,0.2,0.15,0.2,311,11207.927138328552,48792.07286167145,145,36.038350927101455
0.45,0.8,0.35,0.45,0.15,0.15,0.1,311,11178.169246673584,48821.830753326416,190,35.942666388017955
0.5,0.7,0.45,0.45,0.15,0.15,0.2,311,10367.855444908142,49632.14455509186,140,33.33715577140882
0.45,0.6,0.45,0.35,0.1,0.1,0.1,311,9410.328366279602,50589.6716337204,138,30.25829056681544
0.5,0.6,0.45,0.35,0.1,0.15,0.1,311,9409.729035377502,50590.2709646225,138,30.256363457805474
0.4,0.6,0.45,0.35,0.1,0.1,0.3,311,9327.62129497528,50672.37870502472,141,29.992351430788684
0.45,0.8,0.45,0.25,0.1,0.15,0.1,311,8878.082845687866,51121.917154312134,212,28.546890179060664
0.4,0.6,0.35,0.35,0.15,0.15,0.3,310,11005.684357643127,48994.31564235687,139,35.50220760530041
0.45,0.7,0.45,0.45,0.15,0.1,0.2,310,10349.495293617249,49650.50470638275,142,33.3854686890879
0.4,0.7,0.45,0.45,0.15,0.05,0.2,310,10346.096822738647,49653.90317726135,143,33.374505879802086
0.4,0.8,0.45,0.25,0.1,0.15,0.3,310,9038.875003814697,50961.1249961853,183,29.157661302628057
0.4,0.6,0.45,0.35,0.1,0.05,0.1,309,9334.854469299316,50665.14553070068,139,30.209885013913645
0.4,0.7,0.25,0.45,0.15,0.15,0.1,308,12142.430432319641,47857.56956768036,139,39.423475429609226
0.45,0.8,0.45,0.45,0.1,0.15,0.3,308,9559.881008148193,50440.11899185181,170,31.038574701779847
0.45,0.6,0.45,0.25,0.15,0.15,0.2,308,8849.456114768982,51150.54388523102,140,28.732000372626565
0.4,0.8,0.45,0.25,0.1,0.1,0.1,308,8831.31033706665,51168.68966293335,216,28.673085509956657
0.4,0.8,0.35,0.45,0.15,0.1,0.1,307,11054.093658447266,48945.906341552734,194,36.006819734355915
0.45,0.7,0.45,0.35,0.15,0.1,0.1,307,9428.037306785583,50571.96269321442,142,30.71021924034392
0.4,0.7,0.45,0.35,0.15,0.05,0.1,307,9427.344221115112,50572.65577888489,144,30.707961632296783
0.45,0.8,0.45,0.35,0.1,0.15,0.2,307,9151.723985671997,50848.276014328,185,29.810175849094453
0.4,0.6,0.45,0.25,0.15,0.1,0.2,307,8803.343543052673,51196.65645694733,140,28.675386133722064
0.45,0.6,0.45,0.45,0.1,0.1,0.2,305,9506.795245170593,50493.20475482941,134,31.169820475969157
0.45,0.6,0.45,0.25,0.1,0.15,0.2,305,8852.57951927185,51147.42048072815,141,29.024850882858527
0.4,0.6,0.45,0.25,0.1,0.1,0.2,305,8840.848066329956,51159.151933670044,142,28.986387102721167
0.4,0.7,0.45,0.25,0.15,0.1,0.2,305,8777.795682907104,51222.204317092896,145,28.779657976744605
0.45,0.7,0.45,0.25,0.15,0.15,0.2,305,8771.93265914917,51228.06734085083,144,28.760434948030067
0.45,0.7,0.35,0.35,0.2,0.15,0.1,304,11533.464886665344,48466.535113334656,137,37.93902923245179
0.4,0.8,0.35,0.45,0.15,0.15,0.3,304,11247.577249526978,48752.42275047302,174,36.998609373444005
0.4,0.7,0.35,0.35,0.15,0.15,0.3,304,10679.691006660461,49320.30899333954,142,35.13056252190941
0.5,0.6,0.45,0.45,0.1,0.15,0.2,304,9467.11464214325,50532.88535785675,132,31.141824480734375
0.4,0.8,0.45,0.45,0.1,0.1,0.3,304,9431.873514175415,50568.126485824585,174,31.025899717682286
0.4,0.7,0.45,0.35,0.1,0.1,0.3,304,9123.48907661438,50876.51092338562,145,30.011477225705196
0.45,0.7,0.45,0.35,0.1,0.15,0.3,304,9041.574661254883,50958.42533874512,144,29.74202191202264
0.45,0.7,0.35,0.45,0.2,0.15,0.2,303,11753.748475074768,48246.25152492523,135,38.791249092656
0.4,0.7,0.35,0.35,0.2,0.1,0.1,303,11463.857281684875,48536.142718315125,137,37.83451248080817
0.5,0.6,0.45,0.45,0.2,0.15,0.3,303,11082.627358436584,48917.372641563416,128,36.57632791563229
0.5,0.8,0.45,0.45,0.2,0.15,0.2,303,10995.5112657547,49004.4887342453,167,36.28881605859637
0.55,0.6,0.45,0.45,0.2,0.15,0.1,303,10246.929995536804,49753.070004463196,124,33.81825081035249
0.5,0.6,0.45,0.45,0.2,0.1,0.1,303,10238.87157535553,49761.12842464447,126,33.79165536420967
0.4,0.8,0.35,0.25,0.15,0.15,0.1,303,10024.968872070312,49975.03112792969,212,33.08570584841687
0.4,0.6,0.45,0.45,0.1,0.05,0.2,303,9467.756196022034,50532.243803977966,135,31.2467201188846
0.4,0.8,0.45,0.35,0.1,0.1,0.2,303,9067.30732345581,50932.69267654419,186,29.92510667807198
0.4,0.7,0.25,0.45,0.1,0.15,0.1,302,11685.87692451477,48314.12307548523,144,38.69495670369129
0.4,0.8,0.35,0.35,0.15,0.15,0.2,302,10714.64204788208,49285.35795211792,189,35.478947178417485
0.45,0.8,0.45,0.35,0.2,0.15,0.3,302,10418.210131645203,49581.7898683548,171,34.49738454187153
0.45,0.6,0.45,0.45,0.2,0.05,0.1,302,10270.570950508118,49729.42904949188,128,34.00851308115271
0.55,0.7,0.45,0.45,0.2,0.15,0.1,302,10259.320769309998,49740.67923069,129,33.9712608255298
0.5,0.8,0.45,0.35,0.2,0.15,0.1,302,10166.186495780945,49833.813504219055,176,33.66286919132763
0.45,0.6,0.35,0.45,0.15,0.15,0.2,301,11331.405745506287,48668.59425449371,130,37.64586626414049
0.45,0.6,0.35,0.35,0.15,0.15,0.1,301,10627.886429786682,49372.11357021332,132,35.30859278998898
0.45,0.8,0.45,0.35,0.2,0.1,0.1,301,10277.078169822693,49722.92183017731,180,34.143116843264764
0.4,0.6,0.35,0.25,0.15,0.15,0.2,301,9661.872965812683,50338.12703418732,136,32.09924573359695
0.4,0.7,0.35,0.45,0.2,0.1,0.2,300,11627.544713020325,48372.455286979675,135,38.75848237673441
0.4,0.6,0.35,0.45,0.15,0.1,0.2,300,11311.290831565857,48688.70916843414,131,37.70430277188619
0.4,0.6,0.45,0.45,0.2,0.05,0.3,300,11154.3777551651,48845.6222448349,130,37.18125918388367
0.45,0.6,0.45,0.25,0.2,0.15,0.3,300,9592.11211681366,50407.88788318634,135,31.973707056045534
0.5,0.7,0.45,0.35,0.1,0.15,0.1,300,8929.217512130737,51070.78248786926,143,29.764058373769124
0.4,0.7,0.45,0.35,0.1,0.05,0.1,300,8906.245552062988,51093.75444793701,146,29.687485173543294
0.5,0.7,0.45,0.45,0.2,0.15,0.3,299,11236.21155834198,48763.78844165802,133,37.579302870708965
0.45,0.6,0.45,0.45,0.2,0.1,0.3,299,10984.530934333801,49015.4690656662,128,36.73756165329031
0.45,0.8,0.45,0.45,0.2,0.1,0.2,299,10867.250824928284,49132.749175071716,172,36.34532048470998
0.4,0.6,0.35,0.35,0.15,0.1,0.1,299,10537.130883216858,49462.86911678314,132,35.241240412096516
0.5,0.7,0.45,0.45,0.2,0.1,0.1,299,10522.255089759827,49477.74491024017,131,35.19148859451447
0.4,0.8,0.45,0.35,0.2,0.05,0.1,299,10221.042406082153,49778.95759391785,188,34.18408831465603
0.45,0.8,0.35,0.45,0.1,0.15,0.1,299,9916.557317733765,50083.442682266235,189,33.16574353757112
0.4,0.6,0.45,0.25,0.2,0.1,0.3,299,9543.009936332703,50456.9900636673,135,31.91642119174817
0.45,0.7,0.45,0.35,0.1,0.1,0.1,299,8883.051872253418,51116.94812774658,144,29.70920358613183
0.4,0.7,0.45,0.25,0.1,0.1,0.2,299,8651.070655822754,51348.929344177246,147,28.93334667499249
0.45,0.7,0.45,0.25,0.1,0.15,0.2,299,8599.489402770996,51400.510597229004,144,28.76083412297992
0.45,0.7,0.45,0.45,0.2,0.1,0.3,298,11170.779843330383,48829.22015666962,134,37.48583840043753
0.4,0.7,0.45,0.45,0.2,0.05,0.3,298,11164.021071434021,48835.97892856598,136,37.46315795783229
0.45,0.7,0.45,0.45,0.2,0.05,0.1,298,10664.088349342346,49335.911650657654,132,35.78553137363203
0.4,0.8,0.45,0.35,0.2,0.1,0.3,298,10329.605006217957,49670.39499378204,172,34.663104047711265
0.4,0.7,0.45,0.25,0.2,0.1,0.3,298,9806.165865898132,50193.83413410187,139,32.906596865429975
0.45,0.7,0.45,0.25,0.2,0.15,0.3,298,9806.165865898132,50193.83413410187,139,32.906596865429975
0.45,0.8,0.45,0.25,0.2,0.15,0.2,298,9776.776288032532,50223.22371196747,177,32.80797412091454
0.4,0.6,0.35,0.35,0.1,0.15,0.3,298,9475.233582496643,50524.76641750336,134,31.79608584730417
0.5,0.7,0.45,0.45,0.1,0.15,0.2,298,9247.284358978271,50752.71564102173,138,31.03115556704118
0.45,0.7,0.35,0.35,0.15,0.15,0.1,297,10819.852892875671,49180.14710712433,136,36.43048112079351
0.4,0.8,0.45,0.45,0.2,0.05,0.2,297,10792.33640575409,49207.66359424591,176,36.33783301600703
0.4,0.7,0.35,0.25,0.15,0.15,0.2,297,9934.097925186157,50065.90207481384,141,33.448141162242955
0.4,0.8,0.45,0.25,0.2,0.1,0.2,297,9775.04920578003,50224.95079421997,180,32.91262358848495
0.55,0.6,0.45,0.45,0.15,0.15,0.1,297,9612.73251247406,50387.26748752594,125,32.366102735602894
0.45,0.7,0.45,0.45,0.1,0.1,0.2,297,9167.533164978027,50832.46683502197,140,30.86711503359605
0.5,0.6,0.45,0.45,0.15,0.1,0.1,296,9638.969031333923,50361.03096866608,126,32.56408456531731
0.4,0.7,0.45,0.45,0.1,0.05,0.2,296,9127.296142578125,50872.703857421875,141,30.835459941142314
0.4,0.7,0.35,0.45,0.15,0.1,0.2,295,11161.719902992249,48838.28009700775,135,37.83633865421101
0.45,0.7,0.35,0.45,0.15,0.15,0.2,295,11161.719902992249,48838.28009700775,135,37.83633865421101
0.4,0.7,0.35,0.35,0.15,0.1,0.1,295,10707.365838050842,49292.63416194916,137,36.296155383223194
0.45,0.6,0.45,0.45,0.15,0.05,0.1,295,9810.388501167297,50189.6114988327,128,33.25555424124508
0.4,0.8,0.35,0.45,0.1,0.1,0.1,295,9803.559967041016,50196.440032958984,192,33.23240666793565
0.4,0.6,0.45,0.35,0.2,0.05,0.2,294,10378.516158103943,49621.48384189606,129,35.301075367700484
0.5,0.6,0.45,0.35,0.2,0.15,0.2,294,10098.724844932556,49901.275155067444,126,34.34940423446448
0.45,0.7,0.45,0.35,0.2,0.1,0.2,293,10535.00060749054,49464.99939250946,133,35.955633472663955
0.45,0.6,0.45,0.35,0.2,0.1,0.2,293,10082.099135398865,49917.900864601135,127,34.40989466006438
0.5,0.7,0.45,0.35,0.2,0.15,0.2,292,10273.10162448883,49726.89837551117,131,35.1818548783864
0.5,0.8,0.45,0.35,0.15,0.15,0.1,292,9075.21216392517,50924.78783607483,176,31.0794937120725
0.4,0.8,0.35,0.45,0.1,0.15,0.3,291,10137.490856170654,49862.509143829346,170,34.8367383373562
0.55,0.7,0.45,0.45,0.15,0.15,0.1,291,9616.304242134094,50383.695757865906,128,33.04571904513435
0.5,0.8,0.45,0.45,0.15,0.15,0.2,291,9541.619193077087,50458.38080692291,165,32.78906939201748
0.45,0.8,0.45,0.35,0.15,0.15,0.3,291,9184.05731010437,50815.94268989563,165,31.56033439898409
0.4,0.8,0.35,0.25,0.1,0.15,0.1,291,8878.069215774536,51121.930784225464,210,30.50882892018741
0.4,0.6,0.35,0.25,0.2,0.15,0.3,290,10747.361691474915,49252.638308525085,130,37.05986790163764
0.5,0.7,0.45,0.45,0.15,0.1,0.1,290,9783.729268074036,50216.270731925964,130,33.73699747611737
0.45,0.8,0.45,0.35,0.15,0.1,0.1,290,9080.098279953003,50919.901720047,184,31.31068372397587
0.45,0.6,0.45,0.25,0.15,0.15,0.3,290,8588.022770881653,51411.97722911835,132,29.61387162372984
0.4,0.7,0.45,0.35,0.2,0.05,0.2,289,10331.575856208801,49668.4241437912,133,35.74939742632803
0.45,0.7,0.45,0.45,0.15,0.05,0.1,289,9744.873139381409,50255.12686061859,130,33.71928421931283
0.5,0.6,0.45,0.45,0.15,0.15,0.3,289,9685.865448951721,50314.13455104828,124,33.51510535969454
0.4,0.6,0.35,0.35,0.1,0.1,0.1,289,9350.658804893494,50649.341195106506,129,32.35522077817818
0.45,0.6,0.35,0.35,0.1,0.15,0.1,289,9346.797966957092,50653.20203304291,128,32.34186147736018
0.4,0.6,0.45,0.25,0.15,0.1,0.3,289,8550.47012424469,51449.52987575531,132,29.586401813995465
0.4,0.6,0.45,0.45,0.15,0.05,0.3,288,9701.770237922668,50298.22976207733,126,33.68670221500926
0.45,0.6,0.45,0.45,0.15,0.1,0.3,288,9701.770237922668,50298.22976207733,126,33.68670221500926
0.4,0.8,0.45,0.35,0.15,0.05,0.1,288,9030.75942993164,50969.24057006836,188,31.35680357615153
0.4,0.7,0.35,0.35,0.1,0.15,0.3,288,9021.12441444397,50978.87558555603,137,31.323348661263783
0.4,0.6,0.35,0.25,0.1,0.15,0.2,288,8533.277124404907,51466.72287559509,133,29.62943445973926
0.45,0.6,0.35,0.45,0.1,0.15,0.2,287,9995.163132667542,50004.83686733246,126,34.82635237863255
0.4,0.6,0.35,0.45,0.1,0.1,0.2,287,9987.80763912201,50012.19236087799,127,34.80072348126136
0.45,0.8,0.45,0.45,0.15,0.1,0.2,287,9489.850099563599,50510.1499004364,173,33.0656797894202
0.4,0.8,0.45,0.35,0.15,0.1,0.3,287,9166.049139022827,50833.95086097717,167,31.937453446072567
0.55,0.6,0.45,0.45,0.1,0.15,0.1,287,9031.5834608078,50968.4165391922,123,31.468931919190943
0.5,0.8,0.45,0.35,0.1,0.15,0.1,287,8634.80228805542,51365.19771194458,183,30.08641912214432
0.5,0.6,0.35,0.45,0.2,0.15,0.1,286,11810.878890991211,48189.12110900879,115,41.29677933913011
0.45,0.6,0.35,0.45,0.2,0.15,0.3,286,11757.112565040588,48242.88743495941,121,41.10878519244961
0.5,0.6,0.45,0.25,0.2,0.15,0.1,286,9430.903792381287,50569.09620761871,125,32.97518808524925
0.4,0.6,0.45,0.25,0.2,0.05,0.1,286,9415.84089756012,50584.15910243988,126,32.92252062083958
0.45,0.6,0.45,0.25,0.1,0.15,0.3,286,8447.542081832886,51552.457918167114,132,29.53686042598911
0.4,0.7,0.45,0.25,0.15,0.1,0.3,286,8445.498136520386,51554.501863479614,136,29.52971376405729
0.45,0.7,0.45,0.25,0.15,0.15,0.3,286,8442.30633354187,51557.69366645813,135,29.518553613782764
0.4,0.6,0.45,0.25,0.1,0.1,0.3,286,8436.879264831543,51563.12073516846,133,29.49957784906134
0.45,0.6,0.35,0.45,0.2,0.1,0.1,285,11773.919348716736,48226.080651283264,117,41.31199771479557
0.4,0.6,0.35,0.45,0.2,0.1,0.3,285,11613.5392370224,48386.4607629776,122,40.74926048078035
0.4,0.7,0.45,0.25,0.2,0.05,0.1,285,9753.132723808289,50246.86727619171,129,34.22151832915189
0.5,0.7,0.45,0.25,0.2,0.15,0.1,285,9536.291268348694,50463.708731651306,128,33.460671117012964
0.4,0.8,0.45,0.45,0.15,0.05,0.2,285,9457.641468048096,50542.358531951904,177,33.184706905431916
0.45,0.6,0.45,0.25,0.2,0.1,0.1,285,9198.741381645203,50801.2586183548,125,32.27628554963229
0.45,0.8,0.45,0.25,0.15,0.15,0.2,285,8438.748643875122,51561.25135612488,173,29.609644364474114
0.4,0.8,0.25,0.45,0.2,0.15,0.1,284,11591.351574897766,48408.648425102234,159,40.81461822147101
0.4,0.8,0.35,0.35,0.2,0.15,0.3,284,10788.403290748596,49211.596709251404,164,37.98733553080491
0.5,0.7,0.45,0.45,0.15,0.15,0.3,284,9568.813401222229,50431.18659877777,129,33.693004933881085
0.45,0.7,0.45,0.45,0.15,0.1,0.3,284,9526.50681591034,50473.49318408966,130,33.544038084191335
0.45,0.7,0.45,0.25,0.2,0.1,0.1,284,9487.788418769836,50512.21158123016,128,33.40770569989379
0.4,0.8,0.35,0.35,0.1,0.15,0.2,284,9212.000160217285,50787.999839782715,183,32.43662028245523
0.5,0.8,0.45,0.45,0.1,0.15,0.2,284,9018.837022781372,50981.16297721863,168,31.756468390075252
0.4,0.6,0.25,0.35,0.2,0.15,0.1,283,12143.143006324768,47856.85699367523,119,42.908632531182924
0.4,0.7,0.35,0.25,0.2,0.15,0.3,283,10574.980883598328,49425.01911640167,132,37.36742361695522
0.4,0.7,0.45,0.45,0.15,0.05,0.3,283,9743.071825027466,50256.928174972534,131,34.42781563613946
0.45,0.7,0.35,0.35,0.1,0.15,0.1,283,9352.5458278656,50647.4541721344,136,33.04786511613286
0.45,0.6,0.45,0.45,0.1,0.05,0.1,283,8879.90281009674,51120.09718990326,124,31.377748445571523
0.5,0.6,0.45,0.45,0.1,0.1,0.1,283,8857.149405479431,51142.85059452057,123,31.29734772254216
0.45,0.8,0.45,0.35,0.1,0.1,0.1,283,8514.721710205078,51485.27828979492,185,30.08735586644904
0.55,0.8,0.45,0.45,0.2,0.15,0.1,282,10287.628451347351,49712.37154865265,152,36.480951955132454
0.4,0.7,0.35,0.35,0.1,0.1,0.1,282,9298.789779663086,50701.210220336914,137,32.9744318427769
0.45,0.8,0.45,0.45,0.1,0.1,0.2,282,8967.991989135742,51032.00801086426,174,31.80139003239625
0.4,0.8,0.45,0.25,0.15,0.1,0.2,282,8434.191890716553,51565.80810928345,177,29.908481881973593
0.5,0.6,0.45,0.35,0.15,0.15,0.2,281,8828.335467338562,51171.66453266144,123,31.417563940706625
0.45,0.8,0.45,0.35,0.1,0.15,0.3,281,8557.944608688354,51442.055391311646,162,30.455318892129377
0.45,0.7,0.45,0.25,0.1,0.15,0.3,281,8263.363061904907,51736.63693809509,136,29.406985985426715
0.4,0.6,0.25,0.45,0.2,0.15,0.2,280,12396.526852607727,47603.47314739227,115,44.27331018788474
0.45,0.8,0.35,0.35,0.2,0.15,0.1,280,10869.453234672546,49130.54676532745,167,38.81947583811624
0.5,0.6,0.45,0.45,0.1,0.15,0.3,280,8994.565577507019,51005.43442249298,123,32.1234484910965
0.45,0.6,0.45,0.35,0.15,0.1,0.2,280,8754.192332267761,51245.80766773224,124,31.264972615242005
0.4,0.8,0.45,0.35,0.1,0.05,0.1,280,8480.44740486145,51519.55259513855,188,30.287312160219464
0.4,0.7,0.45,0.25,0.1,0.1,0.3,280,8224.61422920227,51775.38577079773,136,29.373622247150966
0.4,0.6,0.35,0.45,0.2,0.05,0.1,279,11494.914439201355,48505.085560798645,117,41.200410176348946
0.45,0.8,0.35,0.45,0.2,0.15,0.2,279,11155.021113395691,48844.97888660431,155,39.982154528299965
0.4,0.8,0.35,0.25,0.2,0.15,0.2,279,10492.65937614441,49507.34062385559,172,37.60809812238139
0.5,0.8,0.45,0.45,0.2,0.1,0.1,279,10178.937726020813,49821.06227397919,155,36.48364776351546
0.4,0.6,0.45,0.45,0.1,0.05,0.3,279,9037.01291179657,50962.98708820343,124,32.39072728242498
0.45,0.6,0.45,0.45,0.1,0.1,0.3,279,9037.01291179657,50962.98708820343,124,32.39072728242498
0.4,0.8,0.45,0.45,0.1,0.05,0.2,279,8869.874258041382,51130.12574195862,177,31.79166400731678
0.4,0.6,0.45,0.35,0.15,0.05,0.2,279,8732.71518611908,51267.28481388092,124,31.300054430534335
0.4,0.7,0.35,0.25,0.1,0.15,0.2,279,8416.056072235107,51583.94392776489,138,30.1650755277244
0.5,0.6,0.35,0.45,0.15,0.15,0.1,278,10926.797588348389,49073.20241165161,116,39.305027296217226
0.5,0.8,0.45,0.45,0.2,0.15,0.3,278,10506.60827922821,49493.39172077179,152,37.79355496125255
0.45,0.7,0.35,0.45,0.1,0.15,0.2,278,9646.328994750977,50353.67100524902,131,34.699025160974735
0.4,0.8,0.25,0.45,0.15,0.15,0.1,277,11372.953058242798,48627.0469417572,165,41.05759226802454
0.45,0.8,0.45,0.25,0.2,0.15,0.3,277,9463.043866157532,50536.95613384247,162,34.16261323522575
0.4,0.8,0.45,0.35,0.1,0.1,0.3,277,8423.410387039185,51576.589612960815,165,30.409423779924854
0.5,0.7,0.35,0.45,0.2,0.15,0.1,276,11083.349774360657,48916.65022563934,118,40.157064399857454
0.4,0.8,0.35,0.35,0.2,0.1,0.1,276,10727.632361412048,49272.36763858795,171,38.86823319352192
0.4,0.6,0.35,0.25,0.15,0.15,0.3,276,9591.019780158997,50408.980219841,125,34.75007166724274
0.5,0.7,0.45,0.35,0.15,0.15,0.2,276,8894.43692111969,51105.56307888031,126,32.22622072869453
0.45,0.6,0.45,0.25,0.15,0.1,0.1,276,8417.494193077087,51582.50580692291,123,30.49816736622133
0.5,0.6,0.45,0.25,0.15,0.15,0.1,276,8258.590746879578,51741.40925312042,122,29.92243024231731
0.45,0.7,0.35,0.45,0.2,0.15,0.3,275,10971.327162742615,49028.672837257385,123,39.89573513724587
0.55,0.6,0.45,0.45,0.2,0.15,0.2,275,10587.2006483078,49412.7993516922,111,38.498911448392
0.45,0.8,0.45,0.45,0.2,0.1,0.3,275,10404.35360622406,49595.64639377594,155,37.834013113542035
0.45,0.6,0.45,0.35,0.2,0.1,0.3,275,10214.272387504578,49785.72761249542,119,37.14280868183483
0.5,0.6,0.45,0.35,0.2,0.15,0.3,275,10208.084740638733,49791.91525936127,117,37.12030814777721
0.4,0.8,0.45,0.25,0.2,0.1,0.3,275,9542.87315940857,50457.12684059143,163,34.701356943303885
0.4,0.7,0.35,0.45,0.1,0.1,0.2,275,9520.51847076416,50479.48152923584,131,34.620067166415126
0.45,0.7,0.45,0.35,0.15,0.1,0.2,275,8933.04541683197,51066.95458316803,127,32.48380151575262
0.5,0.7,0.45,0.45,0.1,0.15,0.3,275,8915.040128707886,51084.959871292114,127,32.41832774075595
0.55,0.7,0.45,0.45,0.1,0.15,0.1,275,8602.289527893066,51397.71047210693,125,31.28105282870206
0.5,0.6,0.45,0.35,0.1,0.15,0.2,275,8386.458956718445,51613.541043281555,122,30.496214388067074
0.4,0.6,0.45,0.25,0.15,0.05,0.1,275,8177.6208238601685,51822.37917613983,123,29.736802995855157
0.45,0.8,0.45,0.25,0.1,0.15,0.2,275,8007.646291732788,51992.35370826721,173,29.11871378811923
0.4,0.6,0.25,0.35,0.15,0.15,0.1,274,11250.098786354065,48749.901213645935,119,41.058754694722865
0.45,0.6,0.35,0.35,0.2,0.15,0.2,274,11008.801827430725,48991.198172569275,116,40.178108859236225
0.4,0.8,0.35,0.45,0.2,0.1,0.2,274,10995.992882728577,49004.00711727142,160,40.13136088587072
0.4,0.6,0.35,0.35,0.2,0.1,0.2,274,10935.3732919693,49064.6267080307,119,39.91012150353759
0.45,0.6,0.35,0.45,0.15,0.1,0.1,274,10797.177931785583,49202.82206821442,117,39.40575887512987
0.45,0.6,0.45,0.45,0.2,0.05,0.2,274,10497.080939292908,49502.91906070709,115,38.310514376981416
0.5,0.6,0.45,0.45,0.2,0.1,0.2,274,10472.85896396637,49527.14103603363,113,38.22211300717653
0.4,0.7,0.45,0.35,0.15,0.05,0.2,274,8963.060075759888,51036.93992424011,128,32.71189808671492
0.4,0.7,0.45,0.45,0.1,0.05,0.3,274,8806.609327316284,51193.390672683716,129,32.14090995370907
0.5,0.7,0.45,0.45,0.1,0.1,0.1,274,8517.93947982788,51482.06052017212,127,31.08737036433533
0.45,0.7,0.35,0.45,0.2,0.1,0.1,273,11040.884388923645,48959.115611076355,119,40.44279995942727
0.4,0.6,0.35,0.45,0.15,0.05,0.1,273,10780.812403678894,49219.187596321106,118,39.490155324831115
0.45,0.6,0.35,0.45,0.15,0.15,0.3,273,10753.036885261536,49246.963114738464,118,39.38841349912651
0.4,0.6,0.35,0.45,0.15,0.1,0.3,273,10729.339549064636,49270.660450935364,119,39.301610069833835
0.4,0.6,0.45,0.35,0.2,0.05,0.3,273,10296.603022575378,49703.39697742462,120,37.7164945881882
0.55,0.6,0.45,0.35,0.2,0.15,0.1,273,9939.498383522034,50060.501616477966,112,36.4084189872602
0.45,0.7,0.45,0.45,0.1,0.1,0.3,273,8790.055631637573,51209.94436836243,128,32.19800597669441
0.45,0.8,0.35,0.45,0.15,0.15,0.2,272,10721.249189376831,49278.75081062317,159,39.416357313885406
0.55,0.7,0.45,0.45,0.2,0.15,0.2,272,10392.7819814682,49607.2180185318,116,38.208757284809565
0.4,0.8,0.45,0.45,0.2,0.05,0.3,272,10319.256688117981,49680.74331188202,159,37.93844370631611
0.4,0.8,0.35,0.35,0.15,0.15,0.3,272,9974.963920593262,50025.03607940674,163,36.67266147276934
0.45,0.8,0.45,0.45,0.2,0.05,0.1,272,9974.79102230072,50025.20897769928,159,36.67202581728206
0.5,0.7,0.45,0.25,0.15,0.15,0.1,272,8210.826162338257,51789.17383766174,125,30.186860890949475
0.4,0.7,0.35,0.25,0.15,0.15,0.3,271,9561.585124969482,50438.41487503052,129,35.28260193715676
0.55,0.8,0.45,0.45,0.15,0.15,0.1,271,9095.849940299988,50904.15005970001,149,33.564021919926155
0.45,0.7,0.45,0.45,0.1,0.05,0.1,271,8392.63733291626,51607.36266708374,128,30.969141449875497
0.45,0.6,0.45,0.35,0.1,0.1,0.2,271,8229.976431846619,51770.02356815338,122,30.36891672268125
0.4,0.8,0.45,0.25,0.1,0.1,0.2,271,7901.702632904053,52098.29736709595,175,29.157574291158866
0.4,0.6,0.25,0.45,0.15,0.15,0.2,270,11732.44050693512,48267.55949306488,114,43.45348335901896
0.4,0.7,0.25,0.35,0.2,0.15,0.1,270,11199.377732276917,48800.62226772308,120,41.4791767862108
0.4,0.7,0.35,0.45,0.2,0.05,0.1,270,10896.933396339417,49103.06660366058,119,40.359012579034875
0.4,0.7,0.35,0.45,0.2,0.1,0.3,270,10805.843661308289,49194.15633869171,123,40.0216431900307
0.55,0.7,0.45,0.35,0.2,0.15,0.1,270,10147.46464252472,49852.53535747528,116,37.58320237972118
0.45,0.6,0.45,0.35,0.2,0.05,0.1,270,10063.43316745758,49936.56683254242,115,37.27197469428734
0.5,0.8,0.45,0.35,0.2,0.15,0.2,270,9867.062132835388,50132.93786716461,158,36.54467456605699
0.4,0.6,0.45,0.35,0.1,0.05,0.2,270,8214.48900604248,51785.51099395752,122,30.42403335571289
0.45,0.7,0.45,0.25,0.15,0.1,0.1,270,8177.82647895813,51822.17352104187,126,30.288246218363444
0.5,0.6,0.45,0.25,0.1,0.15,0.1,270,7926.779780387878,52073.22021961212,122,29.358443631066216
0.4,0.8,0.25,0.45,0.1,0.15,0.1,269,10856.908729553223,49143.09127044678,165,40.36025550019785
0.4,0.8,0.35,0.45,0.15,0.1,0.2,269,10624.301752090454,49375.698247909546,165,39.495545546804664
0.45,0.7,0.35,0.35,0.2,0.15,0.2,269,10574.572583198547,49425.42741680145,121,39.31067874794999
0.45,0.6,0.35,0.35,0.15,0.15,0.2,269,10516.69124698639,49483.30875301361,118,39.0955064943732
0.5,0.7,0.45,0.45,0.2,0.1,0.2,269,10438.997544288635,49561.002455711365,117,38.80668232077559
0.45,0.8,0.35,0.35,0.15,0.15,0.1,269,10148.699041366577,49851.30095863342,174,37.72750572998728
0.5,0.6,0.45,0.35,0.2,0.1,0.1,269,9810.635193824768,50189.36480617523,112,36.47076280232256
0.4,0.7,0.45,0.25,0.15,0.05,0.1,269,8152.537773132324,51847.462226867676,127,30.30683187038039
0.4,0.7,0.35,0.35,0.2,0.1,0.2,268,10535.907589912415,49464.092410087585,121,39.31308802206125
0.45,0.7,0.45,0.45,0.2,0.05,0.2,268,10381.476296424866,49618.523703575134,118,38.73685185233159
0.45,0.6,0.35,0.25,0.2,0.15,0.1,268,10374.653023719788,49625.34697628021,116,38.71139187955145
0.4,0.7,0.45,0.35,0.2,0.05,0.3,268,10090.238409996033,49909.76159000397,123,37.650143320880716
0.45,0.7,0.45,0.35,0.2,0.1,0.3,268,10052.668242454529,49947.33175754547,122,37.509956128561676
0.5,0.7,0.45,0.35,0.2,0.15,0.3,268,10037.142951011658,49962.85704898834,121,37.45202593661066
0.4,0.8,0.35,0.25,0.15,0.15,0.2,268,9587.392251968384,50412.607748031616,176,35.77385168644919
0.5,0.7,0.35,0.45,0.15,0.15,0.1,267,10533.764603614807,49466.23539638519,118,39.45230188619778
0.4,0.8,0.35,0.35,0.15,0.1,0.1,267,10007.567436218262,49992.43256378174,178,37.48152597834555
0.45,0.8,0.45,0.35,0.2,0.1,0.2,267,9823.49611568451,50176.50388431549,160,36.79212028346258
0.5,0.8,0.45,0.25,0.2,0.15,0.1,267,9292.758021354675,50707.241978645325,169,34.80433715863174
0.5,0.7,0.45,0.35,0.1,0.15,0.2,267,8101.418182373047,51898.58181762695,125,30.342390196153733
0.4,0.6,0.45,0.25,0.1,0.05,0.1,267,7821.95498085022,52178.04501914978,124,29.295711538764866
0.45,0.6,0.45,0.25,0.1,0.1,0.1,267,7796.572322845459,52203.42767715454,122,29.200645403915576
0.45,0.7,0.35,0.45,0.15,0.1,0.1,266,10494.097199440002,49505.90280056,118,39.451493230977455
0.4,0.6,0.35,0.35,0.15,0.1,0.2,266,10386.602849006653,49613.39715099335,118,39.04737913160396
0.4,0.6,0.35,0.25,0.2,0.1,0.1,266,10248.39140033722,49751.60859966278,116,38.527787219312856
0.5,0.8,0.45,0.45,0.15,0.1,0.1,266,9050.058157920837,50949.94184207916,152,34.022775029777584
0.4,0.7,0.25,0.45,0.2,0.15,0.2,265,11229.634320259094,48770.365679740906,116,42.37597856701545
0.4,0.6,0.25,0.35,0.1,0.15,0.1,265,10565.304478645325,49434.695521354675,118,39.86907350432198
0.4,0.7,0.35,0.45,0.15,0.05,0.1,265,10466.88608455658,49533.11391544342,120,39.497683337949354
0.5,0.6,0.45,0.25,0.2,0.15,0.2,265,9811.889479637146,50188.110520362854,115,37.02599803636659
0.4,0.8,0.45,0.35,0.2,0.05,0.2,265,9755.831365585327,50244.16863441467,163,36.81445798334086
0.5,0.8,0.45,0.45,0.15,0.15,0.3,265,9295.161047935486,50704.838952064514,149,35.076079426171646
0.55,0.6,0.45,0.45,0.15,0.15,0.2,265,9267.022059440613,50732.97794055939,109,34.96989456392684
0.45,0.7,0.45,0.25,0.1,0.1,0.1,265,7832.848121643066,52167.15187835693,129,29.557917440162516
0.5,0.7,0.45,0.25,0.1,0.15,0.1,265,7756.412233352661,52243.58776664734,127,29.269480125859097
0.5,0.7,0.45,0.35,0.2,0.1,0.1,264,9897.066060066223,50102.93393993378,117,37.48888659115994
0.4,0.6,0.45,0.25,0.2,0.05,0.2,264,9793.431241035461,50206.56875896454,117,37.096330458467655
0.45,0.8,0.45,0.45,0.15,0.05,0.1,264,9155.513227462769,50844.48677253723,162,34.67997434644988
0.45,0.7,0.45,0.35,0.1,0.1,0.2,264,7975.026592254639,52024.97340774536,126,30.2084340615706
0.4,0.7,0.45,0.25,0.1,0.05,0.1,264,7787.265174865723,52212.73482513428,130,29.49721657146107
0.45,0.7,0.35,0.25,0.2,0.15,0.1,263,10088.76033115387,49911.23966884613,117,38.36030544164969
0.45,0.6,0.45,0.25,0.2,0.1,0.2,263,9708.245413780212,50291.75458621979,116,36.913480660761266
0.45,0.8,0.45,0.45,0.15,0.1,0.3,263,9233.562816619873,50766.43718338013,155,35.108603865474805
0.4,0.6,0.35,0.25,0.1,0.15,0.3,263,8155.542419433594,51844.457580566406,121,31.009666994044082
0.45,0.7,0.35,0.45,0.15,0.15,0.3,262,10324.660962104797,49675.3390378952,119,39.407102908796936
0.45,0.7,0.45,0.35,0.2,0.05,0.1,262,9813.90514087677,50186.09485912323,117,37.45765320945332
0.45,0.6,0.35,0.25,0.15,0.15,0.1,262,9702.370862007141,50297.62913799286,115,37.03194985498909
0.4,0.8,0.45,0.45,0.15,0.05,0.3,262,9309.22610282898,50690.77389717102,158,35.53139733904191
0.45,0.8,0.45,0.25,0.2,0.1,0.1,262,9088.203140258789,50911.79685974121,171,34.687798245262556
0.45,0.8,0.45,0.25,0.15,0.15,0.3,262,8147.6940059661865,51852.30599403381,156,31.09806872506178
0.4,0.7,0.45,0.35,0.1,0.05,0.2,262,7916.809543609619,52083.19045639038,126,30.216830319120685
0.4,0.7,0.25,0.35,0.15,0.15,0.1,261,10593.284066200256,49406.715933799744,121,40.58729527279792
0.4,0.7,0.35,0.25,0.2,0.1,0.1,261,10017.50382900238,49982.49617099762,117,38.38124072414705
0.4,0.8,0.45,0.25,0.2,0.05,0.1,261,9075.140787124634,50924.859212875366,176,34.77065435679936
0.45,0.7,0.35,0.35,0.15,0.15,0.2,260,10113.107216835022,49886.89278316498,119,38.89656621859624
0.4,0.6,0.35,0.25,0.15,0.1,0.1,260,9577.372944831848,50422.62705516815,115,36.8360497878148
0.5,0.7,0.45,0.25,0.2,0.15,0.2,260,9571.095231056213,50428.90476894379,118,36.81190473483159
0.5,0.6,0.45,0.45,0.15,0.1,0.2,260,9126.05881023407,50873.94118976593,109,35.10022619320796
0.4,0.8,0.35,0.35,0.1,0.15,0.3,260,8879.34217453003,51120.65782546997,163,34.15131605588473
0.55,0.8,0.45,0.45,0.1,0.15,0.1,260,8322.374988555908,51677.62501144409,154,32.009134571368875
0.4,0.8,0.45,0.25,0.15,0.1,0.3,260,8086.449872970581,51913.55012702942,158,31.10173028065608
0.4,0.6,0.25,0.45,0.1,0.15,0.2,259,10889.4875497818,49110.5124502182,113,42.044353474061005
0.4,0.7,0.35,0.35,0.15,0.1,0.2,259,10212.39399433136,49787.60600566864,120,39.43009264220602
0.4,0.7,0.35,0.45,0.15,0.1,0.3,259,10196.6234998703,49803.3765001297,119,39.36920270220193
0.45,0.7,0.45,0.25,0.2,0.1,0.2,259,9523.98630619049,50476.01369380951,118,36.77214790034939
0.5,0.8,0.45,0.45,0.1,0.1,0.1,259,8330.305728912354,51669.69427108765,160,32.16334258267318
0.4,0.7,0.45,0.25,0.2,0.05,0.2,258,9471.2736120224,50528.7263879776,119,36.710362837296124
0.45,0.6,0.35,0.45,0.1,0.1,0.1,258,9231.492564201355,50768.507435798645,111,35.780978931013
0.5,0.6,0.35,0.45,0.1,0.15,0.1,258,9222.241256713867,50777.75874328613,110,35.74512115005375
0.45,0.6,0.45,0.45,0.15,0.05,0.2,258,9067.049227714539,50932.95077228546,111,35.14360165780829
0.55,0.6,0.45,0.35,0.15,0.15,0.1,258,8588.934929847717,51411.06507015228,108,33.29044546452604
0.5,0.6,0.45,0.35,0.15,0.15,0.3,258,8195.527380943298,51804.4726190567,112,31.765610003656196
0.4,0.6,0.35,0.45,0.1,0.05,0.1,257,9209.9549741745,50790.0450258255,112,35.83640067772179
0.4,0.6,0.45,0.35,0.15,0.05,0.3,257,8344.75523853302,51655.24476146698,114,32.46986474137362
0.45,0.6,0.45,0.35,0.15,0.1,0.3,257,8344.404034614563,51655.59596538544,113,32.46849818916172
0.4,0.8,0.35,0.25,0.2,0.15,0.3,256,9802.11584854126,50197.88415145874,155,38.289515033364296
0.45,0.8,0.35,0.45,0.1,0.15,0.2,256,9319.03949546814,50680.96050453186,158,36.40249802917242
0.45,0.6,0.35,0.45,0.1,0.15,0.3,256,9272.260352134705,50727.739647865295,112,36.21976700052619
0.4,0.6,0.35,0.45,0.1,0.1,0.3,256,9248.563015937805,50751.436984062195,113,36.12719928100705
0.45,0.7,0.45,0.35,0.15,0.1,0.3,256,8707.138031959534,51292.861968040466,118,34.01225793734193
0.45,0.6,0.45,0.35,0.15,0.05,0.1,256,8666.912278175354,51333.087721824646,111,33.85512608662248
0.45,0.8,0.35,0.35,0.1,0.15,0.1,256,8516.455451965332,51483.54454803467,171,33.26740410923958
0.5,0.6,0.45,0.35,0.15,0.1,0.1,256,8509.57896900177,51490.42103099823,109,33.240542847663164
0.5,0.8,0.45,0.35,0.15,0.15,0.2,256,8375.782356262207,51624.21764373779,156,32.717899829149246
0.45,0.8,0.45,0.45,0.1,0.05,0.1,256,8350.236415863037,51649.76358413696,163,32.61811099946499
0.4,0.8,0.35,0.45,0.1,0.1,0.2,255,9267.736749649048,50732.26325035095,161,36.344065684898226
0.4,0.7,0.45,0.35,0.15,0.05,0.3,255,8643.313724517822,51356.68627548218,119,33.89534793928558
0.5,0.8,0.45,0.45,0.1,0.15,0.3,255,8305.115846633911,51694.88415336609,148,32.569081751505536
0.5,0.7,0.45,0.35,0.15,0.15,0.3,255,8290.758479118347,51709.24152088165,116,32.51277834948372
0.4,0.7,0.35,0.25,0.1,0.15,0.3,255,7856.676364898682,52143.32363510132,125,30.81049554862228
0.4,0.7,0.25,0.45,0.15,0.15,0.2,254,10669.278681755066,49330.721318244934,116,42.005034180138054
0.45,0.7,0.35,0.25,0.15,0.15,0.1,254,9483.109796524048,50516.89020347595,118,37.335077939071056
0.45,0.8,0.45,0.35,0.15,0.1,0.2,254,8374.704341888428,51625.29565811157,160,32.971276936568614
0.55,0.6,0.45,0.45,0.2,0.1,0.1,253,10220.772924423218,49779.22707557678,100,40.39831195424197
0.4,0.8,0.45,0.35,0.15,0.05,0.2,253,8510.95825958252,51489.04174041748,166,33.64015122364632
0.55,0.7,0.45,0.35,0.15,0.15,0.1,253,8499.862698554993,51500.13730144501,112,33.596295251205504
0.4,0.8,0.35,0.25,0.1,0.15,0.2,253,8185.709283828735,51814.290716171265,171,32.354582149520695
0.5,0.8,0.45,0.25,0.15,0.15,0.1,253,7942.744604110718,52057.25539588928,167,31.394247447077937
0.5,0.6,0.45,0.35,0.1,0.15,0.3,253,7886.22363948822,52113.77636051178,111,31.170844424854625
0.4,0.8,0.45,0.25,0.1,0.1,0.3,253,7566.162540435791,52433.83745956421,160,29.905780792236328
0.45,0.8,0.45,0.25,0.1,0.15,0.3,253,7502.43759727478,52497.56240272522,155,29.653903546540633
0.5,0.7,0.35,0.45,0.1,0.15,0.1,252,9063.153980255127,50936.84601974487,117,35.96489674704416
0.55,0.7,0.45,0.45,0.15,0.15,0.2,252,8829.055855751038,51170.94414424896,111,35.03593593551999
0.4,0.8,0.35,0.35,0.1,0.1,0.1,252,8493.724611282349,51506.27538871765,174,33.70525639397757
0.45,0.8,0.45,0.45,0.1,0.1,0.3,252,8138.382158279419,51861.61784172058,152,32.2951672947596
0.45,0.6,0.25,0.45,0.2,0.15,0.1,251,11639.364468574524,48360.635531425476,99,46.371969994320814
0.45,0.6,0.35,0.35,0.2,0.15,0.3,251,10535.632645606995,49464.367354393005,107,41.974632054211135
0.5,0.8,0.35,0.45,0.2,0.15,0.1,251,10326.506566047668,49673.49343395233,130,41.14146042250067
0.5,0.8,0.45,0.35,0.2,0.15,0.3,251,9591.42682170868,50408.57317829132,142,38.21285586338119
0.4,0.7,0.35,0.25,0.15,0.1,0.1,251,9381.263130187988,50618.73686981201,118,37.37555031947406
0.45,0.7,0.35,0.45,0.1,0.15,0.3,251,9304.797769546509,50695.20223045349,116,37.07090744839247
0.45,0.7,0.45,0.45,0.15,0.05,0.2,251,9224.546395301819,50775.45360469818,113,36.75118085777617
0.5,0.7,0.45,0.45,0.15,0.1,0.2,251,9019.901711463928,50980.09828853607,112,35.935863392286564
0.45,0.6,0.35,0.35,0.1,0.15,0.2,251,8643.864848136902,51356.1351518631,112,34.43770855831435
0.45,0.8,0.45,0.25,0.15,0.1,0.1,251,7780.174634933472,52219.82536506653,173,30.996711692962037
0.45,0.6,0.45,0.35,0.1,0.1,0.3,251,7707.393456459045,52292.606543540955,111,30.706746838482253
0.4,0.6,0.25,0.45,0.2,0.1,0.1,250,11639.267601966858,48360.73239803314,100,46.55707040786743
0.4,0.7,0.25,0.45,0.1,0.15,0.2,250,10754.181625366211,49245.81837463379,118,43.016726501464845
0.4,0.7,0.25,0.35,0.1,0.15,0.1,250,10104.621036529541,49895.37896347046,121,40.41848414611816
0.4,0.6,0.35,0.35,0.1,0.1,0.2,250,8622.02382183075,51377.97617816925,112,34.488095287323
0.4,0.8,0.45,0.45,0.1,0.05,0.3,250,8277.707090377808,51722.29290962219,154,33.11082836151123
0.4,0.8,0.45,0.25,0.15,0.05,0.1,250,7814.210071563721,52185.78992843628,179,31.25684028625488
0.4,0.6,0.45,0.35,0.1,0.05,0.3,250,7711.4805908203125,52288.51940917969,113,30.84592236328125
0.4,0.6,0.35,0.35,0.2,0.1,0.3,249,10334.651822090149,49665.34817790985,107,41.5046257915267
0.55,0.8,0.45,0.45,0.2,0.15,0.2,249,9771.983857154846,50228.016142845154,134,39.24491508897528
0.4,0.7,0.35,0.45,0.1,0.05,0.1,249,9174.534048080444,50825.465951919556,118,36.84551826538331
0.45,0.7,0.35,0.45,0.1,0.1,0.1,249,8979.935049057007,51020.06495094299,117,36.06399618095183
0.5,0.7,0.45,0.35,0.15,0.1,0.1,249,8345.6987991333,51654.3012008667,113,33.51686264712169
0.55,0.6,0.45,0.45,0.1,0.15,0.2,249,8297.905543327332,51702.09445667267,106,33.32492186075233
0.5,0.6,0.35,0.45,0.2,0.15,0.2,248,10899.971071243286,49100.028928756714,97,43.951496255013254
0.5,0.6,0.45,0.45,0.2,0.05,0.1,248,9954.347345352173,50045.65265464783,101,40.13849736029102
0.45,0.8,0.45,0.35,0.2,0.1,0.3,248,9563.600041389465,50436.399958610535,144,38.562903392699454
0.45,0.7,0.45,0.35,0.15,0.05,0.1,248,8311.451944351196,51688.548055648804,114,33.51391913044837
0.55,0.6,0.45,0.45,0.2,0.15,0.3,247,10043.779343605042,49956.22065639496,99,40.663074265607456
0.55,0.7,0.45,0.45,0.2,0.1,0.1,247,9927.93382358551,50072.06617641449,103,40.19406406309923
0.55,0.8,0.45,0.35,0.2,0.15,0.1,247,9655.827725410461,50344.17227458954,139,39.09241994093304
0.45,0.6,0.45,0.25,0.2,0.1,0.3,247,9342.925065040588,50657.07493495941,109,37.825607550771615
0.5,0.6,0.45,0.25,0.2,0.15,0.3,247,9145.816611289978,50854.18338871002,108,37.027597616558616
0.4,0.7,0.35,0.45,0.1,0.1,0.3,247,9092.592861175537,50907.40713882446,116,36.81211684686452
0.5,0.6,0.45,0.45,0.1,0.1,0.2,247,8239.766850471497,51760.2331495285,106,33.359379961423066
0.5,0.8,0.45,0.35,0.1,0.15,0.2,247,7623.993953704834,52376.006046295166,155,30.866372282205806
0.5,0.7,0.45,0.35,0.1,0.15,0.3,247,7575.20156288147,52424.79843711853,115,30.668832238386518
0.4,0.6,0.25,0.45,0.2,0.15,0.3,246,11401.255467414856,48598.744532585144,100,46.346566940710794
0.5,0.6,0.45,0.45,0.2,0.1,0.3,246,9923.05780506134,50076.94219493866,101,40.33763335390789
0.4,0.8,0.45,0.35,0.2,0.05,0.3,246,9490.278604507446,50509.721395492554,146,38.57836831100588
0.4,0.6,0.45,0.25,0.2,0.05,0.3,246,9275.284941673279,50724.71505832672,110,37.704410332005196
0.45,0.6,0.45,0.45,0.1,0.05,0.2,246,8155.739363670349,51844.26063632965,107,33.15341204744044
0.45,0.7,0.45,0.35,0.1,0.1,0.3,246,7563.172002792358,52436.82799720764,116,30.74460163736731
0.45,0.6,0.45,0.45,0.2,0.05,0.3,245,9956.441168785095,50043.558831214905,102,40.638535382796306
0.5,0.8,0.45,0.45,0.2,0.1,0.2,245,9810.308835029602,50189.6911649704,136,40.042076877671846
0.5,0.8,0.45,0.35,0.2,0.1,0.1,245,9618.619553565979,50381.38044643402,142,39.25967164720808
0.5,0.8,0.45,0.25,0.2,0.15,0.2,245,9100.031010627747,50899.96898937225,149,37.142983716847944
0.55,0.6,0.45,0.35,0.1,0.15,0.1,245,7607.972428321838,52392.02757167816,105,31.05294868702791
0.4,0.7,0.45,0.35,0.1,0.05,0.3,245,7483.045951843262,52516.95404815674,118,30.54304470140107
0.45,0.8,0.35,0.45,0.2,0.1,0.1,244,10054.820187568665,49945.179812431335,130,41.20827945724862
0.45,0.8,0.35,0.45,0.2,0.15,0.3,244,9999.76009464264,50000.23990535736,136,40.98262333869934
0.5,0.7,0.45,0.45,0.2,0.05,0.1,244,9804.207802772522,50195.79219722748,104,40.181179519559514
0.4,0.8,0.35,0.25,0.15,0.15,0.3,244,9084.616695404053,50915.38330459595,154,37.232035636901855
0.45,0.7,0.35,0.35,0.1,0.15,0.2,244,8622.715717315674,51377.284282684326,116,35.33899884145768
0.5,0.6,0.45,0.35,0.1,0.1,0.1,244,7584.345986366272,52415.65401363373,105,31.083385190025705
0.45,0.8,0.45,0.35,0.1,0.1,0.2,244,7567.566112518311,52432.43388748169,159,31.014615215238976
0.45,0.8,0.45,0.25,0.1,0.1,0.1,244,7298.3211669921875,52701.67883300781,177,29.911152323738474
0.5,0.8,0.45,0.25,0.1,0.15,0.1,244,7211.776821136475,52788.223178863525,170,29.55646238170686
0.5,0.8,0.35,0.45,0.15,0.15,0.1,243,9960.207533836365,50039.792466163635,132,40.98850836969697
0.5,0.7,0.45,0.25,0.2,0.15,0.3,243,9137.958426475525,50862.041573524475,111,37.60476718714208
0.45,0.8,0.45,0.25,0.2,0.1,0.2,243,9057.539600372314,50942.460399627686,154,37.27382551593545
0.4,0.7,0.35,0.35,0.1,0.1,0.2,243,8549.57629776001,51450.42370223999,117,35.18344155456794
0.45,0.6,0.45,0.35,0.1,0.05,0.1,243,7549.194690704346,52450.805309295654,107,31.066644817713357
0.45,0.6,0.45,0.25,0.15,0.1,0.2,243,7441.179278373718,52558.82072162628,107,30.622136948039994
0.5,0.6,0.45,0.25,0.15,0.15,0.2,243,7440.579947471619,52559.42005252838,107,30.619670565726825
0.45,0.6,0.35,0.45,0.2,0.1,0.2,242,10754.272988319397,49245.7270116806,98,44.43914457983222
0.5,0.6,0.35,0.35,0.2,0.15,0.1,242,10365.4219789505,49634.5780210495,98,42.83232222706818
0.55,0.7,0.45,0.45,0.2,0.15,0.3,242,9860.961091041565,50139.038908958435,103,40.74777310347754
0.45,0.7,0.45,0.25,0.2,0.1,0.3,242,9114.931315422058,50885.06868457794,111,37.66500543562834
0.45,0.6,0.35,0.25,0.1,0.15,0.1,242,7721.210000038147,52278.78999996185,109,31.905826446438624
0.45,0.7,0.45,0.25,0.15,0.1,0.2,242,7441.882741928101,52558.1172580719,113,30.75158157821529
0.5,0.7,0.45,0.25,0.15,0.15,0.2,242,7430.176494598389,52569.82350540161,112,30.70320865536524
0.4,0.6,0.45,0.25,0.15,0.05,0.2,242,7379.959336280823,52620.04066371918,108,30.495699736697613
0.4,0.8,0.45,0.25,0.1,0.05,0.1,242,7207.073163986206,52792.926836013794,178,29.781294066058702
0.45,0.6,0.25,0.45,0.15,0.15,0.1,241,10768.567353248596,49231.432646751404,100,44.682852088168445
0.4,0.6,0.35,0.45,0.2,0.05,0.2,241,10622.535450935364,49377.464549064636,99,44.07691058479404
0.4,0.8,0.35,0.45,0.2,0.1,0.3,241,9922.157101631165,50077.842898368835,137,41.170776355316036
0.45,0.8,0.35,0.35,0.2,0.15,0.2,241,9813.245442390442,50186.75455760956,145,40.71886075680681
0.55,0.6,0.45,0.35,0.2,0.15,0.2,241,9752.05795955658,50247.94204044342,98,40.464970786541826
0.45,0.8,0.45,0.35,0.2,0.05,0.1,241,9536.468488693237,50463.53151130676,146,39.57040866677692
0.4,0.6,0.35,0.25,0.1,0.1,0.1,241,7655.0887813568115,52344.91121864319,110,31.763853864551084
0.4,0.8,0.45,0.35,0.1,0.05,0.2,241,7487.725820541382,52512.27417945862,160,31.069401744984987
0.4,0.7,0.45,0.25,0.15,0.05,0.2,241,7402.215337753296,52597.784662246704,113,30.71458646370662
0.45,0.7,0.25,0.45,0.2,0.15,0.1,240,10971.463429450989,49028.53657054901,101,45.71443095604579
0.4,0.6,0.25,0.45,0.15,0.1,0.1,240,10724.101788520813,49275.89821147919,100,44.683757452170056
0.45,0.6,0.35,0.35,0.2,0.1,0.1,240,10338.50640964508,49661.49359035492,99,43.07711004018783
0.5,0.7,0.45,0.45,0.2,0.1,0.3,240,9760.848908424377,50239.15109157562,104,40.67020378510157
0.45,0.8,0.45,0.45,0.2,0.05,0.2,240,9760.395030021667,50239.60496997833,140,40.66831262509028
0.45,0.7,0.35,0.35,0.2,0.15,0.3,240,9727.417620658875,50272.582379341125,108,40.53090675274531
0.4,0.6,0.35,0.35,0.15,0.1,0.3,240,9669.355525016785,50330.644474983215,106,40.288981354236604
0.45,0.6,0.35,0.35,0.15,0.15,0.3,240,9654.582449913025,50345.417550086975,105,40.2274268746376
0.4,0.7,0.45,0.25,0.2,0.05,0.3,240,9010.63273525238,50989.36726474762,111,37.54430306355159
0.4,0.8,0.45,0.25,0.2,0.05,0.2,240,8968.819597244263,51031.18040275574,155,37.37008165518443
0.5,0.6,0.45,0.25,0.1,0.15,0.2,240,7209.354809761047,52790.64519023895,108,30.038978374004365
0.4,0.6,0.35,0.25,0.2,0.1,0.2,239,9720.476017951965,50279.523982048035,104,40.671447773857594
0.4,0.7,0.35,0.35,0.2,0.1,0.3,239,9667.438822746277,50332.56117725372,108,40.44953482320618
0.5,0.8,0.45,0.35,0.15,0.15,0.3,239,8320.864723205566,51679.13527679443,140,34.81533356989777
0.55,0.7,0.45,0.45,0.1,0.15,0.2,239,7887.720197677612,52112.27980232239,109,33.00301337940424
0.4,0.6,0.45,0.25,0.1,0.05,0.2,239,7162.082586288452,52837.91741371155,110,29.966872745976787
0.4,0.7,0.25,0.45,0.2,0.1,0.1,238,10810.830262184143,49189.16973781586,102,45.42365656379892
0.4,0.6,0.25,0.45,0.15,0.15,0.3,238,10794.522795677185,49205.477204322815,99,45.355137796962964
0.4,0.6,0.35,0.35,0.2,0.05,0.1,238,10166.952343940735,49833.047656059265,99,42.71828715941485
0.4,0.8,0.35,0.45,0.2,0.05,0.1,238,9853.729939460754,50146.270060539246,131,41.40222663638973
0.5,0.6,0.45,0.35,0.2,0.1,0.2,238,9692.336924552917,50307.66307544708,99,40.72410472501226
0.4,0.8,0.35,0.35,0.2,0.1,0.2,238,9691.888403892517,50308.11159610748,147,40.72222018442234
0.45,0.6,0.35,0.25,0.2,0.15,0.2,238,9667.297089576721,50332.70291042328,103,40.61889533435597
0.45,0.8,0.35,0.25,0.2,0.15,0.1,238,9505.865885734558,50494.13411426544,149,39.94061296527125
0.55,0.6,0.45,0.45,0.15,0.1,0.1,238,8582.08586883545,51417.91413116455,96,36.05918432283802
0.45,0.7,0.45,0.45,0.1,0.05,0.2,238,7859.6359939575195,52140.36400604248,112,33.02368064688034
0.5,0.7,0.45,0.45,0.1,0.1,0.2,238,7848.9069175720215,52151.09308242798,110,32.97860049400009
0.45,0.6,0.45,0.25,0.1,0.1,0.2,238,7124.725137710571,52875.27486228943,108,29.93581990634694
0.4,0.6,0.25,0.35,0.2,0.15,0.2,237,11038.726758003235,48961.273241996765,97,46.57690615191238
0.5,0.6,0.35,0.45,0.15,0.15,0.2,237,10248.418573379517,49751.58142662048,97,43.24227246151695
0.45,0.7,0.45,0.45,0.2,0.05,0.3,237,9692.668162345886,50307.331837654114,106,40.89733401833707
0.45,0.8,0.35,0.45,0.15,0.15,0.3,237,9656.78402709961,50343.21597290039,137,40.745924164977254
0.45,0.7,0.35,0.25,0.1,0.15,0.1,237,7689.638511657715,52310.361488342285,115,32.44573211669922
0.55,0.7,0.45,0.35,0.1,0.15,0.1,237,7298.684467315674,52701.315532684326,110,30.79613699289314
0.45,0.8,0.35,0.45,0.15,0.1,0.1,236,9730.691440582275,50269.308559417725,133,41.23174339229778
0.45,0.6,0.45,0.35,0.2,0.05,0.2,236,9565.507588386536,50434.492411613464,101,40.53181181519719
0.55,0.8,0.45,0.45,0.15,0.15,0.2,236,8763.271313667297,51236.7286863327,133,37.132505566386854
0.5,0.6,0.45,0.45,0.15,0.05,0.1,236,8509.817308425903,51490.1826915741,98,36.05854791705891
0.4,0.7,0.35,0.25,0.1,0.1,0.1,236,7875.138488769531,52124.86151123047,116,33.369230884616655
0.5,0.7,0.45,0.35,0.1,0.1,0.1,236,7269.427864074707,52730.57213592529,112,30.802660440994522
0.45,0.7,0.35,0.35,0.15,0.15,0.3,235,9429.908038139343,50570.09196186066,107,40.12726824740146
0.45,0.8,0.45,0.35,0.15,0.1,0.3,235,8173.096660614014,51826.903339385986,143,34.77913472601708
0.45,0.7,0.45,0.35,0.1,0.05,0.1,235,7221.951108932495,52778.048891067505,113,30.731706846521256
0.5,0.7,0.35,0.45,0.2,0.15,0.2,234,9965.120594978333,50034.87940502167,100,42.58598544862535
0.4,0.8,0.35,0.45,0.15,0.1,0.3,234,9564.649543762207,50435.35045623779,139,40.87457069983849
0.5,0.7,0.45,0.35,0.2,0.1,0.2,234,9510.077809333801,50489.9221906662,103,40.64135815954616
0.55,0.7,0.45,0.35,0.2,0.15,0.2,234,9443.954083442688,50556.04591655731,101,40.35877813437046
0.4,0.8,0.35,0.25,0.2,0.1,0.1,234,9344.384593963623,50655.61540603638,152,39.93326749557104
0.55,0.8,0.45,0.35,0.15,0.15,0.1,234,8298.648195266724,51701.35180473328,138,35.46430852678087
0.45,0.6,0.35,0.45,0.15,0.1,0.2,233,10020.251427650452,49979.74857234955,98,43.00537093412211
0.4,0.6,0.35,0.45,0.15,0.05,0.2,233,9958.407242774963,50041.59275722504,99,42.73994524796122
0.4,0.8,0.35,0.45,0.15,0.05,0.1,233,9594.69235420227,50405.30764579773,136,41.17893714249902
0.5,0.6,0.35,0.35,0.15,0.15,0.1,233,9483.774807929993,50516.22519207001,98,40.70289617137336
0.45,0.7,0.45,0.35,0.2,0.05,0.2,233,9452.364876747131,50547.63512325287,103,40.568089599773096
0.5,0.8,0.45,0.45,0.15,0.1,0.2,233,8728.833785057068,51271.16621494293,136,37.462805944450935
0.55,0.6,0.45,0.45,0.15,0.15,0.3,233,8677.09297657013,51322.90702342987,97,37.240742388713
0.55,0.7,0.45,0.45,0.15,0.1,0.1,233,8389.389420509338,51610.61057949066,100,36.00596317815167
0.4,0.7,0.45,0.25,0.1,0.05,0.2,233,6905.733493804932,53094.26650619507,115,29.638341175128463
0.5,0.7,0.45,0.25,0.1,0.15,0.2,233,6878.396541595459,53121.60345840454,112,29.52101519998051
0.45,0.7,0.45,0.25,0.1,0.1,0.2,233,6868.878330230713,53131.12166976929,114,29.48016450742795
0.45,0.7,0.35,0.45,0.2,0.1,0.2,232,9813.990597724915,50186.009402275085,100,42.30168361088325
0.45,0.8,0.35,0.35,0.15,0.15,0.2,232,9389.3935546875,50610.6064453125,144,40.47152394261853
0.4,0.7,0.35,0.35,0.15,0.1,0.3,232,9280.307003974915,50719.692996025085,107,40.00132329299532
0.5,0.6,0.45,0.45,0.15,0.1,0.3,232,8640.47855091095,51359.52144908905,97,37.243442029788575
0.4,0.8,0.45,0.35,0.15,0.05,0.3,232,8298.27477645874,51701.72522354126,145,35.76842576059802
0.45,0.6,0.45,0.25,0.15,0.1,0.3,232,7592.254998207092,52407.74500179291,103,32.725237061237465
0.5,0.6,0.45,0.25,0.15,0.15,0.3,232,7591.655667304993,52408.34433269501,103,32.72265373838359
0.4,0.6,0.45,0.25,0.15,0.05,0.3,232,7559.850829124451,52440.14917087555,104,32.58556391863987
0.4,0.7,0.25,0.45,0.2,0.15,0.3,231,10198.362807273865,49801.637192726135,102,44.148756741445304
0.55,0.6,0.45,0.25,0.2,0.15,0.1,231,9253.69240283966,50746.30759716034,95,40.05927447116736
0.45,0.6,0.45,0.45,0.15,0.05,0.3,231,8623.159598350525,51376.840401649475,98,37.329695230954655
0.5,0.8,0.45,0.35,0.15,0.1,0.1,231,8406.593622207642,51593.40637779236,144,36.39218018271706
0.4,0.7,0.35,0.45,0.2,0.05,0.2,230,9781.07124042511,50218.92875957489,101,42.52639669750048
0.4,0.6,0.35,0.35,0.15,0.05,0.1,230,9371.178235054016,50628.821764945984,98,40.744253195887026
0.45,0.6,0.35,0.35,0.15,0.1,0.1,230,9371.178235054016,50628.821764945984,98,40.744253195887026
0.4,0.7,0.35,0.25,0.2,0.1,0.2,230,9194.70569896698,50805.29430103302,105,39.97698129985643
0.45,0.7,0.35,0.25,0.2,0.15,0.2,230,9186.691657066345,50813.308342933655,104,39.942137639418895
0.45,0.8,0.35,0.25,0.15,0.15,0.1,230,9033.180465698242,50966.81953430176,155,39.27469767694888
0.45,0.8,0.45,0.45,0.15,0.05,0.2,230,8727.633140563965,51272.366859436035,139,37.94623104593028
0.5,0.7,0.45,0.45,0.15,0.05,0.1,230,8309.663647651672,51690.33635234833,100,36.12897238109423
0.4,0.8,0.25,0.35,0.2,0.15,0.1,229,10000.833104133606,49999.166895866394,136,43.67176028005942
0.45,0.6,0.25,0.45,0.1,0.15,0.1,229,9790.950329780579,50209.04967021942,98,42.755241614762355
0.5,0.7,0.35,0.35,0.2,0.15,0.1,229,9527.198460578918,50472.80153942108,99,41.60348672741886
0.4,0.8,0.35,0.35,0.15,0.1,0.2,229,9310.937364578247,50689.06263542175,149,40.65911512916265
0.45,0.6,0.35,0.25,0.15,0.15,0.2,229,9068.661793708801,50931.3382062912,100,39.60114320396856
0.45,0.8,0.45,0.35,0.15,0.05,0.1,229,8374.432062149048,51625.56793785095,149,36.56957232379497
0.4,0.8,0.35,0.25,0.1,0.15,0.3,229,7749.185434341431,52250.81456565857,153,33.839237704547735
0.4,0.8,0.25,0.45,0.2,0.15,0.2,228,10013.401280403137,49986.59871959686,129,43.91842666843481
0.45,0.7,0.35,0.35,0.2,0.1,0.1,228,9472.984848976135,50527.015151023865,99,41.548179162176034
0.5,0.8,0.35,0.45,0.1,0.15,0.1,228,8729.18759727478,51270.81240272522,134,38.285910514363074
0.55,0.7,0.45,0.45,0.15,0.15,0.3,228,8552.225420951843,51447.77457904816,100,37.50976061820984
0.5,0.7,0.45,0.25,0.15,0.15,0.3,228,7550.432455062866,52449.567544937134,106,33.115931820451166
0.5,0.8,0.45,0.25,0.15,0.15,0.2,228,7520.900197982788,52479.09980201721,144,32.986404377117495
0.5,0.7,0.35,0.45,0.15,0.15,0.2,227,9661.399678230286,50338.600321769714,101,42.56123206268848
0.4,0.8,0.35,0.25,0.15,0.1,0.1,227,8924.277387619019,51075.72261238098,157,39.313997302286424
0.5,0.7,0.45,0.45,0.15,0.1,0.3,227,8766.397616386414,51233.60238361359,101,38.61849170214279
0.4,0.6,0.35,0.35,0.1,0.1,0.3,227,8100.293057441711,51899.70694255829,101,35.68411038520578
0.45,0.6,0.35,0.35,0.1,0.15,0.3,227,8100.293057441711,51899.70694255829,101,35.68411038520578
0.4,0.7,0.45,0.25,0.15,0.05,0.3,227,7545.781667709351,52454.21833229065,108,33.24132893264031
0.4,0.6,0.25,0.25,0.2,0.15,0.1,226,10717.485310554504,49282.514689445496,91,47.422501374134974
0.45,0.7,0.25,0.45,0.15,0.15,0.1,226,9919.96097278595,50080.03902721405,101,43.89363262294668
0.45,0.7,0.35,0.45,0.15,0.1,0.2,226,9636.510909080505,50363.489090919495,101,42.63942880124117
0.55,0.8,0.45,0.45,0.2,0.1,0.1,226,9357.69169330597,50642.30830669403,114,41.405715457106055
0.4,0.7,0.35,0.35,0.2,0.05,0.1,226,9354.27506351471,50645.72493648529,99,41.39059762617128
0.55,0.8,0.45,0.45,0.2,0.15,0.3,226,9291.553168296814,50708.446831703186,122,41.113067116357584
0.45,0.6,0.45,0.25,0.2,0.05,0.1,226,9087.156540870667,50912.84345912933,96,40.20865726048967
0.5,0.6,0.45,0.25,0.2,0.1,0.1,226,9083.979752540588,50916.02024745941,95,40.19460067495836
0.4,0.6,0.35,0.25,0.15,0.1,0.2,226,8938.848662376404,51061.151337623596,100,39.5524277096301
0.45,0.8,0.35,0.45,0.1,0.15,0.3,226,8861.770490646362,51138.22950935364,136,39.21137385241753
0.45,0.7,0.45,0.45,0.15,0.05,0.3,226,8687.529030799866,51312.470969200134,102,38.440393941592326
0.55,0.6,0.45,0.35,0.15,0.15,0.2,226,8204.596461296082,51795.40353870392,94,36.30352416502691
0.45,0.8,0.45,0.25,0.15,0.1,0.2,226,7672.862226486206,52327.137773513794,151,33.95071781631064
0.45,0.7,0.45,0.25,0.15,0.1,0.3,226,7480.018838882446,52519.981161117554,106,33.09742849063029
0.5,0.8,0.45,0.35,0.1,0.15,0.3,226,7105.756301879883,52894.24369812012,137,31.44139956584019
0.4,0.6,0.25,0.35,0.15,0.15,0.2,225,10063.742833137512,49936.25716686249,95,44.72774592505561
0.4,0.7,0.35,0.45,0.15,0.05,0.2,225,9684.995802879333,50315.00419712067,102,43.04442579057481
0.4,0.6,0.25,0.45,0.1,0.1,0.1,225,9652.362704277039,50347.63729572296,98,42.899389796786835
0.55,0.7,0.45,0.25,0.2,0.15,0.1,225,9042.768498420715,50957.231501579285,97,40.19008221520318
0.45,0.7,0.35,0.25,0.15,0.15,0.2,225,9013.341972351074,50986.658027648926,105,40.05929765489366
0.45,0.8,0.35,0.45,0.1,0.1,0.1,225,8668.989650726318,51331.01034927368,137,38.52884289211697
0.5,0.6,0.45,0.35,0.15,0.1,0.2,225,8191.069571495056,51808.930428504944,96,36.40475365108914
0.4,0.8,0.45,0.25,0.15,0.05,0.2,225,7812.011350631714,52187.988649368286,156,34.72005044725206
0.55,0.6,0.45,0.45,0.1,0.1,0.1,225,7650.558219909668,52349.44178009033,94,34.0024809773763
0.4,0.8,0.25,0.45,0.15,0.15,0.2,224,9916.477544784546,50083.522455215454,133,44.269989039216725
0.4,0.7,0.25,0.45,0.15,0.1,0.1,224,9880.473900794983,50119.52609920502,102,44.10925848569189
0.5,0.8,0.45,0.45,0.2,0.1,0.3,224,9326.123965263367,50673.87603473663,124,41.634481987782884
0.4,0.8,0.35,0.45,0.1,0.1,0.3,224,8795.665323257446,51204.334676742554,138,39.26636305025646
0.4,0.8,0.35,0.45,0.1,0.05,0.1,224,8635.912464141846,51364.087535858154,139,38.553180643490386
0.5,0.8,0.45,0.25,0.2,0.15,0.3,224,8413.48704624176,51586.51295375824,131,37.560210027865004
0.4,0.8,0.25,0.35,0.15,0.15,0.1,223,9531.550666809082,50468.44933319092,141,42.74237967178961
0.5,0.7,0.35,0.35,0.15,0.15,0.1,223,9048.517275810242,50951.48272418976,98,40.57631065385758
0.4,0.7,0.35,0.25,0.15,0.1,0.2,223,8956.231843948364,51043.768156051636,105,40.16247463653975
0.5,0.7,0.45,0.25,0.2,0.1,0.1,223,8926.870911598206,51073.129088401794,97,40.030811262772225
0.45,0.6,0.45,0.35,0.15,0.05,0.2,223,8317.097657203674,51682.902342796326,97,37.296402050240694
0.55,0.8,0.45,0.45,0.1,0.15,0.2,223,7694.323305130005,52305.676694869995,131,34.503691951255625
0.5,0.6,0.45,0.45,0.1,0.05,0.1,223,7588.207315444946,52411.792684555054,94,34.02783549526882
0.45,0.6,0.45,0.25,0.1,0.1,0.3,223,6723.393974304199,53276.6060256958,101,30.14974876369596
0.4,0.6,0.25,0.45,0.1,0.15,0.3,222,9655.822569847107,50344.17743015289,97,43.49469626057255
0.4,0.7,0.25,0.35,0.2,0.15,0.2,222,9643.385293006897,50356.6147069931,97,43.43867249102206
0.55,0.6,0.45,0.35,0.2,0.15,0.3,222,9222.485732078552,50777.51426792145,90,41.54272852287636
0.45,0.7,0.45,0.25,0.2,0.05,0.1,222,8878.580006599426,51121.419993400574,97,39.99360363333075
0.5,0.6,0.35,0.45,0.1,0.15,0.2,222,8666.165475845337,51333.83452415466,93,39.03678142272674
0.45,0.8,0.45,0.25,0.2,0.1,0.3,222,8391.70976448059,51608.29023551941,135,37.800494434597255
0.45,0.7,0.35,0.35,0.1,0.15,0.3,222,8370.984493255615,51629.015506744385,105,37.70713735700728
0.4,0.7,0.35,0.35,0.1,0.1,0.3,222,8342.414520263672,51657.58547973633,107,37.5784437849715
0.55,0.6,0.45,0.45,0.1,0.15,0.3,222,7751.94487285614,52248.05512714386,95,34.91867059845108
0.5,0.6,0.45,0.25,0.1,0.15,0.3,222,6694.727751731873,53305.27224826813,100,30.156431314107532
0.4,0.7,0.25,0.45,0.15,0.15,0.3,221,9597.158104896545,50402.841895103455,100,43.42605477328753
0.45,0.7,0.35,0.35,0.15,0.1,0.1,221,9162.016251564026,50837.983748435974,100,41.45708711114944
0.5,0.8,0.45,0.45,0.2,0.05,0.1,221,9150.586449623108,50849.41355037689,114,41.405368550330806
0.5,0.6,0.45,0.45,0.1,0.1,0.3,221,7687.631304740906,52312.368695259094,95,34.78566201240229
0.5,0.8,0.45,0.45,0.1,0.1,0.2,221,7662.763902664185,52337.236097335815,133,34.67313983105966
0.45,0.8,0.45,0.35,0.1,0.1,0.3,221,6962.068166732788,53037.93183326721,140,31.50257089019361
0.55,0.6,0.35,0.45,0.2,0.15,0.1,220,10135.151420593262,49864.84857940674,83,46.06887009360573
0.45,0.8,0.45,0.45,0.2,0.05,0.3,220,9215.224974632263,50784.77502536774,127,41.88738624832847
0.4,0.7,0.35,0.35,0.15,0.05,0.1,220,9175.185055732727,50824.81494426727,102,41.70538661696694
0.45,0.6,0.45,0.45,0.1,0.05,0.3,220,7648.593300819397,52351.4066991806,95,34.76633318554271
0.55,0.8,0.45,0.35,0.1,0.15,0.1,220,7169.063205718994,52830.936794281006,141,32.58665093508634
0.4,0.6,0.45,0.25,0.1,0.05,0.3,220,6602.5805377960205,53397.41946220398,101,30.01172971725464
0.5,0.6,0.35,0.45,0.2,0.15,0.3,219,10036.759502410889,49963.24049758911,87,45.82995206580314
0.45,0.6,0.35,0.25,0.2,0.15,0.3,219,9362.3084897995,50637.6915102005,94,42.750267076710045
0.4,0.6,0.35,0.45,0.1,0.05,0.2,219,8515.348706245422,51484.65129375458,95,38.88287080477362
0.45,0.6,0.35,0.45,0.1,0.1,0.2,219,8515.348706245422,51484.65129375458,95,38.88287080477362
0.4,0.8,0.45,0.25,0.2,0.05,0.3,219,8404.86413192749,51595.13586807251,138,38.37837503163237
0.45,0.8,0.35,0.35,0.1,0.15,0.2,219,8292.32571220398,51707.67428779602,145,37.864500968967945
0.55,0.7,0.45,0.35,0.15,0.15,0.2,219,8161.286465644836,51838.71353435516,97,37.26614824495359
0.5,0.7,0.45,0.45,0.1,0.05,0.1,219,7877.644786834717,52122.35521316528,101,35.97098076180236
0.55,0.7,0.45,0.45,0.1,0.15,0.3,219,7683.025630950928,52316.97436904907,99,35.082308817127526
0.5,0.8,0.45,0.35,0.1,0.1,0.1,219,7172.107511520386,52827.892488479614,144,32.74934936767299
0.4,0.8,0.45,0.35,0.1,0.05,0.3,219,6969.032415390015,53030.967584609985,141,31.822065823698697
0.5,0.6,0.35,0.45,0.2,0.1,0.1,218,10047.936161994934,49952.063838005066,84,46.09145028438043
0.4,0.8,0.25,0.45,0.1,0.15,0.2,218,9659.236669540405,50340.763330459595,132,44.30842508963489
0.4,0.6,0.35,0.25,0.2,0.1,0.3,218,9302.329691886902,50697.6703081131,94,42.67123711874726
0.5,0.6,0.45,0.35,0.2,0.1,0.3,218,9079.36215877533,50920.63784122467,90,41.6484502696116
0.5,0.7,0.45,0.35,0.15,0.1,0.2,218,8110.10107421875,51889.89892578125,98,37.2022985055906
0.55,0.7,0.45,0.45,0.1,0.1,0.1,218,7645.862748146057,52354.13725185394,99,35.072764899752556
0.45,0.8,0.45,0.35,0.1,0.05,0.1,218,7251.777360916138,52748.22263908386,146,33.26503376567036
0.55,0.6,0.45,0.45,0.2,0.1,0.2,217,9612.728708267212,50387.27129173279,83,44.298288978189916
0.45,0.8,0.35,0.35,0.2,0.15,0.3,217,9074.13880443573,50925.86119556427,126,41.816307854542536
0.55,0.8,0.45,0.35,0.2,0.15,0.2,217,8951.126664161682,51048.87333583832,121,41.24943163208148
0.45,0.6,0.45,0.35,0.2,0.05,0.3,217,8947.616787910461,51052.38321208954,92,41.233257087144985
0.45,0.8,0.45,0.45,0.1,0.05,0.2,217,7518.103145599365,52481.896854400635,135,34.645636615665275
0.5,0.7,0.45,0.25,0.1,0.15,0.3,217,6470.517038345337,53529.48296165466,104,29.818050867950863
0.4,0.6,0.35,0.45,0.2,0.05,0.3,216,10024.996102333069,49975.00389766693,88,46.412018992282725
0.45,0.6,0.35,0.45,0.2,0.1,0.3,216,9948.490162849426,50051.509837150574,87,46.0578248280066
0.4,0.7,0.25,0.25,0.2,0.15,0.1,216,9827.441613197327,50172.55838680267,95,45.49741487591355
0.45,0.7,0.45,0.35,0.15,0.05,0.2,216,8027.4993724823,51972.5006275177,98,37.164348946677315
0.5,0.7,0.45,0.45,0.1,0.1,0.3,216,7526.75576210022,52473.24423789978,99,34.846091491204724
0.5,0.8,0.45,0.25,0.1,0.15,0.2,216,6647.047637939453,53352.95236206055,144,30.773368694164134
0.4,0.7,0.45,0.25,0.1,0.05,0.3,216,6536.213165283203,53463.7868347168,107,30.260246135570384
0.45,0.7,0.45,0.25,0.1,0.1,0.3,216,6475.39758682251,53524.60241317749,105,29.978692531585693
0.45,0.6,0.35,0.45,0.2,0.05,0.1,215,9831.00472354889,50168.99527645111,85,45.72560336534367
0.5,0.6,0.45,0.45,0.2,0.05,0.2,215,9515.904697418213,50484.09530258179,84,44.2600218484568
0.55,0.8,0.45,0.45,0.15,0.15,0.3,215,8481.728808403015,51518.271191596985,121,39.449901434432626
0.55,0.8,0.45,0.45,0.15,0.1,0.1,215,8389.990738868713,51610.00926113129,115,39.02321273892425
0.4,0.8,0.35,0.35,0.1,0.1,0.2,215,8239.589044570923,51760.41095542908,148,38.323669974748476
0.45,0.7,0.45,0.45,0.1,0.05,0.3,215,7462.486339569092,52537.51366043091,100,34.70923878869345
0.55,0.6,0.45,0.25,0.15,0.15,0.1,215,7455.014100074768,52544.98589992523,91,34.67448418639427
0.45,0.7,0.25,0.45,0.1,0.15,0.1,214,9271.670259475708,50728.32974052429,100,43.32556196016686
0.4,0.6,0.25,0.25,0.15,0.15,0.1,214,9266.957188606262,50733.04281139374,90,43.30353826451525
0.4,0.8,0.25,0.35,0.1,0.15,0.1,214,9107.239208221436,50892.760791778564,141,42.55719256178241
0.4,0.8,0.35,0.35,0.2,0.1,0.3,214,8986.866084098816,51013.133915901184,130,41.99470132756456
0.5,0.7,0.45,0.35,0.2,0.1,0.3,214,8890.170851707458,51109.82914829254,95,41.542854447231115
0.45,0.8,0.45,0.35,0.2,0.05,0.2,214,8878.080545425415,51121.919454574585,128,41.48635768890381
0.5,0.8,0.45,0.35,0.2,0.1,0.2,214,8860.017876625061,51139.98212337494,125,41.40195269450963
0.55,0.7,0.45,0.35,0.2,0.15,0.3,214,8774.730692863464,51225.269307136536,92,41.00341445263301
0.45,0.7,0.35,0.45,0.1,0.1,0.2,214,8576.038291931152,51423.96170806885,100,40.07494528939791
0.5,0.7,0.35,0.45,0.1,0.15,0.2,214,8355.761344909668,51644.23865509033,99,39.04561376126013
0.4,0.8,0.35,0.25,0.1,0.1,0.1,214,7567.700521469116,52432.299478530884,158,35.3630865489211
0.45,0.8,0.35,0.25,0.1,0.15,0.1,214,7551.791481018066,52448.20851898193,156,35.28874523840218
0.4,0.6,0.25,0.35,0.1,0.15,0.2,213,9322.602080345154,50677.397919654846,94,43.76808488424955
0.4,0.7,0.25,0.45,0.1,0.1,0.1,213,9247.948497772217,50752.05150222778,100,43.41759858109022
0.55,0.6,0.45,0.35,0.2,0.1,0.1,213,8971.194527626038,51028.80547237396,83,42.118284167258395
0.45,0.7,0.45,0.35,0.2,0.05,0.3,213,8867.35568523407,51132.64431476593,95,41.63077786494868
0.45,0.6,0.35,0.35,0.1,0.1,0.1,213,7737.4594984054565,52262.54050159454,92,36.326100931481015
0.5,0.6,0.35,0.35,0.1,0.15,0.1,213,7720.369708061218,52279.63029193878,91,36.24586717399633
0.5,0.6,0.45,0.25,0.15,0.1,0.1,213,7330.016182899475,52669.983817100525,91,34.413221515959975
0.45,0.8,0.45,0.25,0.1,0.1,0.2,213,6538.193284988403,53461.8067150116,149,30.695743122011283
0.4,0.6,0.25,0.35,0.2,0.15,0.3,212,10222.784865379333,49777.21513462067,86,48.22068332726101
0.55,0.7,0.35,0.45,0.2,0.15,0.1,212,9470.206917762756,50529.793082237244,85,44.67078734793753
0.5,0.8,0.35,0.45,0.2,0.15,0.2,212,9293.240294456482,50706.75970554352,109,43.83603912479472
0.4,0.7,0.25,0.35,0.15,0.15,0.2,212,9264.8670129776,50735.1329870224,97,43.70220289140377
0.5,0.6,0.45,0.35,0.2,0.05,0.1,212,9220.477288246155,50779.522711753845,85,43.492817397387526
0.55,0.8,0.45,0.25,0.2,0.15,0.1,212,8496.225338935852,51503.77466106415,121,40.076534617621945
0.4,0.7,0.35,0.45,0.1,0.05,0.2,212,8483.138664245605,51516.861335754395,100,40.014805020026444
0.4,0.6,0.35,0.35,0.1,0.05,0.1,212,7689.466908454895,52310.533091545105,93,36.27107032290045
0.4,0.8,0.45,0.25,0.1,0.05,0.2,212,6524.097732543945,53475.902267456055,151,30.774045908226157
0.4,0.7,0.25,0.45,0.1,0.15,0.3,211,9400.034156799316,50599.96584320068,99,44.54992491374084
0.4,0.6,0.25,0.25,0.1,0.15,0.1,211,9111.771828651428,50888.22817134857,94,43.18375274242383
0.45,0.7,0.35,0.25,0.2,0.15,0.3,211,8820.555537223816,51179.444462776184,96,41.80358074513657
0.5,0.8,0.45,0.45,0.15,0.1,0.3,211,8373.099841117859,51626.90015888214,122,39.68293763562966
0.5,0.8,0.45,0.45,0.15,0.05,0.1,211,8360.936521530151,51639.06347846985,121,39.62529157123294
0.45,0.6,0.45,0.25,0.15,0.05,0.1,211,7230.323864936829,52769.67613506317,91,34.26693774851577
0.5,0.8,0.45,0.25,0.15,0.15,0.3,211,7217.584289550781,52782.41571044922,129,34.20656061398474
0.5,0.6,0.35,0.35,0.2,0.15,0.2,210,9745.247277259827,50254.75272274017,83,46.40593941552299
0.55,0.7,0.45,0.45,0.2,0.1,0.2,210,9118.406155586243,50881.59384441376,86,43.42098169326782
0.4,0.7,0.35,0.25,0.2,0.1,0.3,210,8795.666768074036,51204.333231925964,96,41.88412746701922
0.5,0.8,0.45,0.25,0.2,0.1,0.1,210,8574.948428153992,51425.05157184601,123,40.83308775311425
0.5,0.7,0.35,0.35,0.1,0.15,0.1,210,7791.190763473511,52208.80923652649,99,37.10090839749291
0.45,0.6,0.35,0.25,0.1,0.15,0.2,210,7266.517506599426,52733.482493400574,94,34.602464317140125
0.55,0.6,0.35,0.45,0.15,0.15,0.1,209,9156.68835067749,50843.31164932251,82,43.81190598410282
0.4,0.7,0.25,0.25,0.15,0.15,0.1,209,9023.71623802185,50976.28376197815,99,43.17567578000885
0.5,0.8,0.35,0.35,0.2,0.15,0.1,209,8996.356835365295,51003.643164634705,112,43.04476954720237
0.55,0.6,0.45,0.25,0.2,0.15,0.2,209,8732.061268806458,51267.93873119354,88,41.7801974584041
0.45,0.8,0.35,0.35,0.15,0.15,0.3,209,8672.172542572021,51327.82745742798,128,41.493648529052734
0.45,0.8,0.35,0.25,0.2,0.15,0.2,209,8628.397757530212,51371.60224246979,126,41.28419979679528
0.4,0.6,0.35,0.25,0.15,0.1,0.3,209,8595.18023967743,51404.81976032257,92,41.1252643046767
0.45,0.6,0.35,0.25,0.15,0.15,0.3,209,8595.18023967743,51404.81976032257,92,41.1252643046767
0.55,0.6,0.45,0.35,0.15,0.15,0.3,209,8190.780533790588,51809.21946620941,88,39.19033748225162
0.4,0.7,0.35,0.35,0.1,0.05,0.1,209,7759.15421295166,52240.84578704834,101,37.125139774888325
0.45,0.7,0.35,0.35,0.1,0.1,0.1,209,7759.15421295166,52240.84578704834,101,37.125139774888325
0.4,0.6,0.35,0.25,0.1,0.1,0.2,209,7239.950277328491,52760.04972267151,94,34.64091041783967
0.45,0.8,0.45,0.25,0.15,0.1,0.3,209,7154.773614883423,52845.22638511658,130,34.233366578389585
0.55,0.6,0.45,0.35,0.1,0.15,0.2,209,6961.794699668884,53038.205300331116,90,33.31002248645399
0.5,0.6,0.35,0.45,0.15,0.15,0.3,208,9479.101356506348,50520.89864349365,84,45.572602675511284
0.5,0.7,0.35,0.45,0.2,0.1,0.1,208,9107.36578464508,50892.63421535492,86,43.78541242617827
0.5,0.6,0.35,0.45,0.15,0.1,0.1,208,9081.728581428528,50918.27141857147,84,43.66215664148331
0.55,0.7,0.45,0.25,0.15,0.15,0.1,208,7081.488324165344,52918.511675834656,92,34.045616943102615
0.45,0.7,0.45,0.25,0.15,0.05,0.1,208,7069.372930526733,52930.62706947327,95,33.987369858301605
0.5,0.7,0.45,0.25,0.15,0.1,0.1,208,7068.561655044556,52931.438344955444,95,33.98346949540652
0.5,0.6,0.45,0.35,0.1,0.1,0.2,208,6938.072937965393,53061.92706203461,90,33.35611989406439
0.45,0.6,0.45,0.35,0.1,0.05,0.2,208,6902.985065460205,53097.014934539795,92,33.18742819932791
0.5,0.7,0.35,0.45,0.2,0.15,0.3,207,9300.219992637634,50699.780007362366,88,44.92859899824944
0.45,0.8,0.35,0.45,0.2,0.1,0.2,207,9105.152274131775,50894.847725868225,110,43.986242870201814
0.5,0.7,0.45,0.45,0.2,0.05,0.2,207,9036.734803199768,50963.26519680023,87,43.655723686955405
0.5,0.6,0.45,0.25,0.2,0.1,0.2,207,8664.045144081116,51335.954855918884,88,41.855290551116504
0.4,0.8,0.35,0.25,0.2,0.1,0.2,207,8606.318801879883,51393.68119812012,132,41.576419332753055
0.45,0.8,0.45,0.45,0.15,0.05,0.3,207,8241.374774932861,51758.62522506714,123,39.81340470982059
0.4,0.8,0.45,0.25,0.15,0.05,0.3,207,7236.739784240723,52763.26021575928,134,34.960095576042136
0.45,0.8,0.35,0.35,0.2,0.1,0.1,206,8891.142287254333,51108.85771274567,115,43.160884889584146
0.45,0.6,0.45,0.25,0.2,0.05,0.2,206,8606.332211494446,51393.667788505554,88,41.778311706283716
0.45,0.8,0.45,0.25,0.2,0.05,0.1,206,8422.8365650177,51577.1634349823,127,40.88755614086262
0.5,0.6,0.45,0.35,0.15,0.1,0.3,206,8084.9303522109985,51915.069647789,88,39.24723471947087
0.55,0.7,0.45,0.35,0.1,0.15,0.2,206,6793.4899559021,53206.5100440979,94,32.97810658204903
0.45,0.6,0.35,0.35,0.2,0.1,0.2,205,9561.061625480652,50438.93837451935,83,46.63932500234464
0.45,0.7,0.35,0.45,0.2,0.05,0.1,205,8988.324688911438,51011.67531108856,87,43.84548628737287
0.4,0.7,0.25,0.35,0.1,0.15,0.2,205,8908.65214920044,51091.34785079956,98,43.45683975219727
0.45,0.6,0.35,0.45,0.15,0.05,0.1,205,8862.50970172882,51137.49029827118,84,43.23175464257962
0.55,0.6,0.45,0.45,0.15,0.1,0.2,205,8406.583280563354,51593.416719436646,82,41.00772331982124
0.55,0.8,0.45,0.35,0.15,0.15,0.2,205,8041.652269363403,51958.3477306366,124,39.22757204567514
0.45,0.6,0.45,0.35,0.15,0.05,0.3,205,8002.4931745529175,51997.50682544708,89,39.03655207098984
0.5,0.7,0.45,0.35,0.1,0.1,0.2,205,6746.961799621582,53253.03820037842,96,32.91200877864186
0.55,0.7,0.45,0.35,0.2,0.1,0.1,204,8730.21540927887,51269.78459072113,85,42.79517357489642
0.4,0.8,0.35,0.35,0.15,0.1,0.3,204,8486.864465713501,51513.1355342865,131,41.60227679271324
0.45,0.7,0.35,0.25,0.1,0.15,0.2,204,7226.5165367126465,52773.48346328735,100,35.42410067016003
0.55,0.6,0.45,0.25,0.1,0.15,0.1,204,6349.5802545547485,53650.41974544525,88,31.12539340468014
0.45,0.8,0.25,0.45,0.2,0.15,0.1,203,9720.649868965149,50279.35013103485,108,47.88497472396625
0.4,0.6,0.35,0.35,0.2,0.05,0.2,203,9475.862095832825,50524.137904167175,83,46.67912362479224
0.45,0.6,0.35,0.45,0.15,0.1,0.3,203,9159.567534446716,50840.432465553284,84,45.121022337175944
0.4,0.8,0.35,0.45,0.2,0.05,0.2,203,8982.089352607727,51017.91064739227,112,44.246745579348406
0.4,0.8,0.35,0.35,0.2,0.05,0.1,203,8793.676089286804,51206.323910713196,119,43.31860142505815
0.55,0.7,0.35,0.45,0.15,0.15,0.1,203,8665.026169776917,51334.97383022308,86,42.684857979196636
0.5,0.7,0.45,0.35,0.2,0.05,0.1,203,8646.018197059631,51353.98180294037,87,42.591222645613946
0.5,0.6,0.45,0.45,0.15,0.05,0.2,203,8365.495182037354,51634.50481796265,83,41.20933587210519
0.4,0.7,0.35,0.25,0.1,0.1,0.2,203,7131.261001586914,52868.738998413086,100,35.12936453983701
0.45,0.7,0.45,0.35,0.1,0.05,0.2,203,6652.571113586426,53347.428886413574,97,32.77128627382476
0.5,0.6,0.45,0.25,0.1,0.1,0.1,203,6299.183808326721,53700.81619167328,89,31.030462109983848
0.4,0.8,0.25,0.45,0.2,0.15,0.3,202,9197.93756389618,50802.06243610382,113,45.53434437572366
0.5,0.8,0.35,0.45,0.15,0.15,0.2,202,8992.386082649231,51007.61391735077,111,44.51676278539223
0.4,0.6,0.35,0.45,0.15,0.05,0.3,201,9108.554938316345,50891.445061683655,85,45.316193722966894
0.45,0.7,0.35,0.45,0.2,0.1,0.3,201,8958.877764701843,51041.12223529816,88,44.57153116767086
0.5,0.7,0.35,0.45,0.15,0.1,0.1,201,8654.358145713806,51345.641854286194,88,43.056508187630875
0.5,0.8,0.35,0.35,0.15,0.15,0.1,201,8608.951587677002,51391.048412323,120,42.83060491381593
0.55,0.7,0.45,0.25,0.2,0.15,0.2,201,8355.730080604553,51644.26991939545,88,41.57079642091818
0.45,0.7,0.35,0.25,0.15,0.15,0.3,201,8260.197080612183,51739.80291938782,95,41.0955078637422
0.5,0.8,0.45,0.35,0.15,0.1,0.2,201,7939.172399520874,52060.827600479126,126,39.49837014687002
0.5,0.7,0.45,0.35,0.15,0.1,0.3,201,7824.971998214722,52175.02800178528,90,38.9302089463419
0.55,0.8,0.45,0.45,0.1,0.15,0.3,201,7279.915014266968,52720.08498573303,116,36.218482658044614
0.45,0.6,0.25,0.45,0.2,0.15,0.2,200,10198.303727149963,49801.69627285004,75,50.99151863574982
0.45,0.8,0.35,0.45,0.15,0.1,0.2,200,8959.310726165771,51040.68927383423,113,44.79655363082886
0.5,0.7,0.35,0.45,0.15,0.15,0.3,200,8904.190936088562,51095.80906391144,88,44.52095468044281
0.4,0.7,0.35,0.45,0.2,0.05,0.3,200,8829.473910331726,51170.526089668274,88,44.14736955165863
0.4,0.7,0.35,0.25,0.15,0.1,0.3,200,8224.400873184204,51775.599126815796,95,41.12200436592102
0.55,0.7,0.45,0.35,0.15,0.15,0.3,200,7796.210564613342,52203.78943538666,89,38.98105282306671
0.45,0.6,0.45,0.25,0.1,0.05,0.1,200,6169.360536575317,53830.63946342468,90,30.846802682876586
0.4,0.6,0.25,0.45,0.2,0.1,0.2,199,10180.088248252869,49819.91175174713,77,51.15622235302949
0.5,0.6,0.35,0.35,0.15,0.15,0.2,199,8976.684239387512,51023.31576061249,83,45.108966027072924
0.55,0.6,0.45,0.45,0.2,0.05,0.1,199,8934.370655059814,51065.629344940186,76,44.89633495004932
0.5,0.7,0.45,0.45,0.15,0.05,0.2,199,8344.801560401917,51655.19843959808,87,41.9336761829242
0.55,0.7,0.45,0.45,0.15,0.1,0.2,199,8323.530941963196,51676.469058036804,86,41.82678865308139
0.5,0.7,0.45,0.25,0.2,0.1,0.2,199,8285.895747184753,51714.10425281525,88,41.63766707128017
0.45,0.8,0.35,0.25,0.15,0.15,0.2,199,8204.930727005005,51795.069272994995,131,41.230807673391986
0.55,0.8,0.45,0.25,0.15,0.15,0.1,199,7433.200590133667,52566.79940986633,124,37.35276678459129
0.55,0.8,0.45,0.45,0.1,0.1,0.1,199,7074.14834022522,52925.85165977478,115,35.548484121734774
0.4,0.8,0.25,0.45,0.2,0.1,0.1,198,9535.127724647522,50464.87227535248,110,48.15721073054304
0.55,0.6,0.45,0.45,0.2,0.1,0.3,198,9110.449699401855,50889.550300598145,76,46.01237221920129
0.4,0.8,0.35,0.45,0.15,0.05,0.2,198,8858.853229522705,51141.146770477295,114,44.7416829773874
0.4,0.7,0.25,0.25,0.1,0.15,0.1,198,8643.817825317383,51356.18217468262,98,43.655645582411026
0.45,0.8,0.35,0.35,0.15,0.1,0.1,198,8510.498085021973,51489.50191497803,121,42.98231356071703
0.55,0.8,0.45,0.35,0.2,0.15,0.3,198,8364.181221961975,51635.818778038025,110,42.24333950485846
0.45,0.8,0.45,0.35,0.15,0.05,0.2,198,7864.963289260864,52135.036710739136,128,39.722036814448806
0.45,0.7,0.45,0.35,0.15,0.05,0.3,198,7678.486923217773,52321.51307678223,90,38.78023698594835
0.5,0.6,0.45,0.35,0.15,0.05,0.1,198,7533.8730363845825,52466.12696361542,82,38.04986382012415
0.5,0.8,0.45,0.45,0.1,0.1,0.3,198,7325.066143035889,52674.93385696411,119,36.99528355068631
0.5,0.8,0.45,0.25,0.1,0.15,0.3,198,6166.008693695068,53833.99130630493,125,31.141458048964992
0.55,0.7,0.45,0.25,0.1,0.15,0.1,198,6072.550935745239,53927.44906425476,94,30.6694491704305
0.4,0.7,0.25,0.35,0.2,0.15,0.3,197,8887.06207370758,51112.93792629242,87,45.11199022186589
0.45,0.6,0.35,0.35,0.15,0.1,0.2,197,8788.135193824768,51211.86480617523,83,44.60982331890745
0.45,0.7,0.35,0.45,0.15,0.05,0.1,197,8533.42061138153,51466.57938861847,88,43.31685589533772
0.45,0.7,0.45,0.25,0.2,0.05,0.2,197,8201.446120262146,51798.553879737854,88,41.631706194224094
0.4,0.8,0.35,0.25,0.15,0.1,0.2,197,8193.76086807251,51806.23913192749,133,41.59269476178939
0.55,0.6,0.45,0.35,0.15,0.1,0.1,197,7475.686161994934,52524.313838005066,81,37.947645492360074
0.5,0.8,0.45,0.25,0.15,0.1,0.1,197,7387.16806602478,52612.83193397522,128,37.49831505596335
0.5,0.8,0.45,0.45,0.1,0.05,0.1,197,7014.472106933594,52985.527893066406,117,35.606457395602
0.45,0.8,0.45,0.25,0.1,0.1,0.3,197,6120.489070892334,53879.510929107666,128,31.068472441077837
0.5,0.7,0.45,0.25,0.1,0.1,0.1,197,6041.7630615234375,53958.23693847656,95,30.668848028037754
0.45,0.7,0.45,0.25,0.1,0.05,0.1,197,6027.109405517578,53972.89059448242,96,30.594463987398875
0.45,0.6,0.25,0.35,0.2,0.15,0.1,196,10068.401745796204,49931.5982542038,75,51.369396662225526
0.4,0.6,0.25,0.35,0.15,0.15,0.3,196,9142.413619041443,50857.58638095856,83,46.64496744408899
0.5,0.6,0.45,0.45,0.2,0.05,0.3,196,9034.885765075684,50965.11423492432,77,46.09635594426369
0.45,0.7,0.35,0.45,0.15,0.1,0.3,196,8723.702092170715,51276.297907829285,88,44.50868414372814
0.5,0.7,0.35,0.35,0.2,0.15,0.2,196,8663.351647377014,51336.648352622986,84,44.20077371110722
0.4,0.8,0.35,0.35,0.15,0.05,0.1,196,8436.599708557129,51563.40029144287,122,43.043876064066986
0.45,0.6,0.35,0.25,0.1,0.15,0.3,196,7281.548176765442,52718.45182323456,88,37.150756003905315
0.45,0.8,0.45,0.45,0.1,0.05,0.3,196,7269.939512252808,52730.06048774719,121,37.09152812373881
0.4,0.8,0.45,0.25,0.1,0.05,0.3,196,6077.951175689697,53922.0488243103,130,31.00995497800866
0.4,0.6,0.25,0.35,0.2,0.1,0.1,195,10034.631894111633,49965.36810588837,75,51.45965073903402
0.4,0.7,0.35,0.45,0.15,0.05,0.3,195,8684.03468799591,51315.96531200409,88,44.533511220491846
0.4,0.6,0.35,0.35,0.15,0.05,0.2,195,8658.925721168518,51341.07427883148,83,44.40474728804368
0.5,0.8,0.45,0.35,0.2,0.1,0.3,195,8263.79469203949,51736.20530796051,111,42.37843431815123
0.55,0.6,0.35,0.45,0.1,0.15,0.1,195,7655.205184936523,52344.79481506348,80,39.25746248685397
0.45,0.8,0.35,0.35,0.1,0.15,0.3,195,7487.161790847778,52512.83820915222,128,38.39570149152707
0.4,0.6,0.35,0.25,0.1,0.1,0.3,195,7240.872537612915,52759.127462387085,90,37.13267968006623
0.55,0.6,0.45,0.35,0.1,0.15,0.3,195,6579.768048286438,53420.23195171356,83,33.74240024762276
0.5,0.6,0.35,0.25,0.2,0.15,0.1,194,9074.15823841095,50925.84176158905,76,46.774011538200774
0.4,0.8,0.25,0.45,0.15,0.15,0.3,194,8939.010883331299,51060.9891166687,115,46.07737568727474
0.55,0.8,0.45,0.45,0.2,0.1,0.2,194,8600.151650428772,51399.84834957123,96,44.33067861045759
0.45,0.7,0.35,0.35,0.2,0.1,0.2,194,8581.2009973526,51418.7990026474,84,44.232994831714436
0.45,0.6,0.35,0.45,0.1,0.1,0.3,194,8167.413813591003,51832.586186409,83,42.10007120407734
0.55,0.6,0.45,0.25,0.2,0.15,0.3,194,8163.306887626648,51836.69311237335,81,42.078901482611585
0.55,0.7,0.45,0.35,0.15,0.1,0.1,194,7730.969988822937,52269.03001117706,84,39.85036076712854
0.55,0.6,0.45,0.25,0.15,0.15,0.2,194,7620.151379585266,52379.848620414734,82,39.279130822604465
0.5,0.6,0.35,0.45,0.1,0.1,0.1,194,7618.930472373962,52381.06952762604,81,39.27283748646372
0.45,0.8,0.45,0.25,0.15,0.05,0.1,194,7262.936388015747,52737.06361198425,131,37.437816433070864
0.5,0.6,0.45,0.35,0.1,0.1,0.3,194,6540.12207698822,53459.87792301178,84,33.71196946901144
0.4,0.6,0.25,0.25,0.2,0.15,0.2,193,9532.7261095047,50467.2738904953,77,49.392363261682384
0.45,0.8,0.25,0.45,0.15,0.15,0.1,193,8968.3959608078,51031.6040391922,109,46.468372853926425
0.55,0.8,0.35,0.45,0.2,0.15,0.1,193,8709.801012992859,51290.19898700714,89,45.12850265799409
0.45,0.8,0.45,0.35,0.2,0.05,0.3,193,8160.356195449829,51839.64380455017,114,42.28163831839289
0.5,0.6,0.35,0.45,0.1,0.15,0.3,193,8103.35545539856,51896.64454460144,81,41.9862976963656
0.5,0.7,0.45,0.35,0.15,0.05,0.1,193,7833.339470863342,52166.66052913666,86,40.58725114436965
0.45,0.6,0.45,0.35,0.1,0.05,0.3,193,6480.614255905151,53519.38574409485,85,33.57831220676244
0.45,0.6,0.35,0.25,0.2,0.1,0.1,192,8983.007378578186,51016.992621421814,76,46.786496763428055
0.5,0.6,0.45,0.25,0.2,0.1,0.3,192,8034.888873100281,51965.11112689972,82,41.84837954739729
0.45,0.6,0.35,0.45,0.1,0.05,0.1,192,7780.303874015808,52219.69612598419,82,40.522416010499
0.45,0.6,0.45,0.25,0.15,0.05,0.2,192,7558.467562675476,52441.532437324524,83,39.36701855560144
0.5,0.6,0.45,0.25,0.15,0.1,0.2,192,7511.070401191711,52488.92959880829,82,39.12015833954016
0.4,0.8,0.35,0.35,0.1,0.1,0.3,192,7452.2846965789795,52547.71530342102,131,38.81398279468218
0.4,0.6,0.25,0.45,0.15,0.1,0.2,191,9513.489815711975,50486.510184288025,77,49.8088472026805
0.45,0.6,0.25,0.45,0.15,0.15,0.2,191,9513.423264503479,50486.57673549652,76,49.808498767033925
0.4,0.8,0.25,0.35,0.2,0.15,0.2,191,8521.531325340271,51478.46867465973,109,44.61534725309043
0.4,0.7,0.35,0.35,0.2,0.05,0.2,191,8418.177340507507,51581.82265949249,85,44.07422691365187
0.55,0.7,0.45,0.45,0.2,0.05,0.1,191,8367.227883338928,51632.77211666107,76,43.80747582899962
0.55,0.8,0.45,0.35,0.2,0.1,0.1,191,8328.02124118805,51671.97875881195,94,43.602205451246334
0.55,0.8,0.45,0.25,0.2,0.15,0.2,191,8102.365832328796,51897.6341676712,110,42.42076352004605
0.4,0.6,0.35,0.45,0.1,0.05,0.3,191,8028.590281486511,51971.40971851349,83,42.034504091552414
0.5,0.7,0.35,0.35,0.15,0.15,0.2,190,8442.798367500305,51557.201632499695,84,44.435780881580556
0.5,0.8,0.35,0.45,0.1,0.15,0.2,190,8094.749048233032,51905.25095176697,113,42.60394235912122
0.45,0.6,0.45,0.25,0.2,0.05,0.3,190,7940.485396385193,52059.51460361481,82,41.792028402027334
0.5,0.7,0.45,0.25,0.15,0.1,0.2,190,7827.71054649353,52172.28945350647,87,41.19847656049227
0.45,0.7,0.45,0.25,0.15,0.05,0.2,190,7824.354766845703,52175.6452331543,88,41.18081456234581
0.55,0.7,0.45,0.25,0.15,0.15,0.2,190,7679.943972587585,52320.056027412415,85,40.42075775046098
0.55,0.6,0.35,0.45,0.2,0.15,0.2,189,9375.820369720459,50624.17963027954,69,49.607515183706134
0.4,0.6,0.35,0.25,0.2,0.05,0.1,189,8637.469319343567,51362.53068065643,76,45.700895869542684
0.4,0.6,0.25,0.35,0.1,0.15,0.3,189,8431.539681434631,51568.46031856537,83,44.6113210657917
0.5,0.8,0.45,0.45,0.2,0.05,0.2,189,8396.101580619812,51603.89841938019,98,44.42381788687731
0.5,0.7,0.35,0.45,0.1,0.15,0.3,189,8151.449914932251,51848.55008506775,85,43.129364629271166
0.55,0.8,0.45,0.35,0.15,0.15,0.3,189,7773.610084533691,52226.38991546631,109,41.13021208747985
0.55,0.8,0.45,0.35,0.1,0.15,0.2,189,6516.961250305176,53483.038749694824,120,34.48127645664114
0.45,0.7,0.25,0.45,0.2,0.15,0.2,188,9326.528862953186,50673.471137046814,77,49.60919607953822
0.4,0.8,0.25,0.45,0.15,0.1,0.1,188,8778.527334213257,51221.47266578674,109,46.69429433092158
0.5,0.8,0.35,0.45,0.2,0.1,0.1,188,8532.39729976654,51467.60270023346,92,45.38509202003479
0.45,0.8,0.35,0.45,0.1,0.1,0.2,188,8064.01678276062,51935.98321723938,114,42.89370629127989
0.45,0.8,0.35,0.25,0.2,0.15,0.3,188,8060.55837726593,51939.44162273407,116,42.87531051737197
0.5,0.7,0.45,0.25,0.2,0.1,0.3,188,8016.994078636169,51983.00592136383,84,42.64358552466047
0.5,0.8,0.35,0.35,0.1,0.15,0.1,188,7504.990285873413,52495.00971412659,119,39.92016109507134
0.5,0.6,0.45,0.45,0.1,0.05,0.2,188,7048.804538726807,52951.19546127319,79,37.49364116344046
0.55,0.6,0.45,0.45,0.1,0.1,0.2,188,7038.936151504517,52961.06384849548,77,37.441149742045305
0.5,0.8,0.45,0.35,0.1,0.1,0.2,188,6614.024728775024,53385.975271224976,124,35.18098259986715
0.55,0.7,0.45,0.35,0.1,0.15,0.3,188,6293.0141887664795,53706.98581123352,86,33.473479727481276
0.5,0.6,0.35,0.35,0.2,0.15,0.3,187,9252.908574104309,50747.09142589569,73,49.48079451392679
0.45,0.7,0.35,0.35,0.15,0.1,0.2,187,8343.693861961365,51656.306138038635,84,44.61868375380409
0.5,0.8,0.45,0.35,0.2,0.05,0.1,187,8234.037106513977,51765.96289348602,96,44.03228399205335
0.55,0.7,0.45,0.25,0.2,0.15,0.3,187,7804.933066368103,52195.0669336319,83,41.73760998057809
0.5,0.8,0.45,0.35,0.15,0.1,0.3,187,7711.516790390015,52288.483209609985,113,41.2380577026204
0.45,0.7,0.35,0.25,0.1,0.15,0.3,187,6960.86088180542,53039.13911819458,92,37.223854982916684
0.5,0.7,0.45,0.35,0.1,0.1,0.3,187,6258.443645477295,53741.556354522705,87,33.46761307741869
0.4,0.8,0.25,0.45,0.1,0.15,0.3,186,8665.276390075684,51334.72360992432,114,46.58750747352518
0.5,0.8,0.35,0.45,0.2,0.15,0.3,186,8431.122290611267,51568.87770938873,95,45.328614465651974
0.4,0.7,0.25,0.35,0.15,0.15,0.3,186,8385.66384601593,51614.33615398407,84,45.0842142258921
0.55,0.7,0.45,0.45,0.2,0.1,0.3,186,8317.812514305115,51682.187485694885,77,44.71942211991997
0.45,0.7,0.35,0.45,0.1,0.1,0.3,186,8015.281055450439,51984.71894454956,86,43.09290890027118
0.4,0.8,0.35,0.25,0.2,0.1,0.3,186,7987.393678665161,52012.60632133484,118,42.942976767016994
0.5,0.8,0.45,0.25,0.2,0.1,0.2,186,7929.00431728363,52070.99568271637,110,42.62905546926683
0.45,0.7,0.45,0.25,0.2,0.05,0.3,186,7913.506773948669,52086.49322605133,84,42.54573534381005
0.5,0.7,0.35,0.45,0.1,0.1,0.1,186,7826.353406906128,52173.64659309387,86,42.07716885433402
0.4,0.7,0.35,0.25,0.1,0.1,0.3,186,6925.990867614746,53074.009132385254,92,37.23651004093949
0.45,0.7,0.45,0.35,0.1,0.05,0.3,186,6209.791591644287,53790.20840835571,89,33.385976299162834
0.5,0.6,0.35,0.45,0.2,0.1,0.2,185,9209.465374946594,50790.534625053406,70,49.78089391863024
0.4,0.7,0.25,0.45,0.2,0.1,0.2,185,8997.651768684387,51002.34823131561,77,48.63595550640209
0.4,0.6,0.25,0.35,0.15,0.1,0.1,185,8835.02623462677,51164.97376537323,74,47.75689856555011
0.45,0.6,0.25,0.35,0.15,0.15,0.1,185,8835.02623462677,51164.97376537323,74,47.75689856555011
0.4,0.8,0.25,0.25,0.2,0.15,0.1,185,8724.854272842407,51275.14572715759,112,47.161374447796796
0.45,0.8,0.25,0.45,0.1,0.15,0.1,185,8542.063758850098,51457.9362411499,108,46.173317615405935
0.4,0.7,0.35,0.35,0.15,0.05,0.2,185,8222.04612827301,51777.95387172699,85,44.44349258525951
0.5,0.6,0.35,0.25,0.15,0.15,0.1,185,8203.943367958069,51796.05663204193,76,44.34563982680037
0.45,0.8,0.45,0.25,0.2,0.05,0.2,185,7905.443151473999,52094.556848526,113,42.7321251431027
0.45,0.7,0.35,0.45,0.1,0.05,0.1,185,7802.631645202637,52197.36835479736,86,42.176387271365606
0.55,0.7,0.35,0.45,0.1,0.15,0.1,185,7748.421639442444,52251.578360557556,84,41.8833602132024
0.45,0.8,0.35,0.35,0.1,0.1,0.1,185,7427.569435119629,52572.43056488037,119,40.14902397361961
0.45,0.8,0.35,0.25,0.1,0.15,0.2,185,7028.348281860352,52971.65171813965,132,37.99107179383974
0.5,0.6,0.45,0.35,0.1,0.05,0.1,185,6416.02104473114,53583.97895526886,78,34.68119483638454
0.55,0.6,0.45,0.35,0.1,0.1,0.1,185,6399.662699699402,53600.3373003006,77,34.5927713497265
0.5,0.6,0.25,0.45,0.2,0.15,0.1,184,9764.246594429016,50235.753405570984,68,53.06655757841857
0.45,0.7,0.25,0.35,0.2,0.15,0.1,184,9300.762539863586,50699.23746013641,76,50.54762249925862
0.45,0.6,0.35,0.35,0.2,0.1,0.3,184,9146.363146781921,50853.63685321808,73,49.70849536294522
0.5,0.7,0.45,0.45,0.2,0.05,0.3,184,8315.359854698181,51684.64014530182,79,45.19217312335968
0.4,0.8,0.25,0.35,0.15,0.15,0.2,184,8305.962453842163,51694.03754615784,111,45.14110029262045
0.45,0.6,0.35,0.25,0.15,0.1,0.1,184,8145.419159889221,51854.58084011078,76,44.26858239070229
0.4,0.8,0.35,0.45,0.1,0.05,0.2,184,7921.542633056641,52078.45736694336,114,43.0518621361774
0.55,0.6,0.45,0.45,0.15,0.05,0.1,184,7738.079627990723,52261.92037200928,73,42.0547805869061
0.4,0.8,0.35,0.25,0.1,0.1,0.2,184,6895.848508834839,53104.15149116516,134,37.47743754801543
0.45,0.8,0.45,0.35,0.1,0.05,0.2,184,6478.373220443726,53521.626779556274,127,35.20855011110721
0.45,0.6,0.35,0.45,0.2,0.05,0.2,183,9122.961661338806,50877.038338661194,71,49.852249515512604
0.55,0.6,0.45,0.35,0.2,0.1,0.2,183,8482.705910682678,51517.29408931732,71,46.353584211380756
0.45,0.8,0.35,0.45,0.2,0.05,0.1,183,8394.43308544159,51605.56691455841,96,45.87121904612891
0.45,0.8,0.35,0.45,0.2,0.1,0.3,183,8339.847046852112,51660.15295314789,96,45.572934682251976
0.55,0.6,0.45,0.45,0.15,0.1,0.3,183,7946.211336135864,52053.788663864136,72,43.42191986959489
0.4,0.7,0.35,0.45,0.1,0.05,0.3,183,7890.12024307251,52109.87975692749,86,43.11541116433065
0.55,0.7,0.45,0.45,0.1,0.1,0.2,183,6830.658080101013,53169.34191989899,82,37.326000437710455
0.55,0.8,0.45,0.25,0.1,0.15,0.1,183,6074.879625320435,53925.120374679565,124,33.19606352634117
0.45,0.6,0.25,0.45,0.2,0.1,0.1,182,9682.918583869934,50317.081416130066,68,53.202849361922716
0.4,0.6,0.35,0.35,0.2,0.05,0.3,182,8845.61285686493,51154.38714313507,73,48.6022684443128
0.4,0.8,0.25,0.45,0.1,0.1,0.1,182,8426.450632095337,51573.54936790466,108,46.29917929722713
0.55,0.8,0.35,0.45,0.15,0.15,0.1,182,8303.59767627716,51696.40232372284,96,45.624163056467914
0.4,0.6,0.35,0.25,0.15,0.05,0.1,182,8035.815236091614,51964.184763908386,76,44.15283096753634
0.5,0.7,0.35,0.25,0.2,0.15,0.1,182,8035.815236091614,51964.184763908386,76,44.15283096753634
0.55,0.8,0.45,0.45,0.15,0.1,0.2,182,7860.251742362976,52139.748257637024,98,43.18819638660976
0.45,0.6,0.45,0.25,0.15,0.05,0.3,182,7289.229788780212,52710.77021121979,79,40.050713125166006
0.5,0.7,0.45,0.45,0.1,0.05,0.2,182,6786.341167449951,53213.65883255005,84,37.28758883214259
0.5,0.8,0.45,0.25,0.1,0.1,0.1,182,6055.193115234375,53944.806884765625,126,33.27029184194711
0.4,0.6,0.25,0.45,0.2,0.05,0.1,181,9648.04856967926,50351.95143032074,68,53.30413574408431
0.55,0.6,0.35,0.35,0.2,0.15,0.1,181,9141.992272377014,50858.007727622986,66,50.50824459876804
0.4,0.7,0.25,0.35,0.2,0.1,0.1,181,9039.540345191956,50960.459654808044,77,49.942211851889255
0.45,0.6,0.25,0.45,0.1,0.15,0.2,181,8884.43205165863,51115.56794834137,76,49.085259953915084
0.5,0.6,0.45,0.35,0.2,0.05,0.2,181,8301.408484458923,51698.59151554108,72,45.86413527325372
0.5,0.6,0.45,0.45,0.15,0.05,0.3,181,8053.465814590454,51946.534185409546,74,44.49428626845555
0.5,0.8,0.45,0.45,0.15,0.05,0.2,181,7867.5902099609375,52132.40979003906,102,43.46734922630352
0.45,0.8,0.35,0.25,0.15,0.15,0.3,181,7736.915802001953,52263.08419799805,116,42.74539117128151
0.45,0.8,0.45,0.35,0.15,0.05,0.3,181,7490.125965118408,52509.87403488159,114,41.381911409493966
0.4,0.8,0.35,0.35,0.1,0.05,0.1,181,7305.026184082031,52694.97381591797,120,40.359260685536086
0.5,0.6,0.45,0.25,0.15,0.1,0.3,181,7060.898684501648,52939.10131549835,78,39.01048996962236
0.55,0.6,0.45,0.25,0.15,0.15,0.3,181,7060.898684501648,52939.10131549835,78,39.01048996962236
0.4,0.8,0.35,0.45,0.2,0.05,0.3,180,8259.20035457611,51740.79964542389,99,45.884446414311725
0.55,0.7,0.45,0.45,0.15,0.05,0.1,180,7768.049790382385,52231.950209617615,75,43.15583216879103
0.45,0.8,0.45,0.25,0.1,0.05,0.1,180,6015.061965942383,53984.93803405762,128,33.417010921902126
0.55,0.6,0.35,0.45,0.15,0.15,0.2,179,8769.442733764648,51230.55726623535,69,48.99130018862932
0.45,0.7,0.25,0.45,0.15,0.15,0.2,179,8634.942059516907,51365.05794048309,80,48.239899773837465
0.4,0.6,0.25,0.25,0.15,0.15,0.2,179,8373.9147939682,51626.0852060318,75,46.7816468936771
0.5,0.8,0.35,0.45,0.15,0.1,0.1,179,8181.916882514954,51818.08311748505,99,45.70903286321203
0.45,0.7,0.35,0.25,0.2,0.1,0.1,179,7894.951128959656,52105.048871040344,76,44.10587222882489
0.55,0.7,0.45,0.35,0.1,0.1,0.1,179,6551.879093170166,53448.120906829834,83,36.60267649815735
0.4,0.6,0.25,0.45,0.2,0.1,0.3,178,9417.293150901794,50582.706849098206,69,52.906141297201096
0.45,0.6,0.25,0.45,0.2,0.15,0.3,178,9370.396275520325,50629.603724479675,68,52.64267570517036
0.45,0.6,0.35,0.35,0.2,0.05,0.1,178,8940.449273109436,51059.550726890564,68,50.22724310735638
0.5,0.6,0.35,0.35,0.2,0.1,0.1,178,8935.599301338196,51064.400698661804,67,50.199996074933686
0.55,0.7,0.35,0.45,0.2,0.15,0.2,178,8563.362484931946,51436.637515068054,71,48.10877800523565
0.5,0.8,0.35,0.45,0.15,0.15,0.3,178,8213.697138786316,51786.302861213684,97,46.14436594823773
0.4,0.8,0.35,0.25,0.15,0.1,0.3,178,7697.910541534424,52302.089458465576,119,43.24668843558665
0.4,0.6,0.35,0.35,0.1,0.05,0.2,178,7407.386710166931,52592.61328983307,78,41.6145320795895
0.4,0.6,0.25,0.25,0.2,0.15,0.3,177,8890.629675865173,51109.37032413483,72,50.229546191328666
0.4,0.7,0.25,0.45,0.15,0.1,0.2,177,8569.364661216736,51430.635338783264,80,48.41448961139399
0.45,0.8,0.35,0.45,0.15,0.1,0.3,177,8187.160333633423,51812.83966636658,98,46.255143127872444
0.45,0.8,0.35,0.45,0.15,0.05,0.1,177,8111.023572921753,51888.97642707825,100,45.824991937411035
0.55,0.7,0.45,0.45,0.15,0.1,0.3,177,7870.7900285720825,52129.20997142792,76,44.467740274418546
0.4,0.7,0.35,0.25,0.2,0.05,0.1,177,7845.7270250320435,52154.27297496796,76,44.326141384361826
0.55,0.8,0.45,0.35,0.15,0.1,0.1,177,7348.291624069214,52651.708375930786,98,41.51577188739669
0.5,0.6,0.35,0.35,0.1,0.15,0.2,177,7171.690005302429,52828.30999469757,75,40.51802262882728
0.45,0.6,0.35,0.35,0.1,0.1,0.2,177,7129.309197425842,52870.69080257416,76,40.27858303630419
0.5,0.7,0.45,0.35,0.1,0.05,0.1,177,6472.956060409546,53527.043939590454,83,36.570373222652805
0.4,0.6,0.25,0.45,0.1,0.1,0.2,176,8707.271355628967,51292.72864437103,76,49.47313270243731
0.5,0.6,0.35,0.45,0.15,0.1,0.2,176,8581.489583015442,51418.51041698456,70,48.758463539860465
0.4,0.7,0.25,0.25,0.2,0.15,0.2,176,7987.933459281921,52012.06654071808,78,45.38598556410182
0.4,0.7,0.25,0.35,0.1,0.15,0.3,176,7907.963714599609,52092.03628540039,84,44.93161201477051
0.5,0.6,0.45,0.25,0.1,0.1,0.2,176,5911.080050468445,54088.919949531555,76,33.58568210493434
0.55,0.6,0.45,0.25,0.1,0.15,0.2,176,5911.080050468445,54088.919949531555,76,33.58568210493434
0.55,0.6,0.35,0.45,0.2,0.1,0.1,175,8917.323288917542,51082.67671108246,64,50.95613307952881
0.55,0.6,0.45,0.25,0.2,0.1,0.1,175,8126.3821840286255,51873.617815971375,68,46.43646962302072
0.55,0.8,0.45,0.45,0.2,0.1,0.3,175,7996.167670249939,52003.83232975006,86,45.69238668714251
0.55,0.8,0.45,0.45,0.2,0.05,0.1,175,7917.961304664612,52082.03869533539,79,45.245493169512066
0.5,0.7,0.45,0.35,0.2,0.05,0.2,175,7851.204705238342,52148.79529476166,74,44.86402688707624
0.5,0.7,0.45,0.45,0.15,0.05,0.3,175,7767.261942863464,52232.738057136536,77,44.384353959219794
0.55,0.8,0.45,0.25,0.15,0.15,0.2,175,6973.945446014404,53026.054553985596,106,39.85111683436802
0.55,0.7,0.45,0.25,0.15,0.15,0.3,175,6967.476590156555,53032.523409843445,79,39.814151943751746
0.45,0.6,0.45,0.25,0.1,0.05,0.2,175,5845.553895950317,54154.44610404968,78,33.4031651197161
0.45,0.6,0.35,0.45,0.15,0.05,0.2,174,8538.171410560608,51461.82858943939,70,49.069950635405796
0.55,0.6,0.45,0.45,0.2,0.05,0.2,174,8490.901363372803,51509.0986366272,64,48.798283697544846
0.5,0.7,0.35,0.45,0.2,0.1,0.2,174,8460.736546516418,51539.26345348358,71,48.624922681128844
0.4,0.8,0.25,0.35,0.1,0.15,0.2,174,7975.560300827026,52024.43969917297,112,45.836553453028884
0.4,0.8,0.25,0.25,0.15,0.15,0.1,174,7937.823070526123,52062.17692947388,111,45.61967281911565
0.5,0.8,0.35,0.35,0.2,0.15,0.2,174,7854.0248556137085,52145.97514438629,92,45.1380738828374
0.55,0.7,0.45,0.35,0.2,0.1,0.2,174,7806.357937812805,52193.642062187195,72,44.86412607938394
0.45,0.7,0.35,0.35,0.1,0.1,0.2,174,7644.895267486572,52355.10473251343,82,43.93617969819869
0.5,0.7,0.35,0.35,0.1,0.15,0.2,174,7487.583290100098,52512.4167098999,81,43.03208787413849
0.5,0.8,0.45,0.35,0.15,0.05,0.1,174,7229.909536361694,52770.090463638306,101,41.55120423196376
0.5,0.8,0.45,0.25,0.15,0.1,0.2,174,7074.851739883423,52925.14826011658,112,40.660067470594385
0.5,0.7,0.45,0.25,0.15,0.1,0.3,174,6918.951953887939,53081.04804611206,81,39.764091689011146
0.5,0.7,0.25,0.45,0.2,0.15,0.1,173,8907.413327217102,51092.5866727829,68,51.487938307613305
0.55,0.6,0.45,0.35,0.2,0.1,0.3,173,8403.494256019592,51596.50574398041,67,48.575111306471634
0.45,0.6,0.25,0.35,0.1,0.15,0.1,173,8216.763730049133,51783.23626995087,75,47.49574410433025
0.4,0.8,0.35,0.45,0.15,0.05,0.3,173,7999.7697105407715,52000.23028945923,100,46.24144341353047
0.55,0.6,0.45,0.35,0.15,0.1,0.2,173,7706.758896827698,52293.2411031723,71,44.547739288021376
0.5,0.7,0.35,0.25,0.15,0.15,0.1,173,7681.106298446655,52318.893701553345,77,44.399458372524016
0.4,0.7,0.35,0.35,0.1,0.05,0.2,173,7603.640117645264,52396.359882354736,83,43.95167698060846
0.45,0.7,0.45,0.25,0.15,0.05,0.3,173,6903.263414382935,53096.736585617065,81,39.903256730537194
0.55,0.8,0.45,0.35,0.1,0.15,0.3,173,6234.764572143555,53765.235427856445,108,36.03910157308413
0.5,0.6,0.35,0.45,0.2,0.05,0.1,172,8775.24460697174,51224.75539302826,65,51.01886399402175
0.55,0.6,0.35,0.35,0.15,0.15,0.1,172,8350.527749061584,51649.472250938416,68,48.54957993640456
0.5,0.6,0.35,0.35,0.15,0.15,0.3,172,8213.085043907166,51786.914956092834,71,47.75049444132073
0.45,0.7,0.35,0.25,0.15,0.1,0.1,172,7645.711008071899,52354.2889919281,78,44.45180818646453
0.55,0.8,0.35,0.45,0.1,0.15,0.1,172,7449.900161743164,52550.099838256836,98,43.31337303339049
0.55,0.6,0.45,0.45,0.1,0.1,0.3,172,6864.751373291016,53135.248626708984,70,39.911345193552414
0.5,0.8,0.45,0.35,0.1,0.1,0.3,172,6315.285984039307,53684.71401596069,111,36.71677897697271
0.5,0.6,0.25,0.45,0.15,0.15,0.1,171,8716.592663764954,51283.40733623505,66,50.97422610388862
0.5,0.6,0.45,0.35,0.2,0.05,0.3,171,8369.78646183014,51630.21353816986,68,48.94611965982538
0.45,0.7,0.25,0.45,0.1,0.15,0.2,171,8328.036724090576,51671.963275909424,79,48.701969146728516
0.45,0.7,0.35,0.45,0.2,0.05,0.2,171,8216.375626564026,51783.624373435974,71,48.04898027230424
0.5,0.7,0.35,0.35,0.2,0.15,0.3,171,8021.948348045349,51978.05165195465,73,46.91197864354005
0.45,0.7,0.35,0.35,0.2,0.1,0.3,171,7952.286513328552,52047.71348667145,74,46.50459949314943
0.5,0.8,0.45,0.45,0.2,0.05,0.3,171,7878.068318367004,52121.931681632996,86,46.07057496121055
0.5,0.6,0.45,0.25,0.2,0.05,0.1,171,7874.798581123352,52125.20141887665,68,46.05145369077984
0.45,0.8,0.35,0.35,0.2,0.1,0.2,171,7769.6989850997925,52230.30101490021,92,45.436836170174224
0.5,0.6,0.45,0.35,0.15,0.05,0.2,171,7577.549424171448,52422.45057582855,71,44.31315452731841
0.5,0.6,0.45,0.45,0.1,0.05,0.3,171,6827.52161026001,53172.47838973999,71,39.927026960584854
0.5,0.6,0.35,0.25,0.2,0.15,0.2,170,8350.818467140198,51649.1815328598,67,49.12246157141293
0.4,0.7,0.25,0.45,0.1,0.1,0.2,170,8290.791851043701,51709.2081489563,79,48.76936382966883
0.55,0.7,0.35,0.35,0.2,0.15,0.1,170,8211.504445075989,51788.49555492401,68,48.302967323976404
0.5,0.6,0.35,0.35,0.15,0.1,0.1,170,8081.240593910217,51918.75940608978,68,47.53670937594246
0.45,0.6,0.35,0.35,0.15,0.1,0.3,170,8041.883467674255,51958.116532325745,71,47.30519686867209
0.55,0.8,0.45,0.25,0.2,0.15,0.3,170,7417.876690864563,52582.12330913544,99,43.63456876979155
0.45,0.8,0.45,0.25,0.15,0.05,0.2,170,6980.9560623168945,53019.043937683105,115,41.064447425393496
0.55,0.8,0.45,0.45,0.1,0.1,0.2,170,6742.031759262085,53257.968240737915,97,39.659010348600496
0.45,0.6,0.25,0.35,0.2,0.15,0.2,169,9132.21275806427,50867.78724193573,64,54.0367618820371
0.55,0.6,0.35,0.45,0.2,0.15,0.3,169,8793.731594085693,51206.26840591431,62,52.03391475790351
0.45,0.6,0.25,0.45,0.15,0.1,0.1,169,8509.872338294983,51490.12766170502,66,50.354274191094575
0.45,0.6,0.35,0.25,0.2,0.1,0.2,169,8329.341320991516,51670.658679008484,67,49.28604331947643
0.4,0.6,0.25,0.35,0.1,0.1,0.1,169,8098.272957801819,51901.72704219818,75,47.91877489823561
0.45,0.7,0.25,0.35,0.15,0.15,0.1,169,8033.794617652893,51966.20538234711,77,47.537246258301145
0.45,0.6,0.35,0.35,0.15,0.05,0.1,169,8032.13841342926,51967.86158657074,68,47.527446233309234
0.4,0.8,0.25,0.35,0.2,0.15,0.3,169,7864.625967979431,52135.37403202057,95,46.536248331239236
0.5,0.8,0.35,0.35,0.15,0.15,0.2,169,7747.672857284546,52252.327142715454,94,45.8442180904411
0.4,0.8,0.35,0.35,0.2,0.05,0.2,169,7716.534070014954,52283.46592998505,95,45.65996491133109
0.4,0.8,0.25,0.25,0.1,0.15,0.1,169,7658.875923156738,52341.12407684326,111,45.318792444714425
0.4,0.7,0.35,0.25,0.15,0.05,0.1,169,7513.256359100342,52486.74364089966,80,44.45713821952865
0.55,0.6,0.45,0.45,0.1,0.05,0.1,169,6483.697231292725,53516.302768707275,68,38.36507237451316
0.45,0.8,0.45,0.35,0.1,0.05,0.3,169,6334.385955810547,53665.61404418945,113,37.481573703020985
0.5,0.7,0.45,0.25,0.1,0.1,0.2,169,5559.088832855225,54440.911167144775,82,32.89401676245695
0.55,0.7,0.45,0.25,0.1,0.15,0.2,169,5558.3219566345215,54441.67804336548,80,32.889479033340365
0.45,0.7,0.25,0.45,0.2,0.1,0.1,168,8596.976677894592,51403.02332210541,69,51.17248022556305
0.45,0.8,0.25,0.45,0.2,0.15,0.2,168,8291.745085716248,51708.25491428375,84,49.35562551021576
0.4,0.7,0.25,0.35,0.15,0.1,0.1,168,8048.605990409851,51951.39400959015,79,47.908368990534825
0.4,0.6,0.35,0.35,0.15,0.05,0.3,168,7851.3820905685425,52148.61790943146,71,46.73441720576513
0.4,0.7,0.35,0.35,0.2,0.05,0.3,168,7830.664471626282,52169.33552837372,74,46.611098045394534
0.5,0.7,0.45,0.25,0.2,0.05,0.1,168,7642.799069404602,52357.2009305954,70,45.49285160359882
0.55,0.7,0.45,0.25,0.2,0.1,0.1,168,7632.881718635559,52367.11828136444,69,45.43381975378309
0.55,0.7,0.45,0.35,0.15,0.1,0.2,168,7523.707304954529,52476.29269504547,72,44.783972053300765
0.5,0.7,0.45,0.35,0.15,0.05,0.2,168,7523.158162117004,52476.841837882996,74,44.78070334593455
0.55,0.6,0.45,0.25,0.15,0.1,0.1,168,7412.572098731995,52587.427901268005,68,44.122452968642826
0.5,0.8,0.35,0.45,0.1,0.1,0.1,168,7373.663558959961,52626.33644104004,98,43.89085451761881
0.5,0.8,0.45,0.25,0.2,0.1,0.3,168,7336.826331138611,52663.17366886139,100,43.671585304396494
0.5,0.8,0.45,0.45,0.1,0.05,0.2,168,6657.069108963013,53342.93089103699,99,39.62541136287508
0.4,0.6,0.25,0.35,0.2,0.1,0.2,167,8992.891884803772,51007.10811519623,64,53.849652004813
0.55,0.6,0.45,0.35,0.2,0.05,0.1,167,8145.424603462219,51854.57539653778,63,48.77499762552227
0.5,0.6,0.35,0.25,0.1,0.15,0.1,167,6923.131485939026,53076.868514060974,71,41.455877161311534
0.55,0.7,0.45,0.45,0.1,0.1,0.3,167,6660.795876502991,53339.20412349701,73,39.885005248520905
0.45,0.7,0.45,0.25,0.1,0.05,0.2,167,5504.661827087402,54495.3381729126,82,32.96204686878684
0.45,0.7,0.25,0.45,0.2,0.15,0.3,166,8516.566039085388,51483.43396091461,70,51.30461469328547
0.4,0.6,0.35,0.25,0.2,0.05,0.2,166,7991.27428150177,52008.72571849823,67,48.1402065150709
0.4,0.6,0.25,0.25,0.1,0.15,0.2,166,7715.956433296204,52284.0435667038,73,46.481665260820506
0.4,0.7,0.25,0.25,0.15,0.15,0.2,166,7631.4555950164795,52368.54440498352,78,45.97262406636433
0.5,0.8,0.35,0.45,0.1,0.15,0.3,166,7399.125129699707,52600.87487030029,97,44.57304294999823
0.45,0.8,0.45,0.25,0.2,0.05,0.3,166,7326.347444534302,52673.6525554657,104,44.13462315984519
0.5,0.6,0.45,0.25,0.15,0.05,0.1,166,7302.968174934387,52697.03182506561,68,43.99378418635173
0.45,0.8,0.35,0.25,0.1,0.15,0.3,166,6377.84423828125,53622.15576171875,115,38.42074842338102
0.5,0.6,0.35,0.45,0.2,0.1,0.3,165,8554.62369632721,51445.37630367279,62,51.84620422016491
0.4,0.7,0.25,0.45,0.2,0.05,0.1,165,8429.246989250183,51570.75301074982,70,51.08634538939505
0.4,0.6,0.25,0.45,0.15,0.05,0.1,165,8234.682633399963,51765.31736660004,67,49.90716747515129
0.55,0.7,0.35,0.45,0.2,0.1,0.1,165,8184.642472267151,51815.35752773285,65,49.603893771316066
0.5,0.7,0.35,0.35,0.2,0.1,0.1,165,7804.0314836502075,52195.96851634979,68,47.297160506970954
0.45,0.6,0.35,0.25,0.1,0.1,0.1,165,6845.911435127258,53154.08856487274,71,41.4903723341046
0.4,0.6,0.35,0.25,0.1,0.05,0.1,165,6815.2845249176025,53184.7154750824,72,41.30475469647032
0.5,0.7,0.45,0.45,0.1,0.05,0.3,165,6747.788600921631,53252.21139907837,75,40.895688490434125
0.4,0.8,0.35,0.25,0.1,0.1,0.3,165,6483.683647155762,53516.31635284424,117,39.29505240700462
0.4,0.6,0.25,0.45,0.15,0.1,0.3,164,8562.337817192078,51437.66218280792,66,52.20937693409803
0.45,0.6,0.25,0.45,0.15,0.15,0.3,164,8562.337817192078,51437.66218280792,66,52.20937693409803
0.4,0.7,0.25,0.45,0.2,0.1,0.3,164,8357.239800453186,51642.760199546814,70,50.95877927105601
0.4,0.8,0.25,0.45,0.2,0.1,0.2,164,8016.241250038147,51983.75874996185,85,48.87951981730578
0.55,0.7,0.35,0.45,0.15,0.15,0.2,164,7866.344183921814,52133.655816078186,71,47.96551331659643
0.4,0.6,0.25,0.25,0.15,0.15,0.3,164,7793.070521354675,52206.929478645325,70,47.518722691187044
0.5,0.8,0.35,0.25,0.2,0.15,0.1,164,7648.499543190002,52351.50045681,85,46.63719233652441
0.55,0.8,0.45,0.45,0.15,0.05,0.1,164,7281.8012342453,52718.1987657547,87,44.401227038081096
0.45,0.8,0.35,0.45,0.1,0.1,0.3,164,7210.284233093262,52789.71576690674,97,43.96514776276379
0.45,0.8,0.35,0.45,0.1,0.05,0.1,164,7195.558128356934,52804.44187164307,98,43.87535444120081
0.5,0.6,0.45,0.25,0.1,0.1,0.3,164,5486.630143165588,54513.36985683441,72,33.45506184857066
0.45,0.6,0.45,0.25,0.1,0.05,0.3,164,5483.363864898682,54516.63613510132,73,33.43514551767489
0.5,0.7,0.35,0.45,0.15,0.1,0.2,163,7818.88499546051,52181.11500453949,72,47.96861960405221
0.55,0.7,0.45,0.45,0.2,0.05,0.2,163,7747.503785133362,52252.49621486664,66,47.53069806830283
0.45,0.8,0.35,0.25,0.2,0.1,0.1,163,7625.540589332581,52374.45941066742,87,46.78245760326737
0.45,0.8,0.35,0.35,0.15,0.1,0.2,163,7536.609010696411,52463.39098930359,95,46.236865096297
0.55,0.8,0.45,0.45,0.15,0.1,0.3,163,7440.930626869202,52559.0693731308,84,45.64988114643682
0.5,0.7,0.35,0.25,0.1,0.15,0.1,163,7110.675304412842,52889.32469558716,78,43.623774873698416
0.55,0.8,0.45,0.35,0.1,0.1,0.1,163,5999.004589080811,54000.99541091919,98,36.8037091354651
0.55,0.6,0.45,0.25,0.1,0.15,0.3,163,5403.736367225647,54596.26363277435,71,33.15175685414507
0.45,0.6,0.35,0.45,0.2,0.05,0.3,162,8448.925358772278,51551.07464122772,62,52.153860239335046
0.5,0.6,0.35,0.25,0.2,0.15,0.3,162,8339.007891654968,51660.99210834503,64,51.475357355894864
0.45,0.7,0.25,0.35,0.1,0.15,0.1,162,7849.710601806641,52150.28939819336,77,48.455003714855806
0.45,0.7,0.35,0.35,0.2,0.05,0.1,162,7685.1997747421265,52314.80022525787,68,47.4395047823588
0.55,0.7,0.45,0.35,0.2,0.1,0.3,162,7641.243426322937,52358.75657367706,68,47.16816929828973
0.4,0.7,0.25,0.25,0.2,0.15,0.3,162,7633.345498085022,52366.65450191498,73,47.119416654845814
0.45,0.7,0.35,0.35,0.15,0.1,0.3,162,7624.776440620422,52375.22355937958,71,47.06652123839767
0.5,0.7,0.35,0.35,0.15,0.15,0.3,162,7624.776440620422,52375.22355937958,71,47.06652123839767
0.55,0.8,0.45,0.35,0.2,0.1,0.2,162,7469.364338874817,52530.63566112518,80,46.10718727700504
0.4,0.8,0.35,0.45,0.1,0.05,0.3,162,7116.15710067749,52883.84289932251,97,43.92689568319438
0.45,0.6,0.25,0.35,0.15,0.15,0.2,161,8332.160788536072,51667.83921146393,64,51.75255148159051
0.45,0.8,0.25,0.45,0.15,0.15,0.2,161,7969.322911262512,52030.67708873749,84,49.49890006995349
0.45,0.7,0.35,0.45,0.15,0.05,0.2,161,7753.307597160339,52246.69240283966,72,48.157190044474156
0.55,0.8,0.35,0.45,0.2,0.15,0.2,161,7693.768895149231,52306.23110485077,73,47.787384441920686
0.4,0.8,0.35,0.35,0.15,0.05,0.2,161,7479.802736282349,52520.19726371765,96,46.45840208871024
0.5,0.8,0.45,0.45,0.15,0.05,0.3,161,7392.672863006592,52607.32713699341,85,45.91722275159374
0.55,0.8,0.45,0.25,0.15,0.15,0.3,161,6831.350332260132,53168.64966773987,100,42.43074740534244
0.5,0.8,0.45,0.35,0.1,0.05,0.1,161,5945.900196075439,54054.09980392456,99,36.93105711848099
0.5,0.7,0.35,0.45,0.2,0.05,0.1,160,7771.311247825623,52228.68875217438,66,48.57069529891014
0.55,0.6,0.45,0.25,0.2,0.1,0.2,160,7564.279870033264,52435.720129966736,64,47.2767491877079
0.4,0.7,0.35,0.35,0.15,0.05,0.3,160,7554.897946357727,52445.10205364227,72,47.21811216473579
0.4,0.8,0.35,0.25,0.2,0.05,0.1,160,7553.975603103638,52446.02439689636,94,47.21234751939774
0.5,0.6,0.45,0.25,0.2,0.05,0.2,160,7526.842652320862,52473.15734767914,65,47.04276657700539
0.5,0.6,0.35,0.25,0.15,0.15,0.2,160,7510.432837486267,52489.56716251373,66,46.94020523428917
0.5,0.8,0.35,0.25,0.15,0.15,0.1,160,7430.914644241333,52569.08535575867,93,46.44321652650833
0.5,0.8,0.45,0.35,0.2,0.05,0.2,160,7422.826006889343,52577.17399311066,81,46.39266254305839
0.5,0.7,0.35,0.25,0.2,0.15,0.2,160,7416.497008323669,52583.50299167633,69,46.35310630202294
0.55,0.7,0.45,0.25,0.15,0.1,0.1,160,7116.927694320679,52883.07230567932,70,44.48079808950424
0.5,0.6,0.35,0.35,0.1,0.15,0.3,160,7043.335688591003,52956.664311409,68,44.02084805369377
0.45,0.7,0.35,0.25,0.1,0.1,0.1,160,7016.408679962158,52983.59132003784,78,43.852554249763486
0.4,0.7,0.35,0.25,0.1,0.05,0.1,160,7006.604122161865,52993.395877838135,79,43.791275763511656
0.55,0.7,0.45,0.45,0.1,0.05,0.1,160,6267.505769729614,53732.494230270386,73,39.17191106081009
0.55,0.7,0.45,0.25,0.1,0.15,0.3,160,5501.167104721069,54498.83289527893,75,34.38229440450668
0.4,0.6,0.25,0.25,0.2,0.1,0.1,159,8768.181694984436,51231.818305015564,59,55.14579682380148
0.45,0.6,0.25,0.25,0.2,0.15,0.1,159,8768.181694984436,51231.818305015564,59,55.14579682380148
0.45,0.8,0.25,0.35,0.2,0.15,0.1,159,8111.865599632263,51888.13440036774,82,51.01802263919662
0.55,0.6,0.35,0.45,0.15,0.1,0.1,159,7714.014702796936,52285.985297203064,62,48.515815740861235
0.4,0.7,0.25,0.35,0.1,0.1,0.1,159,7703.4922523498535,52296.50774765015,77,48.449636807231784
0.55,0.7,0.35,0.35,0.15,0.15,0.1,159,7622.895550727844,52377.104449272156,69,47.94273931275374
0.5,0.8,0.35,0.35,0.2,0.15,0.3,159,7578.888611793518,52421.11138820648,81,47.66596611190892
0.5,0.7,0.45,0.35,0.2,0.05,0.3,159,7535.912043571472,52464.08795642853,68,47.39567323000926
0.4,0.7,0.35,0.25,0.2,0.05,0.2,159,7436.414061546326,52563.585938453674,70,46.769899758152995
0.55,0.6,0.45,0.45,0.15,0.05,0.2,159,7212.837104797363,52787.16289520264,62,45.36375537608404
0.45,0.6,0.35,0.35,0.1,0.1,0.3,159,7019.8029680252075,52980.19703197479,68,44.1497042014164
0.5,0.6,0.25,0.35,0.2,0.15,0.1,158,8537.25250339508,51462.74749660492,57,54.03324369237393
0.45,0.6,0.35,0.25,0.2,0.1,0.3,158,8040.065028190613,51959.93497180939,64,50.886487520193754
0.4,0.8,0.25,0.45,0.15,0.1,0.2,158,7858.516920089722,52141.48307991028,85,49.73744886132735
0.5,0.6,0.35,0.45,0.15,0.05,0.1,158,7679.144688606262,52320.85531139374,62,48.60218157345736
0.4,0.6,0.35,0.25,0.15,0.05,0.2,158,7438.385771751404,52561.614228248596,67,47.07839096045192
0.45,0.6,0.35,0.25,0.15,0.1,0.2,158,7404.341467857361,52595.65853214264,66,46.86292068264152
0.45,0.7,0.35,0.25,0.2,0.1,0.2,158,7355.31791973114,52644.68208026886,69,46.552645061589494
0.5,0.7,0.45,0.25,0.15,0.05,0.1,158,7056.737037658691,52943.26296234131,70,44.66289264340944
0.4,0.6,0.35,0.35,0.1,0.05,0.3,158,6958.705445289612,53041.29455471039,68,44.04243952714944
0.5,0.8,0.45,0.25,0.15,0.1,0.3,158,6618.096078872681,53381.90392112732,101,41.88668404349798
0.55,0.6,0.45,0.35,0.1,0.1,0.2,158,6142.900134086609,53857.09986591339,66,38.879114772700056
0.55,0.8,0.45,0.25,0.1,0.15,0.2,158,5563.100137710571,54436.89986228943,104,35.20949454247197
0.4,0.6,0.35,0.25,0.2,0.05,0.3,157,7875.108256340027,52124.89174365997,64,50.15992519961801
0.4,0.7,0.25,0.25,0.1,0.15,0.2,157,7458.999710083008,52541.00028991699,78,47.50955229352234
0.4,0.8,0.35,0.25,0.15,0.05,0.1,157,7358.842437744141,52641.15756225586,98,46.87160788372064
0.45,0.8,0.35,0.25,0.15,0.1,0.1,157,7355.864065170288,52644.13593482971,96,46.85263735777254
0.55,0.8,0.45,0.25,0.2,0.1,0.1,157,7284.674931526184,52715.325068473816,76,46.3992033855171
0.5,0.6,0.45,0.35,0.1,0.05,0.2,157,6083.754942893982,53916.24505710602,66,38.75003148340116
0.5,0.8,0.45,0.25,0.1,0.1,0.2,157,5556.723470687866,54443.276529312134,107,35.39314312540042
0.5,0.7,0.45,0.25,0.1,0.1,0.3,157,5375.915718078613,54624.08428192139,76,34.241501389035754
0.5,0.6,0.25,0.45,0.2,0.15,0.2,156,8675.074986457825,51324.925013542175,56,55.60945504139631
0.45,0.6,0.25,0.35,0.2,0.1,0.1,156,8358.231701850891,51641.76829814911,57,53.57840834519802
0.55,0.6,0.35,0.35,0.2,0.15,0.2,156,8192.748368263245,51807.251631736755,58,52.51761774527721
0.55,0.6,0.45,0.45,0.2,0.05,0.3,156,8011.053337097168,51988.94666290283,57,51.35290600703313
0.55,0.7,0.35,0.45,0.2,0.15,0.3,156,7966.520945549011,52033.47905445099,63,51.06744195864751
0.5,0.7,0.35,0.35,0.15,0.1,0.1,156,7502.298975944519,52497.70102405548,70,48.09166010220846
0.4,0.8,0.25,0.35,0.15,0.15,0.3,156,7423.772077560425,52576.227922439575,96,47.588282548464264
0.4,0.8,0.25,0.25,0.2,0.15,0.2,156,7379.767738342285,52620.232261657715,91,47.306203450912086
0.55,0.6,0.45,0.35,0.15,0.1,0.3,156,7284.044131278992,52715.95586872101,64,46.69259058512174
0.45,0.8,0.45,0.25,0.15,0.05,0.3,156,6545.209785461426,53454.790214538574,105,41.95647298372709
0.45,0.8,0.45,0.25,0.1,0.05,0.2,156,5585.513383865356,54414.48661613464,110,35.80457297349587
0.45,0.7,0.45,0.25,0.1,0.05,0.3,156,5416.721496582031,54583.27850341797,77,34.72257369603866
0.45,0.6,0.35,0.35,0.2,0.05,0.2,155,8040.029019355774,51959.970980644226,59,51.87115496358564
0.5,0.6,0.35,0.35,0.2,0.1,0.2,155,8040.029019355774,51959.970980644226,59,51.87115496358564
0.4,0.8,0.25,0.35,0.2,0.1,0.1,155,7985.0960149765015,52014.9039850235,83,51.51674848371936
0.4,0.6,0.25,0.35,0.15,0.1,0.2,155,7935.784323692322,52064.21567630768,64,51.19860853995046
0.45,0.7,0.25,0.35,0.2,0.15,0.2,155,7801.2882471084595,52198.71175289154,66,50.33089191682877
0.45,0.6,0.25,0.45,0.1,0.15,0.3,155,7791.673806190491,52208.32619380951,65,50.268863265745104
0.55,0.7,0.45,0.35,0.2,0.05,0.1,155,7379.528622627258,52620.47137737274,63,47.60986208146618
0.45,0.8,0.35,0.35,0.2,0.1,0.3,155,7371.241892814636,52628.758107185364,82,47.556399308481524
0.5,0.7,0.35,0.25,0.15,0.15,0.2,155,7297.166912078857,52702.83308792114,70,47.078496206960374
0.5,0.7,0.35,0.35,0.1,0.15,0.3,155,6964.285396575928,53035.71460342407,72,44.93087352629631
0.55,0.8,0.45,0.35,0.15,0.1,0.2,155,6928.479898452759,53071.52010154724,83,44.69987031259844
0.5,0.8,0.35,0.35,0.1,0.15,0.2,155,6892.526336669922,53107.47366333008,92,44.467911849483365
0.45,0.6,0.25,0.45,0.2,0.1,0.2,154,8475.248200416565,51524.751799583435,56,55.03407922348419
0.45,0.8,0.25,0.45,0.1,0.15,0.2,154,7823.942478179932,52176.05752182007,87,50.80482128688267
0.5,0.6,0.25,0.45,0.1,0.15,0.1,154,7554.90490436554,52445.09509563446,65,49.057824054321685
0.45,0.7,0.35,0.35,0.15,0.05,0.1,154,7429.145031929016,52570.854968070984,71,48.241201506032574
0.4,0.7,0.25,0.25,0.15,0.15,0.3,154,7268.337026596069,52731.66297340393,73,47.19699367919525
0.5,0.6,0.45,0.35,0.15,0.05,0.3,154,7199.32016658783,52800.67983341217,64,46.748832250570324
0.45,0.7,0.35,0.35,0.1,0.1,0.3,154,7142.928199768066,52857.07180023193,73,46.382650647844585
0.5,0.6,0.35,0.45,0.1,0.1,0.2,154,7081.3177099227905,52918.68229007721,64,45.98258253196617
0.55,0.6,0.45,0.35,0.15,0.05,0.1,154,6988.52058506012,53011.47941493988,60,45.38000379909169
0.55,0.6,0.35,0.35,0.1,0.15,0.1,154,6892.484978675842,53107.51502132416,63,44.75639596542755
0.55,0.6,0.35,0.45,0.1,0.15,0.2,154,6892.216478347778,53107.78352165222,63,44.754652456803754
0.55,0.6,0.25,0.45,0.2,0.15,0.1,153,8291.049195289612,51708.95080471039,55,54.18986402150073
0.5,0.7,0.35,0.45,0.2,0.1,0.3,153,7873.310362815857,52126.68963718414,63,51.4595448550056
0.55,0.6,0.35,0.45,0.15,0.15,0.3,153,7858.769620895386,52141.230379104614,60,51.36450732611363
0.4,0.6,0.25,0.45,0.1,0.1,0.3,153,7724.45547580719,52275.54452419281,66,50.48663709677902
0.5,0.7,0.25,0.45,0.15,0.15,0.1,153,7524.1735162734985,52475.8264837265,68,49.177604681526134
0.55,0.8,0.35,0.35,0.2,0.15,0.1,153,7385.84047794342,52614.15952205658,69,48.27346717610079
0.45,0.8,0.35,0.35,0.1,0.1,0.2,153,6821.114643096924,53178.885356903076,94,44.58244864769231
0.4,0.6,0.25,0.35,0.2,0.05,0.1,152,7994.120217323303,52005.8797826767,57,52.59289616660068
0.5,0.8,0.25,0.45,0.2,0.15,0.1,152,7817.504086494446,52182.495913505554,70,51.43094793746346
0.45,0.7,0.25,0.45,0.15,0.15,0.3,152,7780.298348426819,52219.70165157318,67,51.18617334491328
0.4,0.8,0.25,0.45,0.1,0.1,0.2,152,7728.1674728393555,52271.832527160645,87,50.84320705815365
0.5,0.8,0.35,0.45,0.2,0.1,0.2,152,7409.005156517029,52590.99484348297,73,48.74345497708572
0.4,0.8,0.35,0.35,0.2,0.05,0.3,152,7303.479878425598,52696.5201215744,86,48.0492097264842
0.45,0.7,0.35,0.25,0.15,0.1,0.2,152,7204.066495895386,52795.933504104614,70,47.39517431510122
0.4,0.6,0.25,0.25,0.1,0.15,0.3,152,7109.346734046936,52890.653265953064,68,46.772017987150896
0.4,0.7,0.35,0.35,0.1,0.05,0.3,152,7059.065277099609,52940.93472290039,73,46.4412189282869
0.55,0.7,0.45,0.25,0.2,0.1,0.2,152,7051.582499504089,52948.41750049591,65,46.39199012831638
0.45,0.6,0.35,0.45,0.1,0.05,0.2,152,7012.0174951553345,52987.982504844666,65,46.13169404707457
0.45,0.6,0.25,0.35,0.2,0.15,0.3,151,8391.958701133728,51608.04129886627,57,55.575885437971706
0.4,0.7,0.25,0.45,0.15,0.1,0.3,151,7752.9300146102905,52247.06998538971,67,51.343907381525106
0.45,0.7,0.35,0.45,0.2,0.05,0.3,151,7588.832385063171,52411.16761493683,64,50.257168113001136
0.4,0.7,0.25,0.35,0.2,0.1,0.2,151,7530.572985649109,52469.42701435089,66,49.87134427582191
0.45,0.7,0.25,0.45,0.15,0.1,0.1,151,7464.487305641174,52535.512694358826,68,49.43369076583559
0.5,0.8,0.35,0.35,0.2,0.1,0.1,151,7427.666453361511,52572.33354663849,73,49.189844061996766
0.55,0.7,0.45,0.45,0.15,0.05,0.2,151,7291.489447593689,52708.51055240631,65,48.28800958671317
0.5,0.8,0.45,0.25,0.2,0.05,0.1,151,7068.530465126038,52931.46953487396,76,46.81146003394727
0.55,0.7,0.45,0.35,0.15,0.1,0.3,151,7045.1778173446655,52954.822182655334,65,46.65680673738189
0.5,0.7,0.45,0.35,0.15,0.05,0.3,151,7017.680161476135,52982.319838523865,66,46.47470305613334
0.5,0.8,0.45,0.35,0.15,0.05,0.2,151,6854.424758911133,53145.57524108887,85,45.3935414497426
0.5,0.6,0.35,0.35,0.1,0.1,0.1,151,6782.39855670929,53217.60144329071,64,44.9165467331741
0.4,0.8,0.35,0.35,0.1,0.05,0.2,151,6740.418712615967,53259.58128738403,98,44.63853452063554
0.55,0.8,0.45,0.45,0.1,0.1,0.3,151,6405.882139205933,53594.11786079407,84,42.4230605245426
0.5,0.7,0.45,0.35,0.1,0.05,0.2,151,6268.663772583008,53731.33622741699,70,41.51432961975502
0.55,0.7,0.45,0.35,0.1,0.1,0.2,151,6078.388816833496,53921.611183166504,69,40.25423057505627
0.5,0.6,0.25,0.45,0.2,0.1,0.1,150,8188.087174415588,51811.91282558441,55,54.58724782943725
0.55,0.6,0.35,0.45,0.2,0.1,0.2,150,7948.199524879456,52051.800475120544,55,52.9879968325297
0.55,0.6,0.35,0.35,0.2,0.1,0.1,150,7872.188225746155,52127.811774253845,55,52.4812548383077
0.55,0.6,0.35,0.25,0.2,0.15,0.1,150,7821.475106239319,52178.52489376068,56,52.143167374928794
0.45,0.6,0.35,0.45,0.15,0.05,0.3,150,7773.524664878845,52226.475335121155,60,51.82349776585897
0.5,0.6,0.35,0.45,0.15,0.1,0.3,150,7773.524664878845,52226.475335121155,60,51.82349776585897
0.4,0.8,0.25,0.35,0.1,0.15,0.3,150,7178.2648277282715,52821.73517227173,95,47.85509885152181
0.5,0.7,0.45,0.25,0.2,0.05,0.2,150,6990.40341091156,53009.59658908844,65,46.60268940607707
0.55,0.6,0.45,0.25,0.15,0.1,0.2,150,6859.791712760925,53140.208287239075,62,45.731944751739505
0.5,0.8,0.45,0.45,0.1,0.05,0.3,150,6373.742464065552,53626.25753593445,85,42.49161642710368
0.4,0.6,0.25,0.45,0.2,0.05,0.2,149,8090.975422859192,51909.02457714081,56,54.301848475565045
0.5,0.6,0.35,0.25,0.2,0.1,0.1,149,7749.427094459534,52250.572905540466,56,52.009577815164654
0.55,0.6,0.45,0.35,0.2,0.05,0.2,149,7655.327351570129,52344.67264842987,56,51.37803591657805
0.45,0.8,0.25,0.35,0.15,0.15,0.1,149,7365.226125717163,52634.77387428284,82,49.43104782360512
0.55,0.8,0.35,0.45,0.15,0.15,0.2,149,7353.573279380798,52646.4267206192,72,49.35284080121341
0.45,0.6,0.25,0.45,0.1,0.1,0.1,149,7160.913613319397,52839.0863866806,65,48.059822908183875
0.55,0.8,0.45,0.45,0.1,0.05,0.1,149,6148.3058071136475,53851.69419288635,82,41.263797363178846
0.4,0.6,0.25,0.35,0.2,0.1,0.3,148,8146.245284080505,51853.754715919495,57,55.04219786540882
0.4,0.8,0.25,0.35,0.15,0.1,0.1,148,7440.3848667144775,52559.61513328552,84,50.272870721043766
0.4,0.7,0.25,0.45,0.15,0.05,0.1,148,7365.299320220947,52634.70067977905,68,49.765535947438835
0.45,0.7,0.35,0.45,0.1,0.05,0.2,148,7326.035190582275,52673.964809417725,68,49.500237774204564
0.55,0.8,0.45,0.45,0.2,0.05,0.2,148,7228.29109287262,52771.70890712738,68,48.839804681571756
0.55,0.7,0.35,0.45,0.15,0.1,0.1,148,7111.921936988831,52888.07806301117,64,48.053526601275884
0.5,0.8,0.35,0.35,0.15,0.15,0.3,148,7104.696546554565,52895.303453445435,82,48.004706395638955
0.4,0.7,0.35,0.25,0.15,0.05,0.2,148,7080.942768096924,52919.057231903076,71,47.844207892546784
0.55,0.7,0.35,0.45,0.1,0.15,0.2,148,7002.1638288497925,52997.83617115021,66,47.311917762498595
0.5,0.6,0.45,0.25,0.15,0.05,0.2,148,6753.559248924255,53246.440751075745,62,45.63215708732605
0.45,0.6,0.35,0.35,0.1,0.05,0.1,148,6687.440505027771,53312.55949497223,64,45.18540881775521
0.5,0.8,0.35,0.25,0.1,0.15,0.1,148,6528.083438873291,53471.91656112671,97,44.10867188427899
0.45,0.6,0.25,0.45,0.2,0.05,0.1,147,7881.142289161682,52118.85771083832,55,53.61321285144002
0.5,0.6,0.35,0.45,0.2,0.05,0.2,147,7832.0015001297,52167.9984998703,55,53.27892176958979
0.45,0.8,0.25,0.45,0.2,0.15,0.3,147,7576.828297615051,52423.17170238495,72,51.543049643639804
0.45,0.6,0.35,0.25,0.2,0.05,0.1,147,7561.212216377258,52438.78778362274,56,51.43681779848475
0.5,0.7,0.35,0.45,0.15,0.05,0.1,147,7330.163964271545,52669.836035728455,65,49.865060981439086
0.5,0.7,0.35,0.45,0.1,0.1,0.2,147,7230.177967071533,52769.82203292847,67,49.18488412973832
0.5,0.7,0.35,0.25,0.2,0.15,0.3,147,7143.021426200867,52856.97857379913,64,48.591982491162355
0.4,0.6,0.25,0.45,0.1,0.05,0.1,147,7055.199173927307,52944.80082607269,65,47.994552203587126
0.5,0.6,0.35,0.35,0.2,0.05,0.1,146,7490.108231544495,52509.891768455505,55,51.30211117496229
0.45,0.6,0.25,0.25,0.15,0.15,0.1,146,7390.141964912415,52609.858035087585,58,50.617410718578185
0.55,0.7,0.35,0.35,0.2,0.15,0.2,146,7365.397120475769,52634.60287952423,59,50.447925482710744
0.55,0.6,0.35,0.35,0.15,0.15,0.2,146,7360.1665506362915,52639.83344936371,58,50.412099661892405
0.45,0.8,0.35,0.45,0.2,0.05,0.2,146,7246.625697135925,52753.374302864075,73,49.63442258312278
0.5,0.8,0.35,0.45,0.15,0.1,0.2,146,7215.966322898865,52784.033677101135,72,49.424426869170304
0.55,0.7,0.45,0.45,0.2,0.05,0.3,146,7118.198527336121,52881.80147266388,60,48.75478443380904
0.45,0.7,0.35,0.25,0.2,0.1,0.3,146,7118.132657051086,52881.86734294891,64,48.75433326747319
0.4,0.8,0.25,0.25,0.15,0.15,0.2,146,7104.243711471558,52895.75628852844,92,48.65920350322985
0.5,0.8,0.35,0.25,0.2,0.15,0.2,146,7032.502667427063,52967.49733257294,75,48.16782648922646
0.55,0.7,0.35,0.35,0.1,0.15,0.1,146,6993.086391448975,53006.913608551025,67,47.89785199622585
0.55,0.8,0.45,0.25,0.15,0.1,0.1,146,6779.550649642944,53220.449350357056,80,46.43527842221195
0.5,0.6,0.35,0.25,0.1,0.15,0.2,146,6468.148690223694,53531.851309776306,62,44.302388289203385
0.45,0.8,0.35,0.25,0.1,0.1,0.1,146,6366.433135986328,53633.56686401367,98,43.60570641086526
0.5,0.6,0.45,0.25,0.1,0.05,0.1,146,5650.83291053772,54349.16708946228,62,38.70433500368301
0.55,0.6,0.45,0.25,0.1,0.1,0.1,146,5602.81374168396,54397.18625831604,61,38.37543658687644
0.55,0.8,0.45,0.25,0.1,0.15,0.3,146,5320.582723617554,54679.417276382446,98,36.44234742203804
0.45,0.7,0.25,0.45,0.1,0.15,0.3,145,7609.0422439575195,52390.95775604248,68,52.476153406603586
0.55,0.6,0.35,0.45,0.2,0.05,0.1,145,7602.268940925598,52397.7310590744,54,52.429440971900675
0.4,0.8,0.25,0.45,0.2,0.1,0.3,145,7489.481165885925,52510.518834114075,72,51.65159424748914
0.5,0.6,0.35,0.35,0.15,0.1,0.2,145,7336.4447889328,52663.5552110672,58,50.596170958157245
0.55,0.7,0.35,0.45,0.15,0.15,0.3,145,7294.320183753967,52705.67981624603,62,50.30565643968254
0.45,0.8,0.35,0.35,0.2,0.05,0.1,145,7257.3581800460815,52742.64181995392,73,50.05074606928332
0.55,0.8,0.35,0.45,0.2,0.1,0.1,145,7206.643221855164,52793.35677814484,67,49.70098773693216
0.55,0.8,0.45,0.35,0.2,0.1,0.3,145,7041.189820289612,52958.81017971039,71,48.55992979510077
0.45,0.6,0.35,0.25,0.1,0.1,0.2,145,6446.920653343201,53553.0793466568,62,44.46152174719449
0.4,0.8,0.35,0.25,0.1,0.05,0.1,145,6321.967571258545,53678.032428741455,98,43.59977635350721
0.45,0.6,0.25,0.25,0.2,0.15,0.2,144,7917.865023612976,52082.134976387024,55,54.98517377509011
0.45,0.7,0.25,0.25,0.2,0.15,0.1,144,7664.288250923157,52335.71174907684,60,53.22422396474414
0.4,0.7,0.25,0.45,0.1,0.1,0.3,144,7585.15811920166,52414.84188079834,68,52.67470916112264
0.45,0.8,0.35,0.45,0.15,0.05,0.2,144,7208.53141784668,52791.46858215332,75,50.05924595726861
0.45,0.8,0.25,0.35,0.1,0.15,0.1,144,7150.290746688843,52849.70925331116,85,49.65479685200585
0.45,0.8,0.35,0.25,0.2,0.1,0.2,144,6931.90078830719,53068.09921169281,77,48.13819991879993
0.5,0.6,0.35,0.25,0.15,0.15,0.3,144,6889.530455589294,53110.469544410706,60,47.84396149714788
0.45,0.8,0.25,0.45,0.2,0.1,0.1,143,7664.624541282654,52335.375458717346,72,53.598773015962614
0.45,0.7,0.35,0.45,0.15,0.05,0.3,143,7182.440737724304,52817.559262275696,63,50.22685830576437
0.4,0.6,0.25,0.25,0.15,0.1,0.1,143,7172.418610572815,52827.581389427185,58,50.156773500509196
0.45,0.8,0.35,0.35,0.15,0.1,0.3,143,6912.503953933716,53087.496046066284,84,48.33918848904696
0.55,0.6,0.45,0.45,0.15,0.05,0.3,143,6864.8622760772705,53135.13772392273,57,48.006029902638254
0.45,0.6,0.35,0.25,0.15,0.1,0.3,143,6851.321391105652,53148.67860889435,60,47.911338399340224
0.5,0.7,0.35,0.35,0.1,0.1,0.1,143,6795.71199798584,53204.28800201416,68,47.5224615243765
0.5,0.8,0.45,0.25,0.15,0.05,0.1,143,6650.760753631592,53349.23924636841,81,46.50881645896218
0.4,0.6,0.35,0.25,0.1,0.05,0.2,143,6337.846055984497,53662.1539440155,63,44.32060179010138
0.55,0.6,0.45,0.45,0.1,0.05,0.2,143,6218.068971633911,53781.93102836609,58,43.48299980163574
0.5,0.8,0.45,0.25,0.1,0.1,0.3,143,5102.050891876221,54897.94910812378,102,35.67867756556798
0.5,0.6,0.25,0.45,0.15,0.15,0.2,142,7825.187224388123,52174.81277561188,55,55.1069522844234
0.55,0.6,0.45,0.25,0.2,0.1,0.3,142,7214.733271598816,52785.266728401184,55,50.807980785907155
0.55,0.8,0.35,0.45,0.2,0.15,0.3,142,7193.130938529968,52806.86906147003,67,50.65585167978851
0.45,0.7,0.25,0.35,0.15,0.15,0.2,142,7176.7465467453,52823.2534532547,64,50.54046863905141
0.5,0.7,0.35,0.45,0.15,0.1,0.3,142,7167.244935035706,52832.755064964294,62,50.47355588053314
0.45,0.7,0.25,0.45,0.1,0.1,0.1,142,7128.102558135986,52871.897441864014,66,50.19790533898582
0.4,0.8,0.25,0.35,0.1,0.1,0.1,142,7039.781946182251,52960.21805381775,86,49.575929198466554
0.55,0.8,0.35,0.35,0.15,0.15,0.1,142,7021.716744422913,52978.28325557709,74,49.44870946776699
0.4,0.7,0.35,0.25,0.2,0.05,0.3,142,6973.514309883118,53026.48569011688,64,49.10925570340224
0.5,0.7,0.25,0.45,0.1,0.15,0.1,142,6932.419651031494,53067.580348968506,65,48.81985669740489
0.55,0.8,0.45,0.35,0.2,0.05,0.1,142,6921.34848690033,53078.65151309967,64,48.741890752819224
0.5,0.8,0.45,0.35,0.2,0.05,0.3,142,6892.074809074402,53107.9251909256,72,48.53573809207325
0.4,0.7,0.25,0.25,0.1,0.15,0.3,142,6754.211887359619,53245.78811264038,71,47.5648724461945
0.55,0.7,0.45,0.35,0.15,0.05,0.1,142,6676.3050355911255,53323.694964408875,62,47.016232645007925
0.45,0.8,0.45,0.25,0.1,0.05,0.3,142,5044.123624801636,54955.876375198364,104,35.521997357757996
0.45,0.6,0.25,0.45,0.15,0.1,0.2,141,7777.4789686203,52222.5210313797,55,55.15942530936383
0.5,0.7,0.25,0.45,0.2,0.15,0.2,141,7683.138186454773,52316.86181354523,57,54.49034174790619
0.4,0.6,0.25,0.25,0.2,0.1,0.2,141,7674.550253868103,52325.4497461319,55,54.42943442459647
0.4,0.8,0.25,0.45,0.2,0.05,0.1,141,7625.415353775024,52374.584646224976,72,54.080959955851235
0.5,0.6,0.25,0.35,0.15,0.15,0.1,141,7452.5457220077515,52547.45427799225,55,52.854934198636535
0.45,0.6,0.35,0.35,0.15,0.05,0.2,141,7065.1880140304565,52934.81198596954,58,50.10771641156352
0.5,0.7,0.35,0.35,0.2,0.1,0.2,141,7035.616137504578,52964.38386249542,59,49.89798679081261
0.5,0.8,0.35,0.35,0.15,0.1,0.1,141,7006.229318618774,52993.770681381226,74,49.68956963559415
0.55,0.7,0.35,0.25,0.2,0.15,0.1,141,6938.014061927795,53061.985938072205,57,49.205773488849616
0.4,0.8,0.35,0.35,0.15,0.05,0.3,141,6864.5568199157715,53135.44318008423,85,48.684800141246605
0.4,0.6,0.35,0.25,0.15,0.05,0.3,141,6766.453824043274,53233.546175956726,60,47.98903421307286
0.45,0.7,0.35,0.35,0.1,0.05,0.1,141,6704.883960723877,53295.11603927612,68,47.55236851577218
0.5,0.7,0.45,0.25,0.15,0.05,0.2,141,6637.484910964966,53362.515089035034,64,47.07436107067352
0.55,0.6,0.35,0.45,0.1,0.1,0.1,141,6455.090149879456,53544.909850120544,60,45.78078120481884
0.55,0.6,0.45,0.35,0.1,0.1,0.3,141,5662.494915962219,54337.50508403778,58,40.159538411079566
0.5,0.6,0.45,0.35,0.1,0.05,0.3,141,5622.82008266449,54377.17991733551,59,39.878156614641775
0.45,0.6,0.25,0.35,0.1,0.15,0.2,140,7130.157166481018,52869.84283351898,60,50.92969404629299
0.4,0.7,0.25,0.45,0.1,0.05,0.1,140,7002.0342445373535,52997.96575546265,66,50.01453031812395
0.55,0.6,0.35,0.45,0.1,0.15,0.3,140,6749.305503845215,53250.694496154785,57,48.20932502746582
0.55,0.7,0.45,0.25,0.15,0.1,0.2,140,6438.1014614105225,53561.89853858948,62,45.98643901007516
0.45,0.6,0.25,0.45,0.2,0.1,0.3,139,7868.725901603699,52131.2740983963,52,56.609538860458265
0.5,0.6,0.25,0.45,0.2,0.15,0.3,139,7833.085913658142,52166.91408634186,51,56.353136069483035
0.55,0.6,0.35,0.35,0.2,0.15,0.3,139,7639.682181358337,52360.31781864166,51,54.961742311930486
0.5,0.6,0.25,0.35,0.2,0.15,0.2,139,7554.52224445343,52445.47775554657,52,54.34908089534842
0.5,0.7,0.25,0.35,0.2,0.15,0.1,139,7480.33039188385,52519.66960811615,58,53.81532656031547
0.5,0.8,0.35,0.45,0.2,0.1,0.3,139,7005.276732444763,52994.72326755524,68,50.39767433413499
0.55,0.6,0.35,0.25,0.15,0.15,0.1,139,6868.820931434631,53131.17906856537,56,49.415977923990155
0.5,0.7,0.35,0.25,0.2,0.1,0.1,139,6844.78001499176,53155.21998500824,57,49.2430216905882
0.4,0.8,0.35,0.25,0.2,0.05,0.2,139,6773.383695602417,53226.61630439758,79,48.72937910505336
0.45,0.6,0.35,0.45,0.1,0.05,0.3,139,6744.767861366272,53255.23213863373,59,48.52350979400196
0.55,0.8,0.45,0.25,0.2,0.1,0.2,139,6732.217658042908,53267.78234195709,68,48.43322056145977
0.5,0.6,0.35,0.45,0.1,0.1,0.3,139,6526.6832666397095,53473.31673336029,58,46.954555875105825
0.5,0.7,0.45,0.25,0.1,0.05,0.1,139,5331.573535919189,54668.42646408081,66,38.35664414330352
0.55,0.7,0.45,0.25,0.1,0.1,0.1,139,5331.573535919189,54668.42646408081,66,38.35664414330352
0.45,0.6,0.25,0.35,0.15,0.1,0.1,138,7252.19603061676,52747.80396938324,55,52.552145149396814
0.5,0.8,0.25,0.45,0.15,0.15,0.1,138,7133.273609161377,52866.72639083862,69,51.69038847218389
0.4,0.6,0.25,0.35,0.1,0.1,0.2,138,7043.643641471863,52956.35635852814,60,51.040895952694655
0.4,0.7,0.25,0.35,0.15,0.1,0.2,138,7018.552416801453,52981.44758319855,64,50.8590754840685
0.5,0.8,0.35,0.45,0.2,0.05,0.1,138,6929.525591850281,53070.47440814972,67,50.21395356413247
0.5,0.6,0.45,0.25,0.2,0.05,0.3,138,6919.656420707703,53080.3435792923,55,50.14243783121524
0.55,0.6,0.45,0.25,0.2,0.05,0.1,138,6917.25296497345,53082.74703502655,52,50.12502148531485
0.5,0.6,0.35,0.25,0.15,0.1,0.1,138,6799.213326454163,53200.78667354584,56,49.26966178589973
0.55,0.8,0.45,0.45,0.15,0.05,0.2,138,6740.662007331848,53259.33799266815,70,48.84537686472354
0.5,0.8,0.35,0.35,0.1,0.15,0.3,138,6487.344495773315,53512.655504226685,82,47.00974272299504
0.5,0.6,0.35,0.45,0.1,0.05,0.1,138,6310.626877784729,53689.37312221527,60,45.729180273802385
0.55,0.8,0.45,0.35,0.1,0.1,0.2,138,5707.865837097168,54292.13416290283,77,41.36134664563165
0.5,0.6,0.35,0.35,0.2,0.1,0.3,137,7558.354170799255,52441.645829200745,51,55.17046839999456
0.4,0.6,0.25,0.45,0.15,0.05,0.2,137,7523.945809364319,52476.05419063568,56,54.919312477111816
0.45,0.6,0.25,0.35,0.2,0.1,0.2,137,7507.174040794373,52492.82595920563,52,54.79689080871805
0.55,0.6,0.35,0.25,0.2,0.15,0.2,137,7373.705769538879,52626.29423046112,52,53.82266985064876
0.45,0.7,0.25,0.45,0.2,0.1,0.2,137,7281.434338569641,52718.56566143036,58,53.14915575598278
0.45,0.8,0.35,0.35,0.15,0.05,0.1,137,6842.396379470825,53157.603620529175,74,49.944499120225004
0.45,0.6,0.35,0.25,0.15,0.05,0.1,137,6775.586884498596,53224.413115501404,56,49.456838572982456
0.45,0.7,0.35,0.35,0.2,0.05,0.2,137,6771.719590187073,53228.28040981293,59,49.428610147350895
0.45,0.7,0.35,0.25,0.15,0.1,0.3,137,6759.842248916626,53240.157751083374,64,49.3419142256688
0.4,0.7,0.35,0.25,0.15,0.05,0.3,137,6752.111461639404,53247.888538360596,65,49.28548512145551
0.5,0.7,0.35,0.25,0.15,0.15,0.3,137,6718.644010543823,53281.35598945618,63,49.04119715725418
0.4,0.8,0.25,0.25,0.1,0.15,0.2,137,6660.593141555786,53339.406858444214,88,48.61746818653859
0.55,0.8,0.35,0.45,0.1,0.15,0.2,137,6624.626533508301,53375.3734664917,72,48.354938200790514
0.55,0.7,0.45,0.35,0.1,0.1,0.3,137,5681.610166549683,54318.38983345032,62,41.47160705510717
0.4,0.6,0.25,0.45,0.2,0.05,0.3,136,7611.411063194275,52388.588936805725,52,55.96625781760496
0.4,0.7,0.25,0.25,0.2,0.1,0.1,136,7395.602828025818,52604.39717197418,60,54.37943255901337
0.45,0.6,0.35,0.35,0.2,0.05,0.3,136,7394.097441673279,52605.90255832672,52,54.36836354171528
0.45,0.7,0.25,0.35,0.2,0.15,0.3,136,7355.413342475891,52644.58665752411,57,54.08392163585214
0.55,0.7,0.35,0.45,0.2,0.1,0.2,136,7120.840704917908,52879.15929508209,55,52.359122830278736
0.4,0.8,0.25,0.25,0.2,0.15,0.3,136,6713.043985366821,53286.95601463318,78,49.36061753946192
0.55,0.7,0.45,0.45,0.15,0.05,0.3,136,6701.170048713684,53298.829951286316,58,49.27330918171827
0.5,0.8,0.45,0.25,0.2,0.05,0.2,136,6620.011336326599,53379.9886636734,68,48.676553943577936
0.55,0.7,0.35,0.45,0.1,0.15,0.3,136,6613.838980674744,53386.161019325256,60,48.631168975549585
0.4,0.7,0.35,0.25,0.1,0.05,0.2,136,6498.663196563721,53501.33680343628,68,47.784288210027356
0.5,0.7,0.35,0.25,0.1,0.15,0.2,136,6456.445327758789,53543.55467224121,66,47.47386270410874
0.5,0.7,0.45,0.35,0.1,0.05,0.3,136,5882.019451141357,54117.98054885864,63,43.25014302309822
0.55,0.6,0.35,0.45,0.2,0.1,0.3,135,7425.351809501648,52574.64819049835,49,55.0026059963085
0.4,0.6,0.25,0.35,0.2,0.05,0.2,135,7409.642596244812,52590.35740375519,52,54.88624145366527
0.45,0.6,0.25,0.35,0.15,0.15,0.3,135,7299.26967716217,52700.73032283783,54,54.06866427527534
0.55,0.7,0.25,0.45,0.2,0.15,0.1,135,7280.043171882629,52719.95682811737,55,53.92624571764911
0.55,0.6,0.35,0.35,0.2,0.1,0.2,135,7146.352276802063,52853.64772319794,51,52.935942791126394
0.45,0.8,0.25,0.45,0.15,0.1,0.1,135,7008.020496368408,52991.97950363159,70,51.911262936062286
0.55,0.8,0.35,0.45,0.15,0.15,0.3,135,6927.311375617981,53072.68862438202,64,51.31341759717023
0.45,0.8,0.35,0.45,0.2,0.05,0.3,135,6850.456219673157,53149.54378032684,68,50.74412014572709
0.55,0.7,0.45,0.35,0.2,0.05,0.2,135,6782.009936332703,53217.9900636673,56,50.2371106395015
0.55,0.8,0.45,0.35,0.15,0.1,0.3,135,6505.130104064941,53494.86989593506,70,48.186148918999564
0.45,0.7,0.35,0.25,0.1,0.1,0.2,135,6432.56120300293,53567.43879699707,66,47.6486015037254
0.5,0.8,0.35,0.45,0.1,0.1,0.2,135,6424.980192184448,53575.01980781555,73,47.59244586803295
0.45,0.8,0.35,0.35,0.1,0.1,0.3,135,6360.469743728638,53639.53025627136,82,47.11459069428621
0.5,0.8,0.45,0.35,0.1,0.05,0.2,135,5805.11865234375,54194.88134765625,80,43.00087890625
0.55,0.6,0.25,0.45,0.2,0.15,0.2,134,7448.665505409241,52551.33449459076,50,55.58705601051672
0.5,0.6,0.35,0.25,0.2,0.1,0.2,134,7159.976878166199,52840.0231218338,52,53.432663269897006
0.4,0.7,0.25,0.45,0.2,0.05,0.2,134,7155.878142356873,52844.12185764313,58,53.402075689230394
0.45,0.8,0.25,0.45,0.15,0.15,0.3,134,7088.478825569153,52911.52117443085,69,52.899095713202634
0.4,0.6,0.25,0.35,0.15,0.05,0.1,134,7059.049469947815,52940.950530052185,56,52.67947365632698
0.45,0.8,0.25,0.35,0.2,0.15,0.2,134,6815.233082771301,53184.7669172287,66,50.85994837889031
0.55,0.7,0.35,0.35,0.2,0.1,0.1,134,6766.736933708191,53233.26306629181,56,50.49803681871784
0.55,0.7,0.35,0.35,0.15,0.15,0.2,134,6728.279366493225,53271.720633506775,58,50.2110400484569
0.55,0.8,0.45,0.35,0.15,0.05,0.1,134,6666.920063018799,53333.0799369812,68,49.75313479864775
0.55,0.6,0.35,0.35,0.15,0.1,0.1,134,6614.985413551331,53385.01458644867,52,49.3655627876965
0.55,0.7,0.35,0.45,0.1,0.1,0.1,134,6396.724697113037,53603.27530288696,61,47.736751470992814
0.5,0.6,0.25,0.45,0.15,0.1,0.1,133,7312.090695381165,52687.909304618835,54,54.97812552918169
0.55,0.6,0.25,0.45,0.15,0.15,0.1,133,7238.51381778717,52761.48618221283,53,54.424915923211806
0.5,0.7,0.35,0.45,0.2,0.05,0.2,133,7012.0521421432495,52987.94785785675,55,52.72219655746804
0.55,0.8,0.45,0.45,0.2,0.05,0.3,133,6788.847857475281,53211.15214252472,62,51.0439688531976
0.55,0.8,0.35,0.45,0.15,0.1,0.1,133,6724.124183654785,53275.875816345215,65,50.55732468913372
0.45,0.7,0.35,0.25,0.2,0.05,0.1,133,6627.3732213974,53372.6267786026,57,49.82987384509323
0.55,0.6,0.45,0.35,0.15,0.05,0.2,133,6547.913676261902,53452.0863237381,53,49.232433656104526
0.5,0.7,0.35,0.45,0.1,0.05,0.1,133,6359.479824066162,53640.52017593384,61,47.81563777493355
0.55,0.7,0.45,0.45,0.1,0.05,0.2,133,5980.038829803467,54019.96117019653,60,44.96269796844712
0.55,0.6,0.45,0.35,0.1,0.05,0.1,133,5388.647561073303,54611.3524389267,55,40.51614707573912
0.4,0.6,0.25,0.35,0.15,0.1,0.3,132,7195.363728523254,52804.636271476746,54,54.51033127669132
0.5,0.6,0.25,0.25,0.2,0.15,0.1,132,7121.909348487854,52878.090651512146,49,53.95385870066556
0.45,0.7,0.25,0.35,0.2,0.1,0.1,132,7115.119904518127,52884.88009548187,58,53.90242351907672
0.55,0.7,0.35,0.35,0.2,0.15,0.3,132,6992.801568031311,53007.19843196869,54,52.97576945478266
0.55,0.6,0.35,0.45,0.15,0.1,0.2,132,6968.952931404114,53031.047068595886,51,52.79509796518268
0.4,0.8,0.25,0.45,0.15,0.05,0.1,132,6882.946580886841,53117.05341911316,70,52.14353470368819
0.4,0.7,0.25,0.35,0.2,0.1,0.3,132,6880.0268449783325,53119.97315502167,57,52.1214154922601
0.55,0.8,0.35,0.35,0.2,0.15,0.2,132,6646.4777936935425,53353.52220630646,59,50.352104497678354
0.5,0.8,0.35,0.25,0.15,0.15,0.2,132,6549.705656051636,53450.294343948364,77,49.61898224281542
0.55,0.7,0.45,0.25,0.2,0.05,0.1,132,6509.952229499817,53490.04777050018,53,49.31781992045316
0.5,0.8,0.45,0.35,0.15,0.05,0.3,132,6396.48274230957,53603.51725769043,72,48.45820259325432
0.4,0.8,0.35,0.35,0.1,0.05,0.3,132,6233.798494338989,53766.20150566101,84,47.22574616923477
0.5,0.6,0.25,0.45,0.2,0.1,0.2,131,7364.996052742004,52635.003947257996,50,56.2213439140611
0.45,0.6,0.25,0.45,0.15,0.05,0.1,131,7114.00398349762,52885.99601650238,55,54.30537391982916
0.5,0.7,0.25,0.45,0.2,0.1,0.1,131,7052.72899723053,52947.27100276947,56,53.83762593305748
0.5,0.6,0.35,0.35,0.2,0.05,0.2,131,6969.417670249939,53030.58232975006,51,53.201661604961366
0.4,0.8,0.25,0.45,0.15,0.1,0.3,131,6944.918281555176,53055.081718444824,70,53.0146433706502
0.5,0.7,0.25,0.45,0.15,0.15,0.2,131,6924.23877620697,53075.76122379303,58,52.856784551198245
0.45,0.6,0.35,0.25,0.2,0.05,0.2,131,6897.517779350281,53102.48222064972,52,52.652807475956344
0.5,0.8,0.25,0.45,0.1,0.15,0.1,131,6723.908199310303,53276.0918006897,70,51.32754350618552
0.5,0.7,0.35,0.35,0.15,0.1,0.2,131,6614.580847740173,53385.41915225983,58,50.49298357053567
0.45,0.8,0.35,0.25,0.15,0.1,0.2,131,6532.183364868164,53467.816635131836,78,49.86399515166537
0.55,0.7,0.45,0.25,0.2,0.1,0.3,131,6456.080027580261,53543.91997241974,56,49.28305364565085
0.45,0.8,0.35,0.45,0.1,0.05,0.2,131,6258.822687149048,53741.17731285095,73,47.7772724209851
0.4,0.6,0.35,0.25,0.1,0.05,0.3,131,5948.972192764282,54051.02780723572,58,45.41200147148307
0.45,0.6,0.25,0.45,0.2,0.05,0.2,130,7341.274291038513,52658.72570896149,50,56.47134070029625
0.5,0.6,0.35,0.45,0.2,0.05,0.3,130,7215.482829093933,52784.51717090607,49,55.50371406995333
0.5,0.6,0.25,0.45,0.15,0.15,0.3,130,7195.844079017639,52804.15592098236,52,55.352646761674144
0.45,0.6,0.25,0.25,0.2,0.1,0.1,130,7050.652846336365,52949.347153663635,49,54.23579112566434
0.55,0.6,0.45,0.35,0.2,0.05,0.3,130,6951.86186504364,53048.13813495636,50,53.47586050033569
0.4,0.7,0.25,0.35,0.2,0.05,0.1,130,6944.743456840515,53055.256543159485,60,53.42110351415781
0.55,0.6,0.35,0.35,0.15,0.15,0.3,130,6935.69978427887,53064.30021572113,51,53.35153680214515
0.5,0.6,0.25,0.45,0.1,0.15,0.2,130,6898.098326683044,53101.901673316956,55,53.062294820638805
0.45,0.7,0.25,0.45,0.15,0.1,0.2,130,6885.4899435043335,53114.51005649567,58,52.96530725772564
0.5,0.8,0.35,0.45,0.15,0.1,0.3,130,6744.211392402649,53255.78860759735,64,51.87854917232807
0.4,0.8,0.25,0.35,0.2,0.1,0.2,130,6691.457089424133,53308.54291057587,66,51.4727468417241
0.5,0.7,0.35,0.35,0.2,0.05,0.1,130,6629.218928337097,53370.7810716629,56,50.99399175643921
0.45,0.7,0.35,0.35,0.15,0.05,0.2,130,6615.889746665955,53384.110253334045,59,50.89145958973811
0.4,0.8,0.25,0.25,0.15,0.15,0.3,130,6583.517684936523,53416.48231506348,79,50.64244373028095
0.5,0.8,0.35,0.25,0.2,0.15,0.3,130,6494.4833307266235,53505.51666927338,70,49.95756408251249
0.5,0.7,0.45,0.25,0.2,0.05,0.3,130,6431.191258430481,53568.80874156952,56,49.47070198792677
0.5,0.7,0.35,0.45,0.1,0.1,0.3,130,6351.636531829834,53648.363468170166,60,48.85874255253719
0.5,0.6,0.45,0.25,0.15,0.05,0.3,130,6296.851138114929,53703.14886188507,54,48.437316447037915
0.55,0.6,0.45,0.25,0.15,0.05,0.1,130,6229.135937690735,53770.864062309265,52,47.916430289928726
0.55,0.6,0.45,0.25,0.15,0.1,0.3,130,6115.041045188904,53884.958954811096,53,47.03877727068387
0.45,0.6,0.35,0.25,0.1,0.1,0.3,130,5908.445755958557,54091.55424404144,57,45.449582738142745
0.5,0.6,0.35,0.25,0.1,0.15,0.3,130,5908.445755958557,54091.55424404144,57,45.449582738142745
0.55,0.6,0.45,0.45,0.1,0.05,0.3,130,5872.040447235107,54127.95955276489,53,45.16954190180852
0.45,0.6,0.25,0.45,0.15,0.1,0.3,129,7134.7465562820435,52865.25344371796,52,55.30811283939568
0.5,0.7,0.25,0.45,0.2,0.15,0.3,129,7058.9537897109985,52941.046210289,53,54.720572013263556
0.5,0.6,0.35,0.35,0.15,0.1,0.3,129,6934.149682044983,53065.85031795502,52,53.753098310426225
0.5,0.6,0.35,0.45,0.15,0.05,0.2,129,6854.759245872498,53145.2407541275,52,53.137668572655016
0.4,0.7,0.25,0.45,0.15,0.05,0.2,129,6846.268684387207,53153.73131561279,59,53.071850266567495
0.45,0.6,0.25,0.45,0.1,0.1,0.2,129,6835.491042137146,53164.508957862854,56,52.98830265222594
0.5,0.7,0.35,0.35,0.2,0.1,0.3,129,6741.957293510437,53258.04270648956,55,52.26323483341424
0.55,0.6,0.35,0.25,0.2,0.1,0.1,129,6694.791382789612,53305.20861721039,49,51.89760761852412
0.45,0.7,0.25,0.35,0.1,0.15,0.2,129,6687.025489807129,53312.97451019287,61,51.83740689772968
0.45,0.7,0.25,0.25,0.15,0.15,0.1,129,6622.713676452637,53377.28632354736,60,51.33886570893517
0.55,0.7,0.35,0.25,0.15,0.15,0.1,129,6594.134463310242,53405.86553668976,58,51.11732142100963
0.5,0.8,0.35,0.35,0.2,0.1,0.2,129,6575.472737312317,53424.52726268768,60,50.972656878390055
0.4,0.8,0.35,0.25,0.15,0.05,0.2,129,6460.746238708496,53539.253761291504,79,50.08330417603485
0.45,0.7,0.35,0.45,0.1,0.05,0.3,129,6317.868457794189,53682.13154220581,60,48.97572447902473
0.55,0.6,0.45,0.25,0.1,0.1,0.2,129,5111.276205062866,54888.723794937134,54,39.62229616327803
0.4,0.6,0.25,0.45,0.15,0.05,0.3,128,7106.940579414368,52893.05942058563,52,55.52297327667475
0.55,0.6,0.25,0.35,0.2,0.15,0.1,128,7059.729525566101,52940.2704744339,48,55.154136918485165
0.45,0.7,0.25,0.45,0.2,0.1,0.3,128,7031.147812843323,52968.85218715668,53,54.93084228783846
0.45,0.8,0.25,0.45,0.1,0.15,0.3,128,6926.998476028442,53073.00152397156,70,54.117175593972206
0.4,0.6,0.25,0.45,0.1,0.05,0.2,128,6796.742209434509,53203.25779056549,56,53.099548511207104
0.55,0.7,0.35,0.45,0.2,0.05,0.1,128,6678.150254249573,53321.84974575043,55,52.17304886132479
0.4,0.7,0.25,0.35,0.1,0.1,0.2,128,6672.752498626709,53327.24750137329,62,52.130878895521164
0.5,0.8,0.35,0.45,0.15,0.05,0.1,128,6501.901784896851,53498.09821510315,65,50.796107694506645
0.45,0.8,0.35,0.25,0.2,0.1,0.3,128,6436.684453010559,53563.31554698944,71,50.28659728914499
0.5,0.6,0.35,0.35,0.15,0.05,0.1,128,6371.80882358551,53628.19117641449,52,49.7797564342618
0.5,0.6,0.25,0.35,0.2,0.1,0.1,127,7005.515913963318,52994.48408603668,48,55.16154262963242
0.45,0.7,0.25,0.45,0.2,0.05,0.1,127,6789.215447425842,53210.78455257416,57,53.458389349809785
0.45,0.6,0.25,0.25,0.15,0.15,0.2,127,6765.839886665344,53234.160113334656,52,53.27432981626255
0.45,0.6,0.35,0.35,0.15,0.05,0.3,127,6694.988768577576,53305.011231422424,53,52.716446996673824
0.5,0.8,0.25,0.45,0.2,0.15,0.2,127,6687.707352638245,53312.292647361755,60,52.65911301289957
0.45,0.7,0.35,0.35,0.2,0.05,0.3,127,6663.034260749817,53336.96573925018,55,52.46483669881746
0.55,0.7,0.35,0.35,0.15,0.15,0.3,127,6658.920773506165,53341.079226493835,54,52.43244703548161
0.45,0.8,0.25,0.45,0.1,0.1,0.1,127,6592.414501190186,53407.585498809814,71,51.90877559992272
0.45,0.8,0.35,0.35,0.2,0.05,0.2,127,6564.101330757141,53435.89866924286,61,51.68583725005623
0.55,0.6,0.45,0.25,0.2,0.05,0.2,127,6488.086441993713,53511.91355800629,50,51.087294818848136
0.55,0.7,0.45,0.25,0.15,0.1,0.3,127,6216.324823379517,53783.67517662048,58,48.94743955416942
0.55,0.8,0.35,0.35,0.1,0.15,0.1,127,5910.140066146851,54089.85993385315,70,46.53653595391221
0.55,0.7,0.45,0.35,0.1,0.05,0.1,127,5407.6686668396,54592.3313331604,59,42.580068242831494
0.55,0.8,0.45,0.25,0.1,0.1,0.1,127,5299.004446029663,54700.99555397034,78,41.724444456926484
0.45,0.8,0.25,0.45,0.2,0.1,0.2,126,6652.892197608948,53347.10780239105,61,52.800731727055144
0.45,0.8,0.35,0.45,0.15,0.05,0.3,126,6649.033157348633,53350.96684265137,66,52.77010442340185
0.4,0.6,0.25,0.25,0.2,0.05,0.1,126,6599.908438682556,53400.091561317444,49,52.38022570382981
0.45,0.6,0.25,0.25,0.1,0.15,0.1,126,6558.572684288025,53441.427315711975,56,52.05216416101607
0.4,0.7,0.25,0.25,0.15,0.1,0.1,126,6495.495162963867,53504.50483703613,60,51.55154891241165
0.45,0.7,0.25,0.25,0.2,0.15,0.2,126,6480.722249031067,53519.27775096893,55,51.434303563738624
0.55,0.7,0.45,0.35,0.15,0.05,0.2,126,6409.588002204895,53590.411997795105,55,50.8697460492452
0.55,0.6,0.35,0.45,0.15,0.05,0.1,126,6396.3593492507935,53603.64065074921,52,50.764756740085666
0.4,0.8,0.35,0.25,0.2,0.05,0.3,126,6373.015287399292,53626.98471260071,73,50.57948640793089
0.55,0.6,0.35,0.35,0.1,0.15,0.2,126,6183.160672187805,53816.839327812195,52,49.07270374752226
0.5,0.7,0.45,0.25,0.15,0.05,0.3,126,6180.528615951538,53819.47138404846,58,49.051814412313796
0.5,0.8,0.35,0.35,0.1,0.1,0.1,126,5910.865877151489,54089.13412284851,72,46.91163394564674
0.5,0.6,0.45,0.25,0.1,0.05,0.2,126,4963.97985458374,55036.02014541626,54,39.39666551256936
0.55,0.6,0.35,0.45,0.2,0.05,0.2,125,7002.127682685852,52997.87231731415,46,56.01702146148681
0.55,0.6,0.25,0.45,0.2,0.1,0.1,125,6995.839867591858,53004.16013240814,48,55.966718940734864
0.45,0.8,0.25,0.25,0.2,0.15,0.1,125,6883.8671979904175,53116.13280200958,62,55.07093758392334
0.55,0.8,0.35,0.25,0.2,0.15,0.1,125,6519.283375740051,53480.71662425995,59,52.15426700592041
0.5,0.7,0.35,0.25,0.15,0.1,0.1,125,6492.115917205811,53507.88408279419,58,51.93692733764649
0.4,0.8,0.25,0.45,0.1,0.05,0.1,125,6440.286142349243,53559.71385765076,72,51.522289138793944
0.55,0.8,0.45,0.35,0.2,0.05,0.2,125,6409.140797615051,53590.85920238495,57,51.27312638092041
0.5,0.6,0.35,0.25,0.2,0.05,0.1,125,6354.247725486755,53645.752274513245,49,50.83398180389404
0.55,0.8,0.45,0.25,0.15,0.1,0.2,125,6185.215278625488,53814.78472137451,70,49.48172222900391
0.5,0.6,0.35,0.35,0.1,0.1,0.2,125,6175.847306251526,53824.152693748474,53,49.406778450012204
0.45,0.6,0.35,0.35,0.1,0.05,0.2,125,6137.2310247421265,53862.76897525787,54,49.09784819793701
0.45,0.8,0.35,0.35,0.1,0.05,0.1,125,6009.630941390991,53990.36905860901,73,48.07704753112793
0.5,0.8,0.45,0.25,0.1,0.05,0.1,125,5329.978225708008,54670.02177429199,80,42.63982580566406
0.4,0.8,0.25,0.45,0.1,0.1,0.3,124,6771.126462936401,53228.8735370636,70,54.60585857206775
0.5,0.7,0.25,0.45,0.1,0.15,0.2,124,6696.897090911865,53303.102909088135,57,54.007234604127945
0.4,0.7,0.25,0.45,0.2,0.05,0.3,124,6631.3670110702515,53368.63298892975,54,53.47876621830848
0.55,0.8,0.35,0.45,0.2,0.1,0.2,124,6516.6095514297485,53483.39044857025,56,52.55330283411087
0.4,0.7,0.25,0.25,0.2,0.1,0.2,124,6413.248867988586,53586.75113201141,55,51.71974893539183
0.55,0.8,0.45,0.25,0.2,0.1,0.3,124,6336.184365272522,53663.81563472748,63,51.09826101026228
0.55,0.8,0.45,0.45,0.15,0.05,0.3,124,6309.120869636536,53690.879130363464,60,50.88000701319787
0.55,0.8,0.45,0.45,0.1,0.05,0.2,124,5680.882152557373,54319.11784744263,64,45.81356574643043
0.5,0.6,0.25,0.35,0.2,0.15,0.3,123,7100.04646396637,52899.95353603363,47,57.7239549915965
0.45,0.6,0.25,0.25,0.2,0.15,0.3,123,6945.113585472107,53054.88641452789,47,56.46433809326916
0.55,0.7,0.25,0.45,0.15,0.15,0.1,123,6616.468653678894,53383.531346321106,55,53.79242807869019
0.45,0.7,0.25,0.35,0.15,0.1,0.1,123,6506.434795379639,53493.56520462036,58,52.897843864875114
0.45,0.6,0.25,0.35,0.1,0.15,0.3,123,6482.370144844055,53517.629855155945,52,52.702196299545164
0.4,0.6,0.25,0.25,0.1,0.1,0.1,123,6437.623427391052,53562.37657260895,56,52.33840184870774
0.5,0.7,0.25,0.35,0.15,0.15,0.1,123,6435.4620933532715,53564.53790664673,57,52.32083002726237
0.45,0.7,0.35,0.25,0.15,0.05,0.1,123,6388.7815284729,53611.2184715271,58,51.941313239617074
0.5,0.7,0.35,0.35,0.1,0.1,0.2,123,6359.286479949951,53640.71352005005,58,51.70151609715408
0.55,0.7,0.35,0.25,0.2,0.15,0.2,123,6300.766804695129,53699.23319530487,52,51.2257463796352
0.55,0.7,0.35,0.35,0.1,0.15,0.2,123,6182.627769470215,53817.372230529785,56,50.26526641845703
0.5,0.8,0.35,0.25,0.15,0.15,0.3,123,6161.386999130249,53838.61300086975,72,50.09257722870121
0.5,0.8,0.45,0.25,0.15,0.05,0.2,123,6158.057729721069,53841.94227027893,72,50.06550999773227
0.45,0.6,0.25,0.35,0.2,0.1,0.3,122,6935.089692115784,53064.910307884216,47,56.844997476358884
0.4,0.8,0.25,0.25,0.2,0.1,0.1,122,6770.539740562439,53229.46025943756,64,55.49622738165934
0.45,0.7,0.25,0.45,0.1,0.1,0.2,122,6597.039501190186,53402.960498809814,57,54.0740942720507
0.5,0.8,0.25,0.35,0.2,0.15,0.1,122,6581.27552986145,53418.72447013855,61,53.94488139230697
0.45,0.7,0.25,0.35,0.15,0.15,0.3,122,6520.508830070496,53479.491169929504,55,53.44679368910242
0.55,0.8,0.35,0.35,0.15,0.15,0.2,122,6378.511706352234,53621.488293647766,63,52.28288283895274
0.4,0.6,0.25,0.25,0.15,0.1,0.2,122,6374.033484458923,53625.96651554108,52,52.24617610212232
0.5,0.8,0.45,0.25,0.2,0.05,0.3,122,6274.451739311218,53725.54826068878,64,51.429932289436216
0.5,0.6,0.25,0.35,0.1,0.15,0.1,122,6180.677748680115,53819.322251319885,54,50.661293021968156
0.5,0.8,0.35,0.25,0.1,0.15,0.2,122,5925.136859893799,54074.8631401062,75,48.56669557289999
0.55,0.8,0.35,0.45,0.1,0.1,0.1,122,5877.561786651611,54122.43821334839,63,48.17673595616075
0.45,0.7,0.35,0.25,0.1,0.1,0.3,122,5613.332180023193,54386.66781997681,60,46.010919508386834
0.5,0.7,0.35,0.25,0.1,0.15,0.3,122,5613.332180023193,54386.66781997681,60,46.010919508386834
0.4,0.7,0.35,0.25,0.1,0.05,0.3,122,5598.86739730835,54401.13260269165,61,45.89235571564221
0.55,0.8,0.45,0.35,0.1,0.1,0.3,122,5408.882432937622,54591.11756706238,69,44.33510190932477
0.4,0.6,0.25,0.25,0.2,0.1,0.3,121,6785.693625450134,53214.306374549866,47,56.0801126070259
0.5,0.6,0.25,0.45,0.2,0.05,0.1,121,6731.026389122009,53268.97361087799,48,55.62831726547115
0.45,0.8,0.25,0.35,0.2,0.1,0.1,121,6721.543246269226,53278.456753730774,62,55.54994418404319
0.55,0.7,0.35,0.45,0.2,0.1,0.3,121,6661.626091957092,53338.37390804291,49,55.05476109055448
0.45,0.6,0.25,0.35,0.2,0.05,0.1,121,6600.601279258728,53399.39872074127,48,54.550423795526676
0.4,0.8,0.25,0.45,0.2,0.05,0.2,121,6464.43196105957,53535.56803894043,62,53.425057529417934
0.5,0.7,0.25,0.35,0.2,0.15,0.2,121,6408.354592323303,53591.6454076767,53,52.96160820101903
0.4,0.7,0.25,0.35,0.15,0.05,0.1,121,6403.730854034424,53596.269145965576,58,52.9233954878878
0.55,0.8,0.35,0.35,0.2,0.15,0.3,121,6370.85639667511,53629.14360332489,57,52.65170575764554
0.55,0.7,0.45,0.35,0.2,0.05,0.3,121,6303.035599708557,53696.96440029144,50,52.0912033033765
0.45,0.7,0.35,0.35,0.1,0.05,0.2,121,6264.966064453125,53735.033935546875,58,51.77657904506715
0.5,0.7,0.35,0.25,0.2,0.1,0.2,121,6241.329703330994,53758.670296669006,52,51.581237217611516
0.45,0.6,0.25,0.35,0.1,0.1,0.1,121,6165.190322875977,53834.80967712402,54,50.95198613947088
0.4,0.8,0.25,0.25,0.1,0.15,0.3,121,5881.833162307739,54118.16683769226,77,48.6101914240309
0.55,0.7,0.45,0.45,0.1,0.05,0.3,121,5557.504505157471,54442.49549484253,55,45.92978929882207
0.5,0.8,0.45,0.35,0.1,0.05,0.3,121,5350.358224868774,54649.641775131226,69,44.217836569163424
0.5,0.7,0.45,0.25,0.1,0.05,0.2,121,5281.055625915527,54718.94437408447,59,43.6450878174837
0.55,0.6,0.35,0.25,0.2,0.15,0.3,120,6765.638014793396,53234.361985206604,46,56.38031678994496
0.5,0.6,0.25,0.35,0.15,0.15,0.2,120,6631.407406806946,53368.592593193054,49,55.26172839005788
0.55,0.8,0.25,0.45,0.2,0.15,0.1,120,6557.163974761963,53442.83602523804,59,54.64303312301636
0.4,0.7,0.25,0.45,0.1,0.05,0.2,120,6524.628868103027,53475.37113189697,57,54.371907234191895
0.5,0.7,0.25,0.45,0.15,0.1,0.1,120,6518.572895050049,53481.42710494995,55,54.32144079208374
0.5,0.7,0.25,0.45,0.15,0.15,0.3,120,6492.758170127869,53507.24182987213,53,54.10631808439891
0.5,0.7,0.35,0.35,0.15,0.1,0.3,120,6403.84698009491,53596.15301990509,54,53.36539150079091
0.55,0.6,0.35,0.35,0.2,0.05,0.1,120,6391.654509544373,53608.34549045563,46,53.26378757953644
0.4,0.6,0.25,0.35,0.1,0.1,0.3,120,6383.988863945007,53616.01113605499,52,53.19990719954173
0.5,0.7,0.35,0.45,0.15,0.05,0.2,120,6375.335566520691,53624.66443347931,53,53.127796387672426
0.5,0.8,0.35,0.25,0.2,0.1,0.1,120,6370.452248573303,53629.5477514267,59,53.08710207144419
0.5,0.8,0.35,0.45,0.2,0.05,0.2,120,6354.91274356842,53645.08725643158,56,52.9576061964035
0.55,0.7,0.35,0.45,0.15,0.1,0.2,120,6348.314547538757,53651.68545246124,52,52.90262122948965
0.45,0.7,0.35,0.25,0.2,0.05,0.2,120,6217.796982765198,53782.2030172348,52,51.81497485637665
0.55,0.7,0.45,0.25,0.2,0.05,0.2,120,6189.955941200256,53810.044058799744,51,51.582966176668805
0.55,0.8,0.45,0.25,0.2,0.05,0.1,120,6142.822464942932,53857.17753505707,55,51.19018720785777
0.4,0.6,0.25,0.35,0.1,0.05,0.1,120,6141.306198120117,53858.69380187988,54,51.177551651000975
0.45,0.8,0.35,0.25,0.1,0.1,0.2,120,5872.874454498291,54127.12554550171,75,48.94062045415242
0.55,0.7,0.45,0.25,0.1,0.1,0.2,120,5185.634544372559,54814.36545562744,58,43.21362120310466
0.4,0.6,0.25,0.35,0.2,0.05,0.3,119,6700.029606819153,53299.97039318085,48,56.30276980520296
0.5,0.6,0.35,0.25,0.2,0.1,0.3,119,6621.888701438904,53378.111298561096,46,55.64612354150339
0.5,0.6,0.35,0.45,0.15,0.05,0.3,119,6497.242173194885,53502.757826805115,47,54.598673724326765
0.55,0.6,0.35,0.45,0.15,0.1,0.3,119,6497.242173194885,53502.757826805115,47,54.598673724326765
0.5,0.8,0.25,0.45,0.15,0.15,0.2,119,6432.707788467407,53567.29221153259,60,54.05636797031435
0.5,0.7,0.35,0.35,0.15,0.05,0.1,119,6317.493293762207,53682.50670623779,55,53.08817893917821
0.55,0.7,0.35,0.35,0.15,0.1,0.1,119,6317.493293762207,53682.50670623779,55,53.08817893917821
0.45,0.7,0.25,0.25,0.1,0.15,0.1,119,6314.580993652344,53685.419006347656,59,53.06370582901129
0.45,0.8,0.25,0.35,0.15,0.15,0.2,119,6298.638299942017,53701.36170005798,65,52.929733612958124
0.5,0.7,0.35,0.45,0.2,0.05,0.3,119,6259.912117958069,53740.08788204193,50,52.60430351225268
0.45,0.7,0.25,0.35,0.2,0.1,0.2,119,6251.582404136658,53748.41759586334,53,52.53430591711477
0.55,0.7,0.45,0.25,0.15,0.05,0.1,119,6182.414447784424,53817.585552215576,55,51.95306258642373
0.55,0.8,0.35,0.45,0.1,0.15,0.3,119,6088.072088241577,53911.92791175842,63,51.16026964908888
0.45,0.8,0.35,0.25,0.15,0.1,0.3,119,6050.370454788208,53949.62954521179,72,50.84344919990091
0.4,0.8,0.35,0.25,0.1,0.05,0.2,119,5721.523958206177,54278.47604179382,76,48.08003326223678
0.55,0.7,0.25,0.45,0.2,0.15,0.2,118,6534.1655950546265,53465.83440494537,50,55.374284703852766
0.45,0.6,0.25,0.35,0.15,0.1,0.2,118,6444.164868354797,53555.8351316452,49,54.61156668097286
0.45,0.7,0.25,0.45,0.15,0.1,0.3,118,6430.8797216415405,53569.12027835846,53,54.49898069187746
0.45,0.7,0.25,0.45,0.15,0.05,0.1,118,6425.93770980835,53574.06229019165,55,54.45709923566398
0.4,0.7,0.25,0.35,0.15,0.1,0.3,118,6375.453501701355,53624.546498298645,55,54.029266963570805
0.45,0.7,0.35,0.35,0.15,0.05,0.3,118,6318.51266002655,53681.48733997345,54,53.54671745785212
0.4,0.7,0.25,0.25,0.1,0.1,0.1,118,6279.71097946167,53720.28902053833,59,53.21788965645483
0.4,0.8,0.25,0.35,0.15,0.1,0.2,118,6270.693231582642,53729.30676841736,66,53.141468064259676
0.4,0.7,0.25,0.35,0.2,0.05,0.2,118,6253.982413291931,53746.01758670807,54,52.999850960101114
0.5,0.8,0.35,0.35,0.15,0.1,0.2,118,6240.307374954224,53759.69262504578,64,52.88396080469681
0.55,0.7,0.35,0.35,0.2,0.1,0.2,118,6145.195183753967,53854.80481624603,51,52.07792528605057
0.55,0.6,0.35,0.25,0.15,0.15,0.2,118,6103.0795431137085,53896.92045688629,48,51.721013077234815
0.5,0.8,0.35,0.45,0.1,0.05,0.1,118,5721.547201156616,54278.452798843384,64,48.487688145395055
0.55,0.6,0.25,0.45,0.2,0.15,0.3,117,6810.224883079529,53189.77511692047,45,58.20705028273102
0.4,0.8,0.25,0.35,0.2,0.05,0.1,117,6520.4969091415405,53479.50309085846,62,55.73074281317556
0.5,0.8,0.25,0.45,0.2,0.1,0.1,117,6453.478856086731,53546.52114391327,59,55.15793894091223
0.5,0.8,0.25,0.45,0.2,0.15,0.3,117,6326.934281349182,53673.06571865082,55,54.07636137905284
0.5,0.8,0.35,0.35,0.2,0.05,0.1,117,6218.60290145874,53781.39709854126,57,53.15045214922
0.55,0.8,0.35,0.35,0.2,0.1,0.1,117,6218.60290145874,53781.39709854126,57,53.15045214922
0.45,0.8,0.35,0.35,0.15,0.05,0.2,117,6204.511167526245,53795.488832473755,64,53.030009978856796
0.5,0.6,0.35,0.25,0.15,0.1,0.2,117,6078.190773963928,53921.80922603607,48,51.95034849541819
0.4,0.8,0.35,0.25,0.15,0.05,0.3,117,6028.527812957764,53971.472187042236,73,51.52587874322875
0.5,0.8,0.35,0.45,0.1,0.1,0.3,117,5898.868642807007,54101.13135719299,64,50.4176807077522
0.5,0.6,0.45,0.25,0.1,0.05,0.3,117,5006.592947006226,54993.407052993774,51,42.79139270945492
0.55,0.6,0.45,0.25,0.1,0.1,0.3,117,5006.592947006226,54993.407052993774,51,42.79139270945492
0.5,0.6,0.25,0.45,0.2,0.1,0.3,116,6786.692162513733,53213.30783748627,45,58.50596691822184
0.5,0.7,0.25,0.45,0.2,0.1,0.2,116,6349.650568962097,53650.3494310379,51,54.73836697381118
0.45,0.8,0.35,0.25,0.2,0.05,0.1,116,6224.820322036743,53775.17967796326,59,53.66224415548916
0.5,0.8,0.35,0.35,0.2,0.1,0.3,116,6209.2404527664185,53790.75954723358,57,53.52793493764154
0.45,0.8,0.25,0.25,0.15,0.15,0.1,116,6181.467914581299,53818.5320854187,64,53.288516505011195
0.55,0.7,0.35,0.45,0.15,0.05,0.1,116,6014.096423149109,53985.90357685089,52,51.84565882025094
0.55,0.6,0.45,0.35,0.15,0.05,0.3,116,5810.772946357727,54189.22705364227,47,50.09287022722179
0.55,0.6,0.35,0.25,0.1,0.15,0.1,116,5455.11416721344,54544.88583278656,50,47.02684626908138
0.55,0.8,0.45,0.35,0.1,0.05,0.1,116,5144.3161334991455,54855.683866500854,64,44.34755287499264
0.45,0.6,0.25,0.45,0.2,0.05,0.3,115,6748.48309803009,53251.51690196991,45,58.68246172200079
0.45,0.8,0.25,0.45,0.2,0.05,0.1,115,6382.464131355286,53617.535868644714,59,55.499688098741615
0.45,0.6,0.35,0.25,0.2,0.05,0.3,115,6323.701563835144,53676.298436164856,46,54.988709250740385
0.45,0.8,0.25,0.35,0.2,0.15,0.3,115,6174.113528251648,53825.88647174835,58,53.687943723927376
0.4,0.6,0.25,0.35,0.15,0.05,0.2,115,6147.509379386902,53852.4906206131,49,53.456603299016535
0.5,0.6,0.35,0.35,0.15,0.05,0.2,115,6141.943318367004,53858.056681632996,48,53.408202768408735
0.5,0.7,0.35,0.35,0.2,0.05,0.2,115,6050.3534688949585,53949.64653110504,51,52.61176929473877
0.55,0.6,0.35,0.35,0.15,0.1,0.2,115,5972.27090549469,54027.72909450531,47,51.932790482562524
0.5,0.6,0.35,0.25,0.1,0.1,0.1,115,5440.314475059509,54559.68552494049,51,47.30708239182182
0.55,0.6,0.25,0.45,0.15,0.15,0.2,114,6460.734896659851,53539.26510334015,47,56.67311312859518
0.5,0.6,0.35,0.35,0.2,0.05,0.3,114,6406.874402046204,53593.1255979538,44,56.2006526495281
0.55,0.6,0.35,0.35,0.2,0.1,0.3,114,6406.874402046204,53593.1255979538,44,56.2006526495281
0.4,0.7,0.25,0.45,0.15,0.05,0.3,114,6291.650581359863,53708.34941864014,53,55.18991738034968
0.55,0.6,0.45,0.25,0.2,0.05,0.3,114,6214.214793205261,53785.78520679474,45,54.51065608074791
0.45,0.8,0.25,0.45,0.15,0.1,0.2,114,6195.806062698364,53804.193937301636,60,54.34917598858214
0.55,0.8,0.35,0.45,0.15,0.1,0.2,114,6177.493827819824,53822.506172180176,54,54.1885423492967
0.55,0.8,0.35,0.45,0.2,0.05,0.1,114,6114.475936889648,53885.52406311035,56,53.63575383236534
0.55,0.8,0.35,0.45,0.2,0.1,0.3,114,6088.73693561554,53911.26306438446,50,53.40997311943456
0.55,0.8,0.35,0.25,0.15,0.15,0.1,114,6072.786287307739,53927.21371269226,58,53.27005515182228
0.55,0.8,0.35,0.25,0.2,0.15,0.2,114,5996.151030540466,54003.848969459534,53,52.59781605737251
0.45,0.6,0.35,0.25,0.15,0.05,0.2,114,5930.377785682678,54069.62221431732,48,52.0208577691463
0.55,0.8,0.45,0.35,0.15,0.05,0.2,114,5911.676525115967,54088.32347488403,58,51.85681162382427
0.45,0.8,0.35,0.45,0.1,0.05,0.3,114,5756.162847518921,54243.83715248108,64,50.492656557183516
0.55,0.6,0.35,0.35,0.1,0.15,0.3,114,5600.6572160720825,54399.34278392792,46,49.12857207080774
0.5,0.6,0.25,0.45,0.15,0.1,0.2,113,6313.159762382507,53686.84023761749,47,55.86867046356201
0.45,0.7,0.25,0.45,0.2,0.05,0.2,113,6115.628123283386,53884.371876716614,51,54.12060286091492
0.4,0.8,0.25,0.25,0.15,0.1,0.1,113,6097.132374763489,53902.86762523651,64,53.95692367047335
0.45,0.8,0.35,0.35,0.2,0.05,0.3,113,6088.972491264343,53911.02750873566,57,53.88471231207384
0.55,0.7,0.35,0.45,0.2,0.05,0.2,113,6062.258208274841,53937.74179172516,49,53.64830272809594
0.55,0.8,0.45,0.35,0.2,0.05,0.3,113,5966.404723167419,54033.59527683258,50,52.800041797941766
0.5,0.7,0.25,0.35,0.1,0.15,0.1,113,5805.283893585205,54194.716106414795,55,51.374193748541636
0.45,0.6,0.35,0.25,0.1,0.05,0.1,113,5449.15051651001,54550.84948348999,52,48.222570942566456
0.55,0.6,0.45,0.35,0.1,0.05,0.2,113,5210.149334907532,54789.85066509247,47,46.10751623811975
0.5,0.6,0.25,0.25,0.2,0.15,0.2,112,6371.567608833313,53628.43239116669,44,56.8889965074403
0.45,0.7,0.25,0.25,0.2,0.1,0.1,112,6267.493317604065,53732.506682395935,51,55.95976176432201
0.4,0.8,0.25,0.45,0.15,0.05,0.2,112,6203.952920913696,53796.047079086304,61,55.392436793872285
0.45,0.6,0.25,0.25,0.15,0.15,0.3,112,6182.651925086975,53817.348074913025,47,55.20224933113371
0.45,0.8,0.25,0.45,0.2,0.1,0.3,112,6113.896439552307,53886.10356044769,55,54.588361067431315
0.4,0.8,0.25,0.35,0.2,0.1,0.3,112,6087.582407951355,53912.417592048645,58,54.35341435670853
0.55,0.7,0.35,0.45,0.15,0.1,0.3,112,6075.668452262878,53924.33154773712,48,54.24703975234713
0.45,0.7,0.25,0.35,0.1,0.15,0.3,112,6025.783462524414,53974.216537475586,53,53.801638058253694
0.5,0.7,0.25,0.25,0.2,0.15,0.1,112,5979.972550392151,54020.02744960785,50,53.392612057072775
0.55,0.7,0.35,0.25,0.2,0.1,0.1,112,5909.109324455261,54090.89067554474,49,52.75990468263626
0.55,0.7,0.45,0.35,0.15,0.05,0.3,112,5816.840546607971,54183.15945339203,49,51.936076308999745
0.5,0.6,0.35,0.35,0.1,0.1,0.3,112,5533.183835029602,54466.8161649704,46,49.40342709847859
0.55,0.8,0.45,0.25,0.15,0.1,0.3,112,5526.915672302246,54473.084327697754,61,49.34746135984148
0.55,0.6,0.25,0.35,0.2,0.15,0.2,111,6452.462639808655,53547.537360191345,43,58.13029405233022
0.45,0.6,0.25,0.45,0.15,0.05,0.2,111,6265.377474784851,53734.62252521515,47,56.44484211517884
0.5,0.8,0.25,0.35,0.15,0.15,0.1,111,6062.398180961609,53937.60181903839,58,54.61619982848296
0.4,0.8,0.25,0.35,0.1,0.1,0.2,111,6040.989261627197,53959.0107383728,64,54.4233266813261
0.45,0.8,0.25,0.35,0.1,0.15,0.2,111,6040.989261627197,53959.0107383728,64,54.4233266813261
0.5,0.6,0.25,0.45,0.1,0.15,0.3,111,5865.7906675338745,54134.209332466125,46,52.84496096877364
0.4,0.7,0.25,0.35,0.1,0.05,0.1,111,5747.761543273926,54252.238456726074,55,51.78163552499032
0.45,0.7,0.25,0.35,0.1,0.1,0.1,111,5747.761543273926,54252.238456726074,55,51.78163552499032
0.55,0.7,0.35,0.25,0.1,0.15,0.1,111,5733.21781539917,54266.78218460083,54,51.65061094954207
0.55,0.6,0.45,0.25,0.15,0.05,0.2,111,5689.945103645325,54310.054896354675,46,51.26076669950743
0.55,0.6,0.35,0.45,0.1,0.1,0.2,111,5463.5564222335815,54536.44357776642,46,49.221229029131365
0.55,0.6,0.35,0.45,0.2,0.05,0.3,110,6331.078671455383,53668.92132854462,43,57.555260649594395
0.45,0.6,0.25,0.25,0.2,0.1,0.2,110,6202.9295263290405,53797.07047367096,44,56.3902684211731
0.4,0.6,0.25,0.25,0.15,0.1,0.3,110,6086.882843971252,53913.11715602875,47,55.33529858155684
0.5,0.8,0.35,0.45,0.15,0.05,0.2,110,6005.866363525391,53994.13363647461,54,54.5987851229581
0.5,0.6,0.25,0.35,0.15,0.15,0.3,110,5937.830620765686,54062.169379234314,45,53.98027837059715
0.55,0.8,0.25,0.45,0.15,0.15,0.1,110,5927.088234901428,54072.91176509857,56,53.88262031728571
0.45,0.6,0.25,0.45,0.1,0.1,0.3,110,5844.81849193573,54155.18150806427,46,53.13471356305209
0.5,0.7,0.35,0.25,0.1,0.1,0.1,110,5697.421607971191,54302.57839202881,54,51.794741890647195
0.5,0.8,0.45,0.25,0.15,0.05,0.3,110,5544.71084022522,54455.28915977478,65,50.406462183865635
0.5,0.8,0.35,0.25,0.1,0.15,0.3,110,5316.688625335693,54683.31137466431,70,48.333532957597214
0.4,0.7,0.25,0.25,0.2,0.05,0.1,109,6140.274804115295,53859.725195884705,51,56.33279636803023
0.5,0.8,0.35,0.25,0.15,0.1,0.1,109,5909.708112716675,54090.291887283325,58,54.2175056212539
0.5,0.8,0.35,0.45,0.2,0.05,0.3,109,5908.884667396545,54091.115332603455,50,54.20995107703253
0.4,0.7,0.25,0.35,0.1,0.1,0.3,109,5895.774814605713,54104.22518539429,53,54.08967719821755
0.5,0.7,0.25,0.35,0.2,0.15,0.3,109,5880.686875343323,54119.31312465668,48,53.951255737094705
0.5,0.7,0.35,0.25,0.2,0.05,0.1,109,5822.019982337952,54177.98001766205,49,53.41302736089864
0.55,0.7,0.35,0.25,0.2,0.15,0.3,109,5808.894661903381,54191.10533809662,47,53.29261157709524
0.55,0.7,0.35,0.25,0.15,0.15,0.2,109,5804.537371635437,54195.46262836456,50,53.25263643702236
0.55,0.6,0.35,0.25,0.15,0.15,0.3,109,5727.659890174866,54272.340109825134,45,52.54733844197124
0.45,0.6,0.35,0.35,0.1,0.05,0.3,109,5491.742957115173,54508.25704288483,47,50.38296290931352
0.5,0.6,0.35,0.45,0.1,0.05,0.2,109,5415.774134635925,54584.225865364075,46,49.68600123519197
0.55,0.8,0.45,0.25,0.1,0.1,0.2,109,4967.831045150757,55032.16895484924,66,45.57643160688768
0.55,0.6,0.25,0.45,0.2,0.1,0.2,108,6308.841897010803,53691.1581029892,43,58.41520275010003
0.55,0.7,0.25,0.45,0.2,0.15,0.3,108,6166.544619560242,53833.45538043976,45,57.09763536629853
0.4,0.6,0.25,0.25,0.2,0.05,0.2,108,6143.492424964905,53856.507575035095,44,56.88418912004541
0.4,0.8,0.25,0.35,0.15,0.05,0.1,108,5971.107756614685,54028.892243385315,58,55.28803478346931
0.45,0.8,0.25,0.35,0.15,0.1,0.1,108,5971.107756614685,54028.892243385315,58,55.28803478346931
0.5,0.7,0.35,0.45,0.15,0.05,0.3,108,5955.572955131531,54044.42704486847,48,55.144194028995656
0.45,0.8,0.25,0.35,0.15,0.15,0.3,108,5954.830474853516,54045.169525146484,58,55.13731921160662
0.5,0.8,0.25,0.35,0.2,0.15,0.2,108,5947.72172164917,54052.27827835083,54,55.0714974226775
0.5,0.7,0.25,0.35,0.2,0.1,0.1,108,5891.989762306213,54108.01023769379,49,54.55546076209457
0.55,0.7,0.25,0.35,0.2,0.15,0.1,108,5891.989762306213,54108.01023769379,49,54.55546076209457
0.5,0.6,0.25,0.25,0.15,0.15,0.1,108,5830.899861335754,54169.100138664246,47,53.989813530886615
0.55,0.8,0.35,0.35,0.15,0.15,0.3,108,5824.767966270447,54175.23203372955,54,53.93303672472636
0.45,0.7,0.25,0.25,0.2,0.15,0.3,108,5811.0577936172485,54188.94220638275,48,53.80609068164119
0.45,0.6,0.25,0.35,0.15,0.1,0.3,108,5767.125870704651,54232.87412929535,45,53.399313617635656
0.45,0.7,0.35,0.25,0.1,0.05,0.1,108,5640.825450897217,54359.17454910278,54,52.22986528608534
0.55,0.8,0.45,0.45,0.1,0.05,0.3,108,5191.690118789673,54808.30988121033,59,48.07120480360808
0.45,0.8,0.35,0.25,0.1,0.1,0.3,108,5157.421825408936,54842.578174591064,70,47.753905790823474
0.5,0.8,0.45,0.25,0.1,0.05,0.2,108,5031.557958602905,54968.442041397095,67,46.58849961669357
0.5,0.7,0.45,0.25,0.1,0.05,0.3,108,4908.709442138672,55091.29055786133,53,45.45101335313585
0.55,0.7,0.45,0.25,0.1,0.1,0.3,108,4679.964954376221,55320.03504562378,52,43.33300883681686
0.5,0.6,0.25,0.35,0.2,0.1,0.2,107,6093.996775627136,53906.003224372864,43,56.95324089371155
0.4,0.7,0.25,0.25,0.15,0.1,0.2,107,5879.51448059082,54120.48551940918,52,54.94873346346561
0.45,0.7,0.25,0.25,0.15,0.15,0.2,107,5879.51448059082,54120.48551940918,52,54.94873346346561
0.5,0.6,0.25,0.35,0.15,0.1,0.1,107,5878.663670539856,54121.336329460144,48,54.940781967662204
0.45,0.7,0.25,0.35,0.2,0.05,0.1,107,5868.105637550354,54131.894362449646,49,54.84210876215284
0.45,0.8,0.35,0.25,0.15,0.05,0.1,107,5853.1119556427,54146.8880443573,58,54.70198089385701
0.45,0.8,0.25,0.25,0.2,0.15,0.2,107,5848.7172956466675,54151.28270435333,55,54.660909305109044
0.55,0.6,0.25,0.35,0.15,0.15,0.1,107,5828.167023658752,54171.83297634125,47,54.468850688399556
0.5,0.8,0.35,0.25,0.2,0.1,0.2,107,5799.58104801178,54200.41895198822,54,54.20169203749327
0.45,0.6,0.25,0.25,0.15,0.1,0.1,107,5792.690796852112,54207.30920314789,47,54.13729716684217
0.5,0.8,0.25,0.45,0.15,0.1,0.1,107,5791.579121589661,54208.42087841034,56,54.126907678408045
0.55,0.8,0.35,0.35,0.15,0.1,0.1,107,5734.438252449036,54265.561747550964,55,53.59288086400968
0.55,0.8,0.35,0.35,0.1,0.15,0.2,107,5428.086336135864,54571.913663864136,60,50.729778842391255
0.5,0.6,0.35,0.35,0.1,0.05,0.1,107,5037.743976593018,54962.25602340698,47,47.08171940741138
0.55,0.6,0.35,0.35,0.1,0.1,0.1,107,5037.743976593018,54962.25602340698,47,47.08171940741138
0.4,0.8,0.25,0.45,0.2,0.05,0.3,106,5884.152788162231,54115.84721183777,55,55.51087536002105
0.4,0.8,0.25,0.35,0.15,0.1,0.3,106,5883.346035003662,54116.65396499634,58,55.503264481166624
0.4,0.6,0.25,0.25,0.15,0.05,0.1,106,5824.450058937073,54175.54994106293,48,54.947642065444086
0.45,0.6,0.25,0.35,0.15,0.05,0.1,106,5824.450058937073,54175.54994106293,48,54.947642065444086
0.55,0.7,0.25,0.45,0.2,0.1,0.1,106,5824.450058937073,54175.54994106293,48,54.947642065444086
0.55,0.8,0.25,0.45,0.2,0.15,0.2,106,5808.991752624512,54191.00824737549,52,54.8018089870237
0.55,0.6,0.25,0.25,0.2,0.15,0.1,106,5794.878323554993,54205.12167644501,44,54.66866342976408
0.45,0.7,0.25,0.35,0.2,0.1,0.3,106,5782.305594444275,54217.694405555725,48,54.55005277777618
0.4,0.7,0.25,0.25,0.2,0.1,0.3,106,5747.455609321594,54252.544390678406,48,54.22127933322259
0.45,0.6,0.25,0.45,0.1,0.05,0.1,106,5738.029968261719,54261.97003173828,47,54.13235819114829
0.55,0.7,0.35,0.35,0.2,0.1,0.3,106,5726.378884315491,54273.62111568451,45,54.02244230486312
0.5,0.8,0.25,0.45,0.1,0.15,0.2,106,5720.7370891571045,54279.262910842896,59,53.969217822236836
0.4,0.6,0.25,0.45,0.1,0.05,0.3,106,5684.597647666931,54315.40235233307,46,53.62827969497105
0.45,0.7,0.35,0.25,0.2,0.05,0.3,106,5682.43065738678,54317.56934261322,47,53.60783639044132
0.5,0.7,0.35,0.25,0.2,0.1,0.3,106,5682.43065738678,54317.56934261322,47,53.60783639044132
0.45,0.8,0.25,0.25,0.1,0.15,0.1,106,5655.343091964722,54344.65690803528,61,53.3522933204219
0.55,0.8,0.45,0.25,0.2,0.05,0.2,106,5639.917149543762,54360.08285045624,52,53.206765561733604
0.5,0.6,0.35,0.25,0.15,0.1,0.3,106,5612.237992286682,54387.76200771332,45,52.94564143666681
0.55,0.8,0.45,0.25,0.15,0.05,0.1,106,5597.486921310425,54402.513078689575,57,52.80648038972099
0.5,0.6,0.25,0.45,0.1,0.1,0.1,106,5508.291045188904,54491.708954811096,46,51.96500986027268
0.55,0.6,0.25,0.45,0.1,0.15,0.1,106,5508.291045188904,54491.708954811096,46,51.96500986027268
0.55,0.6,0.35,0.25,0.15,0.1,0.1,106,5432.683636665344,54567.316363334656,45,51.25173242137117
0.4,0.8,0.35,0.25,0.1,0.05,0.3,106,5081.83907699585,54918.16092300415,71,47.9418780848665
0.55,0.7,0.45,0.35,0.1,0.05,0.2,106,4921.010757446289,55078.98924255371,49,46.424629787229144
0.5,0.8,0.25,0.45,0.15,0.15,0.3,105,5898.60627746582,54101.39372253418,53,56.177202642531626
0.55,0.6,0.35,0.25,0.2,0.1,0.2,105,5871.938572883606,54128.061427116394,41,55.92322450365339
0.55,0.7,0.25,0.45,0.15,0.15,0.2,105,5836.233691215515,54163.766308784485,47,55.58317801157634
0.5,0.7,0.25,0.45,0.2,0.05,0.1,105,5800.565934181213,54199.43406581879,48,55.24348508744013
0.55,0.8,0.35,0.35,0.2,0.1,0.2,105,5747.894229888916,54252.105770111084,52,54.741849808465865
0.45,0.7,0.35,0.25,0.15,0.05,0.2,105,5735.41845703125,54264.58154296875,51,54.62303292410714
0.5,0.7,0.35,0.25,0.15,0.1,0.2,105,5702.518825531006,54297.481174468994,50,54.309703100295295
0.5,0.8,0.35,0.35,0.15,0.05,0.1,105,5677.5405626297,54322.4594373703,55,54.07181488218762
0.45,0.6,0.25,0.25,0.1,0.15,0.2,105,5619.770121574402,54380.2298784256,47,53.52162020547049
0.5,0.8,0.35,0.35,0.1,0.1,0.2,105,5352.14658164978,54647.85341835022,60,50.972824587140764
0.45,0.6,0.25,0.35,0.2,0.05,0.2,104,5973.768122673035,54026.231877326965,43,57.440078102625336
0.5,0.6,0.25,0.45,0.2,0.05,0.2,104,5927.285382270813,54072.71461772919,43,56.99312867568089
0.45,0.8,0.25,0.35,0.2,0.1,0.2,104,5808.492581367493,54191.50741863251,54,55.85089020545666
0.4,0.8,0.25,0.25,0.2,0.1,0.2,104,5795.379874229431,54204.62012577057,55,55.724806482975296
0.55,0.7,0.35,0.45,0.2,0.05,0.3,104,5768.630328178406,54231.369671821594,44,55.467599309407746
0.45,0.8,0.35,0.25,0.2,0.05,0.2,104,5749.978025436401,54250.0219745636,55,55.28825024458078
0.55,0.8,0.35,0.45,0.2,0.05,0.2,104,5746.149217605591,54253.85078239441,51,55.251434784669144
0.4,0.6,0.25,0.25,0.1,0.1,0.2,104,5737.212359428406,54262.787640571594,48,55.165503456042366
0.5,0.7,0.25,0.35,0.15,0.15,0.2,104,5733.125289916992,54266.87471008301,49,55.12620471074031
0.45,0.8,0.25,0.45,0.15,0.05,0.1,104,5712.458462715149,54287.54153728485,56,54.927485218414894
0.55,0.7,0.35,0.35,0.15,0.1,0.2,104,5707.5372314453125,54292.46276855469,48,54.88016568697416
0.55,0.7,0.25,0.45,0.1,0.15,0.1,104,5664.170669555664,54335.829330444336,47,54.463179514958306
0.55,0.7,0.35,0.35,0.2,0.05,0.1,104,5654.495644569397,54345.5043554306,47,54.370150428551895
0.4,0.6,0.25,0.35,0.15,0.05,0.3,104,5629.077185630798,54370.9228143692,45,54.12574216952691
0.45,0.8,0.25,0.45,0.1,0.1,0.2,104,5625.128776550293,54374.87122344971,60,54.08777669759897
0.4,0.8,0.25,0.25,0.1,0.1,0.1,104,5617.4930963516235,54382.50690364838,61,54.01435669568869
0.45,0.7,0.35,0.35,0.1,0.05,0.3,104,5499.477146148682,54500.52285385132,49,52.87958794373732
0.5,0.7,0.35,0.35,0.1,0.1,0.3,104,5499.477146148682,54500.52285385132,49,52.87958794373732
0.55,0.7,0.35,0.35,0.1,0.15,0.3,104,5303.342113494873,54696.65788650513,48,50.99367416821993
0.55,0.6,0.45,0.25,0.1,0.05,0.1,104,4288.119090080261,55711.88090991974,46,41.23191432769482
0.5,0.7,0.25,0.45,0.2,0.1,0.3,103,5812.230303764343,54187.76969623566,45,56.429420424896534
0.45,0.8,0.25,0.45,0.15,0.1,0.3,103,5804.285861968994,54195.714138031006,53,56.35228992202907
0.5,0.7,0.25,0.45,0.15,0.1,0.2,103,5797.616649627686,54202.383350372314,47,56.28754028764743
0.55,0.6,0.25,0.35,0.2,0.1,0.1,103,5750.356137275696,54249.643862724304,45,55.82870036189996
0.55,0.6,0.35,0.35,0.2,0.05,0.2,103,5732.460244178772,54267.53975582123,41,55.65495382697837
0.5,0.8,0.25,0.45,0.2,0.1,0.2,103,5732.375329017639,54267.62467098236,52,55.65412940793824
0.5,0.6,0.35,0.25,0.2,0.05,0.2,103,5707.166502952576,54292.833497047424,41,55.409383523811414
0.55,0.8,0.25,0.35,0.2,0.15,0.1,103,5678.3438539505005,54321.6561460495,49,55.129551980101944
0.5,0.8,0.35,0.35,0.15,0.1,0.3,103,5672.7030963897705,54327.29690361023,54,55.07478734359
0.4,0.7,0.25,0.35,0.2,0.05,0.3,103,5668.4337911605835,54331.56620883942,48,55.033337778258094
0.55,0.7,0.45,0.25,0.2,0.05,0.3,103,5628.549954414368,54371.45004558563,45,54.64611606227542
0.5,0.7,0.25,0.45,0.1,0.1,0.1,103,5613.177101135254,54386.822898864746,48,54.49686505956557
0.45,0.6,0.35,0.25,0.15,0.05,0.3,103,5453.513291358948,54546.48670864105,45,52.94673098406746
0.5,0.6,0.35,0.25,0.15,0.05,0.1,103,5343.573517799377,54656.42648220062,45,51.87935454174153
0.55,0.6,0.35,0.45,0.15,0.05,0.2,103,5332.814364433289,54667.18563556671,43,51.774896742070766
0.45,0.8,0.35,0.35,0.1,0.05,0.2,103,5293.65012550354,54706.34987449646,60,51.39466141265573
0.55,0.7,0.35,0.45,0.1,0.1,0.2,103,5181.661819458008,54818.33818054199,46,50.307396305417555
0.5,0.7,0.35,0.45,0.1,0.05,0.2,103,5139.695571899414,54860.304428100586,47,49.89995700873217
0.55,0.6,0.35,0.25,0.1,0.15,0.2,103,5083.533467292786,54916.466532707214,44,49.35469385721151
0.5,0.8,0.25,0.25,0.2,0.15,0.1,102,5783.921617507935,54216.078382492065,52,56.70511389713661
0.4,0.8,0.25,0.35,0.2,0.05,0.2,102,5736.0819482803345,54263.918051719666,54,56.236097532160144
0.45,0.7,0.25,0.35,0.15,0.1,0.2,102,5633.2677001953125,54366.73229980469,49,55.22811470779718
0.45,0.8,0.35,0.35,0.15,0.05,0.3,102,5623.6009159088135,54376.39908409119,54,55.1333423128315
0.5,0.6,0.25,0.35,0.2,0.05,0.1,102,5586.955941200256,54413.044058799744,46,54.774077854904476
0.55,0.7,0.45,0.25,0.15,0.05,0.2,102,5572.101516723633,54427.89848327637,47,54.628446242388556
0.55,0.8,0.35,0.25,0.2,0.1,0.1,102,5537.655446052551,54462.34455394745,49,54.290739667181874
0.5,0.6,0.25,0.25,0.2,0.1,0.1,102,5474.690114021301,54525.3098859787,44,53.67343249040491
0.5,0.6,0.25,0.35,0.2,0.1,0.3,101,5922.575846672058,54077.42415332794,40,58.63936481853523
0.55,0.6,0.25,0.35,0.2,0.15,0.3,101,5922.575846672058,54077.42415332794,40,58.63936481853523
0.5,0.6,0.25,0.25,0.2,0.15,0.3,101,5911.176283836365,54088.823716163635,41,58.52649785976599
0.45,0.7,0.25,0.45,0.15,0.05,0.2,101,5673.002925872803,54326.9970741272,47,56.16834580072082
0.45,0.7,0.25,0.45,0.1,0.1,0.3,101,5659.93571472168,54340.06428527832,47,56.038967472491876
0.5,0.7,0.25,0.45,0.1,0.15,0.3,101,5659.93571472168,54340.06428527832,47,56.038967472491876
0.55,0.7,0.25,0.35,0.15,0.15,0.1,101,5645.129693984985,54354.870306015015,48,55.89237320777213
0.45,0.8,0.25,0.45,0.2,0.05,0.2,101,5643.156197547913,54356.84380245209,52,55.87283363908824
0.5,0.8,0.35,0.35,0.2,0.05,0.2,101,5597.546100616455,54402.453899383545,52,55.421248520955004
0.4,0.7,0.25,0.35,0.15,0.05,0.2,101,5597.471492767334,54402.528507232666,49,55.42050982937955
0.55,0.8,0.35,0.25,0.2,0.15,0.3,101,5549.253275871277,54450.74672412872,47,54.94310174129977
0.45,0.6,0.25,0.25,0.2,0.05,0.1,101,5436.481049537659,54563.51895046234,44,53.826545044927315
0.55,0.8,0.35,0.45,0.15,0.05,0.1,101,5259.191956520081,54740.80804347992,53,52.07120749029783
0.45,0.8,0.25,0.25,0.2,0.1,0.1,100,5726.399267196655,54273.600732803345,52,57.263992671966555
0.45,0.7,0.25,0.45,0.2,0.05,0.3,100,5691.8276472091675,54308.17235279083,45,56.91827647209168
0.4,0.8,0.25,0.45,0.15,0.05,0.3,100,5658.067512512207,54341.93248748779,53,56.58067512512207
0.4,0.7,0.25,0.45,0.1,0.05,0.3,100,5623.3212890625,54376.6787109375,47,56.233212890625
0.5,0.7,0.25,0.35,0.15,0.1,0.1,100,5622.000078201294,54377.999921798706,48,56.22000078201294
0.55,0.8,0.35,0.45,0.15,0.1,0.3,100,5566.83092880249,54433.16907119751,49,55.6683092880249
0.5,0.7,0.35,0.35,0.15,0.05,0.2,100,5560.665901184082,54439.33409881592,48,55.60665901184082
0.5,0.7,0.35,0.35,0.2,0.05,0.3,100,5537.394606590271,54462.60539340973,45,55.37394606590271
0.45,0.7,0.25,0.45,0.1,0.05,0.1,100,5499.158676147461,54500.84132385254,48,54.99158676147461
0.55,0.6,0.35,0.25,0.2,0.05,0.1,100,5306.383320808411,54693.61667919159,42,53.063833208084105
0.55,0.6,0.35,0.35,0.15,0.1,0.3,100,5211.8148584365845,54788.185141563416,40,52.11814858436585
0.5,0.7,0.35,0.35,0.1,0.05,0.1,100,5068.7956199646,54931.2043800354,49,50.687956199645996
0.55,0.7,0.35,0.35,0.1,0.1,0.1,100,4902.67244720459,55097.32755279541,48,49.0267244720459
0.55,0.7,0.45,0.25,0.1,0.05,0.1,100,4679.598571777344,55320.401428222656,49,46.79598571777344
0.4,0.8,0.25,0.25,0.2,0.05,0.1,99,5691.529253005981,54308.47074699402,52,57.49019447480789
0.5,0.7,0.25,0.25,0.15,0.15,0.1,99,5588.232004165649,54411.76799583435,48,56.44678792086515
0.55,0.8,0.35,0.25,0.15,0.15,0.2,99,5579.042860031128,54420.95713996887,52,56.353968283142706
0.45,0.7,0.25,0.25,0.15,0.15,0.3,99,5552.440677642822,54447.55932235718,48,56.08525937012952
0.5,0.8,0.25,0.35,0.2,0.1,0.1,99,5537.022871017456,54462.977128982544,49,55.92952394967127
0.4,0.8,0.25,0.45,0.1,0.05,0.2,99,5432.04430770874,54567.95569229126,60,54.86913442130041
0.55,0.8,0.25,0.45,0.2,0.1,0.1,99,5427.515378952026,54572.48462104797,48,54.823387666182086
0.5,0.6,0.25,0.35,0.1,0.15,0.2,99,5283.080397605896,54716.919602394104,43,53.36444846066561
0.55,0.8,0.45,0.35,0.15,0.05,0.3,99,5195.763109207153,54804.23689079285,52,52.48245564855711
0.5,0.6,0.35,0.35,0.15,0.05,0.3,99,5184.008881568909,54815.99111843109,40,52.363726076453624
0.55,0.7,0.35,0.45,0.15,0.05,0.2,99,5172.428332328796,54827.5716676712,44,52.246750831604004
0.5,0.6,0.35,0.25,0.1,0.1,0.2,99,4940.743235588074,55059.256764411926,44,49.90649732917246
0.55,0.6,0.45,0.35,0.1,0.05,0.3,99,4443.94900226593,55556.05099773407,39,44.88837376026192
0.5,0.6,0.25,0.45,0.15,0.1,0.3,98,5778.179892539978,54221.82010746002,39,58.96101931163243
0.55,0.6,0.25,0.45,0.15,0.15,0.3,98,5778.179892539978,54221.82010746002,39,58.96101931163243
0.45,0.6,0.25,0.25,0.2,0.1,0.3,98,5714.395293235779,54285.60470676422,41,58.31015605342631
0.5,0.7,0.25,0.25,0.2,0.15,0.2,98,5539.503891944885,54460.496108055115,45,56.52554991780495
0.4,0.7,0.25,0.25,0.1,0.1,0.2,98,5532.719932556152,54467.28006744385,49,56.45632584240972
0.45,0.7,0.25,0.25,0.1,0.15,0.2,98,5532.719932556152,54467.28006744385,49,56.45632584240972
0.4,0.7,0.25,0.25,0.15,0.1,0.3,98,5517.570663452148,54482.42933654785,48,56.301741463797434
0.5,0.8,0.35,0.45,0.15,0.05,0.3,98,5396.165386199951,54603.83461380005,50,55.062912104081136
0.55,0.8,0.35,0.35,0.2,0.05,0.1,98,5291.9360818862915,54708.06391811371,47,53.999347774349914
0.55,0.7,0.35,0.25,0.15,0.15,0.3,98,5268.661757469177,54731.33824253082,45,53.76185466805283
0.55,0.8,0.35,0.25,0.1,0.15,0.1,98,5086.16760635376,54913.83239364624,55,51.899669452589386
0.55,0.6,0.35,0.45,0.1,0.1,0.3,98,4950.107859611511,55049.89214038849,39,50.51130468991338
0.55,0.6,0.35,0.45,0.1,0.05,0.1,98,4778.67115688324,55221.32884311676,42,48.76195058044122
0.4,0.6,0.25,0.25,0.2,0.05,0.3,97,5584.991438865662,54415.00856113434,41,57.57723132851198
0.45,0.6,0.25,0.35,0.2,0.05,0.3,97,5570.092402458191,54429.90759754181,40,57.4236330150329
0.45,0.7,0.25,0.25,0.15,0.1,0.1,97,5530.70965385437,54469.29034614563,48,57.01762529746773
0.45,0.7,0.25,0.35,0.15,0.05,0.1,97,5530.70965385437,54469.29034614563,48,57.01762529746773
0.45,0.8,0.25,0.25,0.15,0.15,0.2,97,5522.577196121216,54477.422803878784,53,56.93378552702284
0.45,0.8,0.25,0.25,0.2,0.15,0.3,97,5517.102814674377,54482.89718532562,50,56.877348604890486
0.5,0.8,0.35,0.25,0.2,0.1,0.3,97,5427.601449012756,54572.398550987244,47,55.95465411353357
0.55,0.7,0.25,0.35,0.2,0.1,0.1,97,5407.635576248169,54592.36442375183,46,55.74882037369246
0.5,0.8,0.35,0.25,0.2,0.05,0.1,97,5392.859697341919,54607.14030265808,49,55.596491725174424
0.55,0.6,0.25,0.45,0.15,0.1,0.1,97,5335.850430488586,54664.14956951141,41,55.0087673246246
0.5,0.8,0.25,0.35,0.1,0.15,0.1,97,5266.141558647156,54733.858441352844,57,54.290119161310884
0.45,0.6,0.25,0.35,0.1,0.1,0.2,97,5244.463356018066,54755.53664398193,43,54.06663253626873
0.55,0.8,0.35,0.45,0.1,0.1,0.2,97,5137.859050750732,54862.14094924927,51,52.96761907990446
0.55,0.7,0.45,0.35,0.1,0.05,0.3,97,4946.489505767822,55053.51049423218,45,50.99473717286415
0.55,0.8,0.45,0.35,0.1,0.05,0.2,97,4722.888473510742,55277.11152648926,52,48.689571891863324
0.55,0.8,0.45,0.25,0.1,0.1,0.3,97,4492.815856933594,55507.184143066406,60,46.31768924673808
0.4,0.8,0.25,0.25,0.2,0.1,0.3,96,5531.94331073761,54468.05668926239,52,57.624409486850105
0.4,0.8,0.25,0.25,0.15,0.1,0.2,96,5506.88152217865,54493.11847782135,53,57.36334918936094
0.4,0.7,0.25,0.25,0.15,0.05,0.1,96,5495.839639663696,54504.160360336304,48,57.24832957983017
0.5,0.8,0.35,0.25,0.15,0.1,0.2,96,5485.832277297974,54514.16772270203,52,57.14408622185389
0.45,0.7,0.25,0.25,0.2,0.1,0.2,96,5479.782883644104,54520.217116355896,45,57.08107170462608
0.45,0.8,0.25,0.35,0.2,0.05,0.1,96,5445.732446670532,54554.26755332947,49,56.726379652818046
0.55,0.7,0.25,0.35,0.2,0.15,0.2,96,5403.338974952698,54596.6610250473,43,56.2847809890906
0.4,0.6,0.25,0.35,0.1,0.05,0.2,96,5389.83211517334,54610.16788482666,44,56.144084533055626
0.5,0.7,0.25,0.35,0.2,0.05,0.1,96,5384.5059604644775,54615.49403953552,46,56.08860375483831
0.55,0.7,0.35,0.25,0.15,0.1,0.1,96,5366.225312232971,54633.77468776703,46,55.89818033576012
0.55,0.8,0.45,0.25,0.2,0.05,0.3,96,5280.997618675232,54719.00238132477,46,55.01039186120033
0.5,0.8,0.25,0.45,0.2,0.05,0.1,96,5266.248235702515,54733.751764297485,48,54.85675245523453
0.45,0.8,0.25,0.35,0.1,0.1,0.1,96,5244.913521766663,54755.08647823334,57,54.63451585173607
0.5,0.6,0.25,0.45,0.15,0.05,0.1,96,5195.967129707336,54804.03287029266,41,54.12465760111809
0.5,0.8,0.35,0.25,0.1,0.1,0.1,96,5003.229057312012,54996.77094268799,55,52.11696934700012
0.5,0.8,0.45,0.25,0.1,0.05,0.3,96,4456.070938110352,55543.92906188965,60,46.41740560531616
0.45,0.8,0.35,0.25,0.15,0.05,0.2,95,5424.734754562378,54575.26524543762,52,57.10247110065661
0.4,0.7,0.25,0.35,0.15,0.05,0.3,95,5408.869316101074,54591.130683898926,46,56.93546648527447
0.45,0.7,0.25,0.35,0.15,0.1,0.3,95,5408.869316101074,54591.130683898926,46,56.93546648527447
0.5,0.7,0.25,0.35,0.15,0.15,0.3,95,5408.869316101074,54591.130683898926,46,56.93546648527447
0.45,0.8,0.25,0.35,0.1,0.15,0.3,95,5260.482015609741,54739.51798439026,56,55.37349490115517
0.55,0.7,0.35,0.25,0.2,0.1,0.2,95,5235.22181224823,54764.77818775177,42,55.10759802366558
0.55,0.6,0.35,0.25,0.2,0.1,0.3,95,5213.468314170837,54786.53168582916,38,54.87861383337724
0.5,0.8,0.35,0.45,0.1,0.05,0.2,95,5102.479574203491,54897.52042579651,53,53.71031130740517
0.45,0.8,0.35,0.25,0.1,0.05,0.1,95,4981.0747356414795,55018.92526435852,55,52.43236563833136
0.5,0.6,0.35,0.45,0.1,0.05,0.3,95,4841.228049278259,55158.77195072174,39,50.960295255560624
0.45,0.6,0.35,0.25,0.1,0.05,0.2,95,4838.724689483643,55161.27531051636,44,50.93394409982782
0.55,0.6,0.35,0.35,0.15,0.05,0.1,95,4835.742154121399,55164.2578458786,42,50.90254899075157
0.55,0.6,0.45,0.25,0.15,0.05,0.3,95,4712.932412147522,55287.06758785248,39,49.609814864710756
0.55,0.8,0.25,0.45,0.2,0.15,0.3,94,5441.469438552856,54558.53056144714,46,57.887972750562305
0.4,0.7,0.25,0.25,0.2,0.05,0.2,94,5420.102551460266,54579.897448539734,45,57.66066544106666
0.5,0.8,0.25,0.35,0.2,0.15,0.3,94,5392.614210128784,54607.385789871216,48,57.36823627796579
0.5,0.8,0.25,0.35,0.15,0.15,0.2,94,5385.711266517639,54614.28873348236,49,57.29480070763446
0.55,0.8,0.35,0.35,0.2,0.1,0.3,94,5368.587881088257,54631.41211891174,45,57.1126370328538
0.5,0.6,0.25,0.25,0.15,0.15,0.2,94,5362.22740650177,54637.77259349823,41,57.0449724095933
0.5,0.7,0.25,0.35,0.2,0.1,0.2,94,5342.964486122131,54657.03551387787,43,56.840047724703524
0.55,0.7,0.25,0.45,0.2,0.1,0.2,94,5342.209977149963,54657.79002285004,43,56.83202103351025
0.5,0.7,0.35,0.25,0.15,0.05,0.1,94,5314.9416790008545,54685.058320999146,46,56.54193275532824
0.55,0.7,0.25,0.25,0.2,0.15,0.1,94,5199.601799964905,54800.398200035095,44,55.31491276558409
0.5,0.7,0.35,0.25,0.15,0.1,0.3,94,5166.643211364746,54833.356788635254,45,54.96428948260368
0.4,0.8,0.25,0.35,0.1,0.05,0.1,94,5152.793976783752,54847.20602321625,57,54.81695719982715
0.4,0.8,0.25,0.35,0.1,0.1,0.3,94,5119.994222640991,54880.00577735901,57,54.46802364511693
0.55,0.7,0.35,0.45,0.1,0.05,0.1,94,4671.473693847656,55328.526306152344,43,49.69652865795379
0.45,0.8,0.25,0.35,0.2,0.1,0.3,93,5377.126784324646,54622.873215675354,48,57.81856757338329
0.55,0.8,0.25,0.45,0.15,0.15,0.2,93,5366.691563606262,54633.30843639374,48,57.70636089899207
0.5,0.7,0.25,0.45,0.2,0.05,0.2,93,5319.080361366272,54680.91963863373,43,57.19441248780937
0.45,0.6,0.25,0.45,0.15,0.05,0.3,93,5313.535315513611,54686.46468448639,39,57.13478833885603
0.5,0.7,0.35,0.25,0.2,0.05,0.2,93,5281.037598609924,54718.962401390076,43,56.78535052268736
0.55,0.7,0.35,0.35,0.2,0.05,0.2,93,5247.803719520569,54752.19628047943,42,56.42799698409214
0.5,0.7,0.25,0.25,0.2,0.1,0.1,93,5230.780290603638,54769.21970939636,45,56.24494936132944
0.55,0.7,0.35,0.25,0.1,0.15,0.2,93,4976.158309936523,55023.84169006348,46,53.507078601467995
0.5,0.6,0.35,0.35,0.1,0.05,0.2,93,4634.551856994629,55365.44814300537,41,49.83389093542612
0.55,0.6,0.25,0.45,0.2,0.1,0.3,92,5495.966362953186,54504.033637046814,36,59.738764814708546
0.45,0.8,0.35,0.25,0.2,0.05,0.3,92,5293.638875961304,54706.361124038696,47,57.539552999579385
0.55,0.8,0.35,0.35,0.15,0.1,0.2,92,5218.765358924866,54781.234641075134,49,56.725710423096366
0.55,0.6,0.35,0.35,0.2,0.05,0.3,92,5151.695399284363,54848.30460071564,37,55.996689122656115
0.5,0.6,0.35,0.25,0.2,0.05,0.3,92,5134.939482688904,54865.060517311096,38,55.81455959444461
0.45,0.7,0.35,0.25,0.15,0.05,0.3,92,5107.889072418213,54892.11092758179,45,55.52053339585014
0.45,0.7,0.35,0.25,0.1,0.05,0.2,92,4954.432167053223,55045.56783294678,46,53.852523554926336
0.5,0.7,0.35,0.25,0.1,0.1,0.2,92,4954.432167053223,55045.56783294678,46,53.852523554926336
0.55,0.8,0.35,0.35,0.1,0.15,0.3,92,4948.461923599243,55051.53807640076,50,53.7876296043396
0.55,0.7,0.45,0.25,0.15,0.05,0.3,92,4913.57169342041,55086.42830657959,43,53.40838797196098
0.45,0.6,0.25,0.25,0.1,0.15,0.3,92,4911.987093925476,55088.012906074524,41,53.39116406440735
0.55,0.7,0.35,0.45,0.1,0.1,0.3,92,4859.069164276123,55140.93083572388,42,52.81596917691438
0.55,0.6,0.35,0.35,0.1,0.1,0.2,92,4582.5761795043945,55417.423820495605,40,49.8106106467869
0.5,0.6,0.25,0.45,0.2,0.05,0.3,91,5435.987565040588,54564.01243495941,36,59.73612708835812
0.5,0.8,0.25,0.45,0.2,0.1,0.3,91,5305.6788854599,54694.3211145401,46,58.304163576482416
0.4,0.8,0.25,0.35,0.2,0.05,0.3,91,5305.6423444747925,54694.35765552521,48,58.303762027195525
0.4,0.8,0.25,0.35,0.15,0.05,0.2,91,5280.0129289627075,54719.98707103729,49,58.02212009849129
0.45,0.8,0.25,0.35,0.15,0.1,0.2,91,5280.0129289627075,54719.98707103729,49,58.02212009849129
0.5,0.8,0.35,0.35,0.2,0.05,0.3,91,5270.158716201782,54729.84128379822,45,57.91383204617343
0.45,0.6,0.25,0.25,0.15,0.1,0.2,91,5239.240200996399,54760.7597990036,41,57.57406814281757
0.45,0.7,0.25,0.35,0.2,0.05,0.2,91,5219.222771644592,54780.77722835541,43,57.35409639169882
0.5,0.8,0.35,0.35,0.15,0.05,0.2,91,5197.039216041565,54802.960783958435,49,57.11032105540181
0.45,0.7,0.25,0.25,0.2,0.05,0.1,91,5173.257940292358,54826.74205970764,45,56.848988354861085
0.55,0.6,0.35,0.45,0.15,0.05,0.3,91,4996.79061794281,55003.20938205719,37,54.90978701036055
0.4,0.6,0.25,0.25,0.1,0.1,0.3,91,4947.687167167664,55052.31283283234,42,54.3701886501941
0.55,0.8,0.45,0.25,0.15,0.05,0.2,91,4920.212333679199,55079.7876663208,48,54.06826740306812
0.5,0.7,0.35,0.45,0.1,0.05,0.3,91,4823.2729568481445,55176.727043151855,42,53.00299952580379
0.55,0.8,0.35,0.35,0.1,0.1,0.1,91,4746.25519657135,55253.74480342865,52,52.15665051177308
0.5,0.8,0.25,0.45,0.15,0.1,0.2,90,5255.453707695007,54744.54629230499,48,58.39393008550008
0.45,0.8,0.25,0.25,0.15,0.15,0.3,90,5192.286504745483,54807.71349525452,52,57.692072274949815
0.4,0.8,0.25,0.25,0.15,0.05,0.1,90,5188.691360473633,54811.30863952637,48,57.65212622748481
0.45,0.8,0.25,0.25,0.15,0.1,0.1,90,5188.691360473633,54811.30863952637,48,57.65212622748481
0.5,0.8,0.25,0.25,0.15,0.15,0.1,90,5188.691360473633,54811.30863952637,48,57.65212622748481
0.55,0.8,0.35,0.45,0.2,0.05,0.3,90,5179.696142196655,54820.303857803345,46,57.55217935774061
0.55,0.6,0.25,0.35,0.15,0.15,0.2,90,5138.673424720764,54861.326575279236,38,57.09637138578627
0.5,0.7,0.25,0.35,0.1,0.15,0.2,90,5121.802021026611,54878.19797897339,44,56.908911344740126
0.55,0.7,0.35,0.25,0.2,0.05,0.1,90,5018.438675880432,54981.56132411957,43,55.7604297320048
0.55,0.6,0.25,0.45,0.2,0.05,0.1,90,4999.6532373428345,55000.346762657166,39,55.551702637142604
0.55,0.6,0.35,0.25,0.15,0.1,0.2,90,4953.659041404724,55046.340958595276,38,55.04065601560804
0.55,0.7,0.25,0.45,0.15,0.1,0.1,90,4952.8337116241455,55047.166288375854,42,55.03148568471273
0.55,0.7,0.35,0.35,0.15,0.05,0.1,90,4848.189035415649,55151.81096458435,43,53.86876706017388
0.5,0.8,0.35,0.35,0.1,0.05,0.1,90,4711.385182380676,55288.614817619324,52,52.34872424867418
0.45,0.8,0.25,0.45,0.2,0.05,0.3,89,5246.256236076355,54753.743763923645,46,58.9466992817568
0.45,0.8,0.25,0.45,0.15,0.05,0.2,89,5233.7275648117065,54766.27243518829,48,58.80592769451356
0.4,0.6,0.25,0.25,0.15,0.05,0.2,89,5191.457913398743,54808.54208660126,41,58.330987790997106
0.55,0.7,0.25,0.45,0.15,0.15,0.3,89,5182.895422935486,54817.104577064514,40,58.23478003298299
0.5,0.7,0.25,0.25,0.2,0.15,0.3,89,5176.633881568909,54823.36611843109,41,58.16442563560572
0.4,0.8,0.25,0.25,0.15,0.1,0.3,89,5176.5908308029175,54823.40916919708,52,58.163941919133904
0.55,0.7,0.35,0.35,0.15,0.1,0.3,89,5006.36861038208,54993.63138961792,42,56.25133270092225
0.55,0.6,0.25,0.25,0.2,0.15,0.2,89,4992.007887840271,55007.99211215973,37,56.08997626786822
0.45,0.8,0.35,0.35,0.1,0.05,0.3,89,4874.003084182739,55125.99691581726,52,54.76407959755887
0.5,0.8,0.35,0.35,0.1,0.1,0.3,89,4874.003084182739,55125.99691581726,52,54.76407959755887
0.4,0.7,0.25,0.35,0.1,0.05,0.2,88,5032.718395233154,54967.281604766846,44,57.18998176401312
0.45,0.7,0.25,0.35,0.1,0.1,0.2,88,5032.718395233154,54967.281604766846,44,57.18998176401312
0.5,0.6,0.25,0.25,0.2,0.1,0.2,88,5004.775692939758,54995.22430706024,38,56.87245105613362
0.55,0.8,0.25,0.35,0.15,0.15,0.1,88,4985.875980377197,55014.1240196228,48,56.65768159519542
0.5,0.8,0.25,0.45,0.1,0.15,0.3,88,4955.645046234131,55044.35495376587,49,56.31414825266058
0.5,0.7,0.25,0.45,0.15,0.05,0.1,88,4863.614580154419,55136.38541984558,42,55.26834750175476
0.4,0.7,0.25,0.25,0.1,0.1,0.3,88,4834.876007080078,55165.12399291992,44,54.941772807728164
0.45,0.7,0.25,0.25,0.1,0.15,0.3,88,4834.876007080078,55165.12399291992,44,54.941772807728164
0.55,0.8,0.35,0.45,0.15,0.05,0.2,88,4755.123238563538,55244.87676143646,48,54.03549134731293
0.55,0.8,0.45,0.25,0.1,0.05,0.1,88,4077.4558429718018,55922.5441570282,52,46.33472548831593
0.45,0.6,0.25,0.35,0.15,0.05,0.2,87,5161.323037147522,54838.67696285248,39,59.325552151120945
0.5,0.8,0.25,0.25,0.2,0.15,0.2,87,5109.438501358032,54890.56149864197,45,58.7291781765291
0.55,0.8,0.25,0.35,0.2,0.15,0.2,87,5043.202359199524,54956.797640800476,43,57.96784320918993
0.55,0.8,0.35,0.25,0.2,0.1,0.2,87,5042.4163637161255,54957.583636283875,44,57.95880877834627
0.5,0.6,0.25,0.35,0.15,0.1,0.2,87,5004.155510902405,54995.844489097595,38,57.51902886094718
0.55,0.7,0.35,0.25,0.2,0.1,0.3,87,4993.318209648132,55006.68179035187,39,57.39446217986359
0.5,0.7,0.35,0.35,0.15,0.05,0.3,87,4928.2708740234375,55071.72912597656,42,56.64679165544181
0.55,0.8,0.35,0.25,0.15,0.1,0.1,87,4904.987529754639,55095.01247024536,46,56.37916700867401
0.55,0.6,0.45,0.25,0.1,0.05,0.2,87,3738.5346822738647,56261.465317726135,38,42.971663014642125
0.45,0.7,0.25,0.35,0.2,0.05,0.3,86,5117.019433021545,54882.980566978455,41,59.50022596536681
0.5,0.7,0.25,0.35,0.2,0.1,0.3,86,5117.019433021545,54882.980566978455,41,59.50022596536681
0.45,0.7,0.25,0.25,0.2,0.1,0.3,86,5093.028748512268,54906.97125148773,41,59.221264517584515
0.5,0.7,0.25,0.45,0.15,0.1,0.3,86,5071.6329917907715,54928.36700820923,40,58.9724766487299
0.55,0.7,0.25,0.35,0.2,0.15,0.3,86,5054.504719734192,54945.49528026581,40,58.77331069458363
0.5,0.7,0.35,0.25,0.2,0.05,0.3,86,5037.37132358551,54962.62867641449,40,58.57408515797105
0.55,0.8,0.35,0.35,0.2,0.05,0.2,86,4994.100178718567,55005.89982128143,43,58.07093231068101
0.55,0.8,0.35,0.25,0.15,0.15,0.3,86,4949.698383331299,55050.3016166687,46,57.55463236431743
0.5,0.8,0.25,0.35,0.15,0.1,0.1,86,4928.851644515991,55071.14835548401,48,57.31222842460455
0.45,0.8,0.25,0.45,0.1,0.1,0.3,86,4862.250823974609,55137.74917602539,49,56.537800278774526
0.45,0.8,0.25,0.25,0.1,0.15,0.2,86,4846.397592544556,55153.602407455444,52,56.35346037842507
0.55,0.8,0.25,0.45,0.1,0.15,0.1,86,4814.275347709656,55185.724652290344,49,55.97994590360065
0.4,0.6,0.25,0.25,0.1,0.05,0.1,86,4801.411169052124,55198.588830947876,42,55.830362430838655
0.55,0.6,0.35,0.25,0.2,0.05,0.2,86,4716.6530294418335,55283.34697055817,36,54.8448026679283
0.55,0.7,0.25,0.45,0.2,0.05,0.1,86,4715.339593887329,55284.66040611267,40,54.82953016148057
0.55,0.6,0.25,0.45,0.1,0.15,0.2,86,4663.824095726013,55336.17590427399,36,54.230512741000155
0.55,0.8,0.35,0.45,0.1,0.1,0.3,86,4625.674556732178,55374.32544326782,46,53.78691345037416
0.5,0.6,0.25,0.25,0.1,0.15,0.1,86,4418.27937412262,55581.72062587738,40,51.37534155956534
0.4,0.7,0.25,0.25,0.2,0.05,0.3,85,5058.158734321594,54941.841265678406,41,59.507749815548166
0.4,0.8,0.25,0.25,0.2,0.05,0.2,85,5052.842344284058,54947.15765571594,45,59.445204050400676
0.45,0.8,0.25,0.25,0.2,0.1,0.2,85,5052.842344284058,54947.15765571594,45,59.445204050400676
0.45,0.7,0.25,0.45,0.15,0.05,0.3,85,5013.108783721924,54986.891216278076,40,58.97775039672852
0.5,0.8,0.25,0.35,0.2,0.1,0.2,85,4991.100507736206,55008.899492263794,43,58.718829502778895
0.55,0.6,0.25,0.35,0.2,0.1,0.2,85,4968.7386293411255,55031.261370658875,37,58.45574858048383
0.45,0.6,0.25,0.25,0.2,0.05,0.2,85,4881.788487434387,55118.21151256561,38,57.432805734522205
0.55,0.8,0.25,0.25,0.2,0.15,0.1,85,4853.746217727661,55146.25378227234,45,57.102896679148955
0.4,0.8,0.25,0.25,0.1,0.1,0.2,85,4830.70191860199,55169.29808139801,52,56.831787277670465
0.45,0.8,0.25,0.35,0.15,0.05,0.1,85,4794.296407699585,55205.703592300415,48,56.403487149406885
0.5,0.6,0.35,0.25,0.15,0.05,0.2,85,4766.05862903595,55233.94137096405,38,56.07127798865823
0.5,0.8,0.35,0.25,0.15,0.05,0.1,85,4652.588565826416,55347.411434173584,46,54.73633606854607
0.55,0.6,0.25,0.25,0.15,0.15,0.1,85,4588.755204200745,55411.244795799255,39,53.985355343538174
0.45,0.6,0.25,0.25,0.1,0.1,0.1,85,4568.09690284729,55431.90309715271,41,53.742316504085764
0.55,0.7,0.35,0.35,0.1,0.1,0.2,85,4264.506191253662,55735.49380874634,41,50.1706610735725
0.55,0.7,0.45,0.25,0.1,0.05,0.2,85,4139.415313720703,55860.5846862793,42,48.6990036908318
0.4,0.7,0.25,0.25,0.15,0.05,0.2,84,5106.525785446167,54893.47421455383,42,60.79197363626389
0.45,0.7,0.25,0.25,0.15,0.1,0.2,84,5106.525785446167,54893.47421455383,42,60.79197363626389
0.5,0.7,0.25,0.25,0.15,0.15,0.2,84,5106.525785446167,54893.47421455383,42,60.79197363626389
0.5,0.8,0.25,0.45,0.2,0.05,0.2,84,4979.469408035278,55020.53059196472,44,59.279397714705695
0.55,0.8,0.25,0.45,0.2,0.1,0.2,84,4954.168092727661,55045.83190727234,43,58.978191580091206
0.5,0.8,0.35,0.25,0.15,0.1,0.3,84,4821.1161460876465,55178.88385391235,47,57.39423983437674
0.55,0.7,0.35,0.45,0.15,0.05,0.3,84,4761.5810079574585,55238.41899204254,38,56.685488189969746
0.4,0.8,0.25,0.45,0.1,0.05,0.3,84,4752.646900177002,55247.353099823,49,56.57912976401193
0.55,0.8,0.25,0.35,0.2,0.1,0.1,84,4748.625915527344,55251.374084472656,46,56.53126089913504
0.4,0.7,0.25,0.25,0.1,0.05,0.1,84,4744.815011978149,55255.18498802185,42,56.485892999739875
0.45,0.7,0.25,0.25,0.1,0.1,0.1,84,4744.815011978149,55255.18498802185,42,56.485892999739875
0.5,0.7,0.25,0.25,0.1,0.15,0.1,84,4744.815011978149,55255.18498802185,42,56.485892999739875
0.5,0.6,0.25,0.45,0.1,0.1,0.2,84,4602.695097923279,55397.30490207672,36,54.79398926099142
0.5,0.6,0.25,0.25,0.15,0.1,0.1,84,4565.625588417053,55434.37441158295,39,54.35268557639349
0.5,0.6,0.35,0.25,0.1,0.1,0.3,84,4313.451945304871,55686.54805469513,37,51.35061839648655
0.55,0.6,0.35,0.25,0.1,0.15,0.3,84,4096.043354988098,55903.9566450119,36,48.762420892715454
0.55,0.7,0.25,0.45,0.2,0.1,0.3,83,5030.457463264465,54969.542536735535,39,60.607921244150184
0.45,0.8,0.25,0.35,0.2,0.05,0.2,83,4934.504350662231,55065.49564933777,43,59.45185964653291
0.5,0.8,0.35,0.25,0.2,0.05,0.2,83,4933.718355178833,55066.28164482117,44,59.442389821431725
0.5,0.6,0.25,0.35,0.2,0.05,0.2,83,4892.744923591614,55107.255076408386,37,58.94873401917607
0.55,0.7,0.35,0.35,0.2,0.05,0.3,83,4783.021058082581,55216.97894191742,39,57.626759735934705
0.45,0.8,0.25,0.25,0.2,0.05,0.1,83,4781.858573913574,55218.141426086426,45,57.61275390257318
0.5,0.8,0.25,0.25,0.2,0.1,0.1,83,4781.858573913574,55218.141426086426,45,57.61275390257318
0.45,0.8,0.35,0.25,0.15,0.05,0.3,83,4773.407890319824,55226.592109680176,47,57.510938437588244
0.45,0.6,0.25,0.45,0.1,0.05,0.2,83,4587.207672119141,55412.79232788086,36,55.26756231468844
0.5,0.8,0.25,0.45,0.1,0.1,0.1,83,4578.032557487488,55421.96744251251,49,55.157018764909495
0.5,0.8,0.35,0.45,0.1,0.05,0.3,83,4509.0996017456055,55490.900398254395,46,54.32650122585067
0.45,0.6,0.35,0.25,0.1,0.05,0.3,83,4347.095272064209,55652.90472793579,38,52.3746418320989
0.5,0.7,0.35,0.35,0.1,0.05,0.2,83,4188.566436767578,55811.43356323242,41,50.464655864669616
0.55,0.7,0.25,0.35,0.15,0.15,0.2,82,5017.664697647095,54982.335302352905,40,61.191032898135305
0.5,0.7,0.25,0.45,0.2,0.05,0.3,82,4994.661255836487,55005.33874416351,39,60.910503119957156
0.55,0.7,0.35,0.25,0.15,0.1,0.2,82,4739.050911903381,55260.94908809662,39,57.79330380369977
0.5,0.8,0.25,0.35,0.2,0.05,0.1,82,4691.601579666138,55308.39842033386,46,57.214653410562654
0.45,0.8,0.25,0.45,0.1,0.05,0.1,82,4543.162543296814,55456.837456703186,49,55.404421259717246
0.55,0.8,0.45,0.25,0.15,0.05,0.3,82,4509.592185974121,55490.40781402588,45,54.995026658220986
0.5,0.6,0.25,0.35,0.1,0.15,0.3,82,4385.899466514587,55614.10053348541,36,53.48657885993399
0.55,0.6,0.35,0.35,0.15,0.05,0.2,82,4162.37841129303,55837.62158870697,35,50.76071233284183
0.55,0.8,0.45,0.35,0.1,0.05,0.3,82,4067.1667346954346,55932.833265304565,47,49.59959432555408
0.5,0.7,0.25,0.35,0.15,0.1,0.2,81,4995.938554763794,55004.061445236206,40,61.67825376251597
0.45,0.8,0.25,0.35,0.15,0.1,0.3,81,4819.538830757141,55180.46116924286,46,59.50047939206347
0.5,0.8,0.25,0.35,0.15,0.15,0.3,81,4819.538830757141,55180.46116924286,46,59.50047939206347
0.55,0.8,0.35,0.25,0.2,0.05,0.1,81,4558.377593994141,55441.62240600586,44,56.27626659252025
0.55,0.8,0.35,0.35,0.15,0.1,0.3,81,4520.35147190094,55479.64852809906,45,55.80680829507333
0.45,0.6,0.25,0.25,0.15,0.05,0.1,81,4479.755662918091,55520.24433708191,39,55.305625468124575
0.55,0.8,0.35,0.45,0.1,0.05,0.1,81,4394.3751401901245,55605.624859809875,47,54.25154494061882
0.55,0.8,0.35,0.35,0.15,0.05,0.1,81,4289.853368759155,55710.146631240845,45,52.96115270073031
0.45,0.7,0.25,0.35,0.15,0.05,0.2,80,4961.06854057312,55038.93145942688,40,62.013356757164004
0.4,0.8,0.25,0.35,0.15,0.05,0.3,80,4794.650061607361,55205.34993839264,46,59.93312577009201
0.5,0.7,0.35,0.25,0.15,0.05,0.2,80,4748.643285751343,55251.35671424866,40,59.35804107189178
0.55,0.7,0.25,0.25,0.2,0.15,0.2,80,4735.577034950256,55264.422965049744,38,59.194712936878204
0.55,0.6,0.25,0.45,0.15,0.1,0.2,80,4460.123558998108,55539.87644100189,33,55.75154448747635
0.5,0.8,0.35,0.25,0.1,0.1,0.2,80,4349.66547203064,55650.33452796936,47,54.370818400382994
0.55,0.8,0.35,0.25,0.1,0.15,0.2,80,4349.66547203064,55650.33452796936,47,54.370818400382994
0.55,0.6,0.35,0.45,0.1,0.05,0.2,80,4241.344187736511,55758.65581226349,33,53.01680234670639
0.5,0.8,0.25,0.25,0.2,0.15,0.3,79,4830.528230667114,55169.471769332886,42,61.1459269704698
0.45,0.6,0.25,0.25,0.15,0.1,0.3,79,4562.974953651428,55437.02504634857,36,57.75917662849909
0.55,0.7,0.25,0.45,0.1,0.15,0.2,79,4427.60604095459,55572.39395904541,36,56.04564608803278
0.4,0.6,0.25,0.35,0.1,0.05,0.3,79,4310.731708526611,55689.26829147339,36,54.5662241585647
0.45,0.6,0.25,0.35,0.1,0.1,0.3,79,4310.731708526611,55689.26829147339,36,54.5662241585647
0.55,0.6,0.25,0.25,0.2,0.1,0.1,79,4252.4989404678345,55747.501059532166,36,53.82910051225107
0.45,0.8,0.35,0.25,0.1,0.05,0.2,79,4213.871953964233,55786.12804603577,47,53.34015131600295
0.55,0.8,0.35,0.25,0.2,0.1,0.3,78,4619.192944526672,55380.80705547333,41,59.22042236572657
0.55,0.7,0.35,0.25,0.2,0.05,0.2,78,4618.528618812561,55381.47138118744,37,59.21190536939181
0.5,0.6,0.25,0.25,0.15,0.15,0.3,78,4542.532181739807,55457.46781826019,35,58.23759207358727
0.4,0.6,0.25,0.25,0.15,0.05,0.3,78,4542.002778053284,55457.997221946716,36,58.23080484683697
0.5,0.8,0.35,0.35,0.15,0.05,0.3,78,4427.140889167786,55572.859110832214,45,56.75821652779212
0.5,0.6,0.25,0.45,0.15,0.05,0.2,78,4398.9945611953735,55601.00543880463,33,56.397366169171455
0.45,0.7,0.25,0.25,0.15,0.05,0.1,78,4387.363298416138,55612.63670158386,39,56.24824741559151
0.5,0.7,0.25,0.25,0.15,0.1,0.1,78,4387.363298416138,55612.63670158386,39,56.24824741559151
0.55,0.7,0.25,0.25,0.15,0.15,0.1,78,4387.363298416138,55612.63670158386,39,56.24824741559151
0.5,0.6,0.25,0.25,0.2,0.05,0.1,78,4229.369324684143,55770.63067531586,36,54.22268364979671
0.55,0.6,0.25,0.35,0.1,0.15,0.1,78,4129.698682785034,55870.301317214966,34,52.944854907500435
0.55,0.6,0.35,0.25,0.1,0.1,0.1,78,3874.533791542053,56125.46620845795,36,49.673510147975044
0.45,0.8,0.25,0.25,0.2,0.1,0.3,77,4676.070077896118,55323.92992210388,42,60.728182829819715
0.55,0.8,0.25,0.35,0.2,0.15,0.3,77,4594.723603248596,55405.276396751404,41,59.671735107124626
0.55,0.8,0.25,0.45,0.15,0.1,0.1,77,4433.987798690796,55566.012201309204,44,57.58425712585449
0.5,0.7,0.25,0.45,0.1,0.1,0.2,77,4331.831035614014,55668.168964385986,36,56.257545917065116
0.5,0.6,0.35,0.35,0.1,0.05,0.3,77,4234.313579559326,55765.686420440674,35,54.99108544882242
0.55,0.7,0.35,0.25,0.1,0.15,0.3,77,4118.262233734131,55881.73776626587,38,53.483925113430274
0.55,0.6,0.35,0.35,0.1,0.1,0.3,77,3964.080368041992,56035.91963195801,34,51.48156322132457
0.55,0.6,0.45,0.25,0.1,0.05,0.3,77,3661.0762128829956,56338.923787117004,33,47.54644432315579
0.55,0.7,0.25,0.35,0.2,0.1,0.2,76,4657.975534439087,55342.02446556091,37,61.289151768935355
0.5,0.8,0.25,0.25,0.15,0.15,0.2,76,4652.443635940552,55347.55636405945,42,61.216363630796735
0.45,0.7,0.25,0.25,0.2,0.05,0.2,76,4626.879026412964,55373.120973587036,38,60.87998718964426
0.5,0.7,0.25,0.25,0.2,0.1,0.2,76,4626.879026412964,55373.120973587036,38,60.87998718964426
0.55,0.8,0.25,0.45,0.15,0.15,0.3,76,4606.8228216171265,55393.17717838287,42,60.61608975812008
0.4,0.8,0.25,0.25,0.2,0.05,0.3,76,4606.462472915649,55393.53752708435,42,60.61134832783749
0.55,0.7,0.35,0.35,0.15,0.05,0.2,76,4390.671724319458,55609.32827568054,37,57.77199637262445
0.55,0.7,0.35,0.45,0.1,0.05,0.2,76,4111.811878204346,55888.188121795654,35,54.10278787110981
0.45,0.7,0.35,0.25,0.1,0.05,0.3,76,4081.647808074951,55918.35219192505,38,53.70589221151251
0.5,0.7,0.35,0.25,0.1,0.1,0.3,76,4081.647808074951,55918.35219192505,38,53.70589221151251
0.5,0.6,0.25,0.35,0.1,0.1,0.1,76,4034.560049057007,55965.43995094299,34,53.086316434960615
0.5,0.6,0.35,0.25,0.1,0.05,0.1,76,3804.151291847229,56195.84870815277,36,50.05462226114775
0.5,0.7,0.25,0.35,0.2,0.05,0.2,75,4636.249391555786,55363.750608444214,37,61.81665855407715
0.5,0.8,0.25,0.45,0.15,0.1,0.3,75,4552.724093437195,55447.275906562805,43,60.70298791249593
0.55,0.8,0.35,0.35,0.2,0.05,0.3,75,4399.070843696594,55600.929156303406,40,58.65427791595459
0.5,0.8,0.25,0.35,0.1,0.15,0.2,75,4351.065443992615,55648.934556007385,45,58.01420591990153
0.5,0.8,0.25,0.45,0.15,0.05,0.1,75,4256.542203903198,55743.4577960968,44,56.75389605204264
0.45,0.7,0.25,0.45,0.1,0.05,0.2,75,4251.580684661865,55748.419315338135,36,56.687742462158205
0.45,0.8,0.25,0.25,0.1,0.15,0.3,75,4234.818496704102,55765.1815032959,46,56.464246622721355
0.45,0.6,0.25,0.35,0.1,0.05,0.1,75,3969.2854137420654,56030.714586257935,35,52.923805516560876
0.55,0.8,0.45,0.25,0.1,0.05,0.2,75,3746.466245651245,56253.533754348755,44,49.95288327534993
0.45,0.8,0.25,0.45,0.15,0.05,0.3,74,4517.854079246521,55482.14592075348,43,61.05208215198002
0.5,0.8,0.35,0.25,0.2,0.05,0.3,74,4485.386152267456,55514.613847732544,41,60.61332638199265
0.45,0.8,0.25,0.25,0.15,0.1,0.2,74,4448.280794143677,55551.71920585632,42,60.111902623563196
0.5,0.7,0.25,0.25,0.2,0.05,0.1,74,4381.020578384399,55618.9794216156,37,59.20298078897837
0.55,0.7,0.25,0.25,0.2,0.1,0.1,74,4381.020578384399,55618.9794216156,37,59.20298078897837
0.55,0.6,0.25,0.35,0.15,0.15,0.3,74,4337.330147743225,55662.669852256775,32,58.61256956409763
0.55,0.6,0.25,0.25,0.2,0.15,0.3,74,4313.292502403259,55686.70749759674,31,58.287736518962966
0.45,0.8,0.25,0.35,0.1,0.1,0.2,74,4286.75187587738,55713.24812412262,45,57.92907940374838
0.4,0.7,0.25,0.35,0.1,0.05,0.3,74,4269.41215133667,55730.58784866333,37,57.69475880184689
0.45,0.7,0.25,0.35,0.1,0.1,0.3,74,4269.41215133667,55730.58784866333,37,57.69475880184689
0.4,0.8,0.25,0.25,0.1,0.1,0.3,74,4219.122822761536,55780.877177238464,46,57.01517328056129
0.55,0.6,0.35,0.25,0.15,0.1,0.3,74,3938.2644453048706,56061.73555469513,32,53.21978980141717
0.5,0.7,0.35,0.25,0.1,0.05,0.1,74,3814.5618839263916,56185.43811607361,37,51.54813356657286
0.55,0.7,0.35,0.25,0.1,0.1,0.1,74,3814.5618839263916,56185.43811607361,37,51.54813356657286
0.45,0.8,0.25,0.35,0.2,0.05,0.3,73,4486.025594711304,55513.974405288696,41,61.45240540700416
0.5,0.8,0.25,0.35,0.2,0.1,0.3,73,4486.025594711304,55513.974405288696,41,61.45240540700416
0.4,0.8,0.25,0.25,0.15,0.05,0.2,73,4400.5725383758545,55599.427461624146,42,60.28181559418979
0.4,0.8,0.25,0.35,0.1,0.05,0.2,73,4258.945899009705,55741.054100990295,45,58.341724643968554
0.55,0.8,0.25,0.45,0.2,0.05,0.1,73,4194.541349411011,55805.45865058899,41,57.45947053987686
0.55,0.7,0.25,0.35,0.1,0.15,0.1,73,4103.779333114624,55896.220666885376,36,56.21615524814553
0.5,0.7,0.25,0.35,0.1,0.15,0.3,73,4043.6278076171875,55956.37219238281,36,55.39216174818065
0.4,0.7,0.25,0.25,0.15,0.05,0.3,72,4370.671812057495,55629.328187942505,36,60.70377516746521
0.45,0.7,0.25,0.25,0.15,0.1,0.3,72,4370.671812057495,55629.328187942505,36,60.70377516746521
0.5,0.7,0.25,0.25,0.15,0.15,0.3,72,4370.671812057495,55629.328187942505,36,60.70377516746521
0.55,0.8,0.35,0.25,0.15,0.1,0.2,72,4247.184293746948,55752.81570625305,41,58.98867074648539
0.5,0.6,0.25,0.35,0.15,0.1,0.3,72,4240.057106971741,55759.94289302826,32,58.88968204127418
0.55,0.8,0.35,0.45,0.15,0.05,0.3,72,4137.910773277283,55862.08922672272,40,57.47098296218448
0.45,0.7,0.25,0.35,0.1,0.05,0.1,72,4068.90931892395,55931.09068107605,36,56.512629429499306
0.5,0.7,0.25,0.35,0.1,0.1,0.1,72,4068.90931892395,55931.09068107605,36,56.512629429499306
0.5,0.8,0.35,0.35,0.1,0.05,0.2,72,4034.3529119491577,55965.64708805084,43,56.03267933262719
0.55,0.8,0.35,0.35,0.1,0.1,0.2,72,4034.3529119491577,55965.64708805084,43,56.03267933262719
0.55,0.7,0.35,0.35,0.1,0.1,0.3,72,4022.5999908447266,55977.40000915527,35,55.86944431728787
0.5,0.6,0.35,0.25,0.15,0.05,0.3,72,3871.2287073135376,56128.77129268646,32,53.76706537935469
0.55,0.7,0.45,0.25,0.1,0.05,0.3,72,3681.43363571167,56318.56636428833,36,51.131022718217636
0.55,0.6,0.35,0.35,0.1,0.05,0.1,72,3617.214735031128,56382.78526496887,32,50.239093542099
0.55,0.6,0.35,0.25,0.15,0.05,0.1,72,3518.3240442276,56481.6759557724,33,48.86561172538333
0.55,0.8,0.25,0.45,0.2,0.1,0.3,71,4360.372488021851,55639.62751197815,39,61.41369701439226
0.5,0.8,0.35,0.25,0.15,0.05,0.2,71,4199.476037979126,55800.523962020874,41,59.147549830691915
0.5,0.8,0.25,0.25,0.1,0.15,0.1,71,4159.080369949341,55840.91963005066,44,58.57859675984987
0.45,0.6,0.25,0.25,0.2,0.05,0.3,71,4083.328194618225,55916.671805381775,32,57.51166471293275
0.55,0.7,0.25,0.45,0.15,0.1,0.2,71,4051.4105281829834,55948.58947181702,34,57.062120115253286
0.55,0.6,0.25,0.45,0.2,0.05,0.2,71,3926.5410776138306,56073.45892238617,30,55.30339545934972
0.55,0.6,0.25,0.35,0.15,0.1,0.1,71,3881.879343032837,56118.12065696716,32,54.67435694412446
0.55,0.6,0.25,0.45,0.1,0.15,0.3,71,3875.0608854293823,56124.93911457062,30,54.5783223299913
0.45,0.6,0.25,0.35,0.15,0.05,0.3,70,4180.376774787903,55819.6232252121,32,59.71966821125576
0.5,0.6,0.25,0.25,0.2,0.1,0.3,70,4062.885422706604,55937.114577293396,31,58.041220324380056
0.5,0.7,0.25,0.45,0.15,0.05,0.2,70,4015.614320755005,55984.385679244995,34,57.36591886792864
0.5,0.6,0.25,0.45,0.1,0.05,0.1,70,4009.218214035034,55990.781785964966,30,57.2745459147862
0.55,0.6,0.25,0.45,0.1,0.1,0.1,70,4009.218214035034,55990.781785964966,30,57.2745459147862
0.5,0.7,0.35,0.35,0.1,0.05,0.3,70,3912.996067047119,56087.00393295288,35,55.899943814958846
0.5,0.6,0.25,0.35,0.15,0.05,0.1,70,3845.264917373657,56154.73508262634,32,54.93235596248082
0.45,0.6,0.25,0.45,0.1,0.05,0.3,70,3789.4940299987793,56210.50597000122,31,54.135628999982565
0.5,0.8,0.25,0.45,0.2,0.05,0.3,69,4315.113624572754,55684.886375427246,39,62.53787861699643
0.55,0.7,0.25,0.45,0.2,0.05,0.2,69,4290.74538230896,55709.25461769104,33,62.1847156856371
0.55,0.8,0.25,0.35,0.15,0.15,0.2,69,4281.727109909058,55718.27289009094,40,62.054016085638516
0.55,0.8,0.25,0.25,0.2,0.15,0.2,69,4208.139768600464,55791.860231399536,38,60.987532878267594
0.5,0.6,0.25,0.45,0.1,0.1,0.3,69,3749.369502067566,56250.630497932434,30,54.338688435761824
0.5,0.8,0.25,0.25,0.2,0.1,0.2,68,4184.5133266448975,55815.4866733551,38,61.53696068595438
0.45,0.8,0.25,0.25,0.1,0.1,0.1,68,4003.692789077759,55996.30721092224,44,58.877835133496454
0.55,0.6,0.25,0.45,0.15,0.1,0.3,68,3997.2839784622192,56002.71602153778,29,58.78358791856205
0.55,0.7,0.35,0.25,0.15,0.1,0.3,68,3984.2152605056763,56015.784739494324,33,58.591400889789355
0.55,0.8,0.25,0.45,0.1,0.15,0.2,68,3970.1208391189575,56029.87916088104,38,58.384129987043494
0.5,0.7,0.25,0.45,0.1,0.1,0.3,68,3965.2919998168945,56034.708000183105,32,58.313117644366095
0.55,0.6,0.35,0.25,0.2,0.05,0.3,68,3743.762270927429,56256.23772907257,29,55.055327513638666
0.55,0.7,0.25,0.45,0.1,0.15,0.3,68,3717.083396911621,56282.91660308838,31,54.66299113105325
0.55,0.7,0.35,0.25,0.15,0.05,0.1,68,3620.05970954895,56379.94029045105,34,53.23617219924927
0.45,0.8,0.25,0.25,0.2,0.05,0.2,67,4114.905721664429,55885.09427833557,38,61.41650330842431
0.55,0.7,0.25,0.35,0.15,0.15,0.3,67,4055.285425186157,55944.71457481384,32,60.526648137106825
0.55,0.7,0.25,0.25,0.2,0.15,0.3,67,3964.8530473709106,56035.14695262909,32,59.176911154789714
0.5,0.6,0.25,0.45,0.15,0.05,0.3,67,3931.194462776184,56068.805537223816,29,58.674544220540064
0.55,0.6,0.35,0.35,0.15,0.05,0.3,67,3800.1948099136353,56199.805190086365,29,56.71932552109903
0.55,0.6,0.25,0.35,0.2,0.05,0.1,67,3769.7801609039307,56230.21983909607,30,56.26537553587956
0.55,0.7,0.25,0.35,0.15,0.1,0.1,67,3744.090169906616,56255.909830093384,33,55.88194283442711
0.55,0.6,0.35,0.45,0.1,0.05,0.3,67,3705.6874494552612,56294.31255054474,29,55.308767902317335
0.55,0.7,0.35,0.35,0.1,0.05,0.1,67,3622.2515239715576,56377.74847602844,33,54.06345558166504
0.45,0.8,0.35,0.25,0.1,0.05,0.3,67,3593.0183238983154,56406.981676101685,39,53.62713916266142
0.5,0.8,0.35,0.25,0.1,0.1,0.3,67,3593.0183238983154,56406.981676101685,39,53.62713916266142
0.55,0.8,0.35,0.25,0.1,0.15,0.3,67,3593.0183238983154,56406.981676101685,39,53.62713916266142
0.5,0.8,0.25,0.45,0.1,0.1,0.2,66,3990.603672981262,56009.39632701874,39,60.46369201486761
0.45,0.8,0.25,0.35,0.15,0.05,0.2,66,3953.238639831543,56046.76136016846,40,59.89755514896277
0.5,0.8,0.25,0.35,0.15,0.1,0.2,66,3953.238639831543,56046.76136016846,40,59.89755514896277
0.5,0.7,0.35,0.25,0.15,0.05,0.3,66,3932.1134090423584,56067.88659095764,33,59.57747589458119
0.45,0.7,0.25,0.45,0.1,0.05,0.3,66,3871.897777557373,56128.10222244263,32,58.66511784177838
0.4,0.8,0.25,0.25,0.1,0.05,0.1,66,3832.5751419067383,56167.42485809326,44,58.069320331920274
0.55,0.8,0.25,0.25,0.15,0.15,0.1,66,3822.3698348999023,56177.6301651001,41,57.914694468180336
0.5,0.6,0.25,0.25,0.1,0.15,0.2,66,3790.77489566803,56209.22510433197,31,57.435983267697424
0.45,0.6,0.25,0.25,0.1,0.1,0.2,66,3781.1291179656982,56218.8708820343,32,57.289835120692395
0.5,0.7,0.25,0.35,0.15,0.05,0.1,66,3709.2201557159424,56290.77984428406,33,56.20030538963549
0.55,0.8,0.25,0.35,0.2,0.1,0.2,65,4041.903730392456,55958.096269607544,37,62.18313431373009
0.45,0.8,0.25,0.45,0.1,0.05,0.2,65,3952.3946084976196,56047.60539150238,39,60.80607089996338
0.55,0.8,0.35,0.25,0.2,0.05,0.2,65,3921.826276779175,56078.173723220825,37,60.335788873525765
0.55,0.6,0.25,0.35,0.2,0.1,0.3,65,3809.512852668762,56190.48714733124,29,58.60789004105788
0.55,0.8,0.35,0.35,0.15,0.05,0.2,65,3797.8301105499268,56202.16988945007,38,58.42815554692195
0.5,0.8,0.25,0.35,0.1,0.15,0.3,65,3749.045962333679,56250.95403766632,37,57.67763018974891
0.5,0.8,0.25,0.35,0.2,0.05,0.2,64,4018.37100982666,55981.62899017334,37,62.787047028541565
0.45,0.7,0.25,0.35,0.15,0.05,0.3,64,3962.074842453003,56037.925157547,32,61.90741941332817
0.5,0.7,0.25,0.35,0.15,0.1,0.3,64,3962.074842453003,56037.925157547,32,61.90741941332817
0.55,0.7,0.35,0.25,0.2,0.05,0.3,64,3895.874020576477,56104.12597942352,31,60.873031571507454
0.45,0.7,0.25,0.25,0.2,0.05,0.3,64,3891.025053024292,56108.97494697571,32,60.79726645350456
0.5,0.7,0.25,0.25,0.2,0.1,0.3,64,3891.025053024292,56108.97494697571,32,60.79726645350456
0.5,0.8,0.25,0.25,0.15,0.15,0.3,64,3829.548740386963,56170.45125961304,36,59.836699068546295
0.5,0.6,0.25,0.35,0.2,0.05,0.3,64,3770.7640199661255,56229.235980033875,29,58.91818781197071
0.5,0.8,0.25,0.25,0.15,0.1,0.1,64,3751.128858566284,56248.871141433716,41,58.61138841509819
0.4,0.6,0.25,0.25,0.1,0.05,0.2,64,3724.5329608917236,56275.46703910828,32,58.19582751393318
0.4,0.7,0.25,0.25,0.1,0.05,0.2,64,3724.5329608917236,56275.46703910828,32,58.19582751393318
0.45,0.7,0.25,0.25,0.1,0.1,0.2,64,3724.5329608917236,56275.46703910828,32,58.19582751393318
0.5,0.7,0.25,0.25,0.1,0.15,0.2,64,3724.5329608917236,56275.46703910828,32,58.19582751393318
0.55,0.7,0.35,0.45,0.1,0.05,0.3,64,3617.789390563965,56382.210609436035,29,56.52795922756195
0.4,0.8,0.25,0.35,0.1,0.05,0.3,64,3613.252444267273,56386.74755573273,37,56.45706944167614
0.45,0.8,0.25,0.35,0.1,0.1,0.3,64,3613.252444267273,56386.74755573273,37,56.45706944167614
0.55,0.8,0.35,0.45,0.1,0.05,0.2,64,3605.3062982559204,56394.69370174408,36,56.332910910248756
0.55,0.8,0.45,0.25,0.1,0.05,0.3,64,3251.4333324432373,56748.56666755676,38,50.80364581942558
0.55,0.7,0.35,0.35,0.15,0.05,0.3,63,3703.803030014038,56296.19696998596,31,58.79052428593711
0.55,0.7,0.25,0.35,0.2,0.05,0.1,63,3631.99098777771,56368.00901222229,31,57.65065059964619
0.55,0.8,0.35,0.25,0.1,0.1,0.1,63,3161.321689605713,56838.67831039429,40,50.17970935882084
0.55,0.8,0.25,0.45,0.15,0.1,0.2,62,3869.199354171753,56130.80064582825,37,62.406441196318596
0.4,0.8,0.25,0.25,0.15,0.05,0.3,62,3784.787982940674,56215.212017059326,36,61.04496746678506
0.45,0.8,0.25,0.25,0.15,0.1,0.3,62,3784.787982940674,56215.212017059326,36,61.04496746678506
0.55,0.7,0.25,0.45,0.1,0.1,0.1,62,3654.8153400421143,56345.184659957886,30,58.9486345168083
0.55,0.8,0.25,0.25,0.2,0.1,0.1,62,3594.2629051208496,56405.73709487915,37,57.97198234065886
0.5,0.8,0.35,0.35,0.1,0.05,0.3,62,3329.504153251648,56670.49584674835,36,53.701679891155614
0.55,0.8,0.35,0.35,0.1,0.1,0.3,62,3329.504153251648,56670.49584674835,36,53.701679891155614
0.5,0.8,0.25,0.45,0.15,0.05,0.2,61,3834.329339981079,56165.67066001892,37,62.857858032476706
0.55,0.7,0.25,0.35,0.2,0.1,0.3,61,3695.5962619781494,56304.40373802185,29,60.58354527833032
0.55,0.7,0.25,0.45,0.15,0.1,0.3,61,3669.403085708618,56330.59691429138,29,60.15414894604292
0.5,0.8,0.35,0.25,0.15,0.05,0.3,61,3648.900743484497,56351.0992565155,35,59.818044975155686
0.55,0.8,0.35,0.25,0.15,0.1,0.3,61,3609.0312576293945,56390.968742370605,34,59.16444684638352
0.5,0.7,0.25,0.45,0.1,0.05,0.1,61,3600.601728439331,56399.39827156067,30,59.02625784326772
0.45,0.8,0.25,0.25,0.15,0.05,0.1,61,3595.741277694702,56404.2587223053,41,58.94657832286397
0.5,0.8,0.35,0.25,0.1,0.05,0.1,61,3098.1215648651123,56901.87843513489,40,50.788878112542825
0.5,0.7,0.25,0.35,0.2,0.05,0.3,60,3871.4961528778076,56128.50384712219,30,64.5249358812968
0.55,0.8,0.25,0.35,0.15,0.15,0.3,60,3774.6466026306152,56225.353397369385,33,62.910776710510255
0.55,0.8,0.25,0.35,0.1,0.15,0.1,60,3606.294189453125,56393.705810546875,38,60.10490315755208
0.5,0.6,0.25,0.25,0.15,0.1,0.2,60,3591.1260919570923,56408.87390804291,28,59.85210153261821
0.55,0.6,0.25,0.25,0.15,0.15,0.2,60,3591.1260919570923,56408.87390804291,28,59.85210153261821
0.45,0.6,0.25,0.25,0.15,0.05,0.2,60,3581.4803142547607,56418.51968574524,29,59.69133857091268
0.55,0.8,0.25,0.45,0.1,0.15,0.3,60,3525.7665090560913,56474.23349094391,33,58.76277515093486
0.5,0.8,0.25,0.25,0.2,0.05,0.1,60,3523.0219287872314,56476.97807121277,37,58.71703214645386
0.55,0.6,0.25,0.35,0.1,0.15,0.2,60,3434.4065341949463,56565.593465805054,27,57.2401089032491
0.5,0.7,0.35,0.25,0.1,0.05,0.2,60,3352.1633434295654,56647.836656570435,30,55.869389057159424
0.55,0.7,0.35,0.25,0.1,0.1,0.2,60,3352.1633434295654,56647.836656570435,30,55.869389057159424
0.55,0.8,0.35,0.25,0.15,0.05,0.1,60,3290.256519317627,56709.74348068237,39,54.837608655293785
0.5,0.6,0.35,0.25,0.1,0.05,0.2,60,3067.079270362854,56932.920729637146,28,51.1179878393809
0.55,0.6,0.35,0.25,0.1,0.1,0.2,60,3067.079270362854,56932.920729637146,28,51.1179878393809
0.45,0.8,0.25,0.35,0.15,0.05,0.3,59,3715.044734954834,56284.955265045166,33,62.96685991448871
0.5,0.8,0.25,0.35,0.15,0.1,0.3,59,3715.044734954834,56284.955265045166,33,62.96685991448871
0.5,0.7,0.25,0.45,0.15,0.05,0.3,59,3593.463331222534,56406.536668777466,29,60.90615815631414
0.5,0.8,0.25,0.35,0.1,0.1,0.1,59,3546.6923217773438,56453.307678222656,38,60.11342918266684
0.55,0.6,0.25,0.45,0.2,0.05,0.3,59,3463.701497077942,56536.29850292206,26,58.706805035219354
0.5,0.6,0.25,0.35,0.1,0.1,0.2,59,3397.7921085357666,56602.20789146423,27,57.5896967548435
0.55,0.6,0.25,0.45,0.15,0.05,0.1,59,3347.008596420288,56652.99140357971,26,56.728959261360814
0.55,0.8,0.25,0.45,0.2,0.05,0.2,58,3629.752904891968,56370.24709510803,34,62.58194663606841
0.45,0.7,0.25,0.25,0.15,0.05,0.2,58,3524.884157180786,56475.115842819214,29,60.773864778979075
0.5,0.7,0.25,0.25,0.15,0.1,0.2,58,3524.884157180786,56475.115842819214,29,60.773864778979075
0.55,0.7,0.25,0.25,0.15,0.15,0.2,58,3524.884157180786,56475.115842819214,29,60.773864778979075
0.5,0.8,0.25,0.45,0.1,0.1,0.3,58,3416.162585258484,56583.837414741516,33,58.89935491824972
0.45,0.6,0.25,0.35,0.1,0.05,0.2,58,3339.267900466919,56660.73209953308,27,57.57358449080895
0.55,0.8,0.25,0.25,0.2,0.15,0.3,57,3415.832042694092,56584.16795730591,32,59.92687794200161
0.45,0.8,0.25,0.35,0.1,0.05,0.1,57,3351.1742782592773,56648.82572174072,39,58.79253119753118
0.55,0.8,0.25,0.35,0.15,0.1,0.1,56,3437.0894088745117,56562.91059112549,35,61.37659658704485
0.5,0.8,0.25,0.25,0.2,0.1,0.3,56,3361.6184310913086,56638.38156890869,32,60.028900555201936
0.45,0.8,0.25,0.45,0.1,0.05,0.3,56,3136.6197538375854,56863.380246162415,33,56.011067032814026
0.55,0.6,0.35,0.35,0.1,0.05,0.2,56,3067.5730991363525,56932.42690086365,25,54.778091056006296
0.55,0.6,0.35,0.25,0.15,0.05,0.2,56,2981.214592933655,57018.785407066345,26,53.235974873815266
0.5,0.8,0.25,0.35,0.2,0.05,0.3,55,3475.2213554382324,56524.77864456177,30,63.18584282614968
0.55,0.8,0.25,0.35,0.2,0.1,0.3,55,3475.2213554382324,56524.77864456177,30,63.18584282614968
0.55,0.7,0.25,0.45,0.15,0.05,0.1,55,3392.28338432312,56607.71661567688,27,61.67787971496582
0.5,0.8,0.25,0.35,0.15,0.05,0.1,55,3377.110610961914,56622.889389038086,35,61.40201110839844
0.55,0.8,0.35,0.25,0.2,0.05,0.3,55,3337.991989135742,56662.00801086426,31,60.690763438831674
0.55,0.8,0.35,0.35,0.15,0.05,0.3,55,3139.7402305603027,56860.2597694397,31,57.08618601018732
0.45,0.8,0.25,0.25,0.1,0.1,0.2,55,3129.4119548797607,56870.58804512024,33,56.898399179632015
0.5,0.8,0.25,0.25,0.1,0.15,0.2,55,3129.4119548797607,56870.58804512024,33,56.898399179632015
0.55,0.8,0.35,0.45,0.1,0.05,0.3,55,2998.070616722107,57001.92938327789,31,54.510374849492855
0.45,0.8,0.25,0.25,0.2,0.05,0.3,54,3316.8576736450195,56683.14232635498,32,61.42329025268555
0.55,0.7,0.25,0.45,0.2,0.05,0.3,54,3255.500310897827,56744.49968910217,26,60.28704279440421
0.5,0.6,0.25,0.25,0.2,0.05,0.2,54,3254.869828224182,56745.13017177582,25,60.275367189336706
0.55,0.6,0.25,0.25,0.2,0.1,0.2,54,3254.869828224182,56745.13017177582,25,60.275367189336706
0.5,0.6,0.25,0.25,0.1,0.15,0.3,54,3225.312752723694,56774.687247276306,26,59.72801393932767
0.55,0.7,0.35,0.25,0.15,0.05,0.2,54,3202.430128097534,56797.569871902466,27,59.30426163143582
0.45,0.7,0.25,0.35,0.1,0.05,0.2,54,3173.067819595337,56826.93218040466,27,58.760515177691424
0.5,0.7,0.25,0.35,0.1,0.1,0.2,54,3173.067819595337,56826.93218040466,27,58.760515177691424
0.55,0.7,0.25,0.35,0.1,0.15,0.2,54,3173.067819595337,56826.93218040466,27,58.760515177691424
0.55,0.7,0.35,0.35,0.1,0.05,0.2,54,3173.067819595337,56826.93218040466,27,58.760515177691424
0.55,0.8,0.35,0.35,0.1,0.05,0.1,54,2933.211601257324,57066.788398742676,35,54.318733356617116
0.55,0.6,0.25,0.35,0.1,0.15,0.3,54,2829.0616397857666,57170.93836021423,24,52.39003036640309
0.5,0.8,0.25,0.45,0.15,0.05,0.3,53,3318.551094055176,56681.448905944824,30,62.614171585946714
0.5,0.6,0.25,0.45,0.1,0.05,0.2,53,3263.9310626983643,56736.068937301636,23,61.58360495657291
0.55,0.6,0.25,0.45,0.1,0.1,0.2,53,3263.9310626983643,56736.068937301636,23,61.58360495657291
0.55,0.8,0.25,0.45,0.15,0.1,0.3,53,3237.69730758667,56762.30269241333,29,61.08862844503151
0.45,0.6,0.25,0.25,0.1,0.1,0.3,53,3209.8253269195557,56790.174673080444,26,60.562742017350104
0.4,0.8,0.25,0.25,0.1,0.05,0.2,53,3062.3762168884277,56937.62378311157,33,57.7806833375175
0.55,0.6,0.35,0.25,0.1,0.1,0.3,53,2959.5402688980103,57040.45973110199,25,55.84038243203793
0.5,0.7,0.25,0.25,0.2,0.05,0.2,52,3188.627893447876,56811.372106552124,26,61.319767181689926
0.55,0.7,0.25,0.25,0.2,0.1,0.2,52,3188.627893447876,56811.372106552124,26,61.319767181689926
0.4,0.6,0.25,0.25,0.1,0.05,0.3,52,3173.210901260376,56826.789098739624,26,61.02328656269954
0.4,0.7,0.25,0.25,0.1,0.05,0.3,52,3173.210901260376,56826.789098739624,26,61.02328656269954
0.45,0.7,0.25,0.25,0.1,0.1,0.3,52,3173.210901260376,56826.789098739624,26,61.02328656269954
0.5,0.7,0.25,0.25,0.1,0.15,0.3,52,3173.210901260376,56826.789098739624,26,61.02328656269954
0.5,0.6,0.35,0.25,0.1,0.05,0.3,52,2937.8141260147095,57062.18587398529,25,56.496425500282875
0.55,0.8,0.35,0.25,0.1,0.1,0.2,52,2828.3016395568848,57171.698360443115,31,54.39041614532471
0.5,0.6,0.25,0.35,0.1,0.1,0.3,52,2757.577199935913,57242.42280006409,24,53.03033076799833
0.55,0.6,0.35,0.35,0.1,0.05,0.3,52,2549.2950382232666,57450.70496177673,23,49.02490458121667
0.55,0.8,0.25,0.45,0.1,0.1,0.1,51,3147.1592292785645,56852.840770721436,31,61.70900449565813
0.55,0.6,0.25,0.35,0.15,0.1,0.2,51,2906.5892391204834,57093.41076087952,24,56.99194586510752
0.55,0.8,0.25,0.35,0.2,0.05,0.1,50,3090.4794731140137,56909.520526885986,33,61.80958946228027
0.55,0.8,0.25,0.25,0.15,0.15,0.2,50,2919.4233684539795,57080.57663154602,30,58.38846736907959
0.5,0.7,0.35,0.25,0.1,0.05,0.3,50,2885.7122745513916,57114.28772544861,25,57.71424549102783
0.55,0.7,0.35,0.25,0.1,0.1,0.3,50,2885.7122745513916,57114.28772544861,25,57.71424549102783
0.5,0.6,0.25,0.35,0.15,0.05,0.2,50,2869.9748134613037,57130.025186538696,24,57.39949626922608
0.45,0.6,0.25,0.35,0.1,0.05,0.3,50,2677.3268489837646,57322.673151016235,24,53.546536979675295
0.5,0.8,0.35,0.25,0.1,0.05,0.2,50,2551.322650909424,57448.677349090576,31,51.02645301818848
0.55,0.8,0.25,0.45,0.2,0.05,0.3,49,3079.1046447753906,56920.89535522461,27,62.838870301538584
0.5,0.8,0.25,0.45,0.1,0.05,0.1,49,2944.2647247314453,57055.735275268555,31,60.08703519860092
0.55,0.7,0.25,0.45,0.1,0.1,0.2,48,3053.035692214966,56946.964307785034,23,63.604910254478455
0.5,0.7,0.25,0.35,0.15,0.05,0.2,48,2813.378656387329,57186.62134361267,24,58.61205534140269
0.55,0.7,0.25,0.35,0.15,0.1,0.2,48,2813.378656387329,57186.62134361267,24,58.61205534140269
0.45,0.8,0.25,0.25,0.15,0.05,0.2,48,2721.460443496704,57278.539556503296,30,56.697092572848
0.5,0.8,0.25,0.25,0.15,0.1,0.2,48,2721.460443496704,57278.539556503296,30,56.697092572848
0.5,0.6,0.25,0.45,0.1,0.05,0.3,48,2669.049192428589,57330.95080757141,21,55.60519150892893
0.55,0.6,0.25,0.45,0.1,0.1,0.3,48,2669.049192428589,57330.95080757141,21,55.60519150892893
0.45,0.7,0.25,0.35,0.1,0.05,0.3,48,2567.722925186157,57432.27707481384,24,53.494227608044945
0.5,0.7,0.25,0.35,0.1,0.1,0.3,48,2567.722925186157,57432.27707481384,24,53.494227608044945
0.55,0.7,0.25,0.35,0.1,0.15,0.3,48,2567.722925186157,57432.27707481384,24,53.494227608044945
0.55,0.7,0.35,0.35,0.1,0.05,0.3,48,2567.722925186157,57432.27707481384,24,53.494227608044945
0.55,0.6,0.25,0.25,0.15,0.15,0.3,47,2767.3921365737915,57232.60786342621,22,58.880683756889184
0.55,0.6,0.25,0.35,0.2,0.05,0.2,47,2669.583227157593,57330.41677284241,22,56.799643131012616
0.5,0.7,0.25,0.45,0.1,0.05,0.2,46,2943.4317684173584,57056.56823158264,23,63.98764713950779
0.55,0.8,0.25,0.45,0.15,0.05,0.1,46,2902.0977478027344,57097.902252197266,28,63.089081473972485
0.5,0.8,0.25,0.25,0.2,0.05,0.2,46,2771.65806388855,57228.34193611145,27,60.253436171490215
0.55,0.8,0.25,0.25,0.2,0.1,0.2,46,2771.65806388855,57228.34193611145,27,60.253436171490215
0.45,0.6,0.25,0.25,0.1,0.05,0.1,46,2755.7253093719482,57244.27469062805,23,59.90707194286844
0.45,0.7,0.25,0.25,0.1,0.05,0.1,46,2755.7253093719482,57244.27469062805,23,59.90707194286844
0.5,0.6,0.25,0.25,0.1,0.1,0.1,46,2755.7253093719482,57244.27469062805,23,59.90707194286844
0.5,0.7,0.25,0.25,0.1,0.1,0.1,46,2755.7253093719482,57244.27469062805,23,59.90707194286844
0.55,0.6,0.25,0.25,0.1,0.15,0.1,46,2755.7253093719482,57244.27469062805,23,59.90707194286844
0.55,0.7,0.25,0.25,0.1,0.15,0.1,46,2755.7253093719482,57244.27469062805,23,59.90707194286844
0.5,0.6,0.25,0.25,0.15,0.1,0.3,46,2745.6659936904907,57254.33400630951,22,59.688391167184584
0.5,0.8,0.25,0.35,0.1,0.1,0.2,46,2658.4642486572266,57341.53575134277,27,57.7927010577658
0.55,0.8,0.25,0.35,0.1,0.15,0.2,46,2658.4642486572266,57341.53575134277,27,57.7927010577658
0.55,0.6,0.25,0.45,0.15,0.05,0.2,45,2785.738893508911,57214.26110649109,20,61.90530874464247
0.45,0.6,0.25,0.25,0.15,0.05,0.3,45,2730.1785678863525,57269.82143211365,22,60.67063484191895
0.45,0.8,0.25,0.35,0.1,0.05,0.2,45,2598.8623809814453,57401.137619018555,27,57.75249735514323
0.55,0.8,0.35,0.25,0.15,0.05,0.2,45,2500.2546310424805,57499.74536895752,27,55.56121402316623
0.55,0.6,0.35,0.25,0.15,0.05,0.3,45,2479.893509864807,57520.10649013519,21,55.10874466366238
0.55,0.6,0.25,0.35,0.15,0.1,0.3,45,2301.2443447113037,57698.755655288696,21,51.13876321580675
0.45,0.7,0.25,0.25,0.15,0.05,0.3,44,2693.564142227173,57306.43585777283,22,61.21736686879938
0.5,0.7,0.25,0.25,0.15,0.1,0.3,44,2693.564142227173,57306.43585777283,22,61.21736686879938
0.55,0.7,0.25,0.25,0.15,0.15,0.3,44,2693.564142227173,57306.43585777283,22,61.21736686879938
0.55,0.7,0.35,0.25,0.15,0.05,0.3,44,2693.564142227173,57306.43585777283,22,61.21736686879938
0.55,0.7,0.25,0.35,0.2,0.05,0.2,44,2576.3726444244385,57423.62735557556,22,58.55392373691905
0.5,0.7,0.25,0.35,0.15,0.05,0.3,44,2495.532388687134,57504.467611312866,22,56.71664519743486
0.55,0.7,0.25,0.35,0.15,0.1,0.3,44,2495.532388687134,57504.467611312866,22,56.71664519743486
0.55,0.7,0.25,0.45,0.1,0.1,0.3,44,2493.950029373169,57506.04997062683,21,56.68068248575384
0.55,0.8,0.35,0.35,0.1,0.05,0.2,44,2451.2872467041016,57548.7127532959,27,55.71107378872958
0.55,0.6,0.25,0.25,0.2,0.1,0.3,43,2702.722908973694,57297.277091026306,20,62.854021138923116
0.5,0.8,0.25,0.25,0.1,0.15,0.3,43,2420.026231765747,57579.97376823425,27,56.27967980850575
0.55,0.6,0.25,0.35,0.2,0.05,0.3,43,2351.7369594573975,57648.2630405426,20,54.69155719668366
0.5,0.6,0.25,0.35,0.15,0.05,0.3,43,2229.75990486145,57770.24009513855,21,51.85488150840582
0.5,0.6,0.25,0.25,0.2,0.05,0.3,42,2680.996766090393,57319.00323390961,20,63.83325633548555
0.5,0.7,0.25,0.45,0.1,0.05,0.3,42,2384.3461055755615,57615.65389442444,21,56.770145370846706
0.45,0.8,0.25,0.25,0.1,0.1,0.3,42,2384.2300243377686,57615.76997566223,27,56.76738153185163
0.5,0.8,0.25,0.45,0.1,0.05,0.2,41,2416.467447280884,57583.532552719116,23,58.938230421484974
0.55,0.8,0.25,0.45,0.1,0.1,0.2,41,2416.467447280884,57583.532552719116,23,58.938230421484974
0.5,0.8,0.25,0.35,0.15,0.05,0.2,41,2359.0390014648438,57640.960998535156,24,57.53753662109375
0.55,0.8,0.25,0.35,0.15,0.1,0.2,41,2359.0390014648438,57640.960998535156,24,57.53753662109375
0.4,0.8,0.25,0.25,0.1,0.05,0.3,41,2350.96236038208,57649.03763961792,28,57.34054537517269
0.55,0.8,0.35,0.25,0.1,0.1,0.3,41,2140.4834003448486,57859.51659965515,25,52.206912203532895
0.5,0.7,0.25,0.25,0.2,0.05,0.3,40,2628.894914627075,57371.105085372925,20,65.72237286567687
0.55,0.7,0.25,0.25,0.2,0.1,0.3,40,2628.894914627075,57371.105085372925,20,65.72237286567687
0.55,0.7,0.25,0.45,0.15,0.05,0.2,40,2583.7426052093506,57416.25739479065,20,64.59356513023377
0.55,0.8,0.25,0.25,0.15,0.15,0.3,40,2358.792978286743,57641.20702171326,23,58.96982445716858
0.55,0.7,0.25,0.35,0.2,0.05,0.3,40,2258.526376724243,57741.47362327576,20,56.46315941810608
0.55,0.6,0.25,0.45,0.15,0.05,0.3,40,2190.8570232391357,57809.142976760864,18,54.771425580978395
0.5,0.8,0.25,0.35,0.1,0.1,0.3,40,2159.241012573242,57840.75898742676,26,53.981025314331056
0.55,0.8,0.25,0.35,0.1,0.15,0.3,40,2159.241012573242,57840.75898742676,26,53.981025314331056
0.5,0.8,0.35,0.25,0.1,0.05,0.3,40,2104.68719291687,57895.31280708313,25,52.617179822921756
0.45,0.8,0.25,0.35,0.1,0.05,0.3,39,2093.151496887207,57906.84850311279,26,53.67055120223608
0.55,0.8,0.25,0.35,0.2,0.05,0.2,38,2348.2003593444824,57651.79964065552,23,61.79474629853901
0.5,0.6,0.25,0.25,0.15,0.05,0.1,38,2299.511449813843,57700.48855018616,19,60.51345920562744
0.5,0.7,0.25,0.25,0.15,0.05,0.1,38,2299.511449813843,57700.48855018616,19,60.51345920562744
0.55,0.6,0.25,0.25,0.15,0.1,0.1,38,2299.511449813843,57700.48855018616,19,60.51345920562744
0.55,0.6,0.25,0.25,0.2,0.05,0.1,38,2299.511449813843,57700.48855018616,19,60.51345920562744
0.55,0.7,0.25,0.25,0.15,0.1,0.1,38,2299.511449813843,57700.48855018616,19,60.51345920562744
0.55,0.7,0.25,0.25,0.2,0.05,0.1,38,2299.511449813843,57700.48855018616,19,60.51345920562744
0.55,0.8,0.25,0.35,0.15,0.1,0.3,38,2289.9699096679688,57710.03009033203,25,60.26236604389391
0.5,0.8,0.25,0.25,0.15,0.1,0.3,38,2195.692186355591,57804.30781364441,24,57.78137332514713
0.55,0.6,0.35,0.25,0.1,0.05,0.1,38,2054.713933944702,57945.2860660553,19,54.071419314334264
0.55,0.7,0.35,0.25,0.1,0.05,0.1,38,2054.713933944702,57945.2860660553,19,54.071419314334264
0.55,0.8,0.35,0.35,0.1,0.05,0.3,38,1867.9165649414062,58132.083435058594,25,49.15569907740543
0.55,0.8,0.25,0.45,0.15,0.05,0.2,37,2265.4509410858154,57734.549058914185,20,61.22840381313015
0.5,0.8,0.25,0.35,0.15,0.05,0.3,37,2160.5660552978516,57839.43394470215,25,58.39367717021221
0.55,0.8,0.25,0.25,0.2,0.1,0.3,36,2246.0176944732666,57753.98230552673,20,62.38938040203519
0.45,0.8,0.25,0.25,0.15,0.05,0.3,36,2105.682367324829,57894.31763267517,24,58.49117687013414
0.55,0.7,0.25,0.45,0.15,0.05,0.3,36,2024.6569423675537,57975.343057632446,18,56.24047062132094
0.55,0.6,0.25,0.35,0.15,0.05,0.1,35,2304.1089420318604,57695.89105796814,17,65.83168405805316
0.55,0.6,0.25,0.45,0.1,0.05,0.1,35,2020.3017330169678,57979.69826698303,16,57.722906657627654
0.5,0.6,0.25,0.35,0.1,0.05,0.1,35,1958.466058731079,58041.53394126892,17,55.95617310660226
0.55,0.6,0.25,0.35,0.1,0.1,0.1,35,1958.466058731079,58041.53394126892,17,55.95617310660226
0.55,0.8,0.35,0.25,0.15,0.05,0.3,35,1870.5160160064697,58129.48398399353,22,53.443314743041995
0.55,0.7,0.25,0.35,0.15,0.05,0.1,34,2269.2389278411865,57730.76107215881,17,66.74232140709373
0.55,0.8,0.25,0.35,0.2,0.05,0.3,34,2143.2220726013184,57856.77792739868,23,63.03594331180348
0.5,0.8,0.25,0.25,0.2,0.05,0.3,34,2053.254945755005,57946.745054244995,20,60.38985134573544
0.45,0.6,0.25,0.25,0.1,0.05,0.2,34,1945.85231590271,58054.14768409729,17,57.230950467726764
0.45,0.7,0.25,0.25,0.1,0.05,0.2,34,1945.85231590271,58054.14768409729,17,57.230950467726764
0.5,0.6,0.25,0.25,0.1,0.1,0.2,34,1945.85231590271,58054.14768409729,17,57.230950467726764
0.5,0.7,0.25,0.25,0.1,0.1,0.2,34,1945.85231590271,58054.14768409729,17,57.230950467726764
0.55,0.6,0.25,0.25,0.1,0.15,0.2,34,1945.85231590271,58054.14768409729,17,57.230950467726764
0.55,0.7,0.25,0.25,0.1,0.15,0.2,34,1945.85231590271,58054.14768409729,17,57.230950467726764
0.5,0.7,0.25,0.35,0.1,0.05,0.1,34,1923.5960445404053,58076.403955459595,17,56.57635425118839
0.55,0.7,0.25,0.35,0.1,0.1,0.1,34,1923.5960445404053,58076.403955459595,17,56.57635425118839
0.55,0.8,0.25,0.25,0.1,0.15,0.1,33,1754.9479999542236,58245.05200004578,23,53.18024242285526
0.5,0.8,0.25,0.45,0.1,0.05,0.3,33,1749.6107730865479,58250.38922691345,21,53.01850827534994
0.55,0.8,0.25,0.45,0.1,0.1,0.3,33,1749.6107730865479,58250.38922691345,21,53.01850827534994
0.55,0.7,0.25,0.45,0.1,0.05,0.1,32,1875.8277950286865,58124.17220497131,16,58.619618594646454
0.45,0.8,0.25,0.25,0.1,0.05,0.1,32,1699.5576877593994,58300.4423122406,23,53.11117774248123
0.5,0.8,0.25,0.25,0.1,0.1,0.1,32,1699.5576877593994,58300.4423122406,23,53.11117774248123
0.55,0.8,0.25,0.45,0.15,0.05,0.3,31,1864.0556011199951,58135.944398880005,19,60.130825842580485
0.55,0.8,0.35,0.25,0.1,0.05,0.1,31,1678.5855121612549,58321.414487838745,22,54.14791974713725
0.5,0.8,0.25,0.35,0.1,0.05,0.1,30,1733.2233953475952,58266.776604652405,19,57.774113178253174
0.55,0.8,0.25,0.35,0.1,0.1,0.1,30,1733.2233953475952,58266.776604652405,19,57.774113178253174
0.55,0.8,0.25,0.25,0.15,0.1,0.1,28,1557.1204471588135,58442.87955284119,19,55.6114445413862
0.55,0.8,0.25,0.25,0.2,0.05,0.1,28,1557.1204471588135,58442.87955284119,19,55.6114445413862
0.5,0.6,0.25,0.35,0.1,0.05,0.2,28,1531.26003074646,58468.73996925354,14,54.687858240945
0.5,0.7,0.25,0.35,0.1,0.05,0.2,28,1531.26003074646,58468.73996925354,14,54.687858240945
0.55,0.6,0.25,0.35,0.1,0.1,0.2,28,1531.26003074646,58468.73996925354,14,54.687858240945
0.55,0.7,0.25,0.35,0.1,0.1,0.2,28,1531.26003074646,58468.73996925354,14,54.687858240945
0.55,0.6,0.35,0.25,0.1,0.05,0.2,28,1339.7418575286865,58660.25814247131,14,47.84792348316738
0.55,0.7,0.35,0.25,0.1,0.05,0.2,28,1339.7418575286865,58660.25814247131,14,47.84792348316738
0.5,0.8,0.25,0.25,0.15,0.05,0.1,27,1417.2371463775635,58582.76285362244,19,52.4902646806505
0.55,0.6,0.25,0.45,0.1,0.05,0.2,27,1369.158010482788,58630.84198951721,12,50.70955594380697
0.55,0.6,0.25,0.35,0.15,0.05,0.2,26,1589.4042873382568,58410.59571266174,13,61.13093412839449
0.55,0.7,0.25,0.35,0.15,0.05,0.2,26,1589.4042873382568,58410.59571266174,13,61.13093412839449
0.5,0.6,0.25,0.25,0.15,0.05,0.2,26,1489.6384563446045,58510.361543655396,13,57.29378678248479
0.5,0.7,0.25,0.25,0.15,0.05,0.2,26,1489.6384563446045,58510.361543655396,13,57.29378678248479
0.55,0.6,0.25,0.25,0.15,0.1,0.2,26,1489.6384563446045,58510.361543655396,13,57.29378678248479
0.55,0.6,0.25,0.25,0.2,0.05,0.2,26,1489.6384563446045,58510.361543655396,13,57.29378678248479
0.55,0.7,0.25,0.25,0.15,0.1,0.2,26,1489.6384563446045,58510.361543655396,13,57.29378678248479
0.55,0.7,0.25,0.25,0.2,0.05,0.2,26,1489.6384563446045,58510.361543655396,13,57.29378678248479
0.55,0.7,0.25,0.45,0.1,0.05,0.2,26,1483.4917812347412,58516.50821876526,13,57.0573762013362
0.55,0.8,0.25,0.45,0.1,0.05,0.1,26,1381.4003973007202,58618.59960269928,16,53.13078451156616
0.55,0.8,0.25,0.35,0.15,0.05,0.1,25,1526.4967603683472,58473.50323963165,17,61.059870414733886
0.45,0.6,0.25,0.25,0.1,0.05,0.3,24,1135.9704113006592,58864.02958869934,12,47.3321004708608
0.45,0.7,0.25,0.25,0.1,0.05,0.3,24,1135.9704113006592,58864.02958869934,12,47.3321004708608
0.5,0.6,0.25,0.25,0.1,0.1,0.3,24,1135.9704113006592,58864.02958869934,12,47.3321004708608
0.5,0.7,0.25,0.25,0.1,0.1,0.3,24,1135.9704113006592,58864.02958869934,12,47.3321004708608
0.55,0.6,0.25,0.25,0.1,0.15,0.3,24,1135.9704113006592,58864.02958869934,12,47.3321004708608
0.55,0.6,0.35,0.25,0.1,0.05,0.3,24,1135.9704113006592,58864.02958869934,12,47.3321004708608
0.55,0.7,0.25,0.25,0.1,0.15,0.3,24,1135.9704113006592,58864.02958869934,12,47.3321004708608
0.55,0.7,0.35,0.25,0.1,0.05,0.3,24,1135.9704113006592,58864.02958869934,12,47.3321004708608
0.55,0.8,0.25,0.35,0.1,0.1,0.2,23,1270.3188695907593,58729.68113040924,15,55.23125519959823
0.5,0.8,0.25,0.25,0.1,0.1,0.2,23,1191.2280902862549,58808.771909713745,17,51.79252566461978
0.55,0.8,0.25,0.25,0.1,0.15,0.2,23,1191.2280902862549,58808.771909713745,17,51.79252566461978
0.5,0.8,0.25,0.35,0.1,0.05,0.2,22,1234.5226621627808,58765.47733783722,15,56.11466646194458
0.55,0.8,0.35,0.25,0.1,0.05,0.2,22,1157.4600162506104,58842.53998374939,16,52.611818920482285
0.45,0.8,0.25,0.25,0.1,0.05,0.2,22,1135.8377780914307,58864.16222190857,17,51.62898991324685
0.55,0.8,0.25,0.45,0.1,0.05,0.2,20,1062.2451848983765,58937.75481510162,13,53.112259244918825
0.55,0.6,0.25,0.45,0.1,0.05,0.3,20,854.8062152862549,59145.193784713745,9,42.740310764312746
0.55,0.7,0.25,0.45,0.1,0.05,0.3,18,745.2022914886475,59254.79770851135,9,41.40012730492486
0.55,0.8,0.25,0.35,0.15,0.05,0.2,17,923.7089338302612,59076.29106616974,13,54.33581963707419
0.5,0.8,0.25,0.25,0.15,0.05,0.2,17,853.5172367095947,59146.482763290405,13,50.206896277034986
0.55,0.8,0.25,0.25,0.15,0.1,0.2,17,853.5172367095947,59146.482763290405,13,50.206896277034986
0.55,0.8,0.25,0.25,0.2,0.05,0.2,17,853.5172367095947,59146.482763290405,13,50.206896277034986
0.45,0.8,0.25,0.25,0.1,0.05,0.3,17,751.4171237945557,59248.582876205444,12,44.201007282032684
0.5,0.8,0.25,0.25,0.1,0.1,0.3,17,751.4171237945557,59248.582876205444,12,44.201007282032684
0.55,0.8,0.25,0.25,0.1,0.15,0.3,17,751.4171237945557,59248.582876205444,12,44.201007282032684
0.55,0.8,0.35,0.25,0.1,0.05,0.3,17,751.4171237945557,59248.582876205444,12,44.201007282032684
0.55,0.6,0.25,0.35,0.1,0.05,0.1,16,720.7561721801758,59279.243827819824,8,45.047260761260986
0.55,0.7,0.25,0.35,0.1,0.05,0.1,16,720.7561721801758,59279.243827819824,8,45.047260761260986
0.5,0.6,0.25,0.25,0.15,0.05,0.3,16,679.7565517425537,59320.243448257446,8,42.48478448390961
0.5,0.7,0.25,0.25,0.15,0.05,0.3,16,679.7565517425537,59320.243448257446,8,42.48478448390961
0.55,0.6,0.25,0.25,0.15,0.1,0.3,16,679.7565517425537,59320.243448257446,8,42.48478448390961
0.55,0.6,0.25,0.25,0.2,0.05,0.3,16,679.7565517425537,59320.243448257446,8,42.48478448390961
0.55,0.7,0.25,0.25,0.15,0.1,0.3,16,679.7565517425537,59320.243448257446,8,42.48478448390961
0.55,0.7,0.25,0.25,0.2,0.05,0.3,16,679.7565517425537,59320.243448257446,8,42.48478448390961
0.5,0.6,0.25,0.35,0.1,0.05,0.3,16,673.6098766326904,59326.39012336731,8,42.10061728954315
0.5,0.7,0.25,0.35,0.1,0.05,0.3,16,673.6098766326904,59326.39012336731,8,42.10061728954315
0.55,0.6,0.25,0.35,0.1,0.1,0.3,16,673.6098766326904,59326.39012336731,8,42.10061728954315
0.55,0.7,0.25,0.35,0.1,0.1,0.3,16,673.6098766326904,59326.39012336731,8,42.10061728954315
0.5,0.8,0.25,0.35,0.1,0.05,0.3,15,745.7187871932983,59254.2812128067,9,49.714585812886554
0.55,0.8,0.25,0.35,0.1,0.1,0.3,15,658.1224508285522,59341.87754917145,8,43.874830055236814
0.55,0.8,0.25,0.45,0.1,0.05,0.3,15,657.3042325973511,59342.69576740265,9,43.82028217315674
0.55,0.6,0.25,0.35,0.15,0.05,0.3,14,731.7541332244873,59268.24586677551,7,52.268152373177664
0.55,0.7,0.25,0.35,0.15,0.05,0.3,14,731.7541332244873,59268.24586677551,7,52.268152373177664
0.5,0.8,0.25,0.25,0.15,0.05,0.3,12,543.1101245880127,59456.88987541199,9,45.25917704900106
0.55,0.8,0.25,0.25,0.15,0.1,0.3,12,543.1101245880127,59456.88987541199,9,45.25917704900106
0.55,0.8,0.25,0.25,0.2,0.05,0.3,12,543.1101245880127,59456.88987541199,9,45.25917704900106
0.55,0.8,0.25,0.35,0.15,0.05,0.3,10,459.08764934539795,59540.9123506546,7,45.908764934539796
0.55,0.6,0.25,0.35,0.1,0.05,0.2,10,449.4485778808594,59550.55142211914,5,44.94485778808594
0.55,0.7,0.25,0.35,0.1,0.05,0.2,10,449.4485778808594,59550.55142211914,5,44.94485778808594
0.5,0.6,0.25,0.25,0.1,0.05,0.1,10,384.4999084472656,59615.500091552734,5,38.449990844726564
0.5,0.7,0.25,0.25,0.1,0.05,0.1,10,384.4999084472656,59615.500091552734,5,38.449990844726564
0.55,0.6,0.25,0.25,0.1,0.1,0.1,10,384.4999084472656,59615.500091552734,5,38.449990844726564
0.55,0.6,0.25,0.25,0.15,0.05,0.1,10,384.4999084472656,59615.500091552734,5,38.449990844726564
0.55,0.7,0.25,0.25,0.1,0.1,0.1,10,384.4999084472656,59615.500091552734,5,38.449990844726564
0.55,0.7,0.25,0.25,0.15,0.05,0.1,10,384.4999084472656,59615.500091552734,5,38.449990844726564
0.55,0.8,0.25,0.35,0.1,0.05,0.1,9,395.2481002807617,59604.75189971924,8,43.916455586751304
0.55,0.6,0.25,0.35,0.1,0.05,0.3,6,336.25626373291016,59663.74373626709,3,56.042710622151695
0.55,0.7,0.25,0.35,0.1,0.05,0.3,6,336.25626373291016,59663.74373626709,3,56.042710622151695
0.55,0.8,0.25,0.25,0.1,0.1,0.1,6,227.11996841430664,59772.88003158569,5,37.85332806905111
0.55,0.8,0.25,0.25,0.15,0.05,0.1,6,227.11996841430664,59772.88003158569,5,37.85332806905111
0.55,0.8,0.25,0.35,0.1,0.05,0.2,5,224.7242889404297,59775.27571105957,5,44.94485778808594
0.5,0.8,0.25,0.25,0.1,0.05,0.1,5,192.2499542236328,59807.75004577637,5,38.449990844726564
0.5,0.6,0.25,0.25,0.1,0.05,0.2,4,113.19231414794922,59886.80768585205,2,28.298078536987305
0.5,0.7,0.25,0.25,0.1,0.05,0.2,4,113.19231414794922,59886.80768585205,2,28.298078536987305
0.55,0.6,0.25,0.25,0.1,0.1,0.2,4,113.19231414794922,59886.80768585205,2,28.298078536987305
0.55,0.6,0.25,0.25,0.15,0.05,0.2,4,113.19231414794922,59886.80768585205,2,28.298078536987305
0.55,0.7,0.25,0.25,0.1,0.1,0.2,4,113.19231414794922,59886.80768585205,2,28.298078536987305
0.55,0.7,0.25,0.25,0.15,0.05,0.2,4,113.19231414794922,59886.80768585205,2,28.298078536987305
0.55,0.8,0.25,0.35,0.1,0.05,0.3,3,168.12813186645508,59831.871868133545,3,56.042710622151695
0.5,0.8,0.25,0.25,0.1,0.05,0.2,2,56.59615707397461,59943.403842926025,2,28.298078536987305
0.55,0.8,0.25,0.25,0.1,0.1,0.2,2,56.59615707397461,59943.403842926025,2,28.298078536987305
0.55,0.8,0.25,0.25,0.15,0.05,0.2,2,56.59615707397461,59943.403842926025,2,28.298078536987305
0.5,0.6,0.25,0.25,0.1,0.05,0.3,0,0.0,60000.0,0,
0.5,0.7,0.25,0.25,0.1,0.05,0.3,0,0.0,60000.0,0,
0.5,0.8,0.25,0.25,0.1,0.05,0.3,0,0.0,60000.0,0,
0.55,0.6,0.25,0.25,0.1,0.05,0.1,0,0.0,60000.0,0,
0.55,0.6,0.25,0.25,0.1,0.05,0.2,0,0.0,60000.0,0,
0.55,0.6,0.25,0.25,0.1,0.05,0.3,0,0.0,60000.0,0,
0.55,0.6,0.25,0.25,0.1,0.1,0.3,0,0.0,60000.0,0,
0.55,0.6,0.25,0.25,0.15,0.05,0.3,0,0.0,60000.0,0,
0.55,0.7,0.25,0.25,0.1,0.05,0.1,0,0.0,60000.0,0,
0.55,0.7,0.25,0.25,0.1,0.05,0.2,0,0.0,60000.0,0,
0.55,0.7,0.25,0.25,0.1,0.05,0.3,0,0.0,60000.0,0,
0.55,0.7,0.25,0.25,0.1,0.1,0.3,0,0.0,60000.0,0,
0.55,0.7,0.25,0.25,0.15,0.05,0.3,0,0.0,60000.0,0,
0.55,0.8,0.25,0.25,0.1,0.05,0.1,0,0.0,60000.0,0,
0.55,0.8,0.25,0.25,0.1,0.05,0.2,0,0.0,60000.0,0,
0.55,0.8,0.25,0.25,0.1,0.05,0.3,0,0.0,60000.0,0,
0.55,0.8,0.25,0.25,0.1,0.1,0.3,0,0.0,60000.0,0,
0.55,0.8,0.25,0.25,0.15,0.05,0.3,0,0.0,60000.0,0,
