date,price,score,q_score,q_cash,q_exec,buy_lots,buy_shares,cost,cash_after,contribution_cum,shares_after,shortage,value,bb,trend,risk
2014-01-02,0.3738436698913574,0.45,0.08333333333333331,1.0,0.45,2,2,0.7476873397827148,499.2523126602173,500.0,2,1.0,0.0,0.0,0.0,0.0
2014-01-03,0.3693651258945465,0.6237430003808847,0.3729050006348078,1.0,0.6237430003808847,3,3,1.1080953776836395,498.14421728253365,500.0,5,0.9985063314324334,0.054255891636199136,0.0,1.0,0.0
2014-01-06,0.37431517243385315,0.44831923799125517,0.08053206331875859,1.0,0.44831923799125517,2,2,0.7486303448677063,497.39558693766594,500.0,7,0.9962649733139004,0.0,0.0,0.0,0.0
2014-01-07,0.3804437518119812,0.447642768537836,0.07940461422972667,1.0,0.447642768537836,2,2,0.7608875036239624,496.634699434042,500.0,9,0.9947617078618578,0.0,0.0,0.0,0.0
2014-01-08,0.3856295943260193,0.44696042873451286,0.07826738122418807,1.0,0.44696042873451286,2,2,0.7712591886520386,495.86344024538994,500.0,11,0.9932453971878064,0.0,0.0,0.0,0.0
2014-01-09,0.3712508976459503,0.6180364538310735,0.3633940897184559,1.0,0.6180364538310735,3,3,1.113752692937851,494.7496875524521,500.0,14,0.991752765379808,0.048328243133688664,0.0,1.0,0.0
2014-01-10,0.37077945470809937,0.6175412734822088,0.3625687891370146,1.0,0.6175412734822088,3,3,1.112338364124298,493.6373491883278,500.0,17,0.9895144391641937,0.04946616857404791,0.0,1.0,0.0
2014-01-13,0.36205801367759705,0.6620526064638216,0.43675434410636926,1.0,0.6620526064638216,3,3,1.0861740410327911,492.551175147295,500.0,20,0.9873077708197738,0.15058691021094084,0.0,1.0,0.0
2014-01-14,0.37337231636047363,0.4432804620520132,0.072134103420022,1.0,0.4432804620520132,2,2,0.7467446327209473,491.80443051457405,500.0,22,0.9850676934489182,0.0,0.0,0.0,0.0
2014-01-15,0.377379447221756,0.4426008300370045,0.07100138339500749,1.0,0.4426008300370045,2,2,0.754758894443512,491.04967162013054,500.0,24,0.9835574000822322,0.0,0.0,0.0,0.0
2014-01-16,0.3785580098628998,0.44191817524740334,0.06986362541233887,1.0,0.44191817524740334,2,2,0.7571160197257996,490.29255560040474,500.0,26,0.9820403894386741,0.0,0.0,0.0,0.0
2014-01-17,0.3769080936908722,0.4412385623043327,0.06873093717388784,1.0,0.4412385623043327,2,2,0.7538161873817444,489.538739413023,500.0,28,0.9805301384540727,0.0,0.0,0.0,0.0
2014-01-21,0.3783223330974579,0.4405552409535056,0.06759206825584267,1.0,0.4405552409535056,2,2,0.7566446661949158,488.7820947468281,500.0,30,0.9790116465633458,0.0,0.0,0.0,0.0
2014-01-22,0.37785083055496216,0.4398727498090121,0.06645458301502011,1.0,0.4398727498090121,2,2,0.7557016611099243,488.02639308571815,500.0,32,0.9774949995755824,0.0,0.0,0.0,0.0
2014-01-23,0.37643659114837646,0.4391938880228174,0.06532314670469562,1.0,0.4391938880228174,2,2,0.7528731822967529,487.2735199034214,500.0,34,0.975986417828483,0.0,0.0,0.0,0.0
2014-01-24,0.366772323846817,0.6344320809792796,0.390720134965466,1.0,0.6344320809792796,3,3,1.100316971540451,486.17320293188095,500.0,37,0.9745402273271112,0.1019755081823989,0.0,1.0,0.0
2014-01-27,0.36441510915756226,0.6420374908936853,0.4033958181561422,1.0,0.6420374908936853,3,3,1.0932453274726868,485.07995760440826,500.0,40,0.9723642058566924,0.1210524405737194,0.0,1.0,0.0
2014-01-28,0.367950975894928,0.6166282420030055,0.36104707000500913,1.0,0.6166282420030055,3,3,1.103852927684784,483.9761046767235,500.0,43,0.9701654139945795,0.06678623490098819,0.0,1.0,0.0
2014-01-29,0.36441510915756226,0.6321929236666871,0.38698820611114515,1.0,0.6321929236666871,3,3,1.0932453274726868,482.8828593492508,500.0,46,0.9679975800982945,0.10354225027212122,0.0,1.0,0.0
2014-01-30,0.37054377794265747,0.5932330738823783,0.32205512313729723,1.0,0.5932330738823783,3,3,1.1116313338279724,481.7712280154228,500.0,49,0.9657786740142049,0.019183712391080254,0.0,1.0,0.0
2014-01-31,0.37007245421409607,0.5224425841229111,0.20407097353818515,1.0,0.5224425841229111,3,3,1.1102173626422882,480.66101065278053,500.0,52,0.9635645675569674,0.023100031859698784,0.0,1.0,0.7155648561458867
2014-02-03,0.3651222288608551,0.5806250830010338,0.30104180500172295,1.0,0.5806250830010338,3,3,1.0953666865825653,979.565643966198,1000.0,55,0.9806999353691613,0.0812714195715636,0.0,1.0,0.4726202672229245
2014-02-04,0.3672437071800232,0.5714481007763281,0.2857468346272135,1.0,0.5714481007763281,3,3,1.1017311215400696,978.4639128446579,1000.0,58,0.9796069582927691,0.04772162366064304,0.0,1.0,0.4084976110270737
2014-02-05,0.36394375562667847,0.5881164266210632,0.313527377701772,1.0,0.5881164266210632,3,3,1.0918312668800354,977.3720815777779,1000.0,61,0.9785323869071284,0.08358527447175994,0.0,1.0,0.398365209994366
2014-02-06,0.36865800619125366,0.5663925040302842,0.27732084005047364,1.0,0.5663925040302842,3,3,1.105974018573761,976.2661075592041,1000.0,64,0.9774305520308313,0.018013198996562133,0.0,1.0,0.3155718393204283
2014-02-07,0.3740794062614441,0.43030800185265894,0.0505133364210982,1.0,0.43030800185265894,2,2,0.7481588125228882,975.5179487466812,1000.0,66,0.9762956590674484,0.0,0.0,0.0,0.09025044727692855
2014-02-10,0.3752579689025879,0.42979387484026876,0.04965645806711457,1.0,0.42979387484026876,2,2,0.7505159378051758,974.767432808876,1000.0,68,0.9755242389503656,0.0,0.0,0.0,0.0919203268739579
2014-02-11,0.38303664326667786,0.4335759961614723,0.055959993602453795,1.0,0.4335759961614723,2,2,0.7660732865333557,974.0013595223427,1000.0,70,0.9747035929393294,0.0,0.0,0.0,0.050406206612259474
2014-02-12,0.39670807123184204,0.4255275808063898,0.04254596801064964,1.0,0.4255275808063898,2,2,0.7934161424636841,973.207943379879,1000.0,72,0.9737949003999867,0.0,0.0,0.0,0.12680124373604196
2014-02-13,0.4092009961605072,0.4143241362215803,0.023873560369300495,1.0,0.4143241362215803,2,2,0.8184019923210144,972.389541387558,1000.0,74,0.9728072637454993,0.0,0.0,0.0,0.2343913246389442
2014-02-14,0.422165185213089,0.4047431174485376,0.007905195747562599,1.0,0.4047431174485376,2,2,0.844330370426178,971.5452110171318,1000.0,76,0.9717383734209929,0.0,0.0,0.0,0.32539150590909216
2014-02-18,0.42192956805229187,0.40463726892736024,0.007728781545600361,1.0,0.40463726892736024,2,2,0.8438591361045837,970.7013518810272,1000.0,78,0.9706849082615583,0.0,0.0,0.0,0.32170939790341024
2014-02-19,0.42758679389953613,0.40457843739139754,0.007630728985662527,1.0,0.40457843739139754,2,2,0.8551735877990723,969.8461782932281,1000.0,80,0.9696024843453361,0.0,0.0,0.0,0.31742680564003734
2014-03-13,0.4200463593006134,0.5171102742756927,0.19518379045948775,1.0,0.5171102742756927,3,3,1.2601390779018402,1468.5860392153263,1500.0,83,0.9773222164205705,0.0607006153031911,0.0,1.0,1.0
2014-03-14,0.4219403862953186,0.5050775598194348,0.17512926636572465,1.0,0.5050775598194348,3,3,1.2658211588859558,1467.3202180564404,1500.0,86,0.9764890216717689,0.03479444459364181,0.0,1.0,1.0
2014-03-17,0.4219403862953186,0.5140355296981588,0.19005921616359797,1.0,0.5140355296981588,3,3,1.2658211588859558,1466.0543968975544,1500.0,89,0.9756553724087793,0.031501565670081756,0.0,1.0,0.8918509243732866
2014-03-26,0.42691290378570557,0.5379911619617254,0.2299852699362089,1.0,0.5379911619617254,3,3,1.2807387113571167,1464.7736581861973,1500.0,92,0.9744832805191217,0.036555219490413335,0.0,1.0,0.6697616304256537
2014-03-27,0.42123013734817505,0.5598000855091642,0.2663334758486069,1.0,0.5598000855091642,3,3,1.2636904120445251,1463.5099677741528,1500.0,95,0.973674726874237,0.09303316615208145,0.0,1.0,0.7021846635267917
2014-03-28,0.42383474111557007,0.5437048536959673,0.23950808949327884,1.0,0.5437048536959673,3,3,1.2715042233467102,1462.238463550806,1500.0,98,0.9728487549128008,0.05678895183065311,0.0,1.0,0.6963211433858696
2014-03-31,0.42407143115997314,0.5398329335858757,0.2330548893097928,1.0,0.5398329335858757,3,3,1.2722142934799194,1460.9662492573261,1500.0,101,0.9720201712358408,0.04893321495084989,0.0,1.0,0.6959609019813502
2014-04-04,0.42975419759750366,0.49916632073794365,0.16527720122990605,1.0,0.49916632073794365,2,2,0.8595083951950073,1960.1067408621311,2000.0,103,0.9782105303477723,0.019936849069880285,0.0,1.0,1.0
2014-04-07,0.43117478489875793,0.4914160897022233,0.15236014950370544,1.0,0.4914160897022233,2,2,0.8623495697975159,1959.2443912923336,2000.0,105,0.9777805264513383,0.0031441173313800867,0.0,1.0,1.0
2014-04-11,0.4290437698364258,0.5337914218224391,0.22298570303739848,1.0,0.5337914218224391,3,3,1.2871313095092773,1957.9572599828243,2000.0,108,0.9772281748574992,0.054239663387228944,0.0,1.0,0.8036910538768862
2014-04-30,0.4373309910297394,0.5472544876136151,0.24542414602269175,1.0,0.5472544876136151,3,3,1.3119929730892181,1956.645267009735,2000.0,111,0.976226291686835,0.03319524145750749,0.0,1.0,0.5698520230133903
2014-05-01,0.4396989643573761,0.5364433065445476,0.22740551090757938,1.0,0.5364433065445476,3,3,1.3190968930721283,2455.326170116663,2500.0,114,0.9804550751262147,0.00570246661519067,0.0,1.0,0.5732758723908487
2014-05-02,0.43638405203819275,0.552500274873585,0.2541671247893083,1.0,0.552500274873585,3,3,1.3091521561145782,2454.0170179605484,2500.0,117,0.9799434104194714,0.03925812186430963,0.0,1.0,0.5614041465411646
2014-05-06,0.43212196230888367,0.5657899241925595,0.27631654032093245,1.0,0.5657899241925595,3,3,1.296365886926651,2452.7206520736217,2500.0,120,0.9794448247769411,0.08072599318707428,0.0,1.0,0.6128694389124749
2014-05-07,0.43259555101394653,0.5888635662919125,0.31477261048652083,1.0,0.5888635662919125,3,3,1.2977866530418396,2451.42286542058,2500.0,123,0.9789480208638327,0.06825787866283961,0.0,1.0,0.3237908849509008
2014-05-08,0.43804141879081726,0.5490709897994952,0.2484516496658253,1.0,0.5490709897994952,3,3,1.3141242563724518,2450.1087411642075,2500.0,126,0.9784242586054346,0.005585808064811998,0.0,1.0,0.43733540202115684
2014-05-09,0.4273862838745117,0.5471176850691991,0.2451961417819985,1.0,0.5471176850691991,3,3,1.2821588516235352,2448.826582312584,2500.0,129,0.9779515172278052,0.11524921468981739,0.0,1.0,0.9482264429373097
2014-05-13,0.43283241987228394,0.5125318748283914,0.18755312471398555,1.0,0.5125318748283914,3,3,1.2984972596168518,2447.528085052967,2500.0,132,0.9774383798382623,0.05041023089149623,0.0,1.0,1.0
2014-05-14,0.42857035994529724,0.5300747127653304,0.21679118794221724,1.0,0.5300747127653304,3,3,1.2857110798358917,2446.242373973131,2500.0,135,0.9769572904256342,0.08987540460843325,0.0,1.0,1.0
2014-05-15,0.42620235681533813,0.5371631458062047,0.22860524301034119,1.0,0.5371631458062047,3,3,1.2786070704460144,2444.963766902685,2500.0,138,0.9764861144094489,0.10609865404878378,0.0,1.0,1.0
2014-05-16,0.4252554476261139,0.5369382130655624,0.2282303551092707,1.0,0.5369382130655624,3,3,1.2757663428783417,2443.688000559807,2500.0,141,0.9760171374921183,0.10606778043135373,0.0,1.0,1.0
2014-05-20,0.43387433886528015,0.49377734791511785,0.1562955798585297,1.0,0.49377734791511785,2,2,0.8677486777305603,2442.8202518820763,2500.0,143,0.9754770333938894,0.010694850861927912,0.0,1.0,1.0
2014-05-21,0.43387433886528015,0.49316563470873553,0.15527605784789253,1.0,0.49316563470873553,2,2,0.8677486777305603,2441.9525032043457,2500.0,145,0.9751342563645946,0.009678265210373299,0.0,1.0,1.0
2014-06-17,0.46646255254745483,0.40425268373774514,0.007087806229575204,1.0,0.40425268373774514,2,2,0.9329251050949097,2941.019578099251,3000.0,147,0.978090668204892,0.0,0.0,0.0,0.3588811695445624
2014-06-18,0.4659867286682129,0.41516939761562766,0.02528232935937939,1.0,0.41516939761562766,2,2,0.9319734573364258,2940.0876046419144,3000.0,149,0.9777292495507021,0.0,0.0,0.0,0.2480876468218829
2014-06-20,0.4502873718738556,0.509086219859503,0.18181036643250492,1.0,0.509086219859503,3,3,1.3508621156215668,2938.736742526293,3000.0,152,0.977442869459289,0.042748730228495326,0.0,1.0,1.0
2014-06-23,0.44505417346954346,0.5306044189249405,0.21767403154156745,1.0,0.5306044189249405,3,3,1.3351625204086304,2937.401580005884,3000.0,155,0.9770326885217646,0.09097713131143628,0.0,1.0,1.0
2014-06-24,0.4381560683250427,0.5642116418154409,0.2736860696924015,1.0,0.5642116418154409,3,3,1.3144682049751282,2936.087111800909,3000.0,158,0.9766539149070921,0.15163603661235772,0.0,1.0,0.9351883636831151
2014-06-25,0.4426754117012024,0.5379564095188699,0.2299273491981165,1.0,0.5379564095188699,3,3,1.3280262351036072,2934.7590855658054,3000.0,161,0.9762481224770247,0.09212727982351346,0.0,1.0,0.9281252151637231
2014-06-26,0.436728835105896,0.5536872095293567,0.25614534921559445,1.0,0.5536872095293567,3,3,1.310186505317688,2933.4488990604877,3000.0,164,0.9758700023866594,0.14343490767857756,0.0,1.0,1.0
2014-06-27,0.43720459938049316,0.5453611079828704,0.242268513304784,1.0,0.5453611079828704,3,3,1.3116137981414795,2932.1372852623463,3000.0,167,0.9754850519399002,0.12531741024425627,0.0,1.0,1.0
2014-06-30,0.441010445356369,0.5225830014885319,0.20430500248088643,1.0,0.5225830014885319,3,3,1.323031336069107,2930.814253926277,3000.0,170,0.975076018317951,0.07510842943434201,0.0,1.0,1.0
2014-07-01,0.4460057020187378,0.4980882805163298,0.16348046752721632,1.0,0.4980882805163298,2,2,0.8920114040374756,3429.9222425222397,3500.0,172,0.9782608182606478,0.01749091622008508,0.0,1.0,1.0
2014-07-02,0.4443405866622925,0.5048140322704966,0.17469005378416097,1.0,0.5048140322704966,3,3,1.3330217599868774,3428.589220762253,3500.0,175,0.978020184214268,0.032677665275724466,0.0,1.0,1.0
2014-07-07,0.44481632113456726,0.5015681286538751,0.16928021442312519,1.0,0.5015681286538751,3,3,1.3344489634037018,3427.254771798849,3500.0,178,0.9776436414131987,0.025841088928745964,0.0,1.0,1.0
2014-07-08,0.4412483274936676,0.5176484910200423,0.19608081836673713,1.0,0.5176484910200423,3,3,1.3237449824810028,3425.931026816368,3500.0,181,0.9772888639537554,0.05955378429177734,0.0,1.0,0.9893070069044738
2014-07-18,0.4386317729949951,0.5502206404173822,0.2503677340289703,1.0,0.5502206404173822,3,3,1.3158953189849854,3424.615131497383,3500.0,184,0.9766874328771653,0.1349139902725726,0.0,1.0,1.0
2014-07-21,0.4412483274936676,0.5325574733835359,0.2209291223058931,1.0,0.5325574733835359,3,3,1.3237449824810028,3423.291386514902,3500.0,187,0.9763488375305218,0.09600110332178009,0.0,1.0,1.0
2014-07-22,0.4393453598022461,0.5370112604125493,0.22835210068758216,1.0,0.5370112604125493,3,3,1.3180360794067383,3421.9733504354954,3500.0,190,0.976016857352163,0.10623038800905762,0.0,1.0,1.0
2014-07-23,0.43006837368011475,0.5747429195318355,0.2912381992197259,1.0,0.5747429195318355,3,3,1.2902051210403442,3420.683145314455,3500.0,193,0.9757293705853884,0.1903660061520238,0.0,1.0,1.0
2014-07-24,0.4307820796966553,0.5634596530214622,0.27243275503577025,1.0,0.5634596530214622,3,3,1.2923462390899658,3419.390799075365,3500.0,196,0.9754317972827221,0.1655896538760827,0.0,1.0,1.0
2014-07-25,0.42317014932632446,0.5915155995021335,0.31919266583688916,1.0,0.5915155995021335,3,3,1.2695104479789734,3418.121288627386,3500.0,199,0.9751691998847815,0.22819879900884846,0.0,1.0,1.0
2014-07-28,0.4215050935745239,0.5897376525467276,0.31622942091121264,1.0,0.5897376525467276,3,3,1.2645152807235718,3416.8567733466625,3500.0,202,0.9749077354807507,0.2245092701786437,0.0,1.0,1.0
2014-07-29,0.42293232679367065,0.5737455388553165,0.2895758980921942,1.0,0.5737455388553165,3,3,1.268796980381012,3415.5879763662815,3500.0,205,0.974630536585514,0.18924843864852253,0.0,1.0,1.0
2014-07-30,0.43006837368011475,0.5325318613250027,0.2208864355416712,1.0,0.5325318613250027,3,3,1.2902051210403442,3414.297771245241,3500.0,208,0.9743067641472238,0.09798626101944898,0.0,1.0,1.0
2014-07-31,0.41627195477485657,0.592753073248734,0.3212551220812234,1.0,0.592753073248734,3,3,1.2488158643245697,3413.0489553809166,3500.0,211,0.9740575071764527,0.2320604333762896,0.0,1.0,1.0
2014-08-01,0.42079147696495056,0.56333187325346,0.2722197887557667,1.0,0.56333187325346,3,3,1.2623744308948517,3911.7865809500217,4000.0,214,0.9770519985842674,0.16368549753453257,0.0,1.0,1.0
2014-08-04,0.41984012722969055,0.5608938399259111,0.2681563998765185,1.0,0.5608938399259111,3,3,1.2595203816890717,3910.5270605683327,4000.0,217,0.9768031360169638,0.1585165082628387,0.0,1.0,1.0
2014-08-05,0.42007797956466675,0.5553434720280048,0.25890578671334136,1.0,0.5553434720280048,3,3,1.2602339386940002,3909.2668266296387,4000.0,220,0.976547739027688,0.14135749677006804,0.0,1.0,0.9771388408098542
2014-08-06,0.4196021854877472,0.5703007627905189,0.2838346046508648,1.0,0.5703007627905189,3,3,1.2588065564632416,3908.0080200731754,4000.0,223,0.9762900252289101,0.13324657140383933,0.0,1.0,0.7899070569421838
2014-08-07,0.4153205156326294,0.5851512287404872,0.3085853812341453,1.0,0.5851512287404872,3,3,1.2459615468978882,3906.7620585262775,4000.0,226,0.9760504382351566,0.16606629927817299,0.0,1.0,0.7880130314051113
2014-09-12,0.45681875944137573,0.5134540661437201,0.18909011023953354,1.0,0.5134540661437201,3,3,1.3704562783241272,4405.391602247953,4500.0,229,0.9768113454787033,0.05308657928511917,0.0,1.0,1.0
2014-09-15,0.4506067931652069,0.5385656224362655,0.23094270406044246,1.0,0.5385656224362655,3,3,1.3518203794956207,4404.039781868458,4500.0,232,0.9765573971462905,0.10914398604541045,0.0,1.0,1.0
2014-09-16,0.4572966694831848,0.5042043770092197,0.17367396168203283,1.0,0.5042043770092197,3,3,1.3718900084495544,4402.667891860008,4500.0,235,0.9762668152252126,0.03307624479527573,0.0,1.0,1.0
2014-09-17,0.4575355648994446,0.5016057734498569,0.1693429557497615,1.0,0.5016057734498569,3,3,1.3726066946983337,4401.29528516531,4500.0,238,0.9759738782574325,0.027594507186693904,0.0,1.0,1.0
2014-09-19,0.45586302876472473,0.5095370538873786,0.18256175647896428,1.0,0.5095370538873786,3,3,1.3675890862941742,4399.927696079016,4500.0,241,0.9756683710422119,0.045525082040851615,0.0,1.0,1.0
2014-09-22,0.45132356882095337,0.527624871541871,0.2127081192364516,1.0,0.527624871541871,3,3,1.35397070646286,4398.573725372553,4500.0,244,0.9754061884749203,0.08598241495145943,0.0,1.0,1.0
2014-09-23,0.4494122564792633,0.5323863665863314,0.22064394431055234,1.0,0.5323863665863314,3,3,1.34823676943779,4397.225488603115,4500.0,247,0.9751506916640882,0.09681901186109274,0.0,1.0,1.0
2014-09-24,0.4520402252674103,0.5164767781293681,0.1941279635489468,1.0,0.5164767781293681,3,3,1.3561206758022308,4395.869367927313,4500.0,250,0.9748778194689571,0.061737243040749595,0.0,1.0,1.0
2014-09-25,0.44224464893341064,0.5883597770606007,0.31393296176766783,1.0,0.5883597770606007,3,3,1.326733946800232,4394.542633980513,4500.0,253,0.9746544213956122,0.15316901096235877,0.0,1.0,0.6916076750048623
2014-09-26,0.4432002305984497,0.5904083339059193,0.31734722317653213,1.0,0.5904083339059193,3,3,1.3296006917953491,4393.213033288717,4500.0,256,0.9744199909946447,0.12945795905905938,0.0,1.0,0.5633674361824756
2014-09-29,0.44248345494270325,0.5878754675177768,0.3131257791962946,1.0,0.5878754675177768,3,3,1.3274503648281097,4391.885582923889,4500.0,259,0.9741843790313622,0.1245813273312367,0.0,1.0,0.5656910034539275
2014-09-30,0.440810889005661,0.5913555187993679,0.3189258646656131,1.0,0.5913555187993679,3,3,1.322432667016983,4390.563150256872,4500.0,262,0.9739529981436318,0.12974357825060812,0.0,1.0,0.5530794057804016
2014-10-01,0.43651047348976135,0.6237695332665399,0.37294922211089987,1.0,0.6237695332665399,3,3,1.309531420469284,4889.253618836403,5000.0,265,0.9763662311452604,0.16091805935630588,0.0,1.0,0.38008397459164933
2014-10-02,0.43459901213645935,0.640777485605237,0.40129580934206155,1.0,0.640777485605237,3,3,1.303797036409378,4887.9498217999935,5000.0,268,0.9761785332699623,0.16533807421103439,0.0,1.0,0.22904987761211482
2014-10-03,0.43555453419685364,0.6354751019858417,0.3924585033097361,1.0,0.6354751019858417,3,3,1.306663602590561,4886.643158197403,5000.0,271,0.9759798487337258,0.1403880071042285,0.0,1.0,0.16890433141237882
2014-10-06,0.43292662501335144,0.6418497504382707,0.4030829173971179,1.0,0.6418497504382707,3,3,1.2987798750400543,4885.344378322363,5000.0,274,0.9757894817273216,0.15404362445980013,0.0,1.0,0.16575147345934016
2014-10-07,0.4283870458602905,0.665971312293935,0.44328552048989167,1.0,0.665971312293935,3,3,1.2851611375808716,4884.059217184782,5000.0,277,0.9756169849220019,0.18607316649552516,0.0,1.0,0.06789255843952136
2014-10-08,0.4362714886665344,0.6237658288965997,0.3729430481609995,1.0,0.6237658288965997,3,3,1.3088144659996033,4882.750402718782,5000.0,280,0.9753957835011766,0.08835396703612042,0.0,1.0,0.04921558845183949
2014-10-09,0.42790916562080383,0.6634094292934293,0.4390157154890488,1.0,0.6634094292934293,3,3,1.2837274968624115,4881.46667522192,5000.0,283,0.9752157665930961,0.16569407628119115,0.0,1.0,0.0
2014-10-10,0.402583509683609,0.9349358919141433,0.8915598198569055,1.0,0.9349358919141433,4,4,1.610334038734436,4879.856341183186,5000.0,287,0.9751657976272358,0.4123296762125967,1.0,1.0,0.394370713137814
2014-10-13,0.4011498689651489,0.9326019632637013,0.8876699387728354,1.0,0.9326019632637013,4,4,1.6045994758605957,4878.251741707325,5000.0,291,0.9750204235333045,0.3910342496600212,1.0,1.0,0.3212263967329536
2014-10-14,0.41046786308288574,0.664781694704839,0.4413028245080651,1.0,0.664781694704839,3,3,1.2314035892486572,4877.020338118076,5000.0,294,0.9748092755777673,0.25832817845842876,0.0,1.0,0.4013015961144919
2014-10-15,0.41667988896369934,0.6202534856709656,0.36708914278494265,1.0,0.6202534856709656,3,3,1.250039666891098,4875.770298451185,5000.0,297,0.9746400197822367,0.16940130459881156,0.0,1.0,0.44565110300506094
2014-10-16,0.41691890358924866,0.6144098432374231,0.35734973872903847,1.0,0.6144098432374231,3,3,1.250756710767746,4874.5195417404175,5000.0,300,0.9744625561551213,0.15124085565678627,0.0,1.0,0.42156692077935376
2014-10-17,0.41620197892189026,0.6220819292961975,0.37013654882699587,1.0,0.6220819292961975,3,3,1.2486059367656708,4873.270935803652,5000.0,303,0.9742830097090613,0.14482090384576185,0.0,1.0,0.31514831803472965
2014-10-20,0.41978585720062256,0.6006322876028792,0.3343871460047987,1.0,0.6006322876028792,3,3,1.2593575716018677,4872.01157823205,5000.0,306,0.9740768052582939,0.09338582689607068,0.0,1.0,0.29725896866584756
2014-10-22,0.4274313449859619,0.5505295121362289,0.25088252022704816,1.0,0.5505295121362289,3,3,1.2822940349578857,4870.729284197092,5000.0,309,0.9737697832971607,0.013613762804081274,0.0,1.0,0.4379308360933001
2014-12-10,0.4863443672657013,0.5033470813758444,0.17224513562640728,1.0,0.5033470813758444,3,3,1.4590331017971039,5869.270251095295,6000.0,312,0.9747886383213292,0.03264932029165832,0.0,1.0,1.0
2014-12-11,0.48610439896583557,0.5028527852866063,0.17142130881101042,1.0,0.5028527852866063,3,3,1.4583131968975067,5867.811937898397,6000.0,315,0.9745608871942786,0.031778635664846226,0.0,1.0,1.0
2014-12-12,0.4709886610507965,0.5722044240796572,0.28700737346609534,1.0,0.5722044240796572,3,3,1.4129659831523895,5866.398971915245,6000.0,318,0.9744074055741351,0.16912894923681404,0.0,1.0,0.9238693558526987
2014-12-15,0.46954911947250366,0.577483658407176,0.2958060973452933,1.0,0.577483658407176,3,3,1.408647358417511,5864.9903245568275,6000.0,321,0.9742541646832559,0.1669652536273194,0.0,1.0,0.8606507983258296
2014-12-16,0.4642705023288727,0.5954862115458107,0.32581035257635116,1.0,0.5954862115458107,3,3,1.392811506986618,5863.597513049841,6000.0,324,0.974120826937846,0.20106925075618365,0.0,1.0,0.8334932341650267
2014-12-17,0.4832252562046051,0.5219518903358966,0.20325315055982768,1.0,0.5219518903358966,3,3,1.4496757686138153,5862.147837281227,6000.0,327,0.9738815246176055,0.004654090062675378,0.0,1.0,0.6838913627022973
2014-12-19,0.4899432361125946,0.401714055788256,0.0028567596470932544,1.0,0.401714055788256,2,2,0.9798864722251892,5861.167950809002,6000.0,329,0.9736002543134794,0.0,0.0,0.0,0.3640605865280979
2014-12-26,0.49402210116386414,0.400998890182733,0.0016648169712216165,1.0,0.400998890182733,2,2,0.9880442023277283,5860.179906606674,6000.0,331,0.9732431890131972,0.0,0.0,0.0,0.3696054487320577
2014-12-29,0.4933023154735565,0.40070225732108783,0.0011704288684796782,1.0,0.40070225732108783,2,2,0.986604630947113,5859.193301975727,6000.0,333,0.9730524976243179,0.0,0.0,0.0,0.37171366609855205
2014-12-30,0.4887435734272003,0.4031447872949939,0.005241312158323168,1.0,0.4031447872949939,2,2,0.9774871468544006,5858.215814828873,6000.0,335,0.9728882498687628,0.0,0.0,0.0,0.346549251459493
2014-12-31,0.4810658097267151,0.5838323356695685,0.3063872261159475,1.0,0.5838323356695685,3,3,1.4431974291801453,5856.7726173996925,6000.0,338,0.9727649475589858,0.06894510889707632,0.0,1.0,0.34937189735659446
2015-01-02,0.48298537731170654,0.5833617720953826,0.3056029534923044,1.0,0.5833617720953826,3,3,1.4489561319351196,6355.323661267757,6500.0,341,0.974658620978554,0.04461860600519099,0.0,1.0,0.25312980047302625
2015-01-05,0.4748275578022003,0.6224369604552007,0.3707282674253345,1.0,0.6224369604552007,3,3,1.424482673406601,6353.899178594351,6500.0,344,0.9744961849549386,0.11638079592680703,0.0,1.0,0.1845768094158482
2015-01-06,0.4604315161705017,0.871461955457231,0.7857699257620517,1.0,0.871461955457231,4,4,1.8417260646820068,6352.057452529669,6500.0,348,0.9744014051428117,0.24047068129253396,1.0,1.0,0.25230483438674556
2015-01-07,0.4592318832874298,0.6709523840914864,0.45158730681914394,1.0,0.6709523840914864,3,3,1.3776956498622894,6350.6797568798065,6500.0,351,0.9742284789122487,0.2298957370613159,0.0,1.0,0.20903513096617732
2015-01-08,0.4765070378780365,0.5782566943844326,0.297094490640721,1.0,0.5782566943844326,3,3,1.4295211136341095,6349.250235766172,6500.0,354,0.974031292467731,0.0456948977071858,0.0,1.0,0.3062009119428004
2015-01-09,0.47842660546302795,0.56714069161451,0.2785678193575166,1.0,0.56714069161451,3,3,1.4352798163890839,6347.814955949783,6500.0,357,0.9738221770665983,0.02329719305993324,0.0,1.0,0.31563024942429263
2015-01-12,0.47242823243141174,0.5914327017107814,0.3190545028513024,1.0,0.5914327017107814,3,3,1.4172846972942352,6346.397671252489,6500.0,360,0.973643422227631,0.07765910002445713,0.0,1.0,0.31653433302658285
2015-01-13,0.4717085361480713,0.5943792637755045,0.3239654396258409,1.0,0.5943792637755045,3,3,1.4151256084442139,6344.982545644045,6500.0,363,0.9734650494066134,0.07717269789977567,0.0,1.0,0.28407722512370515
2015-01-14,0.47362789511680603,0.5826372452635794,0.3043954087726323,1.0,0.5826372452635794,3,3,1.420883685350418,6343.5616619586945,6500.0,366,0.97327304661692,0.05175619581316114,0.0,1.0,0.2862591382995716
2015-01-15,0.4702688455581665,0.5960556184464997,0.32675936407749945,1.0,0.5960556184464997,3,3,1.4108065366744995,6342.15085542202,6500.0,369,0.9730967421177826,0.07870876205561865,0.0,1.0,0.2725685843153094
2015-01-16,0.47890645265579224,0.42138131770273235,0.035635529504553884,1.0,0.42138131770273235,2,2,0.9578129053115845,6341.193042516708,6500.0,371,0.9728701879402426,0.0,0.0,0.0,0.16410266870376833
2015-01-20,0.48034608364105225,0.4001369293015378,0.00022821550256300432,1.0,0.4001369293015378,2,2,0.9606921672821045,6340.232350349426,6500.0,373,0.9727098267594082,0.0,0.0,0.0,0.3758249274019587
2015-01-22,0.49546194076538086,0.4084162538563415,0.014027089760569138,1.0,0.4084162538563415,2,2,0.9909238815307617,6339.2414264678955,6500.0,375,0.9724238076976074,0.0,0.0,0.0,0.29174459607581804
2015-01-23,0.4969014823436737,0.4095325556680969,0.015887592780161424,1.0,0.4095325556680969,2,2,0.9938029646873474,6338.247623503208,6500.0,377,0.9721861042396528,0.0,0.0,0.0,0.279511912397469
2015-01-26,0.4947420060634613,0.4097365512339745,0.016227585389957482,1.0,0.4097365512339745,2,2,0.9894840121269226,6337.258139491081,6500.0,379,0.9719679730037933,0.0,0.0,0.0,0.2764903661773248
2015-01-27,0.4709886610507965,0.5868090833950719,0.31134847232511975,1.0,0.5868090833950719,3,3,1.4129659831523895,6335.845173507929,6500.0,382,0.9718876882791307,0.11561656657087124,0.0,1.0,0.5256783128742901
2015-01-28,0.4633108079433441,0.6174121836801109,0.3623536394668514,1.0,0.6174121836801109,3,3,1.3899324238300323,6334.455241084099,6500.0,385,0.9717705364152766,0.17730478509057018,0.0,1.0,0.49671710997520213
2015-01-29,0.47458773851394653,0.5590328167070896,0.26505469451181596,1.0,0.5590328167070896,3,3,1.4237632155418396,6333.031477868557,6500.0,388,0.9715813118309048,0.054276141739442056,0.0,1.0,0.5260303739956655
2015-01-30,0.4606713652610779,0.6120411383138594,0.35340189718976567,1.0,0.6120411383138594,3,3,1.3820140957832336,6331.649463772774,6500.0,391,0.971468590899156,0.1810061706019435,0.0,1.0,0.5657250436163546
2015-02-02,0.4707487225532532,0.5640053604343391,0.2733422673905652,1.0,0.5640053604343391,3,3,1.4122461676597595,6830.237217605114,7000.0,394,0.9733401423176884,0.0684885570636925,0.0,1.0,0.5481755428728226
2015-03-16,0.5532485246658325,0.4041969791710364,0.006994965285060661,1.0,0.4041969791710364,2,2,1.106497049331665,7329.130720555782,7500.0,396,0.9717686038931833,0.0,0.0,0.0,0.3309889258089609
2015-03-17,0.5599924325942993,0.4017180924981192,0.002863487496865269,1.0,0.4017180924981192,2,2,1.1199848651885986,7328.010735690594,7500.0,398,0.9715116880039666,0.0,0.0,0.0,0.3546216710366581
2015-03-18,0.5508397817611694,0.407335191517081,0.01222531919513492,1.0,0.407335191517081,2,2,1.1016795635223389,7326.909056127071,7500.0,400,0.9713107563331304,0.0,0.0,0.0,0.297546488328277
2015-03-19,0.5592697262763977,0.40465948739951,0.007765812332516664,1.0,0.40465948739951,2,2,1.1185394525527954,7325.790516674519,7500.0,402,0.971071893278169,0.0,0.0,0.0,0.3232286457566602
2015-03-20,0.5652912855148315,0.4059463828467107,0.009910638077851124,1.0,0.4059463828467107,2,2,1.130582571029663,7324.659934103489,7500.0,404,0.9708104083971165,0.0,0.0,0.0,0.3091830093199177
2015-03-24,0.5395194888114929,0.5538476841197505,0.2564128068662508,1.0,0.5538476841197505,3,3,1.6185584664344788,7323.041375637054,7500.0,407,0.9706799980073312,0.0439777474698298,0.0,1.0,0.5274830134497204
2015-03-25,0.5067628622055054,0.8356296961971212,0.7260494936618688,1.0,0.8356296961971212,4,4,2.0270514488220215,7321.014324188232,7500.0,411,0.9706563126923894,0.31409753756140874,1.0,1.0,0.9250953641708792
2015-03-26,0.5050769448280334,0.8297237526586633,0.7162062544311054,1.0,0.8297237526586633,4,4,2.020307779312134,7318.99401640892,7500.0,415,0.9705540046240243,0.3001730416696545,1.0,1.0,0.9210341817349208
2015-03-27,0.5149520039558411,0.5748843233942794,0.291473872323799,1.0,0.5748843233942794,3,3,1.5448560118675232,7317.449160397053,7500.0,418,0.9703853840241576,0.18919797764724738,0.0,1.0,0.9692818935785286
2015-03-30,0.5171196460723877,0.5741324753389644,0.2902207922316073,1.0,0.5741324753389644,3,3,1.551358938217163,7315.897801458836,7500.0,421,0.9702672925513955,0.15335062278014625,0.0,1.0,0.814955865602295
2015-03-31,0.5041135549545288,0.6175546518520323,0.3625910864200538,1.0,0.6175546518520323,3,3,1.5123406648635864,7314.385460793972,7500.0,424,0.9702109023777933,0.250347194636165,0.0,1.0,0.8169649180424896
2015-04-01,0.5060404539108276,0.6023198634073997,0.3371997723456662,1.0,0.6023198634073997,3,3,1.518121361732483,7812.8673394322395,8000.0,427,0.9719981086881642,0.2110120422584558,0.0,1.0,0.8003470451857926
2015-04-02,0.507244884967804,0.5954057431609382,0.32567623860156364,1.0,0.5954057431609382,3,3,1.5217346549034119,7811.345604777336,8000.0,430,0.9719072032573746,0.18129220397685702,0.0,1.0,0.73533990094466
2015-04-06,0.5219368934631348,0.5115173945780698,0.18586232429678293,1.0,0.5115173945780698,3,3,1.5658106803894043,7809.779794096947,8000.0,433,0.9717323120732194,0.037778099095031034,0.0,1.0,0.9276229044764293
2015-04-20,0.5320530533790588,0.4943799531550841,0.15729992192514014,1.0,0.4943799531550841,2,2,1.0641061067581177,7808.715687990189,8000.0,435,0.9711078439363587,0.016403163074939244,0.0,1.0,1.0
2015-04-21,0.5313303470611572,0.4963829492158105,0.16063824869301746,1.0,0.4963829492158105,2,2,1.0626606941223145,7807.653027296066,8000.0,437,0.9709872042509434,0.020974905117524253,0.0,1.0,1.0
2015-04-24,0.5306078195571899,0.5084125014802438,0.18068750246707288,1.0,0.5084125014802438,3,3,1.5918234586715698,7806.061203837395,8000.0,440,0.9708455002941554,0.029163176224736378,0.0,1.0,0.915914029532575
2015-04-29,0.5332574248313904,0.5002432587495445,0.16707209791590738,1.0,0.5002432587495445,3,3,1.5997722744941711,7804.4614315629005,8000.0,443,0.9706263652831141,0.0075707946238488975,0.0,1.0,0.8994546320858885
2015-05-05,0.5306078195571899,0.5467664390807764,0.24461073180129395,1.0,0.5467664390807764,3,3,1.5918234586715698,8302.869608104229,8500.0,446,0.9720769417883756,0.048172937085175026,0.0,1.0,0.6234600641232138
2015-05-06,0.5322938561439514,0.540912262986158,0.23485377164359666,1.0,0.540912262986158,3,3,1.5968815684318542,8301.272726535797,8500.0,449,0.9719052162687114,0.029367014702927217,0.0,1.0,0.5966024095107938
2015-05-08,0.5017049908638,0.81850769720703,0.6975128286783833,1.0,0.81850769720703,4,4,2.0068199634552,8299.265906572342,8500.0,453,0.9718575039058979,0.2914929343319466,1.0,1.0,1.0
2015-05-11,0.4968879222869873,0.8252753315514851,0.7087922192524753,1.0,0.8252753315514851,4,4,1.9875516891479492,8297.278354883194,8500.0,457,0.9717888869949994,0.3066007386749676,1.0,1.0,1.0
2015-05-12,0.5017049908638,0.5940932113832909,0.32348868563881805,1.0,0.5940932113832909,3,3,1.5051149725914001,8295.773239910603,8500.0,460,0.9716813247665078,0.23741470052969396,0.0,1.0,1.0
2015-05-13,0.5045952200889587,0.5730587247185617,0.28843120786426946,1.0,0.5730587247185617,3,3,1.5137856602668762,8294.259454250336,8500.0,463,0.9716094319005285,0.190743289696275,0.0,1.0,1.0
2015-05-14,0.5127843618392944,0.5331494719049503,0.2219157865082505,1.0,0.5331494719049503,3,3,1.5383530855178833,8292.721101164818,8500.0,466,0.9714856148931555,0.10217987822895618,0.0,1.0,1.0
2015-05-15,0.513025164604187,0.5278528427378626,0.21308807122977097,1.0,0.5278528427378626,3,3,1.539075493812561,8291.182025671005,8500.0,469,0.9713554558241484,0.09053975025999053,0.0,1.0,1.0
2015-05-18,0.5123026371002197,0.5268025714165797,0.21133761902763282,1.0,0.5268025714165797,3,3,1.5369079113006592,8289.645117759705,8500.0,472,0.9712245631468578,0.0883367066677638,0.0,1.0,1.0
2015-05-19,0.5091085433959961,0.5355413979970228,0.225902329995038,1.0,0.5355413979970228,3,3,1.5273256301879883,8288.117792129517,8500.0,475,0.971106117903755,0.10787476653407348,0.0,1.0,1.0
2015-05-20,0.5091085433959961,0.5309528702569762,0.21825478376162705,1.0,0.5309528702569762,3,3,1.5273256301879883,8286.590466499329,8500.0,478,0.970982217618965,0.0978019385076488,0.0,1.0,1.0
2015-05-21,0.5054789781570435,0.541078373355417,0.23513062225902825,1.0,0.541078373355417,3,3,1.5164369344711304,8285.074029564857,8500.0,481,0.9708727848981292,0.12041248922501956,0.0,1.0,1.0
2015-05-22,0.5047532320022583,0.5388462076433383,0.23141034607223054,1.0,0.5388462076433383,3,3,1.514259696006775,8283.55976986885,8500.0,484,0.9707611140357586,0.11556379183832659,0.0,1.0,1.0
2015-05-26,0.5016077756881714,0.5464066991124656,0.2440111651874427,1.0,0.5464066991124656,3,3,1.5048233270645142,8282.054946541786,8500.0,487,0.9706605711315303,0.13246542689617105,0.0,1.0,1.0
2015-06-10,0.5195133090019226,0.5121020828352099,0.18683680472534975,1.0,0.5121020828352099,3,3,1.5585399270057678,8780.49640661478,9000.0,490,0.9715740560309757,0.055319461380601696,0.0,1.0,1.0
2015-06-11,0.5250788331031799,0.488085834242001,0.14680972373666834,1.0,0.488085834242001,2,2,1.0501576662063599,8779.446248948574,9000.0,492,0.9714002263175757,0.0021238497757599503,0.0,1.0,1.0
2015-06-12,0.5108026266098022,0.5434492474314353,0.23908207905239215,1.0,0.5434492474314353,3,3,1.5324078798294067,8777.913841068745,9000.0,495,0.9713589811694644,0.12519490201150302,0.0,1.0,1.0
2015-06-15,0.5098345875740051,0.5419402304528291,0.23656705075471518,1.0,0.5419402304528291,3,3,1.5295037627220154,8776.384337306023,9000.0,498,0.971258127179569,0.12194238493782886,0.0,1.0,1.0
2015-06-16,0.5161260962486267,0.512172004399304,0.18695334066550662,1.0,0.512172004399304,3,3,1.5483782887458801,8774.835959017277,9000.0,501,0.9711179424550825,0.05593095621003741,0.0,1.0,1.0
2015-06-23,0.5134642720222473,0.5270682844327051,0.21178047405450856,1.0,0.5270682844327051,3,3,1.540392816066742,8773.29556620121,9000.0,504,0.970897654867563,0.0892540883162263,0.0,1.0,1.0
2015-06-24,0.5083827972412109,0.5431337656160147,0.2385562760266911,1.0,0.5431337656160147,3,3,1.5251483917236328,8771.770417809486,9000.0,507,0.970800263044671,0.12505254943536148,0.0,1.0,1.0
2015-06-25,0.5122542977333069,0.5226634548694272,0.20443909144904535,1.0,0.5226634548694272,3,3,1.5367628931999207,8770.233654916286,9000.0,510,0.9706756505921039,0.07968758245106758,0.0,1.0,1.0
2015-06-26,0.5018495321273804,0.5601565522089578,0.2669275870149296,1.0,0.5601565522089578,3,3,1.5055485963821411,8768.728106319904,9000.0,513,0.9706030600283129,0.16307816710270429,0.0,1.0,1.0
2015-06-29,0.48684731125831604,0.831075357310248,0.7184589288504133,1.0,0.8310753573102481,4,4,1.9473892450332642,8766.780717074871,9000.0,517,0.970603428890701,0.28001129136014,1.0,1.0,0.8170126680263048
2015-06-30,0.48660528659820557,0.6258445065237482,0.3764075108729137,1.0,0.6258445065237482,3,3,1.4598158597946167,8765.320901215076,9000.0,520,0.9705335505069925,0.2568479010345422,0.0,1.0,0.7647714666994241
2015-07-01,0.4936225712299347,0.5873277461953998,0.3122129103256664,1.0,0.5873277461953998,3,3,1.480867713689804,9263.840033501387,9500.0,523,0.9720232140019571,0.17111423326161382,0.0,1.0,0.7708410507320711
2015-07-02,0.4941062331199646,0.5811753907908426,0.30195898465140425,1.0,0.5811753907908426,3,3,1.4823186993598938,9262.357714802027,9500.0,526,0.9719509849073371,0.15101540589737575,0.0,1.0,0.7415948507127823
2015-07-06,0.48805707693099976,0.6016871509242443,0.33614525154040714,1.0,0.6016871509242443,3,3,1.4641712307929993,9260.893543571234,9500.0,529,0.9719031355497556,0.19110935295181022,0.0,1.0,0.7166846890146039
2015-07-07,0.4788622260093689,0.6337076982111024,0.3895128303518373,1.0,0.6337076982111024,3,3,1.4365866780281067,9259.456956893206,9500.0,532,0.9718945108658397,0.25625316838974255,0.0,1.0,0.6895875745390969
2015-07-08,0.4754745662212372,0.6571172277448227,0.42852871290803785,1.0,0.6571172277448227,3,3,1.4264236986637115,9258.030533194542,9500.0,535,0.9718911512046478,0.2636666299916351,0.0,1.0,0.4888377379350446
2015-07-09,0.4696672260761261,0.6621715903686587,0.4369526506144311,1.0,0.6621715903686587,3,3,1.4090016782283783,9256.621531516314,9500.0,538,0.9719057547268853,0.29268710206216564,0.0,1.0,0.568951951864143
2015-07-10,0.4778943359851837,0.6224112078786633,0.37068534646443885,1.0,0.6224112078786633,3,3,1.4336830079555511,9255.187848508358,9500.0,541,0.9718613475962793,0.19097246937339135,0.0,1.0,0.508640097576885
2015-07-13,0.48104000091552734,0.6139579370942415,0.35659656182373584,1.0,0.6139579370942415,3,3,1.443120002746582,9253.744728505611,9500.0,544,0.9717903070154711,0.14458342874846059,0.0,1.0,0.38410243999527705
2015-07-14,0.48128190636634827,0.6062663088034211,0.34377718133903523,1.0,0.6062663088034211,3,3,1.4438457190990448,9252.300882786512,9500.0,547,0.9717106763778267,0.12895356491755314,0.0,1.0,0.39032599779499755
2015-07-15,0.4778943359851837,0.6178154836381696,0.363025806063616,1.0,0.6178154836381696,3,3,1.4336830079555511,9250.867199778557,9500.0,550,0.9716431146119828,0.1481531834618849,0.0,1.0,0.3609285049507085
2015-07-16,0.4885411858558655,0.5623041239747809,0.2705068732913015,1.0,0.5623041239747809,3,3,1.4656235575675964,9249.40157622099,9500.0,553,0.9715093489810003,0.03627288600855997,0.0,1.0,0.4119788177052115
2015-07-17,0.48563745617866516,0.5756832481551342,0.2928054135918903,1.0,0.5756832481551342,3,3,1.4569123685359955,9247.944663852453,9500.0,556,0.9713898352059105,0.05958596773596359,0.0,1.0,0.3825586316870926
2015-07-20,0.4766845703125,0.6051360555006527,0.3418934258344212,1.0,0.6051360555006527,3,3,1.4300537109375,9246.514610141516,9500.0,559,0.9713171770172726,0.13670747979037162,0.0,1.0,0.43475040062787085
2015-07-21,0.4788622260093689,0.5877807041344397,0.3129678402240662,1.0,0.5877807041344397,3,3,1.4365866780281067,9245.078023463488,9500.0,562,0.9712253016702644,0.10381287294414498,0.0,1.0,0.45986474442044556
2015-07-22,0.4696672260761261,0.6265945932808399,0.37765765546806646,1.0,0.6265945932808399,3,3,1.4090016782283783,9243.66902178526,9500.0,565,0.9711798852579934,0.1796645207212083,0.0,1.0,0.41285389409800866
2015-07-23,0.4754745662212372,0.5892011872548116,0.3153353120913527,1.0,0.5892011872548116,3,3,1.4264236986637115,9242.242598086596,9500.0,568,0.9710923016642928,0.10887655717487588,0.0,1.0,0.4678479922281429
2015-07-24,0.46990928053855896,0.6147996459596828,0.3579994099328047,1.0,0.6147996459596828,3,3,1.4097278416156769,9240.83287024498,9500.0,571,0.9710307677442197,0.1507812988173817,0.0,1.0,0.40015783993037823
2015-07-27,0.46724751591682434,0.6260417646118558,0.376736274353093,1.0,0.6260417646118558,3,3,1.401742547750473,9239.43112769723,9500.0,574,0.9709766377939332,0.16182261988535224,0.0,1.0,0.33717901343822665
2015-07-28,0.47741034626960754,0.5639482717666298,0.2732471196110496,1.0,0.5639482717666298,3,3,1.4322310388088226,9237.99889665842,9500.0,577,0.9708555996879549,0.05125592738741619,0.0,1.0,0.46001915417287265
2015-08-21,0.5216993689537048,0.5341576326931854,0.22359605448864228,1.0,0.5341576326931854,3,3,1.5650981068611145,9736.43379855156,10000.0,580,0.9692417872209635,0.10666406320833734,0.0,1.0,1.0
2015-08-24,0.503231942653656,0.6007234224921884,0.33453903748698055,1.0,0.6007234224921884,3,3,1.509695827960968,9734.924102723598,10000.0,583,0.9692466926458135,0.25458313511460484,0.0,1.0,1.0
2015-08-25,0.49278345704078674,0.6309231665174995,0.3848719441958324,1.0,0.6309231665174995,3,3,1.4783503711223602,9733.445752352476,10000.0,586,0.9692955381613237,0.32164483187756365,0.0,1.0,1.0
2015-09-01,0.5238860845565796,0.5408796925036747,0.23479948750612453,1.0,0.5408796925036747,3,3,1.5716582536697388,10231.874094098806,10500.0,589,0.9703130089206458,0.07564898857803423,0.0,1.0,0.7980320637073117
2015-09-04,0.528502881526947,0.580055351214059,0.3000922520234317,1.0,0.580055351214059,3,3,1.585508644580841,10230.288585454226,10500.0,592,0.9701009909706323,0.04222783033481401,0.0,1.0,0.25492618373391784
2015-09-08,0.55110102891922,0.41317456889310733,0.021957614821845516,1.0,0.41317456889310733,2,2,1.10220205783844,10229.186383396387,10500.0,594,0.9698515321056249,0.0,0.0,0.0,0.23258620554423892
2015-09-09,0.5401665568351746,0.41257951058287695,0.02096585097146155,1.0,0.41257951058287695,2,2,1.0803331136703491,10228.106050282717,10500.0,596,0.9697203769868612,0.0,0.0,0.0,0.23794659061210588
2015-09-10,0.5486710667610168,0.4118477905709607,0.01974631761826782,1.0,0.4118477905709607,2,2,1.0973421335220337,10227.008708149195,10500.0,598,0.9695458501340981,0.0,0.0,0.0,0.24447841989383456
2015-09-11,0.5503720641136169,0.41229240556171215,0.020487342602853547,1.0,0.41229240556171215,2,2,1.1007441282272339,10225.907964020967,10500.0,600,0.9693685450516278,0.0,0.0,0.0,0.23923439711520378
2015-09-14,0.5513440370559692,0.41181340431291763,0.019689007188196016,1.0,0.41181340431291763,2,2,1.1026880741119385,10224.805275946856,10500.0,602,0.9691926251654304,0.0,0.0,0.0,0.24323277011526012
2015-09-15,0.5574187636375427,0.41280712492770394,0.02134520821283986,1.0,0.41280712492770394,2,2,1.1148375272750854,10223.69043841958,10500.0,604,0.9689900663257087,0.0,0.0,0.0,0.23238404918864974
2015-09-16,0.5613064765930176,0.4138327373524517,0.023054562254086107,1.0,0.4138327373524517,2,2,1.1226129531860352,10222.567825466394,10500.0,606,0.9687750880393637,0.0,0.0,0.0,0.2211605226526201
2015-09-17,0.5664094090461731,0.4132708566818293,0.02211809446971543,1.0,0.4132708566818293,2,2,1.1328188180923462,10221.435006648302,10500.0,608,0.9685420172667593,0.0,0.0,0.0,0.22573051088212415
2015-09-18,0.5659235119819641,0.41722417154489183,0.028706952574819682,1.0,0.41722417154489183,2,2,1.1318470239639282,10220.303159624338,10500.0,610,0.9683231610883108,0.0,0.0,0.0,0.1852125094484809
2015-09-21,0.5717552304267883,0.41413539937111765,0.023558998951862718,1.0,0.41413539937111765,2,2,1.1435104608535767,10219.159649163485,10500.0,612,0.9680822736075353,0.0,0.0,0.0,0.21501623752273202
2015-09-22,0.5562037825584412,0.4015134396731869,0.002522399455311501,1.0,0.4015134396731869,2,2,1.1124075651168823,10218.047241598368,10500.0,614,0.9679398767453179,0.0,0.0,0.0,0.3405950486220617
2015-09-23,0.5588766932487488,0.40220789426278375,0.003679823771306212,1.0,0.40220789426278375,2,2,1.1177533864974976,10216.92948821187,10500.0,616,0.9677859541418555,0.0,0.0,0.0,0.33295785101051223
2015-09-24,0.5695681571960449,0.40990410453578624,0.01650684089297703,1.0,0.40990410453578624,2,2,1.1391363143920898,10215.790351897478,10500.0,618,0.9675766711946219,0.0,0.0,0.0,0.25505397501793614
2015-09-25,0.5736991167068481,0.4075961121025722,0.012660186837620269,1.0,0.4075961121025722,2,2,1.1473982334136963,10214.642953664064,10500.0,620,0.9673535252641159,0.0,0.0,0.0,0.2771297426627999
2015-09-28,0.5661666393280029,0.4159104192502497,0.026517365417082772,1.0,0.4159104192502497,2,2,1.1323332786560059,10213.510620385408,10500.0,622,0.9671832384538571,0.0,0.0,0.0,0.19322038053986046
2015-09-29,0.576129138469696,0.4149111371383958,0.024851895230659598,1.0,0.4149111371383958,2,2,1.152258276939392,10212.358362108469,10500.0,624,0.9669625045320882,0.0,0.0,0.0,0.2022198990104389
2015-09-30,0.5989701747894287,0.41495802330808224,0.02493003884680369,1.0,0.41495802330808224,2,2,1.1979403495788574,10211.16042175889,10500.0,626,0.9666227302184399,0.0,0.0,0.0,0.20022205290215767
2015-10-01,0.5873064398765564,0.40833926933300724,0.013898782221678693,1.0,0.40833926933300724,2,2,1.1746128797531128,10709.985808879137,11000.0,628,0.9678986355814299,0.0,0.0,0.0,0.27215116678636186
2015-10-02,0.6026148796081543,0.4086504360192158,0.014417393365359632,1.0,0.4086504360192158,2,2,1.2052297592163086,10708.78057911992,11000.0,630,0.9675865603955067,0.0,0.0,0.0,0.267635161587622
2015-10-05,0.6176802515983582,0.41449892032648583,0.024164867210809682,1.0,0.41449892032648583,2,2,1.2353605031967163,10707.545218616724,11000.0,632,0.9672109933120441,0.0,0.0,0.0,0.2074602666393397
2015-10-06,0.6256989240646362,0.4150103727297065,0.025017287882844096,1.0,0.4150103727297065,2,2,1.2513978481292725,10706.293820768595,11000.0,634,0.9668158394653346,0.0,0.0,0.0,0.20056755029694062
2015-10-07,0.6322598457336426,0.4195305057151771,0.032550842858628436,1.0,0.4195305057151771,2,2,1.2645196914672852,10705.029301077127,11000.0,636,0.9664106372818988,0.0,0.0,0.0,0.15354281061677422
2015-10-08,0.6359046101570129,0.421050171280028,0.03508361880004659,1.0,0.421050171280028,2,2,1.2718092203140259,10703.757491856813,11000.0,638,0.9660121509075015,0.0,0.0,0.0,0.1365529662834768
2015-10-09,0.633474588394165,0.4193439478727196,0.03223991312119932,1.0,0.4193439478727196,2,2,1.26694917678833,10702.490542680025,11000.0,640,0.9656531949735973,0.0,0.0,0.0,0.15199989865399188
2015-10-12,0.6402782797813416,0.41866509731690316,0.03110849552817189,1.0,0.41866509731690316,2,2,1.280556559562683,10701.209986120462,11000.0,642,0.9652790410052229,0.0,0.0,0.0,0.15710471135447146
2015-10-13,0.6414934992790222,0.41650324176407527,0.027505402940125417,1.0,0.41650324176407527,2,2,1.2829869985580444,10699.926999121904,11000.0,644,0.9649219255007526,0.0,0.0,0.0,0.17711624711263396
2015-10-14,0.6648203134536743,0.4050718572136612,0.00845309535610193,1.0,0.4050718572136612,2,2,1.3296406269073486,10698.597358494997,11000.0,646,0.9644569474908342,0.0,0.0,0.0,0.2893376915721422
2015-10-15,0.6665213108062744,0.40979773735832664,0.0163295622638777,1.0,0.40979773735832664,2,2,1.3330426216125488,10697.264315873384,11000.0,648,0.96401422780319,0.0,0.0,0.0,0.24008665153108888
2015-10-16,0.6769700050354004,0.4017612846338861,0.0029354743898101407,1.0,0.4017612846338861,2,2,1.3539400100708008,10695.910375863314,11000.0,650,0.9635425782377461,0.0,0.0,0.0,0.31832875573099684
2015-10-19,0.6757549047470093,0.40005932600870836,9.88766811805634e-05,1.0,0.40005932600870836,2,2,1.3515098094940186,10694.55886605382,11000.0,652,0.9631099575239094,0.0,0.0,0.0,0.3334015487705091
2015-10-20,0.6747829914093018,0.40980507725363824,0.016341795422730364,1.0,0.40980507725363824,2,2,1.3495659828186035,10693.209300071001,11000.0,654,0.9627114327562407,0.0,0.0,0.0,0.23415067486670083
2015-10-21,0.6660352349281311,0.4044590209150237,0.007431701525039506,1.0,0.4044590209150237,2,2,1.3320704698562622,10691.877229601145,11000.0,656,0.9623879199055125,0.0,0.0,0.0,0.28615543042456926
2015-10-22,0.6900911927223206,0.4013575213472667,0.0022625355787778134,1.0,0.4013575213472667,2,2,1.3801823854446411,10690.4970472157,11000.0,658,0.9619464765809629,0.0,0.0,0.0,0.315183931141666
2015-10-23,0.6947080492973328,0.40244483940845177,0.004074732347419582,1.0,0.40244483940845177,2,2,1.3894160985946655,10689.107631117105,11000.0,660,0.9615079233465381,0.0,0.0,0.0,0.30233726097490377
2015-12-18,0.783935010433197,0.5541861318820667,0.2569768864701111,1.0,0.5541861318820667,3,3,2.351805031299591,11686.755826085806,12000.0,663,0.956832924346533,0.0058667490065584665,0.0,1.0,0.2902872112682455
2015-12-22,0.8032041192054749,0.404581153265836,0.007635255443059949,1.0,0.404581153265836,2,2,1.6064082384109497,11685.149417847395,12000.0,665,0.9564562949613826,0.0,0.0,0.0,0.25824179466786235
2015-12-23,0.8063749074935913,0.40895308926866736,0.014921815447778894,1.0,0.40895308926866736,2,2,1.6127498149871826,11683.536668032408,12000.0,667,0.9562286032246766,0.0,0.0,0.0,0.21349782182437083
2015-12-24,0.8090580105781555,0.40909000343059165,0.01515000571765272,1.0,0.40909000343059165,2,2,1.618116021156311,11681.918552011251,12000.0,669,0.9559953312580972,0.0,0.0,0.0,0.2110789563555211
2015-12-28,0.8083263039588928,0.4091370346272817,0.015228391045469433,1.0,0.4091370346272817,2,2,1.6166526079177856,11680.301899403334,12000.0,671,0.9557750427809737,0.0,0.0,0.0,0.20961734624156536
2015-12-29,0.8214976191520691,0.410032949344183,0.016721582240304955,1.0,0.410032949344183,2,2,1.6429952383041382,11678.65890416503,12000.0,673,0.9554925221575445,0.0,0.0,0.0,0.1993868562671206
2015-12-30,0.8144239783287048,0.4172956600114871,0.028826100019145134,1.0,0.4172956600114871,2,2,1.6288479566574097,11677.030056208372,12000.0,675,0.9552612454943524,0.0,0.0,0.0,0.12571900460971497
2015-12-31,0.8039360642433167,0.4151945405497229,0.025324234249538096,1.0,0.4151945405497229,2,2,1.6078721284866333,11675.422184079885,12000.0,677,0.9550949879148835,0.0,0.0,0.0,0.14598204011974714
2016-01-04,0.7895452380180359,0.5851450018288576,0.30857500304809604,1.0,0.5851450018288576,3,3,2.3686357140541077,12173.053548365831,12500.0,680,0.9568086749025928,0.04972700019987944,0.0,1.0,0.1779605196725489
2016-01-05,0.802228569984436,0.41968623125972826,0.032810385432880396,1.0,0.41968623125972826,2,2,1.604457139968872,12171.449091225863,12500.0,682,0.9565926600988263,0.0,0.0,0.0,0.10780465784743587
2016-01-06,0.7690563201904297,0.829281613818794,0.7154693563646566,1.0,0.829281613818794,4,4,3.0762252807617188,12168.3728659451,12500.0,686,0.9566150196157107,0.16425817668636766,1.0,1.0,0.251113245171414
2016-01-07,0.738567054271698,0.9010750761040252,0.8351251268400419,1.0,0.9010750761040252,4,4,2.954268217086792,12165.418597728014,12500.0,690,0.9566564553774022,0.32426797446343253,1.0,1.0,0.25340917324350465
2016-01-08,0.7227129340171814,0.931869958879419,0.8864499314656984,1.0,0.931869958879419,4,4,2.8908517360687256,12162.527745991945,12500.0,694,0.9567563445486402,0.3873286680608294,1.0,1.0,0.22968296794842247
2016-01-11,0.723932683467865,0.7143194721718269,0.5238657869530449,1.0,0.7143194721718269,3,3,2.171798050403595,12160.355947941542,12500.0,697,0.9568200948550382,0.3458973044055548,0.0,1.0,0.2190335749544008
2016-01-12,0.7361282110214233,0.6602391262704065,0.4337318771173441,1.0,0.6602391262704065,3,3,2.20838463306427,12158.147563308477,12500.0,700,0.9568543956092118,0.24325714912013205,0.0,1.0,0.29811068857798273
2016-01-13,0.7136881351470947,0.7142341834950087,0.5237236391583477,1.0,0.7142341834950087,3,3,2.141064405441284,12156.006498903036,12500.0,703,0.9569891447031765,0.3539013241630477,0.0,1.0,0.2566652749479228
2016-01-14,0.6992976665496826,0.7441509556057081,0.5735849260095135,1.0,0.7441509556057081,3,3,2.097892999649048,12153.908605903387,12500.0,706,0.9571730683487668,0.408438189428203,0.0,1.0,0.20374110393928357
2016-01-15,0.661247193813324,0.8151018413852745,0.6918364023087908,1.0,0.8151018413852745,4,4,2.644988775253296,12151.263617128134,12500.0,710,0.9575295886521785,0.6031457759247394,0.0,1.0,0.3720207267433855
2016-01-19,0.6666132211685181,0.7732202842891963,0.6220338071486605,1.0,0.7732202842891963,4,4,2.6664528846740723,12148.59716424346,12500.0,714,0.9577506208012289,0.5190310863226668,0.0,1.0,0.4133148391655681
2016-01-20,0.6702719926834106,0.7388113288573196,0.5646855480955326,1.0,0.7388113288573196,3,3,2.010815978050232,12146.58634826541,12500.0,717,0.9579127359057091,0.4516007340959632,0.0,1.0,0.4546973264343297
2016-01-21,0.6780768632888794,0.702985078826022,0.5049751313767034,1.0,0.702985078826022,3,3,2.034230589866638,12144.552117675543,12500.0,720,0.9580568141340092,0.36343173805172146,0.0,1.0,0.4168476965755681
2016-01-22,0.6939315795898438,0.6461263433003596,0.4102105721672659,1.0,0.6461263433003596,3,3,2.0817947387695312,12142.470322936773,12500.0,723,0.9580859121451585,0.23185866255729087,0.0,1.0,0.39348715315742666
2016-01-25,0.6931995153427124,0.6364741357142412,0.39412355952373523,1.0,0.6364741357142412,3,3,2.079598546028137,12140.390724390745,12500.0,726,0.9581011815333964,0.2152994481955513,0.0,1.0,0.41556147663785326
2016-01-26,0.700029194355011,0.6138264258427079,0.35637737640451306,1.0,0.6138264258427079,3,3,2.100087583065033,12138.29063680768,12500.0,729,0.9580620872174341,0.15263243798807802,0.0,1.0,0.3598611049977263
2016-01-27,0.691736102104187,0.6319581522419085,0.3865969204031809,1.0,0.6319581522419085,3,3,2.075208306312561,12136.215428501368,12500.0,732,0.9580572815303287,0.19081607646778365,0.0,1.0,0.35034858857242024
2016-01-28,0.6841748952865601,0.6476082682093581,0.41268044701559686,1.0,0.6476082682093581,3,3,2.05252468585968,12134.162903815508,12500.0,735,0.9580799196917039,0.22123030617716213,0.0,1.0,0.33081333431631665
2016-01-29,0.7144199013710022,0.5481741713741692,0.24695695229028203,1.0,0.5481741713741692,3,3,2.1432597041130066,12132.019644111395,12500.0,738,0.9579161154853594,0.009028909153955315,0.0,1.0,0.36951089713522367
2016-02-01,0.7146639227867126,0.547165548473267,0.2452759141221117,1.0,0.547165548473267,3,3,2.143991768360138,12629.875652343035,13000.0,741,0.9593752303128353,0.006627549209102562,0.0,1.0,0.3753570231160501
2016-02-02,0.6844186782836914,0.6280863135411936,0.3801438559019893,1.0,0.6280863135411936,3,3,2.053256034851074,12627.822396308184,13000.0,744,0.959379426721709,0.19801648355617513,0.0,1.0,0.4274184608385425
2016-02-03,0.6878333687782288,0.612900622916598,0.3548343715276633,1.0,0.612900622916598,3,3,2.0635001063346863,12625.758896201849,13000.0,747,0.9593501896492375,0.15800535622536668,0.0,1.0,0.39909372726973946
2016-02-04,0.6880775094032288,0.6109212306200471,0.35153538436674514,1.0,0.6109212306200471,3,3,2.0642325282096863,12623.69466367364,13000.0,750,0.9593077770860369,0.14182447654805364,0.0,1.0,0.34588283515293683
2016-02-05,0.6446609497070312,0.9151089918499528,0.858514986416588,1.0,0.9151089918499528,4,4,2.578643798828125,12621.116019874811,13000.0,754,0.9594932752305515,0.4091600741113523,1.0,1.0,0.5078501535390405
2016-02-08,0.6151474118232727,0.9804168258195947,0.9673613763659911,1.0,0.9804168258195947,4,4,2.460589647293091,12618.655430227518,13000.0,758,0.9597576403888417,0.5670405226614817,1.0,1.0,0.5664234755305084
2016-02-09,0.6217331886291504,0.9375502264907636,0.8959170441512726,1.0,0.9375502264907636,4,4,2.4869327545166016,12616.168497473001,13000.0,762,0.9599445358766145,0.4747962289988684,1.0,1.0,0.5808311770320385
2016-02-10,0.6202695369720459,0.7247884299201346,0.541314049866891,1.0,0.7247884299201346,3,3,1.8608086109161377,12614.307688862085,13000.0,765,0.9601054948366499,0.4433151475427499,0.0,1.0,0.5675085915059535
2016-02-11,0.6170987486839294,0.7110600923727536,0.5184334872879226,1.0,0.7110600923727536,3,3,1.8512962460517883,12612.456392616034,13000.0,768,0.9603043995929285,0.42595558060202177,0.0,1.0,0.6275689871497403
2016-02-12,0.6275870203971863,0.6627077070382326,0.43784617839705425,1.0,0.6627077070382326,3,3,1.8827610611915588,12610.573631554842,13000.0,771,0.9604130505050762,0.3171549461225632,0.0,1.0,0.621978914442052
2016-02-16,0.6583198308944702,0.5524675111184961,0.25411251853082684,1.0,0.5524675111184961,3,3,1.9749594926834106,12608.598672062159,13000.0,774,0.9603249050355781,0.07960472359890897,0.0,1.0,0.6550082176702308
2016-04-18,0.9050301909446716,0.4089925854983435,0.014987642497239126,1.0,0.4089925854983435,2,2,1.8100603818893433,13606.78861168027,14000.0,776,0.9519754580155234,0.0,0.0,0.0,0.19396370608642033
2016-04-26,0.8930350542068481,0.4005088719220728,0.0008481198701212889,1.0,0.4005088719220728,2,2,1.7860701084136963,13605.002541571856,14000.0,778,0.9512897695849862,0.0,0.0,0.0,0.2757152439117101
2016-04-29,0.8697786927223206,0.5405252631535246,0.23420877192254091,1.0,0.5405252631535246,3,3,2.6093360781669617,13602.393205493689,14000.0,781,0.9510268292612045,0.06517101441431168,0.0,1.0,0.6676376650045763
2016-05-03,0.8707578778266907,0.5321632174455475,0.22027202907591248,1.0,0.5321632174455475,3,3,2.612273633480072,14099.780931860209,14500.0,784,0.9525870400742958,0.05400834062438585,0.0,1.0,0.7080470386885931
2016-05-04,0.8509290218353271,0.5550311518001072,0.25838525300017867,1.0,0.5550311518001072,3,3,2.5527870655059814,14097.228144794703,14500.0,787,0.9525559857458463,0.1512479853866655,0.0,1.0,0.9168063520952308
2016-05-05,0.8560696840286255,0.5283872188101367,0.2139786980168945,1.0,0.5283872188101367,3,3,2.5682090520858765,14094.659935742617,14500.0,790,0.9524850721667736,0.11059763630019688,0.0,1.0,1.0
2016-05-06,0.8648826479911804,0.5031251780799885,0.17187529679998076,1.0,0.5031251780799885,3,3,2.5946479439735413,14092.065287798643,14500.0,793,0.9523586964455919,0.05458614373216024,0.0,1.0,1.0
2016-05-09,0.8636589050292969,0.5036079835802796,0.17267997263379928,1.0,0.5036079835802796,3,3,2.5909767150878906,14089.474311083555,14500.0,796,0.9522338765024453,0.055783864787064874,0.0,1.0,1.0
2016-05-12,0.8707578778266907,0.4880124642081508,0.146687440346918,1.0,0.4880124642081508,2,2,1.7415157556533813,14087.732795327902,14500.0,798,0.9519932353680572,0.02136779620561109,0.0,1.0,1.0
2016-06-24,1.1223832368850708,0.5291134852653432,0.21518914210890527,1.0,0.5291134852653432,3,3,3.3671497106552124,14584.365645617247,15000.0,801,0.939709414044278,0.04808360577736584,0.0,1.0,0.6539337365439655
2016-06-27,1.1103568077087402,0.5577093080511247,0.26284884675187453,1.0,0.5577093080511247,3,3,3.3310704231262207,14581.03457519412,15000.0,804,0.9395993471120276,0.0916876973482387,0.0,1.0,0.5636986195599518
2016-06-28,1.1265555620193481,0.5390777040320237,0.23179617338670616,1.0,0.5390777040320237,3,3,3.3796666860580444,14577.654908508062,15000.0,807,0.9393963173847159,0.01817583367380332,0.0,1.0,0.41829763944309883
2016-09-09,1.4635324478149414,0.5282032263297639,0.2136720438829398,1.0,0.5282032263297639,3,3,4.390597343444824,16073.264311164618,16500.0,810,0.9264146212730259,0.13625921501533847,0.0,1.0,1.0
2016-09-12,1.4937769174575806,0.4823957484889224,0.13732624748153732,1.0,0.4823957484889224,2,2,2.987553834915161,16070.276757329702,16500.0,812,0.9261913614376973,0.03236556821806486,0.0,1.0,0.9895486985617055
2016-09-13,1.47213876247406,0.5239045090143315,0.2065075150238858,1.0,0.5239045090143315,3,3,4.41641628742218,16065.86034104228,16500.0,815,0.9261561474946796,0.09457668025136184,0.0,1.0,0.8542526347138708
2016-09-14,1.4851711988449097,0.49908066293435677,0.16513443822392793,1.0,0.49908066293435677,2,2,2.9703423976898193,16062.88999864459,16500.0,817,0.9259555366590472,0.046324000784784526,0.0,1.0,0.8844512891536755
2016-10-13,1.6068857908248901,0.5052445539474073,0.17540758991234548,1.0,0.5052445539474073,3,3,4.82065737247467,16558.069341272116,17000.0,820,0.9222306727206083,0.034993656577718364,0.0,1.0,0.7550639423683969
2016-10-17,1.6132792234420776,0.4957952377472359,0.15965872957872645,1.0,0.4957952377472359,2,2,3.2265584468841553,16554.84278282523,17000.0,822,0.9219494241404623,0.014963247890709786,0.0,1.0,0.7581546466679159
2016-11-03,1.67106294631958,0.48175413248934884,0.13625688748224804,1.0,0.48175413248934884,2,2,3.34212589263916,17051.500656932592,17500.0,824,0.9208978164049904,0.03855581134911807,0.0,1.0,1.0
2016-11-04,1.6614736318588257,0.4916873414517945,0.1528122357529908,1.0,0.4916873414517945,2,2,3.3229472637176514,17048.177709668875,17500.0,826,0.9208065892526934,0.06072083619573876,0.0,1.0,1.0
2016-11-10,1.666391134262085,0.500679732219033,0.16779955369838823,1.0,0.500679732219033,3,3,4.999173402786255,17043.17853626609,17500.0,829,0.9200435774702967,0.08146693857199867,0.0,1.0,1.0
2017-01-05,2.5054216384887695,0.45638485214184765,0.09397475356974605,1.0,0.45638485214184765,2,2,5.010843276977539,18038.16769298911,18500.0,831,0.8873763622505009,0.015701086953605028,0.0,1.0,1.0
2017-01-17,2.489907741546631,0.4910887009297267,0.15181450154954443,1.0,0.4910887009297267,2,2,4.979815483093262,18033.187877506018,18500.0,833,0.8860087042878046,0.0941884088893655,0.0,1.0,1.0
2017-01-18,2.535219669342041,0.45058505604098364,0.08430842673497271,1.0,0.45058505604098364,2,2,5.070439338684082,18028.117438167334,18500.0,835,0.8857450463793607,0.004443967045047417,0.0,1.0,1.0
2017-02-13,2.6689376831054688,0.5060316638573016,0.17671943976216928,1.0,0.5060316638573016,3,3,8.006813049316406,18520.110625118017,19000.0,838,0.8794790681218639,0.13392462933880614,0.0,1.0,1.0
2017-02-14,2.6787877082824707,0.49301012775286646,0.15501687958811072,1.0,0.49301012775286646,2,2,5.357575416564941,18514.753049701452,19000.0,840,0.8793132306330409,0.10515371992888445,0.0,1.0,1.0
2017-02-15,2.6842048168182373,0.4845130974652567,0.1408551624420945,1.0,0.4845130974652567,2,2,5.368409633636475,18509.384640067816,19000.0,842,0.8792446903292058,0.08633997070469797,0.0,1.0,1.0
2017-02-16,2.6411101818084717,0.5131860565012429,0.18864342750207153,1.0,0.5131860565012429,3,3,7.923330545425415,18501.46130952239,19000.0,845,0.8793381243079934,0.1499642234725464,0.0,1.0,1.0
2017-02-17,2.6406173706054688,0.5072676324722799,0.17877938745379982,1.0,0.5072676324722799,3,3,7.921852111816406,18493.539457410574,19000.0,848,0.8792561939989751,0.13689410038386912,0.0,1.0,1.0
2017-02-23,2.4777626991271973,0.6274788423952617,0.3791314039921029,1.0,0.6274788423952617,3,3,7.433288097381592,18486.106169313192,19000.0,851,0.8797036322860086,0.40358268414790627,0.0,1.0,1.0
2017-02-24,2.5016801357269287,0.5933059025947598,0.32217650432459966,1.0,0.5933059025947598,3,3,7.505040407180786,18478.60112890601,19000.0,854,0.8801040562640176,0.3272423939465596,0.0,1.0,1.0
2017-02-27,2.5744173526763916,0.5242582194198164,0.20709703236636068,1.0,0.5242582194198164,3,3,7.723252058029175,18470.877876847982,19000.0,857,0.8801199935926922,0.17378716067356642,0.0,1.0,1.0
2017-02-28,2.50217342376709,0.5728266013213554,0.2880443355355924,1.0,0.5728266013213554,3,3,7.5065202713012695,18463.37135657668,19000.0,860,0.8804074351442034,0.281429456681031,0.0,1.0,1.0
2017-03-01,2.5344741344451904,0.5377614056872402,0.22960234281206693,1.0,0.5377614056872402,3,3,7.603422403335571,18955.767934173346,19500.0,863,0.8835571628369167,0.20035707202361702,0.0,1.0,1.0
2017-03-02,2.4410250186920166,0.6025334336887083,0.33755572281451374,1.0,0.6025334336887083,3,3,7.32307505607605,18948.44485911727,19500.0,866,0.8839907791250655,0.3438612957387304,0.0,1.0,1.0
2017-03-03,2.4269697666168213,0.5999734013610621,0.3332890022684369,1.0,0.5999734013610621,3,3,7.280909299850464,18941.16394981742,19500.0,869,0.884409421412191,0.3377536927235026,0.0,1.0,1.0
2017-03-06,2.408231496810913,0.6014364269556995,0.3357273782594992,1.0,0.6014364269556995,3,3,7.224694490432739,18933.939255326986,19500.0,872,0.8848347381010564,0.3405795440227203,0.0,1.0,1.0
2017-03-07,2.4346137046813965,0.5668195632400976,0.2780326054001627,1.0,0.5668195632400976,3,3,7.3038411140441895,18926.635414212942,19500.0,875,0.8850744842532963,0.26341343405803164,0.0,1.0,1.0
2017-03-08,2.430175304412842,0.5597140250015037,0.2661900416691728,1.0,0.5597140250015037,3,3,7.290525913238525,18919.344888299704,19500.0,878,0.8852766767744605,0.24742115656221417,0.0,1.0,1.0
2017-03-09,2.429682493209839,0.5500514614130249,0.2500857690217081,1.0,0.5500514614130249,3,3,7.289047479629517,18912.055840820074,19500.0,881,0.885427972865134,0.22579749694158788,0.0,1.0,1.0
2017-03-10,2.4439830780029297,0.5292566393171044,0.21542773219517403,1.0,0.5292566393171044,3,3,7.331949234008789,18904.723891586065,19500.0,884,0.8854694110875629,0.17954534295044675,0.0,1.0,1.0
2017-03-13,2.5112967491149902,0.46739389776443796,0.1123231629407299,1.0,0.46739389776443796,2,2,5.0225934982299805,18899.701298087835,19500.0,886,0.8851818032051637,0.04236019182692061,0.0,1.0,1.0
2017-03-14,2.509571075439453,0.4669099854430028,0.11151664240500458,1.0,0.4669099854430028,2,2,5.019142150878906,18894.682155936956,19500.0,888,0.8850223528128792,0.04144428150490465,0.0,1.0,1.0
2017-03-15,2.5285558700561523,0.44974857255013767,0.08291428758356276,1.0,0.44974857255013767,2,2,5.057111740112305,18889.625044196844,19500.0,890,0.8847714425600339,0.0035587186624941123,0.0,1.0,1.0
2017-04-04,2.4849143028259277,0.5563467796501096,0.26057796608351597,1.0,0.5563467796501096,3,3,7.454742908477783,19382.170301288366,20000.0,893,0.883811661426119,0.24140340446301328,0.0,1.0,1.0
2017-04-05,2.466421127319336,0.5611173884784056,0.2685289807973427,1.0,0.5611173884784056,3,3,7.399263381958008,19374.77103790641,20000.0,896,0.8840347088004816,0.2517817100404198,0.0,1.0,1.0
2017-04-06,2.4844205379486084,0.5366270184598029,0.22771169743300476,1.0,0.5366270184598029,3,3,7.453261613845825,19367.317776292562,20000.0,899,0.8841263498640551,0.1972670244910623,0.0,1.0,1.0
2017-04-07,2.473817825317383,0.5369294400641598,0.22821573344026624,1.0,0.5369294400641598,3,3,7.421453475952148,19359.89632281661,20000.0,902,0.8842206189770132,0.1978448033877862,0.0,1.0,1.0
2017-04-10,2.4106967449188232,0.579283653792626,0.2988060896543767,1.0,0.579283653792626,3,3,7.23209023475647,19352.664232581854,20000.0,905,0.8845431458828292,0.2916427514341174,0.0,1.0,1.0
2017-04-11,2.4193270206451416,0.5606106189842681,0.2676843649737802,1.0,0.5606106189842681,3,3,7.257981061935425,19345.40625151992,20000.0,908,0.8847654582110107,0.2499248061984739,0.0,1.0,1.0
2017-04-12,2.3993546962738037,0.5666315750559314,0.2777192917598857,1.0,0.5666315750559314,3,3,7.198064088821411,19338.208187431097,20000.0,911,0.8850202111152199,0.26304995567573874,0.0,1.0,1.0
2017-04-13,2.3544797897338867,0.5925708893715426,0.32095148228590425,1.0,0.5925708893715426,3,3,7.06343936920166,19331.144748061895,20000.0,914,0.8854130003861077,0.320300087106209,0.0,1.0,1.0
2017-04-17,2.4466958045959473,0.5043313168442207,0.17388552807370117,1.0,0.5043313168442207,3,3,7.340087413787842,19323.804660648108,20000.0,917,0.8853356886653674,0.12428945987734535,0.0,1.0,1.0
2017-04-18,2.448174476623535,0.49786965570334263,0.16311609283890435,1.0,0.49786965570334263,2,2,4.89634895324707,19318.90831169486,20000.0,919,0.8852252213018582,0.1100406802611255,0.0,1.0,1.0
2017-04-19,2.457791328430176,0.4853739817395969,0.1422899695659948,1.0,0.4853739817395969,2,2,4.915582656860352,19313.992729038,20000.0,921,0.8851739035667486,0.0823238336323554,0.0,1.0,1.0
2017-04-20,2.4967494010925293,0.45000131599870574,0.08333552666450954,1.0,0.45000131599870574,2,2,4.993498802185059,19308.999230235815,20000.0,923,0.8849335985740714,0.0039582147563858175,0.0,1.0,1.0
2017-05-08,2.53398060798645,0.4579916088246062,0.09665268137434366,1.0,0.4579916088246062,2,2,5.0679612159729,19803.931269019842,20500.0,925,0.8854226797222674,0.021225339887968497,0.0,1.0,1.0
2017-05-09,2.538172960281372,0.45363062436132906,0.0893843739355484,1.0,0.45363062436132906,2,2,5.076345920562744,19798.85492309928,20500.0,927,0.8852028153463821,0.0117541276787936,0.0,1.0,1.0
2017-06-27,3.618002414703369,0.468723062729667,0.11453843788277833,1.0,0.468723062729667,2,2,7.236004829406738,20291.618918269873,21000.0,929,0.8372562066625308,0.09323948829228478,0.0,1.0,1.0
2017-06-29,3.6204710006713867,0.4663393835702978,0.11056563928382965,1.0,0.4663393835702978,2,2,7.240942001342773,20284.37797626853,21000.0,931,0.8369599724277391,0.08823865772847803,0.0,1.0,1.0
2017-06-30,3.568143367767334,0.4917234754009817,0.15287245900163615,1.0,0.4917234754009817,2,2,7.136286735534668,20277.241689532995,21000.0,933,0.837104527425639,0.14450319568765355,0.0,1.0,1.0
2017-07-03,3.4390523433685303,0.5598399182266781,0.26639986371113017,1.0,0.5598399182266781,3,3,10.31715703010559,20766.92453250289,21500.0,936,0.8415233888800139,0.29145420717927056,0.0,1.0,1.0
2017-07-05,3.530871868133545,0.49637579641831164,0.1606263273638527,1.0,0.49637579641831164,2,2,7.06174373626709,20759.862788766623,21500.0,938,0.84151573073594,0.1504304835269748,0.0,1.0,1.0
2017-07-06,3.5414860248565674,0.4841693773752782,0.14028229562546365,1.0,0.4841693773752782,2,2,7.082972049713135,20752.77981671691,21500.0,940,0.8415880689457266,0.12323276966600273,0.0,1.0,1.0
2017-07-07,3.6224446296691895,0.4333634398376428,0.05560573306273797,1.0,0.4333634398376428,2,2,7.244889259338379,20745.53492745757,21500.0,942,0.8412858319619881,0.01063292323277367,0.0,1.0,1.0
2017-08-10,4.06624174118042,0.4221399505937834,0.036899917656305625,1.0,0.4221399505937834,2,2,8.13248348236084,21237.40244397521,22000.0,944,0.8258517048990628,0.0011259630871225238,0.0,1.0,1.0
2017-08-11,3.8495266437530518,0.7313548251870903,0.5522580419784838,1.0,0.7313548251870903,3,3,11.548579931259155,21225.85386404395,22000.0,947,0.8263713297711481,0.24330605953349674,1.0,1.0,1.0
2017-08-17,3.9855291843414307,0.4609644851999187,0.10160747533319785,1.0,0.4609644851999187,2,2,7.971058368682861,21217.882805675268,22000.0,949,0.8253717242240006,0.08788268733137422,0.0,1.0,1.0
2017-08-18,3.986268997192383,0.4568500963119867,0.0947501605199778,1.0,0.4568500963119867,2,2,7.972537994384766,21209.910267680883,22000.0,951,0.8252928191908314,0.07881850594691685,0.0,1.0,1.0
2017-08-21,3.92826509475708,0.4828627791942588,0.1381046319904313,1.0,0.4828627791942588,2,2,7.85653018951416,21202.05373749137,22000.0,953,0.825426263826572,0.13649102327178075,0.0,1.0,1.0
2017-08-22,4.015718460083008,0.4328133252035543,0.05468887533925715,1.0,0.4328133252035543,2,2,8.031436920166016,21194.022300571203,22000.0,955,0.8251531505348962,0.025543127695224488,0.0,1.0,1.0
2017-09-08,4.043880462646484,0.4434426374949022,0.07240439582483697,1.0,0.4434426374949022,2,2,8.087760925292969,21685.93453964591,22500.0,957,0.8267097676554913,0.047607204555402384,0.0,1.0,1.0
2017-09-25,4.224471092224121,0.45453258007721087,0.09088763346201809,1.0,0.45453258007721087,2,2,8.448942184448242,21677.485597461462,22500.0,959,0.817337227394347,0.08162406166612166,0.0,1.0,1.0
2017-09-26,4.248189449310303,0.4397270434432905,0.0662117390721508,1.0,0.4397270434432905,2,2,8.496378898620605,21668.98921856284,22500.0,961,0.8171437954162184,0.04891630112442725,0.0,1.0,1.0
2017-11-29,4.855831623077393,0.7361027375822033,0.5601712293036722,1.0,0.7361027375822033,3,3,14.567494869232178,22654.42172369361,23500.0,964,0.789153011436298,0.29107529430193135,1.0,1.0,1.0
2017-11-30,4.961887359619141,0.48207539138380695,0.13679231897301156,1.0,0.48207539138380695,2,2,9.923774719238281,22644.49794897437,23500.0,966,0.7892531093718419,0.17091442703661786,0.0,1.0,1.0
2017-12-01,4.886981010437012,0.5071102307232183,0.17851705120536374,1.0,0.5071102307232183,3,3,14.660943031311035,23129.83700594306,24000.0,969,0.7941758748934398,0.22162463782482295,0.0,1.0,1.0
2017-12-04,4.614547252655029,0.8085066364126414,0.680844394021069,1.0,0.8085066364126414,4,4,18.458189010620117,23111.37881693244,24000.0,973,0.7954558109776886,0.44567004771707025,1.0,1.0,1.0
2017-12-05,4.6412482261657715,0.5804100179433003,0.30068336323883377,1.0,0.5804100179433003,3,3,13.923744678497314,23097.455072253942,24000.0,976,0.7962518976228189,0.38243703114007055,0.0,1.0,1.0
2017-12-06,4.678824424743652,0.5500502625739503,0.2500837709565838,1.0,0.5500502625739503,3,3,14.036473274230957,23083.41859897971,24000.0,979,0.7969669408020591,0.3142558649178303,0.0,1.0,1.0
2017-12-07,4.746315002441406,0.5096870389555985,0.18281173159266417,1.0,0.5096870389555985,3,3,14.238945007324219,23069.179653972387,24000.0,982,0.7972997244186525,0.22422702881601078,0.0,1.0,1.0
2017-12-08,4.733954906463623,0.5057101273442822,0.17618354557380367,1.0,0.5057101273442822,3,3,14.20186471939087,23054.977789252996,24000.0,985,0.7975951286475204,0.2150940432286623,0.0,1.0,1.0
2017-12-11,4.81232213973999,0.46434351688222897,0.10723919480371491,1.0,0.46434351688222897,2,2,9.62464427947998,23045.353144973516,24000.0,987,0.7975022595430197,0.12326111130637803,0.0,1.0,1.0
2017-12-12,4.7178850173950195,0.49859414534943947,0.16432357558239907,1.0,0.49859414534943947,2,2,9.435770034790039,23035.917374938726,24000.0,989,0.7979373710983668,0.198938507455943,0.0,1.0,1.0
2017-12-13,4.602682590484619,0.5389433613462006,0.23157226891033428,1.0,0.5389433613462006,3,3,13.808047771453857,23022.109327167273,24000.0,992,0.7987472752600855,0.2877935277314714,0.0,1.0,1.0
2017-12-14,4.609851360321045,0.5244449813262673,0.20740830221044543,1.0,0.5244449813262673,3,3,13.829554080963135,23008.27977308631,24000.0,995,0.7992151519003902,0.25510702882464814,0.0,1.0,1.0
2017-12-15,4.7356858253479,0.4608445545912223,0.10140759098537049,1.0,0.4608445545912223,2,2,9.4713716506958,22998.808401435614,24000.0,997,0.7990896938326898,0.11389820525891518,0.0,1.0,1.0
2017-12-19,4.84816837310791,0.41030526506388587,0.017175441773143084,1.0,0.41030526506388587,2,2,9.69633674621582,22989.112064689398,24000.0,999,0.798511693638998,0.0021666731696371832,0.0,1.0,1.0
2017-12-21,4.842729091644287,0.4129001554927152,0.021500259154525286,1.0,0.4129001554927152,2,2,9.685458183288574,22979.42660650611,24000.0,1001,0.7980837558378957,0.008361034145915816,0.0,1.0,1.0
2017-12-22,4.827402114868164,0.4188384961012199,0.03139749350203318,1.0,0.4188384961012199,2,2,9.654804229736328,22969.771802276373,24000.0,1003,0.7977726223839124,0.021868480063242907,0.0,1.0,1.0
2017-12-29,4.78364372253418,0.4393225175218979,0.06553752920316311,1.0,0.4393225175218979,2,2,9.56728744506836,22960.204514831305,24000.0,1005,0.7973343220815569,0.06782682796710499,0.0,1.0,1.0
2018-02-05,5.283022880554199,0.5636787465330324,0.27279791088838734,1.0,0.5636787465330324,3,3,15.849068641662598,23944.355446189642,25000.0,1008,0.7722878249497406,0.33671136048382216,0.0,1.0,0.8537088691207086
2018-02-06,5.576714515686035,0.44093143171171495,0.06821905285285822,1.0,0.44093143171171495,2,2,11.15342903137207,23933.20201715827,25000.0,1010,0.7719451141246048,0.07019706222570518,0.0,1.0,0.8803254764592456
2018-02-08,5.37746000289917,0.5278269956801224,0.21304499280020392,1.0,0.5278269956801224,3,3,16.13238000869751,23917.069637149572,25000.0,1013,0.7725641317081575,0.22394190175941905,0.0,1.0,0.7060071938028709
2018-02-12,5.637283802032471,0.4147711161936643,0.02461852698944047,1.0,0.4147711161936643,2,2,11.274567604064941,23905.795069545507,25000.0,1015,0.7714825233357567,0.0020728612811248552,0.0,1.0,0.8332880688393234
2018-03-01,5.744189739227295,0.47023531493795917,0.11705885822993192,1.0,0.47023531493795917,2,2,11.48837947845459,24394.306690067053,25500.0,1017,0.765700670084086,0.12074409394228063,0.0,1.0,0.7866482887390587
2018-03-02,5.851298809051514,0.42881753000041084,0.04802921666735137,1.0,0.42881753000041084,2,2,11.702597618103027,24382.60409244895,25500.0,1019,0.7653720859757464,0.02694371986030924,0.0,1.0,0.7772458262581423
2018-03-05,5.82928466796875,0.4343492650437978,0.05724877507299627,1.0,0.4343492650437978,2,2,11.6585693359375,24370.945523113012,25500.0,1021,0.7651151063898268,0.04134166017058187,0.0,1.0,0.7855627990838612
2018-03-19,5.961627960205078,0.4418753904362409,0.06979231739373482,1.0,0.4418753904362409,2,2,11.923255920410156,24359.022267192602,25500.0,1023,0.7593021648093577,0.04152358597415583,0.0,1.0,0.6849619741634017
2018-03-22,5.98265266418457,0.45736372193981967,0.09560620323303275,1.0,0.45736372193981967,2,2,11.96530532836914,24347.056961864233,25500.0,1025,0.7579595320794796,0.04194587542898551,0.0,1.0,0.5259371143898961
2018-03-23,5.762988090515137,0.521888850866809,0.20314808477801502,1.0,0.521888850866809,3,3,17.28896427154541,24329.767997592688,25500.0,1028,0.7585210150676308,0.20352627475450477,0.0,1.0,0.6103242955315202
2018-03-27,5.578697681427002,0.744398590457345,0.5739976507622417,1.0,0.7443985904573451,3,3,16.736093044281006,24313.031904548407,25500.0,1031,0.7593210928422897,0.3278397019130582,1.0,1.0,0.9482376718256156
2018-03-28,5.475544452667236,0.7645191354617328,0.6075318924362213,1.0,0.7645191354617328,4,4,21.902177810668945,24291.129726737738,25500.0,1035,0.7605232462844556,0.3777605917969181,1.0,1.0,0.9770859167488539
2018-03-29,5.728851318359375,0.4593247991952744,0.09887466532545733,1.0,0.4593247991952744,2,2,11.45770263671875,24279.67202410102,25500.0,1037,0.7603447980133767,0.14878117923004341,0.0,1.0,0.9978189056426461
2018-04-02,5.468123435974121,0.550334010016525,0.25055668336087505,1.0,0.550334010016525,3,3,16.404370307922363,24763.267653793097,26000.0,1040,0.7661571314834991,0.3367404038656895,0.0,1.0,0.9596988089060978
2018-04-03,5.574491500854492,0.4984694633598594,0.16411577226643234,1.0,0.4984694633598594,2,2,11.148983001708984,24752.118670791388,26000.0,1042,0.7665796529918286,0.22364560561693783,0.0,1.0,0.971319030140855
2018-04-04,5.596508502960205,0.4902669374176056,0.15044489569600927,1.0,0.4902669374176056,2,2,11.19301700592041,24740.925653785467,26000.0,1044,0.7670429954727775,0.18600350249884248,0.0,1.0,0.886039866696235
2018-04-05,5.476287841796875,0.5255007439413178,0.20916790656886305,1.0,0.5255007439413178,3,3,16.428863525390625,24724.496790260077,26000.0,1047,0.767882539145104,0.26330292680668643,0.0,1.0,0.885327157369878
2018-04-06,5.299909591674805,0.583356225535408,0.30559370922567997,1.0,0.583356225535408,3,3,15.899728775024414,24708.597061485052,26000.0,1050,0.7690594571043444,0.3792591000437283,0.0,1.0,0.8338712518122477
2018-04-09,5.328606605529785,0.5514068547449065,0.25234475790817745,1.0,0.5514068547449065,3,3,15.985819816589355,24692.611241668463,26000.0,1053,0.7699604540033186,0.3226796860539422,0.0,1.0,0.9028120828086079
2018-04-10,5.637819766998291,0.4203827216620355,0.033971202770059127,1.0,0.4203827216620355,2,2,11.275639533996582,24681.335602134466,26000.0,1055,0.7695284458984667,0.04642337633476113,0.0,1.0,0.9679559834291709
2018-04-11,5.596508502960205,0.433069067865529,0.055115113109214985,1.0,0.433069067865529,2,2,11.19301700592041,24670.142585128546,26000.0,1057,0.7694545319004341,0.07496076813166827,0.0,1.0,0.9691781714891698
2018-04-19,5.665772914886475,0.4218246917544868,0.03637448625747793,1.0,0.4218246917544868,2,2,11.33154582977295,24658.811039298773,26000.0,1059,0.7673534869850658,0.04966875627236833,0.0,1.0,0.9583531771135854
2018-04-20,5.657609462738037,0.41837578295154476,0.030626304919241232,1.0,0.41837578295154476,2,2,11.315218925476074,24647.495820373297,26000.0,1061,0.7671654691732623,0.051447381830170405,0.0,1.0,1.0
2018-04-23,5.538130283355713,0.4590225222645653,0.09837087044094214,1.0,0.4590225222645653,2,2,11.076260566711426,24636.419559806585,26000.0,1063,0.7674186905248962,0.1415202478408045,0.0,1.0,1.0
2018-04-24,5.4718337059021,0.47714894358569737,0.12858157264282893,1.0,0.47714894358569737,2,2,10.9436674118042,24625.47589239478,26000.0,1065,0.7678665488033666,0.18135332583151642,0.0,1.0,1.0
2018-04-25,5.359528541564941,0.5106171799945936,0.1843619666576559,1.0,0.5106171799945936,3,3,16.078585624694824,24609.397306770086,26000.0,1068,0.7686712894641491,0.2549224438571698,0.0,1.0,1.0
2018-04-26,5.5712761878967285,0.4232404531491213,0.038734088581868775,1.0,0.4232404531491213,2,2,11.142552375793457,24598.254754394293,26000.0,1070,0.7683177028456111,0.06110552637465838,0.0,1.0,1.0
2018-04-27,5.5987348556518555,0.41059940776190795,0.017665679603179885,1.0,0.41059940776190795,2,2,11.197469711303711,24587.05728468299,26000.0,1072,0.7680463824114837,0.03328563483720066,0.0,1.0,1.0
2018-04-30,5.563361644744873,0.4219152226854178,0.03652537114236298,1.0,0.4219152226854178,2,2,11.126723289489746,24575.9305613935,26000.0,1074,0.7678990619268568,0.05857921070740512,0.0,1.0,1.0
2018-05-01,5.618772506713867,0.4011650709389225,0.0019417848982041428,1.0,0.4011650709389225,2,2,11.237545013427734,25064.69301638007,26500.0,1076,0.7718941587119084,0.008472665596808315,0.0,1.0,1.0
2018-05-02,5.598239898681641,0.4080951486808261,0.013491914468043431,1.0,0.4080951486808261,2,2,11.196479797363281,25053.49653658271,26500.0,1078,0.7715856619490457,0.024181335119456637,0.0,1.0,1.0
2018-06-21,6.364073276519775,0.42594064224800854,0.04323440374668086,1.0,0.42594064224800854,2,2,12.72814655303955,25540.76839002967,27000.0,1080,0.7443097279166838,0.03126348618577835,0.0,1.0,0.7306730409809945
2018-06-22,6.211600303649902,0.4544142578404652,0.09069042973410861,1.0,0.4544142578404652,2,2,12.423200607299805,25528.34518942237,27000.0,1082,0.744568743116158,0.13638199222059816,0.0,1.0,0.9201357306107503
2018-06-25,5.918780326843262,0.7355639223442292,0.5592732039070486,1.0,0.7355639223442292,3,3,17.756340980529785,25510.58884844184,27000.0,1085,0.7458780686018704,0.33315286994086096,1.0,1.0,1.0
2018-06-26,5.9898176193237305,0.4993683149828766,0.1656138583047943,1.0,0.4993683149828766,2,2,11.979635238647461,25498.60921320319,27000.0,1087,0.7465186782479196,0.25207757726958385,0.0,1.0,1.0
2018-06-27,5.834620952606201,0.5403565096841939,0.23392751614032314,1.0,0.5403565096841939,3,3,17.503862857818604,25481.105350345373,27000.0,1090,0.7478658173640352,0.3418153152675067,0.0,1.0,1.0
2018-06-28,5.961847305297852,0.48500943330490365,0.14168238884150605,1.0,0.48500943330490365,2,2,11.923694610595703,25469.181655734777,27000.0,1092,0.748326913077229,0.2183607164892234,0.0,1.0,1.0
2018-06-29,5.863830089569092,0.5087799772474787,0.18129996207913113,1.0,0.5087799772474787,3,3,17.591490268707275,25451.59016546607,27000.0,1095,0.7492913677979819,0.2702196927519706,0.0,1.0,1.0
2018-07-02,5.996006488800049,0.4560933859798787,0.09348897663313113,1.0,0.4560933859798787,2,2,11.992012977600098,25939.59815248847,27500.0,1097,0.753942655585944,0.14848709103600874,0.0,1.0,1.0
2018-07-03,5.862343788146973,0.4946153242553012,0.15769220709216863,1.0,0.4946153242553012,2,2,11.724687576293945,25927.873464912176,27500.0,1099,0.7546982396938977,0.23333581420677152,0.0,1.0,1.0
2018-07-05,6.008135795593262,0.43649412906494367,0.06082354844157275,1.0,0.43649412906494367,2,2,12.016271591186523,25915.85719332099,27500.0,1101,0.7547883528942427,0.10408748947229865,0.0,1.0,1.0
2018-07-30,6.042789459228516,0.4403132125375441,0.06718868756257343,1.0,0.4403132125375441,2,2,12.085578918457031,25903.771614402533,27500.0,1103,0.7523738336757835,0.11498886085209209,0.0,1.0,1.0
2018-07-31,6.060859203338623,0.42952704274741593,0.04921173791235985,1.0,0.42952704274741593,2,2,12.121718406677246,25891.649895995855,27500.0,1105,0.7523983402592989,0.09099508806829208,0.0,1.0,1.0
2018-08-01,6.1007080078125,0.4144270838725066,0.02404513978751096,1.0,0.4144270838725066,2,2,12.201416015625,26379.44847998023,28000.0,1107,0.7566513372109389,0.05318662695018686,0.0,1.0,1.0
2018-08-17,6.059866905212402,0.46415440045504963,0.10692400075841602,1.0,0.46415440045504963,2,2,12.119733810424805,26367.328746169806,28000.0,1109,0.7520752826105804,0.16826782951175193,0.0,1.0,1.0
2018-08-20,6.13461971282959,0.4327975691003104,0.054662615167184,1.0,0.4327975691003104,2,2,12.26923942565918,26355.059506744146,28000.0,1111,0.7521414446039552,0.09851982006340124,0.0,1.0,1.0
2018-09-20,6.594658374786377,0.4162613639353523,0.027102273225587115,1.0,0.4162613639353523,2,2,13.189316749572754,26841.870189994574,28500.0,1113,0.7390144732390311,0.07489966883952957,0.0,1.0,1.0
2018-09-21,6.524569988250732,0.43456256678449345,0.057604277974155724,1.0,0.43456256678449345,2,2,13.049139976501465,26828.821050018072,28500.0,1115,0.7391783399020082,0.11540514184131041,0.0,1.0,1.0
2018-09-24,6.58029317855835,0.4126281672383644,0.02104694539727392,1.0,0.4126281672383644,2,2,13.1605863571167,26815.660463660955,28500.0,1117,0.7390764007386469,0.06676397090216275,0.0,1.0,1.0
2018-10-05,6.68332052230835,0.4201260992443633,0.033543498740605436,1.0,0.4201260992443633,2,2,13.3666410446167,27302.29382261634,29000.0,1119,0.7381600915207971,0.08434235124445465,0.0,1.0,1.0
2018-10-08,6.582029342651367,0.44718632630488664,0.07864387717481103,1.0,0.44718632630488664,2,2,13.164058685302734,27289.129763931036,29000.0,1121,0.7384849015657067,0.14415137911181916,0.0,1.0,1.0
2018-10-09,6.57633113861084,0.44301393726425353,0.07168989544042252,1.0,0.44301393726425353,2,2,13.15266227722168,27275.977101653814,29000.0,1123,0.7387578066082152,0.13460649842345915,0.0,1.0,1.0
2018-10-10,6.084728240966797,0.7881770276767202,0.6469617127945336,1.0,0.7881770276767202,4,4,24.338912963867188,27251.638188689947,29000.0,1127,0.7407757593633985,0.4551731910293128,1.0,1.0,1.0
2018-10-11,5.8232011795043945,0.8525591132165757,0.7542651886942929,1.0,0.8525591132165757,4,4,23.292804718017578,27228.34538397193,29000.0,1131,0.7430758528896385,0.5959443987027517,1.0,1.0,1.0
2018-10-12,6.105778217315674,0.5415832734291071,0.23597212238184506,1.0,0.5415832734291071,3,3,18.31733465194702,27210.028049319983,29000.0,1134,0.7440411739034981,0.3483661003834064,0.0,1.0,1.0
2018-10-15,5.829392433166504,0.6157549048546825,0.35959150809113755,1.0,0.6157549048546825,3,3,17.48817729949951,27192.539872020483,29000.0,1137,0.7460944681666594,0.5111386537326351,0.0,1.0,1.0
2018-10-16,6.08819580078125,0.5138468736208373,0.18974478936806205,1.0,0.5138468736208373,3,3,18.26458740234375,27174.27528461814,29000.0,1140,0.7469349486620714,0.28383588160645573,0.0,1.0,1.0
2018-10-17,6.019594192504883,0.5246374136272556,0.2077290227120926,1.0,0.5246374136272556,3,3,18.05878257751465,27156.216502040625,29000.0,1143,0.7478958447267989,0.3068539633337691,0.0,1.0,1.0
2018-10-18,5.932170391082764,0.5408496306547335,0.23474938442455573,1.0,0.5408496306547335,3,3,17.79651117324829,27138.419990867376,29000.0,1146,0.7490379604356402,0.3417389965748786,0.0,1.0,1.0
2018-10-19,5.675596714019775,0.6114204774353057,0.35236746239217615,1.0,0.6114204774353057,3,3,17.026790142059326,27121.393200725317,29000.0,1149,0.7509827728719394,0.49661828809540637,0.0,1.0,1.0
2018-10-22,5.726365566253662,0.5760481133781351,0.2934135222968918,1.0,0.5760481133781351,3,3,17.179096698760986,27104.214104026556,29000.0,1152,0.7525010430981445,0.4164947644088223,0.0,1.0,1.0
2018-10-23,5.474746227264404,0.6442170885068568,0.4070284808447613,1.0,0.6442170885068568,3,3,16.424238681793213,27087.789865344763,29000.0,1155,0.7547753644851185,0.5657070544190077,0.0,1.0,1.0
2018-10-24,4.938564777374268,0.8065129760693022,0.6775216267821703,1.0,0.8065129760693022,4,4,19.75425910949707,27068.035606235266,29000.0,1159,0.7588198183708288,0.9223201284498425,0.0,1.0,1.0
2018-10-25,5.147339820861816,0.7024055813286767,0.5040093022144612,1.0,0.7024055813286767,3,3,15.44201946258545,27052.59358677268,29000.0,1162,0.7614416422649883,0.6883485384654042,0.0,1.0,1.0
2018-10-26,4.910826206207275,0.7613041680345424,0.6021736133909039,1.0,0.7613041680345424,4,4,19.6433048248291,27032.95028194785,29000.0,1166,0.7648626368071498,0.8158132921584997,0.0,1.0,1.0
2018-10-29,4.597042560577393,0.8460145450181258,0.7433575750302096,1.0,0.8460145450181258,4,4,18.38817024230957,27014.56211170554,29000.0,1170,0.7689212111513904,1.0,0.0,1.0,1.0
2018-10-30,5.0274739265441895,0.6549270930754676,0.42487848845911264,1.0,0.6549270930754676,3,3,15.082421779632568,26999.47968992591,29000.0,1173,0.7708941016722105,0.5733883273843838,0.0,1.0,1.0
2018-10-31,5.221390724182129,0.5626328498075576,0.2710547496792626,1.0,0.5626328498075576,3,3,15.664172172546387,26983.815517753363,29000.0,1176,0.7720682789321692,0.36711583175129187,0.0,1.0,1.0
2018-11-01,5.401686191558838,0.4839804498196213,0.13996741636603546,1.0,0.4839804498196213,2,2,10.803372383117676,27473.012145370245,29500.0,1178,0.7762447986368077,0.18815620096235047,0.0,1.0,1.0
2018-11-02,5.322683334350586,0.5054160734838177,0.17569345580636275,1.0,0.5054160734838177,3,3,15.968050003051758,27457.044095367193,29500.0,1181,0.7769680020022566,0.2350677168506716,0.0,1.0,1.0
2018-11-05,5.244670391082764,0.5248298111087081,0.2080496851811801,1.0,0.5248298111087081,3,3,15.734011173248291,27441.310084193945,29500.0,1184,0.7776986173814964,0.2774787406378549,0.0,1.0,1.0
2018-11-06,5.227086544036865,0.5203613834538918,0.20060230575648635,1.0,0.5203613834538918,3,3,15.681259632110596,27425.628824561834,29500.0,1187,0.778379052244847,0.2668684665415791,0.0,1.0,1.0
2018-11-07,5.294697284698486,0.4844664354528625,0.14077739242143747,1.0,0.4844664354528625,2,2,10.589394569396973,27415.039429992437,29500.0,1189,0.7786878200225702,0.1867931476504576,0.0,1.0,1.0
2018-11-08,5.101523399353027,0.5495045501120468,0.24917425018674463,1.0,0.5495045501120468,3,3,15.304570198059082,27399.73485979438,29500.0,1192,0.7798451876969638,0.33016492366314004,0.0,1.0,1.0
2018-11-09,5.093597888946533,0.5395854004778693,0.23264233412978214,1.0,0.5395854004778693,3,3,15.2807936668396,27384.45406612754,29500.0,1195,0.7807082234088047,0.3072593332086824,0.0,1.0,1.0
2018-11-12,4.694125652313232,0.6808664739986245,0.46811078999770755,1.0,0.6808664739986245,3,3,14.082376956939697,27370.3716891706,29500.0,1198,0.7829841065541825,0.6189413912205386,0.0,1.0,1.0
2018-11-13,4.936089038848877,0.564092390071056,0.2734873167850934,1.0,0.564092390071056,3,3,14.80826711654663,27355.563422054052,29500.0,1201,0.7840683720871983,0.35835916140403723,0.0,1.0,1.0
2018-11-14,4.8835835456848145,0.5706487339707359,0.28441455661789317,1.0,0.5706487339707359,3,3,14.650750637054443,27340.912671416998,29500.0,1204,0.7852088386639502,0.37178834793768495,0.0,1.0,1.0
2018-11-15,5.01236629486084,0.5057292867296836,0.17621547788280606,1.0,0.5057292867296836,3,3,15.03709888458252,27325.875572532415,29500.0,1207,0.7856966110135414,0.2270351372746443,0.0,1.0,1.0
2018-11-16,4.072253704071045,1.0,1.0,1.0,1.0,5,5,20.361268520355225,27305.51430401206,29500.0,1212,0.7897550202704733,1.0,1.0,1.0,1.0
2018-11-19,3.5836219787597656,1.0,1.0,1.0,1.0,5,5,17.918109893798828,27287.59619411826,29500.0,1217,0.7949682440147131,1.0,1.0,1.0,1.0
2018-11-20,3.6920979022979736,1.0,1.0,1.0,1.0,5,5,18.460489511489868,27269.13570460677,29500.0,1222,0.799223633304869,1.0,1.0,1.0,1.0
2018-11-21,3.5838699340820312,0.8615570376162796,0.7692617293604659,1.0,0.8615570376162796,4,4,14.335479736328125,27254.800224870443,29500.0,1226,0.8034600835917324,1.0,0.0,1.0,1.0
2018-11-23,3.5910520553588867,0.8633221738321765,0.7722036230536274,1.0,0.8633221738321765,4,4,14.364208221435547,27240.436016649008,29500.0,1230,0.8073826085159476,1.0,0.0,1.0,1.0
2018-11-26,3.7904181480407715,0.7919535607583273,0.6532559345972122,1.0,0.7919535607583273,4,4,15.161672592163086,27225.274344056845,29500.0,1234,0.810106992473087,0.8386786981009735,0.0,1.0,1.0
2018-11-27,3.8072588443756104,0.7548438639261958,0.591406439876993,1.0,0.7548438639261958,4,4,15.229035377502441,27210.045308679342,29500.0,1238,0.8124657373237236,0.7538539602900449,0.0,1.0,1.0
2018-11-28,3.964273691177368,0.6545252215923649,0.4242087026539415,1.0,0.6545252215923649,3,3,11.892821073532104,27198.15248760581,29500.0,1241,0.8139318505350165,0.5294575307813498,0.0,1.0,1.0
2018-11-29,3.9010579586029053,0.6644476578674173,0.4407460964456955,1.0,0.6644476578674173,3,3,11.703173875808716,27186.44931373,29500.0,1244,0.8156152563948798,0.549823983310492,0.0,1.0,1.0
2018-11-30,4.051538944244385,0.5725080516945789,0.28751341949096476,1.0,0.5725080516945789,3,3,12.154616832733154,27174.29469689727,29500.0,1247,0.8165008703151422,0.3446281334505886,0.0,1.0,1.0
2018-12-03,4.215404987335205,0.48269096827752356,0.13781828046253924,1.0,0.48269096827752356,2,2,8.43080997467041,27665.863886922598,30000.0,1249,0.8196626733059315,0.14187281175523198,0.0,1.0,1.0
2018-12-04,3.8948609828948975,0.6297250175169272,0.3828750291948787,1.0,0.6297250175169272,3,3,11.684582948684692,27654.179303973913,30000.0,1252,0.8211325360876367,0.46714528061664595,0.0,1.0,1.0
2018-12-06,3.9241137504577637,0.5977825808834916,0.32963763480581926,1.0,0.5977825808834916,3,3,11.772341251373291,27642.40696272254,30000.0,1255,0.8221820287918962,0.3951125953936406,0.0,1.0,1.0
2018-12-07,3.659348726272583,0.7121501304256326,0.5202502173760543,1.0,0.7121501304256326,3,3,10.978046178817749,27631.428916543722,30000.0,1258,0.8241522614445419,0.6472924728346416,0.0,1.0,1.0
2018-12-10,3.76470947265625,0.6361177905516029,0.3935296509193381,1.0,0.6361177905516029,3,3,11.29412841796875,27620.134788125753,30000.0,1261,0.825484410617534,0.47699956838602803,0.0,1.0,1.0
2018-12-11,3.6737277507781982,0.6635664617293304,0.4392774362155507,1.0,0.6635664617293304,3,3,11.021183252334595,27609.11360487342,30000.0,1264,0.8270218310169039,0.5364591950482748,0.0,1.0,1.0
2018-12-12,3.691328525543213,0.6345268446973176,0.39087807449552925,1.0,0.6345268446973176,3,3,11.073985576629639,27598.03961929679,30000.0,1267,0.8283114210272825,0.47063712274453423,0.0,1.0,1.0
2018-12-13,3.6910808086395264,0.6167272926727073,0.36121215445451216,1.0,0.6167272926727073,3,3,11.073242425918579,27586.96637687087,30000.0,1270,0.8294476867434701,0.42994629697365705,0.0,1.0,1.0
2018-12-14,3.6305923461914062,0.6313468179956656,0.385578029992776,1.0,0.6313468179956656,3,3,10.891777038574219,27576.074599832296,30000.0,1273,0.8306877648199493,0.46119405294819626,0.0,1.0,1.0
2018-12-17,3.5594422817230225,0.8507884650810671,0.7513141084684452,1.0,0.8507884650810671,4,4,14.23776912689209,27561.836830705404,30000.0,1277,0.8320662131838952,0.5030192647740315,1.0,1.0,1.0
2018-12-18,3.6427395343780518,0.5879572623007472,0.31326210383457864,1.0,0.5879572623007472,3,3,10.928218603134155,27550.90861210227,30000.0,1280,0.832814933035568,0.36264564985498116,0.0,1.0,1.0
2018-12-19,3.433753728866577,0.88456328220393,0.8076054703398833,1.0,0.88456328220393,4,4,13.735014915466309,27537.173597186804,30000.0,1284,0.8344289345721471,0.5757116925476973,1.0,1.0,1.0
2018-12-20,3.349217653274536,0.908661664093647,0.8477694401560784,1.0,0.908661664093647,4,4,13.396870613098145,27523.776726573706,30000.0,1288,0.8360774258924151,0.627615160982356,1.0,1.0,1.0
2018-12-21,3.212125539779663,0.9606625461895552,0.9344375769825919,1.0,0.9606625461895552,4,4,12.848502159118652,27510.928224414587,30000.0,1292,0.8380930474605757,0.7411570551828804,1.0,1.0,1.0
2018-12-24,3.1503970623016357,0.9684765429933081,0.9474609049888468,1.0,0.9684765429933081,4,4,12.601588249206543,27498.32663616538,30000.0,1296,0.8401361993151564,0.7564783406699728,1.0,1.0,1.0
2018-12-26,3.2996366024017334,0.6976169436562147,0.49602823942702456,1.0,0.6976169436562147,3,3,9.8989098072052,27488.427726358175,30000.0,1299,0.8413378776932857,0.5079290774833314,0.0,1.0,0.5955318617326295
2018-12-27,3.2517902851104736,0.7069139891112863,0.5115233151854772,1.0,0.7069139891112863,3,3,9.755370855331421,27478.672355502844,30000.0,1302,0.8427064972518008,0.5242105717905914,0.0,1.0,0.5819869195779013
2018-12-28,3.3132717609405518,0.6487369781517306,0.4145616302528843,1.0,0.6487369781517306,3,3,9.939815282821655,27468.732540220022,30000.0,1305,0.8436633064078363,0.40107983862249136,0.0,1.0,0.6139743711191694
2018-12-31,3.3095526695251465,0.6374227096970618,0.3957045161617697,1.0,0.6374227096970618,3,3,9.92865800857544,27458.803882211447,30000.0,1308,0.8445155955414567,0.37041860803701043,0.0,1.0,0.5929768191324845
2019-01-02,3.376983165740967,0.5882148272544214,0.313691378757369,1.0,0.5882148272544214,3,3,10.1309494972229,27948.672932714224,30500.0,1311,0.8475190684026532,0.2511192071239354,0.0,1.0,0.5617239673254348
2019-01-03,3.172957420349121,0.6990430570360835,0.49840509506013914,1.0,0.6990430570360835,3,3,9.518872261047363,27939.154060453176,30500.0,1314,0.8487355800786611,0.49182968967453844,0.0,1.0,0.5421131435285635
2019-01-04,3.376239776611328,0.565418158083354,0.2756969301389234,1.0,0.565418158083354,3,3,10.128719329833984,27929.025341123343,30500.0,1317,0.8489756764221796,0.18438328629121542,0.0,1.0,0.4959337513767377
2019-01-08,3.466477870941162,0.5065503377603788,0.17758389626729804,1.0,0.5065503377603788,3,3,10.399433612823486,27918.62590751052,30500.0,1320,0.8486073291512427,0.05644328162700996,0.0,1.0,0.5072243708983479
2019-01-28,3.421358585357666,0.5793685641446064,0.29894760690767724,1.0,0.5793685641446064,3,3,10.264075756072998,27908.361831754446,30500.0,1323,0.8412920332987567,0.3350825536892572,0.0,1.0,1.0
2019-01-29,3.2624497413635254,0.6561983510429055,0.42699725173817576,1.0,0.6561983510429055,3,3,9.787349224090576,27898.574482530355,30500.0,1326,0.8426030689693015,0.5045043777927104,0.0,1.0,1.0
2019-01-30,3.405989170074463,0.5550357912475191,0.25839298541253186,1.0,0.5550357912475191,3,3,10.217967510223389,27888.356515020132,30500.0,1329,0.8431677850767537,0.27913397325106637,0.0,1.0,1.0
2019-01-31,3.563656806945801,0.45404843546797446,0.0900807257799574,1.0,0.45404843546797446,2,2,7.127313613891602,27881.22920140624,30500.0,1331,0.8429943967869474,0.05489101536410677,0.0,1.0,1.0
2019-02-01,3.58795166015625,0.43903656555769355,0.06506094259615589,1.0,0.43903656555769355,2,2,7.1759033203125,28374.053298085928,31000.0,1333,0.8453566874058761,0.019169013833442744,0.0,1.0,1.0
2019-02-11,3.6305923461914062,0.43611207836014754,0.06018679726691253,1.0,0.43611207836014754,2,2,7.2611846923828125,28366.792113393545,31000.0,1335,0.8434273530246656,0.014599487775662121,0.0,1.0,1.0
2019-03-06,3.7733044624328613,0.4545937664198504,0.09098961069975062,1.0,0.4545937664198504,2,2,7.546608924865723,28859.24550446868,31500.0,1337,0.8381090766367559,0.060988182074022644,0.0,1.0,1.0
2019-03-07,3.7040677070617676,0.4891582391852851,0.1485970653088085,1.0,0.4891582391852851,2,2,7.408135414123535,28851.837369054556,31500.0,1339,0.8383347682345125,0.1375724299550099,0.0,1.0,1.0
2019-03-08,3.738313913345337,0.465045149880014,0.10840858313335663,1.0,0.465045149880014,2,2,7.476627826690674,28844.360741227865,31500.0,1341,0.8383785596268652,0.08394399566205481,0.0,1.0,1.0
2019-04-26,4.419519424438477,0.49578434995782106,0.15964058326303507,1.0,0.49578434995782106,2,2,8.839038848876953,29335.52170237899,32000.0,1343,0.8077637360216661,0.18286815277349186,0.0,1.0,1.0
2019-04-29,4.450290679931641,0.4745825370032555,0.12430422833875909,1.0,0.4745825370032555,2,2,8.900581359863281,29326.621121019125,32000.0,1345,0.8080246333121069,0.13549211558401636,0.0,1.0,1.0
2019-04-30,4.491733551025391,0.4504152430745586,0.0840254051242643,1.0,0.4504152430745586,2,2,8.983467102050781,29317.637653917074,32000.0,1347,0.8080690364162564,0.08174261486054028,0.0,1.0,1.0
2019-05-01,4.478581428527832,0.4542053405280312,0.09034223421338528,1.0,0.4542053405280312,2,2,8.957162857055664,29808.68049106002,32500.0,1349,0.8110874037473964,0.08714668631489511,0.0,1.0,1.0
2019-05-02,4.546081066131592,0.4202200133081414,0.03370002218023564,1.0,0.4202200133081414,2,2,9.092162132263184,29799.588328927755,32500.0,1351,0.8108541247706474,0.011857015914111058,0.0,1.0,1.0
2019-05-03,4.54161262512207,0.42161125859716797,0.03601876432861325,1.0,0.42161125859716797,2,2,9.08322525024414,29790.50510367751,32500.0,1353,0.8106341729172685,0.015168623965326948,0.0,1.0,1.0
2019-05-06,4.46319580078125,0.4561218384992657,0.09353639749877611,1.0,0.4561218384992657,2,2,8.9263916015625,29781.57871207595,32500.0,1355,0.8107195421281388,0.09177343231467391,0.0,1.0,1.0
2019-05-07,4.295934677124023,0.5279928209092993,0.21332136818216552,1.0,0.5279928209092993,3,3,12.88780403137207,29768.690908044577,32500.0,1358,0.8114352551813574,0.2507710135059745,0.0,1.0,1.0
2019-05-08,4.316034317016602,0.5087877858821804,0.1813129764703007,1.0,0.5087877858821804,3,3,12.948102951049805,29755.742805093527,32500.0,1361,0.8118404731771968,0.20768793989431522,0.0,1.0,1.0
2019-05-09,4.223470687866211,0.5427989704885048,0.23799828414750795,1.0,0.5427989704885048,3,3,12.670412063598633,29743.07239302993,32500.0,1364,0.8125399697162881,0.28256885359150036,0.0,1.0,1.0
2019-05-10,4.189472198486328,0.5472820109900967,0.24547001831682774,1.0,0.5472820109900967,3,3,12.568416595458984,29730.50397643447,32500.0,1367,0.813273836463299,0.2917972990702491,0.0,1.0,1.0
2019-05-13,3.9321279525756836,0.8559196873908796,0.759866145651466,1.0,0.8559196873908796,4,4,15.728511810302734,29714.775464624166,32500.0,1371,0.814934148464779,0.5315540457371758,1.0,1.0,1.0
2019-05-14,4.021219730377197,0.593807056949473,0.323011761582455,1.0,0.593807056949473,3,3,12.063659191131592,29702.711805433035,32500.0,1374,0.8159139356219408,0.3925461909324435,0.0,1.0,1.0
2019-05-15,3.960170269012451,0.607686785951702,0.34614464325283667,1.0,0.607686785951702,3,3,11.880510807037354,29690.831294625998,32500.0,1377,0.8171363657327648,0.422167603048795,0.0,1.0,1.0
2019-05-16,3.9753077030181885,0.5842053541763106,0.3070089236271843,1.0,0.5842053541763106,3,3,11.925923109054565,29678.905371516943,32500.0,1380,0.8181496878125583,0.36897332146813194,0.0,1.0,1.0
2019-05-17,3.8844809532165527,0.6137988308558462,0.35633138475974363,1.0,0.6137988308558462,3,3,11.653442859649658,29667.251928657293,32500.0,1383,0.8194016390860345,0.4334846517047348,0.0,1.0,1.0
2019-05-20,3.7658588886260986,0.6552827210356948,0.42547120172615804,1.0,0.6552827210356948,3,3,11.297576665878296,29655.954351991415,32500.0,1386,0.8209841945500602,0.5240885188625947,0.0,1.0,1.0
2019-05-21,3.8480007648468018,0.5949755304718564,0.3249592174530939,1.0,0.5949755304718564,3,3,11.544002294540405,29644.410349696875,32500.0,1389,0.8220531780690881,0.38900355631281475,0.0,1.0,1.0
2019-05-22,3.777027130126953,0.6152399660094134,0.3587332766823557,1.0,0.6152399660094134,3,3,11.33108139038086,29633.079268306494,32500.0,1392,0.8232782650718038,0.43281054828244825,0.0,1.0,1.0
2019-05-23,3.655923843383789,0.6596509249370764,0.4327515415617941,1.0,0.6596509249370764,3,3,10.967771530151367,29622.111496776342,32500.0,1395,0.824850614076511,0.5299292191169921,0.0,1.0,1.0
2019-05-24,3.6020731925964355,0.6672578021772234,0.44542967029537234,1.0,0.6672578021772234,3,3,10.806219577789307,29611.305277198553,32500.0,1398,0.8264650225059572,0.5452189823323168,0.0,1.0,1.0
2019-05-28,3.5569067001342773,0.6724870022043965,0.45414500367399413,1.0,0.6724870022043965,3,3,10.670720100402832,29600.63455709815,32500.0,1401,0.8280829205532763,0.5501306141392157,0.0,1.0,0.9770908840722494
2019-05-29,3.4827070236206055,0.6953629977610332,0.49227166293505525,1.0,0.6953629977610332,3,3,10.448121070861816,29590.18643602729,32500.0,1404,0.8298239557291688,0.5889366386626901,0.0,1.0,0.9307926971530336
2019-05-30,3.456123113632202,0.6882703223217969,0.48045053720299474,1.0,0.6882703223217969,3,3,10.368369340896606,29579.818066686392,32500.0,1407,0.8314820224387117,0.5700714941641591,0.0,1.0,0.9242876014949508
2019-05-31,3.3654403686523438,0.7305240452602241,0.5508734087670402,1.0,0.7305240452602242,3,3,10.096321105957031,29569.721745580435,32500.0,1410,0.8333295964091348,0.6291676020218125,0.0,1.0,0.7759969403370226
2019-06-03,3.3237016201019287,0.7238565964461503,0.5397609940769171,1.0,0.7238565964461503,3,3,9.971104860305786,30059.75064072013,33000.0,1413,0.8376460949092717,0.6264462654343831,0.0,1.0,0.8498496570849439
2019-06-04,3.5527684688568115,0.5603943086868425,0.2673238478114041,1.0,0.5603943086868425,3,3,10.658305406570435,30049.09233531356,33000.0,1416,0.8383079232280752,0.2959016516315746,0.0,1.0,1.0
2019-06-05,3.510035514831543,0.5720545647369424,0.28675760789490395,1.0,0.5720545647369424,3,3,10.530106544494629,30038.562228769064,33000.0,1419,0.8390525269056048,0.32106872806537823,0.0,1.0,1.0
2019-06-06,3.5721468925476074,0.525203169677149,0.20867194946191492,1.0,0.525203169677149,3,3,10.716440677642822,30027.84578809142,33000.0,1422,0.8394435505083109,0.21656349321868673,0.0,1.0,1.0
2019-06-07,3.614880084991455,0.4928881430388231,0.15481357173137184,1.0,0.4928881430388231,2,2,7.22976016998291,30020.61602792144,33000.0,1424,0.8395924337152176,0.1446034397043893,0.0,1.0,1.0
2019-06-10,3.687674045562744,0.44686258685788127,0.07810431142980209,1.0,0.44686258685788127,2,2,7.375348091125488,30013.240679830313,33000.0,1426,0.8395101064881263,0.042406753196054366,0.0,1.0,1.0
2019-06-12,3.632270574569702,0.47682594925362765,0.12804324875604606,1.0,0.47682594925362765,2,2,7.264541149139404,30005.976138681173,33000.0,1428,0.8395453604805728,0.108956748971933,0.0,1.0,1.0
2019-06-13,3.683450937271118,0.44406360868309747,0.07343934780516241,1.0,0.44406360868309747,2,2,7.366901874542236,29998.60923680663,33000.0,1430,0.8394428630302837,0.03625404515437709,0.0,1.0,1.0
2019-06-14,3.5935134887695312,0.4921633714085363,0.1536056190142271,1.0,0.4921633714085363,2,2,7.1870269775390625,29991.422209829092,33000.0,1432,0.8397001920489093,0.14288507774783796,0.0,1.0,1.0
2019-06-17,3.6032025814056396,0.48091638995570996,0.13486064992618324,1.0,0.48091638995570996,2,2,7.206405162811279,29984.21580466628,33000.0,1434,0.8398728392795118,0.1177191383998436,0.0,1.0,1.0
2019-07-31,4.191770553588867,0.4210503405179803,0.03508390086330045,1.0,0.4210503405179803,2,2,8.383541107177734,30475.832263559103,33500.0,1436,0.8204185829519768,0.0041377293102015465,0.0,1.0,1.0
2019-08-01,4.097361087799072,0.468044896905886,0.11340816150981001,1.0,0.468044896905886,2,2,8.194722175598145,30967.637541383505,34000.0,1438,0.8232064254860395,0.10578223430481835,0.0,1.0,1.0
2019-08-02,4.004689693450928,0.509162333484942,0.1819372224749033,1.0,0.509162333484942,3,3,12.014069080352783,30955.623472303152,34000.0,1441,0.8236901937460436,0.1966705473316053,0.0,1.0,1.0
2019-08-05,3.746307134628296,0.829522738004645,0.7158712300077418,1.0,0.829522738004645,4,4,14.985228538513184,30940.63824376464,34000.0,1445,0.8250271629758548,0.46280114370113407,1.0,1.0,1.0
2019-08-06,3.785064935684204,0.5923358376162857,0.32055972936047616,1.0,0.5923358376162857,3,3,11.355194807052612,30929.283048957586,34000.0,1448,0.8259313003818384,0.3792594498765742,0.0,1.0,1.0
2019-08-07,3.8233258724212646,0.5582626034299626,0.2637710057166043,1.0,0.5582626034299626,3,3,11.469977617263794,30917.813071340322,34000.0,1451,0.8266748059887141,0.30279764607786935,0.0,1.0,1.0
2019-08-08,3.931896209716797,0.4999545147691522,0.16659085794858697,1.0,0.4999545147691522,2,2,7.863792419433594,30909.94927892089,34000.0,1453,0.8268761678032011,0.15377372309936355,0.0,1.0,0.9133793613700192
2019-08-09,3.8305306434631348,0.5411717509724449,0.2352862516207414,1.0,0.5411717509724449,3,3,11.491591930389404,30898.4576869905,34000.0,1456,0.8275578842564391,0.25351295508071064,0.0,1.0,0.9531012672927248
2019-08-12,3.762704372406006,0.5692991027051612,0.28216517117526857,1.0,0.5692991027051612,3,3,11.288113117218018,30887.16957387328,34000.0,1459,0.8283128797705702,0.3073858672631,0.0,1.0,0.9176533345999052
2019-08-13,3.8769893646240234,0.5009183568393458,0.16819726139890967,1.0,0.5009183568393458,3,3,11.63096809387207,30875.53860577941,34000.0,1462,0.8284993589105092,0.14962584614649943,0.0,1.0,0.8923798543630796
2019-08-14,3.728419065475464,0.590663470221387,0.3177724503689783,1.0,0.590663470221387,3,3,11.185257196426392,30864.353348582983,34000.0,1465,0.8292449341686953,0.30549740838046247,0.0,1.0,0.6997058392573408
2019-08-15,3.6961216926574707,0.5955570453395653,0.32592840889927555,1.0,0.5955570453395653,3,3,11.088365077972412,30853.26498350501,34000.0,1468,0.8300227467437861,0.3152743052960434,0.0,1.0,0.6982662807835793
2019-08-23,4.035746097564697,0.42434687017765116,0.040578116962751896,1.0,0.42434687017765116,2,2,8.071492195129395,30845.19349130988,34000.0,1470,0.8255290485319646,0.006352885196148984,0.0,1.0,1.0
2019-08-27,4.019845008850098,0.43522839653344236,0.058713994222403906,1.0,0.43522839653344236,2,2,8.039690017700195,30837.15380129218,34000.0,1472,0.8251184906165726,0.03094461279107701,0.0,1.0,1.0
2019-08-28,4.009399890899658,0.4391327252485755,0.0652212087476258,1.0,0.4391327252485755,2,2,8.018799781799316,30829.13500151038,34000.0,1474,0.8250268435272563,0.039712545914022526,0.0,1.0,1.0
2019-09-20,4.294651031494141,0.44528412039612897,0.07547353399354825,1.0,0.44528412039612897,2,2,8.589302062988281,31320.545699447393,34500.0,1476,0.8141227127610956,0.0642864436747464,0.0,1.0,1.0
2019-09-23,4.348117828369141,0.4174020579415767,0.029003429902627796,1.0,0.4174020579415767,2,2,8.696235656738281,31311.849463790655,34500.0,1478,0.8138805687361556,0.002568448911792489,0.0,1.0,1.0
2019-09-24,4.290670871734619,0.44420647282118253,0.07367745470197085,1.0,0.44420647282118253,2,2,8.581341743469238,31303.268122047186,34500.0,1480,0.8138718789681454,0.06214250507892694,0.0,1.0,1.0
2019-09-27,4.271520614624023,0.45671569447929394,0.09452615746548987,1.0,0.45671569447929394,2,2,8.543041229248047,31294.725080817938,34500.0,1482,0.8133828031731919,0.09042985122523892,0.0,1.0,1.0
2019-09-30,4.3289690017700195,0.42588685958539685,0.04314476597566138,1.0,0.42588685958539685,2,2,8.657938003540039,31286.067142814398,34500.0,1484,0.8132174683621098,0.022086664049883173,0.0,1.0,1.0
2019-10-01,4.327228546142578,0.42688663038479857,0.04481105064133092,1.0,0.42688663038479857,2,2,8.654457092285156,31777.412685722113,35000.0,1486,0.8157219122249626,0.021803933074589707,0.0,1.0,1.0
2019-10-02,4.303354740142822,0.437119474140338,0.06186579023389668,1.0,0.437119474140338,2,2,8.606709480285645,31768.805976241827,35000.0,1488,0.8156467298665423,0.04461876822309781,0.0,1.0,1.0
2019-12-02,5.207703590393066,0.4097539787378448,0.016256631229741303,1.0,0.4097539787378448,2,2,10.415407180786133,32758.39056906104,36000.0,1490,0.784084583639644,0.015368702444455538,0.0,1.0,1.0
2019-12-03,5.1681342124938965,0.4245057025354868,0.04084283755914464,1.0,0.4245057025354868,2,2,10.336268424987793,32748.054300636053,36000.0,1492,0.7840136407056902,0.04822125381761364,0.0,1.0,1.0
2019-12-04,5.211935997009277,0.405233501224159,0.008722502040264998,1.0,0.405233501224159,2,2,10.423871994018555,32737.630428642035,36000.0,1494,0.7837494863194079,0.005658294178723195,0.0,1.0,1.0
2019-12-05,5.195012092590332,0.4115076480743718,0.01917941345728628,1.0,0.4115076480743718,2,2,10.390024185180664,32727.240404456854,36000.0,1496,0.7835498340726635,0.01980049498149581,0.0,1.0,1.0
2020-01-27,5.977972030639648,0.41511686894366584,0.025194781572776364,1.0,0.41511686894366584,2,2,11.955944061279297,33215.284460395575,36500.0,1498,0.7520428797338566,0.059327940140956346,0.0,1.0,1.0
2020-01-31,5.884145259857178,0.4510345416282877,0.08505756938047948,1.0,0.4510345416282877,2,2,11.768290519714355,33203.51616987586,36500.0,1500,0.7515712756569791,0.13961659462810463,0.0,1.0,1.0
2020-02-03,5.98120641708374,0.41392471493878513,0.02320785823130852,1.0,0.41392471493878513,2,2,11.96241283416748,33691.55375704169,37000.0,1502,0.7548790733107877,0.053842515442068084,0.0,1.0,1.0
2020-02-25,6.521763801574707,0.4531563463734425,0.08859391062240411,1.0,0.4531563463734425,2,2,13.043527603149414,33678.51022943854,37000.0,1504,0.7259352051058566,0.1699677868351265,0.0,1.0,1.0
2020-02-26,6.661133766174316,0.40387505666155277,0.006458427769254575,1.0,0.40387505666155277,2,2,13.322267532348633,33665.187961906195,37000.0,1506,0.7259191902406981,0.06046982456275238,0.0,1.0,1.0
2020-02-27,6.290335655212402,0.5147361439498962,0.1912269065831603,1.0,0.5147361439498962,3,3,18.871006965637207,33646.31695494056,37000.0,1509,0.727308208397536,0.3054387781577888,0.0,1.0,1.0
2020-03-03,6.621288776397705,0.4338276181324544,0.05637936355409064,1.0,0.4338276181324544,2,2,13.24257755279541,34133.07437738776,37500.0,1511,0.729988808081681,0.06611821403972509,0.0,1.0,0.7442054182217837
2020-03-06,6.625025272369385,0.45094004530115617,0.08490007550192691,1.0,0.45094004530115617,2,2,13.25005054473877,34119.82432684302,37500.0,1513,0.7284475186511623,0.08484786595599077,0.0,1.0,0.6504287777206275
2020-03-09,6.112035274505615,0.6237688740356628,0.3729481233927714,1.0,0.6237688740356628,3,3,18.336105823516846,34101.48822101951,37500.0,1516,0.7304987193451686,0.4248779583495879,0.0,1.0,0.4615063092697764
2020-03-10,6.501507759094238,0.49747539423930065,0.16245899039883438,1.0,0.49747539423930065,2,2,13.003015518188477,34088.48520550132,37500.0,1518,0.7306501922869445,0.1209490506179765,0.0,1.0,0.35744265067913816
2020-03-11,6.137684345245361,0.6073856471118427,0.34564274518640453,1.0,0.6073856471118427,3,3,18.413053035736084,34070.07215246558,37500.0,1521,0.7323188198347783,0.3591533378966261,0.0,1.0,0.33776823867289285
2020-03-12,5.386630058288574,0.835944308332032,0.7265738472200534,1.0,0.835944308332032,4,4,21.546520233154297,34048.52563223243,37500.0,1525,0.7365258512819748,0.8538301342419808,0.0,1.0,0.29715885153748034
2020-03-13,5.9974846839904785,0.6187601254409062,0.364600209068177,1.0,0.6187601254409062,3,3,17.992454051971436,34030.533178180456,37500.0,1528,0.7377633670081752,0.34966362823375996,0.0,1.0,0.20582022417964718
2020-03-16,4.890823841094971,0.9136255212921994,0.856042535486999,1.0,0.9136255212921994,4,4,19.563295364379883,34010.969882816076,37500.0,1532,0.7432920382890545,1.0,0.0,1.0,0.2085589593787518
2020-03-17,5.410536766052246,0.7552772231476542,0.5921287052460904,1.0,0.7552772231476543,4,4,21.642147064208984,33989.32773575187,37500.0,1536,0.7460811241148576,0.6474590310534405,0.0,1.0,0.21815846678080053
2020-03-18,5.050695896148682,0.8570139888076374,0.7616899813460623,1.0,0.8570139888076374,4,4,20.202783584594727,33969.12495216727,37500.0,1540,0.7499615167909752,0.86310672558937,0.0,1.0,0.18866720263518122
2020-03-19,5.303455352783203,0.7381313453118485,0.5635522421864142,1.0,0.7381313453118485,3,3,15.91036605834961,33953.21458610892,37500.0,1543,0.7524431741398169,0.601106283425511,0.0,1.0,0.20965910592549086
2020-03-20,5.123661518096924,0.7800333761838095,0.6333889603063492,1.0,0.7800333761838095,4,4,20.494646072387695,33932.719940036535,37500.0,1547,0.7555054431371457,0.6886240065414061,0.0,1.0,0.19824876171538874
2020-03-23,5.296483516693115,0.695046683034876,0.4917444717247934,1.0,0.695046683034876,3,3,15.889450550079346,33916.830489486456,37500.0,1550,0.7574078911367293,0.4966053712036473,0.0,1.0,0.1925928501829346
2020-04-01,6.053016185760498,0.48902635191609867,0.14837725319349776,1.0,0.48902635191609867,2,2,12.106032371520996,34404.724457114935,38000.0,1552,0.7509273578582576,0.04362778874219838,0.0,1.0,0.18523464054106542
2020-04-03,6.073935031890869,0.4868437634053656,0.14473960567560934,1.0,0.4868437634053656,2,2,12.147870063781738,34392.57658705115,38000.0,1554,0.7498326404906871,0.041873279938538156,0.0,1.0,0.19423900787785775
2020-10-28,12.587189674377441,0.44908812972411044,0.08181354954018404,1.0,0.44908812972411044,2,2,25.174379348754883,37367.4022077024,41000.0,1556,0.49362767443006467,0.28918579244478265,0.0,1.0,0.531779303695709
2020-10-30,12.494483947753906,0.4465079789220593,0.07751329820343211,1.0,0.4465079789220593,2,2,24.988967895507812,37342.41323980689,41000.0,1558,0.49733657406432,0.28331604681457123,0.0,1.0,0.547857004734418
2020-11-02,12.54108715057373,0.44210994289110017,0.07018323815183358,1.0,0.44210994289110017,2,2,25.08217430114746,37817.33106550574,41500.0,1560,0.5052712038003825,0.2416393306023945,0.0,1.0,0.4399979759014949
2020-12-09,12.893791198730469,0.5600418839350463,0.2667364732250771,1.0,0.5600418839350463,3,3,38.681373596191406,38278.64969190955,42000.0,1563,0.5058036964158956,0.1546355056582156,1.0,1.0,0.8715575699830382
2021-01-06,12.578442573547363,0.5717147564668563,0.28619126077809387,1.0,0.5717147564668563,3,3,37.73532772064209,38740.91436418891,42500.0,1566,0.5184929070630054,0.19642877397445277,1.0,1.0,1.0
2021-02-25,13.269464492797852,0.4087956727317148,0.014659454552857961,1.0,0.4087956727317148,2,2,26.538928985595703,39214.375435203314,43000.0,1568,0.48449100295307024,0.31283271422851805,0.0,1.0,1.0
2021-03-03,12.768150329589844,0.456926972312764,0.09487828718794,1.0,0.456926972312764,2,2,25.536300659179688,39688.839134544134,43500.0,1570,0.49918353426835055,0.4050986264266805,0.0,1.0,1.0
2021-03-04,12.334893226623535,0.507637246153025,0.17939541025504158,1.0,0.507637246153025,3,3,37.004679679870605,39651.83445486426,43500.0,1573,0.5039032961397751,0.5130683619780579,0.0,1.0,1.0
2021-03-05,12.425882339477539,0.4755942485892697,0.12599041431544944,1.0,0.4755942485892697,2,2,24.851764678955078,39626.98269018531,43500.0,1575,0.5074994671167012,0.43826552974834243,0.0,1.0,1.0
2021-03-08,11.560112953186035,0.5936290855517422,0.322715142586237,1.0,0.5936290855517422,3,3,34.680338859558105,39592.30235132575,43500.0,1578,0.5139752660425173,0.6940893685169097,0.0,1.0,1.0
2021-03-09,12.488773345947266,0.42503177338466314,0.04171962230777186,1.0,0.42503177338466314,2,2,24.97754669189453,39567.324804633856,43500.0,1580,0.5162789785537736,0.3171249623010333,0.0,1.0,1.0
2021-03-10,12.43690299987793,0.4213650589984683,0.035608431664113836,1.0,0.4213650589984683,2,2,24.87380599975586,39542.4509986341,43500.0,1582,0.5187709367605791,0.30648474990268393,0.0,1.0,1.0
2021-05-13,13.63089370727539,0.41025868860958514,0.017097814349308536,1.0,0.41025868860958514,2,2,27.26178741455078,40515.18921121955,44500.0,1584,0.48497362121131765,0.29552320952164784,0.0,1.0,0.9096488522024939
2022-01-21,23.327545166015625,0.4150111802133163,0.025018633688860446,1.0,0.4150111802133163,2,2,46.65509033203125,44468.53412088752,48500.0,1586,0.11487001104100097,0.6962659449885908,0.0,1.0,1.0
2022-01-25,22.27963638305664,0.45790749163472866,0.09651248605788107,1.0,0.45790749163472866,2,2,44.55927276611328,44423.974848121405,48500.0,1588,0.13940943901885358,0.7670516535027655,0.0,1.0,1.0
2022-01-27,21.900388717651367,0.44718041091717275,0.0786340181952879,1.0,0.44718041091717275,2,2,43.800777435302734,44380.1740706861,48500.0,1590,0.16222542539496934,0.7203977099765256,0.0,1.0,1.0
2022-04-11,21.877164840698242,0.4339718309555136,0.05661971825918932,1.0,0.4339718309555136,2,2,43.754329681396484,45836.419741004705,50000.0,1592,0.1996938329109244,0.6535769025457725,0.0,1.0,1.0
2022-04-12,21.46491813659668,0.44816061990391565,0.08026769983985937,1.0,0.44816061990391565,2,2,42.92983627319336,45793.48990473151,50000.0,1594,0.2099128583006128,0.6748885192636441,0.0,1.0,1.0
2022-04-14,21.21936798095703,0.43286314795801617,0.05477191326336025,1.0,0.43286314795801617,2,2,42.43873596191406,45751.0511687696,50000.0,1596,0.22711931697970114,0.623687678482557,0.0,1.0,1.0
2022-04-21,20.14632225036621,0.46798720811559325,0.11331201352598871,1.0,0.46798720811559325,2,2,40.29264450073242,45710.758524268866,50000.0,1598,0.25712680932895926,0.6717336531501369,0.0,1.0,1.0
2022-04-22,19.479534149169922,0.5075325751485742,0.17922095858095696,1.0,0.5075325751485742,3,3,58.438602447509766,45652.319921821356,50000.0,1601,0.2677423855959307,0.7489966702897898,0.0,1.0,1.0
2022-04-25,19.865833282470703,0.4481413217030943,0.08023553617182377,1.0,0.4481413217030943,2,2,39.731666564941406,45612.588255256414,50000.0,1603,0.2756560969638941,0.6091023957096487,0.0,1.0,1.0
2022-04-26,18.753854751586914,0.5327721788535793,0.2212869647559655,1.0,0.5327721788535793,3,3,56.26156425476074,45556.326691001654,50000.0,1606,0.2865607739623405,0.7862662901567244,0.0,1.0,1.0
2022-04-27,18.38153648376465,0.5438310172867046,0.2397183621445076,1.0,0.5438310172867046,3,3,55.144609451293945,45501.18208155036,50000.0,1609,0.2970693378792277,0.8003329227578936,0.0,1.0,1.0
2022-04-29,18.513296127319336,0.49202114211567594,0.1533685701927932,1.0,0.49202114211567594,2,2,37.02659225463867,45464.15548929572,50000.0,1611,0.3120179694657464,0.6702512352357557,0.0,1.0,1.0
2022-05-05,18.80975341796875,0.4216215781123892,0.03603596352064864,1.0,0.4216215781123892,2,2,37.6195068359375,45926.53598245978,50500.0,1613,0.3375066389971522,0.4712772016076142,0.0,1.0,0.9233115015975568
2022-05-06,18.641063690185547,0.42161445683252474,0.03602409472087453,1.0,0.42161445683252474,2,2,37.282127380371094,45889.25385507941,50500.0,1615,0.343151717210905,0.4677003520847663,0.0,1.0,0.9326897435052739
2022-05-09,16.91919708251953,0.779547078094768,0.63257846349128,1.0,0.779547078094768,4,4,67.67678833007812,45821.577066749334,50500.0,1619,0.35344046018379277,0.8157042026721993,1.0,1.0,0.9656802019042854
2022-05-10,17.563020706176758,0.4827166371434516,0.13786106190575262,1.0,0.4827166371434516,2,2,35.126041412353516,45786.45102533698,50500.0,1621,0.3599439234038969,0.601479066046822,0.0,1.0,0.9992370810937188
2022-05-11,16.599775314331055,0.5649512033379628,0.27491867222993793,1.0,0.5649512033379628,3,3,49.799325942993164,45736.65169939399,50500.0,1624,0.36943994789828066,0.7748960595194143,0.0,1.0,1.0
2022-05-12,16.145605087280273,0.5893591273995494,0.3155985456659157,1.0,0.5893591273995494,3,3,48.43681526184082,45688.21488413215,50500.0,1627,0.3789881980897645,0.8195876405759008,0.0,1.0,1.0
2022-05-16,17.23262596130371,0.43122640252906586,0.052044004215109727,1.0,0.43122640252906586,2,2,34.46525192260742,45653.74963220954,50500.0,1629,0.38876336959371716,0.4584064138042068,0.0,1.0,1.0
2022-05-18,16.907217025756836,0.4446406014021256,0.07440100233687594,1.0,0.4446406014021256,2,2,33.81443405151367,45619.935198158026,50500.0,1631,0.3966568789751775,0.48032223525176826,0.0,1.0,1.0
2022-05-19,17.092878341674805,0.4071954282654938,0.011992380442489663,1.0,0.4071954282654938,2,2,34.18575668334961,45585.749441474676,50500.0,1633,0.4008718094816313,0.39289580888613274,0.0,1.0,1.0
2022-05-20,16.66366195678711,0.4417685793550786,0.06961429892513102,1.0,0.4417685793550786,2,2,33.32732391357422,45552.4221175611,50500.0,1635,0.40594819399121873,0.4646486490200669,0.0,1.0,1.0
2022-05-23,16.86728858947754,0.4023585777134884,0.003930962855813921,1.0,0.4023585777134884,2,2,33.73457717895508,45518.68754038215,50500.0,1637,0.40985682765162784,0.37316223393390174,0.0,1.0,1.0
2022-05-24,16.12464141845703,0.4745129766308026,0.12418829438467098,1.0,0.4745129766308026,2,2,32.24928283691406,45486.43825754523,50500.0,1639,0.4156274388551169,0.5277347314355555,0.0,1.0,1.0
2022-06-13,15.621865272521973,0.7464565413104133,0.5774275688506888,1.0,0.7464565413104133,3,3,46.86559581756592,45939.57266172767,51000.0,1642,0.42239269900423926,0.6541073369256776,1.0,1.0,0.879684748580494
2022-06-14,15.810564041137695,0.5028016813280155,0.17133613554669247,1.0,0.5028016813280155,3,3,47.431692123413086,45892.140969604254,51000.0,1645,0.42796653985706734,0.5506260089618222,0.0,1.0,0.8756496564048484
2022-06-15,16.50045394897461,0.40185101015626706,0.0030850169271117354,1.0,0.40185101015626706,2,2,33.00090789794922,45859.140061706305,51000.0,1647,0.43081265590731227,0.3247333241307593,0.0,1.0,0.8814468086086518
2022-06-16,15.575939178466797,0.4963435582482065,0.1605725970803441,1.0,0.4963435582482065,2,2,31.151878356933594,45827.98818334937,51000.0,1649,0.43648903033330677,0.5368108220647266,0.0,1.0,0.9164137533090859
2022-06-17,15.854491233825684,0.44398613131983367,0.07331021886638941,1.0,0.44398613131983367,2,2,31.708982467651367,45796.27920088172,51000.0,1651,0.44071585757721093,0.4171009777515099,0.0,1.0,0.9203144457809074
2022-06-28,15.956329345703125,0.4062412983331491,0.010402163888581784,1.0,0.4062412983331491,2,2,31.91265869140625,45764.36654219031,51000.0,1653,0.4518615631970084,0.28816974659235955,0.0,1.0,0.7677279107206654
2022-06-29,15.517033576965332,0.448687845091136,0.08114640848522667,1.0,0.448687845091136,2,2,31.034067153930664,45733.33247503638,51000.0,1655,0.4555659366729368,0.38112624551429286,0.0,1.0,0.7782363689311731
2022-06-30,15.134649276733398,0.48233571243886053,0.13722618739810086,1.0,0.48233571243886053,2,2,30.269298553466797,45703.063176482916,51000.0,1657,0.46004612654043703,0.45207256524822825,0.0,1.0,0.7811769886603883
2022-07-01,14.499670028686523,0.5620838084703506,0.2701396807839176,1.0,0.5620838084703506,3,3,43.49901008605957,46159.564166396856,51500.0,1660,0.4711978786759831,0.5888663734222527,0.0,1.0,0.6494510497385566
2022-07-05,14.939962387084961,0.4813831470474725,0.1356385784124541,1.0,0.4813831470474725,2,2,29.879924774169922,46129.68424162269,51500.0,1662,0.4748309167539881,0.4151913351922841,0.0,1.0,0.6912686632835001
2022-07-06,15.105697631835938,0.44450521943823024,0.07417536573038369,1.0,0.44450521943823024,2,2,30.211395263671875,46099.472846359015,51500.0,1664,0.47784704859711147,0.3319355358547951,0.0,1.0,0.6989694356512772
2022-07-11,15.127660751342773,0.40741319058741887,0.012355317645698083,1.0,0.40741319058741887,2,2,30.255321502685547,46069.21752485633,51500.0,1666,0.4823538272778096,0.27877317009840363,0.0,1.0,0.8509395823187713
2022-07-12,15.057772636413574,0.4037804543081719,0.006300757180286443,1.0,0.4037804543081719,2,2,30.11554527282715,46039.1019795835,51500.0,1668,0.48469896196030104,0.27352363734143414,0.0,1.0,0.8741971537760893
2022-08-26,16.2338809967041,0.42701015373573736,0.04501692289289557,1.0,0.42701015373573736,2,2,32.4677619934082,46506.63421759009,52000.0,1670,0.43345013752220857,0.40435020411276335,0.0,1.0,1.0
2022-08-29,15.775617599487305,0.4670252162588052,0.11170869376467533,1.0,0.4670252162588052,2,2,31.55123519897461,46475.08298239112,52000.0,1672,0.4385412165790926,0.48818148621825214,0.0,1.0,1.0
2022-08-30,15.443154335021973,0.48999172141027547,0.1499862023504591,1.0,0.48999172141027547,2,2,30.886308670043945,46444.196673721075,52000.0,1674,0.4441139899486501,0.5336453909630731,0.0,1.0,1.0
2022-08-31,15.069753646850586,0.5170833890552707,0.19513898175878452,1.0,0.5170833890552707,3,3,45.20926094055176,46398.98741278052,52000.0,1677,0.4502510354083457,0.5877120513811446,0.0,1.0,1.0
2022-09-01,13.914615631103516,0.8426114822753576,0.7376858037922628,1.0,0.8426114822753576,4,4,55.65846252441406,46843.32895025611,52500.0,1681,0.46413152972055305,0.8527828753357972,1.0,1.0,1.0
2022-09-02,13.625078201293945,0.651910409359697,0.4198506822661617,1.0,0.651910409359697,3,3,40.875234603881836,46802.45371565223,52500.0,1684,0.472461427341999,0.8651172601239943,0.0,1.0,1.0
2022-09-06,13.443371772766113,0.6477150236427247,0.4128583727378745,1.0,0.6477150236427247,3,3,40.33011531829834,46762.12360033393,52500.0,1687,0.48078356331961436,0.8474720447753294,0.0,1.0,1.0
2022-09-07,13.696040153503418,0.5872921444007106,0.3121535740011844,1.0,0.5872921444007106,3,3,41.088120460510254,46721.03547987342,52500.0,1690,0.48748163941865597,0.7065009036940343,0.0,1.0,1.0
2022-09-08,13.9716796875,0.5271691880940301,0.21194864682338352,1.0,0.5271691880940301,3,3,41.9150390625,46679.12044081092,52500.0,1693,0.4926344877189867,0.5677414858233024,0.0,1.0,1.0
2022-09-09,14.368158340454102,0.45467664496857085,0.09112774161428472,1.0,0.45467664496857085,2,2,28.736316680908203,46650.38412413001,52500.0,1695,0.49601262597971785,0.40326880728377273,0.0,1.0,1.0
2022-09-12,14.486002922058105,0.4244006476893477,0.04066774614891282,1.0,0.4244006476893477,2,2,28.97200584411621,46621.412118285894,52500.0,1697,0.4989307529028036,0.33307068640685794,0.0,1.0,1.0
2022-09-13,13.113802909851074,0.5979121642035312,0.32985360700588534,1.0,0.5979121642035312,3,3,39.34140872955322,46582.07070955634,52500.0,1700,0.5057464171201086,0.7118361699988497,0.0,1.0,1.0
2022-09-14,13.110807418823242,0.574430318347872,0.29071719724645323,1.0,0.574430318347872,3,3,39.33242225646973,46542.73828729987,52500.0,1703,0.5115952255006756,0.6538054819390398,0.0,1.0,1.0
2022-09-15,12.912067413330078,0.579936253340587,0.2998937555676449,1.0,0.579936253340587,3,3,38.736202239990234,46504.00208505988,52500.0,1706,0.5174403626081994,0.6601957559264383,0.0,1.0,1.0
2022-09-16,13.180715560913086,0.5194049190931148,0.19900819848852466,1.0,0.5194049190931148,3,3,39.54214668273926,46464.45993837714,52500.0,1709,0.5218378319274176,0.5212842105017262,0.0,1.0,1.0
2022-09-19,13.36447525024414,0.4747947078544579,0.12465784642409643,1.0,0.4747947078544579,2,2,26.72895050048828,46437.730987876654,52500.0,1711,0.5251834151199294,0.4188048245566435,0.0,1.0,1.0
2022-09-20,13.158743858337402,0.4891767787552239,0.14862796459203984,1.0,0.4891767787552239,2,2,26.317487716674805,46411.41350015998,52500.0,1713,0.5290584655583195,0.44688993167551133,0.0,1.0,1.0
2022-09-21,13.243633270263672,0.4608677028663877,0.10144617144397942,1.0,0.4608677028663877,2,2,26.487266540527344,46384.92623361945,52500.0,1715,0.5322576155443727,0.3807817241587109,0.0,1.0,1.0
2022-09-22,12.544548988342285,0.549146397043409,0.24857732840568156,1.0,0.549146397043409,3,3,37.633646965026855,46347.292586654425,52500.0,1718,0.5372829249140764,0.5719312907379436,0.0,1.0,1.0
2022-09-23,12.499608993530273,0.5357745315865505,0.22629088597758418,1.0,0.5357745315865505,3,3,37.49882698059082,46309.793759673834,52500.0,1721,0.5416631900408384,0.5378357690403849,0.0,1.0,1.0
2022-09-26,12.21198558807373,0.5643520092221459,0.27392001537024313,1.0,0.5643520092221459,3,3,36.63595676422119,46273.15780290961,52500.0,1724,0.5464644201774371,0.5866690966545614,0.0,1.0,0.9555807335225355
2022-09-27,12.396743774414062,0.513399302182396,0.18899883697066006,1.0,0.513399302182396,3,3,37.19023132324219,46235.96757158637,52500.0,1727,0.5501729453838149,0.475089275657077,0.0,1.0,0.9796869728600532
2022-09-28,12.719320297241211,0.4546614666469508,0.0911024444115846,1.0,0.4546614666469508,2,2,25.438640594482422,46210.52893099189,52500.0,1729,0.5524573024235431,0.3255290293741743,0.0,1.0,0.9043238266202209
2022-09-29,12.203998565673828,0.5247942223811047,0.20799037063517453,1.0,0.5247942223811047,3,3,36.611995697021484,46173.91693529487,52500.0,1732,0.5563335498241625,0.4704896820171266,0.0,1.0,0.8727623194747531
2022-09-30,12.123101234436035,0.5424450097422666,0.23740834957044432,1.0,0.5424450097422666,3,3,36.369303703308105,46137.54763159156,52500.0,1735,0.5598008245195707,0.4572054548614699,0.0,1.0,0.6520781597920162
2022-10-03,12.495615005493164,0.4789127872678002,0.13152131211300028,1.0,0.4789127872678002,2,2,24.991230010986328,46612.55640158057,53000.0,1737,0.5658409477627864,0.2891162284719546,0.0,1.0,0.5581794203783332
2022-10-07,12.060184478759766,0.5198622693599142,0.1997704489331903,1.0,0.5198622693599142,3,3,36.1805534362793,46576.37584814429,53000.0,1740,0.56995747711608,0.4044605014647508,0.0,1.0,0.686258210014598
2022-10-10,11.654716491699219,0.764760662626083,0.6079344377101383,1.0,0.764760662626083,4,4,46.618865966796875,46529.756982177496,53000.0,1744,0.5738012881691225,0.5111720096255323,1.0,1.0,0.7347732138151173
2022-10-11,11.570826530456543,0.7659756671261168,0.6099594452101946,1.0,0.7659756671261169,4,4,46.28330612182617,46483.47367605567,53000.0,1748,0.5772436915762481,0.49686568231064715,1.0,1.0,0.6737355112298615
2022-10-12,11.484939575195312,0.7609300810812263,0.6015501351353771,1.0,0.7609300810812263,4,4,45.93975830078125,46437.53391775489,53000.0,1752,0.5805540312038364,0.4846829247701551,1.0,1.0,0.6842654910707
2022-10-13,11.944336891174316,0.4741383489638824,0.12356391493980398,1.0,0.4741383489638824,2,2,23.888673782348633,46413.64524397254,53000.0,1754,0.5820291137010172,0.27671394237580976,0.0,1.0,0.6229602627068973
2022-10-14,11.212295532226562,0.5809751353649011,0.30162522560816846,1.0,0.5809751353649011,3,3,33.63688659667969,46380.00835737586,53000.0,1757,0.586064788054731,0.5178551427270903,0.0,1.0,0.657888334869186
2022-10-17,11.872429847717285,0.449973686078926,0.08328947679821,1.0,0.449973686078926,2,2,23.74485969543457,46356.263497680426,53000.0,1759,0.5873626075672347,0.23089452052658418,0.0,1.0,0.6824202156329244
2022-10-18,11.95132827758789,0.4292849677906463,0.04880827965107711,1.0,0.4292849677906463,2,2,23.90265655517578,46332.36084112525,53000.0,1761,0.5884603577969509,0.18091624616513577,0.0,1.0,0.669345039922927
2022-10-19,12.035216331481934,0.40527836299774705,0.008797271662911721,1.0,0.40527836299774705,2,2,24.070432662963867,46308.290408462286,53000.0,1763,0.5891467640248453,0.13345571404753065,0.0,1.0,0.6989275213482222
2022-12-22,15.322831153869629,0.4013478831258025,0.0022464718763374565,1.0,0.4013478831258025,2,2,30.645662307739258,47277.64474615455,54000.0,1765,0.46614474032584335,0.3146283332870509,0.0,1.0,1.0
2022-12-23,15.189970970153809,0.40674456329292885,0.011240938821548049,1.0,0.40674456329292885,2,2,30.379941940307617,47247.26480421424,54000.0,1767,0.4691556776882044,0.323610018518304,0.0,1.0,1.0
2022-12-27,14.10611629486084,0.7348456096737406,0.5580760161229009,1.0,0.7348456096737406,3,3,42.31834888458252,47204.94645532966,54000.0,1770,0.4752077137606363,0.6022269744032316,1.0,1.0,1.0
2022-12-28,14.021203994750977,0.5253483397623698,0.20891389960394968,1.0,0.5253483397623698,3,3,42.06361198425293,47162.882843345404,54000.0,1773,0.48061190288530187,0.5757177410310755,0.0,1.0,1.0
2022-12-29,14.587607383728027,0.4305142145350396,0.050857024225065925,1.0,0.4305142145350396,2,2,29.175214767456055,47133.70762857795,54000.0,1775,0.48366574028212145,0.3619214031290775,0.0,1.0,1.0
2022-12-30,14.598594665527344,0.4159101430320472,0.026516905053411977,1.0,0.4159101430320472,2,2,29.197189331054688,47104.51043924689,54000.0,1777,0.48661239297912573,0.3265212582032014,0.0,1.0,1.0
2023-01-03,14.299910545349121,0.44594410012914754,0.07657350021524587,1.0,0.44594410012914754,2,2,28.599821090698242,47575.910618156195,54500.0,1779,0.4948439738937969,0.3850318041709753,0.0,1.0,1.0
2023-01-05,14.24996280670166,0.43079258826783406,0.05132098044639007,1.0,0.43079258826783406,2,2,28.49992561340332,47547.41069254279,54500.0,1781,0.5002759495420322,0.3459298021642655,0.0,1.0,1.0
