date,price,ema20,bb_low,vol,mkt_vol,cash_before_trade,contribution_cum,shares_before_trade,score,q_score,q_cash,q_exec,affordable_lots,wish_lots,buy_lots,buy_shares,cost,shortage,value,bb,trend,risk
2014-01-02,0.3738436698913574,0.3738436698913574,,,0.14749715476430347,500.0,500.0,0,0.45,0.08333333333333331,1.0,0.45,1337,2,2,2,0.7476873397827148,1.0,0.0,0.0,0.0,0.0
2014-01-03,0.3693651258945465,0.37341714189166114,,,0.14749715476430347,499.2523126602173,500.0,2,0.6237430003808847,0.3729050006348078,1.0,0.6237430003808847,1351,3,3,3,1.1080953776836395,0.9985063314324334,0.054255891636199136,0.0,1.0,0.0
2014-01-06,0.37431517243385315,0.3735026686099651,,,0.14749715476430347,498.14421728253365,500.0,5,0.44831923799125517,0.08053206331875859,1.0,0.44831923799125517,1330,2,2,2,0.7486303448677063,0.9962649733139004,0.0,0.0,0.0,0.0
2014-01-07,0.3804437518119812,0.37416372415301424,,,0.14749715476430347,497.39558693766594,500.0,7,0.447642768537836,0.07940461422972667,1.0,0.447642768537836,1307,2,2,2,0.7608875036239624,0.9947617078618578,0.0,0.0,0.0,0.0
2014-01-08,0.3856295943260193,0.37525571178853856,,,0.14749715476430347,496.634699434042,500.0,9,0.44696042873451286,0.07826738122418807,1.0,0.44696042873451286,1287,2,2,2,0.7712591886520386,0.9932453971878064,0.0,0.0,0.0,0.0
2014-01-09,0.3712508976459503,0.3748743009178159,,,0.14749715476430347,495.86344024538994,500.0,11,0.6180364538310735,0.3633940897184559,1.0,0.6180364538310735,1335,3,3,3,1.113752692937851,0.991752765379808,0.048328243133688664,0.0,1.0,0.0
2014-01-10,0.37077945470809937,0.37448431556450956,,,0.14749715476430347,494.7496875524521,500.0,14,0.6175412734822088,0.3625687891370146,1.0,0.6175412734822088,1334,3,3,3,1.112338364124298,0.9895144391641937,0.04946616857404791,0.0,1.0,0.0
2014-01-13,0.36205801367759705,0.3733008582419465,,,0.14749715476430347,493.6373491883278,500.0,17,0.6620526064638216,0.43675434410636926,1.0,0.6620526064638216,1363,3,3,3,1.0861740410327911,0.9873077708197738,0.15058691021094084,0.0,1.0,0.0
2014-01-14,0.37337231636047363,0.3733076637770443,,,0.14749715476430347,492.551175147295,500.0,20,0.4432804620520132,0.072134103420022,1.0,0.4432804620520132,1319,2,2,2,0.7467446327209473,0.9850676934489182,0.0,0.0,0.0,0.0
2014-01-15,0.377379447221756,0.37369545267654064,,,0.14749715476430347,491.80443051457405,500.0,22,0.4426008300370045,0.07100138339500749,1.0,0.4426008300370045,1303,2,2,2,0.754758894443512,0.9835574000822322,0.0,0.0,0.0,0.0
2014-01-16,0.3785580098628998,0.37415855336095577,,,0.14749715476430347,491.04967162013054,500.0,24,0.44191817524740334,0.06986362541233887,1.0,0.44191817524740334,1297,2,2,2,0.7571160197257996,0.9820403894386741,0.0,0.0,0.0,0.0
2014-01-17,0.3769080936908722,0.3744204143447573,,,0.14749715476430347,490.29255560040474,500.0,26,0.4412385623043327,0.06873093717388784,1.0,0.4412385623043327,1300,2,2,2,0.7538161873817444,0.9805301384540727,0.0,0.0,0.0,0.0
2014-01-21,0.3783223330974579,0.37479202565453834,,,0.14749715476430347,489.538739413023,500.0,28,0.4405552409535056,0.06759206825584267,1.0,0.4405552409535056,1293,2,2,2,0.7566446661949158,0.9790116465633458,0.0,0.0,0.0,0.0
2014-01-22,0.37785083055496216,0.3750833404069596,,,0.14749715476430347,488.7820947468281,500.0,30,0.4398727498090121,0.06645458301502011,1.0,0.4398727498090121,1293,2,2,2,0.7557016611099243,0.9774949995755824,0.0,0.0,0.0,0.0
2014-01-23,0.37643659114837646,0.3752122214299517,,,0.14749715476430347,488.02639308571815,500.0,32,0.4391938880228174,0.06532314670469562,1.0,0.4391938880228174,1296,2,2,2,0.7528731822967529,0.975986417828483,0.0,0.0,0.0,0.0
2014-01-24,0.366772323846817,0.37440842166012933,,,0.14749715476430347,487.2735199034214,500.0,34,0.6344320809792796,0.390720134965466,1.0,0.6344320809792796,1328,3,3,3,1.100316971540451,0.9745402273271112,0.1019755081823989,0.0,1.0,0.0
2014-01-27,0.36441510915756226,0.37345667761226575,,,0.14749715476430347,486.17320293188095,500.0,37,0.6420374908936853,0.4033958181561422,1.0,0.6420374908936853,1334,3,3,3,1.0932453274726868,0.9723642058566924,0.1210524405737194,0.0,1.0,0.0
2014-01-28,0.367950975894928,0.37293232506775736,,,0.14749715476430347,485.07995760440826,500.0,40,0.6166282420030055,0.36104707000500913,1.0,0.6166282420030055,1318,3,3,3,1.103852927684784,0.9701654139945795,0.06678623490098819,0.0,1.0,0.0
2014-01-29,0.36441510915756226,0.3721211616477388,,,0.14749715476430347,483.9761046767235,500.0,43,0.6321929236666871,0.38698820611114515,1.0,0.6321929236666871,1328,3,3,3,1.0932453274726868,0.9679975800982945,0.10354225027212122,0.0,1.0,0.0
2014-01-30,0.37054377794265747,0.37197093462820724,0.3597869971395351,,0.14749715476430347,482.8828593492508,500.0,46,0.5932330738823783,0.32205512313729723,1.0,0.5932330738823783,1303,3,3,3,1.1116313338279724,0.9657786740142049,0.019183712391080254,0.0,1.0,0.0
2014-01-31,0.37007245421409607,0.37179012696972047,0.3595426138617764,0.258565679339798,0.12559793276128325,481.7712280154228,500.0,49,0.5224425841229111,0.20407097353818515,1.0,0.5224425841229111,1301,3,3,3,1.1102173626422882,0.9635645675569674,0.023100031859698784,0.0,1.0,0.7155648561458867
2014-02-03,0.3651222288608551,0.37115508905459044,0.35851335920534017,0.2594427227239213,0.1468146770411605,980.6610106527805,1000.0,52,0.5806250830010338,0.30104180500172295,1.0,0.5806250830010338,2685,3,3,3,1.0953666865825653,0.9806999353691613,0.0812714195715636,0.0,1.0,0.4726202672229245
2014-02-04,0.3672437071800232,0.3707825764951078,0.35794527137952353,0.2554356912445204,0.15112775085353608,979.565643966198,1000.0,55,0.5714481007763281,0.2857468346272135,1.0,0.5714481007763281,2667,3,3,3,1.1017311215400696,0.9796069582927691,0.04772162366064304,0.0,1.0,0.4084976110270737
2014-02-05,0.36394375562667847,0.37013126022192405,0.35738356421529394,0.2485526301395574,0.14812095602964767,978.4639128446579,1000.0,58,0.5881164266210632,0.313527377701772,1.0,0.5881164266210632,2688,3,3,3,1.0918312668800354,0.9785323869071284,0.08358527447175994,0.0,1.0,0.398365209994366
2014-02-06,0.36865800619125366,0.3699909503142412,0.3590917191196743,0.2479947746360461,0.15708934017883702,977.3720815777779,1000.0,61,0.5663925040302842,0.27732084005047364,1.0,0.5663925040302842,2651,3,3,3,1.105974018573761,0.9774305520308313,0.018013198996562133,0.0,1.0,0.3155718393204283
2014-02-07,0.3740794062614441,0.3703803270711176,0.35937281427100537,0.21697288982314886,0.16584330872864478,976.2661075592041,1000.0,64,0.43030800185265894,0.0505133364210982,1.0,0.43030800185265894,2609,2,2,2,0.7481588125228882,0.9762956590674484,0.0,0.0,0.0,0.09025044727692855
2014-02-10,0.3752579689025879,0.3708448643884005,0.3596536433126259,0.21707057985230077,0.1656642388870905,975.5179487466812,1000.0,66,0.42979387484026876,0.04965645806711457,1.0,0.42979387484026876,2599,2,2,2,0.7505159378051758,0.9755242389503656,0.0,0.0,0.0,0.0919203268739579
2014-02-11,0.38303664326667786,0.3720059861863316,0.36040594557843997,0.20826135731141068,0.16522287282800285,974.767432808876,1000.0,68,0.4335759961614723,0.055959993602453795,1.0,0.4335759961614723,2544,2,2,2,0.7660732865333557,0.9747035929393294,0.0,0.0,0.0,0.050406206612259474
2014-02-12,0.39670807123184204,0.37435856571447546,0.35833390809888815,0.2167069127113943,0.16026703460798247,974.0013595223427,1000.0,70,0.4255275808063898,0.04254596801064964,1.0,0.4255275808063898,2455,2,2,2,0.7934161424636841,0.9737949003999867,0.0,0.0,0.0,0.12680124373604196
2014-02-13,0.4092009961605072,0.37767689242362135,0.3549716463748875,0.2378685756154637,0.1605842564317003,973.207943379879,1000.0,72,0.4143241362215803,0.023873560369300495,1.0,0.4143241362215803,2378,2,2,2,0.8184019923210144,0.9728072637454993,0.0,0.0,0.0,0.2343913246389442
2014-02-14,0.422165185213089,0.3819138726892849,0.35084446354300586,0.2570428507408852,0.1616144170702844,972.389541387558,1000.0,74,0.4047431174485376,0.007905195747562599,1.0,0.4047431174485376,2303,2,2,2,0.844330370426178,0.9717383734209929,0.0,0.0,0.0,0.32539150590909216
2014-02-18,0.42192956805229187,0.3857248912952856,0.34871405154866686,0.25544106774740716,0.16105473471993037,971.5452110171318,1000.0,76,0.40463726892736024,0.007728781545600361,1.0,0.40463726892736024,2302,2,2,2,0.8438591361045837,0.9706849082615583,0.0,0.0,0.0,0.32170939790341024
2014-02-19,0.42758679389953613,0.3897117391623571,0.3468530806712843,0.2567207714702917,0.162387751114043,970.7013518810272,1000.0,78,0.40457843739139754,0.007630728985662527,1.0,0.40457843739139754,2270,2,2,2,0.8551735877990723,0.9696024843453361,0.0,0.0,0.0,0.31742680564003734
2014-02-20,0.4426725506782532,0.39475562597339475,0.3440307596634565,0.27466617265829374,0.16395188637613334,969.8461782932281,1000.0,80,0.3961816954825287,0.0,0.0,0.0,2190,0,0,0,0.0,0.9684195499221284,0.0,0.0,0.0,0.3960710198242914
2014-02-21,0.4393725097179413,0.3990048529966849,0.3429634087876841,0.27709228403111225,0.16082532444196695,969.8461782932281,1000.0,80,0.39205754401470994,0.0,0.0,0.0,2207,0,0,0,0.0,0.9680796117602652,0.0,0.0,0.0,0.4357828127740939
2014-02-24,0.445736825466156,0.4034555170413965,0.3427922440340996,0.24765432496913975,0.14113493772063648,969.8461782932281,1000.0,80,0.3892477378439919,0.0,0.0,0.0,2175,0,0,0,0.0,0.9677235586366882,0.0,0.0,0.0,0.462278635425178
2014-02-25,0.443724125623703,0.4072906226206638,0.34391333493949794,0.24606967581457603,0.13952917332184495,969.8461782932281,1000.0,80,0.38837324453002664,0.0,0.0,0.0,2185,0,0,0,0.0,0.9674167501903469,0.0,0.0,0.0,0.4696429305562946
2014-02-26,0.44301384687423706,0.41069283445433746,0.34543962105310055,0.24950220022941358,0.13868730838863844,969.8461782932281,1000.0,80,0.3852961485749902,0.0,0.0,0.0,2189,0,0,0,0.0,0.967144573243653,0.0,0.0,0.0,0.4991890938465364
2014-02-27,0.43804141879081726,0.4132974615340022,0.3481242462188116,0.2511973000056079,0.13201135642992926,969.8461782932281,1000.0,80,0.3765507797264716,0.0,0.0,0.0,2214,0,0,0,0.0,0.9669362030772798,0.0,0.0,0.0,0.5857051165830429
2014-02-28,0.43520015478134155,0.4153834323194631,0.35066080315181963,0.25560375216553244,0.1276834844780801,969.8461782932281,1000.0,80,0.3682249918967866,0.0,0.0,0.0,2228,0,0,0,0.0,0.9667693254144429,0.0,0.0,0.0,0.6682120453971274
2014-03-03,0.4330691397190094,0.41706778540513423,0.3537208930304519,0.25769968414472644,0.12850780458381772,1469.8461782932281,1500.0,80,0.372880105036402,0.0,0.0,0.0,3394,0,0,0,0.0,0.9777563847783929,0.0,0.0,0.0,0.6711026811387477
2014-03-04,0.43756788969039917,0.41902017628944516,0.35819222544613805,0.24503166040774224,0.09968562047332305,1469.8461782932281,1500.0,80,0.33994351576905335,0.0,0.0,0.0,3359,0,0,0,0.0,0.977652257264563,0.0,0.0,0.0,1.0
2014-03-05,0.4413563907146454,0.4211474348061309,0.3631997917931483,0.24471704677141498,0.09936972976248896,1469.8461782932281,1500.0,80,0.3398924615646529,0.0,0.0,0.0,3330,0,0,0,0.0,0.9775388034770064,0.0,0.0,0.0,1.0
2014-03-06,0.43520015478134155,0.4224857890894843,0.369777993205798,0.250219652217773,0.0975823927664176,1469.8461782932281,1500.0,80,0.33986034106185237,0.0,0.0,0.0,3377,0,0,0,0.0,0.9774674245818942,0.0,0.0,0.0,1.0
2014-03-07,0.4347265064716339,0.4236515716973081,0.37670492189806476,0.2523050156460004,0.09207974867689617,1469.8461782932281,1500.0,80,0.3398323622792646,0.0,0.0,0.0,3381,0,0,0,0.0,0.9774052495094769,0.0,0.0,0.0,1.0
2014-03-10,0.4283335506916046,0.4240974744586697,0.383443864970436,0.2638818932479939,0.0840402168043079,1469.8461782932281,1500.0,80,0.3398216606129919,0.0,0.0,0.0,3431,0,0,0,0.0,0.9773814680288709,0.0,0.0,0.0,1.0
2014-03-11,0.43259555101394653,0.4249068150829818,0.3922198868021411,0.26369593054836227,0.08792625860522141,1469.8461782932281,1500.0,80,0.33980223643800844,0.0,0.0,0.0,3397,0,0,0,0.0,0.9773383031955744,0.0,0.0,0.0,1.0
2014-03-12,0.43377935886383057,0.4257518192525864,0.40147484504945635,0.25920692959097735,0.08102240885781849,1469.8461782932281,1500.0,80,0.33978195633793795,0.0,0.0,0.0,3388,0,0,0,0.0,0.9772932363065288,0.0,0.0,0.0,1.0
2014-03-13,0.4200463593006134,0.4252084421143033,0.40648593854729076,0.2682315692468101,0.09324882852660658,1469.8461782932281,1500.0,80,0.5171102742756927,0.19518379045948775,1.0,0.5171102742756927,3499,3,3,3,1.2601390779018402,0.9773222164205705,0.0607006153031911,0.0,1.0,1.0
2014-03-14,0.4219403862953186,0.42489719870297143,0.40896273021589635,0.2464283974324924,0.09206949186057525,1468.5860392153263,1500.0,83,0.5050775598194348,0.17512926636572465,1.0,0.5050775598194348,3480,3,3,3,1.2658211588859558,0.9764890216717689,0.03479444459364181,0.0,1.0,1.0
2014-03-17,0.4219403862953186,0.4246155975212902,0.4086459890607521,0.21939386793135512,0.09663986782504799,1467.3202180564404,1500.0,86,0.5140355296981588,0.19005921616359797,1.0,0.5140355296981588,3477,3,3,3,1.2658211588859558,0.9756553724087793,0.031501565670081756,0.0,1.0,0.8918509243732866
2014-03-18,0.4318852126598358,0.42530794182019926,0.410317677955592,0.23467083592326346,0.09948732773617507,1466.0543968975544,1500.0,89,0.3420775046909355,0.0,0.0,0.0,3394,0,0,0,0.0,0.9747650621186682,0.0,0.0,0.0,0.9656677326246519
2014-03-19,0.4394620954990387,0.42665595645627924,0.41186074115211135,0.23794432001864754,0.09910927824923811,1466.0543968975544,1500.0,89,0.3386082859626174,0.0,0.0,0.0,3336,0,0,0,0.0,0.9746850799169274,0.0,0.0,0.0,1.0
2014-03-20,0.4396989643573761,0.4278981476849551,0.41337094842262495,0.20167477469327078,0.09911551165167445,1466.0543968975544,1500.0,89,0.36901305046904287,0.0,0.0,0.0,3334,0,0,0,0.0,0.9746113765706926,0.0,0.0,0.0,0.6956206898776887
2014-03-21,0.43898844718933105,0.42895436668537185,0.4144514296755904,0.19996980315740068,0.09956057185668642,1466.0543968975544,1500.0,89,0.3711699141160326,0.0,0.0,0.0,3339,0,0,0,0.0,0.9745487075766679,0.0,0.0,0.0,0.6737700429346793
2014-03-24,0.4368574619293213,0.4297070424228908,0.41609558173009586,0.19309580858630593,0.09941223493059011,1466.0543968975544,1500.0,89,0.3766622648187128,0.0,0.0,0.0,3355,0,0,0,0.0,0.9745040488162419,0.0,0.0,0.0,0.6186455714859607
2014-03-25,0.4368574619293213,0.43038803475683657,0.41743963182114663,0.192650050960911,0.10025307856752619,1466.0543968975544,1500.0,89,0.3783722013416078,0.0,0.0,0.0,3355,0,0,0,0.0,0.9744636432710944,0.0,0.0,0.0,0.6013643813038467
2014-03-26,0.42691290378570557,0.43005706990244313,0.41746376568356786,0.20798496916186052,0.10379973073803417,1466.0543968975544,1500.0,89,0.5379911619617254,0.2299852699362089,1.0,0.5379911619617254,3434,3,3,3,1.2807387113571167,0.9744832805191217,0.036555219490413335,0.0,1.0,0.6697616304256537
2014-03-27,0.42123013734817505,0.4292164096591795,0.4157624803276233,0.20937100113135254,0.10250111989296569,1464.7736581861973,1500.0,92,0.5598000855091642,0.2663334758486069,1.0,0.5598000855091642,3477,3,3,3,1.2636904120445251,0.973674726874237,0.09303316615208145,0.0,1.0,0.7021846635267917
2014-03-28,0.42383474111557007,0.4287038697978834,0.41479852284378244,0.2104944758782548,0.10340734354212859,1463.5099677741528,1500.0,95,0.5437048536959673,0.23950808949327884,1.0,0.5437048536959673,3453,3,3,3,1.2715042233467102,0.9728487549128008,0.05678895183065311,0.0,1.0,0.6963211433858696
2014-03-31,0.42407143115997314,0.42826268516570143,0.4139519931847146,0.21012734901438188,0.10324891568790254,1462.238463550806,1500.0,98,0.5398329335858757,0.2330548893097928,1.0,0.5398329335858757,3448,3,3,3,1.2722142934799194,0.9720201712358408,0.04893321495084989,0.0,1.0,0.6959609019813502
2014-04-01,0.4415931701660156,0.42953225516573135,0.4147487942119765,0.2559735838720651,0.09133253375211288,1960.9662492573261,2000.0,101,0.3402388795013588,0.0,0.0,0.0,4440,0,0,0,0.0,0.9783086211141305,0.0,0.0,0.0,1.0
2014-04-02,0.43875181674957275,0.4304103086499067,0.415947590688195,0.25526233478093985,0.09175480905366785,1960.9662492573261,2000.0,101,0.34021892573593093,0.0,0.0,0.0,4469,0,0,0,0.0,0.9782642794131797,0.0,0.0,0.0,1.0
2014-04-03,0.44348740577697754,0.4316557464715325,0.4162920598505915,0.2526490185150167,0.09179708684198104,1960.9662492573261,2000.0,101,0.34019062316143445,0.0,0.0,0.0,4421,0,0,0,0.0,0.9782013848031876,0.0,0.0,0.0,1.0
2014-04-04,0.42975419759750366,0.43147464657876783,0.4161460890234246,0.27710088971167474,0.10250802596099665,1960.9662492573261,2000.0,101,0.49916632073794365,0.16527720122990605,1.0,0.49916632073794365,4562,2,2,2,0.8595083951950073,0.9782105303477723,0.019936849069880285,0.0,1.0,1.0
2014-04-07,0.43117478489875793,0.43144608832352876,0.41619255570225644,0.2721251880768772,0.10898922871124866,1960.1067408621311,2000.0,103,0.4914160897022233,0.15236014950370544,1.0,0.4914160897022233,4545,2,2,2,0.8623495697975159,0.9777805264513383,0.0031441173313800867,0.0,1.0,1.0
2014-04-08,0.4465654790401459,0.43288603029653994,0.416251243389646,0.29812290845622563,0.10893957067867724,1959.2443912923336,2000.0,105,0.3397730675342443,0.0,0.0,0.0,4387,0,0,0,0.0,0.9772734834094317,0.0,0.0,0.0,1.0
2014-04-09,0.446091890335083,0.43414373125259165,0.4164245041067919,0.29826213273687746,0.11612593827345097,1959.2443912923336,2000.0,105,0.3397433543491575,0.0,0.0,0.0,4392,0,0,0,0.0,0.9772074541092389,0.0,0.0,0.0,1.0
2014-04-10,0.43520015478134155,0.4342443430172345,0.41760457079742236,0.28850906945810434,0.1320247945769807,1959.2443912923336,2000.0,105,0.35763561959675216,0.0,0.0,0.0,4501,0,0,0,0.0,0.9772021719915952,0.0,0.0,0.0,0.8210535779946573
2014-04-11,0.4290437698364258,0.433749050333348,0.4178916202536594,0.2938469249999692,0.1357618517725866,1959.2443912923336,2000.0,105,0.5337914218224391,0.22298570303739848,1.0,0.5337914218224391,4566,3,3,3,1.2871313095092773,0.9772281748574992,0.054239663387228944,0.0,1.0,0.8036910538768862
2014-04-14,0.43377935886383057,0.43375193686006064,0.41896926747010554,0.2959546932839396,0.1344443804495161,1957.9572599828243,2000.0,108,0.3560167489113294,0.0,0.0,0.0,4513,0,0,0,0.0,0.9765773954095567,0.0,0.0,0.0,0.8344307902297108
2014-04-15,0.4368574619293213,0.4340477011523712,0.4193015459354052,0.2852823025431045,0.1340913504315569,1957.9572599828243,2000.0,108,0.3621591380714509,0.0,0.0,0.0,4481,0,0,0,0.0,0.9765614241377719,0.0,0.0,0.0,0.7729350279054645
2014-04-16,0.43780478835105896,0.43440551898081764,0.4197463187011001,0.27839743165348474,0.13816622915505755,1957.9572599828243,2000.0,108,0.3715318148781725,0.0,0.0,0.0,4472,0,0,0,0.0,0.9765421019750359,0.0,0.0,0.0,0.6791213101059366
2014-04-17,0.4394620954990387,0.4348870976968387,0.42024375365177963,0.27872587245242636,0.1364761748613062,1957.9572599828243,2000.0,108,0.3692402223815673,0.0,0.0,0.0,4455,0,0,0,0.0,0.9765160967243707,0.0,0.0,0.0,0.7019202114439955
2014-04-21,0.44301384687423706,0.4356610738089719,0.4206753875296563,0.2800480975554966,0.1367430942665794,1957.9572599828243,2000.0,108,0.36874784150748746,0.0,0.0,0.0,4419,0,0,0,0.0,0.9764743020143155,0.0,0.0,0.0,0.7066559439895455
2014-04-22,0.4468023180961609,0.4367221446934661,0.4208590503040812,0.2806252547467343,0.13605568657419584,1957.9572599828243,2000.0,108,0.36750628121585616,0.0,0.0,0.0,4382,0,0,0,0.0,0.9764170041865529,0.0,0.0,0.0,0.7188137066809266
2014-04-23,0.45201143622398376,0.4381782676963725,0.4206997817667654,0.2829650899010571,0.13564619794195962,1957.9572599828243,2000.0,108,0.3655145600265881,0.0,0.0,0.0,4331,0,0,0,0.0,0.9763383735443959,0.0,0.0,0.0,0.7383770806839005
2014-04-24,0.45603665709495544,0.4398790666867137,0.4209280590168638,0.26837153447405127,0.1329292527259056,1957.9572599828243,2000.0,108,0.3710688544061702,0.0,0.0,0.0,4293,0,0,0,0.0,0.9762465303989175,0.0,0.0,0.0,0.6824208427334264
2014-04-25,0.44348740577697754,0.44022271802864366,0.4228253597027427,0.28439273086690886,0.13633253783143395,1957.9572599828243,2000.0,108,0.3654673860559942,0.0,0.0,0.0,4414,0,0,0,0.0,0.9762279732264533,0.0,0.0,0.0,0.7383520189590973
2014-04-28,0.4415931701660156,0.44035323727982195,0.42445399700129527,0.2851291913794157,0.13584656160655265,1957.9572599828243,2000.0,108,0.36439056573615836,0.0,0.0,0.0,4433,0,0,0,0.0,0.9762209251868896,0.0,0.0,0.0,0.7490885059794201
2014-04-29,0.4425402879714966,0.4405615278218862,0.4264736603608385,0.2850631291257477,0.13395885172422062,1957.9572599828243,2000.0,108,0.36196183481483096,0.0,0.0,0.0,4424,0,0,0,0.0,0.9762096774976181,0.0,0.0,0.0,0.7733252005909719
2014-04-30,0.4373309910297394,0.44025385765120556,0.4260907820709244,0.24861046871034925,0.1319712861816598,1957.9572599828243,2000.0,108,0.5472544876136151,0.24542414602269175,1.0,0.5472544876136151,4477,3,3,3,1.3119929730892181,0.976226291686835,0.03319524145750749,0.0,1.0,0.5698520230133903
2014-05-01,0.4396989643573761,0.44020101067084083,0.4260567816373292,0.24833340250516542,0.13153732649134955,2456.645267009735,2500.0,111,0.5364433065445476,0.22740551090757938,1.0,0.5364433065445476,5587,3,3,3,1.3190968930721283,0.9804550751262147,0.00570246661519067,0.0,1.0,0.5732758723908487
2014-05-02,0.43638405203819275,0.4398374908010648,0.4256432866776223,0.24650452825282437,0.13156135179078143,2455.326170116663,2500.0,114,0.552500274873585,0.2541671247893083,1.0,0.552500274873585,5626,3,3,3,1.3091521561145782,0.9799434104194714,0.03925812186430963,0.0,1.0,0.5614041465411646
2014-05-05,0.4411194920539856,0.43995958615848585,0.42664903688994643,0.22184716153851988,0.12327700102907896,2454.0170179605484,2500.0,117,0.3907692239667457,0.0,0.0,0.0,5563,0,0,0,0.0,0.9794098913677829,0.0,0.0,0.0,0.49965227148756597
2014-05-06,0.43212196230888367,0.43921314579185705,0.42604076803488633,0.23472554786139527,0.12127740689892519,2454.0170179605484,2500.0,117,0.5657899241925595,0.27631654032093245,1.0,0.5657899241925595,5678,3,3,3,1.296365886926651,0.9794448247769411,0.08072599318707428,0.0,1.0,0.6128694389124749
2014-05-07,0.43259555101394653,0.43858289867015127,0.42520723296359697,0.1939467515297453,0.12209050143705209,2452.7206520736217,2500.0,120,0.5888635662919125,0.31477261048652083,1.0,0.5888635662919125,5669,3,3,3,1.2977866530418396,0.9789480208638327,0.06825787866283961,0.0,1.0,0.3237908849509008
2014-05-08,0.43804141879081726,0.43853132915783377,0.42542693048002483,0.20031931327243857,0.11614043655059733,2451.42286542058,2500.0,123,0.5490709897994952,0.2484516496658253,1.0,0.5490709897994952,5596,3,3,3,1.3141242563724518,0.9784242586054346,0.005585808064811998,0.0,1.0,0.43733540202115684
2014-05-09,0.4273862838745117,0.43746989627370786,0.42336693576065293,0.20017680177993777,0.08562351778357893,2450.1087411642075,2500.0,126,0.5471176850691991,0.2451961417819985,1.0,0.5471176850691991,5732,3,3,3,1.2821588516235352,0.9779515172278052,0.11524921468981739,0.0,1.0,0.9482264429373097
2014-05-12,0.4399356544017792,0.4377047303811432,0.4244635202609771,0.2203491852171736,0.08066036405939626,2448.826582312584,2500.0,129,0.3398364961605499,0.0,0.0,0.0,5566,0,0,0,0.0,0.977414435912333,0.0,0.0,0.0,1.0
2014-05-13,0.43283241987228394,0.4372407008088709,0.4239009326040583,0.22555758236964174,0.0776314449927649,2448.826582312584,2500.0,129,0.5125318748283914,0.18755312471398555,1.0,0.5125318748283914,5657,3,3,3,1.2984972596168518,0.9774383798382623,0.05041023089149623,0.0,1.0,1.0
2014-05-14,0.42857035994529724,0.43641495405995917,0.4221974886044682,0.22649096942506022,0.07858760586221059,2447.528085052967,2500.0,132,0.5300747127653304,0.21679118794221724,1.0,0.5300747127653304,5710,3,3,3,1.2857110798358917,0.9769572904256342,0.08987540460843325,0.0,1.0,1.0
2014-05-15,0.42620235681533813,0.43544232575094766,0.4200462072303541,0.2267727816657677,0.07916681962399431,2446.242373973131,2500.0,135,0.5371631458062047,0.22860524301034119,1.0,0.5371631458062047,5739,3,3,3,1.2786070704460144,0.9764861144094489,0.10609865404878378,0.0,1.0,1.0
2014-05-16,0.4252554476261139,0.4344721468819159,0.4179254040223351,0.22600663189385045,0.08006215864280986,2444.963766902685,2500.0,138,0.5369382130655624,0.2282303551092707,1.0,0.5369382130655624,5749,3,3,3,1.2757663428783417,0.9760171374921183,0.10606778043135373,0.0,1.0,1.0
2014-05-19,0.43898844718933105,0.43490227072071735,0.4185075055371835,0.25425994560518045,0.08010194521857956,2443.688000559807,2500.0,141,0.3389621803691082,0.0,0.0,0.0,5566,0,0,0,0.0,0.9754715119313515,0.0,0.0,0.0,1.0
2014-05-20,0.43387433886528015,0.4348043724487709,0.41886665854333227,0.2550063684731365,0.08235279612234045,2443.688000559807,2500.0,141,0.49377734791511785,0.1562955798585297,1.0,0.49377734791511785,5632,2,2,2,0.8677486777305603,0.9754770333938894,0.010694850861927912,0.0,1.0,1.0
2014-05-21,0.43387433886528015,0.4347157978217718,0.4203124051505114,0.25043850016440566,0.08697971335105366,2442.8202518820763,2500.0,143,0.49316563470873553,0.15527605784789253,1.0,0.49316563470873553,5630,2,2,2,0.8677486777305603,0.9751342563645946,0.009678265210373299,0.0,1.0,1.0
2014-05-22,0.43577736616134644,0.4348168995683979,0.42377223027892735,0.24835095165376161,0.08714419766197086,2441.9525032043457,2500.0,145,0.3386512789212648,0.0,0.0,0.0,5603,0,0,0,0.0,0.974780619825033,0.0,0.0,0.0,1.0
2014-05-23,0.4398210942745209,0.4352934895404096,0.42470300328143384,0.23233810153647633,0.08208393759408768,2441.9525032043457,2500.0,145,0.33863883992299526,0.0,0.0,0.0,5552,0,0,0,0.0,0.9747529776066562,0.0,0.0,0.0,1.0
2014-05-27,0.44767072796821594,0.4364722741525816,0.42481410757450605,0.24046488387046833,0.08364462213567586,2441.9525032043457,2500.0,145,0.33860807364461765,0.0,0.0,0.0,5454,0,0,0,0.0,0.9746846080991503,0.0,0.0,0.0,1.0
2014-05-28,0.4514768123626709,0.43790127779163773,0.4245456831042619,0.24199312125151742,0.08286508228613214,2441.9525032043457,2500.0,145,0.3385707766496383,0.0,0.0,0.0,5408,0,0,0,0.0,0.974601725888085,0.0,0.0,0.0,1.0
2014-05-29,0.450763076543808,0.43912621100613014,0.4242172103204923,0.23745965873042404,0.0841014757726292,2441.9525032043457,2500.0,145,0.33853880589274,0.0,0.0,0.0,5417,0,0,0,0.0,0.9745306797616444,0.0,0.0,0.0,1.0
2014-05-30,0.4519525170326233,0.44034776396103426,0.42397106316733585,0.2370753776807242,0.08405077093303658,2441.9525032043457,2500.0,145,0.33850692336061705,0.0,0.0,0.0,5403,0,0,0,0.0,0.97445982969026,0.0,0.0,0.0,1.0
2014-06-02,0.45052531361579895,0.4413170544043452,0.4239060977108101,0.235368512133754,0.08358296205044982,2941.9525032043457,3000.0,145,0.34040135406670546,0.0,0.0,0.0,6530,0,0,0,0.0,0.9786696757037899,0.0,0.0,0.0,1.0
2014-06-03,0.4486222565174103,0.44201278793892285,0.42400039546804524,0.23367116283598652,0.08371256256643153,2941.9525032043457,3000.0,145,0.3403862218623285,0.0,0.0,0.0,6557,0,0,0,0.0,0.9786360485829521,0.0,0.0,0.0,1.0
2014-06-04,0.4490979313850403,0.44268756350521976,0.42430765820352545,0.2196709695219356,0.07484195934938503,2941.9525032043457,3000.0,145,0.3403715454937615,0.0,0.0,0.0,6550,0,0,0,0.0,0.9786034344305811,0.0,0.0,0.0,1.0
2014-06-05,0.4510008692741394,0.44347930691178356,0.42464647719787263,0.21977889315064617,0.07555545007087303,2941.9525032043457,3000.0,145,0.3403543250746687,0.0,0.0,0.0,6523,0,0,0,0.0,0.9785651668325971,0.0,0.0,0.0,1.0
2014-06-06,0.4526659846305847,0.4443542285992884,0.42473595113595924,0.2164316629282188,0.07538105135918731,2941.9525032043457,3000.0,145,0.3403352955279655,0.0,0.0,0.0,6499,0,0,0,0.0,0.9785228789510344,0.0,0.0,0.0,1.0
2014-06-09,0.45314180850982666,0.44519114097172063,0.4259058382505562,0.19343598201459195,0.07545241799752835,2941.9525032043457,3000.0,145,0.3403170926838651,0.0,0.0,0.0,6492,0,0,0,0.0,0.9784824281863669,0.0,0.0,0.0,1.0
2014-06-10,0.4555206000804901,0.4461748989820796,0.42601845395358107,0.16697573515361633,0.0699366576154439,2941.9525032043457,3000.0,145,0.34133502109410013,0.0,0.0,0.0,6458,0,0,0,0.0,0.9784348798825329,0.0,0.0,0.0,0.9896067485303968
2014-06-11,0.4614672064781189,0.44763130921979766,0.42643907584470275,0.15725240841048688,0.07206363667114139,2941.9525032043457,3000.0,145,0.3584196385175341,0.0,0.0,0.0,6375,0,0,0,0.0,0.9783644867210431,0.0,0.0,0.0,0.8184438050693534
2014-06-12,0.46432170271873474,0.4492208705054107,0.42759313988201136,0.14965071488753634,0.07510014430045293,2941.9525032043457,3000.0,145,0.3741726025882521,0.0,0.0,0.0,6336,0,0,0,0.0,0.9782876579255718,0.0,0.0,0.0,0.6605684347825524
2014-06-13,0.4647974371910095,0.45070435304689627,0.4296731733457457,0.14584648505960918,0.06434035895472043,2941.9525032043457,3000.0,145,0.35129749196977506,0.0,0.0,0.0,6329,0,0,0,0.0,0.9782159562694,0.0,0.0,0.0,0.8889968835145494
2014-06-16,0.4633701741695404,0.4519106217252433,0.43274419917802764,0.1463865746299277,0.06395548195632335,2941.9525032043457,3000.0,145,0.34943074710910527,0.0,0.0,0.0,6349,0,0,0,0.0,0.9781576532832799,0.0,0.0,0.0,0.9074019686837067
2014-06-17,0.46646255254745483,0.4532965198987873,0.4335058785877289,0.10345428359621146,0.06344329800797618,2941.9525032043457,3000.0,145,0.40425268373774514,0.007087806229575204,1.0,0.40425268373774514,6306,2,2,2,0.9329251050949097,0.978090668204892,0.0,0.0,0.0,0.3588811695445624
2014-06-18,0.4659867286682129,0.4545051112101612,0.4354746057418918,0.08932425777259752,0.0596407485217163,2941.019578099251,3000.0,147,0.41516939761562766,0.02528232935937939,1.0,0.41516939761562766,6311,2,2,2,0.9319734573364258,0.9777292495507021,0.0,0.0,0.0,0.2480876468218829
2014-06-19,0.4552825689315796,0.4545791548026772,0.4377808571048561,0.12967568523371362,0.05544633182904043,2940.0876046419144,3000.0,149,0.3449434558500398,0.0,0.0,0.0,6457,0,0,0,0.0,0.9774225686448004,0.0,0.0,0.0,0.9489670004012032
2014-06-20,0.4502873718738556,0.45417041357136084,0.4395743798280307,0.137825922432158,0.055416507292608976,2940.0876046419144,3000.0,149,0.509086219859503,0.18181036643250492,1.0,0.509086219859503,6529,3,3,3,1.3508621156215668,0.977442869459289,0.042748730228495326,0.0,1.0,1.0
2014-06-23,0.44505417346954346,0.4533022002283306,0.43967461215481385,0.1424231282139929,0.055064859847248196,2938.736742526293,3000.0,152,0.5306044189249405,0.21767403154156745,1.0,0.5306044189249405,6603,3,3,3,1.3351625204086304,0.9770326885217646,0.09097713131143628,0.0,1.0,1.0
2014-06-24,0.4381560683250427,0.4518597114756365,0.4365929949721831,0.1380786291680603,0.05945959910988736,2937.401580005884,3000.0,155,0.5642116418154409,0.2736860696924015,1.0,0.5642116418154409,6704,3,3,3,1.3144682049751282,0.9766539149070921,0.15163603661235772,0.0,1.0,0.9351883636831151
2014-06-25,0.4426754117012024,0.45098501625902376,0.4348679330222174,0.13987759063836872,0.06045492167655169,2936.087111800909,3000.0,158,0.5379564095188699,0.2299273491981165,1.0,0.5379564095188699,6632,3,3,3,1.3280262351036072,0.9762481224770247,0.09212727982351346,0.0,1.0,0.9281252151637231
2014-06-26,0.436728835105896,0.4496272847206306,0.43177735101651565,0.14674854993960568,0.059053958782259275,2934.7590855658054,3000.0,161,0.5536872095293567,0.25614534921559445,1.0,0.5536872095293567,6719,3,3,3,1.310186505317688,0.9758700023866594,0.14343490767857756,0.0,1.0,1.0
2014-06-27,0.43720459938049316,0.44844417183109375,0.4291871026562298,0.14626574585045463,0.05906767978299177,2933.4488990604877,3000.0,164,0.5453611079828704,0.242268513304784,1.0,0.5453611079828704,6709,3,3,3,1.3116137981414795,0.9754850519399002,0.12531741024425627,0.0,1.0,1.0
2014-06-30,0.441010445356369,0.44773619788111996,0.427803134264477,0.1506051331425305,0.05925617717011472,2932.1372852623463,3000.0,167,0.5225830014885319,0.20430500248088643,1.0,0.5225830014885319,6648,3,3,3,1.323031336069107,0.975076018317951,0.07510842943434201,0.0,1.0,1.0
2014-07-01,0.4460057020187378,0.44757138875136926,0.4275071211488601,0.1562331781104454,0.06242267468539309,3430.814253926277,3500.0,170,0.4980882805163298,0.16348046752721632,1.0,0.4980882805163298,7692,2,2,2,0.8920114040374756,0.9782608182606478,0.01749091622008508,0.0,1.0,1.0
2014-07-02,0.4443405866622925,0.44726369331431437,0.4269428108010825,0.15662763745764563,0.062412560752657505,3429.9222425222397,3500.0,172,0.5048140322704966,0.17469005378416097,1.0,0.5048140322704966,7719,3,3,3,1.3330217599868774,0.978020184214268,0.032677665275724466,0.0,1.0,1.0
2014-07-03,0.4483843147754669,0.4473704191677575,0.4269949597417608,0.15949773527220543,0.06133141945137989,3428.589220762253,3500.0,175,0.33993416556872547,0.0,0.0,0.0,7646,0,0,0,0.0,0.9776314790416121,0.0,0.0,0.0,1.0
2014-07-07,0.44481632113456726,0.4471271717360251,0.426533424922376,0.16103904343576583,0.06240861588939434,3428.589220762253,3500.0,175,0.5015681286538751,0.16928021442312519,1.0,0.5015681286538751,7707,3,3,3,1.3344489634037018,0.9776436414131987,0.025841088928745964,0.0,1.0,1.0
2014-07-08,0.4412483274936676,0.44656728180818156,0.42552153923873254,0.1628468969024199,0.06821759886617633,3427.254771798849,3500.0,178,0.5176484910200423,0.19608081836673713,1.0,0.5176484910200423,7767,3,3,3,1.3237449824810028,0.9772888639537554,0.05955378429177734,0.0,1.0,0.9893070069044738
2014-07-09,0.4545690417289734,0.4473293541815903,0.4263256553733423,0.19665861893108932,0.0698619445702986,3425.931026816368,3500.0,181,0.33959000688625984,0.0,0.0,0.0,7536,0,0,0,0.0,0.9768666819694664,0.0,0.0,0.0,1.0
2014-07-10,0.45219022035598755,0.44779229381724717,0.4273973781071621,0.19115513318332472,0.07035532089295035,3425.931026816368,3500.0,181,0.33957923361959574,0.0,0.0,0.0,7576,0,0,0,0.0,0.9768427413768795,0.0,0.0,0.0,1.0
2014-07-11,0.45314180850982666,0.44830177140701666,0.4289571463926375,0.18967880321575478,0.06434705811767552,3425.931026816368,3500.0,181,0.3395673773482567,0.0,0.0,0.0,7560,0,0,0,0.0,0.9768163941072371,0.0,0.0,0.0,1.0
2014-07-14,0.4588507413864136,0.44930643521457825,0.43078081108219646,0.19578974236622942,0.06538729838513387,3425.931026816368,3500.0,181,0.33954399738622076,0.0,0.0,0.0,7466,0,0,0,0.0,0.9767644386360461,0.0,0.0,0.0,1.0
2014-07-15,0.4607537090778351,0.45039665177298366,0.4322567963268088,0.19624365640139585,0.06624284144730834,3425.931026816368,3500.0,181,0.3395186264894544,0.0,0.0,0.0,7435,0,0,0,0.0,0.9767080588654543,0.0,0.0,0.0,1.0
2014-07-16,0.46027785539627075,0.4513377187847253,0.4342602307772939,0.19455732399468528,0.06713832963144778,3425.931026816368,3500.0,181,0.3394967265157097,0.0,0.0,0.0,7443,0,0,0,0.0,0.9766593922571328,0.0,0.0,0.0,1.0
2014-07-17,0.4590885043144226,0.45207588883517263,0.4362209623212212,0.19468169335357485,0.07647954254863061,3425.931026816368,3500.0,181,0.3394795482441072,0.0,0.0,0.0,7462,0,0,0,0.0,0.9766212183202382,0.0,0.0,0.0,1.0
2014-07-18,0.4386317729949951,0.45079549685039383,0.43469269605627375,0.23778537405305133,0.08462775596056248,3425.931026816368,3500.0,181,0.5502206404173822,0.2503677340289703,1.0,0.5502206404173822,7810,3,3,3,1.3158953189849854,0.9766874328771653,0.1349139902725726,0.0,1.0,1.0
2014-07-21,0.4412483274936676,0.44988624262594373,0.43358647035438014,0.23667466376032706,0.08506044567109147,3424.615131497383,3500.0,184,0.5325574733835359,0.2209291223058931,1.0,0.5325574733835359,7761,3,3,3,1.3237449824810028,0.9763488375305218,0.09600110332178009,0.0,1.0,1.0
2014-07-22,0.4393453598022461,0.4488823490236868,0.4322269019991492,0.2336889580795017,0.08667174589982347,3423.291386514902,3500.0,187,0.5370112604125493,0.22835210068758216,1.0,0.5370112604125493,7791,3,3,3,1.3180360794067383,0.976016857352163,0.10623038800905762,0.0,1.0,1.0
2014-07-23,0.43006837368011475,0.4470905418481085,0.4291914940507753,0.2392410273171859,0.08270904779487417,3421.9733504354954,3500.0,190,0.5747429195318355,0.2912381992197259,1.0,0.5747429195318355,7956,3,3,3,1.2902051210403442,0.9757293705853884,0.1903660061520238,0.0,1.0,1.0
2014-07-24,0.4307820796966553,0.44553735497654146,0.42635496898541114,0.23584598930232448,0.0813910683359854,3420.683145314455,3500.0,193,0.5634596530214622,0.27243275503577025,1.0,0.5634596530214622,7940,3,3,3,1.2923462390899658,0.9754317972827221,0.1655896538760827,0.0,1.0,1.0
2014-07-25,0.42317014932632446,0.443407144914616,0.4220229204858796,0.23920321551379217,0.08354893061689511,3419.390799075365,3500.0,196,0.5915155995021335,0.31919266583688916,1.0,0.5915155995021335,8080,3,3,3,1.2695104479789734,0.9751691998847815,0.22819879900884846,0.0,1.0,1.0
2014-07-28,0.4215050935745239,0.4413212352631787,0.41766103672431215,0.23915595186171937,0.08339677772082502,3418.121288627386,3500.0,199,0.5897376525467276,0.31622942091121264,1.0,0.5897376525467276,8109,3,3,3,1.2645152807235718,0.9749077354807507,0.2245092701786437,0.0,1.0,1.0
2014-07-29,0.42293232679367065,0.43956991064703504,0.41404515443657974,0.23681524122905134,0.08523683714076968,3416.8567733466625,3500.0,202,0.5737455388553165,0.2895758980921942,1.0,0.5737455388553165,8078,3,3,3,1.268796980381012,0.974630536585514,0.18924843864852253,0.0,1.0,1.0
2014-07-30,0.43006837368011475,0.4386650023644712,0.41247432404771045,0.24171716209275423,0.08179678426231267,3415.5879763662815,3500.0,205,0.5325318613250027,0.2208864355416712,1.0,0.5325318613250027,7941,3,3,3,1.2902051210403442,0.9743067641472238,0.09798626101944898,0.0,1.0,1.0
2014-07-31,0.41627195477485657,0.4365323311654603,0.4078100867269501,0.26471756220315945,0.10802114338876537,3414.297771245241,3500.0,208,0.592753073248734,0.3212551220812234,1.0,0.592753073248734,8202,3,3,3,1.2488158643245697,0.9740575071764527,0.2320604333762896,0.0,1.0,1.0
2014-08-01,0.42079147696495056,0.43503320219398317,0.40510469492357165,0.2658644105505406,0.10530309746138071,3913.0489553809166,4000.0,211,0.56333187325346,0.2722197887557667,1.0,0.56333187325346,9299,3,3,3,1.2623744308948517,0.9770519985842674,0.16368549753453257,0.0,1.0,1.0
2014-08-04,0.41984012722969055,0.4335862426735743,0.40244628021429296,0.2652340450691332,0.10925242731112622,3911.7865809500217,4000.0,214,0.5608938399259111,0.2681563998765185,1.0,0.5608938399259111,9317,3,3,3,1.2595203816890717,0.9768031360169638,0.1585165082628387,0.0,1.0,1.0
2014-08-05,0.42007797956466675,0.4322997414251069,0.4000978110860403,0.26472215545246064,0.11157627965066093,3910.5270605683327,4000.0,217,0.5553434720280048,0.25890578671334136,1.0,0.5553434720280048,9309,3,3,3,1.2602339386940002,0.976547739027688,0.14135749677006804,0.0,1.0,0.9771388408098542
2014-08-06,0.4196021854877472,0.4310904503834536,0.3989524828277954,0.23543090834315783,0.10961039728759249,3909.2668266296387,4000.0,220,0.5703007627905189,0.2838346046508648,1.0,0.5703007627905189,9316,3,3,3,1.2588065564632416,0.9762900252289101,0.13324657140383933,0.0,1.0,0.7899070569421838
2014-08-07,0.4153205156326294,0.4295885518357561,0.39714893495591247,0.23646660027795535,0.1102092080820984,3908.0080200731754,4000.0,223,0.5851512287404872,0.3085853812341453,1.0,0.5851512287404872,9409,3,3,3,1.2459615468978882,0.9760504382351566,0.16606629927817299,0.0,1.0,0.7880130314051113
2014-08-08,0.4519525170326233,0.4317184532830768,0.39942185024642296,0.4044382488585284,0.11910970794122996,3906.7620585262775,4000.0,226,0.33902355832527775,0.0,0.0,0.0,8644,0,0,0,0.0,0.9756079073895062,0.0,0.0,0.0,1.0
2014-08-11,0.44957369565963745,0.43341895255703494,0.4023814533326634,0.40212035609049873,0.11800242274345359,3906.7620585262775,4000.0,226,0.3389803231312374,0.0,0.0,0.0,8689,0,0,0,0.0,0.9755118291805275,0.0,0.0,0.0,1.0
2014-08-12,0.44957369565963745,0.43495749951918755,0.4056259800610075,0.40172320154471775,0.11797611776847591,3906.7620585262775,4000.0,226,0.3389412055747246,0.0,0.0,0.0,8689,0,0,0,0.0,0.9754249012771659,0.0,0.0,0.0,1.0
2014-08-13,0.45219022035598755,0.43659871102745423,0.40866036803091815,0.4024362349593958,0.11975912997759441,3906.7620585262775,4000.0,226,0.33889947777212703,0.0,0.0,0.0,8639,0,0,0,0.0,0.9753321728269488,0.0,0.0,0.0,1.0
2014-08-14,0.44719499349594116,0.43760788078635776,0.41160399931578767,0.4041102187575729,0.11371304488461072,3906.7620585262775,4000.0,226,0.3388738196310068,0.0,0.0,0.0,8736,0,0,0,0.0,0.9752751547355708,0.0,0.0,0.0,1.0
2014-08-15,0.4529038071632385,0.439064635679394,0.41155555033007485,0.3721456064468781,0.10699809826806042,3906.7620585262775,4000.0,226,0.33883678163785136,0.0,0.0,0.0,8626,0,0,0,0.0,0.9751928480841142,0.0,0.0,0.0,1.0
2014-08-18,0.4590885043144226,0.44097167078749194,0.41123178139410055,0.37426766626922087,0.11147968360307531,3906.7620585262775,4000.0,226,0.338788295270228,0.0,0.0,0.0,8509,0,0,0,0.0,0.9750851006005067,0.0,0.0,0.0,1.0
2014-08-19,0.46279194951057434,0.44304979257064264,0.4106305998399166,0.3739733506666279,0.11147040266247656,3906.7620585262775,4000.0,226,0.33873545902389135,0.0,0.0,0.0,8441,0,0,0,0.0,0.9749676867197586,0.0,0.0,0.0,1.0
2014-08-20,0.4599246382713318,0.44465692073261304,0.41045179881536853,0.36492906135800673,0.11165299554401122,3906.7620585262775,4000.0,226,0.33869459779037336,0.0,0.0,0.0,8494,0,0,0,0.0,0.9748768839786074,0.0,0.0,0.0,1.0
2014-08-21,0.4556242525577545,0.44570142852548367,0.4105455975744303,0.36778820919364,0.11213343085575878,3906.7620585262775,4000.0,226,0.3386680411797396,0.0,0.0,0.0,8574,0,0,0,0.0,0.9748178692883102,0.0,0.0,0.0,1.0
2014-08-22,0.45586302876472473,0.44666919997683996,0.41128323352629625,0.3597746749223422,0.11090139651343121,3906.7620585262775,4000.0,226,0.33864343559058885,0.0,0.0,0.0,8570,0,0,0,0.0,0.9747631902013085,0.0,0.0,0.0,1.0
2014-08-25,0.4565798342227936,0.44761306990502603,0.4124340821002134,0.3587008611073598,0.11205162261671713,3906.7620585262775,4000.0,226,0.33861943769766467,0.0,0.0,0.0,8556,0,0,0,0.0,0.974709861550366,0.0,0.0,0.0,1.0
2014-08-26,0.464703232049942,0.44924070439501806,0.4135985116301884,0.3618779719926144,0.11046898054887345,3906.7620585262775,4000.0,226,0.33857805509075667,0.0,0.0,0.0,8407,0,0,0,0.0,0.9746179002016815,0.0,0.0,0.0,1.0
2014-08-27,0.45944684743881226,0.45021271801823654,0.4143928755881722,0.3633960737554843,0.11046993173576519,3906.7620585262775,4000.0,226,0.33855334164438633,0.0,0.0,0.0,8503,0,0,0,0.0,0.9745629814319696,0.0,0.0,0.0,1.0
2014-08-28,0.46326974034309387,0.45145624395393724,0.4172962534817296,0.33829013040072037,0.07959477219025736,3906.7620585262775,4000.0,226,0.33852172499747113,0.0,0.0,0.0,8433,0,0,0,0.0,0.9744927222166025,0.0,0.0,0.0,1.0
2014-08-29,0.464703232049942,0.45271786186784246,0.4199857969698562,0.3378025420507729,0.07790916891504912,3906.7620585262775,4000.0,226,0.3384896483620101,0.0,0.0,0.0,8407,0,0,0,0.0,0.9744214408044669,0.0,0.0,0.0,1.0
2014-09-02,0.46589788794517517,0.4539731024466361,0.423478127432355,0.33682479381080915,0.0758938439569475,4406.7620585262775,4500.0,226,0.33974020788470605,0.0,0.0,0.0,9458,0,0,0,0.0,0.9772004619660134,0.0,0.0,0.0,1.0
2014-09-03,0.47019845247268677,0.4555183738776885,0.4277124741181274,0.3365721232668719,0.06394410538643452,4406.7620585262775,4500.0,226,0.3397052847503642,0.0,0.0,0.0,9372,0,0,0,0.0,0.9771228550008094,0.0,0.0,0.0,1.0
2014-09-04,0.4785606563091278,0.45771287696639706,0.4328343703846647,0.33805783311814713,0.06483303018045315,4406.7620585262775,4500.0,226,0.3396556889805594,0.0,0.0,0.0,9208,0,0,0,0.0,0.977012642179021,0.0,0.0,0.0,1.0
2014-09-05,0.4771271049976349,0.45956185106461017,0.4421168917089064,0.33419470152922653,0.05914180777647872,4406.7620585262775,4500.0,226,0.3396139021659398,0.0,0.0,0.0,9236,0,0,0,0.0,0.9769197825909773,0.0,0.0,0.0,1.0
2014-09-08,0.4728265106678009,0.46082515197919977,0.44288118360665973,0.1475923601282124,0.05188883267190325,4406.7620585262775,4500.0,226,0.33958535156527003,0.0,0.0,0.0,9320,0,0,0,0.0,0.9768563368117112,0.0,0.0,0.0,1.0
2014-09-09,0.466853529214859,0.4613992831445007,0.4440995104306234,0.15474620679683726,0.05952178024911731,4406.7620585262775,4500.0,226,0.3395723762009343,0.0,0.0,0.0,9439,0,0,0,0.0,0.9768275026687429,0.0,0.0,0.0,1.0
2014-09-10,0.46852606534957886,0.4620780243068891,0.44553034064270397,0.1546752948286941,0.05899272194449492,4406.7620585262775,4500.0,226,0.3395570366506643,0.0,0.0,0.0,9405,0,0,0,0.0,0.976793414779254,0.0,0.0,0.0,1.0
2014-09-11,0.463747501373291,0.46223702212273693,0.446446827061038,0.15994380243869513,0.05582200635989335,4406.7620585262775,4500.0,226,0.3395534433000261,0.0,0.0,0.0,9502,0,0,0,0.0,0.9767854295556136,0.0,0.0,0.0,1.0
2014-09-12,0.45681875944137573,0.46172099710546444,0.4474862358086578,0.1644674392870348,0.060168301971313225,4406.7620585262775,4500.0,226,0.5134540661437201,0.18909011023953354,1.0,0.5134540661437201,9646,3,3,3,1.3704562783241272,0.9768113454787033,0.05308657928511917,0.0,1.0,1.0
2014-09-15,0.4506067931652069,0.4606625014921066,0.44602707332561653,0.16631361544083698,0.06033212804680103,4405.391602247953,4500.0,229,0.5385656224362655,0.23094270406044246,1.0,0.5385656224362655,9776,3,3,3,1.3518203794956207,0.9765573971462905,0.10914398604541045,0.0,1.0,1.0
2014-09-16,0.4572966694831848,0.4603419460626854,0.44556746389995666,0.1676776277239312,0.0586299240456313,4404.039781868458,4500.0,232,0.5042043770092197,0.17367396168203283,1.0,0.5042043770092197,9630,3,3,3,1.3718900084495544,0.9762668152252126,0.03307624479527573,0.0,1.0,1.0
2014-09-17,0.4575355648994446,0.46007467166618626,0.4450570305364335,0.1648939437032213,0.05645393952408727,4402.667891860008,4500.0,235,0.5016057734498569,0.1693429557497615,1.0,0.5016057734498569,9622,3,3,3,1.3726066946983337,0.9759738782574325,0.027594507186693904,0.0,1.0,1.0
2014-09-18,0.46446430683135986,0.46049273215810754,0.4455532233921759,0.17237975884187293,0.058194237513520534,4401.29528516531,4500.0,238,0.339040272974637,0.0,0.0,0.0,9476,0,0,0,0.0,0.975645051054749,0.0,0.0,0.0,1.0
2014-09-19,0.45586302876472473,0.46005180802540446,0.445138550470722,0.18215668350779038,0.05764974981104831,4401.29528516531,4500.0,238,0.5095370538873786,0.18256175647896428,1.0,0.5095370538873786,9654,3,3,3,1.3675890862941742,0.9756683710422119,0.045525082040851615,0.0,1.0,1.0
2014-09-22,0.45132356882095337,0.45922054714879007,0.44368965978397656,0.18559203655648615,0.06458654535678243,4399.927696079016,4500.0,241,0.527624871541871,0.2127081192364516,1.0,0.527624871541871,9748,3,3,3,1.35397070646286,0.9754061884749203,0.08598241495145943,0.0,1.0,1.0
2014-09-23,0.4494122564792633,0.45828642422788274,0.441799551408709,0.18590331857941028,0.06541863350801207,4398.573725372553,4500.0,244,0.5323863665863314,0.22064394431055234,1.0,0.5323863665863314,9787,3,3,3,1.34823676943779,0.9751506916640882,0.09681901186109274,0.0,1.0,1.0
2014-09-24,0.4520402252674103,0.45769154813640917,0.4405279851086804,0.1746154665257329,0.07152001613857016,4397.225488603115,4500.0,247,0.5164767781293681,0.1941279635489468,1.0,0.5164767781293681,9727,3,3,3,1.3561206758022308,0.9748778194689571,0.061737243040749595,0.0,1.0,1.0
2014-09-25,0.44224464893341064,0.45622041487898074,0.4368651999930829,0.18597580825821347,0.09161689350619222,4395.869367927313,4500.0,250,0.5883597770606007,0.31393296176766783,1.0,0.5883597770606007,9939,3,3,3,1.326733946800232,0.9746544213956122,0.15316901096235877,0.0,1.0,0.6916076750048623
2014-09-26,0.4432002305984497,0.454980397328454,0.43400570479110495,0.1827695646835658,0.0974230158852182,4394.542633980513,4500.0,253,0.5904083339059193,0.31734722317653213,1.0,0.5904083339059193,9915,3,3,3,1.3296006917953491,0.9744199909946447,0.12945795905905938,0.0,1.0,0.5633674361824756
2014-09-29,0.44248345494270325,0.45379021233933486,0.4314517920484036,0.18173916873444687,0.09673001054780751,4393.213033288717,4500.0,256,0.5878754675177768,0.3131257791962946,1.0,0.5878754675177768,9928,3,3,3,1.3274503648281097,0.9741843790313622,0.1245813273312367,0.0,1.0,0.5656910034539275
2014-09-30,0.440810889005661,0.4525540863075564,0.42898024687752534,0.1808384294828167,0.09703218694085801,4391.885582923889,4500.0,259,0.5913555187993679,0.3189258646656131,1.0,0.5913555187993679,9963,3,3,3,1.322432667016983,0.9739529981436318,0.12974357825060812,0.0,1.0,0.5530794057804016
2014-10-01,0.43651047348976135,0.45102612318205215,0.42630669651301834,0.17673384971474385,0.10671684535660068,4890.563150256872,5000.0,262,0.6237695332665399,0.37294922211089987,1.0,0.6237695332665399,11203,3,3,3,1.309531420469284,0.9763662311452604,0.16091805935630588,0.0,1.0,0.38008397459164933
2014-10-02,0.43459901213645935,0.4494616364158052,0.42522094111463843,0.15754945015011068,0.10682333634295414,4889.253618836403,5000.0,265,0.640777485605237,0.40129580934206155,1.0,0.640777485605237,11250,3,3,3,1.303797036409378,0.9761785332699623,0.16533807421103439,0.0,1.0,0.22904987761211482
2014-10-03,0.43555453419685364,0.44813715049019076,0.4250676942242194,0.15938886301458335,0.11363124332995023,4887.9498217999935,5000.0,268,0.6354751019858417,0.3924585033097361,1.0,0.6354751019858417,11222,3,3,3,1.306663602590561,0.9759798487337258,0.1403880071042285,0.0,1.0,0.16890433141237882
2014-10-06,0.43292662501335144,0.44668852901620604,0.4242608955305338,0.1586187138882442,0.11338802873762541,4886.643158197403,5000.0,271,0.6418497504382707,0.4030829173971179,1.0,0.6418497504382707,11287,3,3,3,1.2987798750400543,0.9757894817273216,0.15404362445980013,0.0,1.0,0.16575147345934016
2014-10-07,0.4283870458602905,0.4449455306204046,0.42196187858579104,0.15730977326231263,0.12275717878412207,4885.344378322363,5000.0,274,0.665971312293935,0.44328552048989167,1.0,0.665971312293935,11404,3,3,3,1.2851611375808716,0.9756169849220019,0.18607316649552516,0.0,1.0,0.06789255843952136
2014-10-08,0.4362714886665344,0.4441194313867027,0.42265986819657786,0.1749047624890192,0.13891708276648396,4884.059217184782,5000.0,277,0.6237658288965997,0.3729430481609995,1.0,0.6237658288965997,11194,3,3,3,1.3088144659996033,0.9753957835011766,0.08835396703612042,0.0,1.0,0.04921558845183949
2014-10-09,0.42790916562080383,0.4425755965518552,0.42115806743699924,0.1822041511786918,0.1558090056631225,4882.750402718782,5000.0,280,0.6634094292934293,0.4390157154890488,1.0,0.6634094292934293,11410,3,3,3,1.2837274968624115,0.9752157665930961,0.16569407628119115,0.0,1.0,0.0
2014-10-10,0.402583509683609,0.438766826373927,0.41096683856433036,0.2660099907618852,0.1589785199968278,4881.46667522192,5000.0,283,0.9349358919141433,0.8915598198569055,1.0,0.9349358919141433,12125,4,4,4,1.610334038734436,0.9751657976272358,0.4123296762125967,1.0,1.0,0.394370713137814
2014-10-13,0.4011498689651489,0.4351842590016624,0.4022461949602698,0.26467156827567145,0.16693553865947,4879.856341183186,5000.0,287,0.9326019632637013,0.8876699387728354,1.0,0.9326019632637013,12164,4,4,4,1.6045994758605957,0.9750204235333045,0.3910342496600212,1.0,1.0,0.3212263967329536
2014-10-14,0.41046786308288574,0.43283031653320747,0.3985501491746661,0.2747651134405889,0.16339874906447305,4878.251741707325,5000.0,291,0.664781694704839,0.4413028245080651,1.0,0.664781694704839,11884,3,3,3,1.2314035892486572,0.9748092755777673,0.25832817845842876,0.0,1.0,0.4013015961144919
2014-10-15,0.41667988896369934,0.4312921805742067,0.3972239917154353,0.2835845347499352,0.16346990303103495,4877.020338118076,5000.0,294,0.6202534856709656,0.36708914278494265,1.0,0.6202534856709656,11704,3,3,3,1.250039666891098,0.9746400197822367,0.16940130459881156,0.0,1.0,0.44565110300506094
2014-10-16,0.41691890358924866,0.42992329705182974,0.3978641032445153,0.27476997804659853,0.16107224947241072,4875.770298451185,5000.0,297,0.6144098432374231,0.35734973872903847,1.0,0.6144098432374231,11694,3,3,3,1.250756710767746,0.9744625561551213,0.15124085565678627,0.0,1.0,0.42156692077935376
2014-10-17,0.41620197892189026,0.42861650484897834,0.3976589650085324,0.2704387368627945,0.17136136735444424,4874.5195417404175,5000.0,300,0.6220819292961975,0.37013654882699587,1.0,0.6220819292961975,11711,3,3,3,1.2486059367656708,0.9742830097090613,0.14482090384576185,0.0,1.0,0.31514831803472965
2014-10-20,0.41978585720062256,0.42777549078723015,0.3980118545174578,0.27339340848712446,0.17562248241015763,4873.270935803652,5000.0,303,0.6006322876028792,0.3343871460047987,1.0,0.6006322876028792,11608,3,3,3,1.2593575716018677,0.9740768052582939,0.09338582689607068,0.0,1.0,0.29725896866584756
2014-10-21,0.4377049207687378,0.42872115078546896,0.40018732995081896,0.3186437406363931,0.19124088495981736,4872.01157823205,5000.0,306,0.3993438133942921,0.0,0.0,0.0,11130,0,0,0,0.0,0.9737622655719294,0.0,0.0,0.0,0.3884920611307614
2014-10-22,0.4274313449859619,0.4285983121378969,0.4022605343229768,0.3270195210770947,0.18951973260733618,4872.01157823205,5000.0,306,0.5505295121362289,0.25088252022704816,1.0,0.5505295121362289,11398,3,3,3,1.2822940349578857,0.9737697832971607,0.013613762804081274,0.0,1.0,0.4379308360933001
2014-10-23,0.4369882643222809,0.4293973552030763,0.40357969353759326,0.33028058537689936,0.18771765912751098,4870.729284197092,5000.0,309,0.39143729326053833,0.0,0.0,0.0,11146,0,0,0,0.0,0.9734632434484499,0.0,0.0,0.0,0.46621166291264093
2014-10-24,0.4415278434753418,0.4305526398004349,0.40494279475762035,0.3324077107529834,0.1868364241320858,4870.729284197092,5000.0,309,0.38976486284600337,0.0,0.0,0.0,11031,0,0,0,0.0,0.9733918468603331,0.0,0.0,0.0,0.4826146824114652
2014-10-27,0.4417667090892792,0.4316206463993724,0.4060993250398139,0.3323548743984001,0.18671370282363803,4870.729284197092,5000.0,309,0.3896612954890093,0.0,0.0,0.0,11025,0,0,0,0.0,0.9733258440525188,0.0,0.0,0.0,0.4833533433462418
2014-10-28,0.452279269695282,0.4335881343323162,0.40631530745480043,0.34231857388341397,0.1914169473587982,4870.729284197092,5000.0,309,0.3889135848982532,0.0,0.0,0.0,10769,0,0,0,0.0,0.9732042532982629,0.0,0.0,0.0,0.49028329085965083
2014-10-29,0.4494122564792633,0.43509519358440635,0.40637140162289775,0.341039931779462,0.18471961025362232,4870.729284197092,5000.0,309,0.3840452263601329,0.0,0.0,0.0,10837,0,0,0,0.0,0.9731111170364837,0.0,0.0,0.0,0.5385477630628477
2014-10-30,0.4465451240539551,0.4361856631529348,0.406434286683237,0.34158482019453645,0.18560126519332065,4870.729284197092,5000.0,309,0.38450110105049423,0.0,0.0,0.0,10907,0,0,0,0.0,0.9730437260171486,0.0,0.0,0.0,0.5336857565722264
2014-10-31,0.466853529214859,0.4391064123016895,0.4049239275587038,0.3754913824684221,0.18601078931004622,4870.729284197092,5000.0,309,0.3695673025614607,0.0,0.0,0.0,10433,0,0,0,0.0,0.9728632237197556,0.0,0.0,0.0,0.6822114811242936
2014-11-03,0.47473791241645813,0.4424998885030961,0.4029906147325333,0.3763901698876152,0.18578352592159783,5370.729284197092,5500.0,309,0.3699827185607718,0.0,0.0,0.0,11313,0,0,0,0.0,0.9751395517186442,0.0,0.0,0.0,0.6883007971261803
2014-11-04,0.48094993829727173,0.44616179800730327,0.4012090025424345,0.3729032885186456,0.17615716768797388,5370.729284197092,5500.0,309,0.36231369219463594,0.0,0.0,0.0,11166,0,0,0,0.0,0.9749338189846806,0.0,0.0,0.0,0.7640652634847032
2014-11-05,0.48094993829727173,0.44947495422539546,0.4000787234379377,0.37054247849711147,0.1671947265613641,5370.729284197092,5500.0,309,0.35395036857647666,0.0,0.0,0.0,11166,0,0,0,0.0,0.9747476798444278,0.0,0.0,0.0,0.8468608735351586
2014-11-06,0.4831002354621887,0.4526773619622329,0.3995015553472719,0.35929898751919476,0.1454733737311914,5370.729284197092,5500.0,309,0.3385554932398457,0.0,0.0,0.0,11117,0,0,0,0.0,0.9745677627552127,0.0,0.0,0.0,1.0
2014-11-07,0.4728265106678009,0.4545963285056203,0.40261666976012556,0.2851593429375548,0.13603166515451026,5370.729284197092,5500.0,309,0.36381766199764076,0.0,0.0,0.0,11358,0,0,0,0.0,0.9744599517257752,0.0,0.0,0.0,0.746893162789581
2014-11-10,0.47832176089286804,0.45685589349488204,0.40675665635561314,0.2819105152302694,0.11446127317459473,5370.729284197092,5500.0,309,0.3384498523653703,0.0,0.0,0.0,11228,0,0,0,0.0,0.9743330052563784,0.0,0.0,0.0,1.0
2014-11-11,0.47258758544921875,0.45835414987148554,0.4102791174341293,0.2859963404157907,0.11477311512738148,5370.729284197092,5500.0,309,0.33841197372006726,0.0,0.0,0.0,11364,0,0,0,0.0,0.9742488304890383,0.0,0.0,0.0,1.0
2014-11-12,0.4694816768169403,0.45941391434248124,0.41344711808375684,0.2884020881539055,0.10702453590827617,5370.729284197092,5500.0,309,0.338385180947396,0.0,0.0,0.0,11439,0,0,0,0.0,0.9741892909942134,0.0,0.0,0.0,1.0
2014-11-13,0.4670923352241516,0.46014519252168795,0.4171631727064032,0.2905438560082637,0.10682342107849217,5370.729284197092,5500.0,309,0.338366692905429,0.0,0.0,0.0,11498,0,0,0,0.0,0.9741482064565088,0.0,0.0,0.0,1.0
2014-11-14,0.4728265106678009,0.461352937107032,0.4220594327491267,0.2899512275043467,0.1031194320037365,5370.729284197092,5500.0,309,0.3383361589264122,0.0,0.0,0.0,11358,0,0,0,0.0,0.9740803531698049,0.0,0.0,0.0,1.0
2014-11-17,0.47067639231681824,0.46224088522224976,0.42718375882966875,0.2924647831500532,0.10178985075785028,5370.729284197092,5500.0,309,0.33831370998360843,0.0,0.0,0.0,11410,0,0,0,0.0,0.9740304666302408,0.0,0.0,0.0,1.0
2014-11-18,0.4819054901599884,0.46411370474012964,0.42972732854455153,0.2676339514852589,0.08266797826759945,5370.729284197092,5500.0,309,0.33826636170107005,0.0,0.0,0.0,11144,0,0,0,0.0,0.9739252482246,0.0,0.0,0.0,1.0
2014-11-19,0.48010602593421936,0.46563678294909056,0.43498851750112205,0.24830061217128835,0.07554174415986667,5370.729284197092,5500.0,309,0.33822785551471435,0.0,0.0,0.0,11186,0,0,0,0.0,0.9738396789215874,0.0,0.0,0.0,1.0
2014-11-20,0.48802393674850464,0.46776889283474904,0.4388584343048662,0.2439918332597706,0.06724933820918005,5370.729284197092,5500.0,309,0.33817395190024147,0.0,0.0,0.0,11005,0,0,0,0.0,0.9737198931116477,0.0,0.0,0.0,1.0
2014-11-21,0.49066317081451416,0.4699493002613933,0.44240630107127765,0.24334838547248475,0.06593514165080595,5370.729284197092,5500.0,309,0.33811882723611875,0.0,0.0,0.0,10945,0,0,0,0.0,0.9735973938580417,0.0,0.0,0.0,1.0
2014-11-24,0.4937823712825775,0.47221911654912513,0.44656208726300134,0.24268293189286375,0.06424917770539877,5370.729284197092,5500.0,309,0.33806144215342615,0.0,0.0,0.0,10876,0,0,0,0.0,0.9734698714520582,0.0,0.0,0.0,1.0
2014-11-25,0.4935421943664551,0.47424988586506134,0.4492017153519332,0.2337993660926862,0.05544209136646574,5370.729284197092,5500.0,309,0.33801010061281145,0.0,0.0,0.0,10882,0,0,0,0.0,0.973355779139581,0.0,0.0,0.0,1.0
2014-11-26,0.5019400119781494,0.4768870407329745,0.4524449964431141,0.23416689550239925,0.0539936360754749,5370.729284197092,5500.0,309,0.3379434285429236,0.0,0.0,0.0,10699,0,0,0,0.0,0.9732076189842747,0.0,0.0,0.0,1.0
2014-11-28,0.5031394362449646,0.4793872688769735,0.45747342410557557,0.23023044024825315,0.05437512148522996,5370.729284197092,5500.0,309,0.3378802182295739,0.0,0.0,0.0,10674,0,0,0,0.0,0.9730671516212754,0.0,0.0,0.0,1.0
2014-12-01,0.4937823712825775,0.48075823101084053,0.4592440094114768,0.1943629869522072,0.04907898542511158,5870.729284197092,6000.0,309,0.3388584279963238,0.0,0.0,0.0,11889,0,0,0,0.0,0.9752409511029417,0.0,0.0,0.0,1.0
2014-12-02,0.49450209736824036,0.48206717066392624,0.46024491704919646,0.1871973345184176,0.052633972063770455,5870.729284197092,6000.0,309,0.3388280933198635,0.0,0.0,0.0,11872,0,0,0,0.0,0.9751735407108078,0.0,0.0,0.0,1.0
2014-12-03,0.5072183609008789,0.4844625221150646,0.46025712010444525,0.20181832602073457,0.051122098766212876,5870.729284197092,6000.0,309,0.3387725810499833,0.0,0.0,0.0,11574,0,0,0,0.0,0.9750501801110741,0.0,0.0,0.0,1.0
2014-12-04,0.5026598572731018,0.4861956016539253,0.460803515701182,0.20591583859371515,0.04947209968336952,5870.729284197092,6000.0,309,0.3387324169316702,0.0,0.0,0.0,11679,0,0,0,0.0,0.9749609265148228,0.0,0.0,0.0,1.0
2014-12-05,0.505539059638977,0.48803783574773973,0.46122511518962134,0.2061406608164357,0.048565834267472976,5870.729284197092,6000.0,309,0.3386897231565461,0.0,0.0,0.0,11612,0,0,0,0.0,0.9748660514589914,0.0,0.0,0.0,1.0
2014-12-08,0.49906057119369507,0.48908762007592593,0.46263639921889615,0.19518978640971676,0.056877495527054685,5870.729284197092,6000.0,309,0.3386653944047404,0.0,0.0,0.0,11763,0,0,0,0.0,0.9748119875660898,0.0,0.0,0.0,1.0
2014-12-09,0.4973812699317932,0.4898774914907705,0.4635734504179098,0.19342183657062564,0.056227752870664144,5870.729284197092,6000.0,309,0.33864708913470143,0.0,0.0,0.0,11803,0,0,0,0.0,0.9747713091882253,0.0,0.0,0.0,1.0
2014-12-10,0.4863443672657013,0.4895410034693353,0.4643820202879673,0.20619363838249408,0.08215245164559856,5870.729284197092,6000.0,309,0.5033470813758444,0.17224513562640728,1.0,0.5033470813758444,12071,3,3,3,1.4590331017971039,0.9747886383213292,0.03264932029165832,0.0,1.0,1.0
2014-12-11,0.48610439896583557,0.48921370780233536,0.4658739308913618,0.20415013161840043,0.08391454913468704,5869.270251095295,6000.0,312,0.5028527852866063,0.17142130881101042,1.0,0.5028527852866063,12074,3,3,3,1.4583131968975067,0.9745608871942786,0.031778635664846226,0.0,1.0,1.0
2014-12-12,0.4709886610507965,0.48747798906409356,0.46491997839264426,0.23444647087507703,0.1015516248378369,5867.811937898397,6000.0,315,0.5722044240796572,0.28700737346609534,1.0,0.5722044240796572,12458,3,3,3,1.4129659831523895,0.9744074055741351,0.16912894923681404,0.0,1.0,0.9238693558526987
2014-12-15,0.46954911947250366,0.48577047767441833,0.4626165674503927,0.2305330167085883,0.10324927569967123,5866.398971915245,6000.0,318,0.577483658407176,0.2958060973452933,1.0,0.577483658407176,12493,3,3,3,1.408647358417511,0.9742541646832559,0.1669652536273194,0.0,1.0,0.8606507983258296
2014-12-16,0.4642705023288727,0.4837228609748425,0.45925428953957653,0.23339613319881333,0.10607989930993755,5864.9903245568275,6000.0,321,0.5954862115458107,0.32581035257635116,1.0,0.5954862115458107,12632,3,3,3,1.392811506986618,0.974120826937846,0.20106925075618365,0.0,1.0,0.8334932341650267
2014-12-17,0.4832252562046051,0.48367547004434375,0.45929782721649404,0.26287515772128545,0.13009309049655932,5863.597513049841,6000.0,324,0.5219518903358966,0.20325315055982768,1.0,0.5219518903358966,12134,3,3,3,1.4496757686138153,0.9738815246176055,0.004654090062675378,0.0,1.0,0.6838913627022973
2014-12-18,0.4851447343826294,0.48381539998132334,0.4597924453940644,0.26274294801623654,0.1572827655949954,5862.147837281227,6000.0,327,0.3989249876467777,0.0,0.0,0.0,12083,0,0,0,0.0,0.9736320607010179,0.0,0.0,0.0,0.3920943966868038
2014-12-19,0.4899432361125946,0.4843990034223968,0.46040815391662915,0.2584747584133929,0.15790767223866556,5862.147837281227,6000.0,327,0.401714055788256,0.0028567596470932544,1.0,0.401714055788256,11964,2,2,2,0.9798864722251892,0.9736002543134794,0.0,0.0,0.0,0.3640605865280979
2014-12-22,0.4985808730125427,0.4857496576690773,0.4615178782039855,0.2652175016366552,0.15741829585647715,5861.167950809002,6000.0,329,0.3976145735779635,0.0,0.0,0.0,11755,0,0,0,0.0,0.973364727104479,0.0,0.0,0.0,0.40399553619052075
2014-12-23,0.49546194076538086,0.4866746370115824,0.46239554888026313,0.2655746778265001,0.1572370660328228,5861.167950809002,6000.0,329,0.39724062850301584,0.0,0.0,0.0,11829,0,0,0,0.0,0.9733140074038649,0.0,0.0,0.0,0.40750674828723343
2014-12-24,0.4935421943664551,0.48732869009299884,0.46304960196167955,0.26598012864289783,0.15714976048249846,5861.167950809002,6000.0,329,0.396931292457941,0.0,0.0,0.0,11875,0,0,0,0.0,0.9732781434932339,0.0,0.0,0.0,0.4104387211401428
2014-12-26,0.49402210116386414,0.48796615781403363,0.4641557199483151,0.2584642081693073,0.15726196207855958,5861.167950809002,6000.0,329,0.400998890182733,0.0016648169712216165,1.0,0.400998890182733,11864,2,2,2,0.9880442023277283,0.9732431890131972,0.0,0.0,0.0,0.3696054487320577
2014-12-29,0.4933023154735565,0.48847436330541677,0.4653204175204687,0.25822092478192116,0.15687246493429205,5860.179906606674,6000.0,331,0.40070225732108783,0.0011704288684796782,1.0,0.40070225732108783,11879,2,2,2,0.986604630947113,0.9730524976243179,0.0,0.0,0.0,0.37171366609855205
2014-12-30,0.4887435734272003,0.48850000236463426,0.4653853891381936,0.25175255818800263,0.155801058344217,5859.193301975727,6000.0,333,0.4031447872949939,0.005241312158323168,1.0,0.4031447872949939,11988,2,2,2,0.9774871468544006,0.9728882498687628,0.0,0.0,0.0,0.346549251459493
2014-12-31,0.4810658097267151,0.48779198401816576,0.4644146083042353,0.25738956176239614,0.15895640178133966,5858.215814828873,6000.0,335,0.5838323356695685,0.3063872261159475,1.0,0.5838323356695685,12177,3,3,3,1.4431974291801453,0.9727649475589858,0.06894510889707632,0.0,1.0,0.34937189735659446
2015-01-02,0.48298537731170654,0.4873342119508839,0.4653283423531025,0.23802363934555515,0.15828610309410018,6356.7726173996925,6500.0,338,0.5833617720953826,0.3056029534923044,1.0,0.5833617720953826,13161,3,3,3,1.4489561319351196,0.974658620978554,0.04461860600519099,0.0,1.0,0.25312980047302625
2015-01-05,0.4748275578022003,0.48614310203196165,0.4644169269001403,0.24256149929579326,0.1706386459196118,6355.323661267757,6500.0,341,0.6224369604552007,0.3707282674253345,1.0,0.6224369604552007,13384,3,3,3,1.424482673406601,0.9744961849549386,0.11638079592680703,0.0,1.0,0.1845768094158482
2015-01-06,0.4604315161705017,0.48369437956896544,0.4607392569228045,0.25906933759255923,0.17239501815561387,6353.899178594351,6500.0,344,0.871461955457231,0.7857699257620517,1.0,0.871461955457231,13799,4,4,4,1.8417260646820068,0.9744014051428117,0.24047068129253396,1.0,1.0,0.25230483438674556
2015-01-07,0.4592318832874298,0.48136461801834296,0.456784260414934,0.2572706061462304,0.17732501421790609,6352.057452529669,6500.0,348,0.6709523840914864,0.45158730681914394,1.0,0.6709523840914864,13831,3,3,3,1.3776956498622894,0.9742284789122487,0.2298957370613159,0.0,1.0,0.20903513096617732
2015-01-08,0.4765070378780365,0.48090199133831374,0.45717840128857884,0.2967639274198915,0.18933019460389044,6350.6797568798065,6500.0,351,0.5782566943844326,0.297094490640721,1.0,0.5782566943844326,13327,3,3,3,1.4295211136341095,0.974031292467731,0.0456948977071858,0.0,1.0,0.3062009119428004
2015-01-09,0.47842660546302795,0.4806662403025722,0.4570038447116547,0.28752748994659355,0.18212278239042523,6349.250235766172,6500.0,354,0.56714069161451,0.2785678193575166,1.0,0.56714069161451,13271,3,3,3,1.4352798163890839,0.9738221770665983,0.02329719305993324,0.0,1.0,0.31563024942429263
2015-01-12,0.47242823243141174,0.47988166812436645,0.45601216852002974,0.2905940139152927,0.1839387490230035,6347.814955949783,6500.0,357,0.5914327017107814,0.3190545028513024,1.0,0.5914327017107814,13436,3,3,3,1.4172846972942352,0.973643422227631,0.07765910002445713,0.0,1.0,0.31653433302658285
2015-01-13,0.4717085361480713,0.47910327460281454,0.45529291710217706,0.2684502303502674,0.17421734527714086,6346.397671252489,6500.0,360,0.5943792637755045,0.3239654396258409,1.0,0.5943792637755045,13454,3,3,3,1.4151256084442139,0.9734650494066134,0.07717269789977567,0.0,1.0,0.28407722512370515
2015-01-14,0.47362789511680603,0.4785818098898614,0.4551049750417132,0.2684915142322388,0.17394856282432541,6344.982545644045,6500.0,363,0.5826372452635794,0.3043954087726323,1.0,0.5826372452635794,13396,3,3,3,1.420883685350418,0.97327304661692,0.05175619581316114,0.0,1.0,0.2862591382995716
2015-01-15,0.4702688455581665,0.47779009900112857,0.4550651334533675,0.26646720529140544,0.17449433150118127,6343.5616619586945,6500.0,366,0.5960556184464997,0.32675936407749945,1.0,0.5960556184464997,13489,3,3,3,1.4108065366744995,0.9730967421177826,0.07870876205561865,0.0,1.0,0.2725685843153094
2015-01-16,0.47890645265579224,0.4778964183968108,0.4551714547866764,0.2312977172556596,0.16557654483145823,6342.15085542202,6500.0,369,0.42138131770273235,0.035635529504553884,1.0,0.42138131770273235,13242,2,2,2,0.9578129053115845,0.9728701879402426,0.0,0.0,0.0,0.16410266870376833
2015-01-20,0.48034608364105225,0.4781297198486433,0.4554897150493291,0.23108367764897875,0.1399667410720551,6341.193042516708,6500.0,371,0.4001369293015378,0.00022821550256300432,1.0,0.4001369293015378,13201,2,2,2,0.9606921672821045,0.9727098267594082,0.0,0.0,0.0,0.3758249274019587
2015-01-21,0.4870641529560089,0.47898061823982097,0.45655196975589263,0.23394113328399532,0.14005179148671673,6340.232350349426,6500.0,373,0.3984320673084939,0.0,0.0,0.0,13017,0,0,0,0.0,0.9725138814456226,0.0,0.0,0.0,0.3919917934203623
2015-01-22,0.49546194076538086,0.48055026800416,0.45861074876206737,0.23355260663464839,0.15067001076435454,6340.232350349426,6500.0,373,0.4084162538563415,0.014027089760569138,1.0,0.4084162538563415,12796,2,2,2,0.9909238815307617,0.9724238076976074,0.0,0.0,0.0,0.29174459607581804
2015-01-23,0.4969014823436737,0.4821075265126851,0.45995181767654997,0.23267028502437298,0.15153583355365174,6339.2414264678955,6500.0,375,0.4095325556680969,0.015887592780161424,1.0,0.4095325556680969,12757,2,2,2,0.9938029646873474,0.9721861042396528,0.0,0.0,0.0,0.279511912397469
2015-01-26,0.4947420060634613,0.48331081027942574,0.46100033937426416,0.23278697538323856,0.15197070913557575,6338.247623503208,6500.0,377,0.4097365512339745,0.016227585389957482,1.0,0.4097365512339745,12811,2,2,2,0.9894840121269226,0.9719679730037933,0.0,0.0,0.0,0.2764903661773248
2015-01-27,0.4709886610507965,0.4821372722576515,0.4603839197658593,0.28887549187506534,0.15778527788668228,6337.258139491081,6500.0,379,0.5868090833950719,0.31134847232511975,1.0,0.5868090833950719,13455,3,3,3,1.4129659831523895,0.9718876882791307,0.11561656657087124,0.0,1.0,0.5256783128742901
2015-01-28,0.4633108079433441,0.4803442756562889,0.4584918964721621,0.2931258617648994,0.16320489011767672,6335.845173507929,6500.0,382,0.6174121836801109,0.3623536394668514,1.0,0.6174121836801109,13675,3,3,3,1.3899324238300323,0.9717705364152766,0.17730478509057018,0.0,1.0,0.49671710997520213
2015-01-29,0.47458773851394653,0.47979603402368487,0.4585130622673553,0.30747980102348926,0.1679083010967003,6334.455241084099,6500.0,385,0.5590328167070896,0.26505469451181596,1.0,0.5590328167070896,13347,3,3,3,1.4237632155418396,0.9715813118309048,0.054276141739442056,0.0,1.0,0.5260303739956655
2015-01-30,0.4606713652610779,0.4779746369986747,0.45554970765288333,0.3195098094238883,0.17005423500471736,6333.031477868557,6500.0,388,0.6120411383138594,0.35340189718976567,1.0,0.6120411383138594,13747,3,3,3,1.3820140957832336,0.971468590899156,0.1810061706019435,0.0,1.0,0.5657250436163546
2015-02-02,0.4707487225532532,0.4772864546705393,0.4549769023228907,0.3300676233568235,0.17766483527246102,6831.649463772774,7000.0,391,0.5640053604343391,0.2733422673905652,1.0,0.5640053604343391,14512,3,3,3,1.4122461676597595,0.9733401423176884,0.0684885570636925,0.0,1.0,0.5481755428728226
2015-02-03,0.48250535130500793,0.47778349244525065,0.4552637224879458,0.3368464703208836,0.1730085060843736,6830.237217605114,7000.0,394,0.3756489522004658,0.0,0.0,0.0,14155,0,0,0,0.0,0.9731076148537959,0.0,0.0,0.0,0.6224947448374241
2015-02-04,0.4837052524089813,0.4783474695846536,0.45681919734377596,0.315842948917078,0.17029118746955538,6830.237217605114,7000.0,394,0.3833239081858518,0.0,0.0,0.0,14120,0,0,0,0.0,0.9730758709976638,0.0,0.0,0.0,0.5456023376309687
2015-02-05,0.4916229844093323,0.47961180432986106,0.4588870223040754,0.3188165343002459,0.1692479307412552,6830.237217605114,7000.0,394,0.3808750466570884,0.0,0.0,0.0,13893,0,0,0,0.0,0.9730047070134336,0.0,0.0,0.0,0.5697707149895674
2015-02-06,0.48946359753608704,0.48055007034950165,0.4593137101106544,0.29322373907201804,0.1574535557824344,6830.237217605114,7000.0,394,0.3826377545180524,0.0,0.0,0.0,13954,0,0,0,0.0,0.9729518960403281,0.0,0.0,0.0,0.5519059870009524
2015-02-09,0.4889838397502899,0.48135328648291004,0.4596954650077309,0.29319128012958984,0.15522702790346027,6830.237217605114,7000.0,394,0.38040883037217826,0.0,0.0,0.0,13968,0,0,0,0.0,0.9729066864465333,0.0,0.0,0.0,0.5739917852876173
2015-02-10,0.5026598572731018,0.48338248370102355,0.4597876840074011,0.30300785547685605,0.15639205736513623,6830.237217605114,7000.0,394,0.37629921440671144,0.0,0.0,0.0,13588,0,0,0,0.0,0.9727924716316853,0.0,0.0,0.0,0.6145739782754691
2015-02-11,0.4993010461330414,0.4848985372659776,0.4604807288609779,0.30464159221094983,0.1558725930770329,6830.237217605114,7000.0,394,0.37484930265044786,0.0,0.0,0.0,13679,0,0,0,0.0,0.9727071394738864,0.0,0.0,0.0,0.6286891011280105
2015-02-12,0.5350507497787476,0.48967493845766996,0.45630216431684567,0.39005238677013854,0.1563595637184931,6830.237217605114,7000.0,394,0.33759723334449365,0.0,0.0,0.0,12765,0,0,0,0.0,0.9724382963210969,0.0,0.0,0.0,1.0
2015-02-13,0.5352905988693237,0.4940192870683036,0.45487423414646805,0.3875031179390018,0.15077791486597958,6830.237217605114,7000.0,394,0.33748719720039855,0.0,0.0,0.0,12759,0,0,0,0.0,0.9721937715564412,0.0,0.0,0.0,1.0
2015-02-17,0.5369701981544495,0.4981098500288889,0.4538716098817977,0.3852253887824184,0.14525771275530205,6830.237217605114,7000.0,394,0.33738358908426824,0.0,0.0,0.0,12719,0,0,0,0.0,0.971963531298374,0.0,0.0,0.0,1.0
2015-02-18,0.5307319164276123,0.501216713495434,0.45413030188446,0.39020551078476673,0.14548592166090357,6830.237217605114,7000.0,394,0.33730489667103714,0.0,0.0,0.0,12869,0,0,0,0.0,0.9717886592689713,0.0,0.0,0.0,1.0
2015-02-19,0.5321716666221619,0.504164804269408,0.4543439502557503,0.388920803649569,0.14545068832200067,6830.237217605114,7000.0,394,0.33723022574329053,0.0,0.0,0.0,12834,0,0,0,0.0,0.9716227238739791,0.0,0.0,0.0,1.0
2015-02-20,0.5360103845596313,0.5071977166780007,0.4543941259932958,0.3862585409855483,0.1374754007966542,6830.237217605114,7000.0,394,0.3371534064047129,0.0,0.0,0.0,12742,0,0,0,0.0,0.9714520142326953,0.0,0.0,0.0,1.0
2015-02-23,0.5316916704177856,0.5095304741770278,0.4547383773909732,0.3887053291299939,0.13536026355963565,6830.237217605114,7000.0,394,0.3370943209897733,0.0,0.0,0.0,12846,0,0,0,0.0,0.9713207133106073,0.0,0.0,0.0,1.0
2015-02-24,0.5373518466949463,0.5121801287025438,0.4550757901614215,0.3882469251062747,0.13538326063583145,6830.237217605114,7000.0,394,0.3370272090258627,0.0,0.0,0.0,12710,0,0,0,0.0,0.9711715756130282,0.0,0.0,0.0,1.0
2015-02-25,0.5332574248313904,0.5141874902386244,0.4575729859081191,0.33928545914477076,0.12398815629492994,6830.237217605114,7000.0,394,0.3369763654258131,0.0,0.0,0.0,12808,0,0,0,0.0,0.9710585898351403,0.0,0.0,0.0,1.0
2015-02-26,0.5347023606300354,0.5161412874187588,0.4618530391002475,0.32893791554048213,0.11059730432388447,6830.237217605114,7000.0,394,0.3369268785343792,0.0,0.0,0.0,12773,0,0,0,0.0,0.9709486189652871,0.0,0.0,0.0,1.0
2015-02-27,0.5313303470611572,0.5175878645275586,0.46505159102348353,0.32596810467966114,0.10918868545293732,6830.237217605114,7000.0,394,0.33689023880275193,0.0,0.0,0.0,12854,0,0,0,0.0,0.9708671973394488,0.0,0.0,0.0,1.0
2015-03-02,0.5443365573883057,0.520135359085725,0.4717161381269832,0.30416808681909513,0.0943551703283355,7330.237217605114,7500.0,394,0.3377040001112135,0.0,0.0,0.0,13466,0,0,0,0.0,0.9726755558026966,0.0,0.0,0.0,1.0
2015-03-03,0.534220814704895,0.5214768310494554,0.4775418845288578,0.3143889885477969,0.09020197949539835,7330.237217605114,7500.0,394,0.3376722877139908,0.0,0.0,0.0,13721,0,0,0,0.0,0.9726050838088686,0.0,0.0,0.0,1.0
2015-03-04,0.5402420163154602,0.5232639915509797,0.48208163582933483,0.3074089487112782,0.08032350516953887,7330.237217605114,7500.0,394,0.3376300392397349,0.0,0.0,0.0,13568,0,0,0,0.0,0.9725111983105219,0.0,0.0,0.0,1.0
2015-03-05,0.5505989193916321,0.5258673180119942,0.4871435534823534,0.31068235363410074,0.07781356187295403,7330.237217605114,7500.0,394,0.33756849660219646,0.0,0.0,0.0,13313,0,0,0,0.0,0.9723744368937699,0.0,0.0,0.0,1.0
2015-03-06,0.5431323051452637,0.527511602500877,0.49160967521385845,0.3164074594437816,0.088648580524007,7330.237217605114,7500.0,394,0.3375296257168793,0.0,0.0,0.0,13496,0,0,0,0.0,0.9722880571486205,0.0,0.0,0.0,1.0
2015-03-09,0.5445775985717773,0.5291369354600104,0.49761730249283115,0.3145631171939061,0.08848626451705002,7330.237217605114,7500.0,394,0.3374912028457253,0.0,0.0,0.0,13460,0,0,0,0.0,0.9722026729905008,0.0,0.0,0.0,1.0
2015-03-10,0.5539709329605103,0.5315020780791057,0.5053316688318441,0.3162098877259265,0.10723559921027995,7330.237217605114,7500.0,394,0.33743529087421,0.0,0.0,0.0,13232,0,0,0,0.0,0.972078424164911,0.0,0.0,0.0,1.0
2015-03-11,0.5510804653167725,0.5333666863874549,0.510847720534335,0.30808361642594534,0.09958771024100824,7330.237217605114,7500.0,394,0.3373912115338006,0.0,0.0,0.0,13301,0,0,0,0.0,0.9719804700751123,0.0,0.0,0.0,1.0
2015-03-12,0.5460225939750671,0.5345720109196085,0.5202201168243237,0.309439969490974,0.11019458894995036,7330.237217605114,7500.0,394,0.33736271766186043,0.0,0.0,0.0,13424,0,0,0,0.0,0.97191715035969,0.0,0.0,0.0,1.0
2015-03-13,0.5467453002929688,0.5357313718123095,0.5211297196212139,0.18218306988855631,0.10591641141318668,7330.237217605114,7500.0,394,0.3939965936582946,0.0,0.0,0.0,13407,0,0,0,0.0,0.9718562452674601,0.0,0.0,0.0,0.43338716712062464
2015-03-16,0.5532485246658325,0.5373996720840736,0.5217727607462522,0.18609194328783404,0.11651232884020765,7330.237217605114,7500.0,394,0.4041969791710364,0.006994965285060661,1.0,0.4041969791710364,13249,2,2,2,1.106497049331665,0.9717686038931833,0.0,0.0,0.0,0.3309889258089609
2015-03-17,0.5599924325942993,0.5395513635612379,0.5218079597479718,0.18974699654257543,0.11672816144880191,7329.130720555782,7500.0,396,0.4017180924981192,0.002863487496865269,1.0,0.4017180924981192,13087,2,2,2,1.1199848651885986,0.9715116880039666,0.0,0.0,0.0,0.3546216710366581
2015-03-18,0.5508397817611694,0.5406264510088504,0.5232415948709319,0.19497177857270592,0.12521823580537128,7328.010735690594,7500.0,398,0.407335191517081,0.01222531919513492,1.0,0.407335191517081,13303,2,2,2,1.1016795635223389,0.9713107563331304,0.0,0.0,0.0,0.297546488328277
2015-03-19,0.5592697262763977,0.5424020010343311,0.5242884818030111,0.20067910574500558,0.12638223080880295,7326.909056127071,7500.0,400,0.40465948739951,0.007765812332516664,1.0,0.40465948739951,13100,2,2,2,1.1185394525527954,0.971071893278169,0.0,0.0,0.0,0.3232286457566602
2015-03-20,0.5652912855148315,0.5445819328896169,0.5245955593037424,0.20216240408692382,0.12868229183630414,7325.790516674519,7500.0,402,0.4059463828467107,0.009910638077851124,1.0,0.4059463828467107,12959,2,2,2,1.130582571029663,0.9708104083971165,0.0,0.0,0.0,0.3091830093199177
2015-03-23,0.5469862222671509,0.5448109128303344,0.5259243028083341,0.23514132581529523,0.12882605415312387,7324.659934103489,7500.0,404,0.3846886009194931,0.0,0.0,0.0,13390,0,0,0,0.0,0.970652852162206,0.0,0.0,0.0,0.5210518255349963
2015-03-24,0.5395194888114929,0.5443069676856829,0.5256141288306254,0.2384329741679938,0.13007944663898888,7324.659934103489,7500.0,404,0.5538476841197505,0.2564128068662508,1.0,0.5538476841197505,13576,3,3,3,1.6185584664344788,0.9706799980073312,0.0439777474698298,0.0,1.0,0.5274830134497204
2015-03-25,0.5067628622055054,0.5407313385923326,0.5154887277800858,0.32177145175123856,0.13928810044943002,7323.041375637054,7500.0,407,0.8356296961971212,0.7260494936618688,1.0,0.8356296961971212,14450,4,4,4,2.0270514488220215,0.9706563126923894,0.31409753756140874,1.0,1.0,0.9250953641708792
2015-03-26,0.5050769448280334,0.5373356820433517,0.5066279616722523,0.32122650395516106,0.13934616876739433,7321.014324188232,7500.0,411,0.8297237526586633,0.7162062544311054,1.0,0.8297237526586633,14494,4,4,4,2.020307779312134,0.9705540046240243,0.3001730416696545,1.0,1.0,0.9210341817349208
2015-03-27,0.5149520039558411,0.5352039031778745,0.5023153528820979,0.33030559573072193,0.13977412985235407,7318.99401640892,7500.0,415,0.5748843233942794,0.291473872323799,1.0,0.5748843233942794,14212,3,3,3,1.5448560118675232,0.9703853840241576,0.18919797764724738,0.0,1.0,0.9692818935785286
2015-03-30,0.5171196460723877,0.533481592977352,0.49865779538846783,0.31684155247161166,0.14547716121573911,7317.449160397053,7500.0,418,0.5741324753389644,0.2902207922316073,1.0,0.5741324753389644,14150,3,3,3,1.551358938217163,0.9702672925513955,0.15335062278014625,0.0,1.0,0.814955865602295
2015-03-31,0.5041135549545288,0.5306846369751783,0.49213543835050066,0.3221131264370465,0.14773406062974312,7315.897801458836,7500.0,421,0.6175546518520323,0.3625910864200538,1.0,0.6175546518520323,14512,3,3,3,1.5123406648635864,0.9702109023777933,0.250347194636165,0.0,1.0,0.8169649180424896
2015-04-01,0.5060404539108276,0.5283375719214306,0.48691082264248386,0.31889830410007936,0.14760964418537503,7814.385460793972,8000.0,424,0.6023198634073997,0.3371997723456662,1.0,0.6023198634073997,15442,3,3,3,1.518121361732483,0.9719981086881642,0.2110120422584558,0.0,1.0,0.8003470451857926
2015-04-02,0.507244884967804,0.5263287445925138,0.48312018017789143,0.30877630344887486,0.14827849349128835,7812.8673394322395,8000.0,427,0.5954057431609382,0.32567623860156364,1.0,0.5954057431609382,15402,3,3,3,1.5217346549034119,0.9719072032573746,0.18129220397685702,0.0,1.0,0.73533990094466
2015-04-06,0.5219368934631348,0.5259104730563825,0.48238962349372655,0.32747601347753463,0.14157160991613568,7811.345604777336,8000.0,430,0.5115173945780698,0.18586232429678293,1.0,0.5115173945780698,14966,3,3,3,1.5658106803894043,0.9717323120732194,0.037778099095031034,0.0,1.0,0.9276229044764293
2015-04-07,0.5265133380889893,0.5259678887737737,0.48253078901267255,0.329287611910194,0.1411048342462414,7809.779794096947,8000.0,433,0.34271955612029603,0.0,0.0,0.0,14833,0,0,0,0.0,0.9715319880201195,0.0,0.0,0.0,0.9446983848875778
2015-04-08,0.5303669571876526,0.5263868476703336,0.4839476556995385,0.3236360559830397,0.1263083127286024,7809.779794096947,8000.0,433,0.3371791903414295,0.0,0.0,0.0,14725,0,0,0,0.0,0.9715093118698432,0.0,0.0,0.0,1.0
2015-04-09,0.5426506996154785,0.5279357859508236,0.48609122505079844,0.33532891419628835,0.12641897744808617,7809.779794096947,8000.0,433,0.33714146401343525,0.0,0.0,0.0,14391,0,0,0,0.0,0.9714254755854117,0.0,0.0,0.0,1.0
2015-04-10,0.5481903553009033,0.529864792555593,0.48786219626336885,0.3357773236911328,0.12019316369160384,7809.779794096947,8000.0,433,0.33709448064631786,0.0,0.0,0.0,14246,0,0,0,0.0,0.9713210681029285,0.0,0.0,0.0,1.0
2015-04-13,0.5431323051452637,0.5311283651831807,0.4893506718025355,0.337482686199933,0.1191571785289756,7809.779794096947,8000.0,433,0.3370637047555072,0.0,0.0,0.0,14379,0,0,0,0.0,0.9712526772344603,0.0,0.0,0.0,1.0
2015-04-14,0.5385561585426331,0.5318357740745572,0.49109316074422305,0.3355965237062172,0.10961875189695992,7809.779794096947,8000.0,433,0.33704647492769657,0.0,0.0,0.0,14501,0,0,0,0.0,0.9712143887282146,0.0,0.0,0.0,1.0
2015-04-15,0.5450594425201416,0.5330951710693748,0.4940203276616067,0.3355366275346798,0.10995519013404871,7809.779794096947,8000.0,433,0.33701580073964155,0.0,0.0,0.0,14328,0,0,0,0.0,0.9711462238658701,0.0,0.0,0.0,1.0
2015-04-16,0.5416873693466187,0.5339134756672075,0.4956111447241826,0.33134075083781744,0.10148888824266357,7809.779794096947,8000.0,433,0.33699586990828057,0.0,0.0,0.0,14417,0,0,0,0.0,0.9711019331295124,0.0,0.0,0.0,1.0
2015-04-17,0.5347023606300354,0.5339886075684291,0.49806612765607544,0.3284656660408698,0.10807485988282842,7809.779794096947,8000.0,433,0.33699403997691146,0.0,0.0,0.0,14605,0,0,0,0.0,0.9710978666153588,0.0,0.0,0.0,1.0
2015-04-20,0.5320530533790588,0.5338042690742034,0.5020613455018321,0.32506081187728103,0.10832810045975992,7809.779794096947,8000.0,433,0.4943799531550841,0.15729992192514014,1.0,0.4943799531550841,14678,2,2,2,1.0641061067581177,0.9711078439363587,0.016403163074939244,0.0,1.0,1.0
2015-04-21,0.5313303470611572,0.5335686574539134,0.5030881603328987,0.30572251020928054,0.10828072996145625,7808.715687990189,8000.0,435,0.4963829492158105,0.16063824869301746,1.0,0.4963829492158105,14696,2,2,2,1.0626606941223145,0.9709872042509434,0.020974905117524253,0.0,1.0,1.0
2015-04-22,0.5373518466949463,0.5339289611911545,0.5036232270522543,0.3051670777598415,0.10737052658132522,7807.653027296066,8000.0,437,0.3368753587227199,0.0,0.0,0.0,14529,0,0,0,0.0,0.9708341304949332,0.0,0.0,0.0,1.0
2015-04-23,0.5351841449737549,0.5340485025037831,0.5050501743240153,0.20580234471524464,0.09173553942509312,7807.653027296066,8000.0,437,0.3499198443931778,0.0,0.0,0.0,14588,0,0,0,0.0,0.9708276005507308,0.0,0.0,0.0,0.8695257585465106
2015-04-24,0.5306078195571899,0.5337208184136314,0.506830388499113,0.20868427963646893,0.09076793827025283,7807.653027296066,8000.0,437,0.5084125014802438,0.18068750246707288,1.0,0.5084125014802438,14714,3,3,3,1.5918234586715698,0.9708455002941554,0.029163176224736378,0.0,1.0,0.915914029532575
2015-04-27,0.5347023606300354,0.5338142986247175,0.5077253759879361,0.19994170165589187,0.09285081395176174,7806.061203837395,8000.0,440,0.35734100499381616,0.0,0.0,0.0,14598,0,0,0,0.0,0.9706402135756406,0.0,0.0,0.0,0.7944709111522208
2015-04-28,0.5373518466949463,0.5341512079647392,0.5086730682740596,0.20007050505995075,0.0834884224532992,7806.061203837395,8000.0,440,0.33708090597281193,0.0,0.0,0.0,14526,0,0,0,0.0,0.9706216835619393,0.0,0.0,0.0,0.9969885163006076
2015-04-29,0.5332574248313904,0.5340660857615631,0.5120729592258466,0.17685093873990174,0.0775884718664802,7806.061203837395,8000.0,440,0.5002432587495445,0.16707209791590738,1.0,0.5002432587495445,14638,3,3,3,1.5997722744941711,0.9706263652831141,0.0075707946238488975,0.0,1.0,0.8994546320858885
2015-04-30,0.5347023606300354,0.5341266833680843,0.5161294272657718,0.17681578543028104,0.08544863715010169,7804.4614315629005,8000.0,443,0.3642515672346058,0.0,0.0,0.0,14595,0,0,0,0.0,0.9704227349084923,0.0,0.0,0.0,0.7243866347421573
2015-05-01,0.5479496121406555,0.5354431527749959,0.5216198249653428,0.1931931639798974,0.0925069197508785,8304.4614315629,8500.0,443,0.3634074069787294,0.0,0.0,0.0,15155,0,0,0,0.0,0.972093962743609,0.0,0.0,0.0,0.7403487625589464
2015-05-04,0.5445775985717773,0.536313099993737,0.5238203448586071,0.1718964418977187,0.09045417309947681,8304.4614315629,8500.0,443,0.37905767232210497,0.0,0.0,0.0,15249,0,0,0,0.0,0.9720486231415029,0.0,0.0,0.0,0.583642080915713
2015-05-05,0.5306078195571899,0.5357697399521612,0.5239170092492161,0.19611736754036607,0.1006684076982432,8304.4614315629,8500.0,443,0.5467664390807764,0.24461073180129395,1.0,0.5467664390807764,15650,3,3,3,1.5918234586715698,0.9720769417883756,0.048172937085175026,0.0,1.0,0.6234600641232138
2015-05-06,0.5322938561439514,0.5354387033989984,0.5238077344825449,0.19474231855929525,0.10164413162560886,8302.869608104229,8500.0,446,0.540912262986158,0.23485377164359666,1.0,0.540912262986158,15598,3,3,3,1.5968815684318542,0.9719052162687114,0.029367014702927217,0.0,1.0,0.5966024095107938
2015-05-07,0.5416873693466187,0.5360338144416289,0.5244797461253435,0.18696834741587906,0.10127276399849575,8301.272726535797,8500.0,449,0.38340933717747694,0.0,0.0,0.0,15324,0,0,0,0.0,0.9716848020371421,0.0,0.0,0.0,0.5384882373923703
2015-05-08,0.5017049908638,0.5327644026723118,0.5137561610759103,0.3179629824362204,0.11075436744287723,8301.272726535797,8500.0,449,0.81850769720703,0.6975128286783833,1.0,0.81850769720703,16546,4,4,4,2.0068199634552,0.9718575039058979,0.2914929343319466,1.0,1.0,1.0
2015-05-11,0.4968879222869873,0.5293475950165667,0.5040701243191359,0.31804392155988653,0.1110691397283343,8299.265906572342,8500.0,453,0.8252753315514851,0.7087922192524753,1.0,0.8252753315514851,16702,4,4,4,1.9875516891479492,0.9717888869949994,0.3066007386749676,1.0,1.0,1.0
2015-05-12,0.5017049908638,0.5267149660496365,0.49797316154883703,0.32136964443388244,0.11154718139047386,8297.278354883194,8500.0,457,0.5940932113832909,0.32348868563881805,1.0,0.5940932113832909,16538,3,3,3,1.5051149725914001,0.9716813247665078,0.23741470052969396,0.0,1.0,1.0
2015-05-13,0.5045952200889587,0.524608323577191,0.4942994586268006,0.31811836091058354,0.1099430039288924,8295.773239910603,8500.0,460,0.5730587247185617,0.28843120786426946,1.0,0.5730587247185617,16440,3,3,3,1.5137856602668762,0.9716094319005285,0.190743289696275,0.0,1.0,1.0
2015-05-14,0.5127843618392944,0.5234822319831056,0.4929157659020781,0.32561251321915125,0.11655195510226275,8294.259454250336,8500.0,463,0.5331494719049503,0.2219157865082505,1.0,0.5331494719049503,16174,3,3,3,1.5383530855178833,0.9714856148931555,0.10217987822895618,0.0,1.0,1.0
2015-05-15,0.513025164604187,0.522486320804161,0.4914169382133685,0.3234193859310587,0.10801899884200908,8292.721101164818,8500.0,466,0.5278528427378626,0.21308807122977097,1.0,0.5278528427378626,16164,3,3,3,1.539075493812561,0.9713554558241484,0.09053975025999053,0.0,1.0,1.0
2015-05-18,0.5123026371002197,0.5215164461656904,0.48991017695481986,0.3232147252460452,0.10392619147478456,8291.182025671005,8500.0,469,0.5268025714165797,0.21133761902763282,1.0,0.5268025714165797,16184,3,3,3,1.5369079113006592,0.9712245631468578,0.0883367066677638,0.0,1.0,1.0
2015-05-19,0.5091085433959961,0.5203347411400052,0.48800329237566853,0.32361240160168314,0.10373535459577034,8289.645117759705,8500.0,472,0.5355413979970228,0.225902329995038,1.0,0.5355413979970228,16282,3,3,3,1.5273256301879883,0.971106117903755,0.10787476653407348,0.0,1.0,1.0
2015-05-20,0.5091085433959961,0.5192655794500995,0.4868087442847346,0.31993156256748106,0.10258593322720357,8288.117792129517,8500.0,475,0.5309528702569762,0.21825478376162705,1.0,0.5309528702569762,16279,3,3,3,1.5273256301879883,0.970982217618965,0.0978019385076488,0.0,1.0,1.0
2015-05-21,0.5054789781570435,0.5179525698031419,0.4850873146101505,0.3203172673488579,0.10258104414947115,8286.590466499329,8500.0,478,0.541078373355417,0.23513062225902825,1.0,0.541078373355417,16393,3,3,3,1.5164369344711304,0.9708727848981292,0.12041248922501956,0.0,1.0,1.0
2015-05-22,0.5047532320022583,0.5166954900125815,0.483272678513791,0.31957400589620705,0.10276641773923795,8285.074029564857,8500.0,481,0.5388462076433383,0.23141034607223054,1.0,0.5388462076433383,16414,3,3,3,1.514259696006775,0.9707611140357586,0.11556379183832659,0.0,1.0,1.0
2015-05-26,0.5016077756881714,0.5152585648388281,0.48153550186160266,0.3176073678613824,0.10837895788279607,8283.55976986885,8500.0,484,0.5464066991124656,0.2440111651874427,1.0,0.5464066991124656,16514,3,3,3,1.5048233270645142,0.9706605711315303,0.13246542689617105,0.0,1.0,1.0
2015-05-27,0.528466522693634,0.5165164655869049,0.48359939625465714,0.3753233131654549,0.1128978429561797,8282.054946541786,8500.0,487,0.33668299018430936,0.0,0.0,0.0,15671,0,0,0,0.0,0.9704066448540208,0.0,0.0,0.0,1.0
2015-05-28,0.5357256531715393,0.5183459120235367,0.4851756691195525,0.37764644528680463,0.11208264484756869,8282.054946541786,8500.0,487,0.3366358227505932,0.0,0.0,0.0,15459,0,0,0,0.0,0.9703018283346515,0.0,0.0,0.0,1.0
2015-05-29,0.5354836583137512,0.5199780783368905,0.4867255236403342,0.3775683099314082,0.10810152941592878,8282.054946541786,8500.0,487,0.33659374166264355,0.0,0.0,0.0,15466,0,0,0,0.0,0.9702083148058747,0.0,0.0,0.0,1.0
2015-06-01,0.5415329337120056,0.522030921705949,0.4898691164142202,0.3689347472340249,0.10117083815532638,8782.054946541786,9000.0,487,0.33728854705646016,0.0,0.0,0.0,16217,0,0,0,0.0,0.9717523267921336,0.0,0.0,0.0,1.0
2015-06-02,0.5308861136436462,0.522874273319063,0.4925485665609453,0.37483181523285614,0.10067048459248076,8782.054946541786,9000.0,487,0.3372680114446809,0.0,0.0,0.0,16542,0,0,0,0.0,0.9717066920992907,0.0,0.0,0.0,1.0
2015-06-03,0.5250788331031799,0.5230842313937408,0.4931640380902665,0.3655215407648254,0.09078674366323217,8782.054946541786,9000.0,487,0.3372628989655624,0.0,0.0,0.0,16725,0,0,0,0.0,0.9716953310345832,0.0,0.0,0.0,1.0
2015-06-04,0.5345156788825989,0.524172940678394,0.49400150601259907,0.371100859551328,0.09497412694597179,8782.054946541786,9000.0,487,0.33723638889448104,0.0,0.0,0.0,16429,0,0,0,0.0,0.9716364197655135,0.0,0.0,0.0,1.0
2015-06-05,0.5386290550231934,0.5255497134731368,0.495871261536684,0.3666467891073194,0.09431241877815588,8782.054946541786,9000.0,487,0.33720286447692915,0.0,0.0,0.0,16304,0,0,0,0.0,0.9715619210598425,0.0,0.0,0.0,1.0
2015-06-08,0.5262886881828308,0.5256200920169172,0.49660951987402335,0.25971020616994167,0.08279562800744845,8782.054946541786,9000.0,487,0.33720115075938806,0.0,0.0,0.0,16686,0,0,0,0.0,0.9715581127986401,0.0,0.0,0.0,1.0
2015-06-09,0.5289503335952759,0.5259372578815228,0.4984268116412284,0.25581948148581307,0.0813636370389532,8782.054946541786,9000.0,487,0.3371934277705849,0.0,0.0,0.0,16602,0,0,0,0.0,0.9715409506012999,0.0,0.0,0.0,1.0
2015-06-10,0.5195133090019226,0.5253254532263227,0.4991900090043094,0.2651261620877867,0.09226720657439595,8782.054946541786,9000.0,487,0.5121020828352099,0.18683680472534975,1.0,0.5121020828352099,16904,3,3,3,1.5585399270057678,0.9715740560309757,0.055319461380601696,0.0,1.0,1.0
2015-06-11,0.5250788331031799,0.5253019655955472,0.5002734881839859,0.26666682476129466,0.09241546595958704,8780.49640661478,9000.0,490,0.488085834242001,0.14680972373666834,1.0,0.488085834242001,16722,2,2,2,1.0501576662063599,0.9714002263175757,0.0021238497757599503,0.0,1.0,1.0
2015-06-12,0.5108026266098022,0.5239210761683334,0.4987252498722317,0.2803890699977721,0.0869642995594394,8779.446248948574,9000.0,492,0.5434492474314353,0.23908207905239215,1.0,0.5434492474314353,17187,3,3,3,1.5324078798294067,0.9713589811694644,0.12519490201150302,0.0,1.0,1.0
2015-06-15,0.5098345875740051,0.5225795058260164,0.4971103797241615,0.2804568910552408,0.08791811527546704,8777.913841068745,9000.0,495,0.5419402304528291,0.23656705075471518,1.0,0.5419402304528291,17217,3,3,3,1.5295037627220154,0.971258127179569,0.12194238493782886,0.0,1.0,1.0
2015-06-16,0.5161260962486267,0.5219648953900745,0.4967351461338815,0.28387411973158605,0.08996604696431416,8776.384337306023,9000.0,498,0.512172004399304,0.18695334066550662,1.0,0.512172004399304,17004,3,3,3,1.5483782887458801,0.9711179424550825,0.05593095621003741,0.0,1.0,1.0
2015-06-17,0.5221753716468811,0.5219849407478656,0.49747788727372505,0.28535684475311457,0.09049268084828278,8774.835959017277,9000.0,501,0.336924277234266,0.0,0.0,0.0,16804,0,0,0,0.0,0.9709428382983688,0.0,0.0,0.0,1.0
2015-06-18,0.5308861136436462,0.5228326714998447,0.4989028094991461,0.2903559889283121,0.09788722473429012,8774.835959017277,9000.0,501,0.3369030415789289,0.0,0.0,0.0,16528,0,0,0,0.0,0.9708956479531753,0.0,0.0,0.0,1.0
2015-06-19,0.5291923880577087,0.5234383587910698,0.5009825114961013,0.28900122693930397,0.09912318342523183,8774.835959017277,9000.0,501,0.33688786911228374,0.0,0.0,0.0,16581,0,0,0,0.0,0.9708619313606305,0.0,0.0,0.0,1.0
2015-06-22,0.5270147919654846,0.5237789714743475,0.5033903066920642,0.28963487402565113,0.10153971441939867,8774.835959017277,9000.0,501,0.3368793367645676,0.0,0.0,0.0,16650,0,0,0,0.0,0.970842970587928,0.0,0.0,0.0,1.0
2015-06-23,0.5134642720222473,0.5227966191455761,0.5048357263718688,0.3051017288615729,0.09407823636188695,8774.835959017277,9000.0,501,0.5270682844327051,0.21178047405450856,1.0,0.5270682844327051,17089,3,3,3,1.540392816066742,0.970897654867563,0.0892540883162263,0.0,1.0,1.0
2015-06-24,0.5083827972412109,0.5214238742023032,0.5017646366143089,0.2365371494555633,0.09213059357701475,8773.29556620121,9000.0,504,0.5431337656160147,0.2385562760266911,1.0,0.5431337656160147,17257,3,3,3,1.5251483917236328,0.970800263044671,0.12505254943536148,0.0,1.0,1.0
2015-06-25,0.5122542977333069,0.5205505812052559,0.5006660810399731,0.2321520855993598,0.09255750563128272,8771.770417809486,9000.0,507,0.5226634548694272,0.20443909144904535,1.0,0.5226634548694272,17123,3,3,3,1.5367628931999207,0.9706756505921039,0.07968758245106758,0.0,1.0,1.0
2015-06-26,0.5018495321273804,0.5187695289121249,0.4972444625065895,0.2407847720461924,0.08990195598151757,8770.233654916286,9000.0,510,0.5601565522089578,0.2669275870149296,1.0,0.5601565522089578,17475,3,3,3,1.5055485963821411,0.9706030600283129,0.16307816710270429,0.0,1.0,1.0
2015-06-29,0.48684731125831604,0.5157293177070003,0.49070898727023643,0.2521782392445585,0.11565606360470156,8768.728106319904,9000.0,513,0.831075357310248,0.7184589288504133,1.0,0.8310753573102481,18011,4,4,4,1.9473892450332642,0.970603428890701,0.28001129136014,1.0,1.0,0.8170126680263048
2015-06-30,0.48660528659820557,0.5129556004585436,0.4844401560294241,0.24670652619808,0.11649597452764644,8766.780717074871,9000.0,517,0.6258445065237482,0.3764075108729137,1.0,0.6258445065237482,18016,3,3,3,1.4598158597946167,0.9705335505069925,0.2568479010345422,0.0,1.0,0.7647714666994241
2015-07-01,0.4936225712299347,0.5111143595796285,0.4808991066834042,0.25387823913098684,0.11947159186780806,9265.320901215076,9500.0,520,0.5873277461953998,0.3122129103256664,1.0,0.5873277461953998,18770,3,3,3,1.480867713689804,0.9720232140019571,0.17111423326161382,0.0,1.0,0.7708410507320711
2015-07-02,0.4941062331199646,0.5094945380120415,0.4790603235218857,0.24219081411272717,0.11588555073223342,9263.840033501387,9500.0,523,0.5811753907908426,0.30195898465140425,1.0,0.5811753907908426,18748,3,3,3,1.4823186993598938,0.9719509849073371,0.15101540589737575,0.0,1.0,0.7415948507127823
2015-07-06,0.48805707693099976,0.5074528750519423,0.4772032791071733,0.239957148254117,0.11648282966078405,9262.357714802027,9500.0,526,0.6016871509242443,0.33614525154040714,1.0,0.6016871509242443,18978,3,3,3,1.4641712307929993,0.9719031355497556,0.19110935295181022,0.0,1.0,0.7166846890146039
2015-07-07,0.4788622260093689,0.5047299560955067,0.47200951983674505,0.23629092492428513,0.1165427037170807,9260.893543571234,9500.0,529,0.6337076982111024,0.3895128303518373,1.0,0.6337076982111024,19339,3,3,3,1.4365866780281067,0.9718945108658397,0.25625316838974255,0.0,1.0,0.6895875745390969
2015-07-08,0.4754745662212372,0.5019437284884335,0.4673397292262245,0.23362039706344562,0.13076217727363365,9259.456956893206,9500.0,532,0.6571172277448227,0.42852871290803785,1.0,0.6571172277448227,19474,3,3,3,1.4264236986637115,0.9718911512046478,0.2636666299916351,0.0,1.0,0.4888377379350446
2015-07-09,0.4696672260761261,0.4988697758777375,0.4611683192911102,0.23041752783015873,0.12238399416692845,9258.030533194542,9500.0,535,0.6621715903686587,0.4369526506144311,1.0,0.6621715903686587,19711,3,3,3,1.4090016782283783,0.9719057547268853,0.29268710206216564,0.0,1.0,0.568951951864143
2015-07-10,0.4778943359851837,0.4968721149355895,0.4588168802454091,0.2376948054833754,0.13129639394287992,9256.621531516314,9500.0,538,0.6224112078786633,0.37068534646443885,1.0,0.6224112078786633,19369,3,3,3,1.4336830079555511,0.9718613475962793,0.19097246937339135,0.0,1.0,0.508640097576885
2015-07-13,0.48104000091552734,0.49536429455272646,0.45649603855048093,0.22499845506502794,0.1354659215504524,9255.187848508358,9500.0,541,0.6139579370942415,0.35659656182373584,1.0,0.6139579370942415,19239,3,3,3,1.443120002746582,0.9717903070154711,0.14458342874846059,0.0,1.0,0.38410243999527705
2015-07-14,0.48128190636634827,0.49402311472545235,0.45455696187365074,0.22530148173250614,0.13504115946537326,9253.744728505611,9500.0,544,0.6062663088034211,0.34377718133903523,1.0,0.6062663088034211,19227,3,3,3,1.4438457190990448,0.9717106763778267,0.12895356491755314,0.0,1.0,0.39032599779499755
2015-07-15,0.4778943359851837,0.4924870405597125,0.4528633086556958,0.21844750960830844,0.13376131859832735,9252.300882786512,9500.0,547,0.6178154836381696,0.363025806063616,1.0,0.6178154836381696,19360,3,3,3,1.4336830079555511,0.9716431146119828,0.1481531834618849,0.0,1.0,0.3609285049507085
2015-07-16,0.4885411858558655,0.49211124487363184,0.4541990131257603,0.23120719710002866,0.13645577528079425,9250.867199778557,9500.0,550,0.5623041239747809,0.2705068732913015,1.0,0.5623041239747809,18935,3,3,3,1.4656235575675964,0.9715093489810003,0.03627288600855997,0.0,1.0,0.4119788177052115
2015-07-17,0.48563745617866516,0.4914946935693493,0.4573491216389145,0.21900015150474553,0.13200172641593905,9249.40157622099,9500.0,553,0.5756832481551342,0.2928054135918903,1.0,0.5756832481551342,19045,3,3,3,1.4569123685359955,0.9713898352059105,0.05958596773596359,0.0,1.0,0.3825586316870926
2015-07-20,0.4766845703125,0.49008420564012556,0.4598415352942929,0.22454177602317574,0.13041860563627913,9247.944663852453,9500.0,556,0.6051360555006527,0.3418934258344212,1.0,0.6051360555006527,19400,3,3,3,1.4300537109375,0.9713171770172726,0.13670747979037162,0.0,1.0,0.43475040062787085
2015-07-21,0.4788622260093689,0.4890154456752916,0.4638531721622209,0.2271554274799806,0.1296669368105054,9246.514610141516,9500.0,559,0.5877807041344397,0.3129678402240662,1.0,0.5877807041344397,19309,3,3,3,1.4365866780281067,0.9712253016702644,0.10381287294414498,0.0,1.0,0.45986474442044556
2015-07-22,0.4696672260761261,0.4871727580944187,0.4638392171142,0.22023153820111294,0.12989756591315996,9245.078023463488,9500.0,562,0.6265945932808399,0.37765765546806646,1.0,0.6265945932808399,19684,3,3,3,1.4090016782283783,0.9711798852579934,0.1796645207212083,0.0,1.0,0.41285389409800866
2015-07-23,0.4754745662212372,0.4860586445826871,0.4649347811940988,0.22687982671716428,0.1288052463643099,9243.66902178526,9500.0,565,0.5892011872548116,0.3153353120913527,1.0,0.5892011872548116,19440,3,3,3,1.4264236986637115,0.9710923016642928,0.10887655717487588,0.0,1.0,0.4678479922281429
2015-07-24,0.46990928053855896,0.4845206099118177,0.4671606790895087,0.22497273714176372,0.1338972475851665,9242.242598086596,9500.0,568,0.6147996459596828,0.3579994099328047,1.0,0.6147996459596828,19668,3,3,3,1.4097278416156769,0.9710307677442197,0.1507812988173817,0.0,1.0,0.40015783993037823
2015-07-27,0.46724751591682434,0.48287555334086596,0.4670590501429345,0.21693201318382072,0.13519257768513823,9240.83287024498,9500.0,571,0.6260417646118558,0.376736274353093,1.0,0.6260417646118558,19777,3,3,3,1.401742547750473,0.9709766377939332,0.16182261988535224,0.0,1.0,0.33717901343822665
2015-07-28,0.47741034626960754,0.48235505742931756,0.46681683153112075,0.21089268569178699,0.12037095831302155,9239.43112769723,9500.0,574,0.5639482717666298,0.2732471196110496,1.0,0.5639482717666298,19353,3,3,3,1.4322310388088226,0.9708555996879549,0.05125592738741619,0.0,1.0,0.46001915417287265
2015-07-29,0.483217716217041,0.4824372154091008,0.4671441451612304,0.21593781090250685,0.12240091416548164,9237.99889665842,9500.0,577,0.38979884371203594,0.0,0.0,0.0,19117,0,0,0,0.0,0.9706982870219946,0.0,0.0,0.0,0.4701538544786159
2015-07-30,0.4844275712966919,0.4826267731126809,0.468618992456326,0.20923002951052974,0.12048755726289244,9237.99889665842,9500.0,577,0.39209837281755966,0.0,0.0,0.0,19069,0,0,0,0.0,0.9706867738856825,0.0,0.0,0.0,0.4471067543099745
2015-07-31,0.482733815908432,0.4826369676646572,0.4703864638563657,0.20931203026716552,0.1209220652339867,9237.99889665842,9500.0,577,0.39256157076724946,0.0,0.0,0.0,19136,0,0,0,0.0,0.9706861547007887,0.0,0.0,0.0,0.4424719884810546
2015-08-03,0.49096086621284485,0.48342971990734174,0.47064507709408193,0.21435262179484962,0.12043488322076872,9737.99889665842,10000.0,577,0.38912927010732884,0.0,0.0,0.0,19834,0,0,0,0.0,0.9721061051613464,0.0,0.0,0.0,0.48318477215277045
2015-08-04,0.49289649724960327,0.4843313177494619,0.4700440458600324,0.2021631216316069,0.11914950168687456,9737.99889665842,10000.0,577,0.3960311584784809,0.0,0.0,0.0,19756,0,0,0,0.0,0.972054082965856,0.0,0.0,0.0,0.4139317885615428
2015-08-05,0.4979780614376068,0.4856310076245233,0.4692382153890138,0.20177586990695118,0.10111156186569668,9737.99889665842,10000.0,577,0.37109253836645156,0.0,0.0,0.0,19555,0,0,0,0.0,0.971979090860065,0.0,0.0,0.0,0.6629805252057768
2015-08-06,0.494832307100296,0.4865073218603112,0.4697472066474597,0.1971474061302743,0.10598266970138369,9737.99889665842,10000.0,577,0.38235239422963035,0.0,0.0,0.0,19679,0,0,0,0.0,0.97192852752866,0.0,0.0,0.0,0.5501544315826665
2015-08-07,0.5560512542724609,0.4931305535186112,0.45603080901478,0.4719679029499072,0.0974305269239608,9737.99889665842,10000.0,577,0.33719586517788924,0.0,0.0,0.0,17512,0,0,0,0.0,0.9715463670619762,0.0,0.0,0.0,1.0
2015-08-10,0.5754089951515198,0.5009665955788882,0.4464247166444512,0.48139031078090216,0.10020204517119853,9737.99889665842,10000.0,577,0.3369924023457942,0.0,0.0,0.0,16923,0,0,0,0.0,0.9710942274350981,0.0,0.0,0.0,1.0
2015-08-11,0.5725052356719971,0.5077797993972795,0.44227693070812796,0.4831516006494094,0.10443277634401367,9737.99889665842,10000.0,577,0.3368154975086496,0.0,0.0,0.0,17009,0,0,0,0.0,0.970701105574777,0.0,0.0,0.0,1.0
2015-08-12,0.5739570260047913,0.5140823924075186,0.4402737988591091,0.4800874902463476,0.10456924009709692,9737.99889665842,10000.0,577,0.3366518506811388,0.0,0.0,0.0,16966,0,0,0,0.0,0.9703374459580861,0.0,0.0,0.0,1.0
2015-08-13,0.5691177248954773,0.5193238526444671,0.4395306532023975,0.48171172607783175,0.09963302819374978,9737.99889665842,10000.0,577,0.3365157561660864,0.0,0.0,0.0,17110,0,0,0,0.0,0.9700350137024143,0.0,0.0,0.0,1.0
2015-08-14,0.5696016550064087,0.5241122147741758,0.43963353186966037,0.47968907567124636,0.10089195079118506,9737.99889665842,10000.0,577,0.3363914263433885,0.0,0.0,0.0,17096,0,0,0,0.0,0.96975872520753,0.0,0.0,0.0,1.0
2015-08-17,0.5659721493721008,0.5280988752120734,0.4411748280048263,0.47259263047661565,0.10302499323731142,9737.99889665842,10000.0,577,0.3362879127051185,0.0,0.0,0.0,17205,0,0,0,0.0,0.9695286949002634,0.0,0.0,0.0,1.0
2015-08-18,0.5608206391334534,0.5312152336807763,0.4432295678416992,0.47677190821032117,0.1024136255945211,9737.99889665842,10000.0,577,0.33620699645747865,0.0,0.0,0.0,17363,0,0,0,0.0,0.9693488810166192,0.0,0.0,0.0,1.0
2015-08-19,0.5586338043212891,0.5338265261227298,0.4468219655643142,0.46806532707325404,0.10589952311750925,9737.99889665842,10000.0,577,0.33613919424922334,0.0,0.0,0.0,17431,0,0,0,0.0,0.9691982094427185,0.0,0.0,0.0,1.0
2015-08-20,0.5384653806686401,0.5342683217937689,0.4496690663357065,0.4944534819577101,0.12730442381440527,9737.99889665842,10000.0,577,0.3361277230246248,0.0,0.0,0.0,18084,0,0,0,0.0,0.9691727178324996,0.0,0.0,0.0,1.0
2015-08-21,0.5216993689537048,0.5330712786661438,0.4523767093234305,0.508641107235527,0.16420425586259738,9737.99889665842,10000.0,577,0.5341576326931854,0.22359605448864228,1.0,0.5341576326931854,18665,3,3,3,1.5650981068611145,0.9692417872209635,0.10666406320833734,0.0,1.0,1.0
2015-08-24,0.503231942653656,0.530229437141145,0.45361447985229286,0.528035621468834,0.20982457088755688,9736.43379855156,10000.0,580,0.6007234224921884,0.33453903748698055,1.0,0.6007234224921884,19347,3,3,3,1.509695827960968,0.9692466926458135,0.25458313511460484,0.0,1.0,1.0
2015-08-25,0.49278345704078674,0.5266631533220633,0.45192062412255124,0.530868087153664,0.2025034041610212,9734.924102723598,10000.0,583,0.6309231665174995,0.3848719441958324,1.0,0.6309231665174995,19754,3,3,3,1.4783503711223602,0.9692955381613237,0.32164483187756365,0.0,1.0,1.0
2015-08-26,0.5299608707427979,0.5269772216478475,0.45544287378936865,0.5909181565843764,0.25407965164402413,9733.445752352476,10000.0,586,0.34229360110028595,0.0,0.0,0.0,18366,0,0,0,0.0,0.9691191348114362,0.0,0.0,0.0,0.9381000956486034
2015-08-27,0.549886167049408,0.5291590259718056,0.4607928669792228,0.601781873828307,0.27310376340259995,9733.445752352476,10000.0,586,0.35242176878283415,0.0,0.0,0.0,17700,0,0,0,0.0,0.9689912810780522,0.0,0.0,0.0,0.8362430770228937
2015-08-28,0.5523161292076111,0.5313644643752157,0.46721890638253716,0.6006038730768527,0.273370169248453,9733.445752352476,10000.0,586,0.3529016558804482,0.0,0.0,0.0,17622,0,0,0,0.0,0.9688620423876123,0.0,0.0,0.0,0.8308626319397734
2015-08-31,0.546241283416748,0.532781304283933,0.47259229257836216,0.6028796954449084,0.2741259989521762,9733.445752352476,10000.0,586,0.35267726365754637,0.0,0.0,0.0,17818,0,0,0,0.0,0.9687790155689615,0.0,0.0,0.0,0.832732933484863
2015-09-01,0.5238860845565796,0.5319341405003755,0.47549318041832084,0.625525235360384,0.28991197653738865,10233.445752352476,10500.0,586,0.5408796925036747,0.23479948750612453,1.0,0.5408796925036747,19533,3,3,3,1.5716582536697388,0.9703130089206458,0.07564898857803423,0.0,1.0,0.7980320637073117
2015-09-02,0.5396806001663208,0.5326718985637988,0.4802438287855338,0.6322088984581771,0.2999038050496226,10231.874094098806,10500.0,589,0.3608839279274466,0.0,0.0,0.0,18959,0,0,0,0.0,0.9701196430234212,0.0,0.0,0.0,0.756699114330929
2015-09-03,0.5411385893821716,0.5334782500703105,0.48652889691130047,0.6309239005980407,0.2999183929289854,10231.874094098806,10500.0,589,0.36122915878104883,0.0,0.0,0.0,18908,0,0,0,0.0,0.9700744105436749,0.0,0.0,0.0,0.753043259636049
2015-09-04,0.528502881526947,0.533004405447133,0.48555102007641093,0.45633958925547485,0.3030321591623277,10231.874094098806,10500.0,589,0.580055351214059,0.3000922520234317,1.0,0.580055351214059,19360,3,3,3,1.585508644580841,0.9701009909706323,0.04222783033481401,0.0,1.0,0.25492618373391784
2015-09-08,0.55110102891922,0.5347278933968556,0.48927646428083177,0.4656526910065961,0.3148209086120882,10230.288585454226,10500.0,592,0.41317456889310733,0.021957614821845516,1.0,0.41317456889310733,18563,2,2,2,1.10220205783844,0.9698515321056249,0.0,0.0,0.0,0.23258620554423892
2015-09-09,0.5401665568351746,0.5352458613433622,0.4917335169783049,0.4699815333109114,0.3163717083831863,10229.186383396387,10500.0,594,0.41257951058287695,0.02096585097146155,1.0,0.41257951058287695,18937,2,2,2,1.0803331136703491,0.9697203769868612,0.0,0.0,0.0,0.23794659061210588
2015-09-10,0.5486710667610168,0.5365244523355198,0.49541363593886445,0.47417604151430703,0.3175199303943191,10228.106050282717,10500.0,596,0.4118477905709607,0.01974631761826782,1.0,0.4118477905709607,18641,2,2,2,1.0973421335220337,0.9695458501340981,0.0,0.0,0.0,0.24447841989383456
2015-09-11,0.5503720641136169,0.5378432725048624,0.4985605043659054,0.47381431020891174,0.3186203186633466,10227.008708149195,10500.0,598,0.41229240556171215,0.020487342602853547,1.0,0.41229240556171215,18581,2,2,2,1.1007441282272339,0.9693685450516278,0.0,0.0,0.0,0.23923439711520378
2015-09-14,0.5513440370559692,0.5391290596049678,0.5018827020877057,0.47387945375980406,0.3176392661876389,10225.907964020967,10500.0,600,0.41181340431291763,0.019689007188196016,1.0,0.41181340431291763,18547,2,2,2,1.1026880741119385,0.9691926251654304,0.0,0.0,0.0,0.24323277011526012
2015-09-15,0.5574187636375427,0.5408709361794988,0.5047120722612364,0.4753852980490105,0.32145370211636026,10224.805275946856,10500.0,602,0.41280712492770394,0.02134520821283986,1.0,0.41280712492770394,18343,2,2,2,1.1148375272750854,0.9689900663257087,0.0,0.0,0.0,0.23238404918864974
2015-09-16,0.5613064765930176,0.5428171781236434,0.5065968841344111,0.47488057209554696,0.32406371049401805,10223.69043841958,10500.0,604,0.4138327373524517,0.023054562254086107,1.0,0.4138327373524517,18214,2,2,2,1.1226129531860352,0.9687750880393637,0.0,0.0,0.0,0.2211605226526201
2015-09-17,0.5664094090461731,0.5450640572591223,0.5078193614648925,0.4755362146954777,0.3233012276309466,10222.567825466394,10500.0,606,0.4132708566818293,0.02211809446971543,1.0,0.4132708566818293,18048,2,2,2,1.1328188180923462,0.9685420172667593,0.0,0.0,0.0,0.22573051088212415
2015-09-18,0.5659235119819641,0.5470506719946311,0.5080205963259011,0.4549648668906331,0.31988979702209935,10221.435006648302,10500.0,608,0.41722417154489183,0.028706952574819682,1.0,0.41722417154489183,18061,2,2,2,1.1318470239639282,0.9683231610883108,0.0,0.0,0.0,0.1852125094484809
2015-09-21,0.5717552304267883,0.5494034870834079,0.5092098115852962,0.43731451276490396,0.29993735835205393,10220.303159624338,10500.0,610,0.41413539937111765,0.023558998951862718,1.0,0.41413539937111765,17875,2,2,2,1.1435104608535767,0.9680822736075353,0.0,0.0,0.0,0.21501623752273202
2015-09-22,0.5562037825584412,0.5500511342715063,0.514326338158341,0.42815445624159293,0.266147022225736,10219.159649163485,10500.0,612,0.4015134396731869,0.002522399455311501,1.0,0.4015134396731869,18373,2,2,2,1.1124075651168823,0.9679398767453179,0.0,0.0,0.0,0.3405950486220617
2015-09-23,0.5588766932487488,0.5508916636979104,0.5251637880909362,0.41693920460292305,0.2606604079083986,10218.047241598368,10500.0,614,0.40220789426278375,0.003679823771306212,1.0,0.40220789426278375,18283,2,2,2,1.1177533864974976,0.9677859541418555,0.0,0.0,0.0,0.33295785101051223
2015-09-24,0.5695681571960449,0.5526703773643995,0.5271977740482049,0.33318149560486515,0.22122653835140413,10216.92948821187,10500.0,616,0.40990410453578624,0.01650684089297703,1.0,0.40990410453578624,17938,2,2,2,1.1391363143920898,0.9675766711946219,0.0,0.0,0.0,0.25505397501793614
2015-09-25,0.5736991167068481,0.5546731144446327,0.527365634620883,0.3089056646839287,0.20156244008528595,10215.790351897478,10500.0,618,0.4075961121025722,0.012660186837620269,1.0,0.4075961121025722,17806,2,2,2,1.1473982334136963,0.9673535252641159,0.0,0.0,0.0,0.2771297426627999
2015-09-28,0.5661666393280029,0.5557677358620966,0.5278095961448483,0.3135562887831025,0.218984616405086,10214.642953664064,10500.0,620,0.4159104192502497,0.026517365417082772,1.0,0.4159104192502497,18041,2,2,2,1.1323332786560059,0.9671832384538571,0.0,0.0,0.0,0.19322038053986046
2015-09-29,0.576129138469696,0.5577069170628204,0.528211922909137,0.31495527310414173,0.21831507513959877,10213.510620385408,10500.0,622,0.4149111371383958,0.024851895230659598,1.0,0.4149111371383958,17727,2,2,2,1.152258276939392,0.9669625045320882,0.0,0.0,0.0,0.2022198990104389
2015-09-30,0.5989701747894287,0.5616367511320212,0.5297543367353681,0.29567451363798836,0.2052915353753654,10212.358362108469,10500.0,624,0.41495802330808224,0.02493003884680369,1.0,0.41495802330808224,17049,2,2,2,1.1979403495788574,0.9666227302184399,0.0,0.0,0.0,0.20022205290215767
2015-10-01,0.5873064398765564,0.5640814833934055,0.5310764173042144,0.29635173067093534,0.1941276964615526,10711.16042175889,11000.0,626,0.40833926933300724,0.013898782221678693,1.0,0.40833926933300724,18237,2,2,2,1.1746128797531128,0.9678986355814299,0.0,0.0,0.0,0.27215116678636186
2015-10-02,0.6026148796081543,0.5677513306519529,0.5312854457211362,0.30602048327469455,0.20117544631389703,10709.985808879137,11000.0,628,0.4086504360192158,0.014417393365359632,1.0,0.4086504360192158,17772,2,2,2,1.2052297592163086,0.9675865603955067,0.0,0.0,0.0,0.267635161587622
2015-10-05,0.6176802515983582,0.572506465980182,0.5327230810058597,0.29327838210119295,0.20240720005736998,10708.78057911992,11000.0,630,0.41449892032648583,0.024164867210809682,1.0,0.41449892032648583,17337,2,2,2,1.2353605031967163,0.9672109933120441,0.0,0.0,0.0,0.2074602666393397
2015-10-06,0.6256989240646362,0.5775724143691776,0.5312415638038607,0.26404438421076676,0.18327747304837877,10707.545218616724,11000.0,632,0.4150103727297065,0.025017287882844096,1.0,0.4150103727297065,17112,2,2,2,1.2513978481292725,0.9668158394653346,0.0,0.0,0.0,0.20056755029694062
2015-10-07,0.6322598457336426,0.5827807411657934,0.5318275590068549,0.24519067152867413,0.17712871835071298,10706.293820768595,11000.0,634,0.4195305057151771,0.032550842858628436,1.0,0.4195305057151771,16933,2,2,2,1.2645196914672852,0.9664106372818988,0.0,0.0,0.0,0.15354281061677422
2015-10-08,0.6359046101570129,0.5878401572601952,0.5323367269859952,0.24357189576333016,0.17858963534845865,10705.029301077127,11000.0,636,0.421050171280028,0.03508361880004659,1.0,0.421050171280028,16834,2,2,2,1.2718092203140259,0.9660121509075015,0.0,0.0,0.0,0.1365529662834768
2015-10-09,0.633474588394165,0.5921862935586685,0.5340456264778662,0.24645830939318863,0.1782829362522463,10703.757491856813,11000.0,638,0.4193439478727196,0.03223991312119932,1.0,0.4193439478727196,16896,2,2,2,1.26694917678833,0.9656531949735973,0.0,0.0,0.0,0.15199989865399188
2015-10-12,0.6402782797813416,0.5967664827227326,0.5360572824140094,0.24590650495802074,0.17709900016321062,10702.490542680025,11000.0,640,0.41866509731690316,0.03110849552817189,1.0,0.41866509731690316,16715,2,2,2,1.280556559562683,0.9652790410052229,0.0,0.0,0.0,0.15710471135447146
2015-10-13,0.6414934992790222,0.6010261985852364,0.5381762535841023,0.24636492330551382,0.17441276786229767,10701.209986120462,11000.0,642,0.41650324176407527,0.027505402940125417,1.0,0.41650324176407527,16681,2,2,2,1.2829869985580444,0.9649219255007526,0.0,0.0,0.0,0.17711624711263396
2015-10-14,0.6648203134536743,0.6071018285727067,0.5388050414162907,0.2672667489453399,0.1727416271498345,10699.926999121904,11000.0,644,0.4050718572136612,0.00845309535610193,1.0,0.4050718572136612,16094,2,2,2,1.3296406269073486,0.9644569474908342,0.0,0.0,0.0,0.2893376915721422
2015-10-15,0.6665213108062744,0.6127608268806655,0.5400688152650607,0.268122528020794,0.18017728014527123,10698.597358494997,11000.0,646,0.40979773735832664,0.0163295622638777,1.0,0.40979773735832664,16051,2,2,2,1.3330426216125488,0.96401422780319,0.0,0.0,0.0,0.24008665153108888
2015-10-16,0.6769700050354004,0.6188759867049258,0.5416906479192818,0.26704920670965976,0.16880539442378084,10697.264315873384,11000.0,648,0.4017612846338861,0.0029354743898101407,1.0,0.4017612846338861,15801,2,2,2,1.3539400100708008,0.9635425782377461,0.0,0.0,0.0,0.31832875573099684
2015-10-19,0.6757549047470093,0.6242930265184576,0.5439565482113854,0.2697844295722147,0.16860664230077274,10695.910375863314,11000.0,650,0.40005932600870836,9.88766811805634e-05,1.0,0.40005932600870836,15828,2,2,2,1.3515098094940186,0.9631099575239094,0.0,0.0,0.0,0.3334015487705091
2015-10-20,0.6747829914093018,0.6291015946033,0.5495428407975784,0.23818390587225452,0.16082848899168417,10694.55886605382,11000.0,652,0.40980507725363824,0.016341795422730364,1.0,0.40980507725363824,15848,2,2,2,1.3495659828186035,0.9627114327562407,0.0,0.0,0.0,0.23415067486670083
2015-10-21,0.6660352349281311,0.6326190841580457,0.5562938433227742,0.2511403063542145,0.16272029311373826,10693.209300071001,11000.0,654,0.4044590209150237,0.007431701525039506,1.0,0.4044590209150237,16055,2,2,2,1.3320704698562622,0.9623879199055125,0.0,0.0,0.0,0.28615543042456926
2015-10-22,0.6900911927223206,0.6380926183070242,0.5615979785298086,0.26703098903875366,0.16919749316416477,10691.877229601145,11000.0,656,0.4013575213472667,0.0022625355787778134,1.0,0.4013575213472667,15493,2,2,2,1.3801823854446411,0.9619464765809629,0.0,0.0,0.0,0.315183931141666
2015-10-23,0.6947080492973328,0.643484564115625,0.567375305818402,0.26710895910030275,0.17091640231780303,10690.4970472157,11000.0,658,0.40244483940845177,0.004074732347419582,1.0,0.40244483940845177,15388,2,2,2,1.3894160985946655,0.9615079233465381,0.0,0.0,0.0,0.30233726097490377
2015-10-26,0.6915492415428162,0.6480621524420241,0.576478073250474,0.2589725866332656,0.13359759233020965,10689.107631117105,11000.0,660,0.37096461368372474,0.0,0.0,0.0,15456,0,0,0,0.0,0.9611162708534785,0.0,0.0,0.0,0.6153770820034059
2015-10-27,0.6910631656646729,0.6521574870346574,0.5854477315090504,0.2601629696996815,0.13561486046480706,10689.107631117105,11000.0,660,0.3725254367344058,0.0,0.0,0.0,15467,0,0,0,0.0,0.9608705507779206,0.0,0.0,0.0,0.5986631111565848
2015-10-28,0.6966522932052612,0.6563950876223339,0.5912542955149964,0.23409141843747833,0.1276028174106482,10689.107631117105,11000.0,660,0.3793996877751163,0.0,0.0,0.0,15343,0,0,0,0.0,0.96061629474266,0.0,0.0,0.0,0.5287764485908071
2015-10-29,0.6725961565971375,0.6579380465723151,0.6008674550538318,0.2617315881127797,0.1284731063302806,10689.107631117105,11000.0,660,0.3624650001163792,0.0,0.0,0.0,15892,0,0,0,0.0,0.9605237172056611,0.0,0.0,0.0,0.6977067262616825
2015-10-30,0.6893624663352966,0.6609308484545039,0.6091370203064596,0.26065736845048654,0.1263570060312941,10689.107631117105,11000.0,660,0.3602495010727341,0.0,0.0,0.0,15505,0,0,0,0.0,0.9603441490927298,0.0,0.0,0.0,0.7190536601899427
2015-11-02,0.6973811388015747,0.6644023046780344,0.6153870002941729,0.2525205327702384,0.11797697350294324,11189.107631117105,11500.0,660,0.35447257192416426,0.0,0.0,0.0,16044,0,0,0,0.0,0.9618690851228259,0.0,0.0,0.0,0.7836851638110736
2015-11-03,0.6925211548805237,0.6670802904116049,0.6211560816456556,0.2553351673302724,0.11548027156610906,11189.107631117105,11500.0,660,0.34851594638880523,0.0,0.0,0.0,16157,0,0,0,0.0,0.9617153920285514,0.0,0.0,0.0,0.8425598002404286
2015-11-04,0.6811006665229797,0.668415564326974,0.6261650678486731,0.2656869033803663,0.11637067112164207,11189.107631117105,11500.0,660,0.3424783747881862,0.0,0.0,0.0,16427,0,0,0,0.0,0.9616387589168867,0.0,0.0,0.0,0.9025906672441277
2015-11-05,0.6733249425888062,0.6688831241614341,0.630537345435897,0.2709996545799375,0.11469798745729651,11189.107631117105,11500.0,660,0.3358317236806204,0.0,0.0,0.0,16617,0,0,0,0.0,0.9616119250481264,0.0,0.0,0.0,0.9689364259103652
2015-11-06,0.7666330933570862,0.6781926450372106,0.6266265866459066,0.55060807483573,0.11493523033655319,11189.107631117105,11500.0,660,0.3324849377759955,0.0,0.0,0.0,14595,0,0,0,0.0,0.9610776395022123,0.0,0.0,0.0,1.0
2015-11-09,0.7632312774658203,0.6862915624113639,0.6270192778046403,0.5530121067993934,0.1224657176697669,11189.107631117105,11500.0,660,0.3322757744316369,0.0,0.0,0.0,14660,0,0,0,0.0,0.9606128320703043,0.0,0.0,0.0,1.0
2015-11-10,0.7486520409584045,0.6922306556063201,0.6314311839869082,0.5617266041937596,0.11843861003006705,11189.107631117105,11500.0,660,0.33212239089434115,0.0,0.0,0.0,14945,0,0,0,0.0,0.9602719797652025,0.0,0.0,0.0,1.0
2015-11-11,0.7413623332977295,0.696909863005502,0.634156606039685,0.5549879463208336,0.1174432255544397,11189.107631117105,11500.0,660,0.3320015452771623,0.0,0.0,0.0,15092,0,0,0,0.0,0.9600034339492495,0.0,0.0,0.0,1.0
2015-11-12,0.7386893630027771,0.7008888630052424,0.6373449001905065,0.5559264367938602,0.12021337958240867,11189.107631117105,11500.0,660,0.33189878327716893,0.0,0.0,0.0,15147,0,0,0,0.0,0.9597750739492643,0.0,0.0,0.0,1.0
2015-11-13,0.7241098880767822,0.7031003892025319,0.6398321538774827,0.5616787451400551,0.12615006426199626,11189.107631117105,11500.0,660,0.3318416682092912,0.0,0.0,0.0,15452,0,0,0,0.0,0.9596481515762025,0.0,0.0,0.0,1.0
2015-11-16,0.7386893630027771,0.7064898152787458,0.6427690401829469,0.5641038908846385,0.13711839669610612,11189.107631117105,11500.0,660,0.33175413259671416,0.0,0.0,0.0,15147,0,0,0,0.0,0.9594536279926981,0.0,0.0,0.0,1.0
2015-11-17,0.7386893630027771,0.7095564388715107,0.6461506781492136,0.5639084126168525,0.1371034134905987,11189.107631117105,11500.0,660,0.33167493370914447,0.0,0.0,0.0,15147,0,0,0,0.0,0.9592776304647654,0.0,0.0,0.0,1.0
2015-11-18,0.7568609118461609,0.7140616267738582,0.6508505833249945,0.5637161764483575,0.14556620316830954,11189.107631117105,11500.0,660,0.331558582334623,0.0,0.0,0.0,14783,0,0,0,0.0,0.9590190718547177,0.0,0.0,0.0,1.0
2015-11-19,0.7590561509132385,0.7183468195490372,0.6532157548829798,0.553172051708669,0.13450517446282925,11189.107631117105,11500.0,660,0.3314479125733857,0.0,0.0,0.0,14740,0,0,0,0.0,0.9587731390519683,0.0,0.0,0.0,1.0
2015-11-20,0.7656415700912476,0.7228510815054383,0.6553356091730226,0.5532824739731532,0.12952059908731442,11189.107631117105,11500.0,660,0.3313315851124248,0.0,0.0,0.0,14614,0,0,0,0.0,0.9585146335831661,0.0,0.0,0.0,1.0
2015-11-23,0.7541778087615967,0.7258345793393581,0.6583309264974561,0.5569969317170929,0.1293844547045044,11189.107631117105,11500.0,660,0.3312545330379313,0.0,0.0,0.0,14836,0,0,0,0.0,0.9583434067509585,0.0,0.0,0.0,1.0
2015-11-24,0.7602754235267639,0.7291146597381586,0.6617299980774661,0.5566996465029739,0.12893362309210193,11189.107631117105,11500.0,660,0.33116982139632756,0.0,0.0,0.0,14717,0,0,0,0.0,0.9581551586585056,0.0,0.0,0.0,1.0
2015-11-25,0.7592996954917908,0.7319894250480283,0.664906968816332,0.5570778710649418,0.12189101051623297,11189.107631117105,11500.0,660,0.3310955774574552,0.0,0.0,0.0,14736,0,0,0,0.0,0.9579901721276783,0.0,0.0,0.0,1.0
2015-11-27,0.7656415700912476,0.7351943912426206,0.6724232522859606,0.5373036780501472,0.12189706268192682,11189.107631117105,11500.0,660,0.331012805721821,0.0,0.0,0.0,14614,0,0,0,0.0,0.95780623493738,0.0,0.0,0.0,1.0
2015-11-30,0.7736907601356506,0.7388607120895758,0.6779022475797806,0.5333487226104822,0.12180930149938143,11189.107631117105,11500.0,660,0.330918119000817,0.0,0.0,0.0,14461,0,0,0,0.0,0.9575958200018156,0.0,0.0,0.0,1.0
2015-12-01,0.7988137602806091,0.7445705262030076,0.6816774596780186,0.5411914571413624,0.12033824809292366,11689.107631117105,12000.0,660,0.3315718794764756,0.0,0.0,0.0,14633,0,0,0,0.0,0.9590486210588346,0.0,0.0,0.0,1.0
2015-12-02,0.7927159667015076,0.7491558062504838,0.6879314241942436,0.5414294276002847,0.1259321110898107,11689.107631117105,12000.0,660,0.3314583937953005,0.0,0.0,0.0,14745,0,0,0,0.0,0.9587964306562234,0.0,0.0,0.0,1.0
2015-12-03,0.7910085320472717,0.7531417801358923,0.698603712780736,0.535434137783875,0.13474274375946932,11689.107631117105,12000.0,660,0.33135974094163667,0.0,0.0,0.0,14777,0,0,0,0.0,0.958577202092526,0.0,0.0,0.0,1.0
2015-12-04,0.823204755783081,0.7598144444832436,0.7120696199345474,0.5422699302633444,0.1553201763309186,11689.107631117105,12000.0,660,0.3311945924990397,0.0,0.0,0.0,14199,0,0,0,0.0,0.9582102055534216,0.0,0.0,0.0,1.0
2015-12-07,0.8075947761535645,0.7643649522613695,0.7126211830787015,0.26838904227891447,0.15720942384816167,11689.107631117105,12000.0,660,0.3888147103182139,0.0,0.0,0.0,14473,0,0,0,0.0,0.9579599276256247,0.0,0.0,0.0,0.4226725711331718
2015-12-08,0.8185707330703735,0.7695274075765126,0.7125444383455751,0.2696206449516651,0.1550131778208267,11689.107631117105,12000.0,660,0.3860091836309073,0.0,0.0,0.0,14279,0,0,0,0.0,0.9576759925832918,0.0,0.0,0.0,0.4494501303157403
2015-12-09,0.7978381514549255,0.7722236688982662,0.7144864264524494,0.27738019128146235,0.1570310163755762,11689.107631117105,12000.0,660,0.3836871436871497,0.0,0.0,0.0,14650,0,0,0,0.0,0.9575276982105954,0.0,0.0,0.0,0.4720032050761822
2015-12-10,0.8044236898422241,0.7752903375595955,0.7173190463789937,0.2734625067001948,0.15710218979718593,11689.107631117105,12000.0,660,0.38575602892698246,0.0,0.0,0.0,14531,0,0,0,0.0,0.9573590314342223,0.0,0.0,0.0,0.4505553521841761
2015-12-11,0.7924720644950867,0.7769266925058328,0.7207837635679422,0.2805631695348131,0.1643051104987683,11689.107631117105,12000.0,660,0.3884732133872064,0.0,0.0,0.0,14750,0,0,0,0.0,0.9572690319121792,0.0,0.0,0.0,0.4229785097327423
2015-12-14,0.7944232225418091,0.7785930286997353,0.7275981746708402,0.2667263801164219,0.1605931074624003,11689.107631117105,12000.0,660,0.39232289652488217,0.0,0.0,0.0,14713,0,0,0,0.0,0.9571773834215146,0.0,0.0,0.0,0.3840692601479936
2015-12-15,0.8041799068450928,0.7810298742373883,0.7327736048268753,0.26214697487087024,0.15598084763067052,11689.107631117105,12000.0,660,0.39061653891083675,0.0,0.0,0.0,14535,0,0,0,0.0,0.9570433569169436,0.0,0.0,0.0,0.400529717017879
2015-12-16,0.8090580105781555,0.7836992205555567,0.7388857556170233,0.2616851120594957,0.16436241002116886,11689.107631117105,12000.0,660,0.39792655868938986,0.0,0.0,0.0,14447,0,0,0,0.0,0.9568965428694444,0.0,0.0,0.0,0.32676885601860084
2015-12-17,0.7968624234199524,0.7849528589235943,0.7421749007979084,0.2595315691186207,0.16248537978648397,11689.107631117105,12000.0,660,0.3974673288358545,0.0,0.0,0.0,14668,0,0,0,0.0,0.9568275927592023,0.0,0.0,0.0,0.33105087905786523
2015-12-18,0.783935010433197,0.784855920972128,0.7442866925061292,0.2680766681478388,0.17313759409965115,11689.107631117105,12000.0,660,0.5541861318820667,0.2569768864701111,1.0,0.5541861318820667,14910,3,3,3,2.351805031299591,0.956832924346533,0.0058667490065584665,0.0,1.0,0.2902872112682455
2015-12-21,0.8024725914001465,0.7865336991081296,0.7472372954553922,0.2782808440903329,0.17539938954426876,11686.755826085806,12000.0,663,0.3982318580666264,0.0,0.0,0.0,14563,0,0,0,0.0,0.9565440131242758,0.0,0.0,0.0,0.32212947839297756
2015-12-22,0.8032041192054749,0.7881213581650197,0.7527121228442695,0.27066300880140465,0.17926006614177276,11686.755826085806,12000.0,663,0.404581153265836,0.007635255443059949,1.0,0.404581153265836,14550,2,2,2,1.6064082384109497,0.9564562949613826,0.0,0.0,0.0,0.25824179466786235
2015-12-23,0.8063749074935913,0.7898597914344074,0.7578512373816493,0.27008889628016997,0.18547547114266671,11685.149417847395,12000.0,665,0.40895308926866736,0.014921815447778894,1.0,0.40895308926866736,14490,2,2,2,1.6127498149871826,0.9562286032246766,0.0,0.0,0.0,0.21349782182437083
2015-12-24,0.8090580105781555,0.7916881932576216,0.764397855111039,0.2695954093197617,0.1855063535872801,11683.536668032408,12000.0,667,0.40909000343059165,0.01515000571765272,1.0,0.40909000343059165,14440,2,2,2,1.618116021156311,0.9559953312580972,0.0,0.0,0.0,0.2110789563555211
2015-12-28,0.8083263039588928,0.7932727752291713,0.7706093678495545,0.2693035460682934,0.18552943409821138,11681.918552011251,12000.0,669,0.4091370346272817,0.015228391045469433,1.0,0.4091370346272817,14451,2,2,2,1.6166526079177856,0.9557750427809737,0.0,0.0,0.0,0.20961734624156536
2015-12-29,0.8214976191520691,0.7959608556027806,0.7753987621757362,0.2722507905240807,0.1891597007125604,11680.301899403334,12000.0,671,0.410032949344183,0.016721582240304955,1.0,0.410032949344183,14218,2,2,2,1.6429952383041382,0.9554925221575445,0.0,0.0,0.0,0.1993868562671206
2015-12-30,0.8144239783287048,0.7977192482433448,0.7766945651611283,0.25183893739711377,0.1864282119293363,11678.65890416503,12000.0,673,0.4172956600114871,0.028826100019145134,1.0,0.4172956600114871,14339,2,2,2,1.6288479566574097,0.9552612454943524,0.0,0.0,0.0,0.12571900460971497
2015-12-31,0.8039360642433167,0.7983113259576279,0.7779761768811266,0.2549165611103154,0.1853698052455796,11677.030056208372,12000.0,675,0.4151945405497229,0.025324234249538096,1.0,0.4151945405497229,14524,2,2,2,1.6078721284866333,0.9550949879148835,0.0,0.0,0.0,0.14598204011974714
2016-01-04,0.7895452380180359,0.7974764604395714,0.7769253727765113,0.2633454786655537,0.18630044206883298,12175.422184079885,12500.0,677,0.5851450018288576,0.30857500304809604,1.0,0.5851450018288576,15420,3,3,3,2.3686357140541077,0.9568086749025928,0.04972700019987944,0.0,1.0,0.1779605196725489
2016-01-05,0.802228569984436,0.797929042300987,0.7793343023516824,0.2245485937457093,0.1689141012324527,12173.053548365831,12500.0,680,0.41968623125972826,0.032810385432880396,1.0,0.41968623125972826,15174,2,2,2,1.604457139968872,0.9565926600988263,0.0,0.0,0.0,0.10780465784743587
2016-01-06,0.7690563201904297,0.7951792592428387,0.771164529858637,0.25940120741587125,0.172780260844367,12171.449091225863,12500.0,682,0.829281613818794,0.7154693563646566,1.0,0.829281613818794,15826,4,4,4,3.0762252807617188,0.9566150196157107,0.16425817668636766,1.0,1.0,0.251113245171414
2016-01-07,0.738567054271698,0.7897876206741586,0.7539412472817688,0.28379243988360087,0.1886803646817225,12168.3728659451,12500.0,686,0.9010750761040252,0.8351251268400419,1.0,0.9010750761040252,16475,4,4,4,2.954268217086792,0.9566564553774022,0.32426797446343253,1.0,1.0,0.25340917324350465
2016-01-08,0.7227129340171814,0.783399555278256,0.7343485167943407,0.28043045290742896,0.19004251516910178,12165.418597728014,12500.0,690,0.931869958879419,0.8864499314656984,1.0,0.931869958879419,16832,4,4,4,2.8908517360687256,0.9567563445486402,0.3873286680608294,1.0,1.0,0.22968296794842247
2016-01-11,0.723932683467865,0.7777360436772665,0.7199173409154636,0.27733321572000275,0.189585437061196,12162.527745991945,12500.0,694,0.7143194721718269,0.5238657869530449,1.0,0.7143194721718269,16800,3,3,3,2.171798050403595,0.9568200948550382,0.3458973044055548,0.0,1.0,0.2190335749544008
2016-01-12,0.7361282110214233,0.7737733929481385,0.7112046006177325,0.2852747074952409,0.18313455470667242,12160.355947941542,12500.0,697,0.6602391262704065,0.4337318771173441,1.0,0.6602391262704065,16519,3,3,3,2.20838463306427,0.9568543956092118,0.24325714912013205,0.0,1.0,0.29811068857798273
2016-01-13,0.7136881351470947,0.7680509874432772,0.6975810568798422,0.29970849111665326,0.19874590386918628,12158.147563308477,12500.0,700,0.7142341834950087,0.5237236391583477,1.0,0.7142341834950087,17035,3,3,3,2.141064405441284,0.9569891447031765,0.3539013241630477,0.0,1.0,0.2566652749479228
2016-01-14,0.6992976665496826,0.7615030521200776,0.682579351098876,0.29676038760792944,0.20544311579733315,12156.006498903036,12500.0,703,0.7441509556057081,0.5735849260095135,1.0,0.7441509556057081,17383,3,3,3,2.097892999649048,0.9571730683487668,0.408438189428203,0.0,1.0,0.20374110393928357
2016-01-15,0.661247193813324,0.751954875138482,0.658960743520802,0.3369272321327432,0.20464172878087047,12153.908605903387,12500.0,706,0.8151018413852745,0.6918364023087908,1.0,0.8151018413852745,18380,4,4,4,2.644988775253296,0.9575295886521785,0.6031457759247394,0.0,1.0,0.3720207267433855
2016-01-19,0.6666132211685181,0.743827098569914,0.640941207493432,0.3421448429243797,0.2017389859186086,12151.263617128134,12500.0,710,0.7732202842891963,0.6220338071486605,1.0,0.7732202842891963,18228,4,4,4,2.6664528846740723,0.9577506208012289,0.5190310863226668,0.0,1.0,0.4133148391655681
2016-01-20,0.6702719926834106,0.736821850390247,0.6263396004223408,0.34445147018394284,0.19732138542079772,12148.59716424346,12500.0,714,0.7388113288573196,0.5646855480955326,1.0,0.7388113288573196,18124,3,3,3,2.010815978050232,0.9579127359057091,0.4516007340959632,0.0,1.0,0.4546973264343297
2016-01-21,0.6780768632888794,0.7312270897139262,0.6173034157737953,0.3324481053439144,0.19553272271690444,12146.58634826541,12500.0,717,0.702985078826022,0.5049751313767034,1.0,0.702985078826022,17913,3,3,3,2.034230589866638,0.9580568141340092,0.36343173805172146,0.0,1.0,0.4168476965755681
2016-01-22,0.6939315795898438,0.7276751363687755,0.613628413151929,0.34971327940350305,0.20913557198996946,12144.552117675543,12500.0,720,0.6461263433003596,0.4102105721672659,1.0,0.6461263433003596,17501,3,3,3,2.0817947387695312,0.9580859121451585,0.23185866255729087,0.0,1.0,0.39348715315742666
2016-01-25,0.6931995153427124,0.7243917438901029,0.6116415957011344,0.34807354409907776,0.20490900009384658,12142.470322936773,12500.0,723,0.6364741357142412,0.39412355952373523,1.0,0.6364741357142412,17516,3,3,3,2.079598546028137,0.9581011815333964,0.2152994481955513,0.0,1.0,0.41556147663785326
2016-01-26,0.700029194355011,0.7220715010772369,0.6127282702696465,0.35147013858535836,0.2153836013678434,12140.390724390745,12500.0,726,0.6138264258427079,0.35637737640451306,1.0,0.6138264258427079,17342,3,3,3,2.100087583065033,0.9580620872174341,0.15263243798807802,0.0,1.0,0.3598611049977263
2016-01-27,0.691736102104187,0.719182415460756,0.6138665344072196,0.3511095970684373,0.2166783698420347,12138.29063680768,12500.0,729,0.6319581522419085,0.3865969204031809,1.0,0.6319581522419085,17547,3,3,3,2.075208306312561,0.9580572815303287,0.19081607646778365,0.0,1.0,0.35034858857242024
2016-01-28,0.6841748952865601,0.7158483659203564,0.6181550846522194,0.3397313601356805,0.21273416750454832,12136.215428501368,12500.0,732,0.6476082682093581,0.41268044701559686,1.0,0.6476082682093581,17738,3,3,3,2.05252468585968,0.9580799196917039,0.22123030617716213,0.0,1.0,0.33081333431631665
2016-01-29,0.7144199013710022,0.7157123216775608,0.6280802001643196,0.388521276537038,0.23641121156815686,12134.162903815508,12500.0,735,0.5481741713741692,0.24695695229028203,1.0,0.5481741713741692,16984,3,3,3,2.1432597041130066,0.9579161154853594,0.009028909153955315,0.0,1.0,0.36951089713522367
2016-02-01,0.7146639227867126,0.7156124741641468,0.6379622360823041,0.38836045146215253,0.2353088718873588,12632.019644111395,13000.0,738,0.547165548473267,0.2452759141221117,1.0,0.547165548473267,17675,3,3,3,2.143991768360138,0.9593752303128353,0.006627549209102562,0.0,1.0,0.3753570231160501
2016-02-02,0.6844186782836914,0.7126416364612462,0.6429316154071387,0.4078212243321064,0.23808786953554498,12629.875652343035,13000.0,741,0.6280863135411936,0.3801438559019893,1.0,0.6280863135411936,18453,3,3,3,2.053256034851074,0.959379426721709,0.19801648355617513,0.0,1.0,0.4274184608385425
2016-02-03,0.6878333687782288,0.7102789443009588,0.6561104832496428,0.4014299091216169,0.2391011536595354,12627.822396308184,13000.0,744,0.612900622916598,0.3548343715276633,1.0,0.612900622916598,18358,3,3,3,2.0635001063346863,0.9593501896492375,0.15800535622536668,0.0,1.0,0.39909372726973946
2016-02-04,0.6880775094032288,0.7081645219297465,0.6638229066081986,0.38138469973334715,0.23614283116628623,12625.758896201849,13000.0,747,0.6109212306200471,0.35153538436674514,1.0,0.6109212306200471,18349,3,3,3,2.0642325282096863,0.9593077770860369,0.14182447654805364,0.0,1.0,0.34588283515293683
2016-02-05,0.6446609497070312,0.7021165626704403,0.655944879400661,0.41685761681420674,0.23038187616311973,12623.69466367364,13000.0,750,0.9151089918499528,0.858514986416588,1.0,0.9151089918499528,19581,4,4,4,2.578643798828125,0.9594932752305515,0.4091600741113523,1.0,1.0,0.5078501535390405
2016-02-08,0.6151474118232727,0.6938337863992814,0.63796955936322,0.43693186522651134,0.23244664892770744,12621.116019874811,13000.0,754,0.9804168258195947,0.9673613763659911,1.0,0.9804168258195947,20517,4,4,4,2.460589647293091,0.9597576403888417,0.5670405226614817,1.0,1.0,0.5664234755305084
2016-02-09,0.6217331886291504,0.686967062802126,0.6264124633115161,0.44064748125264036,0.23228681197104087,12618.655430227518,13000.0,758,0.9375502264907636,0.8959170441512726,1.0,0.9375502264907636,20295,4,4,4,2.4869327545166016,0.9599445358766145,0.4747962289988684,1.0,1.0,0.5808311770320385
2016-02-10,0.6202695369720459,0.6806149174849756,0.6193108630271573,0.43193044182649776,0.22962683382143856,12616.168497473001,13000.0,762,0.7247884299201346,0.541314049866891,1.0,0.7247884299201346,20339,3,3,3,1.8608086109161377,0.9601054948366499,0.4433151475427499,0.0,1.0,0.5675085915059535
2016-02-11,0.6170987486839294,0.6745657585515425,0.6102298447928923,0.4238585242494944,0.21702025515560033,12614.307688862085,13000.0,765,0.7110600923727536,0.5184334872879226,1.0,0.7110600923727536,20441,3,3,3,1.8512962460517883,0.9603043995929285,0.42595558060202177,0.0,1.0,0.6275689871497403
2016-02-12,0.6275870203971863,0.6700915930130324,0.6041083550423549,0.4289293501258106,0.22037347213468503,12612.456392616034,13000.0,768,0.6627077070382326,0.43784617839705425,1.0,0.6627077070382326,20096,3,3,3,1.8827610611915588,0.9604130505050762,0.3171549461225632,0.0,1.0,0.621978914442052
2016-02-16,0.6583198308944702,0.6689704728112646,0.6029041341430207,0.4280842568605053,0.21554991504469342,12610.573631554842,13000.0,771,0.5524675111184961,0.25411251853082684,1.0,0.5524675111184961,19155,3,3,3,1.9749594926834106,0.9603249050355781,0.07960472359890897,0.0,1.0,0.6550082176702308
2016-02-17,0.6746622920036316,0.6695125508295854,0.603399461229694,0.4362506167195294,0.22289863957307718,12608.598672062159,13000.0,774,0.368964681467669,0.0,0.0,0.0,18688,0,0,0,0.0,0.9601382527429154,0.0,0.0,0.0,0.6309753226664301
2016-02-18,0.7327134609222412,0.6755316851241241,0.6035333563323381,0.5308019419681764,0.21882827903185662,12608.598672062159,13000.0,774,0.3319009472362514,0.0,0.0,0.0,17208,0,0,0,0.0,0.9597798827472253,0.0,0.0,0.0,1.0
2016-02-19,0.7424702048301697,0.6819067822389856,0.6033314150671624,0.531112923493106,0.2184877896219332,12608.598672062159,13000.0,774,0.33173014367278164,0.0,0.0,0.0,16981,0,0,0,0.0,0.9594003192728481,0.0,0.0,0.0,1.0
2016-02-22,0.7688124775886536,0.6901835151294302,0.6014077258322256,0.538330558758148,0.2127011655496652,12608.598672062159,13000.0,774,0.3315083908984938,0.0,0.0,0.0,16400,0,0,0,0.0,0.9589075353299862,0.0,0.0,0.0,1.0
2016-02-23,0.7707639336585999,0.6978578407036369,0.600160274848792,0.5378853206370073,0.20965929986586176,12608.598672062159,13000.0,774,0.33130277800637875,0.0,0.0,0.0,16358,0,0,0,0.0,0.9584506177919527,0.0,0.0,0.0,1.0
2016-02-24,0.7761297821998596,0.7053123113223247,0.5992492056816026,0.5376984974964598,0.20450797849270116,12608.598672062159,13000.0,774,0.3311030555358796,0.0,0.0,0.0,16245,0,0,0,0.0,0.9580067900797323,0.0,0.0,0.0,1.0
2016-02-25,0.7778372168540955,0.7122194451824934,0.5985903649642728,0.5339123761177441,0.2029542498478263,12608.598672062159,13000.0,774,0.330917997480226,0.0,0.0,0.0,16209,0,0,0,0.0,0.9575955499560577,0.0,0.0,0.0,1.0
2016-02-26,0.7727149724960327,0.717980923974259,0.5987263552397385,0.5322600112042395,0.20288557125806767,12608.598672062159,13000.0,774,0.3307636341676743,0.0,0.0,0.0,16317,0,0,0,0.0,0.9572525203726095,0.0,0.0,0.0,1.0
2016-02-29,0.7676966786384583,0.7227157577518017,0.5993732366776191,0.5149351291340114,0.18573997156447655,12608.598672062159,13000.0,774,0.33063677704423444,0.0,0.0,0.0,16423,0,0,0,0.0,0.9569706156538542,0.0,0.0,0.0,1.0
2016-03-01,0.8017240762710571,0.7302403595155403,0.5985836062188125,0.533993280015937,0.20433425674291592,13108.598672062159,13500.0,774,0.3311597987244991,0.0,0.0,0.0,16350,0,0,0,0.0,0.9581328860544424,0.0,0.0,0.0,1.0
2016-03-02,0.8063750863075256,0.7374912858766818,0.5982864977340063,0.5022599539220666,0.19057562952540041,13108.598672062159,13500.0,774,0.33097272482438156,0.0,0.0,0.0,16256,0,0,0,0.0,0.9577171662764036,0.0,0.0,0.0,1.0
2016-03-03,0.7992758750915527,0.7433755324685742,0.5988558081408513,0.5059855330449877,0.19036068559029434,13108.598672062159,13500.0,774,0.33082091126231083,0.0,0.0,0.0,16400,0,0,0,0.0,0.9573798028051351,0.0,0.0,0.0,1.0
2016-03-04,0.7968279719352722,0.7484662409892122,0.5999570415674049,0.5068164358545608,0.19038929867063858,13108.598672062159,13500.0,774,0.3306895709824783,0.0,0.0,0.0,16450,0,0,0,0.0,0.9570879355166185,0.0,0.0,0.0,1.0
2016-03-07,0.7916871905326843,0.7525825218981144,0.6051490647836711,0.43668655699255343,0.17416680821306457,13108.598672062159,13500.0,774,0.33058337093502865,0.0,0.0,0.0,16557,0,0,0,0.0,0.9568519354111747,0.0,0.0,0.0,1.0
2016-03-08,0.777243971824646,0.7549312314149269,0.6157977199362539,0.39875971399840077,0.17058678370875555,13108.598672062159,13500.0,774,0.335724704624834,0.0,0.0,0.0,16865,0,0,0,0.0,0.9567172760655442,0.0,0.0,0.0,0.9479806960466093
2016-03-09,0.7767543196678162,0.757009620772345,0.6275301096428972,0.4012897023216727,0.1700114127558403,13108.598672062159,13500.0,774,0.3337717184486324,0.0,0.0,0.0,16876,0,0,0,0.0,0.9565981150757189,0.0,0.0,0.0,0.9669743333544112
2016-03-10,0.7755302786827087,0.7587734929542844,0.6422711616063219,0.40094303996504954,0.16991308266915947,13108.598672062159,13500.0,774,0.3337823995925192,0.0,0.0,0.0,16902,0,0,0,0.0,0.9564969864039543,0.0,0.0,0.0,0.9664124428926026
2016-03-11,0.7887495160102844,0.7616283522929511,0.6625520912984163,0.3964378354175991,0.1646406187748586,13108.598672062159,13500.0,774,0.33034998851084185,0.0,0.0,0.0,16619,0,0,0,0.0,0.9563333078018708,0.0,0.0,0.0,1.0
2016-03-14,0.7907078266143799,0.764397826037849,0.6863035940286518,0.39766458830564855,0.15681100848175775,13108.598672062159,13500.0,774,0.33027853608822355,0.0,0.0,0.0,16578,0,0,0,0.0,0.9561745246404967,0.0,0.0,0.0,1.0
2016-03-15,0.7867910861968994,0.7665305174815681,0.707353633660708,0.37651072147951803,0.15086801768694283,13108.598672062159,13500.0,774,0.33022351264897554,0.0,0.0,0.0,16660,0,0,0,0.0,0.9560522503310568,0.0,0.0,0.0,1.0
2016-03-16,0.8102918863296509,0.7706982668956712,0.7316979759100208,0.3796976970687185,0.14282248258407113,13108.598672062159,13500.0,774,0.33011598471409165,0.0,0.0,0.0,16177,0,0,0,0.0,0.9558132993646482,0.0,0.0,0.0,1.0
2016-03-17,0.8034374117851257,0.7738162806946669,0.7406990365718988,0.2544067291952842,0.14082372287249564,13108.598672062159,13500.0,774,0.3794887404996578,0.0,0.0,0.0,16315,0,0,0,0.0,0.9556345332401724,0.0,0.0,0.0,0.5054679945841976
2016-03-18,0.8276728987693787,0.778945482416068,0.7464568685132934,0.2685769004597666,0.14037840732086676,13108.598672062159,13500.0,774,0.37046694567282057,0.0,0.0,0.0,15837,0,0,0,0.0,0.9553404590081455,0.0,0.0,0.0,0.5943626088084488
2016-03-21,0.8301209807395935,0.7838193393992609,0.7477238924336149,0.2442680265473018,0.134276612929397,13108.598672062159,13500.0,774,0.3781824182816975,0.0,0.0,0.0,15791,0,0,0,0.0,0.9550610245411091,0.0,0.0,0.0,0.5159504276180158
2016-03-22,0.8286521434783936,0.7880891302639402,0.7497524461587032,0.245076477011034,0.12274955038955175,13108.598672062159,13500.0,774,0.36328754844738287,0.0,0.0,0.0,15819,0,0,0,0.0,0.9548162231982008,0.0,0.0,0.0,0.6637975199180752
2016-03-23,0.8428508043289185,0.7933045277939381,0.7503013583181505,0.24947167549543903,0.12731292540727848,13108.598672062159,13500.0,774,0.366239768610375,0.0,0.0,0.0,15552,0,0,0,0.0,0.9545172070731476,0.0,0.0,0.0,0.6329297457254142
2016-03-24,0.8440744876861572,0.7981397620693876,0.7515107772775904,0.24956722806723364,0.1235329234435385,13108.598672062159,13500.0,774,0.36105393575587974,0.0,0.0,0.0,15530,0,0,0,0.0,0.9542399869746885,0.0,0.0,0.0,0.6835405838273005
2016-03-28,0.8526426553726196,0.8033305138125526,0.7533161931992538,0.24702321434107505,0.12278732619479668,13108.598672062159,13500.0,774,0.3616242956884812,0.0,0.0,0.0,15374,0,0,0,0.0,0.953942383874747,0.0,0.0,0.0,0.6764977705515498
2016-03-29,0.8663516044616699,0.8093325224458019,0.7554780331674069,0.24602820523370622,0.11842879854489305,13108.598672062159,13500.0,774,0.355999585426409,0.0,0.0,0.0,15130,0,0,0,0.0,0.9535982687131074,0.0,0.0,0.0,0.7311963549448928
2016-03-30,0.8754090666770935,0.8156255266583058,0.7545279774914138,0.2017673945629326,0.08987961740320768,13108.598672062159,13500.0,774,0.34188497534173734,0.0,0.0,0.0,14974,0,0,0,0.0,0.9532374698049239,0.0,0.0,0.0,0.8707188607047835
2016-03-31,0.8722267150878906,0.821016116032552,0.7546788015834991,0.20372010162879503,0.09073970538963848,13108.598672062159,13500.0,774,0.341725760236978,0.0,0.0,0.0,15028,0,0,0,0.0,0.952928409347467,0.0,0.0,0.0,0.8709202396938218
2016-04-01,0.8849566578865051,0.8271056914472141,0.7547569969703125,0.20111404977652694,0.09197950951470399,13608.598672062159,14000.0,774,0.34721368653026713,0.0,0.0,0.0,15377,0,0,0,0.0,0.9542728710585612,0.0,0.0,0.0,0.8220910544608537
2016-04-04,0.876388430595398,0.831799285651803,0.7563965386600419,0.20602502350116922,0.09361686290638041,13608.598672062159,14000.0,774,0.3459122249850275,0.0,0.0,0.0,15528,0,0,0,0.0,0.9540133823503931,0.0,0.0,0.0,0.833937970726494
2016-04-05,0.8751643896102905,0.8359292955526114,0.7590923860677595,0.20310827808846801,0.10256279642126198,13608.598672062159,14000.0,774,0.36417569575598663,0.0,0.0,0.0,15549,0,0,0,0.0,0.9537850518030199,0.0,0.0,0.0,0.6502757755537227
2016-04-06,0.876388430595398,0.8397825465090673,0.764305934837064,0.18425631472496476,0.09676576475369085,13608.598672062159,14000.0,774,0.3704284294804822,0.0,0.0,0.0,15528,0,0,0,0.0,0.9535720220715701,0.0,0.0,0.0,0.586789804517243
2016-04-07,0.8673308491706848,0.8424061943816022,0.7706810829764972,0.19200432164652836,0.10825830162451969,13608.598672062159,14000.0,774,0.3812441403352021,0.0,0.0,0.0,15690,0,0,0,0.0,0.9534269718249029,0.0,0.0,0.0,0.47797996986004243
2016-04-08,0.872961163520813,0.8453161914424795,0.7786225868574137,0.19013241999548874,0.10828291233512156,13608.598672062159,14000.0,774,0.38264593036187594,0.0,0.0,0.0,15589,0,0,0,0.0,0.9532660905588229,0.0,0.0,0.0,0.46323810389594366
2016-04-11,0.878346860408783,0.8484619694392703,0.7853579020514853,0.18562000691693425,0.09358421760893076,13608.598672062159,14000.0,774,0.3636036305624221,0.0,0.0,0.0,15493,0,0,0,0.0,0.953092173975286,0.0,0.0,0.0,0.6528784772645655
2016-04-12,0.8773677349090576,0.851214899484012,0.7930035127275069,0.1868202862476759,0.09874216072908934,13608.598672062159,14000.0,774,0.37115622294438533,0.0,0.0,0.0,15510,0,0,0,0.0,0.9529399762713839,0.0,0.0,0.0,0.576667663777374
2016-04-13,0.8993996381759644,0.8558039222165789,0.8027894701801541,0.19527105208972986,0.10304315704462542,13608.598672062159,14000.0,774,0.3707887014922867,0.0,0.0,0.0,15130,0,0,0,0.0,0.9526862688717406,0.0,0.0,0.0,0.5792011949999654
2016-04-14,0.9018476009368896,0.8601890344756561,0.8087695556723805,0.17547372835505512,0.1020756198226727,13608.598672062159,14000.0,774,0.3853450413261945,0.0,0.0,0.0,15089,0,0,0,0.0,0.9524438348082744,0.0,0.0,0.0,0.4325468433752899
2016-04-15,0.9089467525482178,0.864832626673043,0.8175190248365466,0.16774103014650021,0.10046501043667938,13608.598672062159,14000.0,774,0.389347010386525,0.0,0.0,0.0,14971,0,0,0,0.0,0.9521871104967904,0.0,0.0,0.0,0.3913718933703063
2016-04-18,0.9050301909446716,0.8686609661274838,0.8225810447549788,0.14571879555051104,0.10170521013863755,13608.598672062159,14000.0,774,0.4089925854983435,0.014987642497239126,1.0,0.4089925854983435,15036,2,2,2,1.8100603818893433,0.9519754580155234,0.0,0.0,0.0,0.19396370608642033
2016-04-19,0.8888732194900513,0.8705859426382044,0.8283708717975687,0.1659862539846879,0.1019464214161925,13606.78861168027,14000.0,776,0.3926041440503917,0.0,0.0,0.0,15307,0,0,0,0.0,0.9517446648937681,0.0,0.0,0.0,0.35680955151803984
2016-04-20,0.8923004865646362,0.8726539944407217,0.8358210805766781,0.16482513133581966,0.10166797556395797,13606.78861168027,14000.0,776,0.39313268875485224,0.0,0.0,0.0,15249,0,0,0,0.0,0.9516300357367142,0.0,0.0,0.0,0.3510082732666917
2016-04-21,0.8913212418556213,0.874431827527855,0.8411097666059884,0.1577540286187487,0.10055674070350905,13606.78861168027,14000.0,776,0.3974553298408784,0.0,0.0,0.0,15265,0,0,0,0.0,0.9515314929884561,0.0,0.0,0.0,0.3073384200392686
2016-04-22,0.8878942728042603,0.8757139651732269,0.8469947608808404,0.15948592162594857,0.1004711714019922,13606.78861168027,14000.0,776,0.39587553033865597,0.0,0.0,0.0,15324,0,0,0,0.0,0.9514604259303983,0.0,0.0,0.0,0.32281661330023237
2016-04-25,0.8923004865646362,0.8772936338771706,0.851998891068667,0.15726784533267932,0.10107384715858836,13606.78861168027,14000.0,776,0.39845364715660225,0.0,0.0,0.0,15249,0,0,0,0.0,0.9513728671508083,0.0,0.0,0.0,0.2966414306126146
2016-04-26,0.8930350542068481,0.8787928167657113,0.8547538287088221,0.148656922889652,0.0971069128991952,13606.78861168027,14000.0,776,0.4005088719220728,0.0008481198701212889,1.0,0.4005088719220728,15236,2,2,2,1.7860701084136963,0.9512897695849862,0.0,0.0,0.0,0.2757152439117101
2016-04-27,0.913353443145752,0.8820843049923819,0.8556527544359941,0.16403045893844512,0.09630515517353402,13605.002541571856,14000.0,778,0.38600521373690055,0.0,0.0,0.0,14895,0,0,0,0.0,0.9509813150511376,0.0,0.0,0.0,0.4193637803611139
2016-04-28,0.8861802816390991,0.882474398006355,0.85705319220872,0.19880682815433395,0.10228298144425473,13605.002541571856,14000.0,778,0.3659573278466661,0.0,0.0,0.0,15352,0,0,0,0.0,0.9509596370250755,0.0,0.0,0.0,0.6197450881461786
2016-04-29,0.8697786927223206,0.8812652832173993,0.8545302775471224,0.20317053556675638,0.10152611876783141,13605.002541571856,14000.0,778,0.5405252631535246,0.23420877192254091,1.0,0.5405252631535246,15641,3,3,3,2.6093360781669617,0.9510268292612045,0.06517101441431168,0.0,1.0,0.6676376650045763
2016-05-02,0.8812843561172485,0.8812670996840516,0.8548812164733313,0.2061208759107116,0.10462627869987468,14102.393205493689,14500.0,781,0.36446758162644755,0.0,0.0,0.0,16002,0,0,0,0.0,0.9525331306997763,0.0,0.0,0.0,0.6417232718845178
2016-05-03,0.8707578778266907,0.8802662214119219,0.8533621299484542,0.21066283281684808,0.10277958200465755,14102.393205493689,14500.0,781,0.5321632174455475,0.22027202907591248,1.0,0.5321632174455475,16195,3,3,3,2.612273633480072,0.9525870400742958,0.05400834062438585,0.0,1.0,0.7080470386885931
2016-05-04,0.8509290218353271,0.8774722024046272,0.846245641536608,0.22524467995328187,0.09792533280990647,14099.780931860209,14500.0,784,0.5550311518001072,0.25838525300017867,1.0,0.5550311518001072,16569,3,3,3,2.5527870655059814,0.9525559857458463,0.1512479853866655,0.0,1.0,0.9168063520952308
2016-05-05,0.8560696840286255,0.8754338673211984,0.8424009766433566,0.22410461196353493,0.08779761998764184,14097.228144794703,14500.0,787,0.5283872188101367,0.2139786980168945,1.0,0.5283872188101367,16467,3,3,3,2.5682090520858765,0.9524850721667736,0.11059763630019688,0.0,1.0,1.0
2016-05-06,0.8648826479911804,0.8744289892897682,0.8405434198806918,0.2260892020243411,0.08795829189620946,14094.659935742617,14500.0,790,0.5031251780799885,0.17187529679998076,1.0,0.5031251780799885,16296,3,3,3,2.5946479439735413,0.9523586964455919,0.05458614373216024,0.0,1.0,1.0
2016-05-09,0.8636589050292969,0.8734032669792471,0.8382523658425896,0.22477956858525122,0.08725623586979014,14092.065287798643,14500.0,793,0.5036079835802796,0.17267997263379928,1.0,0.5036079835802796,16316,3,3,3,2.5909767150878906,0.9522338765024453,0.055783864787064874,0.0,1.0,1.0
2016-05-10,0.8803052306175232,0.8740605968495591,0.8390153709427625,0.23572241595420065,0.09168180476306274,14089.474311083555,14500.0,796,0.3284076892557578,0.0,0.0,0.0,16005,0,0,0,0.0,0.9520170872350173,0.0,0.0,0.0,1.0
2016-05-11,0.882753312587738,0.8748884745389095,0.8405080662463345,0.21710517277190808,0.09120816371259853,14089.474311083555,14500.0,796,0.3300267293482834,0.0,0.0,0.0,15960,0,0,0,0.0,0.9519716396046226,0.0,0.0,0.0,0.9836050847379672
2016-05-12,0.8707578778266907,0.874495084375841,0.8406915663805743,0.22123227546526153,0.09118687022792134,14089.474311083555,14500.0,796,0.4880124642081508,0.146687440346918,1.0,0.4880124642081508,16180,2,2,2,1.7415157556533813,0.9519932353680572,0.02136779620561109,0.0,1.0,1.0
2016-05-13,1.0031951665878296,0.8867522350626971,0.8237608718704619,0.5894833456693649,0.09556130708782277,14087.732795327902,14500.0,798,0.3280391222337231,0.0,0.0,0.0,14042,0,0,0,0.0,0.9511980494082737,0.0,0.0,0.0,1.0
2016-05-16,1.0328161716461182,0.90066308616588,0.8101571169427846,0.5941934725006472,0.09950010939804321,14087.732795327902,14500.0,798,0.32769461281088497,0.0,0.0,0.0,13640,0,0,0,0.0,0.9504324729130778,0.0,0.0,0.0,1.0
2016-05-17,1.0350193977355957,0.9134589253629957,0.8031374343941193,0.5871919893380436,0.10310692727131053,14087.732795327902,14500.0,798,0.32737771723463094,0.0,0.0,0.0,13611,0,0,0,0.0,0.949728260521402,0.0,0.0,0.0,1.0
2016-05-18,1.0614581108093262,0.9275540858816939,0.7961041571519908,0.5900827765204911,0.10298028635438537,14087.732795327902,14500.0,798,0.3270286432937851,0.0,0.0,0.0,13272,0,0,0,0.0,0.9489525406528557,0.0,0.0,0.0,1.0
2016-05-19,1.06610906124115,0.9407497978206896,0.7922248785595418,0.5891187433563772,0.10236767172652207,14087.732795327902,14500.0,798,0.3267018446622476,0.0,0.0,0.0,13214,0,0,0,0.0,0.9482263214716614,0.0,0.0,0.0,1.0
2016-05-20,1.085203766822815,0.9545073186780348,0.7891767468689062,0.5875927128198085,0.10549895454629986,14087.732795327902,14500.0,798,0.3263611325422564,0.0,0.0,0.0,12981,0,0,0,0.0,0.9474691834272364,0.0,0.0,0.0,1.0
2016-05-23,1.0869171619415283,0.9671177799412246,0.7882754121294018,0.5881525242193938,0.10553386799490752,14087.732795327902,14500.0,798,0.3260488279464211,0.0,0.0,0.0,12961,0,0,0,0.0,0.9467751732142692,0.0,0.0,0.0,1.0
2016-05-24,1.1133017539978027,0.9810400631847083,0.7872785630901418,0.5889153791982762,0.1173684755879322,14087.732795327902,14500.0,798,0.32570403540071524,0.0,0.0,0.0,12654,0,0,0,0.0,0.946008967557145,0.0,0.0,0.0,1.0
2016-05-25,1.1086382865905762,0.9931922749376481,0.7876165803541157,0.5899681716910111,0.12006257865814321,14087.732795327902,14500.0,798,0.325403079591027,0.0,0.0,0.0,12707,0,0,0,0.0,0.9453401768689488,0.0,0.0,0.0,1.0
2016-05-26,1.1204192638397217,1.0053091310235598,0.7905949229037124,0.5706658782650491,0.11511470663074005,14087.732795327902,14500.0,798,0.32510299938272,0.0,0.0,0.0,12573,0,0,0,0.0,0.9446733319616,0.0,0.0,0.0,1.0
2016-05-27,1.1265555620193481,1.0168564101660158,0.7967871646868302,0.5597020453213913,0.11404334806415306,14087.732795327902,14500.0,798,0.3248170250420265,0.0,0.0,0.0,12505,0,0,0,0.0,0.9440378334267254,0.0,0.0,0.0,1.0
2016-05-31,1.1466811895370483,1.0292206748680188,0.8030670120934752,0.5599072109170318,0.11114917417801533,14087.732795327902,14500.0,798,0.324510817631372,0.0,0.0,0.0,12285,0,0,0,0.0,0.9433573725141601,0.0,0.0,0.0,1.0
2016-06-01,1.1488906145095825,1.0406178119767393,0.8127747164060295,0.553578940939325,0.1058590481362772,14587.732795327902,15000.0,798,0.3250876095812769,0.0,0.0,0.0,12697,0,0,0,0.0,0.9446391324028375,0.0,0.0,0.0,1.0
2016-06-02,1.156989574432373,1.051700836972514,0.8278290046559142,0.5368242364004918,0.10289708078208087,14587.732795327902,15000.0,798,0.324822281962878,0.0,0.0,0.0,12608,0,0,0,0.0,0.9440495154730623,0.0,0.0,0.0,1.0
2016-06-03,1.1407907009124756,1.060185585919177,0.8456713894261207,0.546374455360342,0.10386817550901875,14587.732795327902,15000.0,798,0.32461915707309497,0.0,0.0,0.0,12787,0,0,0,0.0,0.9435981268290998,0.0,0.0,0.0,1.0
2016-06-06,1.1349003314971924,1.0673012759742262,0.8655208572079648,0.5508683291222435,0.10448295197997368,14587.732795327902,15000.0,798,0.32444880745317706,0.0,0.0,0.0,12853,0,0,0,0.0,0.9432195721181712,0.0,0.0,0.0,1.0
2016-06-07,1.137109637260437,1.0739496913348177,0.8899949718770656,0.5497322171710121,0.1044647283978954,14587.732795327902,15000.0,798,0.3242896443894445,0.0,0.0,0.0,12828,0,0,0,0.0,0.9428658764209877,0.0,0.0,0.0,1.0
2016-06-08,1.1334277391433716,1.0796142673165847,0.9160222952204972,0.5528688673087656,0.09618945520302785,14587.732795327902,15000.0,798,0.324154034440441,0.0,0.0,0.0,12870,0,0,0,0.0,0.9425645209787576,0.0,0.0,0.0,1.0
2016-06-09,1.1628801822662354,1.0875443544546466,0.948838812230459,0.553178392623158,0.0886712189715516,14587.732795327902,15000.0,798,0.3239641881543558,0.0,0.0,0.0,12544,0,0,0,0.0,0.9421426403430128,0.0,0.0,0.0,1.0
2016-06-10,1.1339186429977417,1.0919609533635128,1.0003220593810593,0.5621598185969658,0.09602227385661338,14587.732795327902,15000.0,798,0.32385845477647746,0.0,0.0,0.0,12864,0,0,0,0.0,0.9419076772810611,0.0,0.0,0.0,1.0
2016-06-13,1.1483991146087646,1.0973360163392512,1.0180728032422781,0.22283495084108546,0.09556520729708423,14587.732795327902,15000.0,798,0.32941659671582024,0.0,0.0,0.0,12702,0,0,0,0.0,0.9416217239307518,0.0,0.0,0.0,0.9431317905301813
2016-06-14,1.1506085395812988,1.1024095899813509,1.031486030627538,0.20656714565187698,0.08978227713421094,14587.732795327902,15000.0,798,0.33187861726647633,0.0,0.0,0.0,12678,0,0,0,0.0,0.9413518098129922,0.0,0.0,0.0,0.9172969714937014
2016-06-15,1.1623893976211548,1.1081219526137132,1.0471130485999065,0.20682122114378843,0.08275261835996672,14587.732795327902,15000.0,798,0.3234715604544277,0.0,0.0,0.0,12549,0,0,0,0.0,0.9410479121209505,0.0,0.0,0.0,1.0
2016-06-16,1.1670531034469604,1.1137344431692604,1.058325753332406,0.1933824007168291,0.08321731907880633,14587.732795327902,15000.0,798,0.3296852000082755,0.0,0.0,0.0,12499,0,0,0,0.0,0.9407493276233954,0.0,0.0,0.0,0.9365199742225241
2016-06-17,1.1466811895370483,1.1168722285376211,1.0705246915945374,0.20895306712916456,0.0829133198481278,14587.732795327902,15000.0,798,0.3232620788488093,0.0,0.0,0.0,12721,0,0,0,0.0,0.9405823974417985,0.0,0.0,0.0,1.0
2016-06-20,1.1672979593276978,1.121674679089057,1.079788970000416,0.20901517852690601,0.08273913416623944,14587.732795327902,15000.0,798,0.32314710818260795,0.0,0.0,0.0,12497,0,0,0,0.0,0.9403269070724621,0.0,0.0,0.0,1.0
2016-06-21,1.1601803302764893,1.1253418839640505,1.0907020812850157,0.21182279514841726,0.0823013793826009,14587.732795327902,15000.0,798,0.32305931529790066,0.0,0.0,0.0,12573,0,0,0,0.0,0.9401318117731126,0.0,0.0,0.0,1.0
2016-06-22,1.159198522567749,1.1285663257358314,1.0963106549219763,0.19717412174032486,0.06766312788662525,14587.732795327902,15000.0,798,0.32298212216188427,0.0,0.0,0.0,12584,0,0,0,0.0,0.9399602714708538,0.0,0.0,0.0,1.0
2016-06-23,1.1901233196258545,1.1344288965825002,1.101284959775206,0.2138619956235456,0.07896254657168042,14587.732795327902,15000.0,798,0.3228417722158149,0.0,0.0,0.0,12257,0,0,0,0.0,0.939648382701811,0.0,0.0,0.0,1.0
2016-06-24,1.1223832368850708,1.1332816908970307,1.100493610340804,0.30116763985570527,0.15174310050505235,14587.732795327902,15000.0,798,0.5291134852653432,0.21518914210890527,1.0,0.5291134852653432,12997,3,3,3,3.3671497106552124,0.939709414044278,0.04808360577736584,0.0,1.0,0.6539337365439655
2016-06-27,1.1103568077087402,1.131098368688622,1.0952342641984778,0.30292784766767644,0.16143767724719063,14584.365645617247,15000.0,801,0.5577093080511247,0.26284884675187453,1.0,0.5577093080511247,13134,3,3,3,3.3310704231262207,0.9395993471120276,0.0916876973482387,0.0,1.0,0.5636986195599518
2016-06-28,1.1265555620193481,1.1306657204344055,1.0934232464866263,0.3005002960809128,0.17656160909855848,14581.03457519412,15000.0,804,0.5390777040320237,0.23179617338670616,1.0,0.5390777040320237,12943,3,3,3,3.3796666860580444,0.9393963173847159,0.01817583367380332,0.0,1.0,0.41829763944309883
2016-06-29,1.1449631452560425,1.1320273799412282,1.094763118154227,0.30647469557030227,0.18823549054809283,14577.654908508062,15000.0,807,0.386914857032625,0.0,0.0,0.0,12731,0,0,0,0.0,0.9390969269591619,0.0,0.0,0.0,0.3567876009899782
2016-06-30,1.1537994146347046,1.1341009070548926,1.0969750283777702,0.3066873810587733,0.1945936320030475,14577.654908508062,15000.0,807,0.39120673612302936,0.0,0.0,0.0,12634,0,0,0,0.0,0.9389853712004468,0.0,0.0,0.0,0.3133668091717168
2016-07-01,1.145208716392517,1.135158793658476,1.0981523984696664,0.30357323261815433,0.19442032242041735,15077.654908508062,15500.0,807,0.39328537197285285,0.0,0.0,0.0,13165,0,0,0,0.0,0.9408985066785555,0.0,0.0,0.0,0.301189560324971
2016-07-05,1.1621438264846802,1.1377287967847811,1.100727168189517,0.3069915526353544,0.19509562064625818,15077.654908508062,15500.0,807,0.3922154446625421,0.0,0.0,0.0,12974,0,0,0,0.0,0.9407647007093343,0.0,0.0,0.0,0.31128670656658297
2016-07-06,1.1695070266723633,1.1407552948693127,1.1031567406304912,0.30749635303317985,0.19609969777639832,15077.654908508062,15500.0,807,0.39260142984469265,0.0,0.0,0.0,12892,0,0,0,0.0,0.9406071275509977,0.0,0.0,0.0,0.3067177755325634
2016-07-07,1.1999411582946777,1.1463920437669666,1.1038428908458715,0.3187433294875794,0.19566236677941956,15077.654908508062,15500.0,807,0.3873871684390447,0.0,0.0,0.0,12565,0,0,0,0.0,0.9403136529471006,0.0,0.0,0.0,0.3575397538715057
2016-07-08,1.2480467557907104,1.156073444912085,1.0962979986431856,0.3356861156472337,0.20330568662954987,15077.654908508062,15500.0,807,0.3853193326300474,0.0,0.0,0.0,12081,0,0,0,0.0,0.9398095954810288,0.0,0.0,0.0,0.37594985336415565
2016-07-11,1.2767629623413086,1.1675676846672494,1.0889591580333025,0.3243226349038155,0.20031507209510188,15077.654908508062,15500.0,807,0.38772313844053163,0.0,0.0,0.0,11809,0,0,0,0.0,0.9392111534499051,0.0,0.0,0.0,0.34921880611925715
2016-07-12,1.2959071397781372,1.1797904899159053,1.0825076948399937,0.3250200198957686,0.19832386284462503,15077.654908508062,15500.0,807,0.38578909573850256,0.0,0.0,0.0,11634,0,0,0,0.0,0.9385747790088945,0.0,0.0,0.0,0.36569554815499994
2016-07-13,1.2954161167144775,1.1908024543729123,1.0799184399319932,0.3255300627573171,0.19797646591725637,15077.654908508062,15500.0,807,0.38507676219002585,0.0,0.0,0.0,11639,0,0,0,0.0,0.9380014464078104,0.0,0.0,0.0,0.3702388869348885
2016-07-14,1.3086696863174438,1.2020279050342964,1.077616797898252,0.3255287839444232,0.19780105834223913,15077.654908508062,15500.0,807,0.3846927883871199,0.0,0.0,0.0,11521,0,0,0,0.0,0.937416998750795,0.0,0.0,0.0,0.3714486105073782
2016-07-15,1.2934527397155762,1.2107350321467991,1.0781274401671548,0.33156673842801265,0.19808732089789388,15077.654908508062,15500.0,807,0.3821468750009077,0.0,0.0,0.0,11656,0,0,0,0.0,0.9369636663908086,0.0,0.0,0.0,0.39486774874956154
2016-07-18,1.300079345703125,1.2192440143902585,1.08051511970063,0.32045621627428006,0.19709118138338577,15077.654908508062,15500.0,807,0.3859402309633143,0.0,0.0,0.0,11597,0,0,0,0.0,0.9365206503475524,0.0,0.0,0.0,0.3549406169308429
2016-07-19,1.313578486442566,1.2282282498238117,1.081876759761712,0.31796979591804053,0.19707494010464127,15077.654908508062,15500.0,807,0.38676995803374825,0.0,0.0,0.0,11478,0,0,0,0.0,0.9360528904769151,0.0,0.0,0.0,0.34453842680863556
2016-07-20,1.3307592868804932,1.2379931104958768,1.0838982928417147,0.3154786664173008,0.19723009871753658,15077.654908508062,15500.0,807,0.3876994979583562,0.0,0.0,0.0,11330,0,0,0,0.0,0.9355444877309567,0.0,0.0,0.0,0.33295521520574356
2016-07-21,1.306215524673462,1.2444904832746946,1.0880654849239548,0.3272993392988675,0.19784011071923993,15077.654908508062,15500.0,807,0.38297921732542417,0.0,0.0,0.0,11543,0,0,0,0.0,0.9352062051611175,0.0,0.0,0.0,0.3786357499707873
2016-07-22,1.3418036699295044,1.2537584058132478,1.0898611018336788,0.3277762777462329,0.19352438778290781,15077.654908508062,15500.0,807,0.37948225522234535,0.0,0.0,0.0,11236,0,0,0,0.0,0.9347236752586264,0.0,0.0,0.0,0.41143398644036555
2016-07-25,1.3665928840637207,1.2645045465990072,1.0987031495035564,0.22974870056661295,0.13572707432995137,15077.654908508062,15500.0,807,0.379313411078347,0.0,0.0,0.0,11033,0,0,0,0.0,0.9341641826383613,0.0,0.0,0.0,0.4106047110891562
2016-07-26,1.389909267425537,1.276447853344391,1.1111241372054346,0.21737000700679138,0.11096093804945056,15077.654908508062,15500.0,807,0.3568459175501093,0.0,0.0,0.0,10847,0,0,0,0.0,0.9335423601516823,0.0,0.0,0.0,0.6324814451814778
2016-07-27,1.3759194612503052,1.285921339811621,1.1249292258116894,0.2298030151039391,0.09978173222254712,15077.654908508062,15500.0,807,0.327950692254204,0.0,0.0,0.0,10958,0,0,0,0.0,0.9330491276627111,0.0,0.0,0.0,0.9192141519401604
2016-07-28,1.3788645267486572,1.2947730719008625,1.138394571974963,0.23025468323619763,0.08523832347256997,15077.654908508062,15500.0,807,0.3196647199315614,0.0,0.0,0.0,10934,0,0,0,0.0,0.9325882665145809,0.0,0.0,0.0,1.0
2016-07-29,1.401444673538208,1.3049322720568004,1.1523327890560213,0.2314453313095111,0.07424510159123772,15077.654908508062,15500.0,807,0.31942669970339177,0.0,0.0,0.0,10758,0,0,0,0.0,0.932059332674204,0.0,0.0,0.0,1.0
2016-08-01,1.3923633098602295,1.3132590375618889,1.1721403801641386,0.23051071955334018,0.0750124269245171,15577.654908508062,16000.0,807,0.3201931237818375,0.0,0.0,0.0,11187,0,0,0,0.0,0.9337624972929722,0.0,0.0,0.0,1.0
2016-08-02,1.375428318977356,1.319179921506219,1.1928045320899963,0.2424985558351453,0.07430317019089226,15577.654908508062,16000.0,807,0.3200587382190635,0.0,0.0,0.0,11325,0,0,0,0.0,0.93346386270903,0.0,0.0,0.0,1.0
2016-08-03,1.3791099786758423,1.324887545998564,1.2169550874746955,0.24329231234641038,0.07323628638873285,15577.654908508062,16000.0,807,0.3199291929794138,0.0,0.0,0.0,11295,0,0,0,0.0,0.9331759843986974,0.0,0.0,0.0,1.0
2016-08-04,1.4046356678009033,1.3324826052178345,1.2378881069584116,0.23746028299249897,0.07286812062882934,15577.654908508062,16000.0,807,0.3197568088696965,0.0,0.0,0.0,11090,0,0,0,0.0,0.9327929085993255,0.0,0.0,0.0,1.0
2016-08-05,1.4284430742263794,1.3416216975043624,1.24906171030499,0.20843167014225028,0.058761418919357385,15577.654908508062,16000.0,807,0.31954938003445565,0.0,0.0,0.0,10905,0,0,0,0.0,0.9323319556321237,0.0,0.0,0.0,1.0
2016-08-08,1.4416961669921875,1.3511525993603457,1.2558794525361476,0.19983866077435444,0.05864139590482572,15577.654908508062,16000.0,807,0.31933305834639314,0.0,0.0,0.0,10805,0,0,0,0.0,0.9318512407697626,0.0,0.0,0.0,1.0
2016-08-09,1.4453778266906738,1.3601264305346628,1.2613215035606073,0.19741561399020344,0.05421445278434807,15577.654908508062,16000.0,807,0.3191293804219586,0.0,0.0,0.0,10777,0,0,0,0.0,0.931398623159908,0.0,0.0,0.0,1.0
2016-08-10,1.4360514879226685,1.3673573883811394,1.2689337845590547,0.20097839650257665,0.055647502078815775,15577.654908508062,16000.0,807,0.3189652602755868,0.0,0.0,0.0,10847,0,0,0,0.0,0.9310339117235262,0.0,0.0,0.0,1.0
2016-08-11,1.4652585983276367,1.3766813131379485,1.2741468659090371,0.20740546658369502,0.05508559230245273,15577.654908508062,16000.0,807,0.31875363632087217,0.0,0.0,0.0,10631,0,0,0,0.0,0.9305636362686047,0.0,0.0,0.0,1.0
2016-08-12,1.5472344160079956,1.3929244657922386,1.273247023100639,0.26345059089671335,0.05504146760025113,15577.654908508062,16000.0,807,0.31838496751547185,0.0,0.0,0.0,10068,0,0,0,0.0,0.929744372256604,0.0,0.0,0.0,1.0
2016-08-15,1.5457614660263062,1.4074803705764356,1.277152427065229,0.26554924512489225,0.05524473210472566,15577.654908508062,16000.0,807,0.318054593964073,0.0,0.0,0.0,10077,0,0,0,0.0,0.929010208809051,0.0,0.0,0.0,1.0
2016-08-16,1.5364352464675903,1.4197617873279742,1.2837568941316007,0.270615305136855,0.05890567988645054,15577.654908508062,16000.0,807,0.31777584418324034,0.0,0.0,0.0,10138,0,0,0,0.0,0.9283907648516453,0.0,0.0,0.0,1.0
2016-08-17,1.5008466243743896,1.4274841527609663,1.2922487688123363,0.29137884973211636,0.057376028870496226,15577.654908508062,16000.0,807,0.31760057062030345,0.0,0.0,0.0,10379,0,0,0,0.0,0.9280012680451187,0.0,0.0,0.0,1.0
2016-08-18,1.524163007736206,1.4366916627586082,1.3060217891756227,0.2779322763902935,0.055921031104751606,15577.654908508062,16000.0,807,0.31739158891682573,0.0,0.0,0.0,10220,0,0,0,0.0,0.9275368642596127,0.0,0.0,0.0,1.0
2016-08-19,1.5280901193618774,1.4453962776732052,1.3158044984889206,0.2687893752683322,0.05419015569298414,15577.654908508062,16000.0,807,0.31719402136018593,0.0,0.0,0.0,10194,0,0,0,0.0,0.9270978252448577,0.0,0.0,0.0,1.0
2016-08-22,1.5344716310501099,1.453879644661482,1.3234305320182032,0.2652185724379935,0.05294330041820164,15577.654908508062,16000.0,807,0.31700147544007395,0.0,0.0,0.0,10151,0,0,0,0.0,0.9266699454223865,0.0,0.0,0.0,1.0
2016-08-23,1.5468889474868774,1.4627376735019957,1.329060536321184,0.26212311906039437,0.05325489164017475,15577.654908508062,16000.0,807,0.3168004258667344,0.0,0.0,0.0,10070,0,0,0,0.0,0.9262231685927431,0.0,0.0,0.0,1.0
2016-08-24,1.5230374336242676,1.468480507799355,1.3379980831733618,0.2669813539180844,0.05669748853114123,15577.654908508062,16000.0,807,0.31667008147454156,0.0,0.0,0.0,10228,0,0,0,0.0,0.9259335143878701,0.0,0.0,0.0,1.0
2016-08-25,1.5129565000534058,1.472716316585455,1.3475839892080985,0.2701154298247463,0.05670815778645284,15577.654908508062,16000.0,807,0.3165739418519995,0.0,0.0,0.0,10296,0,0,0,0.0,0.9257198707822211,0.0,0.0,0.0,1.0
2016-08-26,1.525250792503357,1.4777196000062076,1.3553745048466996,0.2669899780879605,0.056674403777360466,15577.654908508062,16000.0,807,0.3164603829536091,0.0,0.0,0.0,10213,0,0,0,0.0,0.9254675176746869,0.0,0.0,0.0,1.0
2016-08-29,1.5242674350738525,1.482152727155507,1.3655384353639004,0.2646368112015868,0.05951616427723185,15577.654908508062,16000.0,807,0.3163597648208424,0.0,0.0,0.0,10219,0,0,0,0.0,0.9252439218240941,0.0,0.0,0.0,1.0
2016-08-30,1.515415072441101,1.4853205695636589,1.3805115521923212,0.2602011388049441,0.05492477846872417,15577.654908508062,16000.0,807,0.3162878646976848,0.0,0.0,0.0,10279,0,0,0,0.0,0.9250841437726329,0.0,0.0,0.0,1.0
2016-08-31,1.5082839727401733,1.4875075603423744,1.3974349103161334,0.26237956014416486,0.054830968675874815,15577.654908508062,16000.0,807,0.31623822684135416,0.0,0.0,0.0,10328,0,0,0,0.0,0.9249738374252315,0.0,0.0,0.0,1.0
2016-09-01,1.5527904033660889,1.4937249739636806,1.412662768770354,0.272802872140902,0.05483581558024494,16077.654908508062,16500.0,807,0.3171244712548539,0.0,0.0,0.0,10354,0,0,0,0.0,0.9269432694552309,0.0,0.0,0.0,1.0
2016-09-02,1.5375454425811768,1.4978983519272517,1.4248452002010952,0.27400953654534904,0.04759117183693634,16077.654908508062,16500.0,807,0.3170326189998557,0.0,0.0,0.0,10456,0,0,0,0.0,0.9267391533330126,0.0,0.0,0.0,1.0
2016-09-06,1.552052617073059,1.5030559009887572,1.4361359800762012,0.27405161039974424,0.048665013692737125,16077.654908508062,16500.0,807,0.3169191060336929,0.0,0.0,0.0,10358,0,0,0,0.0,0.9264869022970953,0.0,0.0,0.0,1.0
2016-09-07,1.5291850566864014,1.5055443920075806,1.4479551184638548,0.28188087769150344,0.04866462793560959,16077.654908508062,16500.0,807,0.3168643366086331,0.0,0.0,0.0,10513,0,0,0,0.0,0.9263651924636293,0.0,0.0,0.0,1.0
2016-09-08,1.5402500629425049,1.5088496940013831,1.4675697361853521,0.27999398417223026,0.04819621472004895,16077.654908508062,16500.0,807,0.3167915899165695,0.0,0.0,0.0,10438,0,0,0,0.0,0.9262035331479324,0.0,0.0,0.0,1.0
2016-09-09,1.4635324478149414,1.5045337657931506,1.4627022630961841,0.3306814323071849,0.09767492503208856,16077.654908508062,16500.0,807,0.5282032263297639,0.2136720438829398,1.0,0.5282032263297639,10985,3,3,3,4.390597343444824,0.9264146212730259,0.13625921501533847,0.0,1.0,1.0
2016-09-12,1.4937769174575806,1.5035093040469056,1.460202372744124,0.26983757448589235,0.113022941115978,16073.264311164618,16500.0,810,0.4823957484889224,0.13732624748153732,1.0,0.4823957484889224,10760,2,2,2,2.987553834915161,0.9261913614376973,0.03236556821806486,0.0,1.0,0.9895486985617055
2016-09-13,1.47213876247406,1.5005216334209204,1.4524777210145248,0.27364413377557606,0.12298042557803979,16070.276757329702,16500.0,812,0.5239045090143315,0.2065075150238858,1.0,0.5239045090143315,10916,3,3,3,4.41641628742218,0.9261561474946796,0.09457668025136184,0.0,1.0,0.8542526347138708
2016-09-14,1.4851711988449097,1.4990596872708242,1.4490383108694547,0.2760376389298196,0.12206808798871042,16065.86034104228,16500.0,815,0.49908066293435677,0.16513443822392793,1.0,0.49908066293435677,10817,2,2,2,2.9703423976898193,0.9259555366590472,0.046324000784784526,0.0,1.0,0.8844512891536755
2016-09-15,1.5414795875549316,1.5030996777740726,1.4527983566178246,0.29695676373854984,0.1281578498174094,16062.88999864459,16500.0,817,0.3234151026217941,0.0,0.0,0.0,10420,0,0,0,0.0,0.9255737917126414,0.0,0.0,0.0,0.9309310364889449
2016-09-16,1.5451676845550537,1.5071061546103566,1.4556228795993031,0.2923489036622455,0.12807193336361522,16062.88999864459,16500.0,817,0.3261945193972161,0.0,0.0,0.0,10395,0,0,0,0.0,0.9253754104050508,0.0,0.0,0.0,0.9022441528505676
2016-09-19,1.5655767917633057,1.512674786720161,1.4575911001290989,0.2956010735346955,0.12811751093693002,16062.88999864459,16500.0,817,0.32402275605896447,0.0,0.0,0.0,10260,0,0,0,0.0,0.9250996787424017,0.0,0.0,0.0,0.9227209937511631
2016-09-20,1.5513148307800293,1.5163547909163388,1.4600606477420233,0.2976877884017461,0.12819336881608182,16062.88999864459,16500.0,817,0.3226980459840216,0.0,0.0,0.0,10354,0,0,0,0.0,0.9249174627770516,0.0,0.0,0.0,0.9351481226565161
2016-09-21,1.5948374271392822,1.5238293276994763,1.4599168589246172,0.312324459064669,0.1346806384595916,16062.88999864459,16500.0,817,0.32279627579764636,0.0,0.0,0.0,10071,0,0,0,0.0,0.924547359955729,0.0,0.0,0.0,0.9325003618243173
2016-09-22,1.598771333694458,1.5309666616037603,1.4594468175257418,0.3056952248499164,0.1356579435264135,16062.88999864459,16500.0,817,0.3281017252684555,0.0,0.0,0.0,10047,0,0,0,0.0,0.9241939537860441,0.0,0.0,0.0,0.8778555393526435
2016-09-23,1.5970499515533447,1.5372603082656255,1.4603924291899437,0.3041057841931125,0.1371527056794605,16062.88999864459,16500.0,817,0.3309738134821031,0.0,0.0,0.0,10057,0,0,0,0.0,0.923882322917999,0.0,0.0,0.0,0.8477323183099643
2016-09-26,1.582051157951355,1.5415261034737902,1.4619766818485942,0.3064486178961901,0.14034479794387725,16062.88999864459,16500.0,817,0.3336902471545813,0.0,0.0,0.0,10153,0,0,0,0.0,0.9236711014219342,0.0,0.0,0.0,0.8196174848528908
2016-09-27,1.6361461877822876,1.5505375400745995,1.459947325361893,0.32672904664840896,0.14106697340452484,16062.88999864459,16500.0,817,0.32244060886401343,0.0,0.0,0.0,9817,0,0,0,0.0,0.9232248987732758,0.0,0.0,0.0,0.9301059558396068
2016-09-28,1.6420484781265259,1.5592528675081165,1.459572288861057,0.3247797978784695,0.1423721432657416,16062.88999864459,16500.0,817,0.3251567391312983,0.0,0.0,0.0,9782,0,0,0,0.0,0.9227933580149011,0.0,0.0,0.0,0.9010027197540726
2016-09-29,1.6572932004928589,1.568590042078092,1.4599914832696563,0.32347411331107256,0.14595320359087408,16062.88999864459,16500.0,817,0.3303584210356252,0.0,0.0,0.0,9692,0,0,0,0.0,0.9223310264013453,0.0,0.0,0.0,0.8469054084498024
2016-09-30,1.684833288192749,1.579660827422345,1.4569753298897905,0.31356265737851113,0.1489653079915484,16062.88999864459,16500.0,817,0.33939082946050625,0.0,0.0,0.0,9533,0,0,0,0.0,0.921782854787633,0.0,0.0,0.0,0.754114551939286
2016-10-03,1.683111548423767,1.5895132770415281,1.4564788178379482,0.3098518379852183,0.1485166173301833,16562.88999864459,17000.0,817,0.3417651959631718,0.0,0.0,0.0,9840,0,0,0,0.0,0.9236098619210042,0.0,0.0,0.0,0.7385924190128015
2016-10-04,1.6794233322143555,1.5980761394389402,1.4568742404529624,0.3102508905489264,0.1487983094845506,16562.88999864459,17000.0,817,0.34168566054866956,0.0,0.0,0.0,9862,0,0,0,0.0,0.9231983408281403,0.0,0.0,0.0,0.7375359282399365
2016-10-05,1.67770254611969,1.6056596067418687,1.4595447789778622,0.302923211888221,0.14988410202148925,16562.88999864459,17000.0,817,0.34685444559725026,0.0,0.0,0.0,9872,0,0,0,0.0,0.9228338883112879,0.0,0.0,0.0,0.6842080414282932
2016-10-06,1.6558181047439575,1.6104366065515914,1.4625736774573344,0.30926454137114995,0.14979482972969824,16562.88999864459,17000.0,817,0.3431229771175175,0.0,0.0,0.0,10002,0,0,0,0.0,0.9226043113204323,0.0,0.0,0.0,0.7204896297667707
2016-10-07,1.643769383430481,1.6136111567305333,1.4767334725014711,0.2407275352086847,0.12060703388488579,16562.88999864459,17000.0,817,0.3487727883943255,0.0,0.0,0.0,10076,0,0,0,0.0,0.9224517461735973,0.0,0.0,0.0,0.6633049738379324
2016-10-10,1.6499167680740356,1.6170688340013433,1.4879597856382571,0.23440202466159585,0.10987371697305029,16562.88999864459,17000.0,817,0.3372471190849195,0.0,0.0,0.0,10038,0,0,0,0.0,0.9222855742718178,0.0,0.0,0.0,0.7778138933739853
2016-10-11,1.6260652542114258,1.617925635926113,1.5054286539041437,0.2343695538922119,0.1058192048733637,16562.88999864459,17000.0,817,0.3304423837319056,0.0,0.0,0.0,10185,0,0,0,0.0,0.9222443973793156,0.0,0.0,0.0,0.8456759508878642
2016-10-12,1.6334418058395386,1.6194033663940584,1.5247731262565434,0.23395012718420194,0.10581642816109299,16562.88999864459,17000.0,817,0.3307358924402423,0.0,0.0,0.0,10139,0,0,0,0.0,0.9221733793915327,0.0,0.0,0.0,0.8424212828594739
2016-10-13,1.6068857908248901,1.6182112163398519,1.5311194469305651,0.21030140823844898,0.09985458039525645,16562.88999864459,17000.0,817,0.5052445539474073,0.17540758991234548,1.0,0.5052445539474073,10307,3,3,3,4.82065737247467,0.9222306727206083,0.034993656577718364,0.0,1.0,0.7550639423683969
2016-10-14,1.6226234436035156,1.6186314284602008,1.5401267533475838,0.21204261123154536,0.09902781745872027,16558.069341272116,17000.0,820,0.3364292681431661,0.0,0.0,0.0,10204,0,0,0,0.0,0.921924836980155,0.0,0.0,0.0,0.784369084979037
2016-10-17,1.6132792234420776,1.6181216946489512,1.5450771822641522,0.21005631602407748,0.09956287426240715,16558.069341272116,17000.0,820,0.4957952377472359,0.15965872957872645,1.0,0.4957952377472359,10263,2,2,2,3.2265584468841553,0.9219494241404623,0.014963247890709786,0.0,1.0,0.7581546466679159
2016-10-18,1.6378681659698486,1.6200023109652273,1.5575528375789736,0.2113942292710497,0.10215295509293629,16554.84278282523,17000.0,822,0.34230154968116333,0.0,0.0,0.0,10107,0,0,0,0.0,0.921668123552152,0.0,0.0,0.0,0.7244910591730505
2016-10-19,1.634425401687622,1.6213759386530744,1.5620058479411385,0.18959142503717777,0.09418808842956852,16554.84278282523,17000.0,822,0.346978904137802,0.0,0.0,0.0,10128,0,0,0,0.0,0.9216017046133631,0.0,0.0,0.0,0.6774186293821136
2016-10-20,1.6654075384140015,1.625569424344591,1.5680482049532205,0.19970921575242706,0.09059375780110894,16554.84278282523,17000.0,822,0.33092553320823825,0.0,0.0,0.0,9940,0,0,0,0.0,0.9213989372463969,0.0,0.0,0.0,0.8370398855264034
2016-10-21,1.6607356071472168,1.6289185846115077,1.5747977931436359,0.2001697393598855,0.08872261379814056,16554.84278282523,17000.0,822,0.32654582526192566,0.0,0.0,0.0,9968,0,0,0,0.0,0.9212369954970201,0.0,0.0,0.0,0.8801082271173335
2016-10-24,1.7386828660964966,1.6393723257053163,1.5784801272826834,0.2509498425436091,0.08522227136759208,16554.84278282523,17000.0,822,0.31432918686597666,0.0,0.0,0.0,9521,0,0,0,0.0,0.920731526368837,0.0,0.0,0.0,1.0
2016-10-25,1.7672057151794434,1.6515469342266618,1.5725395391263266,0.23046976473425668,0.08288891659581059,16554.84278282523,17000.0,822,0.314064281707621,0.0,0.0,0.0,9367,0,0,0,0.0,0.9201428482391579,0.0,0.0,0.0,1.0
2016-10-26,1.774336576461792,1.6632411858681027,1.5694515500082742,0.23046611392080524,0.08022168958565239,16554.84278282523,17000.0,822,0.3138098285498464,0.0,0.0,0.0,9330,0,0,0,0.0,0.9195773967774364,0.0,0.0,0.0,1.0
2016-10-27,1.7379447221755981,1.6703558083735783,1.5712904718639131,0.24516903864717926,0.07414324648553192,16554.84278282523,17000.0,822,0.31365502273427137,0.0,0.0,0.0,9525,0,0,0,0.0,0.9192333838539364,0.0,0.0,0.0,1.0
2016-10-28,1.7349942922592163,1.676511854457925,1.5733743742666182,0.23973137636222594,0.06768278228688002,16554.84278282523,17000.0,822,0.3135210744138831,0.0,0.0,0.0,9541,0,0,0,0.0,0.9189357209197403,0.0,0.0,0.0,1.0
2016-10-31,1.749747395515442,1.6834866678919742,1.574711384665429,0.24074509997051904,0.0671862810482676,16554.84278282523,17000.0,822,0.31336931067922114,0.0,0.0,0.0,9461,0,0,0,0.0,0.9185984681760468,0.0,0.0,0.0,1.0
2016-11-01,1.6978650093078613,1.6848560337411063,1.5756294832781768,0.26561158000071594,0.06897609544232665,17054.84278282523,17500.0,822,0.3143869573210951,0.0,0.0,0.0,10044,0,0,0,0.0,0.9208599051579892,0.0,0.0,0.0,1.0
2016-11-02,1.6907342672348022,1.6854158655024105,1.5760021768196975,0.2661201928917029,0.06885864602423865,17054.84278282523,17500.0,822,0.3143751240771805,0.0,0.0,0.0,10087,0,0,0,0.0,0.920833609060401,0.0,0.0,0.0,1.0
2016-11-03,1.67106294631958,1.6840489208183316,1.5750474921278779,0.2652128530149425,0.06924204614755317,17054.84278282523,17500.0,822,0.48175413248934884,0.13625688748224804,1.0,0.48175413248934884,10205,2,2,2,3.34212589263916,0.9208978164049904,0.03855581134911807,0.0,1.0,1.0
2016-11-04,1.6614736318588257,1.6818988932983787,1.5737788155460588,0.26466338616388696,0.06899444075124408,17051.500656932592,17500.0,824,0.4916873414517945,0.1528122357529908,1.0,0.4916873414517945,10262,2,2,2,3.3229472637176514,0.9208065892526934,0.06072083619573876,0.0,1.0,1.0
2016-11-07,1.7524527311325073,1.6886183064254385,1.5765981605307713,0.32711113080369053,0.10758544448922117,17048.177709668875,17500.0,826,0.31413374717152365,0.0,0.0,0.0,9728,0,0,0,0.0,0.9202972159367193,0.0,0.0,0.0,1.0
2016-11-08,1.749747395515442,1.6944401244340104,1.582198759264091,0.3210122672825204,0.09923067665635263,17048.177709668875,17500.0,826,0.31401009175702166,0.0,0.0,0.0,9743,0,0,0,0.0,0.9200224261267147,0.0,0.0,0.0,1.0
2016-11-09,1.7202410697937012,1.6968973573254094,1.5871875596451872,0.32929748495183947,0.10662556471798554,17048.177709668875,17500.0,826,0.31395790013040825,0.0,0.0,0.0,9910,0,0,0,0.0,0.9199064447342407,0.0,0.0,0.0,1.0
2016-11-10,1.666391134262085,1.6939920027479498,1.5912685034954617,0.3448083299343067,0.10581743657650394,17048.177709668875,17500.0,826,0.500679732219033,0.16779955369838823,1.0,0.500679732219033,10230,3,3,3,4.999173402786255,0.9200435774702967,0.08146693857199867,0.0,1.0,1.0
2016-11-11,2.1630871295928955,1.738667729114135,1.5107098938336727,1.1069121645250735,0.1060961047871024,17043.17853626609,17500.0,829,0.3129365716373699,0.0,0.0,0.0,7879,0,0,0,0.0,0.9176368258608218,0.0,0.0,0.0,1.0
2016-11-14,2.0566165447235107,1.7689485686959803,1.503365060946001,1.1290111516728651,0.10521436563298948,17043.17853626609,17500.0,829,0.3122910706541694,0.0,0.0,0.0,8286,0,0,0,0.0,0.9162023792314875,0.0,0.0,0.0,1.0
2016-11-15,2.119319438934326,1.8023172230043942,1.4943206661145605,1.130479342305787,0.10618985725158422,17043.17853626609,17500.0,829,0.3115797462833263,0.0,0.0,0.0,8041,0,0,0,0.0,0.9146216584073918,0.0,0.0,0.0,1.0
2016-11-16,2.253081798553467,1.8452471825804964,1.4765587135869058,1.1410143557222034,0.1064565964416985,17043.17853626609,17500.0,829,0.31066460220219116,0.0,0.0,0.0,7564,0,0,0,0.0,0.9125880048937582,0.0,0.0,0.0,1.0
2016-11-17,2.2717702388763428,1.8858684260372438,1.4678898554261506,1.1415611014193068,0.10699958888911709,17043.17853626609,17500.0,829,0.30979867335238886,0.0,0.0,0.0,7502,0,0,0,0.0,0.9106637185608643,0.0,0.0,0.0,1.0
2016-11-18,2.295621633529663,1.9248925410365219,1.467100875359849,1.1393551341429309,0.10764202660156928,17043.17853626609,17500.0,829,0.30896679071807576,0.0,0.0,0.0,7424,0,0,0,0.0,0.9088150904846127,0.0,0.0,0.0,1.0
2016-11-21,2.28627872467041,1.9593102728111778,1.468658273244014,1.1368163813638534,0.10932391113728247,17043.17853626609,17500.0,829,0.30823310301301654,0.0,0.0,0.0,7454,0,0,0,0.0,0.907184673362259,0.0,0.0,0.0,1.0
2016-11-22,2.3027524948120117,1.9920190558588762,1.4722239282159575,1.1372296726009616,0.1078193996277517,17043.17853626609,17500.0,829,0.30753584521210553,0.0,0.0,0.0,7401,0,0,0,0.0,0.9056352115824566,0.0,0.0,0.0,1.0
2016-11-23,2.314079999923706,2.0226915267221934,1.4787673798436145,1.1371165504800336,0.107213236217243,17043.17853626609,17500.0,829,0.3068819957689306,0.0,0.0,0.0,7364,0,0,0,0.0,0.9041822128198458,0.0,0.0,0.0,1.0
2016-11-25,2.3187599182128906,2.050888516387974,1.4916528636508928,1.1304535778826241,0.1061541881330384,17043.17853626609,17500.0,829,0.3062809165120838,0.0,0.0,0.0,7350,0,0,0,0.0,0.902846481137964,0.0,0.0,0.0,1.0
2016-11-28,2.3175275325775146,2.076282708406026,1.5087979314031104,1.1302108136679203,0.10775071455726978,17043.17853626609,17500.0,829,0.3057395848930933,0.0,0.0,0.0,7354,0,0,0,0.0,0.9016435219846517,0.0,0.0,0.0,1.0
2016-11-29,2.29634952545166,2.0972414528865624,1.5284496758523098,1.1336282120104924,0.10753639721277244,17043.17853626609,17500.0,829,0.3052928043428953,0.0,0.0,0.0,7421,0,0,0,0.0,0.9006506763175451,0.0,0.0,0.0,1.0
2016-11-30,2.270493984222412,2.113741693966167,1.5578982110714017,1.1257057825306631,0.10408582230317867,17043.17853626609,17500.0,829,0.3049410663466241,0.0,0.0,0.0,7506,0,0,0,0.0,0.8998690363258313,0.0,0.0,0.0,1.0
2016-12-01,2.1581995487213135,2.117975775371419,1.5886335864663357,1.1480876344897746,0.10131079335317597,17543.17853626609,18000.0,829,0.3061049520554273,0.0,0.0,0.0,8128,0,0,0,0.0,0.9024554490120608,0.0,0.0,0.0,1.0
2016-12-02,2.17814564704895,2.1237062393407076,1.6299102178578901,1.1441863235354275,0.09854222641560181,17543.17853626609,18000.0,829,0.30598618818966383,0.0,0.0,0.0,8054,0,0,0,0.0,0.9021915293103641,0.0,0.0,0.0,1.0
2016-12-05,2.2626123428344727,2.1369353920543994,1.6861764584013246,1.1441518664589574,0.09799237677260556,17543.17853626609,18000.0,829,0.3057120139996726,0.0,0.0,0.0,7753,0,0,0,0.0,0.9015822533326058,0.0,0.0,0.0,1.0
2016-12-06,2.299797296524048,2.1524460496229376,1.7349273798786315,1.135744920741326,0.06613117440757905,17543.17853626609,18000.0,829,0.3053905556215646,0.0,0.0,0.0,7628,0,0,0,0.0,0.9008679013812547,0.0,0.0,0.0,1.0
2016-12-07,2.3411686420440674,2.170419629853521,1.7951053632965706,1.133907308007979,0.07719360321680335,17543.17853626609,18000.0,829,0.3050180531712857,0.0,0.0,0.0,7493,0,0,0,0.0,0.9000401181584128,0.0,0.0,0.0,1.0
2016-12-08,2.302013397216797,2.1829523696024045,1.87905836340104,1.1338529291157307,0.06995410041011141,17543.17853626609,18000.0,829,0.30475831213999016,0.0,0.0,0.0,7620,0,0,0,0.0,0.8994629158666448,0.0,0.0,0.0,1.0
2016-12-09,2.261134386062622,2.190398275931949,2.036989194496301,1.1272362215512575,0.07141580048734933,17543.17853626609,18000.0,829,0.30460399573131036,0.0,0.0,0.0,7758,0,0,0,0.0,0.899119990514023,0.0,0.0,0.0,1.0
2016-12-12,2.2062201499938965,2.1919051210807057,2.0426888168792896,0.42472549453768876,0.07125278253766824,17543.17853626609,18000.0,829,0.3045727663656024,0.0,0.0,0.0,7951,0,0,0,0.0,0.8990505919235608,0.0,0.0,0.0,1.0
2016-12-13,2.2451279163360596,2.196973958724073,2.0804446374205536,0.383491071276931,0.07240962943748784,17543.17853626609,18000.0,829,0.30446771470544365,0.0,0.0,0.0,7813,0,0,0,0.0,0.8988171437898747,0.0,0.0,0.0,1.0
2016-12-14,2.375152826309204,2.2139433746845616,2.1091857139984427,0.4187194155201331,0.07887860692807995,17543.17853626609,18000.0,829,0.3041160235596625,0.0,0.0,0.0,7386,0,0,0,0.0,0.8980356079103611,0.0,0.0,0.0,1.0
2016-12-15,2.4308063983917236,2.234596995990006,2.1103367904343076,0.3675432174200295,0.07828511457810736,17543.17853626609,18000.0,829,0.30368797725810714,0.0,0.0,0.0,7217,0,0,0,0.0,0.8970843939069048,0.0,0.0,0.0,1.0
2016-12-16,2.472670555114746,2.2572706682876,2.108106898669423,0.3702645378546062,0.07861862366631901,17543.17853626609,18000.0,829,0.3032180653997395,0.0,0.0,0.0,7094,0,0,0,0.0,0.8960401453327544,0.0,0.0,0.0,1.0
2016-12-19,2.502713680267334,2.280646193238051,2.105348608520729,0.3706652906105234,0.0771898124643156,17543.17853626609,18000.0,829,0.30273360764514146,0.0,0.0,0.0,7009,0,0,0,0.0,0.8949635725447587,0.0,0.0,0.0,1.0
2016-12-20,2.589888334274292,2.3100978257176927,2.0944516578334933,0.38409490462808493,0.07463921185244565,17543.17853626609,18000.0,829,0.30212322256200086,0.0,0.0,0.0,6773,0,0,0,0.0,0.8936071612488907,0.0,0.0,0.0,1.0
2016-12-21,2.6061415672302246,2.338292467766505,2.0884571921892636,0.38408743169704024,0.0759957888131013,17543.17853626609,18000.0,829,0.3015388886055391,0.0,0.0,0.0,6731,0,0,0,0.0,0.8923086413456426,0.0,0.0,0.0,1.0
2016-12-22,2.637662172317505,2.3668038681999337,2.0836525377457917,0.3845438172857834,0.07686053004875355,17543.17853626609,18000.0,829,0.30094798983155635,0.0,0.0,0.0,6651,0,0,0,0.0,0.8909955329590141,0.0,0.0,0.0,1.0
2016-12-23,2.7034127712249756,2.3988618589642234,2.0761873677198324,0.38930108613134323,0.07622462204006304,17543.17853626609,18000.0,829,0.3002835879729665,0.0,0.0,0.0,6489,0,0,0,0.0,0.8895190843843699,0.0,0.0,0.0,1.0
2016-12-27,2.8890914916992188,2.4455503954151756,2.050405858954227,0.4430289013738455,0.07243740671756489,17543.17853626609,18000.0,829,0.2993159680550205,0.0,0.0,0.0,6072,0,0,0,0.0,0.8873688179000455,0.0,0.0,0.0,1.0
2016-12-28,2.690361261367798,2.4688657159820924,2.056853875688765,0.5231432629593159,0.08047666637528751,17543.17853626609,18000.0,829,0.2988327580362711,0.0,0.0,0.0,6520,0,0,0,0.0,0.8862950178583803,0.0,0.0,0.0,1.0
2016-12-29,2.7440459728240967,2.495073359490855,2.065461261739509,0.5192513053468598,0.07947424074942737,17543.17853626609,18000.0,829,0.298289604624552,0.0,0.0,0.0,6393,0,0,0,0.0,0.8850880102767823,0.0,0.0,0.0,1.0
2016-12-30,2.6285507678985596,2.507785493624922,2.0929965390658154,0.5086045782301702,0.08044069978217164,17543.17853626609,18000.0,829,0.2980261456446235,0.0,0.0,0.0,6674,0,0,0,0.0,0.8845025458769411,0.0,0.0,0.0,1.0
2017-01-03,2.512071371078491,2.508193672430024,2.1163386997665836,0.5444785452367847,0.08453642190575505,18043.17853626609,18500.0,829,0.29942261354053945,0.0,0.0,0.0,7182,0,0,0,0.0,0.8876058078678654,0.0,0.0,0.0,1.0
2017-01-04,2.5706801414489746,2.5141447647175434,2.135092281689986,0.535476934411192,0.08446991020694958,18043.17853626609,18500.0,829,0.2993026105687633,0.0,0.0,0.0,7018,0,0,0,0.0,0.8873391345972517,0.0,0.0,0.0,1.0
2017-01-05,2.5054216384887695,2.513313990790994,2.1462090122598885,0.5461190404091216,0.08451295807141153,18043.17853626609,18500.0,829,0.45638485214184765,0.09397475356974605,1.0,0.45638485214184765,7201,2,2,2,5.010843276977539,0.8873763622505009,0.015701086953605028,0.0,1.0,1.0
2017-01-06,2.5389130115509033,2.515751992768128,2.1573249825857617,0.5448898616433063,0.0726256602126671,18038.16769298911,18500.0,831,0.2991478130975329,0.0,0.0,0.0,7104,0,0,0,0.0,0.8869951402167398,0.0,0.0,0.0,1.0
2017-01-09,2.6418488025665283,2.527761212748928,2.180933125638351,0.552989585567435,0.07402031119813485,18038.16769298911,18500.0,831,0.29890506456716426,0.0,0.0,0.0,6827,0,0,0,0.0,0.8864556990381427,0.0,0.0,0.0,1.0
2017-01-10,2.6219019889831543,2.5367270009617116,2.2137327319075943,0.5479732696251193,0.07119473933197301,18038.16769298911,18500.0,831,0.29872383448596584,0.0,0.0,0.0,6879,0,0,0,0.0,0.8860529655243685,0.0,0.0,0.0,1.0
2017-01-11,2.5896425247192383,2.5417665746529043,2.2637052554204127,0.5402059681724858,0.07158567905071156,18038.16769298911,18500.0,831,0.2986219669950566,0.0,0.0,0.0,6965,0,0,0,0.0,0.8858265933223479,0.0,0.0,0.0,1.0
2017-01-12,2.54728627204895,2.5422922601191944,2.3107000039501635,0.5461051394105352,0.06829221294976187,18038.16769298911,18500.0,831,0.2986113410447798,0.0,0.0,0.0,7081,0,0,0,0.0,0.8858029800995108,0.0,0.0,0.0,1.0
2017-01-13,2.5470399856567383,2.5427444244561035,2.332980163454624,0.5119836177548409,0.061437516562265516,18038.16769298911,18500.0,831,0.2986022012148454,0.0,0.0,0.0,7082,0,0,0,0.0,0.8857826693663231,0.0,0.0,0.0,1.0
2017-01-17,2.489907741546631,2.537712359417106,2.3364005770886203,0.5147676426255936,0.061215029019893515,18038.16769298911,18500.0,831,0.4910887009297267,0.15181450154954443,1.0,0.4910887009297267,7244,2,2,2,4.979815483093262,0.8860087042878046,0.0941884088893655,0.0,1.0,1.0
2017-01-18,2.535219669342041,2.5374749603623377,2.3427521207752857,0.5151693552229929,0.06104902022261378,18033.187877506018,18500.0,833,0.45058505604098364,0.08430842673497271,1.0,0.45058505604098364,7113,2,2,2,5.070439338684082,0.8857450463793607,0.004443967045047417,0.0,1.0,1.0
2017-01-19,2.5896425247192383,2.5424432998248996,2.353500269494494,0.5187126583009124,0.06223810129673143,18028.117438167334,18500.0,835,0.2983609151400429,0.0,0.0,0.0,6961,0,0,0,0.0,0.8852464780889843,0.0,0.0,0.0,1.0
2017-01-20,2.5613224506378174,2.5442413141880347,2.354262954755781,0.5058270107805095,0.06203684517188471,18028.117438167334,18500.0,835,0.2983243960104781,0.0,0.0,0.0,7038,0,0,0,0.0,0.8851653244677292,0.0,0.0,0.0,1.0
2017-01-23,2.587918281555176,2.548401025365858,2.3582203721662496,0.5067199550197208,0.06216546454795623,18028.117438167334,18500.0,835,0.29823990890371777,0.0,0.0,0.0,6966,0,0,0,0.0,0.884977575341595,0.0,0.0,0.0,1.0
2017-01-24,2.6430795192718506,2.5574180247854765,2.3670357525638774,0.5106479340332944,0.06588814009600963,18028.117438167334,18500.0,835,0.2980567663344247,0.0,0.0,0.0,6820,0,0,0,0.0,0.8845705918542771,0.0,0.0,0.0,1.0
2017-01-25,2.6544079780578613,2.5666551631923706,2.3802855418900064,0.502799431952034,0.07118504726767103,18028.117438167334,18500.0,835,0.29786915256380897,0.0,0.0,0.0,6791,0,0,0,0.0,0.88415367236402,0.0,0.0,0.0,1.0
2017-01-26,2.700212001800537,2.579374862107434,2.4407057247532147,0.43799629161183473,0.0711498669740937,18028.117438167334,18500.0,835,0.2976108051655747,0.0,0.0,0.0,6676,0,0,0,0.0,0.8835795670346104,0.0,0.0,0.0,1.0
2017-01-27,2.7524187564849854,2.5958552330005342,2.4458826258469677,0.3686777397238854,0.06313443794126049,18028.117438167334,18500.0,835,0.2972760754702729,0.0,0.0,0.0,6549,0,0,0,0.0,0.8828357232672732,0.0,0.0,0.0,1.0
2017-01-30,2.7093236446380615,2.6066617483945844,2.463138757893401,0.36657037155714683,0.06776969322036724,18028.117438167334,18500.0,835,0.2970565863805803,0.0,0.0,0.0,6654,0,0,0,0.0,0.8823479697346228,0.0,0.0,0.0,1.0
2017-01-31,2.688638210296631,2.6144690304804934,2.4656877510159445,0.3334859066593717,0.06510321904528985,18028.117438167334,18500.0,835,0.2968980141511868,0.0,0.0,0.0,6705,0,0,0,0.0,0.8819955870026372,0.0,0.0,0.0,1.0
2017-02-01,2.8061020374298096,2.632719793047095,2.4635393752599644,0.31971632815878126,0.058602358658202944,18528.117438167334,19000.0,835,0.2979345019875028,0.0,0.0,0.0,6602,0,0,0,0.0,0.8842988933055619,0.0,0.0,0.0,1.0
2017-02-02,2.8415637016296387,2.6526096891025754,2.4567745368617975,0.3141175126315292,0.05525371020886599,18528.117438167334,19000.0,835,0.29754115312208984,0.0,0.0,0.0,6520,0,0,0,0.0,0.8834247847157553,0.0,0.0,0.0,1.0
2017-02-03,2.8166909217834473,2.66823647316742,2.463987672393322,0.29775549487405883,0.060446118776417826,18528.117438167334,19000.0,835,0.29723211290564955,0.0,0.0,0.0,6577,0,0,0,0.0,0.8827380286792212,0.0,0.0,0.0,1.0
2017-02-06,2.8888447284698486,2.689246783196223,2.4637491537878513,0.30484479878120435,0.060183345313903,18528.117438167334,19000.0,835,0.2968166063796852,0.0,0.0,0.0,6413,0,0,0,0.0,0.8818146808437449,0.0,0.0,0.0,1.0
2017-02-07,2.933664321899414,2.7125246440250983,2.4564577175108546,0.2798594892706898,0.0584073100367329,18528.117438167334,19000.0,835,0.29635625605302995,0.0,0.0,0.0,6315,0,0,0,0.0,0.8807916801178444,0.0,0.0,0.0,1.0
2017-02-08,2.920858383178711,2.7323659525159183,2.455362182057425,0.27812780577193463,0.058374667923192416,18528.117438167334,19000.0,835,0.2959638680706391,0.0,0.0,0.0,6343,0,0,0,0.0,0.8799197068236425,0.0,0.0,0.0,1.0
2017-02-09,2.86594295501709,2.745087571801744,2.4617111869221553,0.2845443438595565,0.06074824385577406,18528.117438167334,19000.0,835,0.29571228131028915,0.0,0.0,0.0,6464,0,0,0,0.0,0.879360625133976,0.0,0.0,0.0,1.0
2017-02-10,2.797975778579712,2.750124543875836,2.473847330413467,0.2930231469418236,0.06056147366729733,18528.117438167334,19000.0,835,0.2956126685599292,0.0,0.0,0.0,6621,0,0,0,0.0,0.8791392634665093,0.0,0.0,0.0,1.0
2017-02-13,2.6689376831054688,2.742392461897706,2.4766833554595724,0.34439349979687955,0.06236422334086186,18528.117438167334,19000.0,835,0.5060316638573016,0.17671943976216928,1.0,0.5060316638573016,6942,3,3,3,8.006813049316406,0.8794790681218639,0.13392462933880614,0.0,1.0,1.0
2017-02-14,2.6787877082824707,2.736334866315303,2.492966537161565,0.33148905872752843,0.06112486083191251,18520.110625118017,19000.0,838,0.49301012775286646,0.15501687958811072,1.0,0.49301012775286646,6913,2,2,2,5.357575416564941,0.8793132306330409,0.10515371992888445,0.0,1.0,1.0
2017-02-15,2.6842048168182373,2.7313700996965347,2.5048343475993318,0.3271604995190075,0.06235649778179489,18514.753049701452,19000.0,840,0.4845130974652567,0.1408551624420945,1.0,0.4845130974652567,6897,2,2,2,5.368409633636475,0.8792446903292058,0.08633997070469797,0.0,1.0,1.0
2017-02-16,2.6411101818084717,2.722773917040529,2.502319501252236,0.32627334974726113,0.05998256405818521,18509.384640067816,19000.0,842,0.5131860565012429,0.18864342750207153,1.0,0.5131860565012429,7008,3,3,3,7.923330545425415,0.8793381243079934,0.1499642234725464,0.0,1.0,1.0
2017-02-17,2.6406173706054688,2.7149494840467137,2.5056124376903153,0.3231933220735366,0.05970412498677006,18501.46130952239,19000.0,845,0.5072676324722799,0.17877938745379982,1.0,0.5072676324722799,7006,3,3,3,7.921852111816406,0.8792561939989751,0.13689410038386912,0.0,1.0,1.0
2017-02-21,2.735180616378784,2.71687625855453,2.5210362133827933,0.34415418899708694,0.0591673368706782,18493.539457410574,19000.0,848,0.29543368524924163,0.0,0.0,0.0,6761,0,0,0,0.0,0.8787415227760925,0.0,0.0,0.0,1.0
2017-02-22,2.7309885025024414,2.7182202817876644,2.5289732316354887,0.33751447101629073,0.05785053221093951,18493.539457410574,19000.0,848,0.29540669160367516,0.0,0.0,0.0,6771,0,0,0,0.0,0.8786815368970559,0.0,0.0,0.0,1.0
2017-02-23,2.4777626991271973,2.6953195596295245,2.4722794508858845,0.475634390438765,0.05308036377556832,18493.539457410574,19000.0,848,0.6274788423952617,0.3791314039921029,1.0,0.6274788423952617,7463,3,3,3,7.433288097381592,0.8797036322860086,0.40358268414790627,0.0,1.0,1.0
2017-02-24,2.5016801357269287,2.676877709734039,2.428467880491972,0.47209271069818853,0.052471670226871485,18486.106169313192,19000.0,851,0.5933059025947598,0.32217650432459966,1.0,0.5933059025947598,7389,3,3,3,7.505040407180786,0.8801040562640176,0.3272423939465596,0.0,1.0,1.0
2017-02-27,2.5744173526763916,2.6671195804904535,2.4081920215866637,0.47951643633082136,0.05175572160824482,18478.60112890601,19000.0,854,0.5242582194198164,0.20709703236636068,1.0,0.5242582194198164,7177,3,3,3,7.723252058029175,0.8801199935926922,0.17378716067356642,0.0,1.0,1.0
2017-02-28,2.50217342376709,2.651410422707276,2.37312370999271,0.4858761197980175,0.04618413976291515,18470.877876847982,19000.0,857,0.5728266013213554,0.2880443355355924,1.0,0.5728266013213554,7381,3,3,3,7.5065202713012695,0.8804074351442034,0.281429456681031,0.0,1.0,1.0
2017-03-01,2.5344741344451904,2.6402736333489822,2.3500667845012844,0.48902621674597047,0.061410372846117306,18963.37135657668,19500.0,860,0.5377614056872402,0.22960234281206693,1.0,0.5377614056872402,7482,3,3,3,7.603422403335571,0.8835571628369167,0.20035707202361702,0.0,1.0,1.0
2017-03-02,2.4410250186920166,2.6212975748102236,2.310771552627498,0.4714322728722529,0.06790614525100754,18955.767934173346,19500.0,863,0.6025334336887083,0.33755572281451374,1.0,0.6025334336887083,7765,3,3,3,7.32307505607605,0.8839907791250655,0.3438612957387304,0.0,1.0,1.0
2017-03-03,2.4269697666168213,2.6027901645060902,2.2787262863005924,0.4660124594846944,0.06792779432978667,18948.44485911727,19500.0,866,0.5999734013610621,0.3332890022684369,1.0,0.5999734013610621,7807,3,3,3,7.280909299850464,0.884409421412191,0.3377536927235026,0.0,1.0,1.0
2017-03-06,2.408231496810913,2.58426076758274,2.2470773341914567,0.4659880616935924,0.0678183637738353,18941.16394981742,19500.0,869,0.6014364269556995,0.3357273782594992,1.0,0.6014364269556995,7865,3,3,3,7.224694490432739,0.8848347381010564,0.3405795440227203,0.0,1.0,1.0
2017-03-07,2.4346137046813965,2.5700086663540405,2.238659197871583,0.4549946898475698,0.06846630331186336,18933.939255326986,19500.0,872,0.5668195632400976,0.2780326054001627,1.0,0.5668195632400976,7776,3,3,3,7.3038411140441895,0.8850744842532963,0.26341343405803164,0.0,1.0,1.0
2017-03-08,2.430175304412842,2.5566912033120217,2.246669903071655,0.4471473167933222,0.06972104550535829,18926.635414212942,19500.0,875,0.5597140250015037,0.2661900416691728,1.0,0.5597140250015037,7788,3,3,3,7.290525913238525,0.8852766767744605,0.24742115656221417,0.0,1.0,1.0
2017-03-09,2.429682493209839,2.544595135683242,2.2635240554087668,0.4479605452051689,0.06970547995353336,18919.344888299704,19500.0,878,0.5500514614130249,0.2500857690217081,1.0,0.5500514614130249,7786,3,3,3,7.289047479629517,0.885427972865134,0.22579749694158788,0.0,1.0,1.0
2017-03-10,2.4439830780029297,2.535013034951784,2.282323017309154,0.4491998457212824,0.06824600314363911,18912.055840820074,19500.0,881,0.5292566393171044,0.21542773219517403,1.0,0.5292566393171044,7738,3,3,3,7.331949234008789,0.8854694110875629,0.17954534295044675,0.0,1.0,1.0
2017-03-13,2.5112967491149902,2.5327543410625655,2.3059036592389948,0.4613998351599377,0.06783841344107482,18904.723891586065,19500.0,884,0.46739389776443796,0.1123231629407299,1.0,0.46739389776443796,7527,2,2,2,5.0225934982299805,0.8851818032051637,0.04236019182692061,0.0,1.0,1.0
2017-03-14,2.509571075439453,2.530546411003222,2.3109741693260895,0.4351021548190783,0.06797952077427842,18899.701298087835,19500.0,886,0.4669099854430028,0.11151664240500458,1.0,0.4669099854430028,7531,2,2,2,5.019142150878906,0.8850223528128792,0.04144428150490465,0.0,1.0,1.0
2017-03-15,2.5285558700561523,2.5303568356749295,2.3211981013321994,0.43607361118278787,0.07233910651304912,18894.682155936956,19500.0,888,0.44974857255013767,0.08291428758356276,1.0,0.44974857255013767,7472,2,2,2,5.057111740112305,0.8847714425600339,0.0035587186624941123,0.0,1.0,1.0
2017-03-16,2.559624671936035,2.533144248652178,2.336350473628578,0.4390011166889148,0.07132675735818512,18889.625044196844,19500.0,890,0.29797311427768225,0.0,0.0,0.0,7379,0,0,0,0.0,0.8843846983948493,0.0,0.0,0.0,1.0
2017-03-17,2.6153488159179688,2.540973255058444,2.347116224240837,0.44344583814082583,0.07147452117946845,18889.625044196844,19500.0,890,0.29781231853072276,0.0,0.0,0.0,7222,0,0,0,0.0,0.8840273745127172,0.0,0.0,0.0,1.0
2017-03-20,2.6986887454986572,2.5559937779575117,2.3531150796887736,0.4577335609848436,0.07197917690354176,18889.625044196844,19500.0,890,0.29750382009887266,0.0,0.0,0.0,6999,0,0,0,0.0,0.8833418224419392,0.0,0.0,0.0,1.0
2017-03-21,2.611402750015259,2.561270822915392,2.3789099257048405,0.4538851794901621,0.08214572103177398,18889.625044196844,19500.0,890,0.2973954377139685,0.0,0.0,0.0,7233,0,0,0,0.0,0.8831009726977077,0.0,0.0,0.0,1.0
2017-03-22,2.664661407470703,2.571117545253993,2.403182811632577,0.4607492486213089,0.08251453700857607,18889.625044196844,19500.0,890,0.2971932011859373,0.0,0.0,0.0,7088,0,0,0,0.0,0.8826515581909716,0.0,0.0,0.0,1.0
2017-03-23,2.640498399734497,2.577725245680708,2.4018494908477486,0.3106699100496747,0.08251251710644449,18889.625044196844,19500.0,890,0.2970574891848654,0.0,0.0,0.0,7153,0,0,0,0.0,0.8823499759663677,0.0,0.0,0.0,1.0
2017-03-24,2.649867534637451,2.5845959398670644,2.4002813568015333,0.30978650719044937,0.08223053982704691,18889.625044196844,19500.0,890,0.2969163756965765,0.0,0.0,0.0,7128,0,0,0,0.0,0.8820363904368366,0.0,0.0,0.0,1.0
2017-03-27,2.669100046157837,2.592643949989995,2.398981444039493,0.2948068132067775,0.08205514480426096,18889.625044196844,19500.0,890,0.2967510819502055,0.0,0.0,0.0,7077,0,0,0,0.0,0.8816690710004567,0.0,0.0,0.0,1.0
2017-03-28,2.655292510986328,2.598610479608693,2.3984959325272355,0.2743656168001896,0.08620166044858842,18889.625044196844,19500.0,890,0.2966285386111138,0.0,0.0,0.0,7113,0,0,0,0.0,0.8813967524691417,0.0,0.0,0.0,1.0
2017-03-29,2.646662473678589,2.603186859996302,2.3978746515525216,0.2727070847946478,0.06949970411518959,18889.625044196844,19500.0,890,0.2965345467985375,0.0,0.0,0.0,7137,0,0,0,0.0,0.8811878817745278,0.0,0.0,0.0,1.0
2017-03-30,2.697455644607544,2.6121648394830874,2.403186551530725,0.23601977642066232,0.0678702270782903,18889.625044196844,19500.0,890,0.29635015291215505,0.0,0.0,0.0,7002,0,0,0,0.0,0.8807781175825667,0.0,0.0,0.0,1.0
2017-03-31,2.6858673095703125,2.6191841223485373,2.413263580924914,0.23518236332312226,0.06815192017667654,18889.625044196844,19500.0,890,0.2962059876409955,0.0,0.0,0.0,7032,0,0,0,0.0,0.8804577503133232,0.0,0.0,0.0,1.0
2017-04-03,2.6723058223724365,2.6242433318746228,2.429667294864916,0.233422488777792,0.0674869320153379,19389.625044196844,20000.0,890,0.2974495272792107,0.0,0.0,0.0,7255,0,0,0,0.0,0.8832211717315793,0.0,0.0,0.0,1.0
2017-04-04,2.4849143028259277,2.610973900536652,2.4235627854031376,0.3538256559426039,0.06685295316895436,19389.625044196844,20000.0,890,0.5563467796501096,0.26057796608351597,1.0,0.5563467796501096,7802,3,3,3,7.454742908477783,0.883811661426119,0.24140340446301328,0.0,1.0,1.0
2017-04-05,2.466421127319336,2.5972069697540503,2.415705596406824,0.35503614628776947,0.06723176420982108,19382.170301288366,20000.0,893,0.5611173884784056,0.2685289807973427,1.0,0.5611173884784056,7858,3,3,3,7.399263381958008,0.8840347088004816,0.2517817100404198,0.0,1.0,1.0
2017-04-06,2.4844205379486084,2.5864654048201987,2.4138398365671216,0.3557013734872089,0.0675742043404869,19374.77103790641,20000.0,896,0.5366270184598029,0.22771169743300476,1.0,0.5366270184598029,7798,3,3,3,7.453261613845825,0.8841263498640551,0.1972670244910623,0.0,1.0,1.0
2017-04-07,2.473817825317383,2.575737063915169,2.4081569766904223,0.3558133400699222,0.06638128213100808,19367.317776292562,20000.0,899,0.5369294400641598,0.22821573344026624,1.0,0.5369294400641598,7828,3,3,3,7.421453475952148,0.8842206189770132,0.1978448033877862,0.0,1.0,1.0
2017-04-10,2.4106967449188232,2.5600189382964693,2.3764236299173604,0.3528562765065946,0.06643716750653553,19359.89632281661,20000.0,902,0.579283653792626,0.2988060896543767,1.0,0.579283653792626,8030,3,3,3,7.23209023475647,0.8845431458828292,0.2916427514341174,0.0,1.0,1.0
2017-04-11,2.4193270206451416,2.546619708043962,2.3505585959783786,0.3533598176979802,0.06560927873476718,19352.664232581854,20000.0,905,0.5606106189842681,0.2676843649737802,1.0,0.5606106189842681,7999,3,3,3,7.257981061935425,0.8847654582110107,0.2499248061984739,0.0,1.0,1.0
2017-04-12,2.3993546962738037,2.532594468827756,2.3205941241075596,0.3523853011791577,0.05819989509053425,19345.40625151992,20000.0,908,0.5666315750559314,0.2777192917598857,1.0,0.5666315750559314,8062,3,3,3,7.198064088821411,0.8850202111152199,0.26304995567573874,0.0,1.0,1.0
2017-04-13,2.3544797897338867,2.5156311660569113,2.2807998943467416,0.35244775600677825,0.06191783250564559,19338.208187431097,20000.0,911,0.5925708893715426,0.32095148228590425,1.0,0.5925708893715426,8213,3,3,3,7.06343936920166,0.8854130003861077,0.320300087106209,0.0,1.0,1.0
2017-04-17,2.4466958045959473,2.5090658935368193,2.2690320108813324,0.3740203957712783,0.07085620578650237,19331.144748061895,20000.0,914,0.5043313168442207,0.17388552807370117,1.0,0.5043313168442207,7900,3,3,3,7.340087413787842,0.8853356886653674,0.12428945987734535,0.0,1.0,1.0
2017-04-18,2.448174476623535,2.5032667109736493,2.267242772867341,0.3510603854961144,0.0711608463261044,19323.804660648108,20000.0,917,0.49786965570334263,0.16311609283890435,1.0,0.49786965570334263,7893,2,2,2,4.89634895324707,0.8852252213018582,0.1100406802611255,0.0,1.0,1.0
2017-04-19,2.457791328430176,2.4989357221599855,2.261459287023469,0.336374934307501,0.056307354639336095,19318.90831169486,20000.0,919,0.4853739817395969,0.1422899695659948,1.0,0.4853739817395969,7860,2,2,2,4.915582656860352,0.8851739035667486,0.0823238336323554,0.0,1.0,1.0
2017-04-20,2.4967494010925293,2.498727501105942,2.2678190783134076,0.3325831036510497,0.06226733004772099,19313.992729038,20000.0,921,0.45000131599870574,0.08333552666450954,1.0,0.45000131599870574,7735,2,2,2,4.993498802185059,0.8849335985740714,0.0039582147563858175,0.0,1.0,1.0
2017-04-21,2.5071046352386475,2.499525323404295,2.274049282997165,0.3327123686540379,0.06317049784358078,19308.999230235815,20000.0,923,0.2980911078462013,0.0,0.0,0.0,7701,0,0,0,0.0,0.8846469063248917,0.0,0.0,0.0,1.0
2017-04-24,2.538419246673584,2.5032295065727985,2.2852242778063965,0.33631840755396064,0.07367969098749451,19308.999230235815,20000.0,923,0.29801418122224943,0.0,0.0,0.0,7606,0,0,0,0.0,0.8844759582716654,0.0,0.0,0.0,1.0
2017-04-25,2.582555055618286,2.5107843207676073,2.301933885734959,0.3418640485812255,0.07583421941345887,19308.999230235815,20000.0,923,0.29785728661845867,0.0,0.0,0.0,7476,0,0,0,0.0,0.8841273035965749,0.0,0.0,0.0,1.0
2017-04-26,2.5648016929626465,2.5159288324052302,2.3160158847751964,0.34216485890391296,0.07227151719593605,19308.999230235815,20000.0,923,0.2977504479730244,0.0,0.0,0.0,7528,0,0,0,0.0,0.8838898843844987,0.0,0.0,0.0,1.0
2017-04-27,2.604745864868164,2.5243875974017005,2.329610380908455,0.34737730484996737,0.072250613256611,19308.999230235815,20000.0,923,0.2975747805709602,0.0,0.0,0.0,7413,0,0,0,0.0,0.8834995123799115,0.0,0.0,0.0,1.0
2017-04-28,2.5717058181762695,2.5288940946183263,2.352357499810565,0.3417134914849406,0.07221474455426678,19308.999230235815,20000.0,923,0.2974811918900139,0.0,0.0,0.0,7508,0,0,0,0.0,0.8832915375333642,0.0,0.0,0.0,1.0
2017-05-01,2.6294026374816895,2.538466336795789,2.3727330395848942,0.3525002467841595,0.07169250593813997,19808.999230235815,20500.0,923,0.2985681954639936,0.0,0.0,0.0,7533,0,0,0,0.0,0.885707101031097,0.0,0.0,0.0,1.0
2017-05-02,2.551487445831299,2.5397064424182183,2.392543592136406,0.36691559334726903,0.07124793113201869,19808.999230235815,20500.0,923,0.29854306971422406,0.0,0.0,0.0,7763,0,0,0,0.0,0.885651266031609,0.0,0.0,0.0,1.0
2017-05-03,2.570472240447998,2.5426365184210544,2.391738883754083,0.26528147516828526,0.07158813634891371,19808.999230235815,20500.0,923,0.2984837035157959,0.0,0.0,0.0,7706,0,0,0,0.0,0.885519341146213,0.0,0.0,0.0,1.0
2017-05-04,2.56061053276062,2.544348329310537,2.3918520373754086,0.2639158672878257,0.0702782591932706,19808.999230235815,20500.0,923,0.29844902055711553,0.0,0.0,0.0,7736,0,0,0,0.0,0.8854422679047012,0.0,0.0,0.0,1.0
2017-05-05,2.560856342315674,2.545920521025312,2.3916317158245595,0.2632380875048865,0.07115879132156969,19808.999230235815,20500.0,923,0.29841716641912863,0.0,0.0,0.0,7735,0,0,0,0.0,0.885371480931397,0.0,0.0,0.0,1.0
2017-05-08,2.53398060798645,2.5447833864501823,2.3909111260197777,0.2660071749232374,0.07094816229594356,19808.999230235815,20500.0,923,0.4579916088246062,0.09665268137434366,1.0,0.4579916088246062,7817,2,2,2,5.0679612159729,0.8854226797222674,0.021225339887968497,0.0,1.0,1.0
2017-05-09,2.538172960281372,2.5441538220531528,2.3972816673205877,0.24639257082937083,0.07128610360282209,19803.931269019842,20500.0,925,0.45363062436132906,0.0893843739355484,1.0,0.45363062436132906,7802,2,2,2,5.076345920562744,0.8852028153463821,0.0117541276787936,0.0,1.0,1.0
2017-05-10,2.9906249046325684,2.5866748775369066,2.334900718767068,0.6702807727667719,0.07077756961057269,19798.85492309928,20500.0,927,0.2973643207236819,0.0,0.0,0.0,6620,0,0,0,0.0,0.8830318238304042,0.0,0.0,0.0,1.0
2017-05-11,3.119086265563965,2.637380724015674,2.2870496767856987,0.674967977783166,0.06957747491545423,19798.85492309928,20500.0,927,0.29633251858423715,0.0,0.0,0.0,6347,0,0,0,0.0,0.8807389301871936,0.0,0.0,0.0,1.0
2017-05-12,3.15336012840271,2.6865216196715824,2.2693335398878136,0.6640347030895905,0.06392141648028989,19798.85492309928,20500.0,927,0.29533256128556096,0.0,0.0,0.0,6278,0,0,0,0.0,0.8785168028568021,0.0,0.0,0.0,1.0
2017-05-15,3.3116564750671387,2.746058272566397,2.236084771803088,0.6703806047604743,0.05940754863012962,19798.85492309928,20500.0,927,0.29412106300482577,0.0,0.0,0.0,5978,0,0,0,0.0,0.8758245844551683,0.0,0.0,0.0,1.0
2017-05-16,3.3732986450195312,2.805795450895267,2.2167748502579463,0.6679298769126883,0.057914210566653024,19798.85492309928,20500.0,927,0.2929054842760507,0.0,0.0,0.0,5869,0,0,0,0.0,0.8731232983912238,0.0,0.0,0.0,1.0
2017-05-17,3.1491684913635254,2.8384976452255772,2.231142298816859,0.7299221284968256,0.08977517094780713,19798.85492309928,20500.0,927,0.29224003450215363,0.0,0.0,0.0,6287,0,0,0,0.0,0.8716445211158971,0.0,0.0,0.0,1.0
2017-05-18,3.2810819149017334,2.8806485280518777,2.240495383723817,0.7368967931772986,0.08669057786086341,19798.85492309928,20500.0,927,0.29138231544015414,0.0,0.0,0.0,6034,0,0,0,0.0,0.869738478755898,0.0,0.0,0.0,1.0
2017-05-19,3.356858730316162,2.926001880648476,2.251526925809179,0.7363643894792846,0.08876191595358093,19798.85492309928,20500.0,927,0.29045943002377994,0.0,0.0,0.0,5898,0,0,0,0.0,0.8676876222750665,0.0,0.0,0.0,1.0
2017-05-22,3.428439140319824,2.9738530482362235,2.2631102453383125,0.7365283411289059,0.0822158658033423,19798.85492309928,20500.0,927,0.2894857171184516,0.0,0.0,0.0,5774,0,0,0,0.0,0.8655238158187815,0.0,0.0,0.0,1.0
2017-05-23,3.382281541824341,3.0127510000065203,2.280813542295694,0.7439155430466364,0.0796787743328955,19798.85492309928,20500.0,927,0.2886941912364527,0.0,0.0,0.0,5853,0,0,0,0.0,0.8637648694143393,0.0,0.0,0.0,1.0
2017-05-24,3.420293092727661,3.051564532646629,2.3051164498469423,0.7397622160410926,0.08002974765976767,19798.85492309928,20500.0,927,0.2879043831808029,0.0,0.0,0.0,5788,0,0,0,0.0,0.8620097404017841,0.0,0.0,0.0,1.0
2017-05-25,3.4126415252685547,3.085952817658241,2.331770980856387,0.7424227975485562,0.081330429449998,19798.85492309928,20500.0,927,0.28720462351774956,0.0,0.0,0.0,5801,0,0,0,0.0,0.8604547189283323,0.0,0.0,0.0,1.0
2017-05-26,3.5010061264038086,3.125481704205438,2.366554756436971,0.7362427744776224,0.08081490950189944,19798.85492309928,20500.0,927,0.2864002588824732,0.0,0.0,0.0,5655,0,0,0,0.0,0.8586672419610516,0.0,0.0,0.0,1.0
2017-05-30,3.5757951736450195,3.168368701294922,2.3996080818341294,0.7361378605372596,0.08097579892163091,19798.85492309928,20500.0,927,0.2855275607929182,0.0,0.0,0.0,5536,0,0,0,0.0,0.8567279128731515,0.0,0.0,0.0,1.0
2017-05-31,3.5629591941833496,3.205948748236677,2.453035397094183,0.7201483339550697,0.08100787233190594,19798.85492309928,20500.0,927,0.2847628526669791,0.0,0.0,0.0,5556,0,0,0,0.0,0.8550285614821757,0.0,0.0,0.0,1.0
2017-06-01,3.5632057189941406,3.23997322164215,2.514517118042836,0.7220205024300616,0.0845314007642663,20298.85492309928,21000.0,927,0.28564024621866557,0.0,0.0,0.0,5696,0,0,0,0.0,0.856978324930368,0.0,0.0,0.0,1.0
2017-06-02,3.5454351902008057,3.269064837695355,2.5909878155706174,0.7224803484483991,0.08510937608051744,20298.85492309928,21000.0,927,0.2850623620454944,0.0,0.0,0.0,5725,0,0,0,0.0,0.8556941378788765,0.0,0.0,0.0,1.0
2017-06-05,3.6532983779907227,3.305658508199676,2.683565137072562,0.7209088127232242,0.08467189811823997,20298.85492309928,21000.0,927,0.28433545491926215,0.0,0.0,0.0,5556,0,0,0,0.0,0.8540787887094714,0.0,0.0,0.0,1.0
2017-06-06,3.636760950088501,3.3371920740938497,2.8099715802803393,0.7179934973396569,0.08558269338054454,20298.85492309928,21000.0,927,0.28370906315675004,0.0,0.0,0.0,5581,0,0,0,0.0,0.8526868070150001,0.0,0.0,0.0,1.0
2017-06-07,3.680696725845337,3.3699068028320864,2.9831690598011447,0.715576328526955,0.08541062258010708,20298.85492309928,21000.0,927,0.28305920843802834,0.0,0.0,0.0,5514,0,0,0,0.0,0.8512426854178408,0.0,0.0,0.0,1.0
2017-06-08,3.9477643966674805,3.424940859387838,3.0177125038688284,0.4562130677010768,0.08541645958998273,20298.85492309928,21000.0,927,0.28196599621458873,0.0,0.0,0.0,5141,0,0,0,0.0,0.8488133249213083,0.0,0.0,0.0,1.0
2017-06-09,3.69254469871521,3.450426939323778,3.0617887825722185,0.5219544991306875,0.08494941399982572,20298.85492309928,21000.0,927,0.28145973344100406,0.0,0.0,0.0,5497,0,0,0,0.0,0.8476882965355647,0.0,0.0,0.0,1.0
2017-06-12,3.701676607131958,3.474355479115033,3.1063488123223175,0.522397528230827,0.08479100624407111,20298.85492309928,21000.0,927,0.28098441008986497,0.0,0.0,0.0,5483,0,0,0,0.0,0.8466320224219221,0.0,0.0,0.0,1.0
2017-06-13,3.736973285675049,3.4993666987874157,3.1301845660351995,0.49882448589393674,0.08463175332992759,20298.85492309928,21000.0,927,0.28048758007623,0.0,0.0,0.0,5431,0,0,0,0.0,0.8455279557249555,0.0,0.0,0.0,1.0
2017-06-14,3.7448718547821045,3.5227481422154816,3.1494178509322204,0.49695944609682763,0.08471077168719691,20298.85492309928,21000.0,927,0.2800231244035625,0.0,0.0,0.0,5420,0,0,0,0.0,0.8444958320079166,0.0,0.0,0.0,1.0
2017-06-15,3.760915517807007,3.5454307494146744,3.211791467373289,0.4178929326018017,0.04857794756513429,20298.85492309928,21000.0,927,0.2795725506134128,0.0,0.0,0.0,5397,0,0,0,0.0,0.8434945569186951,0.0,0.0,0.0,1.0
2017-06-16,3.742403984069824,3.5641901050961176,3.254420031534205,0.4021311753134275,0.04812088362699804,20298.85492309928,21000.0,927,0.27919990941234063,0.0,0.0,0.0,5424,0,0,0,0.0,0.8426664653607571,0.0,0.0,0.0,1.0
2017-06-19,3.8830957412719727,3.594562070446199,3.2831938059153516,0.4130198762367272,0.0507103811353833,20298.85492309928,21000.0,927,0.27859659201492226,0.0,0.0,0.0,5227,0,0,0,0.0,0.8413257600331606,0.0,0.0,0.0,1.0
2017-06-20,3.8774185180664062,3.6215007797433616,3.306195396293682,0.4109132618000273,0.05646616165086147,20298.85492309928,21000.0,927,0.27806147379666935,0.0,0.0,0.0,5235,0,0,0,0.0,0.8401366084370431,0.0,0.0,0.0,1.0
2017-06-21,3.9361631870269775,3.651468628056087,3.3382882195674908,0.4049956929369228,0.0565846228670052,20298.85492309928,21000.0,927,0.277466183895543,0.0,0.0,0.0,5157,0,0,0,0.0,0.8388137419900956,0.0,0.0,0.0,1.0
2017-06-22,3.9090116024017334,3.67599653037472,3.371599788847946,0.40812941397010544,0.05636703258350977,20298.85492309928,21000.0,927,0.2769789546359136,0.0,0.0,0.0,5192,0,0,0,0.0,0.8377310103020302,0.0,0.0,0.0,1.0
2017-06-23,3.796952962875366,3.687516190612877,3.4133365989025726,0.4264461752958045,0.05468441894855524,20298.85492309928,21000.0,927,0.2767501248136114,0.0,0.0,0.0,5346,0,0,0,0.0,0.837222499585803,0.0,0.0,0.0,1.0
2017-06-26,3.7554855346679688,3.6939894614752666,3.4402196210811393,0.42332661186662396,0.054684200705976196,20298.85492309928,21000.0,927,0.27662153791169486,0.0,0.0,0.0,5405,0,0,0,0.0,0.8369367509148775,0.0,0.0,0.0,1.0
2017-06-27,3.618002414703369,3.686752599877943,3.4379091325440374,0.4411592447858239,0.06238986710389697,20298.85492309928,21000.0,927,0.468723062729667,0.11453843788277833,1.0,0.468723062729667,5610,2,2,2,7.236004829406738,0.8372562066625308,0.09323948829228478,0.0,1.0,1.0
2017-06-28,3.745612859725952,3.6923583389110872,3.457435060287765,0.457129171341179,0.06947652591434345,20291.618918269873,21000.0,929,0.27649569506753435,0.0,0.0,0.0,5417,0,0,0,0.0,0.8366571001500762,0.0,0.0,0.0,1.0
2017-06-29,3.6204710006713867,3.685511925745401,3.458735969203996,0.4749738690782556,0.07164923989249489,20291.618918269873,21000.0,929,0.4663393835702978,0.11056563928382965,1.0,0.4663393835702978,5604,2,2,2,7.240942001342773,0.8369599724277391,0.08823865772847803,0.0,1.0,1.0
2017-06-30,3.568143367767334,3.674333967842728,3.451665023134495,0.4777951960979411,0.07048093446722148,20284.37797626853,21000.0,931,0.4917234754009817,0.15287245900163615,1.0,0.4917234754009817,5684,2,2,2,7.136286735534668,0.837104527425639,0.14450319568765355,0.0,1.0,1.0
2017-07-03,3.4390523433685303,3.651926194083281,3.3920755700515945,0.4814072533898962,0.07099104200015481,20777.241689532995,21500.0,933,0.5598399182266781,0.26639986371113017,1.0,0.5598399182266781,6041,3,3,3,10.31715703010559,0.8415233888800139,0.29145420717927056,0.0,1.0,1.0
2017-07-05,3.530871868133545,3.6403972106594966,3.3677171594737074,0.49236933528640897,0.07048916553704457,20766.92453250289,21500.0,936,0.49637579641831164,0.1606263273638527,1.0,0.49637579641831164,5881,2,2,2,7.06174373626709,0.84151573073594,0.1504304835269748,0.0,1.0,1.0
2017-07-06,3.5414860248565674,3.6309770977258844,3.3457078743260333,0.49021564527114864,0.07773558315709918,20759.862788766623,21500.0,938,0.4841693773752782,0.14028229562546365,1.0,0.4841693773752782,5861,2,2,2,7.082972049713135,0.8415880689457266,0.12323276966600273,0.0,1.0,1.0
2017-07-07,3.6224446296691895,3.6301644817204846,3.361154057962966,0.41693283896615635,0.08147043964125573,20752.77981671691,21500.0,940,0.4333634398376428,0.05560573306273797,1.0,0.4333634398376428,5728,2,2,2,7.244889259338379,0.8412858319619881,0.01063292323277367,0.0,1.0,1.0
2017-07-10,3.793743848800659,3.6457434690614536,3.3744119142938396,0.3892361826717798,0.08151896013300756,20745.53492745757,21500.0,942,0.27811950434720234,0.0,0.0,0.0,5468,0,0,0,0.0,0.8402655652160052,0.0,0.0,0.0,1.0
2017-07-11,3.8475522994995117,3.664963357674602,3.3875065831784283,0.39178078024695656,0.0814931516459494,20745.53492745757,21500.0,942,0.27774055965961564,0.0,0.0,0.0,5391,0,0,0,0.0,0.839423465910257,0.0,0.0,0.0,1.0
2017-07-12,4.011199474334717,3.6979382259279463,3.392039463891305,0.4166674594784351,0.08413587955470489,20745.53492745757,21500.0,942,0.2770904179548439,0.0,0.0,0.0,5171,0,0,0,0.0,0.8379787065663198,0.0,0.0,0.0,1.0
2017-07-13,3.9647953510284424,3.7233531902232317,3.400934878321078,0.4202488918340675,0.08426920635114042,20745.53492745757,21500.0,942,0.2765893294262499,0.0,0.0,0.0,5232,0,0,0,0.0,0.8368651765027775,0.0,0.0,0.0,1.0
2017-07-14,4.071425437927246,3.756502928099805,3.4030995993404,0.4286108746718204,0.08516521299280799,20745.53492745757,21500.0,942,0.27593573994318576,0.0,0.0,0.0,5095,0,0,0,0.0,0.8354127554293016,0.0,0.0,0.0,1.0
2017-07-17,4.054147720336914,3.7848500511700056,3.408649741291639,0.4284235847480088,0.08518817357259859,20745.53492745757,21500.0,942,0.2753768401539086,0.0,0.0,0.0,5117,0,0,0,0.0,0.8341707558975746,0.0,0.0,0.0,1.0
2017-07-18,4.0963544845581055,3.8145171400641105,3.414594839048423,0.4109604356649952,0.08006161623750803,20745.53492745757,21500.0,942,0.27479191555008475,0.0,0.0,0.0,5064,0,0,0,0.0,0.8328709234446329,0.0,0.0,0.0,1.0
2017-07-19,4.075128078460693,3.8393372294352135,3.4209695440187207,0.4117068450957939,0.07778727751548521,20745.53492745757,21500.0,942,0.2743025557415075,0.0,0.0,0.0,5090,0,0,0,0.0,0.8317834572033501,0.0,0.0,0.0,1.0
2017-07-20,4.134367942810059,3.86743539261377,3.4266858560304208,0.4114685956112569,0.07770385173573764,20745.53492745757,21500.0,942,0.27374856451493135,0.0,0.0,0.0,5017,0,0,0,0.0,0.8305523655887362,0.0,0.0,0.0,1.0
2017-07-21,4.149176597595215,3.8942678883262887,3.429695800631281,0.4098786395075737,0.07768589506753482,20745.53492745757,21500.0,942,0.27321952754132495,0.0,0.0,0.0,4999,0,0,0,0.0,0.829376727869611,0.0,0.0,0.0,1.0
2017-07-24,4.101044654846191,3.9139609137091362,3.4331932524441493,0.3964821152094152,0.07789743090780375,20745.53492745757,21500.0,942,0.2728312543571487,0.0,0.0,0.0,5058,0,0,0,0.0,0.8285138985714415,0.0,0.0,0.0,1.0
2017-07-25,4.081298828125,3.9298978579392188,3.438794600531728,0.3939871299164813,0.07829534738544891,20745.53492745757,21500.0,942,0.2725170371171891,0.0,0.0,0.0,5083,0,0,0,0.0,0.8278156380381979,0.0,0.0,0.0,1.0
2017-07-26,4.12844181060791,3.9488068058124277,3.456142557238054,0.3632964763490161,0.07103755883490397,20745.53492745757,21500.0,942,0.2721442230240052,0.0,0.0,0.0,5025,0,0,0,0.0,0.8269871622755671,0.0,0.0,0.0,1.0
2017-07-27,3.9921936988830566,3.9529388908667733,3.4619739336933733,0.3731989400784236,0.06541247324160733,20745.53492745757,21500.0,942,0.27206275368193367,0.0,0.0,0.0,5196,0,0,0,0.0,0.826806119293186,0.0,0.0,0.0,1.0
2017-07-28,4.057602405548096,3.962906844645947,3.4839075480890056,0.3490352914087054,0.0561170231006552,20745.53492745757,21500.0,942,0.27186622272346894,0.0,0.0,0.0,5112,0,0,0,0.0,0.8263693838299311,0.0,0.0,0.0,1.0
2017-07-31,4.011199474334717,3.967506142711544,3.515441221613697,0.34685416213009806,0.056446712091382335,20745.53492745757,21500.0,942,0.27177554167928264,0.0,0.0,0.0,5171,0,0,0,0.0,0.8261678703984058,0.0,0.0,0.0,1.0
2017-08-01,4.060069561004639,3.9763217063585055,3.5867473211055083,0.3091052268053241,0.0564925666559997,21245.53492745757,22000.0,942,0.2733835103943013,0.0,0.0,0.0,5232,0,0,0,0.0,0.8297411342095585,0.0,0.0,0.0,1.0
2017-08-02,4.057602405548096,3.984062725328943,3.6513412967283614,0.30293309631722815,0.05648683879556152,21245.53492745757,22000.0,942,0.27323435503332094,0.0,0.0,0.0,5235,0,0,0,0.0,0.8294096778518244,0.0,0.0,0.0,1.0
2017-08-03,4.109189987182617,3.995979607410245,3.736482908710272,0.30313252787871076,0.04335403483929476,21245.53492745757,22000.0,942,0.2730047383826726,0.0,0.0,0.0,5170,0,0,0,0.0,0.8288994186281613,0.0,0.0,0.0,1.0
2017-08-04,4.1272077560424805,4.008477526327601,3.8251721932062854,0.2978721219772963,0.039028278755340186,21245.53492745757,22000.0,942,0.2727639262086241,0.0,0.0,0.0,5147,0,0,0,0.0,0.8283642804636091,0.0,0.0,0.0,1.0
2017-08-07,4.254077911376953,4.031868039189444,3.8673914244455476,0.27270047901506594,0.03908017047886783,21245.53492745757,22000.0,942,0.2723132335539816,0.0,0.0,0.0,4994,0,0,0,0.0,0.8273627412310702,0.0,0.0,0.0,1.0
2017-08-08,4.2034783363342285,4.048211877012757,3.909749839421008,0.2778340450107931,0.040521597535578414,21245.53492745757,22000.0,942,0.2719983175151951,0.0,0.0,0.0,5054,0,0,0,0.0,0.8266629278115447,0.0,0.0,0.0,1.0
2017-08-09,4.248154640197754,4.0672540449351375,3.9161295506162817,0.24061580788070472,0.033206067117876055,21245.53492745757,22000.0,942,0.2716314095614544,0.0,0.0,0.0,5001,0,0,0,0.0,0.8258475768032318,0.0,0.0,0.0,1.0
2017-08-10,4.06624174118042,4.067157635053736,3.928698500114554,0.2868216990369806,0.06268892660301731,21245.53492745757,22000.0,942,0.4221399505937834,0.036899917656305625,1.0,0.4221399505937834,5224,2,2,2,8.13248348236084,0.8258517048990628,0.0011259630871225238,0.0,1.0,1.0
2017-08-11,3.8495266437530518,4.046430873977481,3.8673924284223813,0.33030899693921983,0.06030806575182079,21237.40244397521,22000.0,944,0.7313548251870903,0.5522580419784838,1.0,0.7313548251870903,5516,3,3,3,11.548579931259155,0.8263713297711481,0.24330605953349674,1.0,1.0,1.0
2017-08-14,4.156580924987793,4.056921355026081,3.8766850518310503,0.440839371122544,0.07073615451292055,21225.85386404395,22000.0,947,0.2714155892979834,0.0,0.0,0.0,5106,0,0,0,0.0,0.8253679762177409,0.0,0.0,0.0,1.0
2017-08-15,4.121531009674072,4.063074655468747,3.8825337573089453,0.4409249313575715,0.07075025441328749,21225.85386404395,22000.0,947,0.27129639707145425,0.0,0.0,0.0,5149,0,0,0,0.0,0.8251031046032317,0.0,0.0,0.0,1.0
2017-08-16,4.076361656188965,4.064340084108768,3.8838329809348062,0.44241617769971775,0.06818100607549155,21225.85386404395,22000.0,947,0.2712718851435022,0.0,0.0,0.0,5207,0,0,0,0.0,0.8250486336522271,0.0,0.0,0.0,1.0
2017-08-17,3.9855291843414307,4.056834284130926,3.8702499995235384,0.44607954824425017,0.08723924192384003,21225.85386404395,22000.0,947,0.4609644851999187,0.10160747533319785,1.0,0.4609644851999187,5325,2,2,2,7.971058368682861,0.8253717242240006,0.08788268733137422,0.0,1.0,1.0
2017-08-18,3.986268997192383,4.0501137806129694,3.859883381530122,0.44573311113769515,0.08728247500110854,21217.882805675268,22000.0,949,0.4568500963119867,0.0947501605199778,1.0,0.4568500963119867,5322,2,2,2,7.972537994384766,0.8252928191908314,0.07881850594691685,0.0,1.0,1.0
2017-08-21,3.92826509475708,4.03850914386479,3.8362842699071713,0.4467303514794069,0.08759933318868468,21209.910267680883,22000.0,951,0.4828627791942588,0.1381046319904313,1.0,0.4828627791942588,5399,2,2,2,7.85653018951416,0.825426263826572,0.13649102327178075,0.0,1.0,1.0
2017-08-22,4.015718460083008,4.036338602552239,3.8324213071514417,0.4545602584028175,0.09483353543296211,21202.05373749137,22000.0,953,0.4328133252035543,0.05468887533925715,1.0,0.4328133252035543,5279,2,2,2,8.031436920166016,0.8251531505348962,0.025543127695224488,0.0,1.0,1.0
2017-08-23,4.096007347106934,4.042021340128876,3.8394908264081207,0.458481231753719,0.09535972697659083,21194.022300571203,22000.0,955,0.271042787685437,0.0,0.0,0.0,5174,0,0,0,0.0,0.8245395281898601,0.0,0.0,0.0,1.0
2017-08-24,4.080938339233398,4.045727720995973,3.846526407222726,0.4420072454775171,0.09548636333102964,21194.022300571203,22000.0,955,0.2709703869046355,0.0,0.0,0.0,5193,0,0,0,0.0,0.8243786375658566,0.0,0.0,0.0,1.0
2017-08-25,4.046847343444824,4.045834351705388,3.8463821796818563,0.43964811619702737,0.09582683121754886,21194.022300571203,22000.0,955,0.27096830397066407,0.0,0.0,0.0,5237,0,0,0,0.0,0.8243740088236979,0.0,0.0,0.0,1.0
2017-08-28,4.075503349304199,4.048659970524322,3.8514120457461094,0.43804332867606005,0.09589787855103742,21194.022300571203,22000.0,955,0.2709131080757806,0.0,0.0,0.0,5200,0,0,0,0.0,0.8242513512795124,0.0,0.0,0.0,1.0
2017-08-29,4.068833351135254,4.05058124486822,3.853455168598701,0.43617058117298424,0.0954081353504387,21194.022300571203,22000.0,955,0.27087557772808557,0.0,0.0,0.0,5208,0,0,0,0.0,0.8241679505068568,0.0,0.0,0.0,1.0
2017-08-30,4.093043327331543,4.05462525272187,3.85762246942151,0.43657824346061064,0.09713688438157644,21194.022300571203,22000.0,955,0.27079658171103527,0.0,0.0,0.0,5178,0,0,0,0.0,0.8239924038023007,0.0,0.0,0.0,1.0
2017-08-31,4.1859331130981445,4.067130763233896,3.8647734313414297,0.44160231778927883,0.09922761843532009,21194.022300571203,22000.0,955,0.2705522979318288,0.0,0.0,0.0,5063,0,0,0,0.0,0.8234495509596195,0.0,0.0,0.0,1.0
2017-09-01,4.211130619049072,4.080845035216294,3.8713013992938667,0.4417924125690719,0.09925165928198315,21694.022300571203,22500.0,955,0.2720558598273688,0.0,0.0,0.0,5151,0,0,0,0.0,0.826790799616375,0.0,0.0,0.0,1.0
2017-09-05,4.098726272583008,4.0825480102036,3.8880249927437234,0.43817572618045125,0.10255810287959341,21694.022300571203,22500.0,955,0.2720233330051113,0.0,0.0,0.0,5292,0,0,0,0.0,0.8267185177891361,0.0,0.0,0.0,1.0
2017-09-06,4.096253871917725,4.08385333036685,3.8979722333317968,0.4364531891288196,0.10303405250528389,21694.022300571203,22500.0,955,0.2719984013899932,0.0,0.0,0.0,5296,0,0,0,0.0,0.8266631141999848,0.0,0.0,0.0,1.0
2017-09-07,4.1152777671813965,4.0868461338729976,3.918441587076464,0.4348641348211447,0.10303152817687626,21694.022300571203,22500.0,955,0.2719412388430258,0.0,0.0,0.0,5271,0,0,0,0.0,0.826536086317835,0.0,0.0,0.0,1.0
2017-09-08,4.043880462646484,4.082754165184759,3.914011548470287,0.41131870669293985,0.08837192276719301,21694.022300571203,22500.0,955,0.4434426374949022,0.07240439582483697,1.0,0.4434426374949022,5364,2,2,2,8.087760925292969,0.8267097676554913,0.047607204555402384,0.0,1.0,1.0
2017-09-11,4.175062656402588,4.091545450062647,3.950428595491785,0.3748406788416714,0.09571652994832928,21685.93453964591,22500.0,957,0.27168782008580095,0.0,0.0,0.0,5194,0,0,0,0.0,0.8259729335240021,0.0,0.0,0.0,1.0
2017-09-12,4.190131664276123,4.100934613321073,3.9554005047617857,0.24735469928177836,0.09008630836700719,21685.93453964591,22500.0,957,0.2715081115010347,0.0,0.0,0.0,5175,0,0,0,0.0,0.8255735811134104,0.0,0.0,0.0,1.0
2017-09-13,4.2089080810546875,4.111217800724274,3.956081658010572,0.24539742385921692,0.08998728718286211,21685.93453964591,22500.0,957,0.27131129129413745,0.0,0.0,0.0,5152,0,0,0,0.0,0.8251362028758609,0.0,0.0,0.0,1.0
2017-09-14,4.1849446296691895,4.118239403480933,3.957458144195616,0.24264382543821117,0.09016287978752713,21685.93453964591,22500.0,957,0.271176897817375,0.0,0.0,0.0,5181,0,0,0,0.0,0.8248375507052776,0.0,0.0,0.0,1.0
2017-09-15,4.44952917098999,4.149790809910367,3.9315073509710534,0.3118050816357391,0.06748827475662436,21685.93453964591,22500.0,957,0.2705730038983155,0.0,0.0,0.0,4873,0,0,0,0.0,0.823495564218479,0.0,0.0,0.0,1.0
2017-09-18,4.633332252502441,4.195842375871517,3.886624238667183,0.33543015237794077,0.06637565771770304,21685.93453964591,22500.0,957,0.26969157692581913,0.0,0.0,0.0,4680,0,0,0,0.0,0.8215368376129315,0.0,0.0,0.0,1.0
2017-09-19,4.628390312194824,4.237037417426118,3.8788317153012852,0.32684085183090006,0.06638048723051274,21685.93453964591,22500.0,957,0.2689031038304641,0.0,0.0,0.0,4685,0,0,0,0.0,0.8197846751788092,0.0,0.0,0.0,1.0
2017-09-20,4.59108829498291,4.2707565486220025,3.8789267703023684,0.32754392603161375,0.05863093071455356,21685.93453964591,22500.0,957,0.26825771965937495,0.0,0.0,0.0,4723,0,0,0,0.0,0.8183504881319442,0.0,0.0,0.0,1.0
2017-09-21,4.465588092803955,4.289311933782188,3.8861545075281843,0.34509505375341204,0.05822462131073646,21685.93453964591,22500.0,957,0.2679025695874089,0.0,0.0,0.0,4856,0,0,0,0.0,0.8175612657497976,0.0,0.0,0.0,1.0
2017-09-22,4.422107219696045,4.301959103869223,3.896877476821482,0.3476711047425842,0.05701376636625645,21685.93453964591,22500.0,957,0.2676605027519431,0.0,0.0,0.0,4903,0,0,0,0.0,0.8170233394487624,0.0,0.0,0.0,1.0
2017-09-25,4.224471092224121,4.294579293236356,3.9005418487260948,0.38685835045130984,0.058325429770386225,21685.93453964591,22500.0,957,0.45453258007721087,0.09088763346201809,1.0,0.45453258007721087,5133,2,2,2,8.448942184448242,0.817337227394347,0.08162406166612166,0.0,1.0,1.0
2017-09-26,4.248189449310303,4.290161212862446,3.905515243709078,0.38665943227518723,0.05840107927064039,21677.485597461462,22500.0,959,0.4397270434432905,0.0662117390721508,1.0,0.4397270434432905,5102,2,2,2,8.496378898620605,0.8171437954162184,0.04891630112442725,0.0,1.0,1.0
2017-09-27,4.341323375701904,4.295033799799538,3.9207395210370626,0.3924336692169889,0.05935883702076507,21668.98921856284,22500.0,961,0.26744945036785284,0.0,0.0,0.0,4991,0,0,0,0.0,0.8165543341507842,0.0,0.0,0.0,1.0
2017-09-28,4.340087890625,4.299324665592439,3.9348834760783236,0.39254855146335554,0.05800098532432954,21668.98921856284,22500.0,961,0.2673669799273133,0.0,0.0,0.0,4992,0,0,0,0.0,0.8163710665051407,0.0,0.0,0.0,1.0
2017-09-29,4.416425704956055,4.310477145531832,3.9456767283153216,0.38959675626464374,0.05626941775218588,21668.98921856284,22500.0,961,0.2671526292628782,0.0,0.0,0.0,4906,0,0,0,0.0,0.8158947316952849,0.0,0.0,0.0,1.0
2017-10-02,4.422107219696045,4.321108581166518,3.955444477897347,0.38946711419848556,0.05711839699032849,22168.98921856284,23000.0,961,0.26875376495976255,0.0,0.0,0.0,5013,0,0,0,0.0,0.8194528110216946,0.0,0.0,0.0,1.0
2017-10-03,4.431248188018799,4.331598067533402,3.977234825493028,0.3737115446377725,0.04725868494135021,22168.98921856284,23000.0,961,0.268556539812834,0.0,0.0,0.0,5002,0,0,0,0.0,0.8190145329174088,0.0,0.0,0.0,1.0
2017-10-04,4.468306064605713,4.344617876778384,4.00341606521627,0.37354841569732317,0.04689156893460889,22168.98921856284,23000.0,961,0.2683117390950951,0.0,0.0,0.0,4961,0,0,0,0.0,0.8184705313224336,0.0,0.0,0.0,1.0
2017-10-05,4.465834140777588,4.356162282873546,4.030051795563702,0.3739986174748021,0.04873405907587605,22168.98921856284,23000.0,961,0.2680946791639711,0.0,0.0,0.0,4964,0,0,0,0.0,0.8179881759199358,0.0,0.0,0.0,1.0
2017-10-06,4.4789276123046875,4.367854219009845,4.076456550780186,0.3652125264785332,0.04839031238488688,22168.98921856284,23000.0,961,0.26787484534735617,0.0,0.0,0.0,4949,0,0,0,0.0,0.8174996563274581,0.0,0.0,0.0,1.0
2017-10-09,4.579970836639404,4.388055801641232,4.103138481860132,0.3570936803522347,0.036206388744306706,22168.98921856284,23000.0,961,0.2674950116774022,0.0,0.0,0.0,4840,0,0,0,0.0,0.8166555815053381,0.0,0.0,0.0,1.0
2017-10-10,4.667423725128174,4.41466227054475,4.127182028227325,0.36057830465454244,0.03553590230140326,22168.98921856284,23000.0,961,0.2669947522218662,0.0,0.0,0.0,4749,0,0,0,0.0,0.8155438938263694,0.0,0.0,0.0,1.0
2017-10-11,4.7170796394348145,4.443463924724756,4.149769313610423,0.36097560534618656,0.03560538045972877,22168.98921856284,23000.0,961,0.26645321851099035,0.0,0.0,0.0,4699,0,0,0,0.0,0.8143404855799786,0.0,0.0,0.0,1.0
2017-10-12,4.719304084777832,4.469734416158381,4.183824209050182,0.358994011951568,0.036148621740248646,22168.98921856284,23000.0,961,0.2659592761622742,0.0,0.0,0.0,4697,0,0,0,0.0,0.813242835916165,0.0,0.0,0.0,1.0
2017-10-13,4.807250499725342,4.501878805069521,4.182638899502308,0.2942142106699755,0.036046155929727555,22168.98921856284,23000.0,961,0.2653548917716385,0.0,0.0,0.0,4611,0,0,0,0.0,0.81189975949253,0.0,0.0,0.0,1.0
2017-10-16,4.889764785766602,4.538820327040671,4.179526327234388,0.2646449057068522,0.03610526588725332,22168.98921856284,23000.0,961,0.26466031085092445,0.0,0.0,0.0,4533,0,0,0,0.0,0.8103562463353876,0.0,0.0,0.0,1.0
2017-10-17,4.885318279266357,4.571820132014546,4.178848708187219,0.26461477858247706,0.03613146910986473,22168.98921856284,23000.0,961,0.2640398427787092,0.0,0.0,0.0,4537,0,0,0,0.0,0.8089774283971314,0.0,0.0,0.0,1.0
2017-10-18,4.88111686706543,4.601276963924154,4.178404856116261,0.2619024002867571,0.03611728064421436,22168.98921856284,23000.0,961,0.2634859903022173,0.0,0.0,0.0,4541,0,0,0,0.0,0.8077466451160386,0.0,0.0,0.0,1.0
2017-10-19,4.886553764343262,4.628446183011689,4.180744155786261,0.2361105587125069,0.0328848155310221,22168.98921856284,23000.0,961,0.26297514991985194,0.0,0.0,0.0,4536,0,0,0,0.0,0.8066114442663377,0.0,0.0,0.0,1.0
2017-10-20,4.864320278167725,4.650910382550358,4.189381836555759,0.23261922855414766,0.03557406734901528,22168.98921856284,23000.0,961,0.2625527741333086,0.0,0.0,0.0,4557,0,0,0,0.0,0.8056728314073525,0.0,0.0,0.0,1.0
2017-10-23,4.8574018478393555,4.670576236387405,4.2272002629856456,0.14423239475032065,0.038395418089456027,22168.98921856284,23000.0,961,0.26218301332931593,0.0,0.0,0.0,4563,0,0,0,0.0,0.8048511407318132,0.0,0.0,0.0,1.0
2017-10-24,4.908292293548584,4.693215860878946,4.267969523113928,0.1446255228491443,0.038102151839422026,22168.98921856284,23000.0,961,0.26175733917230004,0.0,0.0,0.0,4516,0,0,0,0.0,0.8039051981606666,0.0,0.0,0.0,1.0
2017-10-25,4.784278392791748,4.70188848296588,4.299093041936449,0.17508136879405656,0.04242767191006388,22168.98921856284,23000.0,961,0.2615942750235394,0.0,0.0,0.0,4633,0,0,0,0.0,0.803542833385643,0.0,0.0,0.0,1.0
2017-10-26,4.834426403045654,4.714511142021097,4.338066582252463,0.17500150319702198,0.04243270438697079,22168.98921856284,23000.0,961,0.26135694159273815,0.0,0.0,0.0,4585,0,0,0,0.0,0.8030154257616403,0.0,0.0,0.0,1.0
2017-10-27,4.98685359954834,4.740448518928454,4.367493714073039,0.19379701167911811,0.04852557636330339,22168.98921856284,23000.0,961,0.26086926252127784,0.0,0.0,0.0,4445,0,0,0,0.0,0.8019316944917285,0.0,0.0,0.0,1.0
2017-10-30,5.035768032073975,4.768574186847075,4.4002177299780625,0.1933133613291481,0.04985491145893079,22168.98921856284,23000.0,961,0.26034043882165137,0.0,0.0,0.0,4402,0,0,0,0.0,0.8007565307147809,0.0,0.0,0.0,1.0
2017-10-31,5.109140396118164,4.801009063920512,4.434293165027432,0.19452535100537605,0.0496216890143506,22168.98921856284,23000.0,961,0.25973059262206843,0.0,0.0,0.0,4339,0,0,0,0.0,0.7994013169379299,0.0,0.0,0.0,1.0
2017-11-01,5.118775367736816,4.831272521426826,4.469855567129631,0.19537480697632711,0.04967794351179272,22668.98921856284,23500.0,961,0.2610943063025093,0.0,0.0,0.0,4428,0,0,0,0.0,0.802431791783354,0.0,0.0,0.0,1.0
2017-11-02,5.087647438049316,4.855689180152778,4.517742791719418,0.1991175531787699,0.04630521932245426,22668.98921856284,23500.0,961,0.26064498783161405,0.0,0.0,0.0,4455,0,0,0,0.0,0.8014333062924758,0.0,0.0,0.0,1.0
2017-11-03,5.155584335327148,4.884250623502718,4.570180479819805,0.19999605659221562,0.04673560517672616,22668.98921856284,23500.0,961,0.26011939650494675,0.0,0.0,0.0,4396,0,0,0,0.0,0.8002653255665484,0.0,0.0,0.0,1.0
2017-11-06,5.178806304931641,4.912303545543567,4.608183745606544,0.19162031734995394,0.045767602771258756,22668.98921856284,23500.0,961,0.259603163052327,0.0,0.0,0.0,4377,0,0,0,0.0,0.7991181401162822,0.0,0.0,0.0,1.0
2017-11-07,5.23809814453125,4.943331602590013,4.631511526781018,0.1866713844483092,0.04560602020101345,22668.98921856284,23500.0,961,0.2590321807855297,0.0,0.0,0.0,4327,0,0,0,0.0,0.7978492906345105,0.0,0.0,0.0,1.0
2017-11-08,5.167197227478027,4.9646521382936335,4.657857569209481,0.19783491159154512,0.04551694443565134,22668.98921856284,23500.0,961,0.25863983756574116,0.0,0.0,0.0,4387,0,0,0,0.0,0.7969774168127582,0.0,0.0,0.0,1.0
2017-11-09,5.072330951690674,4.974907263379066,4.68887436351867,0.2137506671854136,0.04754963382145723,22668.98921856284,23500.0,961,0.25845112144475413,0.0,0.0,0.0,4469,0,0,0,0.0,0.7965580476550093,0.0,0.0,0.0,1.0
2017-11-10,5.339633941650391,5.009643137500144,4.696420688145375,0.27166958714119105,0.047858635433214704,22668.98921856284,23500.0,961,0.2578119074548112,0.0,0.0,0.0,4245,0,0,0,0.0,0.7951375721218026,0.0,0.0,0.0,1.0
2017-11-13,5.252921104431152,5.03281246768405,4.708038313340693,0.2782835328536003,0.047685130034551035,22668.98921856284,23500.0,961,0.25738554248298007,0.0,0.0,0.0,4315,0,0,0,0.0,0.7941900944066225,0.0,0.0,0.0,1.0
2017-11-14,5.291212558746338,5.057422000166174,4.720788956674325,0.27799136735141533,0.04873310693862947,22668.98921856284,23500.0,961,0.2569326747246016,0.0,0.0,0.0,4284,0,0,0,0.0,0.7931837216102258,0.0,0.0,0.0,1.0
2017-11-15,5.187453269958496,5.069805930622586,4.738170214025606,0.29016675099780814,0.053013260742996636,22668.98921856284,23500.0,961,0.2567047840554154,0.0,0.0,0.0,4369,0,0,0,0.0,0.7926772979009232,0.0,0.0,0.0,1.0
2017-11-16,5.227721691131592,5.084845526861539,4.757400258245907,0.2904908908646696,0.060366349653460404,22668.98921856284,23500.0,961,0.2564280234854778,0.0,0.0,0.0,4336,0,0,0,0.0,0.7920622744121728,0.0,0.0,0.0,1.0
2017-11-17,5.22154426574707,5.097864454374446,4.782323954074736,0.2894915041898081,0.058684683755445895,22668.98921856284,23500.0,961,0.2561884475193945,0.0,0.0,0.0,4341,0,0,0,0.0,0.7915298833764323,0.0,0.0,0.0,1.0
2017-11-20,5.288742542266846,5.116043319888008,4.812371551795772,0.2905767672691768,0.056808228264429904,22668.98921856284,23500.0,961,0.2558539177155077,0.0,0.0,0.0,4286,0,0,0,0.0,0.7907864838122394,0.0,0.0,0.0,1.0
2017-11-21,5.337409496307373,5.1371258128803285,4.837104953930306,0.2902593910778552,0.06082374319824584,22668.98921856284,23500.0,961,0.255465954988081,0.0,0.0,0.0,4247,0,0,0,0.0,0.7899243444179577,0.0,0.0,0.0,1.0
2017-11-22,5.313430309295654,5.153916717300835,4.898044437262891,0.2708586834380226,0.05785894244604427,22668.98921856284,23500.0,961,0.25515696662141507,0.0,0.0,0.0,4266,0,0,0,0.0,0.7892377036031445,0.0,0.0,0.0,1.0
2017-11-24,5.363615989685059,5.1738880765755235,4.958923915407595,0.2706253499755834,0.0580139820732094,22668.98921856284,23500.0,961,0.25478945111850704,0.0,0.0,0.0,4226,0,0,0,0.0,0.7884210024855711,0.0,0.0,0.0,1.0
2017-11-27,5.293900966644287,5.185317875629692,4.991210228703286,0.259403611573265,0.05137924993356879,22668.98921856284,23500.0,961,0.25457911849718895,0.0,0.0,0.0,4282,0,0,0,0.0,0.7879535966604199,0.0,0.0,0.0,1.0
2017-11-28,5.209103107452393,5.1875831358032825,5.012439077326458,0.2666651713956995,0.059503993462969,22668.98921856284,23500.0,961,0.2545374328902924,0.0,0.0,0.0,4351,0,0,0,0.0,0.7878609619784275,0.0,0.0,0.0,1.0
2017-11-29,4.855831623077393,5.155987753638913,4.92014502022635,0.3588654607084481,0.05971716185339997,22668.98921856284,23500.0,961,0.7361027375822033,0.5601712293036722,1.0,0.7361027375822033,4668,3,3,3,14.567494869232178,0.789153011436298,0.29107529430193135,1.0,1.0,1.0
2017-11-30,4.961887359619141,5.137502001827506,4.879482886480414,0.36880099835247,0.06497102690983537,22654.42172369361,23500.0,964,0.48207539138380695,0.13679231897301156,1.0,0.48207539138380695,4565,2,2,2,9.923774719238281,0.7892531093718419,0.17091442703661786,0.0,1.0,1.0
2017-12-01,4.886981010437012,5.113642859790316,4.823287476083773,0.37172914466017787,0.06594736037104,23144.49794897437,24000.0,966,0.5071102307232183,0.17851705120536374,1.0,0.5071102307232183,4735,3,3,3,14.660943031311035,0.7941758748934398,0.22162463782482295,0.0,1.0,1.0
2017-12-04,4.614547252655029,5.06610994482505,4.677284862073483,0.41311922177437554,0.06601167150478013,23129.83700594306,24000.0,969,0.8085066364126414,0.680844394021069,1.0,0.8085066364126414,5012,4,4,4,18.458189010620117,0.7954558109776886,0.44567004771707025,1.0,1.0,1.0
2017-12-05,4.6412482261657715,5.025646924000356,4.571906280573245,0.4135435588454047,0.06809754125769978,23111.37881693244,24000.0,973,0.5804100179433003,0.30068336323883377,1.0,0.5804100179433003,4979,3,3,3,13.923744678497314,0.7962518976228189,0.38243703114007055,0.0,1.0,1.0
2017-12-06,4.678824424743652,4.9926162097854325,4.49771909148792,0.4119280870885429,0.06808441150384378,23097.455072253942,24000.0,976,0.5500502625739503,0.2500837709565838,1.0,0.5500502625739503,4936,3,3,3,14.036473274230957,0.7969669408020591,0.3142558649178303,0.0,1.0,1.0
2017-12-07,4.746315002441406,4.969158951943145,4.449289288673508,0.41645028482789165,0.06848971769305025,23083.41859897971,24000.0,979,0.5096870389555985,0.18281173159266417,1.0,0.5096870389555985,4863,3,3,3,14.238945007324219,0.7972997244186525,0.22422702881601078,0.0,1.0,1.0
2017-12-08,4.733954906463623,4.946758566659381,4.403093038996664,0.4129389439995189,0.06816050973020403,23069.179653972387,24000.0,982,0.5057101273442822,0.17618354557380367,1.0,0.5057101273442822,4873,3,3,3,14.20186471939087,0.7975951286475204,0.2150940432286623,0.0,1.0,1.0
2017-12-11,4.81232213973999,4.933955097428963,4.3937405479306495,0.3653256953267733,0.06797100125644887,23054.977789252996,24000.0,985,0.46434351688222897,0.10723919480371491,1.0,0.46434351688222897,4790,2,2,2,9.62464427947998,0.7975022595430197,0.12326111130637803,0.0,1.0,1.0
2017-12-12,4.7178850173950195,4.913376994568588,4.363415174038563,0.36690987570436434,0.0679445528003744,23045.353144973516,24000.0,987,0.49859414534943947,0.16432357558239907,1.0,0.49859414534943947,4884,2,2,2,9.435770034790039,0.7979373710983668,0.198938507455943,0.0,1.0,1.0
2017-12-13,4.602682590484619,4.8837870513224955,4.319505855313362,0.36996403499815517,0.06687586838603511,23035.917374938726,24000.0,989,0.5389433613462006,0.23157226891033428,1.0,0.5389433613462006,5004,3,3,3,13.808047771453857,0.7987472752600855,0.2877935277314714,0.0,1.0,1.0
2017-12-14,4.609851360321045,4.857697937893786,4.2781762889097825,0.36777666645315754,0.06498923835384836,23022.109327167273,24000.0,992,0.5244449813262673,0.20740830221044543,1.0,0.5244449813262673,4994,3,3,3,13.829554080963135,0.7992151519003902,0.25510702882464814,0.0,1.0,1.0
2017-12-15,4.7356858253479,4.846077736698939,4.273409414756869,0.3834105775307007,0.06607314332636016,23008.27977308631,24000.0,995,0.4608445545912223,0.10140759098537049,1.0,0.4608445545912223,4858,2,2,2,9.4713716506958,0.7990896938326898,0.11389820525891518,0.0,1.0,1.0
2017-12-18,4.892421245574951,4.850491404210941,4.294262802559375,0.4061514235310319,0.06517717780946218,22998.808401435614,24000.0,997,0.2593261263125317,0.0,0.0,0.0,4700,0,0,0,0.0,0.7985025029167372,0.0,0.0,0.0,1.0
2017-12-19,4.84816837310791,4.8502701631535095,4.3222084831018766,0.40227398444961565,0.06786143711319437,22998.808401435614,24000.0,997,0.41030526506388587,0.017175441773143084,1.0,0.41030526506388587,4743,2,2,2,9.69633674621582,0.798511693638998,0.0021666731696371832,0.0,1.0,1.0
2017-12-20,4.8652262687683105,4.851694554164443,4.366878498158643,0.4002958411647426,0.06619466098465122,22989.112064689398,24000.0,999,0.2591216963823073,0.0,0.0,0.0,4725,0,0,0,0.0,0.7980482141829051,0.0,0.0,0.0,1.0
2017-12-21,4.842729091644287,4.850840700591095,4.4134445677151035,0.4002968986002021,0.06565523203532983,22989.112064689398,24000.0,999,0.4129001554927152,0.021500259154525286,1.0,0.4129001554927152,4747,2,2,2,9.685458183288574,0.7980837558378957,0.008361034145915816,0.0,1.0,1.0
2017-12-22,4.827402114868164,4.848608454331769,4.485456828389813,0.39703550408450716,0.06606247860204821,22979.42660650611,24000.0,1001,0.4188384961012199,0.03139749350203318,1.0,0.4188384961012199,4760,2,2,2,9.654804229736328,0.7977726223839124,0.021868480063242907,0.0,1.0,1.0
2017-12-26,4.881046772003174,4.851697817919522,4.562926553666557,0.39976767703907173,0.06636562458992296,22969.771802276373,24000.0,1003,0.25875775791175093,0.0,0.0,0.0,4705,0,0,0,0.0,0.7972394620261133,0.0,0.0,0.0,1.0
2017-12-27,4.8743720054626465,4.8538572643522,4.635028142840927,0.39717573127384637,0.05859911285749395,22969.771802276373,24000.0,1003,0.2587171468222764,0.0,0.0,0.0,4712,0,0,0,0.0,0.7971492151606143,0.0,0.0,0.0,1.0
2017-12-28,4.880058765411377,4.8563526454054555,4.635531134206357,0.3148330840030169,0.05841105719220461,22969.771802276373,24000.0,1003,0.2586702180623436,0.0,0.0,0.0,4706,0,0,0,0.0,0.7970449290274303,0.0,0.0,0.0,1.0
2017-12-29,4.78364372253418,4.849427986084382,4.645303437296163,0.31193890910037325,0.05632620719532681,22969.771802276373,24000.0,1003,0.4393225175218979,0.06553752920316311,1.0,0.4393225175218979,4801,2,2,2,9.56728744506836,0.7973343220815569,0.06782682796710499,0.0,1.0,1.0
2018-01-02,4.9282660484313965,4.856936372974573,4.6472324902677,0.3271354160210145,0.06185707836119293,23460.204514831305,24500.0,1005,0.2603449194009081,0.0,0.0,0.0,4760,0,0,0,0.0,0.8007664875575736,0.0,0.0,0.0,1.0
2018-01-03,5.252615451812744,4.894620094768684,4.608139787852907,0.33381947779932325,0.06417090334453121,23460.204514831305,24500.0,1005,0.25964930865881075,0.0,0.0,0.0,4466,0,0,0,0.0,0.7992206859084683,0.0,0.0,0.0,1.0
2018-01-04,5.280303478240967,4.931351845575568,4.586458454587545,0.3338432307727796,0.061826072347322944,23460.204514831305,24500.0,1005,0.25897127052401836,0.0,0.0,0.0,4442,0,0,0,0.0,0.7977139344978185,0.0,0.0,0.0,1.0
2018-01-05,5.325048923492432,4.968846805377175,4.5704721390347025,0.3338672326937863,0.06409749392835619,23460.204514831305,24500.0,1005,0.25827914417421116,0.0,0.0,0.0,4405,0,0,0,0.0,0.7961758759426915,0.0,0.0,0.0,1.0
2018-01-08,5.4882121086120605,5.0183101675900215,4.539224102338635,0.34366440937162257,0.06404515215248144,23460.204514831305,24500.0,1005,0.2573660908860169,0.0,0.0,0.0,4274,0,0,0,0.0,0.794146868635593,0.0,0.0,0.0,1.0
2018-01-09,5.486730098724365,5.062921589602817,4.526875354196305,0.34285254213078303,0.06277630995080376,23460.204514831305,24500.0,1005,0.25654260045314803,0.0,0.0,0.0,4275,0,0,0,0.0,0.7923168898958844,0.0,0.0,0.0,1.0
2018-01-10,5.529744625091553,5.107380926316029,4.516041296883572,0.34123336343196614,0.0634144052650915,23460.204514831305,24500.0,1005,0.2557219173907582,0.0,0.0,0.0,4242,0,0,0,0.0,0.7904931497572404,0.0,0.0,0.0,1.0
2018-01-11,5.5396342277526855,5.148547907405234,4.521535953720022,0.32709087856459285,0.06623503672841663,23460.204514831305,24500.0,1005,0.2549620085255503,0.0,0.0,0.0,4234,0,0,0,0.0,0.7888044633901118,0.0,0.0,0.0,1.0
2018-01-12,5.512439727783203,5.183204271250755,4.552803198071749,0.30801602863010463,0.06772655205973858,23460.204514831305,24500.0,1005,0.25432228033987125,0.0,0.0,0.0,4255,0,0,0,0.0,0.7873828451997139,0.0,0.0,0.0,1.0
2018-01-16,5.441489219665527,5.207802837766447,4.595520404333278,0.3169146010053299,0.0670720572227614,23460.204514831305,24500.0,1005,0.25386821088245404,0.0,0.0,0.0,4311,0,0,0,0.0,0.786373801961009,0.0,0.0,0.0,1.0
2018-01-17,5.555454730987549,5.240912541882743,4.624608611671399,0.312694360526814,0.06766900945857623,23460.204514831305,24500.0,1005,0.2532570327727971,0.0,0.0,0.0,4222,0,0,0,0.0,0.7850156283839936,0.0,0.0,0.0,1.0
2018-01-18,5.548532485961914,5.2702096794140925,4.642288226162971,0.2999216104795601,0.06804776624092737,23460.204514831305,24500.0,1005,0.252716231529999,0.0,0.0,0.0,4228,0,0,0,0.0,0.7838138478444423,0.0,0.0,0.0,1.0
2018-01-19,5.6887054443359375,5.310066418930458,4.6646713191172084,0.3010933975155695,0.06564635162671245,23460.204514831305,24500.0,1005,0.25198050865464083,0.0,0.0,0.0,4123,0,0,0,0.0,0.7821789081214241,0.0,0.0,0.0,1.0
2018-01-22,5.777209281921387,5.354556215405784,4.688133580815661,0.30164673934004776,0.06748923071746764,23460.204514831305,24500.0,1005,0.25115926332990746,0.0,0.0,0.0,4060,0,0,0,0.0,0.7803539185109055,0.0,0.0,0.0,1.0
2018-01-23,5.906256675720215,5.407099116388111,4.7157035203642765,0.3009201491044346,0.06746227882219667,23460.204514831305,24500.0,1005,0.25018936426993776,0.0,0.0,0.0,3972,0,0,0,0.0,0.7781985872665285,0.0,0.0,0.0,1.0
2018-01-24,5.829370498657227,5.44731543850898,4.762671344326396,0.3086328216890776,0.0675286556026657,23460.204514831305,24500.0,1005,0.24944700379323728,0.0,0.0,0.0,4024,0,0,0,0.0,0.7765488973183051,0.0,0.0,0.0,1.0
2018-01-25,5.842967510223389,5.484996588196066,4.8115351647914,0.3096529637563994,0.06651768237750212,23460.204514831305,24500.0,1005,0.2487514405301359,0.0,0.0,0.0,4015,0,0,0,0.0,0.7750032011780797,0.0,0.0,0.0,1.0
2018-01-26,6.015525817871094,5.53552318149845,4.86461101529867,0.3150312341041234,0.07313064371163136,23460.204514831305,24500.0,1005,0.2478187608639725,0.0,0.0,0.0,3899,0,0,0,0.0,0.7729305796977166,0.0,0.0,0.0,1.0
2018-01-29,6.10254430770874,5.589525193518478,4.926279464395975,0.3131935872001509,0.08147366866295892,23460.204514831305,24500.0,1005,0.24682192780535792,0.0,0.0,0.0,3844,0,0,0,0.0,0.7707153951230176,0.0,0.0,0.0,1.0
2018-01-30,6.00044584274292,5.628660493444615,5.039069318912473,0.3093584056238702,0.09106220769913478,23460.204514831305,24500.0,1005,0.24609952211590505,0.0,0.0,0.0,3909,0,0,0,0.0,0.7691100491464556,0.0,0.0,0.0,1.0
2018-01-31,6.076587200164795,5.671320179798919,5.137171046518197,0.3014909508341564,0.08891559252573471,23460.204514831305,24500.0,1005,0.2453120591300383,0.0,0.0,0.0,3860,0,0,0,0.0,0.7673601314000852,0.0,0.0,0.0,1.0
2018-02-01,5.945563793182373,5.697438619168771,5.185099107176239,0.2435981549340547,0.08816130474309641,23960.204514831305,25000.0,1005,0.24693333537923692,0.0,0.0,0.0,4029,0,0,0,0.0,0.7709629675094154,0.0,0.0,0.0,1.0
2018-02-02,5.773006439208984,5.704635554410697,5.230201521672221,0.27407792870403536,0.12012164669075877,23960.204514831305,25000.0,1005,0.25666399620376634,0.0,0.0,0.0,4150,0,0,0,0.0,0.77067365071269,0.0,0.0,0.0,0.9013914661694415
2018-02-05,5.283022880554199,5.664481966424364,5.182385750496716,0.4187502674667591,0.1882488464263673,23960.204514831305,25000.0,1005,0.5636787465330324,0.27279791088838734,1.0,0.5636787465330324,4535,3,3,3,15.849068641662598,0.7722878249497406,0.33671136048382216,0.0,1.0,0.8537088691207086
2018-02-06,5.576714515686035,5.656123161592142,5.181306048850519,0.4511235160949877,0.19993148426643564,23944.355446189642,25000.0,1008,0.44093143171171495,0.06821905285285822,1.0,0.44093143171171495,4293,2,2,2,11.15342903137207,0.7719451141246048,0.07019706222570518,0.0,1.0,0.8803254764592456
2018-02-07,5.6563191413879395,5.6561418263346,5.193073284136112,0.4534466190067819,0.2002669569481137,23933.20201715827,25000.0,1010,0.25848710318662743,0.0,0.0,0.0,4231,0,0,0,0.0,0.7714918702160822,0.0,0.0,0.0,0.8868423841060955
2018-02-08,5.37746000289917,5.62960070029313,5.148024270268409,0.4876257347880102,0.23819054249366944,23933.20201715827,25000.0,1010,0.5278269956801224,0.21304499280020392,1.0,0.5278269956801224,4450,3,3,3,16.13238000869751,0.7725641317081575,0.22394190175941905,0.0,1.0,0.7060071938028709
2018-02-09,5.7374067306518555,5.639867941279675,5.166038794835653,0.5440290705264138,0.24419292162433243,23917.069637149572,25000.0,1013,0.2615071605857108,0.0,0.0,0.0,4168,0,0,0,0.0,0.7714725510193475,0.0,0.0,0.0,0.856554873729956
2018-02-12,5.637283802032471,5.639621832779942,5.174786998643722,0.5480460168802698,0.2491179765087529,23917.069637149572,25000.0,1013,0.4147711161936643,0.02461852698944047,1.0,0.4147711161936643,4242,2,2,2,11.274567604064941,0.7714825233357567,0.0020728612811248552,0.0,1.0,0.8332880688393234
2018-02-13,5.751002788543701,5.6502295428526805,5.206932689049431,0.5489507904030511,0.24966071110829913,23905.795069545507,25000.0,1015,0.26353803475378257,0.0,0.0,0.0,4156,0,0,0,0.0,0.7706006805601812,0.0,0.0,0.0,0.8323227149829899
2018-02-14,5.96830940246582,5.680522862815836,5.237718080941836,0.5592706077631626,0.25245692174444395,23905.795069545507,25000.0,1015,0.26160759333641936,0.0,0.0,0.0,4005,0,0,0,0.0,0.769370771769677,0.0,0.0,0.0,0.8460925395993526
2018-02-15,6.093893527984619,5.7198914975938155,5.268645178106913,0.561988207617932,0.2571937186390087,23905.795069545507,25000.0,1015,0.26340779071166043,0.0,0.0,0.0,3922,0,0,0,0.0,0.7677724051976911,0.0,0.0,0.0,0.8208979162730059
2018-02-16,6.028134822845459,5.749248004760639,5.2904704971578775,0.5595695826664501,0.2564559304044062,23905.795069545507,25000.0,1015,0.26313351330048995,0.0,0.0,0.0,3965,0,0,0,0.0,0.7665805310067181,0.0,0.0,0.0,0.8182772565253318
2018-02-20,6.157677173614502,5.7881460208419595,5.305713614601505,0.5616573748067203,0.2544756894843103,23905.795069545507,25000.0,1015,0.2603242359399768,0.0,0.0,0.0,3882,0,0,0,0.0,0.7650012715538165,0.0,0.0,0.0,0.839263362592406
2018-02-21,5.970531940460205,5.80551610842465,5.320320041305865,0.5696986010759902,0.25427244186900944,23905.795069545507,25000.0,1015,0.25722449570301514,0.0,0.0,0.0,4003,0,0,0,0.0,0.7642960459979592,0.0,0.0,0.0,0.8670872499606652
2018-02-22,5.990074157714844,5.823093065499906,5.333418988635819,0.5672515895208126,0.254474694278233,23905.795069545507,25000.0,1015,0.2578530855319176,0.0,0.0,0.0,3990,0,0,0,0.0,0.7635824215407038,0.0,0.0,0.0,0.857590041613991
2018-02-23,6.083581924438477,5.84790152825596,5.34717610544264,0.5693174914588611,0.2625583691539133,23905.795069545507,25000.0,1015,0.26246330672486257,0.0,0.0,0.0,3929,0,0,0,0.0,0.762575197952808,0.0,0.0,0.0,0.8069553235390103
2018-02-26,6.099659442901611,5.871878472507928,5.364328808087591,0.5604003938517415,0.2625017452660234,23905.795069545507,25000.0,1015,0.26481707618656314,0.0,0.0,0.0,3919,0,0,0,0.0,0.7616017340161781,0.0,0.0,0.0,0.7790370412071703
2018-02-27,6.086795330047607,5.892346744654564,5.38629918439858,0.558317353835349,0.2649216397956715,23905.795069545507,25000.0,1015,0.26672339840709886,0.0,0.0,0.0,3927,0,0,0,0.0,0.7607707221670247,0.0,0.0,0.0,0.7562342656806225
2018-02-28,5.986364364624023,5.901300803699273,5.396010005261489,0.5582237293556146,0.26501211580669365,23905.795069545507,25000.0,1015,0.2666492064801182,0.0,0.0,0.0,3993,0,0,0,0.0,0.7604071873698095,0.0,0.0,0.0,0.7553402783629608
2018-03-01,5.744189739227295,5.886337845178133,5.3886842481139885,0.574439775306124,0.2679317556635333,24405.795069545507,25500.0,1015,0.47023531493795917,0.11705885822993192,1.0,0.47023531493795917,4248,2,2,2,11.48837947845459,0.765700670084086,0.12074409394228063,0.0,1.0,0.7866482887390587
2018-03-02,5.851298809051514,5.883000794118455,5.387482774671285,0.5741788279204738,0.2692268843910038,24394.306690067053,25500.0,1017,0.42881753000041084,0.04802921666735137,1.0,0.42881753000041084,4169,2,2,2,11.702597618103027,0.7653720859757464,0.02694371986030924,0.0,1.0,0.7772458262581423
2018-03-05,5.82928466796875,5.877884972580388,5.3833937204778985,0.5642596141213658,0.26334349334697016,24382.60409244895,25500.0,1019,0.4343492650437978,0.05724877507299627,1.0,0.4343492650437978,4182,2,2,2,11.6585693359375,0.7651151063898268,0.04134166017058187,0.0,1.0,0.7855627990838612
2018-03-06,5.990321636199951,5.8885932262584415,5.467785187286469,0.4704422706772558,0.2159243325722481,24370.945523113012,25500.0,1021,0.2623400127984792,0.0,0.0,0.0,4068,0,0,0,0.0,0.7642253457251031,0.0,0.0,0.0,0.8156139277781729
2018-03-07,5.982406139373779,5.897527789412283,5.499971732271922,0.43398406051043714,0.20765783551233002,24370.945523113012,25500.0,1021,0.2695821124731084,0.0,0.0,0.0,4073,0,0,0,0.0,0.7638676128239239,0.0,0.0,0.0,0.7415831329765732
2018-03-08,5.966079235076904,5.904056498523199,5.522853805462468,0.4327732074965058,0.2069481163243742,24370.945523113012,25500.0,1021,0.2693547956187413,0.0,0.0,0.0,4084,0,0,0,0.0,0.7636062084316789,0.0,0.0,0.0,0.7426799817551422
2018-03-09,6.0687384605407715,5.919740494905826,5.6299687646742615,0.3882275833468316,0.1564804146077868,24370.945523113012,25500.0,1021,0.24334020508296153,0.0,0.0,0.0,4015,0,0,0,0.0,0.7629782335176922,0.0,0.0,0.0,1.0
2018-03-12,6.178322792053223,5.944367380348434,5.655979555013338,0.3197875998294887,0.1518062855101176,24370.945523113012,25500.0,1021,0.2673506152939559,0.0,0.0,0.0,3944,0,0,0,0.0,0.7619921923397744,0.0,0.0,0.0,0.7554587125894263
2018-03-13,6.127613544464111,5.961819395978498,5.713019778301973,0.31321728989322617,0.14965114157614973,24370.945523113012,25500.0,1021,0.2681667952774413,0.0,0.0,0.0,3977,0,0,0,0.0,0.7612934273218022,0.0,0.0,0.0,0.7441524701736968
2018-03-14,6.153091907501221,5.980035825647329,5.7509768676290305,0.3076053262751143,0.15214863484193603,24370.945523113012,25500.0,1021,0.27377530265331196,0.0,0.0,0.0,3960,0,0,0,0.0,0.7605640557652579,0.0,0.0,0.0,0.6847852244105406
2018-03-15,6.167933464050293,5.997930838828564,5.760703915413321,0.2797775040146902,0.14580811844630706,24370.945523113012,25500.0,1021,0.2820308924952149,0.0,0.0,0.0,3951,0,0,0,0.0,0.7598475534727858,0.0,0.0,0.0,0.5990050656753871
2018-03-16,6.196134567260742,6.016807384393533,5.769395733387525,0.2707112954419325,0.13982945469853333,24370.945523113012,25500.0,1021,0.2802570780438129,0.0,0.0,0.0,3933,0,0,0,0.0,0.7590917513934982,0.0,0.0,0.0,0.6133421008326128
2018-03-19,5.961627960205078,6.01155220113749,5.762090933322943,0.30157956356296484,0.14915250719169382,24370.945523113012,25500.0,1021,0.4418753904362409,0.06979231739373482,1.0,0.4418753904362409,4087,2,2,2,11.923255920410156,0.7593021648093577,0.04152358597415583,0.0,1.0,0.6849619741634017
2018-03-20,6.1738691329956055,6.027010956552549,5.7757011068514235,0.31882018775999427,0.14781127532811564,24359.022267192602,25500.0,1023,0.2614496493086412,0.0,0.0,0.0,3945,0,0,0,0.0,0.7582105016253624,0.0,0.0,0.0,0.7974507642277189
2018-03-21,6.14863920211792,6.038594598987346,5.78362062880075,0.29821425855235156,0.14655554075203714,24359.022267192602,25500.0,1023,0.27141720926153595,0.0,0.0,0.0,3961,0,0,0,0.0,0.7577457931465077,0.0,0.0,0.0,0.6956839765439256
2018-03-22,5.98265266418457,6.0332667956727954,5.777969776157391,0.3149033702230315,0.17197266696719726,24359.022267192602,25500.0,1023,0.45736372193981967,0.09560620323303275,1.0,0.45736372193981967,4071,2,2,2,11.96530532836914,0.7579595320794796,0.04194587542898551,0.0,1.0,0.5259371143898961
2018-03-23,5.762988090515137,6.007525966610161,5.725204767915615,0.33492034427424294,0.1733193044839951,24347.056961864233,25500.0,1025,0.521888850866809,0.20314808477801502,1.0,0.521888850866809,4224,3,3,3,17.28896427154541,0.7585210150676308,0.20352627475450477,0.0,1.0,0.6103242955315202
2018-03-26,6.047712802886963,6.011353284350808,5.731056907478034,0.38222037067756715,0.19754429876245116,24329.767997592688,25500.0,1028,0.27970872657616935,0.0,0.0,0.0,4022,0,0,0,0.0,0.7576599538700929,0.0,0.0,0.0,0.6123825266537248
2018-03-27,5.578697681427002,5.970147988834255,5.62959893516149,0.4708758254697172,0.20141101206459336,24329.767997592688,25500.0,1028,0.744398590457345,0.5739976507622417,1.0,0.7443985904573451,4361,3,3,3,16.736093044281006,0.7593210928422897,0.3278397019130582,1.0,1.0,0.9482376718256156
2018-03-28,5.475544452667236,5.923042890151682,5.510736498999074,0.4716333852285112,0.19879147268928984,24313.031904548407,25500.0,1031,0.7645191354617328,0.6075318924362213,1.0,0.7645191354617328,4440,4,4,4,21.902177810668945,0.7605232462844556,0.3777605917969181,1.0,1.0,0.9770859167488539
2018-03-29,5.728851318359375,5.904548454742891,5.490425514502151,0.4831007392645402,0.201511732745174,24291.129726737738,25500.0,1035,0.4593247991952744,0.09887466532545733,1.0,0.4593247991952744,4240,2,2,2,11.45770263671875,0.7603447980133767,0.14878117923004341,0.0,1.0,0.9978189056426461
2018-04-02,5.468123435974121,5.862984167241104,5.3941708136336155,0.5040313879368513,0.2143319956644261,24779.67202410102,26000.0,1037,0.550334010016525,0.25055668336087505,1.0,0.550334010016525,4531,3,3,3,16.404370307922363,0.7661571314834991,0.3367404038656895,0.0,1.0,0.9596988089060978
2018-04-03,5.574491500854492,5.8355086752042835,5.339868279948713,0.5102005584185515,0.21567647119252967,24763.267653793097,26000.0,1040,0.4984694633598594,0.16411577226643234,1.0,0.4984694633598594,4442,2,2,2,11.148983001708984,0.7665796529918286,0.22364560561693783,0.0,1.0,0.971319030140855
2018-04-04,5.596508502960205,5.812746754038181,5.29526776573711,0.49892676318254264,0.2204472503438778,24752.118670791388,26000.0,1042,0.4902669374176056,0.15044489569600927,1.0,0.4902669374176056,4422,2,2,2,11.19301700592041,0.7670429954727775,0.18600350249884248,0.0,1.0,0.886039866696235
2018-04-05,5.476287841796875,5.780703048110437,5.228364630338029,0.5031843203530928,0.22241246847888332,24740.925653785467,26000.0,1044,0.5255007439413178,0.20916790656886305,1.0,0.5255007439413178,4517,3,3,3,16.428863525390625,0.767882539145104,0.26330292680668643,0.0,1.0,0.885327157369878
2018-04-06,5.299909591674805,5.734913195116567,5.124200473904323,0.513036916060574,0.23313019546018948,24724.496790260077,26000.0,1047,0.583356225535408,0.30559370922567997,1.0,0.583356225535408,4665,3,3,3,15.899728775024414,0.7690594571043444,0.3792591000437283,0.0,1.0,0.8338712518122477
2018-04-09,5.328606605529785,5.696217329441636,5.050480325257405,0.5078257237388777,0.22240141679733977,24708.597061485052,26000.0,1050,0.5514068547449065,0.25234475790817745,1.0,0.5514068547449065,4636,3,3,3,15.985819816589355,0.7699604540033186,0.3226796860539422,0.0,1.0,0.9028120828086079
2018-04-10,5.637819766998291,5.690655656827984,5.062824514406276,0.5509232532984244,0.23328911568541896,24692.611241668463,26000.0,1053,0.4203827216620355,0.033971202770059127,1.0,0.4203827216620355,4379,2,2,2,11.275639533996582,0.7695284458984667,0.04642337633476113,0.0,1.0,0.9679559834291709
2018-04-11,5.596508502960205,5.681689261221528,5.068450182562982,0.5508427878258467,0.2331102706538729,24681.335602134466,26000.0,1055,0.433069067865529,0.055115113109214985,1.0,0.433069067865529,4410,2,2,2,11.19301700592041,0.7694545319004341,0.07496076813166827,0.0,1.0,0.9691781714891698
2018-04-12,5.803309440612793,5.693272135449268,5.106938489004983,0.5692360396808143,0.23555111208945673,24670.142585128546,26000.0,1057,0.24584596572205983,0.0,0.0,0.0,4251,0,0,0,0.0,0.7685465904934663,0.0,0.0,0.0,1.0
2018-04-13,5.726625442504883,5.696448640883136,5.144056021191502,0.5702188979293152,0.23558765749814709,24670.142585128546,26000.0,1057,0.24578785399861294,0.0,0.0,0.0,4307,0,0,0,0.0,0.768417453330251,0.0,0.0,0.0,1.0
2018-04-16,5.726377487182617,5.699299007197372,5.192616653860492,0.5696314126809561,0.23785751897022903,24670.142585128546,26000.0,1057,0.24616545930784337,0.0,0.0,0.0,4308,0,0,0,0.0,0.7683015749766299,0.0,0.0,0.0,0.9957024943164008
2018-04-17,5.87603759765625,5.716131253907742,5.217197348501233,0.5634374059930589,0.23627887833473052,24670.142585128546,26000.0,1057,0.2467087133402031,0.0,0.0,0.0,4198,0,0,0,0.0,0.7676172794084429,0.0,0.0,0.0,0.9871906239359622
2018-04-18,5.8470940589904785,5.7286039020108594,5.275660431497258,0.5474975456033195,0.23623550691205963,24670.142585128546,26000.0,1057,0.2520669228626675,0.0,0.0,0.0,4219,0,0,0,0.0,0.7671102182913278,0.0,0.0,0.0,0.9313267536842993
2018-04-19,5.665772914886475,5.722619998475204,5.325944693785637,0.5570206578859439,0.23702766538555628,24670.142585128546,26000.0,1057,0.4218246917544868,0.03637448625747793,1.0,0.4218246917544868,4354,2,2,2,11.33154582977295,0.7673534869850658,0.04966875627236833,0.0,1.0,0.9583531771135854
2018-04-20,5.657609462738037,5.716428518881188,5.349927460891428,0.5500628508175129,0.2206218513866577,24658.811039298773,26000.0,1059,0.41837578295154476,0.030626304919241232,1.0,0.41837578295154476,4358,2,2,2,11.315218925476074,0.7671654691732623,0.051447381830170405,0.0,1.0,1.0
2018-04-23,5.538130283355713,5.699447734545429,5.334556591501654,0.5397771834041941,0.20547856356695543,24647.495820373297,26000.0,1061,0.4590225222645653,0.09837087044094214,1.0,0.4590225222645653,4450,2,2,2,11.076260566711426,0.7674186905248962,0.1415202478408045,0.0,1.0,1.0
2018-04-24,5.4718337059021,5.677770208007969,5.363454720878142,0.5060130730391291,0.18838524256084355,24636.419559806585,26000.0,1063,0.47714894358569737,0.12858157264282893,1.0,0.47714894358569737,4502,2,2,2,10.9436674118042,0.7678665488033666,0.18135332583151642,0.0,1.0,1.0
2018-04-25,5.359528541564941,5.647461477870538,5.314731633302408,0.4318850704433249,0.17756272493938655,24625.47589239478,26000.0,1065,0.5106171799945936,0.1843619666576559,1.0,0.5106171799945936,4594,3,3,3,16.078585624694824,0.7686712894641491,0.2549224438571698,0.0,1.0,1.0
2018-04-26,5.5712761878967285,5.64020573596827,5.311849543356125,0.4505620885821458,0.18038771291879283,24609.397306770086,26000.0,1068,0.4232404531491213,0.038734088581868775,1.0,0.4232404531491213,4417,2,2,2,11.142552375793457,0.7683177028456111,0.06110552637465838,0.0,1.0,1.0
2018-04-27,5.5987348556518555,5.636256128319088,5.313750974767288,0.4185416587762644,0.17421410385082944,24598.254754394293,26000.0,1070,0.41059940776190795,0.017665679603179885,1.0,0.41059940776190795,4393,2,2,2,11.197469711303711,0.7680463824114837,0.03328563483720066,0.0,1.0,1.0
2018-04-30,5.563361644744873,5.629313796550115,5.311673943777804,0.38479723060035653,0.1557633135393886,24587.05728468299,26000.0,1072,0.4219152226854178,0.03652537114236298,1.0,0.4219152226854178,4419,2,2,2,11.126723289489746,0.7678990619268568,0.05857921070740512,0.0,1.0,1.0
2018-05-01,5.618772506713867,5.628309864184758,5.310677824666432,0.38025392274425446,0.15006952850245436,25075.9305613935,26500.0,1074,0.4011650709389225,0.0019417848982041428,1.0,0.4011650709389225,4462,2,2,2,11.237545013427734,0.7718941587119084,0.008472665596808315,0.0,1.0,1.0
2018-05-02,5.598239898681641,5.625446057946366,5.3078147922698715,0.3803406410782401,0.1469834202707006,25064.69301638007,26500.0,1076,0.4080951486808261,0.013491914468043431,1.0,0.4080951486808261,4477,2,2,2,11.196479797363281,0.7715856619490457,0.024181335119456637,0.0,1.0,1.0
2018-05-03,5.763482570648193,5.6385923924893975,5.318191475248554,0.3846875477431348,0.1447765898533357,25053.49653658271,26500.0,1078,0.24678184265673178,0.0,0.0,0.0,4346,0,0,0,0.0,0.7706263170149595,0.0,0.0,0.0,1.0
2018-05-04,5.913636684417725,5.664787086958762,5.352978606584465,0.36959039427673096,0.1284676478896456,25053.49653658271,26500.0,1078,0.24630233147608702,0.0,0.0,0.0,4236,0,0,0,0.0,0.7695607366135266,0.0,0.0,0.0,1.0
2018-05-07,6.151609420776367,5.711151118750916,5.359444552221543,0.3893226200279698,0.12849576225947662,25053.49653658271,26500.0,1078,0.24545360725637475,0.0,0.0,0.0,4072,0,0,0,0.0,0.7676746827919438,0.0,0.0,0.0,1.0
2018-05-08,6.194155216217041,5.757151508985785,5.339163108713617,0.34053763286850863,0.11459119885088563,25053.49653658271,26500.0,1078,0.24461153973550928,0.0,0.0,0.0,4044,0,0,0,0.0,0.765803421634465,0.0,0.0,0.0,1.0
2018-05-09,6.327239990234375,5.81144565005708,5.315520511355884,0.34213358150648054,0.1170140500935401,25053.49653658271,26500.0,1078,0.24361764962857776,0.0,0.0,0.0,3959,0,0,0,0.0,0.763594776952395,0.0,0.0,0.0,1.0
2018-05-10,6.434847354888916,5.870817240993445,5.287510641686017,0.3254074178713965,0.11798931398505567,25053.49653658271,26500.0,1078,0.24253081344883318,0.0,0.0,0.0,3893,0,0,0,0.0,0.7611795854418515,0.0,0.0,0.0,1.0
2018-05-11,6.296319484710693,5.911341264204612,5.285001524528962,0.33295767260988157,0.11704148962498628,25053.49653658271,26500.0,1078,0.24178899444280536,0.0,0.0,0.0,3979,0,0,0,0.0,0.7595310987617897,0.0,0.0,0.0,1.0
2018-05-14,6.316850662231445,5.949961206873834,5.285457337183123,0.33250529175199917,0.11428771808913603,25053.49653658271,26500.0,1078,0.24108203088850957,0.0,0.0,0.0,3966,0,0,0,0.0,0.7579600686411324,0.0,0.0,0.0,1.0
2018-05-15,6.074426651000977,5.961815058695467,5.289062898653439,0.35643636474632584,0.11150078235877182,25053.49653658271,26500.0,1078,0.2408650383028992,0.0,0.0,0.0,4124,0,0,0,0.0,0.7574778628953316,0.0,0.0,0.0,1.0
2018-05-16,6.0855584144592285,5.973600140196778,5.292525337515383,0.3555258569243837,0.11236111359416649,25053.49653658271,26500.0,1078,0.24064930460341674,0.0,0.0,0.0,4116,0,0,0,0.0,0.7569984546742594,0.0,0.0,0.0,1.0
2018-05-17,6.127613544464111,5.9882680834603335,5.303622544623352,0.3332750889506979,0.11021875743453304,25053.49653658271,26500.0,1078,0.24038079821559968,0.0,0.0,0.0,4088,0,0,0,0.0,0.7564017738124438,0.0,0.0,0.0,1.0
2018-05-18,6.083829402923584,5.997369161504452,5.315757521953237,0.33515066554540096,0.10568210127886903,25053.49653658271,26500.0,1078,0.24021419697185623,0.0,0.0,0.0,4118,0,0,0,0.0,0.7560315488263472,0.0,0.0,0.0,1.0
2018-05-21,6.041775226593018,6.001598310560506,5.340055267974925,0.324746410710391,0.10815660283212901,25053.49653658271,26500.0,1078,0.24013677960555088,0.0,0.0,0.0,4146,0,0,0,0.0,0.7558595102345576,0.0,0.0,0.0,1.0
2018-05-22,6.003679275512695,6.00179649769881,5.375945853911739,0.3215282037951949,0.095196641968419,25053.49653658271,26500.0,1078,0.24013315165910595,0.0,0.0,0.0,4173,0,0,0,0.0,0.7558514481313465,0.0,0.0,0.0,1.0
2018-05-23,6.127193927764893,6.013739110086055,5.451000038072874,0.31146035409971823,0.09535611025109833,25053.49653658271,26500.0,1078,0.2399145342527266,0.0,0.0,0.0,4088,0,0,0,0.0,0.7553656316727257,0.0,0.0,0.0,1.0
2018-05-24,6.130906581878662,6.024897916923446,5.496167384765804,0.28709564845627644,0.09046469155687795,25053.49653658271,26500.0,1078,0.23971026492454475,0.0,0.0,0.0,4086,0,0,0,0.0,0.7549116998323216,0.0,0.0,0.0,1.0
2018-05-25,6.170263767242432,6.038742283620492,5.545911958939555,0.28714277111912617,0.09131483165523263,25053.49653658271,26500.0,1078,0.23945683464964904,0.0,0.0,0.0,4060,0,0,0,0.0,0.7543485214436645,0.0,0.0,0.0,1.0
2018-05-29,6.1531829833984375,6.0496413978850585,5.612251521392993,0.2855546251091573,0.09644847145826525,25053.49653658271,26500.0,1078,0.23925731916550783,0.0,0.0,0.0,4071,0,0,0,0.0,0.7539051537011285,0.0,0.0,0.0,1.0
2018-05-30,6.262094497680664,6.069875026437021,5.683915489424657,0.28857000738663974,0.10521419839484793,25053.49653658271,26500.0,1078,0.23888692923303403,0.0,0.0,0.0,4000,0,0,0,0.0,0.7530820649622978,0.0,0.0,0.0,1.0
2018-05-31,6.242291450500488,6.08629563825259,5.782363469449563,0.28836617488285854,0.10486978796767486,25053.49653658271,26500.0,1078,0.23858633908994972,0.0,0.0,0.0,4013,0,0,0,0.0,0.752414086866555,0.0,0.0,0.0,1.0
2018-06-01,6.376697063446045,6.113952916842443,5.8511550903121545,0.28088389229193367,0.10916572704154481,25553.49653658271,27000.0,1078,0.24015264592739746,0.0,0.0,0.0,4007,0,0,0,0.0,0.7558947687275499,0.0,0.0,0.0,1.0
2018-06-04,6.555658340454102,6.156020100043554,5.872019223325092,0.28294685496137856,0.10197062863948626,25553.49653658271,27000.0,1078,0.23939683886921745,0.0,0.0,0.0,3897,0,0,0,0.0,0.7542151974871499,0.0,0.0,0.0,1.0
2018-06-05,6.56110143661499,6.194599274955118,5.8713295358453,0.25123533779831525,0.10176045951412321,25553.49653658271,27000.0,1078,0.23870369969330638,0.0,0.0,0.0,3894,0,0,0,0.0,0.7526748882073475,0.0,0.0,0.0,1.0
2018-06-06,6.563082695007324,6.229692934007709,5.87413240881024,0.25108602251535744,0.10460408185239747,25553.49653658271,27000.0,1078,0.2380731836189948,0.0,0.0,0.0,3893,0,0,0,0.0,0.751273741375544,0.0,0.0,0.0,1.0
2018-06-07,6.50739049911499,6.256140321160784,5.883285132425441,0.2442925840190309,0.1007406409008099,25553.49653658271,27000.0,1078,0.23759801222981128,0.0,0.0,0.0,3926,0,0,0,0.0,0.7502178049551361,0.0,0.0,0.0,1.0
2018-06-08,6.492042064666748,6.278607153875638,5.899148930538661,0.23758654755316322,0.09649343998889459,25553.49653658271,27000.0,1078,0.23719435813536768,0.0,0.0,0.0,3936,0,0,0,0.0,0.7493207958563727,0.0,0.0,0.0,1.0
2018-06-11,6.450954437255859,6.2950211808642305,5.906142062319829,0.2246267910609303,0.09646103264605056,25553.49653658271,27000.0,1078,0.2428428607943366,0.0,0.0,0.0,3961,0,0,0,0.0,0.74866545063068,0.0,0.0,0.0,0.9405659198946943
2018-06-12,6.499468803405762,6.314492383011043,5.91227167211255,0.2256242995312218,0.09649516481840843,25553.49653658271,27000.0,1078,0.24170022025604515,0.0,0.0,0.0,3931,0,0,0,0.0,0.7478880448560776,0.0,0.0,0.0,0.9484939992918979
2018-06-13,6.49501371383667,6.331684890708722,5.929740560188782,0.17004146759489575,0.09392543464742667,25553.49653658271,27000.0,1078,0.28537507227500386,0.0,0.0,0.0,3934,0,0,0,0.0,0.7472016180672592,0.0,0.0,0.0,0.5086565585526277
2018-06-14,6.6066460609436035,6.35787166882633,5.946063194638318,0.17675849796114104,0.09344880586207648,25553.49653658271,27000.0,1078,0.2781451661845198,0.0,0.0,0.0,3867,0,0,0,0.0,0.7461560867038969,0.0,0.0,0.0,0.5762507283223386
2018-06-15,6.565805435180664,6.3776748846696,5.96291765042464,0.1801475889534668,0.09349547643724873,25553.49653658271,27000.0,1078,0.2748473245020432,0.0,0.0,0.0,3891,0,0,0,0.0,0.7453654249750434,0.0,0.0,0.0,0.6056711673672637
2018-06-18,6.56159782409668,6.395191355091226,5.988685016921979,0.17648234859462233,0.09324449876046949,25553.49653658271,27000.0,1078,0.2773760819141653,0.0,0.0,0.0,3894,0,0,0,0.0,0.7446660636745058,0.0,0.0,0.0,0.577236467393623
2018-06-19,6.439815998077393,6.399441321089909,6.022342765203895,0.1902079184089977,0.09186755234850152,25553.49653658271,27000.0,1078,0.26248519545769594,0.0,0.0,0.0,3968,0,0,0,0.0,0.7444963798468548,0.0,0.0,0.0,0.7253817547338868
2018-06-20,6.492786407470703,6.408331329316651,6.075388079206462,0.1874870135690387,0.09089139659127625,25553.49653658271,27000.0,1078,0.262967093830296,0.0,0.0,0.0,3935,0,0,0,0.0,0.7441414380369129,0.0,0.0,0.0,0.7189655328631483
2018-06-21,6.364073276519775,6.404116276669329,6.098179018191934,0.19478914036557723,0.09379257652616524,25553.49653658271,27000.0,1078,0.42594064224800854,0.04323440374668086,1.0,0.42594064224800854,4015,2,2,2,12.72814655303955,0.7443097279166838,0.03126348618577835,0.0,1.0,0.7306730409809945
2018-06-22,6.211600303649902,6.385781422096051,6.094365570373295,0.2154861571229324,0.09352036668018572,25540.76839002967,27000.0,1080,0.4544142578404652,0.09069042973410861,1.0,0.4544142578404652,4111,2,2,2,12.423200607299805,0.744568743116158,0.13638199222059816,0.0,1.0,0.9201357306107503
2018-06-25,5.918780326843262,6.341305127310071,5.987858756867614,0.2729702698709051,0.10601491766177681,25528.34518942237,27000.0,1082,0.7355639223442292,0.5592732039070486,1.0,0.7355639223442292,4313,3,3,3,17.756340980529785,0.7458780686018704,0.33315286994086096,1.0,1.0,1.0
2018-06-26,5.9898176193237305,6.307830126549467,5.922680479349765,0.27737298138209404,0.09708286056081611,25510.58884844184,27000.0,1085,0.4993683149828766,0.1656138583047943,1.0,0.4993683149828766,4258,2,2,2,11.979635238647461,0.7465186782479196,0.25207757726958385,0.0,1.0,1.0
2018-06-27,5.834620952606201,6.262762586173918,5.803285918225844,0.2811357134816023,0.09124169367311855,25498.60921320319,27000.0,1087,0.5403565096841939,0.23392751614032314,1.0,0.5403565096841939,4370,3,3,3,17.503862857818604,0.7478658173640352,0.3418153152675067,0.0,1.0,1.0
2018-06-28,5.961847305297852,6.234103987995245,5.74026947115834,0.29501736359583813,0.09077889943544708,25481.105350345373,27000.0,1090,0.48500943330490365,0.14168238884150605,1.0,0.48500943330490365,4274,2,2,2,11.923694610595703,0.748326913077229,0.2183607164892234,0.0,1.0,1.0
2018-06-29,5.863830089569092,6.198839807192754,5.65518573020638,0.2852533698545703,0.08172170846403203,25469.181655734777,27000.0,1092,0.5087799772474787,0.18129996207913113,1.0,0.5087799772474787,4343,3,3,3,17.591490268707275,0.7492913677979819,0.2702196927519706,0.0,1.0,1.0
2018-07-02,5.996006488800049,6.17952234829821,5.623658129175032,0.27758113348470576,0.08077821658654705,25951.59016546607,27500.0,1095,0.4560933859798787,0.09348897663313113,1.0,0.4560933859798787,4328,2,2,2,11.992012977600098,0.753942655585944,0.14848709103600874,0.0,1.0,1.0
2018-07-03,5.862343788146973,6.1493148663790445,5.57021797343215,0.2839682608200503,0.08227208109110447,25939.59815248847,27500.0,1097,0.4946153242553012,0.15769220709216863,1.0,0.4946153242553012,4424,2,2,2,11.724687576293945,0.7546982396938977,0.23333581420677152,0.0,1.0,1.0
2018-07-05,6.008135795593262,6.135869240589923,5.559929558086102,0.3033124224357719,0.08235152747442365,25927.873464912176,27500.0,1099,0.43649412906494367,0.06082354844157275,1.0,0.43649412906494367,4315,2,2,2,12.016271591186523,0.7547883528942427,0.10408748947229865,0.0,1.0,1.0
2018-07-06,6.1219964027404785,6.134548017937594,5.568297444075482,0.3136688846845449,0.08847628163913551,25915.85719332099,27500.0,1101,0.3940813731824616,0.0,0.0,0.0,4233,0,0,0,0.0,0.7543950048091167,0.010230268929686743,0.0,1.0,1.0
2018-07-09,6.169518947601318,6.137878582667472,5.583992034945919,0.31593317076506927,0.09346654115429254,25915.85719332099,27500.0,1101,0.2394177474988146,0.0,0.0,0.0,4200,0,0,0,0.0,0.7542616611084768,0.0,0.0,0.0,1.0
2018-07-10,6.268530368804932,6.150321609918659,5.606480938082065,0.3221246035577202,0.09418103576302118,25915.85719332099,27500.0,1101,0.23919356939512001,0.0,0.0,0.0,4134,0,0,0,0.0,0.7537634875447111,0.0,0.0,0.0,1.0
2018-07-11,6.126946449279785,6.148095404143528,5.6204909607619635,0.32892562155707705,0.09746372156430771,25915.85719332099,27500.0,1101,0.3969734969866735,0.0,0.0,0.0,4229,0,0,0,0.0,0.7538526167286537,0.017199598797287288,0.0,1.0,1.0
2018-07-12,6.218529224395752,6.1548033870246925,5.64637961315064,0.33484914450213177,0.10130791320740219,25915.85719332099,27500.0,1101,0.23911282406904058,0.0,0.0,0.0,4167,0,0,0,0.0,0.7535840534867568,0.0,0.0,0.0,1.0
2018-07-13,6.171253681182861,6.156370081706423,5.6894222986310075,0.3275305613989148,0.10105528461050511,25915.85719332099,27500.0,1101,0.23908459792794737,0.0,0.0,0.0,4199,0,0,0,0.0,0.7535213287287719,0.0,0.0,0.0,1.0
2018-07-16,6.143529415130615,6.155147161080156,5.729603360883818,0.3273813942984377,0.10105728104492784,25915.85719332099,27500.0,1101,0.3933534710332852,0.0,0.0,0.0,4218,0,0,0,0.0,0.7535702900236636,0.009437423383636689,0.0,1.0,1.0
2018-07-17,6.279419898986816,6.166982659928409,5.784256373749123,0.33941019554156937,0.10138933897140162,25915.85719332099,27500.0,1101,0.23889339785958072,0.0,0.0,0.0,4127,0,0,0,0.0,0.7530964396879571,0.0,0.0,0.0,1.0
2018-07-18,6.23016357421875,6.172999889860822,5.816306667312483,0.3345629967552938,0.099966238234925,25915.85719332099,27500.0,1101,0.23878498925703476,0.0,0.0,0.0,4159,0,0,0,0.0,0.7528555316822995,0.0,0.0,0.0,1.0
2018-07-19,6.2383317947387695,6.179221976039674,5.864025361357155,0.33280901467599877,0.10142044512459164,25915.85719332099,27500.0,1101,0.23867288988985977,0.0,0.0,0.0,4154,0,0,0,0.0,0.7526064219774662,0.0,0.0,0.0,1.0
2018-07-20,6.2101149559021,6.182164164598,5.8873694330921085,0.32617601555586123,0.09821585389025905,25915.85719332099,27500.0,1101,0.23861988235090623,0.0,0.0,0.0,4173,0,0,0,0.0,0.7524886274464583,0.0,0.0,0.0,1.0
2018-07-23,6.17348051071167,6.181337149942159,5.88933862780583,0.31545581485677854,0.09821297036513109,25915.85719332099,27500.0,1101,0.39149459028300493,0.0,0.0,0.0,4197,0,0,0,0.0,0.752521738105952,0.006355129189614588,0.0,1.0,1.0
2018-07-24,6.156154155731201,6.178938769541116,5.897010568438642,0.2626381699487201,0.08218580838870608,25915.85719332099,27500.0,1101,0.3969747860732634,0.0,0.0,0.0,4209,0,0,0,0.0,0.7526177605358266,0.01843731962698079,0.0,1.0,1.0
2018-07-25,6.234371662139893,6.184218092645762,5.901423384200359,0.26300167882406184,0.08609954268548711,25915.85719332099,27500.0,1101,0.2385828780363148,0.0,0.0,0.0,4156,0,0,0,0.0,0.7524063956362551,0.0,0.0,0.0,1.0
2018-07-26,6.30788516998291,6.195995909535014,5.9329267639805305,0.24296917742839044,0.07876298140782186,25915.85719332099,27500.0,1101,0.2383706846043955,0.0,0.0,0.0,4108,0,0,0,0.0,0.7519348546764345,0.0,0.0,0.0,1.0
2018-07-27,6.238083362579346,6.200004238396379,5.946862471129739,0.23903768134270562,0.08370836817837025,25915.85719332099,27500.0,1101,0.23829846909405508,0.0,0.0,0.0,4154,0,0,0,0.0,0.7517743757645668,0.0,0.0,0.0,1.0
2018-07-30,6.042789459228516,6.185031402285153,5.964005174879269,0.2595058030113924,0.0879376821188583,25915.85719332099,27500.0,1101,0.4403132125375441,0.06718868756257343,1.0,0.4403132125375441,4288,2,2,2,12.085578918457031,0.7523738336757835,0.11498886085209209,0.0,1.0,1.0
2018-07-31,6.060859203338623,6.17320547857596,5.960557902046807,0.24761968715435517,0.08859000361049078,25903.771614402533,27500.0,1103,0.42952704274741593,0.04921173791235985,1.0,0.42952704274741593,4273,2,2,2,12.121718406677246,0.7523983402592989,0.09099508806829208,0.0,1.0,1.0
2018-08-01,6.1007080078125,6.166300957550868,6.003834856370761,0.23290481919952732,0.0857823864321735,26391.649895995855,28000.0,1105,0.4144270838725066,0.02404513978751096,1.0,0.4144270838725066,4325,2,2,2,12.201416015625,0.7566513372109389,0.05318662695018686,0.0,1.0,1.0
2018-08-02,6.203431129455566,6.169837164398935,6.027363269301844,0.22406695312778205,0.08285453615827579,26379.44847998023,28000.0,1107,0.24023198630552398,0.0,0.0,0.0,4252,0,0,0,0.0,0.7560710806789421,0.0,0.0,0.0,1.0
2018-08-03,6.240063667297363,6.1765254027702134,6.03522990151704,0.2153580046064953,0.07971420517831611,26379.44847998023,28000.0,1107,0.2401129953789292,0.0,0.0,0.0,4227,0,0,0,0.0,0.7558066563976205,0.0,0.0,0.0,1.0
2018-08-06,6.28783655166626,6.187126464569837,6.039787999475898,0.21531415626203684,0.07531816321930711,26379.44847998023,28000.0,1107,0.23992439113123346,0.0,0.0,0.0,4195,0,0,0,0.0,0.7553875358471854,0.0,0.0,0.0,1.0
2018-08-07,6.360113143920898,6.203601386412795,6.041864274055931,0.21167965081755924,0.07509172507230133,26379.44847998023,28000.0,1107,0.23963128461994523,0.0,0.0,0.0,4147,0,0,0,0.0,0.7547361880443227,0.0,0.0,0.0,1.0
2018-08-08,6.396499156951904,6.221972602654614,6.042354159444698,0.19322606684961938,0.06878967680347901,26379.44847998023,28000.0,1107,0.2393044409995573,0.0,0.0,0.0,4124,0,0,0,0.0,0.7540098688879051,0.0,0.0,0.0,1.0
2018-08-09,6.347984790802002,6.233973763430557,6.044700686692874,0.19007766373437043,0.06387392411713355,26379.44847998023,28000.0,1107,0.2390909274909667,0.0,0.0,0.0,4155,0,0,0,0.0,0.7535353944243705,0.0,0.0,0.0,1.0
2018-08-10,6.306649208068848,6.24089523434849,6.049463896832359,0.189453798284373,0.07003940124324769,26379.44847998023,28000.0,1107,0.23896778710747504,0.0,0.0,0.0,4182,0,0,0,0.0,0.7532617491277223,0.0,0.0,0.0,1.0
2018-08-13,6.339568138122559,6.250292653755544,6.056989552005725,0.18875023324867804,0.07172186711520005,26379.44847998023,28000.0,1107,0.23880059694755987,0.0,0.0,0.0,4161,0,0,0,0.0,0.7528902154390219,0.0,0.0,0.0,1.0
2018-08-14,6.471004009246826,6.271312782849952,6.052063255720281,0.18680888665507142,0.07378851913807483,26379.44847998023,28000.0,1107,0.2384266263294034,0.0,0.0,0.0,4076,0,0,0,0.0,0.7520591696208965,0.0,0.0,0.0,1.0
2018-08-15,6.41283655166626,6.284791237022934,6.053650935712032,0.1876165396879471,0.07891918868205373,26379.44847998023,28000.0,1107,0.24007643521658173,0.0,0.0,0.0,4113,0,0,0,0.0,0.7515262893077004,0.0,0.0,0.0,0.9811039497188343
2018-08-16,6.372241020202637,6.293119787801953,6.056495015542551,0.1896748950648863,0.08209913501796329,26379.44847998023,28000.0,1107,0.24551237392055575,0.0,0.0,0.0,4139,0,0,0,0.0,0.751197014103687,0.0,0.0,0.0,0.9252628242610337
2018-08-17,6.059866905212402,6.270905227555329,6.018199336452071,0.2599979048631168,0.08239283886245351,26379.44847998023,28000.0,1107,0.46415440045504963,0.10692400075841602,1.0,0.46415440045504963,4353,2,2,2,12.119733810424805,0.7520752826105804,0.16826782951175193,0.0,1.0,1.0
2018-08-20,6.13461971282959,6.257925654724306,6.0019836234038895,0.26356100730738596,0.08251151663475564,26367.328746169806,28000.0,1109,0.4327975691003104,0.054662615167184,1.0,0.4327975691003104,4298,2,2,2,12.26923942565918,0.7521414446039552,0.09851982006340124,0.0,1.0,1.0
2018-08-21,6.270262241363525,6.2591005677375655,6.007257641290032,0.2748693155675459,0.08137211673464907,26355.059506744146,28000.0,1111,0.23824152396998585,0.0,0.0,0.0,4203,0,0,0,0.0,0.751647831044413,0.0,0.0,0.0,1.0
2018-08-22,6.505410671234131,6.282558672832477,6.008217867096859,0.30159299309202797,0.07521231934039871,26355.059506744146,28000.0,1111,0.23782267112562153,0.0,0.0,0.0,4051,0,0,0,0.0,0.7507170469458256,0.0,0.0,0.0,1.0
2018-08-23,6.604913711547852,6.313259152710132,6.001363298831875,0.3033066081732221,0.07457539104769276,26355.059506744146,28000.0,1111,0.23727450309294892,0.0,0.0,0.0,3990,0,0,0,0.0,0.7494988957621087,0.0,0.0,0.0,1.0
2018-08-24,6.738082408905029,6.353718510442979,5.983833497960773,0.3050618186944777,0.07261040072116762,26355.059506744146,28000.0,1111,0.2365520868108583,0.0,0.0,0.0,3911,0,0,0,0.0,0.7478935262463517,0.0,0.0,0.0,1.0
2018-08-27,6.8291707038879395,6.398999671723452,5.985362507897026,0.2763172665114011,0.07169924802838523,26355.059506744146,28000.0,1111,0.23574357550435218,0.0,0.0,0.0,3859,0,0,0,0.0,0.7460968344541159,0.0,0.0,0.0,1.0
2018-08-28,6.791546821594238,6.436385114568289,6.002481695336612,0.2792909373671543,0.07081489877839092,26355.059506744146,28000.0,1111,0.23507604507041371,0.0,0.0,0.0,3880,0,0,0,0.0,0.7446134334898082,0.0,0.0,0.0,1.0
2018-08-29,6.897049903869629,6.4802579516446075,6.012753954872141,0.2813995881101587,0.07173048573013778,26355.059506744146,28000.0,1111,0.2342926798955456,0.0,0.0,0.0,3821,0,0,0,0.0,0.7428726219901014,0.0,0.0,0.0,1.0
2018-08-30,6.880208492279053,6.518348479324079,6.022322032750785,0.2801464063291501,0.07392411515373812,26355.059506744146,28000.0,1111,0.23361255992006882,0.0,0.0,0.0,3830,0,0,0,0.0,0.7413612442668196,0.0,0.0,0.0,1.0
2018-08-31,6.951286315917969,6.559580654237783,6.029807614326362,0.2807047114480308,0.07294620970439962,26355.059506744146,28000.0,1111,0.2328763447112079,0.0,0.0,0.0,3791,0,0,0,0.0,0.7397252104693509,0.0,0.0,0.0,1.0
2018-09-04,7.0260796546936035,6.60400913047167,6.0344678249624,0.2812276052333244,0.0729501754379167,26855.059506744146,28500.0,1111,0.23415177667441014,0.0,0.0,0.0,3822,0,0,0,0.0,0.7425595037209114,0.0,0.0,0.0,1.0
2018-09-05,6.895315170288086,6.631752562835138,6.046682480614111,0.29307810262849193,0.07362752937159792,26855.059506744146,28500.0,1111,0.23366509846352881,0.0,0.0,0.0,3894,0,0,0,0.0,0.7414779965856196,0.0,0.0,0.0,1.0
2018-09-06,6.754150867462158,6.643409544228188,6.057715121446641,0.3057623159729102,0.0750833336489911,26855.059506744146,28500.0,1111,0.2334606104688813,0.0,0.0,0.0,3976,0,0,0,0.0,0.7410235788197362,0.0,0.0,0.0,1.0
2018-09-07,6.732852458953857,6.651927917059204,6.072998000487592,0.3041470795335491,0.07537905287030909,26855.059506744146,28500.0,1111,0.2333111802760088,0.0,0.0,0.0,3988,0,0,0,0.0,0.740691511724464,0.0,0.0,0.0,1.0
2018-09-10,6.803930759429932,6.6664043782373685,6.097654161495963,0.3030082695723016,0.07018945208663396,26855.059506744146,28500.0,1111,0.23305723267018344,0.0,0.0,0.0,3946,0,0,0,0.0,0.7401271837115188,0.0,0.0,0.0,1.0
2018-09-11,6.756130695343018,6.67494974177124,6.119631775685136,0.3054496136235711,0.06855421720576617,26855.059506744146,28500.0,1111,0.23290732900356034,0.0,0.0,0.0,3974,0,0,0,0.0,0.7397940644523563,0.0,0.0,0.0,1.0
2018-09-12,6.642208576202393,6.671831535526588,6.122518738036046,0.3062469940660036,0.06574334442995465,26855.059506744146,28500.0,1111,0.39295203811453117,0.0,0.0,0.0,4043,0,0,0,0.0,0.739915619790525,0.022200020463988647,0.0,1.0,1.0
2018-09-13,6.719973564147949,6.676416490633384,6.138304130904072,0.30567049391365686,0.05933507415111113,26855.059506744146,28500.0,1111,0.23288159914062598,0.0,0.0,0.0,3996,0,0,0,0.0,0.7397368869791688,0.0,0.0,0.0,1.0
2018-09-14,6.8460307121276855,6.692570226013794,6.167778554530252,0.3089918172634772,0.05437577136047285,26855.059506744146,28500.0,1111,0.23259822861418958,0.0,0.0,0.0,3922,0,0,0,0.0,0.7391071746981991,0.0,0.0,0.0,1.0
2018-09-17,6.784116744995117,6.701288942107254,6.268206440444132,0.24418580769772952,0.05860615569107199,26855.059506744146,28500.0,1111,0.23244528397871853,0.0,0.0,0.0,3958,0,0,0,0.0,0.7387672977304857,0.0,0.0,0.0,1.0
2018-09-18,6.7120490074157715,6.702313710231875,6.3707457223842185,0.24954206989583227,0.060662948025401314,26855.059506744146,28500.0,1111,0.23242730738840608,0.0,0.0,0.0,4001,0,0,0,0.0,0.7387273497520135,0.0,0.0,0.0,1.0
2018-09-19,6.735823154449463,6.705505085871645,6.464951355778874,0.24083742715805473,0.06051058549800764,26855.059506744146,28500.0,1111,0.23237132394099894,0.0,0.0,0.0,3986,0,0,0,0.0,0.7386029420911088,0.0,0.0,0.0,1.0
2018-09-20,6.594658374786377,6.694948256244476,6.47329825967176,0.2205448455954909,0.06525192506698824,26855.059506744146,28500.0,1111,0.4162613639353523,0.027102273225587115,1.0,0.4162613639353523,4072,2,2,2,13.189316749572754,0.7390144732390311,0.07489966883952957,0.0,1.0,1.0
2018-09-21,6.524569988250732,6.678721754530787,6.441015229814118,0.21707457218920945,0.06464098265733845,26841.870189994574,28500.0,1113,0.43456256678449345,0.057604277974155724,1.0,0.43456256678449345,4113,2,2,2,13.049139976501465,0.7391783399020082,0.11540514184131041,0.0,1.0,1.0
2018-09-24,6.58029317855835,6.669347604438173,6.415734927705275,0.20602535300115649,0.06400086468037228,26828.821050018072,28500.0,1115,0.4126281672383644,0.02104694539727392,1.0,0.4126281672383644,4077,2,2,2,13.1605863571167,0.7390764007386469,0.06676397090216275,0.0,1.0,1.0
2018-09-25,6.647409439086914,6.667258255357101,6.409153157497457,0.20321891182477198,0.0589104842648787,26815.660463660955,28500.0,1117,0.38910899996346826,0.0,0.0,0.0,4034,0,0,0,0.0,0.7386902641672323,0.014885291307141646,0.0,1.0,1.0
2018-09-26,6.610507965087891,6.661853465807653,6.395288283575356,0.2032305776003346,0.06029735587864125,26815.660463660955,28500.0,1117,0.39984756909802366,0.0,0.0,0.0,4056,0,0,0,0.0,0.7389020939892229,0.038536948450829646,0.0,1.0,1.0
2018-09-27,6.622395038604736,6.658095520359756,6.3941147429074645,0.1937944533809489,0.057550549941633854,26815.660463660955,28500.0,1117,0.3946366440687914,0.0,0.0,0.0,4049,0,0,0,0.0,0.7390493790792334,0.02680982996252529,0.0,1.0,1.0
2018-09-28,6.959706783294678,6.6868204025440345,6.411848433189893,0.2697607416199512,0.055119075861953436,26815.660463660955,28500.0,1117,0.23206560437407867,0.0,0.0,0.0,3852,0,0,0,0.0,0.7379235652757303,0.0,0.0,0.0,1.0
2018-10-01,7.166254043579102,6.732480749309278,6.410726711420799,0.28709646088434726,0.05643108425038137,27315.660463660955,29000.0,1117,0.2333075362537825,0.0,0.0,0.0,3811,0,0,0,0.0,0.7406834138972944,0.0,0.0,0.0,1.0
2018-10-02,7.094930648803711,6.766999787356367,6.431870903779019,0.28781903075311666,0.055998165403628945,27315.660463660955,29000.0,1117,0.23270922609949388,0.0,0.0,0.0,3850,0,0,0,0.0,0.739353835776653,0.0,0.0,0.0,1.0
2018-10-03,7.101120471954346,6.798820804937127,6.43470464703169,0.27869760669971444,0.05465121824145904,27315.660463660955,29000.0,1117,0.23215768008270185,0.0,0.0,0.0,3846,0,0,0,0.0,0.7381281779615596,0.0,0.0,0.0,1.0
2018-10-04,6.916863441467285,6.810062960797142,6.440161466587094,0.2850580044769111,0.06130463817993574,27315.660463660955,29000.0,1117,0.23196282250880398,0.0,0.0,0.0,3949,0,0,0,0.0,0.7376951611306756,0.0,0.0,0.0,1.0
2018-10-05,6.68332052230835,6.797992252369638,6.426171260207863,0.31099035137380365,0.06424774501201845,27315.660463660955,29000.0,1117,0.4201260992443633,0.033543498740605436,1.0,0.4201260992443633,4087,2,2,2,13.3666410446167,0.7381600915207971,0.08434235124445465,0.0,1.0,1.0
2018-10-08,6.582029342651367,6.777424356205993,6.3961022526162035,0.3125963222580011,0.06398230897247836,27302.29382261634,29000.0,1119,0.44718632630488664,0.07864387717481103,1.0,0.44718632630488664,4148,2,2,2,13.164058685302734,0.7384849015657067,0.14415137911181916,0.0,1.0,1.0
2018-10-09,6.57633113861084,6.75827262119693,6.367799380403877,0.3119093856806204,0.0627347374875599,27289.129763931036,29000.0,1121,0.44301393726425353,0.07168989544042252,1.0,0.44301393726425353,4149,2,2,2,13.15266227722168,0.7387578066082152,0.13460649842345915,0.0,1.0,1.0
2018-10-10,6.084728240966797,6.6941255373654895,6.203097498539387,0.40449809479079746,0.1319782534057933,27275.977101653814,29000.0,1123,0.7881770276767202,0.6469617127945336,1.0,0.7881770276767202,4482,4,4,4,24.338912963867188,0.7407757593633985,0.4551731910293128,1.0,1.0,1.0
2018-10-11,5.8232011795043945,6.611180360426338,5.975051028953933,0.422407989211147,0.14489510642379785,27251.638188689947,29000.0,1127,0.8525591132165757,0.7542651886942929,1.0,0.8525591132165757,4679,4,4,4,23.292804718017578,0.7430758528896385,0.5959443987027517,1.0,1.0,1.0
2018-10-12,6.105778217315674,6.563046822987227,5.882438185522346,0.45800771375346183,0.15709472244623604,27228.34538397193,29000.0,1131,0.5415832734291071,0.23597212238184506,1.0,0.5415832734291071,4459,3,3,3,18.31733465194702,0.7440411739034981,0.3483661003834064,0.0,1.0,1.0
2018-10-15,5.829392433166504,6.4931749763376345,5.725238301374118,0.4794726041283271,0.15718946570484535,27210.028049319983,29000.0,1134,0.6157549048546825,0.35959150809113755,1.0,0.6157549048546825,4667,3,3,3,17.48817729949951,0.7460944681666594,0.5111386537326351,0.0,1.0,1.0
2018-10-16,6.08819580078125,6.454605531046551,5.6561732965024865,0.512757185447811,0.17693986966781408,27192.539872020483,29000.0,1137,0.5138468736208373,0.18974478936806205,1.0,0.5138468736208373,4466,3,3,3,18.26458740234375,0.7469349486620714,0.28383588160645573,0.0,1.0,1.0
2018-10-17,6.019594192504883,6.413175879756868,5.583121384514266,0.5124222457157875,0.17669936563768313,27174.27528461814,29000.0,1140,0.5246374136272556,0.2077290227120926,1.0,0.5246374136272556,4514,3,3,3,18.05878257751465,0.7478958447267989,0.3068539633337691,0.0,1.0,1.0
2018-10-18,5.932170391082764,6.367365833216477,5.496222960867037,0.5102871660885993,0.17844859234114072,27156.216502040625,29000.0,1143,0.5408496306547335,0.23474938442455573,1.0,0.5408496306547335,4577,3,3,3,17.79651117324829,0.7490379604356402,0.3417389965748786,0.0,1.0,1.0
2018-10-19,5.675596714019775,6.301483059959648,5.3563148517817005,0.528070772400305,0.1784499129074625,27138.419990867376,29000.0,1146,0.6114204774353057,0.35236746239217615,1.0,0.6114204774353057,4781,3,3,3,17.026790142059326,0.7509827728719394,0.49661828809540637,0.0,1.0,1.0
2018-10-22,5.726365566253662,6.246709965320983,5.249649689259325,0.5282246979806328,0.1785145850125632,27121.393200725317,29000.0,1149,0.5760481133781351,0.2934135222968918,1.0,0.5760481133781351,4736,3,3,3,17.179096698760986,0.7525010430981445,0.4164947644088223,0.0,1.0,1.0
2018-10-23,5.474746227264404,6.173189609315594,5.09937940998201,0.54048085044128,0.17866653939188615,27104.214104026556,29000.0,1152,0.6442170885068568,0.4070284808447613,1.0,0.6442170885068568,4950,3,3,3,16.424238681793213,0.7547753644851185,0.5657070544190077,0.0,1.0,1.0
2018-10-24,4.938564777374268,6.055606291987849,4.818135757542418,0.6252657873364119,0.2041918307832868,27087.789865344763,29000.0,1155,0.8065129760693022,0.6775216267821703,1.0,0.8065129760693022,5484,4,4,4,19.75425910949707,0.7588198183708288,0.9223201284498425,0.0,1.0,1.0
2018-10-25,5.147339820861816,5.969104723309179,4.647111246383481,0.6544194989552556,0.21881707110912893,27068.035606235266,29000.0,1159,0.7024055813286767,0.5040093022144612,1.0,0.7024055813286767,5258,3,3,3,15.44201946258545,0.7614416422649883,0.6883485384654042,0.0,1.0,1.0
2018-10-26,4.910826206207275,5.8683162931089985,4.479547692893862,0.6209402780378236,0.2236159119905081,27052.59358677268,29000.0,1162,0.7613041680345424,0.6021736133909039,1.0,0.7613041680345424,5508,4,4,4,19.6433048248291,0.7648626368071498,0.8158132921584997,0.0,1.0,1.0
2018-10-29,4.597042560577393,5.747242604296464,4.301985313303771,0.6173860516766417,0.22162577140119014,27032.95028194785,29000.0,1166,0.8460145450181258,0.7433575750302096,1.0,0.8460145450181258,5880,4,4,4,18.38817024230957,0.7689212111513904,1.0,0.0,1.0,1.0
2018-10-30,5.0274739265441895,5.6786932064152955,4.278555882080568,0.7398149110626079,0.23307942269428353,27014.56211170554,29000.0,1170,0.6549270930754676,0.42487848845911264,1.0,0.6549270930754676,5373,3,3,3,15.082421779632568,0.7708941016722105,0.5733883273843838,0.0,1.0,1.0
2018-10-31,5.221390724182129,5.635140589059756,4.33653842162137,0.7629867035050982,0.23861839210560604,26999.47968992591,29000.0,1173,0.5626328498075576,0.2710547496792626,1.0,0.5626328498075576,5170,3,3,3,15.664172172546387,0.7720682789321692,0.36711583175129187,0.0,1.0,1.0
2018-11-01,5.401686191558838,5.612906836916812,4.424373844589645,0.780589489758495,0.2431602328452126,27483.815517753363,29500.0,1176,0.4839804498196213,0.13996741636603546,1.0,0.4839804498196213,5088,2,2,2,10.803372383117676,0.7762447986368077,0.18815620096235047,0.0,1.0,1.0
2018-11-02,5.322683334350586,5.585266503339076,4.482943778595984,0.7761740620842359,0.24329614552413112,27473.012145370245,29500.0,1178,0.5054160734838177,0.17569345580636275,1.0,0.5054160734838177,5161,3,3,3,15.968050003051758,0.7769680020022566,0.2350677168506716,0.0,1.0,1.0
2018-11-05,5.244670391082764,5.552828778362285,4.536216304247369,0.7761336178688134,0.2450010345417671,27457.044095367193,29500.0,1181,0.5248298111087081,0.2080496851811801,1.0,0.5248298111087081,5235,3,3,3,15.734011173248291,0.7776986173814964,0.2774787406378549,0.0,1.0,1.0
2018-11-06,5.227086544036865,5.52180570842653,4.616969265102483,0.7757890889691569,0.24695114006476954,27441.310084193945,29500.0,1184,0.5203613834538918,0.20060230575648635,1.0,0.5203613834538918,5249,3,3,3,15.681259632110596,0.778379052244847,0.2668684665415791,0.0,1.0,1.0
2018-11-07,5.294697284698486,5.500176334738145,4.63663639141505,0.7407807646242,0.2317250501907618,27425.628824561834,29500.0,1187,0.4844664354528625,0.14077739242143747,1.0,0.4844664354528625,5179,2,2,2,10.589394569396973,0.7786878200225702,0.1867931476504576,0.0,1.0,1.0
2018-11-08,5.101523399353027,5.462209388510991,4.603960210441231,0.736815063701024,0.21831142961195832,27415.039429992437,29500.0,1189,0.5495045501120468,0.24917425018674463,1.0,0.5495045501120468,5373,3,3,3,15.304570198059082,0.7798451876969638,0.33016492366314004,0.0,1.0,1.0
2018-11-09,5.093597888946533,5.427103531409614,4.622854802095601,0.7089697314469807,0.216052918032724,27399.73485979438,29500.0,1192,0.5395854004778693,0.23264233412978214,1.0,0.5395854004778693,5379,3,3,3,15.2807936668396,0.7807082234088047,0.3072593332086824,0.0,1.0,1.0
2018-11-12,4.694125652313232,5.357296114352816,4.531467270904606,0.7410873204613373,0.22663201423699614,27384.45406612754,29500.0,1195,0.6808664739986245,0.46811078999770755,1.0,0.6808664739986245,5833,3,3,3,14.082376956939697,0.7829841065541825,0.6189413912205386,0.0,1.0,1.0
2018-11-13,4.936089038848877,5.317181154781012,4.5631970800825465,0.7484114296550638,0.21142010421068688,27370.3716891706,29500.0,1198,0.564092390071056,0.2734873167850934,1.0,0.564092390071056,5544,3,3,3,14.80826711654663,0.7840683720871983,0.35835916140403723,0.0,1.0,1.0
2018-11-14,4.8835835456848145,5.275886144390897,4.598996871223877,0.748393576329799,0.21243949165216985,27355.563422054052,29500.0,1201,0.5706487339707359,0.28441455661789317,1.0,0.5706487339707359,5601,3,3,3,14.650750637054443,0.7852088386639502,0.37178834793768495,0.0,1.0,1.0
2018-11-15,5.01236629486084,5.250789015864226,4.6668819456666695,0.7586444117611383,0.21141113509541734,27340.912671416998,29500.0,1204,0.5057292867296836,0.17621547788280606,1.0,0.5057292867296836,5454,3,3,3,15.03709888458252,0.7856966110135414,0.2270351372746443,0.0,1.0,1.0
2018-11-16,4.072253704071045,5.1385475575982085,4.432892168519527,0.9877089571400804,0.21165149463851812,27325.875572532415,29500.0,1207,1.0,1.0,1.0,1.0,6710,5,5,5,20.361268520355225,0.7897550202704733,1.0,1.0,1.0,1.0
2018-11-19,3.5836219787597656,4.990459407232643,4.084480077140123,1.0511009427989726,0.21900750437450606,27305.51430401206,29500.0,1212,1.0,1.0,1.0,1.0,7619,5,5,5,17.918109893798828,0.7949682440147131,1.0,1.0,1.0,1.0
2018-11-20,3.6920979022979736,4.866805930572198,3.832661963260774,1.0625257212044275,0.22683647491349992,27287.59619411826,29500.0,1217,1.0,1.0,1.0,1.0,7390,5,5,5,18.460489511489868,0.799223633304869,1.0,1.0,1.0,1.0
2018-11-21,3.5838699340820312,4.744621549954087,3.5624786753200066,1.0204967555827584,0.1993554714707545,27269.13570460677,29500.0,1222,0.8615570376162796,0.7692617293604659,1.0,0.8615570376162796,7608,4,4,4,14.335479736328125,0.8034600835917324,1.0,0.0,1.0,1.0
2018-11-23,3.5910520553588867,4.634757788564068,3.347964441116983,1.0009646188303323,0.18778580974899642,27254.800224870443,29500.0,1226,0.8633221738321765,0.7722036230536274,1.0,0.8633221738321765,7589,4,4,4,14.364208221435547,0.8073826085159476,1.0,0.0,1.0,1.0
2018-11-26,3.7904181480407715,4.554344489466612,3.205626045513612,1.0249803697790545,0.18681176978360214,27240.436016649008,29500.0,1230,0.7919535607583273,0.6532559345972122,1.0,0.7919535607583273,7186,4,4,4,15.161672592163086,0.810106992473087,0.8386786981009735,0.0,1.0,1.0
2018-11-27,3.8072588443756104,4.483193475648421,3.080489757650886,1.006527549652068,0.18524527998169446,27225.274344056845,29500.0,1234,0.7548438639261958,0.591406439876993,1.0,0.7548438639261958,7150,4,4,4,15.229035377502441,0.8124657373237236,0.7538539602900449,0.0,1.0,1.0
2018-11-28,3.964273691177368,4.433772543794035,3.0141566962135213,0.95255352635295,0.1945860542077324,27210.045308679342,29500.0,1238,0.6545252215923649,0.4242087026539415,1.0,0.6545252215923649,6863,3,3,3,11.892821073532104,0.8139318505350165,0.5294575307813498,0.0,1.0,1.0
2018-11-29,3.9010579586029053,4.38303782139488,2.9670127089242406,0.9352143655932148,0.19148656813150378,27198.15248760581,29500.0,1241,0.6644476578674173,0.4407460964456955,1.0,0.6644476578674173,6971,3,3,3,11.703173875808716,0.8156152563948798,0.549823983310492,0.0,1.0,1.0
2018-11-30,4.051538944244385,4.351466499761499,2.9866435466551615,0.9380283154280872,0.1900132369347008,27186.44931373,29500.0,1244,0.5725080516945789,0.28751341949096476,1.0,0.5725080516945789,6710,3,3,3,12.154616832733154,0.8165008703151422,0.3446281334505886,0.0,1.0,1.0
2018-12-03,4.215404987335205,4.338508260482804,3.035610034851384,0.9565455814198024,0.19175549562820596,27674.29469689727,30000.0,1247,0.48269096827752356,0.13781828046253924,1.0,0.48269096827752356,6565,2,2,2,8.43080997467041,0.8196626733059315,0.14187281175523198,0.0,1.0,1.0
2018-12-04,3.8948609828948975,4.296256138807766,3.0414619288092615,0.9851300029688043,0.22492523804809678,27665.863886922598,30000.0,1249,0.6297250175169272,0.3828750291948787,1.0,0.6297250175169272,7103,3,3,3,11.684582948684692,0.8211325360876367,0.46714528061664595,0.0,1.0,1.0
2018-12-06,3.9241137504577637,4.260814006583956,3.0707899520592337,0.9872638082949138,0.22346574034825922,27654.179303973913,30000.0,1252,0.5977825808834916,0.32963763480581926,1.0,0.5977825808834916,7047,3,3,3,11.772341251373291,0.8221820287918962,0.3951125953936406,0.0,1.0,1.0
2018-12-07,3.659348726272583,4.203531598935254,3.092357298940554,1.0012115199123297,0.22066247185864774,27642.40696272254,30000.0,1255,0.7121501304256326,0.5202502173760543,1.0,0.7121501304256326,7553,3,3,3,10.978046178817749,0.8241522614445419,0.6472924728346416,0.0,1.0,1.0
2018-12-10,3.76470947265625,4.161739015480111,3.1276823011736012,1.0105048495554398,0.22136545810620886,27631.428916543722,30000.0,1258,0.6361177905516029,0.3935296509193381,1.0,0.6361177905516029,7339,3,3,3,11.29412841796875,0.825484410617534,0.47699956838602803,0.0,1.0,1.0
2018-12-11,3.6737277507781982,4.115261752175167,3.176153810349507,1.0102922386427406,0.22030892516192505,27620.134788125753,30000.0,1261,0.6635664617293304,0.4392774362155507,1.0,0.6635664617293304,7518,3,3,3,11.021183252334595,0.8270218310169039,0.5364591950482748,0.0,1.0,1.0
2018-12-12,3.691328525543213,4.0748871591626,3.17786316635872,0.9828744854788823,0.21229625710487576,27609.11360487342,30000.0,1264,0.6345268446973176,0.39087807449552925,1.0,0.6345268446973176,7479,3,3,3,11.073985576629639,0.8283114210272825,0.47063712274453423,0.0,1.0,1.0
2018-12-13,3.6910808086395264,4.038334173398498,3.253539382973201,0.9567500226626018,0.21233134855020283,27598.03961929679,30000.0,1267,0.6167272926727073,0.36121215445451216,1.0,0.6167272926727073,7476,3,3,3,11.073242425918579,0.8294476867434701,0.42994629697365705,0.0,1.0,1.0
2018-12-14,3.6305923461914062,3.999501618426394,3.3492687626705044,0.9568143530304964,0.22065318276535045,27586.96637687087,30000.0,1270,0.6313468179956656,0.385578029992776,1.0,0.6313468179956656,7598,3,3,3,10.891777038574219,0.8306877648199493,0.46119405294819626,0.0,1.0,1.0
2018-12-17,3.5594422817230225,3.9575912054070255,3.583588457005161,0.945671814025823,0.2252854808887128,27576.074599832296,30000.0,1273,0.8507884650810671,0.7513141084684452,1.0,0.8507884650810671,7747,4,4,4,14.23776912689209,0.8320662131838952,0.5030192647740315,1.0,1.0,1.0
2018-12-18,3.6427395343780518,3.9276053319756947,3.573761411386773,0.7001689802624941,0.2247060751003927,27561.836830705404,30000.0,1277,0.5879572623007472,0.31326210383457864,1.0,0.5879572623007472,7566,3,3,3,10.928218603134155,0.832814933035568,0.36264564985498116,0.0,1.0,1.0
2018-12-19,3.433753728866577,3.8805718459653025,3.5048291524412476,0.5898908602924435,0.22377997586527443,27550.90861210227,30000.0,1280,0.88456328220393,0.8076054703398833,1.0,0.88456328220393,8023,4,4,4,13.735014915466309,0.8344289345721471,0.5757116925476973,1.0,1.0,1.0
2018-12-20,3.349217653274536,3.8299666847566582,3.412558553080119,0.5828561180275215,0.22185606554890558,27537.173597186804,30000.0,1284,0.908661664093647,0.8477694401560784,1.0,0.908661664093647,8221,4,4,4,13.396870613098145,0.8360774258924151,0.627615160982356,1.0,1.0,1.0
2018-12-21,3.212125539779663,3.7711246709493254,3.295245164929745,0.5908964431466983,0.22862554261113208,27523.776726573706,30000.0,1288,0.9606625461895552,0.9344375769825919,1.0,0.9606625461895552,8568,4,4,4,12.848502159118652,0.8380930474605757,0.7411570551828804,1.0,1.0,1.0
2018-12-24,3.1503970623016357,3.7120077558400215,3.1738003124924496,0.5924577695929134,0.24231354378756534,27510.928224414587,30000.0,1292,0.9684765429933081,0.9474609049888468,1.0,0.9684765429933081,8732,4,4,4,12.601588249206543,0.8401361993151564,0.7564783406699728,1.0,1.0,1.0
2018-12-26,3.2996366024017334,3.6727343126554226,3.107727698166278,0.5818771501106316,0.30390970981026355,27498.32663616538,30000.0,1296,0.6976169436562147,0.49602823942702456,1.0,0.6976169436562147,8333,3,3,3,9.8989098072052,0.8413378776932857,0.5079290774833314,0.0,1.0,0.5955318617326295
2018-12-27,3.2517902851104736,3.6326444052701894,3.040864994605382,0.5811395450111763,0.30612323539640546,27488.427726358175,30000.0,1299,0.7069139891112863,0.5115233151854772,1.0,0.7069139891112863,8453,3,3,3,9.755370855331421,0.8427064972518008,0.5242105717905914,0.0,1.0,0.5819869195779013
2018-12-28,3.3132717609405518,3.6022279629530813,3.012069792762844,0.5615196103673147,0.28992592262475186,27478.672355502844,30000.0,1302,0.6487369781517306,0.4145616302528843,1.0,0.6487369781517306,8293,3,3,3,9.939815282821655,0.8436633064078363,0.40107983862249136,0.0,1.0,0.6139743711191694
2018-12-31,3.3095526695251465,3.574354125483754,2.9851644298180346,0.5613169056402387,0.29364149083366503,27468.732540220022,30000.0,1305,0.6374227096970618,0.3957045161617697,1.0,0.6374227096970618,8299,3,3,3,9.92865800857544,0.8445155955414567,0.37041860803701043,0.0,1.0,0.5929768191324845
2019-01-02,3.376983165740967,3.5555568912225364,3.0024690172470363,0.5449454816175784,0.290782010254367,27958.803882211447,30500.0,1308,0.5882148272544214,0.313691378757369,1.0,0.5882148272544214,8279,3,3,3,10.1309494972229,0.8475190684026532,0.2511192071239354,0.0,1.0,0.5617239673254348
2019-01-03,3.172957420349121,3.519118846377449,3.037299540188203,0.5424087564357013,0.293109036082461,27948.672932714224,30500.0,1311,0.6990430570360835,0.49840509506013914,1.0,0.6990430570360835,8808,3,3,3,9.518872261047363,0.8487355800786611,0.49182968967453844,0.0,1.0,0.5421131435285635
2019-01-04,3.376239776611328,3.505511315923533,3.058592202506351,0.5561056130583547,0.3097873443852709,27939.154060453176,30500.0,1314,0.565418158083354,0.2756969301389234,1.0,0.565418158083354,8275,3,3,3,10.128719329833984,0.8489756764221796,0.18438328629121542,0.0,1.0,0.4959337513767377
2019-01-07,3.554980993270874,3.510222713766137,3.1139232665274927,0.5934494989562147,0.31181224474858416,27929.025341123343,30500.0,1317,0.3231900903190996,0.0,0.0,0.0,7856,0,0,0,0.0,0.8484274323268851,0.0,0.0,0.0,0.5860225422799867
2019-01-08,3.466477870941162,3.5060565382589965,3.12140797485825,0.5510300744938313,0.30466049886863783,27929.025341123343,30500.0,1317,0.5065503377603788,0.17758389626729804,1.0,0.5065503377603788,8056,3,3,3,10.399433612823486,0.8486073291512427,0.05644328162700996,0.0,1.0,0.5072243708983479
2019-01-09,3.5346519947052,3.508779915063397,3.1514670756188736,0.5451583236262948,0.30504917019978794,27918.62590751052,30500.0,1320,0.332738720461792,0.0,0.0,0.0,7898,0,0,0,0.0,0.8481446069546333,0.0,0.0,0.0,0.48926352667793016
2019-01-10,3.6003472805023193,3.5175006165337708,3.169133800277056,0.5438350845334714,0.3056410312204143,27918.62590751052,30500.0,1320,0.33321805331811316,0.0,0.0,0.0,7754,0,0,0,0.0,0.847767186431981,0.0,0.0,0.0,0.482771805762783
2019-01-11,3.68959379196167,3.5338904427649993,3.185795909557327,0.5509772147695932,0.3048264820139441,27918.62590751052,30500.0,1320,0.33055011989186356,0.0,0.0,0.0,7566,0,0,0,0.0,0.8470578562475476,0.0,0.0,0.0,0.5062591541953287
2019-01-14,3.7295069694519043,3.5525205881637523,3.1980118433011313,0.5521692626061558,0.30520732422264296,27918.62590751052,30500.0,1320,0.33004976852957413,0.0,0.0,0.0,7485,0,0,0,0.0,0.8462515679876671,0.0,0.0,0.0,0.5076343706487605
2019-01-15,3.715376615524292,3.5680306860076128,3.2017273275637437,0.5486791201239883,0.30023897920387976,27918.62590751052,30500.0,1320,0.32822158683521635,0.0,0.0,0.0,7514,0,0,0,0.0,0.8455803112940967,0.0,0.0,0.0,0.5228955324712719
2019-01-16,3.6898410320281982,3.5796316713429066,3.199757737393128,0.5439600431783829,0.28967370814932075,27918.62590751052,30500.0,1320,0.32379877908986254,0.0,0.0,0.0,7566,0,0,0,0.0,0.8450782358631922,0.0,0.0,0.0,0.5648642704857392
2019-01-17,3.7612385749816895,3.596927566927553,3.2006260068083345,0.5420679427662844,0.29040626564804123,27918.62590751052,30500.0,1320,0.32439962198550265,0.0,0.0,0.0,7422,0,0,0,0.0,0.8443296921854305,0.0,0.0,0.0,0.5554873949794108
2019-01-18,3.8903980255126953,3.624877134411852,3.182438472110795,0.5049746595962484,0.2855191186938588,27918.62590751052,30500.0,1320,0.3320190800995222,0.0,0.0,0.0,7176,0,0,0,0.0,0.8431200715598806,0.0,0.0,0.0,0.47384952102424016
2019-01-22,3.6881062984466553,3.630898959558024,3.1823807851760093,0.5359294752980426,0.2841411233000834,27918.62590751052,30500.0,1320,0.3221085571461938,0.0,0.0,0.0,7569,0,0,0,0.0,0.8428594548650298,0.0,0.0,0.0,0.5717819754306963
2019-01-23,3.700997829437256,3.637575042403665,3.199465560361362,0.5074632415915626,0.2697732691498262,27918.62590751052,30500.0,1320,0.3224006429877829,0.0,0.0,0.0,7543,0,0,0,0.0,0.8425705227549889,0.0,0.0,0.0,0.567560922519621
2019-01-24,3.9129581451416016,3.663802004569183,3.2260604779797566,0.526150821649521,0.24307075589726385,27918.62590751052,30500.0,1320,0.29826266788907974,0.0,0.0,0.0,7134,0,0,0,0.0,0.8414354542284813,0.0,0.0,0.0,0.803832865137369
2019-01-25,3.970224380493164,3.692985087990514,3.234322206966159,0.5090357107779594,0.18111344536604704,27918.62590751052,30500.0,1320,0.2780776018929061,0.0,0.0,0.0,7032,0,0,0,0.0,0.8401724486509023,0.0,0.0,0.0,1.0
2019-01-28,3.421358585357666,3.6671158972635762,3.228581439672522,0.7292236717109847,0.18485084578174904,27918.62590751052,30500.0,1320,0.5793685641446064,0.29894760690767724,1.0,0.5793685641446064,8160,3,3,3,10.264075756072998,0.8412920332987567,0.3350825536892572,0.0,1.0,1.0
2019-01-29,3.2624497413635254,3.628576263368333,3.182671569550672,0.7476881761852325,0.18491911840958067,27908.361831754446,30500.0,1323,0.6561983510429055,0.42699725173817576,1.0,0.6561983510429055,8554,3,3,3,9.787349224090576,0.8426030689693015,0.5045043777927104,0.0,1.0,1.0
2019-01-30,3.405989170074463,3.6073774925784408,3.1723438609683132,0.7635139452918831,0.18930360846756988,27898.574482530355,30500.0,1326,0.5550357912475191,0.25839298541253186,1.0,0.5550357912475191,8191,3,3,3,10.217967510223389,0.8431677850767537,0.27913397325106637,0.0,1.0,1.0
2019-01-31,3.563656806945801,3.6032136177562846,3.1801221273712224,0.7769477020565017,0.18997902881658602,27888.356515020132,30500.0,1329,0.45404843546797446,0.0900807257799574,1.0,0.45404843546797446,7825,2,2,2,7.127313613891602,0.8429943967869474,0.05489101536410677,0.0,1.0,1.0
2019-02-01,3.58795166015625,3.6017600979848527,3.230419932372896,0.7388743889589187,0.15796301617861838,28381.22920140624,31000.0,1331,0.43903656555769355,0.06506094259615589,1.0,0.43903656555769355,7910,2,2,2,7.1759033203125,0.8453566874058761,0.019169013833442744,0.0,1.0,1.0
2019-02-04,3.698270797729492,3.610951593198628,3.257747796453879,0.7139312500149891,0.11461146705194221,28374.053298085928,31000.0,1333,0.2801280866716065,0.0,0.0,0.0,7672,0,0,0,0.0,0.844729081492459,0.0,0.0,0.0,1.0
2019-02-05,3.7173588275909424,3.6210856155217055,3.2688615148259887,0.6916861457165361,0.11402021402889602,28374.053298085928,31000.0,1333,0.279931993339655,0.0,0.0,0.0,7632,0,0,0,0.0,0.8442933185325667,0.0,0.0,0.0,1.0
2019-02-06,3.792970895767212,3.6374556422117537,3.290892508963871,0.6859422962061216,0.11340115028065803,28374.053298085928,31000.0,1333,0.2796152333232026,0.0,0.0,0.0,7480,0,0,0,0.0,0.8435894073848946,0.0,0.0,0.0,1.0
2019-02-07,3.6546390056610107,3.6390921530164446,3.2980406819857624,0.699321567177747,0.121434104293315,28374.053298085928,31000.0,1333,0.27958356683913177,0.0,0.0,0.0,7763,0,0,0,0.0,0.8435190374202929,0.0,0.0,0.0,1.0
2019-02-08,3.673231363296509,3.642343506376451,3.3029921608589494,0.6968766235098015,0.12127706826810909,28374.053298085928,31000.0,1333,0.2795206531516157,0.0,0.0,0.0,7724,0,0,0,0.0,0.8433792292258127,0.0,0.0,0.0,1.0
2019-02-11,3.6305923461914062,3.6412243482635898,3.301333978927472,0.6930324715007212,0.12110226127685057,28374.053298085928,31000.0,1333,0.43611207836014754,0.06018679726691253,1.0,0.43611207836014754,7815,2,2,2,7.2611846923828125,0.8434273530246656,0.014599487775662121,0.0,1.0,1.0
2019-02-12,3.74760365486145,3.6513557107967194,3.3107403655521117,0.7015209845694124,0.1234498476994387,28366.792113393545,31000.0,1335,0.2792402598948023,0.0,0.0,0.0,7569,0,0,0,0.0,0.8427561330995607,0.0,0.0,0.0,1.0
2019-02-13,3.7899959087371826,3.6645595391720014,3.320431324501312,0.7021394883116403,0.12010654763047589,28366.792113393545,31000.0,1335,0.27898438247878776,0.0,0.0,0.0,7484,0,0,0,0.0,0.8421875166195283,0.0,0.0,0.0,1.0
2019-02-14,3.8309006690979004,3.6804015515458963,3.329534669566127,0.7019881827738034,0.12159645135545005,28366.792113393545,31000.0,1335,0.2786773796099614,0.0,0.0,0.0,7404,0,0,0,0.0,0.8415052880221364,0.0,0.0,0.0,1.0
2019-02-15,3.900562047958374,3.701369217870894,3.338795772793104,0.7016370053953208,0.1239769968509663,28366.792113393545,31000.0,1335,0.27827104652787293,0.0,0.0,0.0,7272,0,0,0,0.0,0.8406023256174954,0.0,0.0,0.0,1.0
2019-02-19,3.8832082748413086,3.7186872232966475,3.3569286419086755,0.6919514263598662,0.11753494753671151,28366.792113393545,31000.0,1335,0.27793544034208195,0.0,0.0,0.0,7304,0,0,0,0.0,0.8398565340935154,0.0,0.0,0.0,1.0
2019-02-20,3.930558443069458,3.738865434703582,3.3616864510368707,0.6638645697481291,0.1008563857927436,28366.792113393545,31000.0,1335,0.2775444061323169,0.0,0.0,0.0,7216,0,0,0,0.0,0.8389875691829264,0.0,0.0,0.0,1.0
2019-02-21,3.861640691757202,3.7505583163277367,3.3668430067873176,0.6682866070060898,0.10334539068437452,28366.792113393545,31000.0,1335,0.2773178094021327,0.0,0.0,0.0,7345,0,0,0,0.0,0.8384840208936282,0.0,0.0,0.0,1.0
2019-02-22,3.946424722671509,3.7692122597890485,3.381532090906512,0.641478857644644,0.1041360941595513,28366.792113393545,31000.0,1335,0.2769563140300557,0.0,0.0,0.0,7187,0,0,0,0.0,0.8376806978445683,0.0,0.0,0.0,1.0
2019-02-25,3.9340298175811768,3.7849091700549655,3.401966385340741,0.6396599548562867,0.10203471984819626,28366.792113393545,31000.0,1335,0.2766521230996606,0.0,0.0,0.0,7210,0,0,0,0.0,0.8370047179992458,0.0,0.0,0.0,1.0
2019-02-26,3.8946125507354736,3.795357111072157,3.429857109707859,0.3806343692005897,0.09547350691576256,28366.792113393545,31000.0,1335,0.27644965211365813,0.0,0.0,0.0,7283,0,0,0,0.0,0.8365547824747959,0.0,0.0,0.0,1.0
2019-02-27,3.8527164459228516,3.800819904867461,3.507995547900728,0.33249036096558043,0.09499023423046547,28366.792113393545,31000.0,1335,0.2763437884564798,0.0,0.0,0.0,7362,0,0,0,0.0,0.8363195299032884,0.0,0.0,0.0,1.0
2019-02-28,3.828148126602173,3.803422592651719,3.563417211649566,0.30848899319528067,0.0841196504303394,28366.792113393545,31000.0,1335,0.276293350885951,0.0,0.0,0.0,7410,0,0,0,0.0,0.8362074464132243,0.0,0.0,0.0,1.0
2019-03-01,3.8824963569641113,3.8109534273481374,3.591656012429356,0.2717985428093389,0.08252629533090786,28866.792113393545,31500.0,1335,0.2773196739212891,0.0,0.0,0.0,7435,0,0,0,0.0,0.8384881642695313,0.0,0.0,0.0,1.0
2019-03-04,3.89068603515625,3.8185470090441482,3.620683020453368,0.27176453279391444,0.08494434767099604,28866.792113393545,31500.0,1335,0.2771748534703723,0.0,0.0,0.0,7419,0,0,0,0.0,0.8381663410452719,0.0,0.0,0.0,1.0
2019-03-05,3.884232759475708,3.824802794799535,3.633054194631,0.25350659152036914,0.08315213962943464,28866.792113393545,31500.0,1335,0.2770555466991803,0.0,0.0,0.0,7431,0,0,0,0.0,0.8379012148870673,0.0,0.0,0.0,1.0
2019-03-06,3.7733044624328613,3.8198981917169945,3.6332794176887555,0.2761900888042377,0.08634358043705678,28866.792113393545,31500.0,1335,0.4545937664198504,0.09098961069975062,1.0,0.4545937664198504,7650,2,2,2,7.546608924865723,0.8381090766367559,0.060988182074022644,0.0,1.0,1.0
2019-03-07,3.7040677070617676,3.8088667169879256,3.6145453900261404,0.27419219844821763,0.09132548943452876,28859.24550446868,31500.0,1337,0.4891582391852851,0.1485970653088085,1.0,0.4891582391852851,7791,2,2,2,7.408135414123535,0.8383347682345125,0.1375724299550099,0.0,1.0,1.0
2019-03-08,3.738313913345337,3.802147402355298,3.6200205797483074,0.2419766184943221,0.08450523740535544,28851.837369054556,31500.0,1339,0.465045149880014,0.10840858313335663,1.0,0.465045149880014,7717,2,2,2,7.476627826690674,0.8383785596268652,0.08394399566205481,0.0,1.0,1.0
2019-03-11,3.9988842010498047,3.8208842403262033,3.639115325371812,0.34314587333237107,0.09798420659128408,28844.360741227865,31500.0,1341,0.2768027747674652,0.0,0.0,0.0,7213,0,0,0,0.0,0.8373394994832559,0.0,0.0,0.0,1.0
2019-03-12,4.0331292152404785,3.8410980474608962,3.670563316016133,0.33804006125567376,0.09810035593990933,28844.360741227865,31500.0,1341,0.27641553597649915,0.0,0.0,0.0,7151,0,0,0,0.0,0.8364789688366647,0.0,0.0,0.0,1.0
2019-03-13,4.184508323669434,3.873803788052186,3.6602334691831513,0.3440774778884905,0.09096255573023074,28844.360741227865,31500.0,1341,0.27578898743174307,0.0,0.0,0.0,6893,0,0,0,0.0,0.8350866387372069,0.0,0.0,0.0,1.0
2019-03-14,4.108570098876953,3.8961624843212115,3.6662012710739402,0.3535192177411963,0.0909809522103377,28844.360741227865,31500.0,1341,0.2753606586932179,0.0,0.0,0.0,7020,0,0,0,0.0,0.8341347970960399,0.0,0.0,0.0,1.0
2019-03-15,4.214041233062744,3.926436650868024,3.660725830061287,0.3610229740197056,0.09093931915185068,28844.360741227865,31500.0,1341,0.2747806921597997,0.0,0.0,0.0,6844,0,0,0,0.0,0.8328459825773327,0.0,0.0,0.0,1.0
2019-03-18,4.192697525024414,3.951794829359109,3.6602327069522933,0.3592054832516967,0.08434305312363798,28844.360741227865,31500.0,1341,0.274294901911849,0.0,0.0,0.0,6879,0,0,0,0.0,0.8317664486929979,0.0,0.0,0.0,1.0
2019-03-19,4.3604559898376465,3.990714939880874,3.644608365148911,0.37965970953927947,0.08442281776092543,28844.360741227865,31500.0,1341,0.27354930379456777,0.0,0.0,0.0,6614,0,0,0,0.0,0.8301095639879285,0.0,0.0,0.0,1.0
2019-03-20,4.327946662902832,4.022832246835346,3.640296050355026,0.3818626380098814,0.0854699303065958,28844.360741227865,31500.0,1341,0.27293402795705435,0.0,0.0,0.0,6664,0,0,0,0.0,0.8287422843490095,0.0,0.0,0.0,1.0
2019-03-21,4.564693450927734,4.074438075796526,3.6161890603076268,0.41012558233484325,0.09105493159518242,28844.360741227865,31500.0,1341,0.2719454077193837,0.0,0.0,0.0,6319,0,0,0,0.0,0.8265453504875193,0.0,0.0,0.0,1.0
2019-03-22,4.4048752784729,4.105908285575229,3.617384386281492,0.4348275671736814,0.11428815564162781,28844.360741227865,31500.0,1341,0.2713425284149088,0.0,0.0,0.0,6548,0,0,0,0.0,0.8252056186997974,0.0,0.0,0.0,1.0
2019-03-25,4.31256103515625,4.12558949982104,3.624946963865694,0.4442165489134035,0.11426898256898019,28844.360741227865,31500.0,1341,0.27096549258199976,0.0,0.0,0.0,6688,0,0,0,0.0,0.8243677612933329,0.0,0.0,0.0,1.0
2019-03-26,4.389241695404053,4.150699232733708,3.635295502248206,0.4427337714590163,0.11695084794124944,28844.360741227865,31500.0,1341,0.2704844618414871,0.0,0.0,0.0,6571,0,0,0,0.0,0.8232988040921936,0.0,0.0,0.0,1.0
2019-03-27,4.380060195922852,4.172543133989818,3.6526513682049586,0.4393459364751641,0.11831705482353229,28844.360741227865,31500.0,1341,0.2700659951045665,0.0,0.0,0.0,6585,0,0,0,0.0,0.8223688780101478,0.0,0.0,0.0,1.0
2019-03-28,4.398674011230469,4.194079408012737,3.6763865694351634,0.4367327781410053,0.11829050966286517,28844.360741227865,31500.0,1341,0.26965342162649886,0.0,0.0,0.0,6557,0,0,0,0.0,0.8214520480588864,0.0,0.0,0.0,1.0
2019-03-29,4.455997467041016,4.219023985063049,3.697210806710384,0.4365091162666135,0.1181777917466084,28844.360741227865,31500.0,1341,0.269175554800435,0.0,0.0,0.0,6473,0,0,0,0.0,0.8203901217787445,0.0,0.0,0.0,1.0
2019-04-01,4.523499011993408,4.248021606675464,3.71975703393757,0.43692000002833115,0.1230810087577989,29344.360741227865,32000.0,1341,0.26989160504536536,0.0,0.0,0.0,6487,0,0,0,0.0,0.8219813445452563,0.0,0.0,0.0,1.0
2019-04-02,4.541366100311279,4.275959177497922,3.747987109106959,0.43574164400662013,0.12284188374289542,29344.360741227865,32000.0,1341,0.26936476357309,0.0,0.0,0.0,6461,0,0,0,0.0,0.8208105857179777,0.0,0.0,0.0,1.0
2019-04-03,4.680833339691162,4.314518621516326,3.7960272301113847,0.4199337349922253,0.11922503414789012,29344.360741227865,32000.0,1341,0.2686376168076867,0.0,0.0,0.0,6269,0,0,0,0.0,0.8191947040170815,0.0,0.0,0.0,1.0
2019-04-04,4.671900272369385,4.348554969216617,3.8760935173002853,0.40850987459137184,0.11327158428661653,29344.360741227865,32000.0,1341,0.26799576574456974,0.0,0.0,0.0,6281,0,0,0,0.0,0.8177683683212661,0.0,0.0,0.0,1.0
2019-04-05,4.7386555671691895,4.385707407116862,3.9654453187354632,0.40845384288468656,0.11226692738107978,29344.360741227865,32000.0,1341,0.26729515203672904,0.0,0.0,0.0,6192,0,0,0,0.0,0.816211448970509,0.0,0.0,0.0,1.0
2019-04-08,4.7595014572143555,4.42130684045948,4.0063949060986594,0.3478786693336891,0.1030150069988824,29344.360741227865,32000.0,1341,0.26662382459764766,0.0,0.0,0.0,6165,0,0,0,0.0,0.8147196102169949,0.0,0.0,0.0,1.0
2019-04-09,4.696714878082275,4.447536177375937,4.054702770076246,0.3566760283587906,0.10681739437417698,29344.360741227865,32000.0,1341,0.26612919668007784,0.0,0.0,0.0,6247,0,0,0,0.0,0.8136204370668396,0.0,0.0,0.0,1.0
2019-04-10,4.767192363739014,4.477979623696231,4.080198666419615,0.34043076875504796,0.10518897633162007,29344.360741227865,32000.0,1341,0.2655550998775159,0.0,0.0,0.0,6155,0,0,0,0.0,0.8123446663944798,0.0,0.0,0.0,1.0
2019-04-11,4.753296375274658,4.5042002667037,4.1273256307265305,0.3297788710510172,0.10498131633347382,29344.360741227865,32000.0,1341,0.2650606359080516,0.0,0.0,0.0,6173,0,0,0,0.0,0.811245857573448,0.0,0.0,0.0,1.0
2019-04-12,4.715327739715576,4.524307645085783,4.163033413786208,0.32683442448695293,0.10586684417505732,29344.360741227865,32000.0,1341,0.2646814547366557,0.0,0.0,0.0,6223,0,0,0,0.0,0.8104032327481239,0.0,0.0,0.0,1.0
2019-04-15,4.583552360534668,4.529949998938059,4.2054958195768135,0.34645791874282345,0.10578967737963804,29344.360741227865,32000.0,1341,0.2645750522856509,0.0,0.0,0.0,6402,0,0,0,0.0,0.8101667828570019,0.0,0.0,0.0,1.0
2019-04-16,4.670657634735107,4.543350726156825,4.227776799602635,0.32543888630707424,0.10570022635812619,29344.360741227865,32000.0,1341,0.2643223438843958,0.0,0.0,0.0,6282,0,0,0,0.0,0.8096052086319906,0.0,0.0,0.0,1.0
2019-04-17,4.647828102111816,4.553300952438252,4.256859345333885,0.32440377742296755,0.10536771448225744,29344.360741227865,32000.0,1341,0.26413470438284803,0.0,0.0,0.0,6313,0,0,0,0.0,0.8091882319618845,0.0,0.0,0.0,1.0
2019-04-18,4.623258590698242,4.559963584653489,4.263119208056341,0.26368846263171314,0.09924331051279396,29344.360741227865,32000.0,1341,0.2640090617137767,0.0,0.0,0.0,6347,0,0,0,0.0,0.8089090260306148,0.0,0.0,0.0,1.0
2019-04-22,4.677111625671387,4.571120540940908,4.2844042492914465,0.2295146511014837,0.06596245972664969,29344.360741227865,32000.0,1341,0.2637986659240378,0.0,0.0,0.0,6274,0,0,0,0.0,0.8084414798311951,0.0,0.0,0.0,1.0
2019-04-23,4.731705665588379,4.586414362335905,4.3280975558831996,0.21276181856683726,0.06950707025431434,29344.360741227865,32000.0,1341,0.2635102579077624,0.0,0.0,0.0,6201,0,0,0,0.0,0.807800573128361,0.0,0.0,0.0,1.0
2019-04-24,4.744114875793457,4.601433458855672,4.361877678907266,0.207163219362076,0.06886591462834643,29344.360741227865,32000.0,1341,0.2632270306016733,0.0,0.0,0.0,6185,0,0,0,0.0,0.8071711791148295,0.0,0.0,0.0,1.0
2019-04-25,4.638397216796875,4.6049538167548345,4.398384751452267,0.22650355678295803,0.06503956059892826,29344.360741227865,32000.0,1341,0.263160644352478,0.0,0.0,0.0,6326,0,0,0,0.0,0.8070236541166177,0.0,0.0,0.0,1.0
2019-04-26,4.419519424438477,4.587293398438991,4.3859399827695595,0.287906982010807,0.0654831577249772,29344.360741227865,32000.0,1341,0.49578434995782106,0.15964058326303507,1.0,0.49578434995782106,6639,2,2,2,8.839038848876953,0.8077637360216661,0.18286815277349186,0.0,1.0,1.0
2019-04-29,4.450290679931641,4.57424552048591,4.371709772143134,0.28516649663842975,0.06330017632736301,29335.52170237899,32000.0,1343,0.4745825370032555,0.12430422833875909,1.0,0.4745825370032555,6591,2,2,2,8.900581359863281,0.8080246333121069,0.13549211558401636,0.0,1.0,1.0
2019-04-30,4.491733551025391,4.5663872376801455,4.359173094071744,0.28181202509876413,0.05197447876912519,29326.621121019125,32000.0,1345,0.4504152430745586,0.0840254051242643,1.0,0.4504152430745586,6529,2,2,2,8.983467102050781,0.8080690364162564,0.08174261486054028,0.0,1.0,1.0
2019-05-01,4.478581428527832,4.55802477966564,4.342150274921114,0.28152579161384367,0.060674425245002446,29817.637653917074,32500.0,1347,0.4542053405280312,0.09034223421338528,1.0,0.4542053405280312,6657,2,2,2,8.957162857055664,0.8110874037473964,0.08714668631489511,0.0,1.0,1.0
2019-05-02,4.546081066131592,4.556887283138589,4.337082144869824,0.26338652712728583,0.06147596533731762,29808.68049106002,32500.0,1349,0.4202200133081414,0.03370002218023564,1.0,0.4202200133081414,6557,2,2,2,9.092162132263184,0.8108541247706474,0.011857015914111058,0.0,1.0,1.0
2019-05-03,4.54161262512207,4.555432553803682,4.331883547631165,0.26337990864359684,0.0690055910213238,29799.588328927755,32500.0,1351,0.42161125859716797,0.03601876432861325,1.0,0.42161125859716797,6561,2,2,2,9.08322525024414,0.8106341729172685,0.015168623965326948,0.0,1.0,1.0
2019-05-06,4.46319580078125,4.5466481011348785,4.31646713165754,0.2624556980792125,0.07045480013448513,29790.50510367751,32500.0,1353,0.4561218384992657,0.09353639749877611,1.0,0.4561218384992657,6674,2,2,2,8.9263916015625,0.8107195421281388,0.09177343231467391,0.0,1.0,1.0
2019-05-07,4.295934677124023,4.522770632181464,4.260606197805683,0.28795076284790266,0.09318260942831329,29781.57871207595,32500.0,1355,0.5279928209092993,0.21332136818216552,1.0,0.5279928209092993,6932,3,3,3,12.88780403137207,0.8114352551813574,0.2507710135059745,0.0,1.0,1.0
2019-05-08,4.316034317016602,4.50308145930862,4.2172500890127,0.2881554124023128,0.09076209654265108,29768.690908044577,32500.0,1358,0.5087877858821804,0.1813129764703007,1.0,0.5087877858821804,6897,3,3,3,12.948102951049805,0.8118404731771968,0.20768793989431522,0.0,1.0,1.0
2019-05-09,4.223470687866211,4.476451862028391,4.164264369086137,0.28520512087959266,0.0904253203341663,29755.742805093527,32500.0,1361,0.5427989704885048,0.23799828414750795,1.0,0.5427989704885048,7045,3,3,3,12.670412063598633,0.8125399697162881,0.28256885359150036,0.0,1.0,1.0
2019-05-10,4.189472198486328,4.449120465500576,4.113089196495474,0.28507923242982414,0.09153932250396869,29743.07239302993,32500.0,1364,0.5472820109900967,0.24547001831682774,1.0,0.5472820109900967,7099,3,3,3,12.568416595458984,0.813273836463299,0.2917972990702491,0.0,1.0,1.0
2019-05-13,3.9321279525756836,4.399883083317253,3.985185648959585,0.34622849568678005,0.12170239698726146,29730.50397643447,32500.0,1367,0.8559196873908796,0.759866145651466,1.0,0.8559196873908796,7560,4,4,4,15.728511810302734,0.814934148464779,0.5315540457371758,1.0,1.0,1.0
2019-05-14,4.021219730377197,4.363819906846771,3.903966644353527,0.3556008476135768,0.12643270940738324,29714.775464624166,32500.0,1371,0.593807056949473,0.323011761582455,1.0,0.593807056949473,7389,3,3,3,12.063659191131592,0.8159139356219408,0.3925461909324435,0.0,1.0,1.0
2019-05-15,3.960170269012451,4.325377084195884,3.827437264620939,0.34387429478833403,0.1287867917826044,29702.711805433035,32500.0,1374,0.607686785951702,0.34614464325283667,1.0,0.607686785951702,7500,3,3,3,11.880510807037354,0.8171363657327648,0.422167603048795,0.0,1.0,1.0
2019-05-16,3.9753077030181885,4.292037143131341,3.7688046165484788,0.34629752438551614,0.1332793642063323,29690.831294625998,32500.0,1377,0.5842053541763106,0.3070089236271843,1.0,0.5842053541763106,7468,3,3,3,11.925923109054565,0.8181496878125583,0.36897332146813194,0.0,1.0,1.0
2019-05-17,3.8844809532165527,4.253222267901362,3.6972386146533336,0.350359483871036,0.13442564834034354,29678.905371516943,32500.0,1380,0.6137988308558462,0.35633138475974363,1.0,0.6137988308558462,7640,3,3,3,11.653442859649658,0.8194016390860345,0.4334846517047348,0.0,1.0,1.0
2019-05-20,3.7658588886260986,4.206806707970384,3.615779386430023,0.35029318716804514,0.1358879513919137,29667.251928657293,32500.0,1383,0.6552827210356948,0.42547120172615804,1.0,0.6552827210356948,7877,3,3,3,11.297576665878296,0.8209841945500602,0.5240885188625947,0.0,1.0,1.0
2019-05-21,3.8480007648468018,4.172634713387185,3.584282886527991,0.36052104596525986,0.13555652353420863,29655.954351991415,32500.0,1386,0.5949755304718564,0.3249592174530939,1.0,0.5949755304718564,7706,3,3,3,11.544002294540405,0.8220531780690881,0.38900355631281475,0.0,1.0,1.0
2019-05-22,3.777027130126953,4.134957800695735,3.5554861000356137,0.35846169349269613,0.1356389608179809,29644.410349696875,32500.0,1389,0.6152399660094134,0.3587332766823557,1.0,0.6152399660094134,7848,3,3,3,11.33108139038086,0.8232782650718038,0.43281054828244825,0.0,1.0,1.0
2019-05-23,3.655923843383789,4.089335519046978,3.4960355302780832,0.36414870193312815,0.14080285334657203,29633.079268306494,32500.0,1392,0.6596509249370764,0.4327515415617941,1.0,0.6596509249370764,8105,3,3,3,10.967771530151367,0.824850614076511,0.5299292191169921,0.0,1.0,1.0
2019-05-24,3.6020731925964355,4.042929583194545,3.4128935581845337,0.339435999584017,0.13926555195318194,29622.111496776342,32500.0,1395,0.6672578021772234,0.44542967029537234,1.0,0.6672578021772234,8223,3,3,3,10.806219577789307,0.8264650225059572,0.5452189823323168,0.0,1.0,1.0
2019-05-28,3.5569067001342773,3.996641689569758,3.3388579357178063,0.33355381916159155,0.14059116766320356,29611.305277198553,32500.0,1398,0.6724870022043965,0.45414500367399413,1.0,0.6724870022043965,8325,3,3,3,10.670720100402832,0.8280829205532763,0.5501306141392157,0.0,1.0,0.9770908840722494
2019-05-29,3.4827070236206055,3.947695530907934,3.2696163606918947,0.32638812499470415,0.14086965657333625,29600.63455709815,32500.0,1401,0.6953629977610332,0.49227166293505525,1.0,0.6953629977610332,8499,3,3,3,10.448121070861816,0.8298239557291688,0.5889366386626901,0.0,1.0,0.9307926971530336
2019-05-30,3.456123113632202,3.900879110215007,3.212436510411605,0.32499441984325017,0.14074231055290573,29590.18643602729,32500.0,1404,0.6882703223217969,0.48045053720299474,1.0,0.6882703223217969,8561,3,3,3,10.368369340896606,0.8314820224387117,0.5700714941641591,0.0,1.0,0.9242876014949508
2019-05-31,3.3654403686523438,3.849884944351896,3.165276554178473,0.31100126425798763,0.14592802179366854,29579.818066686392,32500.0,1407,0.7305240452602241,0.5508734087670402,1.0,0.7305240452602242,8789,3,3,3,10.096321105957031,0.8333295964091348,0.6291676020218125,0.0,1.0,0.7759969403370226
2019-06-03,3.3237016201019287,3.79977224680428,3.1331720583463403,0.306917543755975,0.1382623819276689,30069.721745580435,33000.0,1410,0.7238565964461503,0.5397609940769171,1.0,0.7238565964461503,9047,3,3,3,9.971104860305786,0.8376460949092717,0.6264462654343831,0.0,1.0,0.8498496570849439
2019-06-04,3.5527684688568115,3.77624807747595,3.162330738888123,0.42815263628378514,0.1640124868502393,30059.75064072013,33000.0,1413,0.5603943086868425,0.2673238478114041,1.0,0.5603943086868425,8460,3,3,3,10.658305406570435,0.8383079232280752,0.2959016516315746,0.0,1.0,1.0
2019-06-05,3.510035514831543,3.7508945000812446,3.168338489979136,0.4166555343467889,0.15875623707067402,30049.09233531356,33000.0,1416,0.5720545647369424,0.28675760789490395,1.0,0.5720545647369424,8560,3,3,3,10.530106544494629,0.8390525269056048,0.32106872806537823,0.0,1.0,1.0
2019-06-06,3.5721468925476074,3.733870918411374,3.205665797607041,0.4251008222929979,0.16070861304406842,30038.562228769064,33000.0,1419,0.525203169677149,0.20867194946191492,1.0,0.525203169677149,8409,3,3,3,10.716440677642822,0.8394435505083109,0.21656349321868673,0.0,1.0,1.0
2019-06-07,3.614880084991455,3.7225384580856673,3.24574693743141,0.428732636256961,0.16508841595753787,30027.84578809142,33000.0,1422,0.4928881430388231,0.15481357173137184,1.0,0.4928881430388231,8306,2,2,2,7.22976016998291,0.8395924337152176,0.1446034397043893,0.0,1.0,1.0
2019-06-10,3.687674045562744,3.7192180378453887,3.3011714480983634,0.4397054421427132,0.16539538023029693,30020.61602792144,33000.0,1424,0.44686258685788127,0.07810431142980209,1.0,0.44686258685788127,8140,2,2,2,7.375348091125488,0.8395101064881263,0.042406753196054366,0.0,1.0,1.0
2019-06-11,3.7453134059906006,3.721703311002076,3.319592842401408,0.39351671353780915,0.13845004936137334,30013.240679830313,33000.0,1426,0.2776297874342415,0.0,0.0,0.0,8013,0,0,0,0.0,0.8391773054094255,0.0,0.0,0.0,1.0
2019-06-12,3.632270574569702,3.713185907532326,3.3470101822609926,0.39404729296685675,0.13660067129862843,30013.240679830313,33000.0,1426,0.47682594925362765,0.12804324875604606,1.0,0.47682594925362765,8262,2,2,2,7.264541149139404,0.8395453604805728,0.108956748971933,0.0,1.0,1.0
2019-06-13,3.683450937271118,3.710354005602687,3.3740822604489225,0.39748851691918446,0.1358917819743612,30005.976138681173,33000.0,1428,0.44406360868309747,0.07343934780516241,1.0,0.44406360868309747,8146,2,2,2,7.366901874542236,0.8394428630302837,0.03625404515437709,0.0,1.0,1.0
2019-06-14,3.5935134887695312,3.6992263373328624,3.4034863143460856,0.4033526210984537,0.132610441296741,29998.60923680663,33000.0,1430,0.4921633714085363,0.1536056190142271,1.0,0.4921633714085363,8347,2,2,2,7.1870269775390625,0.8397001920489093,0.14288507774783796,0.0,1.0,1.0
2019-06-17,3.6032025814056396,3.690081217720746,3.4228150514784335,0.3982975875446846,0.13067354484411992,29991.422209829092,33000.0,1432,0.48091638995570996,0.13486064992618324,1.0,0.48091638995570996,8323,2,2,2,7.206405162811279,0.8398728392795118,0.1177191383998436,0.0,1.0,1.0
2019-06-18,3.798232078552246,3.7003812997046985,3.4285691898903057,0.43374991225014936,0.13153291740056913,29984.21580466628,33000.0,1434,0.27764072567577447,0.0,0.0,0.0,7894,0,0,0,0.0,0.8392016126128322,0.0,0.0,0.0,1.0
2019-06-19,3.8041951656341553,3.710268334555123,3.4461698960424703,0.426622437483296,0.12900904624198564,29984.21580466628,33000.0,1434,0.2774473892033812,0.0,0.0,0.0,7881,0,0,0,0.0,0.8387719760075137,0.0,0.0,0.0,1.0
2019-06-20,3.8285419940948486,3.721532492606525,3.4493203138348054,0.42164415326748017,0.13140419245663548,29984.21580466628,33000.0,1434,0.2772271237127578,0.0,0.0,0.0,7831,0,0,0,0.0,0.8382824971394619,0.0,0.0,0.0,1.0
2019-06-21,3.770406484603882,3.7261871585110353,3.4446735891716114,0.408126449434523,0.12183701918566218,29984.21580466628,33000.0,1434,0.27713610383675236,0.0,0.0,0.0,7952,0,0,0,0.0,0.8380802307483386,0.0,0.0,0.0,1.0
2019-06-24,3.7927663326263428,3.732528032236303,3.439352127629756,0.40355759154611104,0.12262843195064028,29984.21580466628,33000.0,1434,0.27701211093327016,0.0,0.0,0.0,7905,0,0,0,0.0,0.8378046909628225,0.0,0.0,0.0,1.0
2019-06-25,3.7634499073028564,3.735472972718832,3.436961603742569,0.4014755182727175,0.12395528722403111,29984.21580466628,33000.0,1434,0.2769545239607436,0.0,0.0,0.0,7967,0,0,0,0.0,0.8376767199127635,0.0,0.0,0.0,1.0
2019-06-26,3.956740617752075,3.756546081769617,3.4327508449338757,0.4253857568654996,0.12009411967546323,29984.21580466628,33000.0,1434,0.27654244889194135,0.0,0.0,0.0,7578,0,0,0,0.0,0.8367609975376475,0.0,0.0,0.0,1.0
2019-06-27,4.055373191833496,3.7850058065376055,3.4285604978668927,0.42649911345944286,0.12020687829482284,29984.21580466628,33000.0,1434,0.27598593191034193,0.0,0.0,0.0,7393,0,0,0,0.0,0.8355242931340932,0.0,0.0,0.0,1.0
2019-06-28,4.080219268798828,3.813121374372008,3.4474013171609252,0.4066862088956574,0.10549554678391494,29984.21580466628,33000.0,1434,0.27543614476114375,0.0,0.0,0.0,7348,0,0,0,0.0,0.8343025439136528,0.0,0.0,0.0,1.0
2019-07-01,4.128417491912842,3.843149576042564,3.4832676850965214,0.3980001164165388,0.10395325292099294,30484.21580466628,33500.0,1434,0.27597061428596215,0.0,0.0,0.0,7383,0,0,0,0.0,0.8354902539688048,0.0,0.0,0.0,1.0
2019-07-02,4.030528545379639,3.860995192169904,3.4952844804810748,0.35309121684306727,0.08065745146083715,30484.21580466628,33500.0,1434,0.2756268597759033,0.0,0.0,0.0,7563,0,0,0,0.0,0.8347263550575629,0.0,0.0,0.0,1.0
2019-07-03,4.043447494506836,3.8783716019162786,3.5185929112629517,0.34653406710438295,0.08025615411100388,30484.21580466628,33500.0,1434,0.27529214344129627,0.0,0.0,0.0,7539,0,0,0,0.0,0.8339825409806584,0.0,0.0,0.0,1.0
2019-07-05,3.9808402061462402,3.8881305166048463,3.538777269105854,0.35330876094996544,0.08099834570609292,30484.21580466628,33500.0,1434,0.27510416052641473,0.0,0.0,0.0,7657,0,0,0,0.0,0.8335648011698105,0.0,0.0,0.0,1.0
2019-07-08,3.905809164047241,3.8898141973136457,3.554159251025582,0.36282209842882773,0.0792726125087797,30484.21580466628,33500.0,1434,0.2750717283126419,0.0,0.0,0.0,7804,0,0,0,0.0,0.8334927295836487,0.0,0.0,0.0,1.0
2019-07-09,3.9082937240600586,3.891574152241876,3.5631583493077823,0.35797685529622447,0.07854405550818826,30484.21580466628,33500.0,1434,0.2750378268524871,0.0,0.0,0.0,7799,0,0,0,0.0,0.8334173930055269,0.0,0.0,0.0,1.0
2019-07-10,3.976616144180298,3.8996733895693447,3.5712677325642423,0.35889209371636305,0.07884084682988377,30484.21580466628,33500.0,1434,0.27488181378241494,0.0,0.0,0.0,7665,0,0,0,0.0,0.8330706972942555,0.0,0.0,0.0,1.0
2019-07-11,4.1311492919921875,3.921718713609615,3.592539327985977,0.35728753276557357,0.07750314959660776,30484.21580466628,33500.0,1434,0.27445716161515565,0.0,0.0,0.0,7379,0,0,0,0.0,0.832127025811457,0.0,0.0,0.0,1.0
2019-07-12,4.164191722869873,3.9448113811582113,3.6095262240954606,0.3562674551623301,0.07770775031174416,30484.21580466628,33500.0,1434,0.27401233479816733,0.0,0.0,0.0,7320,0,0,0,0.0,0.8311385217737052,0.0,0.0,0.0,1.0
2019-07-15,4.155744552612305,3.96490025463003,3.6497127871164303,0.33903974367658757,0.0768351027470509,30484.21580466628,33500.0,1434,0.27362536912499225,0.0,0.0,0.0,7335,0,0,0,0.0,0.8302785980555384,0.0,0.0,0.0,1.0
2019-07-16,4.15102481842041,3.9826264035624472,3.6984132437522113,0.34003235647475766,0.0792655411495189,30484.21580466628,33500.0,1434,0.2732839158740642,0.0,0.0,0.0,7343,0,0,0,0.0,0.8295198130534761,0.0,0.0,0.0,1.0
2019-07-17,4.216364860534668,4.004887208988373,3.712869061113629,0.29414814806295336,0.07914367845606987,30484.21580466628,33500.0,1434,0.27285511295641207,0.0,0.0,0.0,7229,0,0,0,0.0,0.8285669176809156,0.0,0.0,0.0,1.0
2019-07-18,4.228044033050537,4.026140239851436,3.730080710583307,0.2939718947403416,0.07935609328246071,30484.21580466628,33500.0,1434,0.27244572248429455,0.0,0.0,0.0,7210,0,0,0,0.0,0.8276571610762101,0.0,0.0,0.0,1.0
2019-07-19,4.184813499450684,4.041251978860888,3.749178403566387,0.2991417152600836,0.07705502854372279,30484.21580466628,33500.0,1434,0.2721546297922707,0.0,0.0,0.0,7284,0,0,0,0.0,0.8270102884272682,0.0,0.0,0.0,1.0
2019-07-22,4.256364822387695,4.061738916339632,3.7803608941029276,0.2926654107247315,0.07726096647096499,30484.21580466628,33500.0,1434,0.2717599963368966,0.0,0.0,0.0,7162,0,0,0,0.0,0.8261333251931036,0.0,0.0,0.0,1.0
2019-07-23,4.364190578460693,4.090543836541638,3.8054777285304437,0.30039535919956906,0.07979595580620755,30484.21580466628,33500.0,1434,0.2712051361874531,0.0,0.0,0.0,6985,0,0,0,0.0,0.8249003026387848,0.0,0.0,0.0,1.0
2019-07-24,4.438723087310791,4.1237037651863195,3.838576088692572,0.29691916100026094,0.07031732238442011,30484.21580466628,33500.0,1434,0.27056638687538115,0.0,0.0,0.0,6867,0,0,0,0.0,0.8234808597230692,0.0,0.0,0.0,1.0
2019-07-25,4.3075456619262695,4.141212517256791,3.8546565163277013,0.28027303145269483,0.07393208404198363,30484.21580466628,33500.0,1434,0.27022912127206544,0.0,0.0,0.0,7076,0,0,0,0.0,0.82273138060459,0.0,0.0,0.0,1.0
2019-07-26,4.349532127380371,4.161052480125703,3.8618698433717498,0.27054043128221766,0.07643829594688532,30484.21580466628,33500.0,1434,0.2698469502858174,0.0,0.0,0.0,7008,0,0,0,0.0,0.8218821117462609,0.0,0.0,0.0,1.0
2019-07-29,4.343321800231934,4.178411462992964,3.8691959724212173,0.2709500506261575,0.07573632450842746,30484.21580466628,33500.0,1434,0.2695125696397206,0.0,0.0,0.0,7018,0,0,0,0.0,0.8211390436438236,0.0,0.0,0.0,1.0
2019-07-30,4.358972549438477,4.195607756940156,3.874883375263838,0.26907665834571226,0.07306295877071661,30484.21580466628,33500.0,1434,0.2691813228192991,0.0,0.0,0.0,6993,0,0,0,0.0,0.8204029395984423,0.0,0.0,0.0,1.0
2019-07-31,4.191770553588867,4.195242309001938,3.8817606142798398,0.292280660535137,0.08350340152160395,30484.21580466628,33500.0,1434,0.4210503405179803,0.03508390086330045,1.0,0.4210503405179803,7272,2,2,2,8.383541107177734,0.8204185829519768,0.0041377293102015465,0.0,1.0,1.0
2019-08-01,4.097361087799072,4.185920287934999,3.8765857140392934,0.30500932676750087,0.084512483643381,30975.832263559103,34000.0,1436,0.468044896905886,0.11340816150981001,1.0,0.468044896905886,7559,2,2,2,8.194722175598145,0.8232064254860395,0.10578223430481835,0.0,1.0,1.0
2019-08-02,4.004689693450928,4.168660231317468,3.862480335425845,0.31106349001329714,0.0876439713278496,30967.637541383505,34000.0,1438,0.509162333484942,0.1819372224749033,1.0,0.509162333484942,7732,3,3,3,12.014069080352783,0.8236901937460436,0.1966705473316053,0.0,1.0,1.0
2019-08-05,3.746307134628296,4.128436126870881,3.785361289355697,0.38270239967254127,0.13445222623196165,30955.623472303152,34000.0,1441,0.829522738004645,0.7158712300077418,1.0,0.829522738004645,8262,4,4,4,14.985228538513184,0.8250271629758548,0.46280114370113407,1.0,1.0,1.0
2019-08-06,3.785064935684204,4.095734108662626,3.7286233499425814,0.38506746214894133,0.1445870167637764,30940.63824376464,34000.0,1445,0.5923358376162857,0.32055972936047616,1.0,0.5923358376162857,8174,3,3,3,11.355194807052612,0.8259313003818384,0.3792594498765742,0.0,1.0,1.0
2019-08-07,3.8233258724212646,4.06979046711583,3.6797665423870907,0.3811632454461684,0.14308153059305773,30929.283048957586,34000.0,1448,0.5582626034299626,0.2637710057166043,1.0,0.5582626034299626,8089,3,3,3,11.469977617263794,0.8266748059887141,0.30279764607786935,0.0,1.0,1.0
2019-08-08,3.931896209716797,4.056657680696874,3.6530580285086134,0.36798237968838415,0.16026721583015524,30917.813071340322,34000.0,1451,0.4999545147691522,0.16659085794858697,1.0,0.4999545147691522,7863,2,2,2,7.863792419433594,0.8268761678032011,0.15377372309936355,0.0,1.0,0.9133793613700192
2019-08-09,3.8305306434631348,4.0351217723889,3.606330428626725,0.37502280476739536,0.1600116743593255,30909.94927892089,34000.0,1453,0.5411717509724449,0.2352862516207414,1.0,0.5411717509724449,8069,3,3,3,11.491591930389404,0.8275578842564391,0.25351295508071064,0.0,1.0,0.9531012672927248
2019-08-12,3.762704372406006,4.009177258104815,3.5488862427325207,0.37810322839926486,0.164308124925923,30898.4576869905,34000.0,1456,0.5692991027051612,0.28216517117526857,1.0,0.5692991027051612,8211,3,3,3,11.288113117218018,0.8283128797705702,0.3073858672631,0.0,1.0,0.9176533345999052
2019-08-13,3.8769893646240234,3.996587934916168,3.5242016690739786,0.3980387125091157,0.17528136664854216,30887.16957387328,34000.0,1459,0.5009183568393458,0.16819726139890967,1.0,0.5009183568393458,7966,3,3,3,11.63096809387207,0.8284993589105092,0.14962584614649943,0.0,1.0,0.8923798543630796
2019-08-14,3.728419065475464,3.9710480425884818,3.4731808705170746,0.4101627237805579,0.20109495532855062,30875.53860577941,34000.0,1462,0.590663470221387,0.3177724503689783,1.0,0.590663470221387,8281,3,3,3,11.185257196426392,0.8292449341686953,0.30549740838046247,0.0,1.0,0.6997058392573408
2019-08-15,3.6961216926574707,3.9448645806902904,3.423883479412778,0.408997132553137,0.20069346465327076,30864.353348582983,34000.0,1465,0.5955570453395653,0.32592840889927555,1.0,0.5955570453395653,8350,3,3,3,11.088365077972412,0.8300227467437861,0.3152743052960434,0.0,1.0,0.6982662807835793
2019-08-16,3.964193820953369,3.9467054607153456,3.428055261372503,0.4951010542643518,0.20877532401096813,30853.26498350501,34000.0,1468,0.27569667698873807,0.0,0.0,0.0,7782,0,0,0,0.0,0.8295951877549963,0.0,0.0,0.0,0.9762115750101028
2019-08-19,4.242948532104492,3.974919086561931,3.4573978980467723,0.5550831947416304,0.21381299610202276,30853.26498350501,34000.0,1468,0.27276966033579964,0.0,0.0,0.0,7271,0,0,0,0.0,0.8283770229684437,0.0,0.0,0.0,1.0
2019-08-20,4.170652389526367,3.9935603535109245,3.4944780647176548,0.5502142607820898,0.2130911068076595,30853.26498350501,34000.0,1468,0.2724074714844319,0.0,0.0,0.0,7397,0,0,0,0.0,0.827572158854293,0.0,0.0,0.0,1.0
2019-08-21,4.2541303634643555,4.018376544935061,3.5447425018285283,0.5516408590757376,0.21487074965531602,30853.26498350501,34000.0,1468,0.2719253074828205,0.0,0.0,0.0,7252,0,0,0,0.0,0.8265006832951568,0.0,0.0,0.0,1.0
2019-08-22,4.260341167449951,4.041420794698383,3.573312059344893,0.5416571169618243,0.21443244101199774,30853.26498350501,34000.0,1468,0.2714775712653602,0.0,0.0,0.0,7241,0,0,0,0.0,0.8255057139230227,0.0,0.0,0.0,1.0
2019-08-23,4.035746097564697,4.040880347352318,3.5988311245255815,0.5713143950272342,0.22874222050940105,30853.26498350501,34000.0,1468,0.42434687017765116,0.040578116962751896,1.0,0.42434687017765116,7644,2,2,2,8.071492195129395,0.8255290485319646,0.006352885196148984,0.0,1.0,1.0
2019-08-26,4.110528945922852,4.0475135472161785,3.6314471223747318,0.5764703879975086,0.234020846425619,30845.19349130988,34000.0,1470,0.27125205260342644,0.0,0.0,0.0,7503,0,0,0,0.0,0.8250045613409476,0.0,0.0,0.0,1.0
2019-08-27,4.019845008850098,4.04487844832417,3.665476311924599,0.5802718145919629,0.2340408308065276,30845.19349130988,34000.0,1470,0.43522839653344236,0.058713994222403906,1.0,0.43522839653344236,7673,2,2,2,8.039690017700195,0.8251184906165726,0.03094461279107701,0.0,1.0,1.0
2019-08-28,4.009399890899658,4.041499538093264,3.67532830991819,0.5654010389083727,0.23377999924664628,30837.15380129218,34000.0,1472,0.4391327252485755,0.0652212087476258,1.0,0.4391327252485755,7691,2,2,2,8.018799781799316,0.8250268435272563,0.039712545914022526,0.0,1.0,1.0
2019-08-29,4.153144359588623,4.0521323782356795,3.680982199015875,0.5746760264266224,0.23716648568433404,30829.13500151038,34000.0,1474,0.2709476645151845,0.0,0.0,0.0,7423,0,0,0,0.0,0.8243281433670767,0.0,0.0,0.0,1.0
2019-08-30,4.16582727432251,4.062960463577283,3.68181029911685,0.5676905517318205,0.23577419442665865,30829.13500151038,34000.0,1474,0.2707364213090938,0.0,0.0,0.0,7400,0,0,0,0.0,0.8238587140202084,0.0,0.0,0.0,1.0
2019-09-03,4.082764625549316,4.064846574241286,3.697374661729887,0.5176541053237239,0.21001606046539112,31329.13500151038,34500.0,1474,0.2718489062987175,0.0,0.0,0.0,7673,0,0,0,0.0,0.8263309028860389,0.0,0.0,0.0,1.0
2019-09-04,4.196913719177246,4.07742439756852,3.713398321911053,0.5238911566757013,0.20852324515120046,31329.13500151038,34500.0,1474,0.27160708397370437,0.0,0.0,0.0,7464,0,0,0,0.0,0.8257935199415652,0.0,0.0,0.0,1.0
2019-09-05,4.469976425170898,4.114810304959223,3.710168583991798,0.5647626559003127,0.21279119107099048,31329.13500151038,34500.0,1474,0.2708882992672622,0.0,0.0,0.0,7008,0,0,0,0.0,0.8241962205939161,0.0,0.0,0.0,1.0
2019-09-06,4.442867755889893,4.146053871714525,3.7090859291205245,0.5618484929663641,0.2029673036155412,31329.13500151038,34500.0,1474,0.2702876077359929,0.0,0.0,0.0,7051,0,0,0,0.0,0.8228613505244287,0.0,0.0,0.0,1.0
2019-09-09,4.488877296447754,4.178703721689118,3.7202081250061374,0.5486166715163103,0.20113333363776542,31329.13500151038,34500.0,1474,0.26965987888126397,0.0,0.0,0.0,6979,0,0,0,0.0,0.82146639751392,0.0,0.0,0.0,1.0
2019-09-10,4.555525779724121,4.214591536740071,3.744351445823596,0.5400792681049909,0.19486400080916294,31329.13500151038,34500.0,1474,0.26896989662841475,0.0,0.0,0.0,6877,0,0,0,0.0,0.8199331036186995,0.0,0.0,0.0,1.0
2019-09-11,4.5841264724731445,4.24978534014322,3.7589075982712044,0.5348584882240336,0.18959998436187495,31329.13500151038,34500.0,1474,0.26829325750385513,0.0,0.0,0.0,6834,0,0,0,0.0,0.8184294611196781,0.0,0.0,0.0,1.0
2019-09-12,4.582634925842285,4.281485300685988,3.808308710179033,0.5065839385107989,0.15118776247201213,31329.13500151038,34500.0,1474,0.26768379130594155,0.0,0.0,0.0,6836,0,0,0,0.0,0.8170750917909813,0.0,0.0,0.0,1.0
2019-09-13,4.524688720703125,4.304647531163811,3.8840228431441606,0.5088098980101167,0.15174255633877387,31329.13500151038,34500.0,1474,0.2672384722486679,0.0,0.0,0.0,6924,0,0,0,0.0,0.8160854938859288,0.0,0.0,0.0,1.0
2019-09-16,4.481665134429932,4.321506350522489,3.9155813289242034,0.457183809694374,0.14657821571651286,31329.13500151038,34500.0,1474,0.2669143431216937,0.0,0.0,0.0,6990,0,0,0,0.0,0.8153652069370971,0.0,0.0,0.0,1.0
2019-09-17,4.503053188323975,4.338796525551202,3.922894496202071,0.39020816916836815,0.14159612449811593,31329.13500151038,34500.0,1474,0.26658192071309816,0.0,0.0,0.0,6957,0,0,0,0.0,0.8146264904735515,0.0,0.0,0.0,1.0
2019-09-18,4.475944519042969,4.351858239217084,3.934255047689002,0.38452267101305393,0.13734371835545847,31329.13500151038,34500.0,1474,0.26633079507035673,0.0,0.0,0.0,6999,0,0,0,0.0,0.8140684334896817,0.0,0.0,0.0,1.0
2019-09-19,4.400343418121338,4.356475875303204,3.9386014084795002,0.3862122500209209,0.13534032617966096,31329.13500151038,34500.0,1474,0.26624201599743147,0.0,0.0,0.0,7119,0,0,0,0.0,0.8138711466609588,0.0,0.0,0.0,1.0
2019-09-20,4.294651031494141,4.350587794940436,3.9335884084932733,0.3970949004870552,0.1370567616964363,31329.13500151038,34500.0,1474,0.44528412039612897,0.07547353399354825,1.0,0.44528412039612897,7294,2,2,2,8.589302062988281,0.8141227127610956,0.0642864436747464,0.0,1.0,1.0
2019-09-23,4.348117828369141,4.350352560028885,3.9568513416205797,0.34476110185297854,0.09266305143217995,31320.545699447393,34500.0,1476,0.4174020579415767,0.029003429902627796,1.0,0.4174020579415767,7203,2,2,2,8.696235656738281,0.8138805687361556,0.002568448911792489,0.0,1.0,1.0
2019-09-24,4.290670871734619,4.344668589715145,3.965744444836599,0.34537331555662965,0.09466588646420755,31311.849463790655,34500.0,1478,0.44420647282118253,0.07367745470197085,1.0,0.44420647282118253,7297,2,2,2,8.581341743469238,0.8138718789681454,0.06214250507892694,0.0,1.0,1.0
2019-09-25,4.4324235916137695,4.353026208943585,4.007111387971047,0.3490423260844096,0.0942929510254355,31303.268122047186,34500.0,1480,0.2659676679664804,0.0,0.0,0.0,7062,0,0,0,0.0,0.8132614843699564,0.0,0.0,0.0,1.0
2019-09-26,4.4102911949157715,4.358480017131413,4.058103350133499,0.34984752808897396,0.0939297960165986,31303.268122047186,34500.0,1480,0.26586238575624577,0.0,0.0,0.0,7097,0,0,0,0.0,0.8130275239027683,0.0,0.0,0.0,1.0
2019-09-27,4.271520614624023,4.3501981692735665,4.065571017884771,0.3527101337498493,0.08710043790573191,31303.268122047186,34500.0,1480,0.45671569447929394,0.09452615746548987,1.0,0.45671569447929394,7328,2,2,2,8.543041229248047,0.8133828031731919,0.09042985122523892,0.0,1.0,1.0
2019-09-30,4.3289690017700195,4.348176343797038,4.083147788273175,0.3551855988669807,0.08849017222490962,31294.725080817938,34500.0,1482,0.42588685958539685,0.04314476597566138,1.0,0.42588685958539685,7229,2,2,2,8.657938003540039,0.8132174683621098,0.022086664049883173,0.0,1.0,1.0
2019-10-01,4.327228546142578,4.3461813154489946,4.125535767750982,0.3457098205148105,0.09641797727859036,31786.067142814398,35000.0,1484,0.42688663038479857,0.04481105064133092,1.0,0.42688663038479857,7345,2,2,2,8.654457092285156,0.8157219122249626,0.021803933074589707,0.0,1.0,1.0
2019-10-02,4.303354740142822,4.342102593991264,4.139793991494794,0.33405159006092,0.1090742612758821,31777.412685722113,35000.0,1486,0.437119474140338,0.06186579023389668,1.0,0.437119474140338,7384,2,2,2,8.606709480285645,0.8156467298665423,0.04461876822309781,0.0,1.0,1.0
2019-10-03,4.509021282196045,4.357999611915528,4.153160252268861,0.29361618047760835,0.10181531213346236,31768.805976241827,35000.0,1488,0.26662524171032465,0.0,0.0,0.0,7045,0,0,0,0.0,0.8147227593562769,0.0,0.0,0.0,1.0
2019-10-04,4.525434494018555,4.373945791163436,4.164550261024724,0.292715746539711,0.11534090996002115,31768.805976241827,35000.0,1488,0.2663201685210561,0.0,0.0,0.0,7020,0,0,0,0.0,0.8140448189356801,0.0,0.0,0.0,1.0
2019-10-07,4.5841264724731445,4.3939629989072175,4.174999644214217,0.2939584304073036,0.11622062217265976,31768.805976241827,35000.0,1488,0.2659372107409065,0.0,0.0,0.0,6930,0,0,0,0.0,0.8131938016464588,0.0,0.0,0.0,1.0
2019-10-08,4.407555103302002,4.395257485040054,4.183313833885691,0.3209242622109709,0.12758794300764492,31768.805976241827,35000.0,1488,0.2659124453719194,0.0,0.0,0.0,7207,0,0,0,0.0,0.8131387674931543,0.0,0.0,0.0,1.0
2019-10-09,4.494099140167236,4.404670976004548,4.202998305130157,0.3286044547357581,0.12943742618699852,31768.805976241827,35000.0,1488,0.26573235184192445,0.0,0.0,0.0,7069,0,0,0,0.0,0.812738559648721,0.0,0.0,0.0,1.0
2019-10-10,4.551795959472656,4.418682879191986,4.221674043526663,0.3321535585159394,0.13155938780365573,31768.805976241827,35000.0,1488,0.2654642841169441,0.0,0.0,0.0,6979,0,0,0,0.0,0.8121428535932093,0.0,0.0,0.0,1.0
2019-10-11,4.62540864944458,4.438371047787472,4.225901448068139,0.3335013370453952,0.13841631373591234,31768.805976241827,35000.0,1488,0.26508762132575747,0.0,0.0,0.0,6868,0,0,0,0.0,0.8113058251683498,0.0,0.0,0.0,1.0
2019-10-14,4.6388397216796875,4.457463302443873,4.225910249655003,0.3310621326526071,0.13812776595207213,31768.805976241827,35000.0,1488,0.26499053220977065,0.0,0.0,0.0,6848,0,0,0,0.0,0.8104941315989577,0.0,0.0,0.0,0.9973182700976027
2019-10-15,4.883551120758057,4.498043094664272,4.192605220505628,0.37712721092273427,0.14271176604274763,31768.805976241827,35000.0,1488,0.263946009823223,0.0,0.0,0.0,6505,0,0,0,0.0,0.8087689107182733,0.0,0.0,0.0,1.0
2019-10-16,4.829833030700684,4.529642136191549,4.1811659894436435,0.3793475806856793,0.14285131666174747,31768.805976241827,35000.0,1488,0.2633414750173183,0.0,0.0,0.0,6577,0,0,0,0.0,0.807425500038485,0.0,0.0,0.0,1.0
2019-10-17,4.831823825836182,4.558421344729132,4.176982164426868,0.37155254122932646,0.1432501775056036,31768.805976241827,35000.0,1488,0.26279088764483927,0.0,0.0,0.0,6574,0,0,0,0.0,0.8062019725440872,0.0,0.0,0.0,1.0
2019-10-18,4.737319469451904,4.575459261369396,4.1914674781882315,0.3672531111063822,0.1428588628876048,31768.805976241827,35000.0,1488,0.26246492795963006,0.0,0.0,0.0,6706,0,0,0,0.0,0.8054776176880668,0.0,0.0,0.0,1.0
2019-10-21,4.874597549438477,4.60394862213788,4.197077278126727,0.37617677501361463,0.1449607665317964,31768.805976241827,35000.0,1488,0.26191988578904213,0.0,0.0,0.0,6517,0,0,0,0.0,0.8042664128645381,0.0,0.0,0.0,1.0
2019-10-22,4.864649772644043,4.628777303138467,4.215886605567525,0.3706610036837148,0.14209262486681726,31768.805976241827,35000.0,1488,0.2614448776519567,0.0,0.0,0.0,6530,0,0,0,0.0,0.8032108392265703,0.0,0.0,0.0,1.0
2019-10-23,4.851718425750732,4.650009791006302,4.224485623414963,0.35828487478906124,0.1408338402887153,31768.805976241827,35000.0,1488,0.2610386698269195,0.0,0.0,0.0,6547,0,0,0,0.0,0.8023081551709321,0.0,0.0,0.0,1.0
2019-10-24,4.895735263824463,4.673412216988985,4.236436988983225,0.3566767074994768,0.14053509310140747,31768.805976241827,35000.0,1488,0.2605909479858336,0.0,0.0,0.0,6489,0,0,0,0.0,0.8013132177462968,0.0,0.0,0.0,1.0
2019-10-25,5.086731433868408,4.712775951929882,4.259636792101875,0.34748806476814836,0.13925358911550229,31768.805976241827,35000.0,1488,0.25983786350250715,0.0,0.0,0.0,6245,0,0,0,0.0,0.7996396966722381,0.0,0.0,0.0,1.0
2019-10-28,5.1426873207092285,4.753719891813629,4.279197847378557,0.3471804868587849,0.1394693994671797,31768.805976241827,35000.0,1488,0.2590545474411884,0.0,0.0,0.0,6177,0,0,0,0.0,0.797898994313752,0.0,0.0,0.0,1.0
2019-10-29,5.04644250869751,4.781598236278761,4.316558576779157,0.3595358078264643,0.130591740838176,31768.805976241827,35000.0,1488,0.25852119488536407,0.0,0.0,0.0,6295,0,0,0,0.0,0.7967137664119202,0.0,0.0,0.0,1.0
2019-10-30,5.048432350158691,4.807011009029231,4.36870152603846,0.35720190206608843,0.10826036398089717,31768.805976241827,35000.0,1488,0.2580350122386865,0.0,0.0,0.0,6292,0,0,0,0.0,0.7956333605304144,0.0,0.0,0.0,1.0
2019-10-31,4.999191761016846,4.825313937789956,4.394038721954028,0.3300977231404011,0.10820505630646732,31768.805976241827,35000.0,1488,0.2576848510644527,0.0,0.0,0.0,6354,0,0,0,0.0,0.7948552245876728,0.0,0.0,0.0,1.0
2019-11-01,5.03823709487915,4.8455923337032125,4.421125327192355,0.3301386140081001,0.10253230134702915,32268.805976241827,35500.0,1488,0.2586025738972487,0.0,0.0,0.0,6404,0,0,0,0.0,0.7968946086605527,0.0,0.0,0.0,1.0
2019-11-04,5.234951019287109,4.882674113282631,4.4356831454709695,0.3502362954784625,0.09982664623515453,32268.805976241827,35500.0,1488,0.25790313841537893,0.0,0.0,0.0,6164,0,0,0,0.0,0.7953403075897308,0.0,0.0,0.0,1.0
2019-11-05,5.212818622589111,4.914116447502296,4.4921461941915695,0.3101270143027135,0.07578359891991572,32268.805976241827,35500.0,1488,0.2573100739930272,0.0,0.0,0.0,6190,0,0,0,0.0,0.7940223866511714,0.0,0.0,0.0,1.0
2019-11-06,5.163578033447266,4.937874693782769,4.5443674304440025,0.3135679102872328,0.07269934116234385,32268.805976241827,35500.0,1488,0.2568619466209312,0.0,0.0,0.0,6249,0,0,0,0.0,0.7930265480465137,0.0,0.0,0.0,1.0
2019-11-07,5.181234359741211,4.961051804826431,4.594439814927608,0.3130835769588717,0.07132379790711456,32268.805976241827,35500.0,1488,0.25642478060530205,0.0,0.0,0.0,6228,0,0,0,0.0,0.7920550680117823,0.0,0.0,0.0,1.0
2019-11-08,5.167307376861572,4.980695192639302,4.638742576359099,0.3126558353847489,0.06392095138752865,32268.805976241827,35500.0,1488,0.25605426757771055,0.0,0.0,0.0,6244,0,0,0,0.0,0.7912317057282456,0.0,0.0,0.0,1.0
2019-11-11,5.177254676818848,4.999415143513544,4.6894177135256605,0.3127926802079549,0.06436065487527932,32268.805976241827,35500.0,1488,0.25570117239164314,0.0,0.0,0.0,6232,0,0,0,0.0,0.7904470497592069,0.0,0.0,0.0,1.0
2019-11-12,5.212818622589111,5.019739284377884,4.7038610586846845,0.258999963845134,0.05709765393428823,32268.805976241827,35500.0,1488,0.25531781901917094,0.0,0.0,0.0,6190,0,0,0,0.0,0.7895951533759354,0.0,0.0,0.0,1.0
2019-11-13,5.186954021453857,5.035664497432739,4.727107355023348,0.25541176513708885,0.05563106586555892,32268.805976241827,35500.0,1488,0.2550174380991278,0.0,0.0,0.0,6221,0,0,0,0.0,0.788927640220284,0.0,0.0,0.0,1.0
2019-11-14,5.217294692993164,5.052962611295637,4.753156539551718,0.2552141719606056,0.05557346586773771,32268.805976241827,35500.0,1488,0.25469116156271665,0.0,0.0,0.0,6184,0,0,0,0.0,0.7882025812504815,0.0,0.0,0.0,1.0
2019-11-15,5.078028678894043,5.055349855828818,4.798823555209879,0.26500512176356306,0.055493844938562645,32268.805976241827,35500.0,1488,0.2546461334235781,0.0,0.0,0.0,6354,0,0,0,0.0,0.7881025187190625,0.0,0.0,0.0,1.0
2019-11-18,5.2792181968688965,5.076670650213588,4.825934767599381,0.28074125619026974,0.052939695139946515,32268.805976241827,35500.0,1488,0.2542439812004783,0.0,0.0,0.0,6112,0,0,0,0.0,0.7872088471121741,0.0,0.0,0.0,1.0
2019-11-19,5.172529697418213,5.085800083280694,4.86049052397021,0.2931797142366588,0.04983352574148088,32268.805976241827,35500.0,1488,0.2540717820911337,0.0,0.0,0.0,6238,0,0,0,0.0,0.7868261824247416,0.0,0.0,0.0,1.0
2019-11-20,5.251861095428467,5.101615417770958,4.907593684307179,0.2953342687374909,0.05376779214784395,32268.805976241827,35500.0,1488,0.2537734736974807,0.0,0.0,0.0,6144,0,0,0,0.0,0.7861632748832905,0.0,0.0,0.0,1.0
2019-11-21,5.226993560791016,5.113556193296677,4.9536557050166055,0.29633652863156995,0.05500732811718222,32268.805976241827,35500.0,1488,0.25354824712587454,0.0,0.0,0.0,6173,0,0,0,0.0,0.7856627713908322,0.0,0.0,0.0,1.0
2019-11-22,5.244651794433594,5.12604148864305,4.964998335877353,0.26493827280185983,0.05425213858122461,32268.805976241827,35500.0,1488,0.2533127498367497,0.0,0.0,0.0,6152,0,0,0,0.0,0.7851394440816659,0.0,0.0,0.0,1.0
2019-11-25,5.501298904418945,5.161780290145517,4.941738267435714,0.3126054368347844,0.056583951837587895,32268.805976241827,35500.0,1488,0.25263864556953697,0.0,0.0,0.0,5865,0,0,0,0.0,0.783641434598971,0.0,0.0,0.0,1.0
2019-11-26,5.396600246429443,5.184144095505891,4.954042821969868,0.31290662265730196,0.05592162147680915,32268.805976241827,35500.0,1488,0.2522168201027959,0.0,0.0,0.0,5979,0,0,0,0.0,0.7827040446728798,0.0,0.0,0.0,1.0
2019-11-27,5.431442737579346,5.207696347131935,4.967043978571936,0.3128377517378424,0.05635809934180312,32268.805976241827,35500.0,1488,0.25177257819606924,0.0,0.0,0.0,5941,0,0,0,0.0,0.7817168404357093,0.0,0.0,0.0,1.0
2019-11-29,5.3941121101379395,5.225450229322983,4.996095809912392,0.31134053778599885,0.05756022721017369,32268.805976241827,35500.0,1488,0.25143770497029094,0.0,0.0,0.0,5982,0,0,0,0.0,0.7809726777117577,0.0,0.0,0.0,1.0
2019-12-02,5.207703590393066,5.22376007323442,5.013854113624668,0.3394935603511044,0.060473645262204494,32768.80597624183,36000.0,1488,0.4097539787378448,0.016256631229741303,1.0,0.4097539787378448,6292,2,2,2,10.415407180786133,0.784084583639644,0.015368702444455538,0.0,1.0,1.0
2019-12-03,5.1681342124938965,5.218462372211512,5.005646744075472,0.31092471796927823,0.06479968827087723,32758.39056906104,36000.0,1490,0.4245057025354868,0.04084283755914464,1.0,0.4245057025354868,6338,2,2,2,10.336268424987793,0.7840136407056902,0.04822125381761364,0.0,1.0,1.0
2019-12-04,5.211935997009277,5.217840812668443,5.00499795123713,0.31215117494650657,0.06799667101844066,32748.054300636053,36000.0,1492,0.405233501224159,0.008722502040264998,1.0,0.405233501224159,6283,2,2,2,10.423871994018555,0.7837494863194079,0.005658294178723195,0.0,1.0,1.0
2019-12-05,5.195012092590332,5.21566664885148,5.004855656233167,0.31038804026139616,0.06806760637306004,32737.630428642035,36000.0,1494,0.4115076480743718,0.01917941345728628,1.0,0.4115076480743718,6301,2,2,2,10.390024185180664,0.7835498340726635,0.01980049498149581,0.0,1.0,1.0
2019-12-06,5.280375003814697,5.2218293493241665,5.012687602634773,0.31541646973062754,0.07416914940127346,32727.240404456854,36000.0,1496,0.25235179116763806,0.0,0.0,0.0,6197,0,0,0,0.0,0.783003980372529,0.0,0.0,0.0,1.0
2019-12-09,5.280375003814697,5.227405125942312,5.021597668102802,0.3151286482957127,0.07533040692097,32727.240404456854,36000.0,1496,0.25224752414487883,0.0,0.0,0.0,6197,0,0,0,0.0,0.7827722758775084,0.0,0.0,0.0,1.0
2019-12-10,5.325422763824463,5.236740139073945,5.032163316806072,0.31618189007408865,0.07498664100100749,32727.240404456854,36000.0,1496,0.2520729593993173,0.0,0.0,0.0,6145,0,0,0,0.0,0.782384354220705,0.0,0.0,0.0,1.0
2019-12-11,5.409043312072754,5.253149965073832,5.040088809248579,0.3196700185571251,0.07533283512949321,32727.240404456854,36000.0,1496,0.25176609565311936,0.0,0.0,0.0,6050,0,0,0,0.0,0.7817024347847097,0.0,0.0,0.0,1.0
2019-12-12,5.576536655426025,5.283948697488326,5.035667103174973,0.3343341279970656,0.08021033391930066,32727.240404456854,36000.0,1496,0.2511901593569683,0.0,0.0,0.0,5868,0,0,0,0.0,0.7804225763488184,0.0,0.0,0.0,1.0
2019-12-13,5.574547290802002,5.311624753994391,5.036183575747865,0.3345643267346787,0.08030243655556864,32727.240404456854,36000.0,1496,0.25067261710030486,0.0,0.0,0.0,5870,0,0,0,0.0,0.7792724824451219,0.0,0.0,0.0,1.0
2019-12-16,5.6034159660339355,5.339414393236252,5.057112961271109,0.3149342190186835,0.07973317253182324,32727.240404456854,36000.0,1496,0.25015295084648215,0.0,0.0,0.0,5840,0,0,0,0.0,0.778117668547738,0.0,0.0,0.0,1.0
2019-12-17,5.681561470031738,5.3719998291215365,5.0520687567353315,0.28981648595731024,0.07975310495492312,32727.240404456854,36000.0,1496,0.24954360319542726,0.0,0.0,0.0,5760,0,0,0,0.0,0.776763562656505,0.0,0.0,0.0,1.0
2019-12-18,5.711925506591797,5.404373703166323,5.059811850309312,0.2755396597247692,0.07970923047278737,32727.240404456854,36000.0,1496,0.24893821175078976,0.0,0.0,0.0,5729,0,0,0,0.0,0.7754182483350883,0.0,0.0,0.0,1.0
2019-12-19,5.860004901885986,5.447767150663434,5.049087632950859,0.2832059629692689,0.07834308197670635,32727.240404456854,36000.0,1496,0.24812675428259381,0.0,0.0,0.0,5584,0,0,0,0.0,0.7736150095168751,0.0,0.0,0.0,1.0
2019-12-20,5.957315921783447,5.496295605055817,5.040118616844041,0.28296447843897427,0.0783100089744425,32727.240404456854,36000.0,1496,0.24721927218545622,0.0,0.0,0.0,5493,0,0,0,0.0,0.7715983826343472,0.0,0.0,0.0,1.0
2019-12-23,5.943626403808594,5.538898538270367,5.043714188902535,0.2845638646084078,0.07838110177771097,32727.240404456854,36000.0,1496,0.24642259733434416,0.0,0.0,0.0,5506,0,0,0,0.0,0.7698279940763203,0.0,0.0,0.0,1.0
2019-12-24,5.9386491775512695,5.576970027725691,5.041836092232002,0.23678614895468955,0.0756757114697372,32727.240404456854,36000.0,1496,0.2457106604815296,0.0,0.0,0.0,5510,0,0,0,0.0,0.7682459121811769,0.0,0.0,0.0,1.0
2019-12-26,5.952836513519287,5.61276683589651,5.045050975314831,0.22090150864961924,0.07678040904176282,32727.240404456854,36000.0,1496,0.24504126016873526,0.0,0.0,0.0,5497,0,0,0,0.0,0.7667583559305228,0.0,0.0,0.0,1.0
2019-12-27,5.8950958251953125,5.639655311067824,5.052253722105323,0.22686135415046896,0.07632306365871673,32727.240404456854,36000.0,1496,0.24453844568303165,0.0,0.0,0.0,5551,0,0,0,0.0,0.765640990406737,0.0,0.0,0.0,1.0
2019-12-30,5.781858444213867,5.653198466605543,5.0630364658359674,0.23876173337470885,0.07821090491584849,32727.240404456854,36000.0,1496,0.24428518867447632,0.0,0.0,0.0,5660,0,0,0,0.0,0.7650781970543918,0.0,0.0,0.0,1.0
2019-12-31,5.856022834777832,5.672515073098142,5.0968974566156655,0.19327556490452283,0.0690195248216153,32727.240404456854,36000.0,1496,0.24392396813306474,0.0,0.0,0.0,5588,0,0,0,0.0,0.7642754847401438,0.0,0.0,0.0,1.0
2020-01-02,5.970754146575928,5.700918794381741,5.1434364949837565,0.19208399110549026,0.06498082397056801,33227.240404456854,36500.0,1496,0.2448531908937592,0.0,0.0,0.0,5564,0,0,0,0.0,0.7663404242083538,0.0,0.0,0.0,1.0
2020-01-03,5.875186443328857,5.717515713329086,5.191832020162478,0.2090292784852811,0.07182625314233698,33227.240404456854,36500.0,1496,0.24454708004895506,0.0,0.0,0.0,5655,0,0,0,0.0,0.7656601778865668,0.0,0.0,0.0,1.0
2020-01-06,5.899824142456055,5.7348784208649874,5.254527847309589,0.20627183174316494,0.07202524859440808,33227.240404456854,36500.0,1496,0.2442268451253066,0.0,0.0,0.0,5631,0,0,0,0.0,0.7649485447229035,0.0,0.0,0.0,1.0
2020-01-07,5.97125244140625,5.757390232345108,5.311647456733865,0.20405859294842443,0.06881451768473372,33227.240404456854,36500.0,1496,0.243811640974939,0.0,0.0,0.0,5564,0,0,0,0.0,0.7640258688331978,0.0,0.0,0.0,1.0
2020-01-08,5.98245096206665,5.7788245875566835,5.381989655293726,0.2034048939611209,0.06760424079817674,33227.240404456854,36500.0,1496,0.24341630925087235,0.0,0.0,0.0,5554,0,0,0,0.0,0.7631473538908274,0.0,0.0,0.0,1.0
2020-01-09,6.048155784606934,5.804475177751945,5.456525797334177,0.20394086204276943,0.06872375611713086,33227.240404456854,36500.0,1496,0.24294321398184635,0.0,0.0,0.0,5493,0,0,0,0.0,0.7620960310707696,0.0,0.0,0.0,1.0
2020-01-10,6.080507755279541,5.830763994659335,5.524525407563059,0.20100904995057287,0.0709783036995628,33227.240404456854,36500.0,1496,0.24245834736425578,0.0,0.0,0.0,5464,0,0,0,0.0,0.7610185496983461,0.0,0.0,0.0,1.0
2020-01-13,6.271145820617676,5.872705120941081,5.54416691483605,0.20165148572481084,0.06920121275902003,33227.240404456854,36500.0,1496,0.24168479212554697,0.0,0.0,0.0,5298,0,0,0,0.0,0.7592995380567711,0.0,0.0,0.0,1.0
2020-01-14,6.1541748046875,5.8995117574883595,5.587328262024232,0.21897020102624454,0.06997077555556282,33227.240404456854,36500.0,1496,0.2411903749276393,0.0,0.0,0.0,5399,0,0,0,0.0,0.7582008331725318,0.0,0.0,0.0,1.0
2020-01-15,6.111616611480713,5.919712219773346,5.635129967201506,0.22304497421051697,0.06705115017925717,33227.240404456854,36500.0,1496,0.24081780092187902,0.0,0.0,0.0,5436,0,0,0,0.0,0.7573728909375089,0.0,0.0,0.0,1.0
2020-01-16,6.195239067077637,5.945952871897564,5.6697162855355705,0.2228979925198327,0.07110768514861893,33227.240404456854,36500.0,1496,0.24033382264763178,0.0,0.0,0.0,5363,0,0,0,0.0,0.756297383661404,0.0,0.0,0.0,1.0
2020-01-17,6.203950881958008,5.97052411095094,5.704700065100558,0.22312206302841553,0.0708561845567689,33227.240404456854,36500.0,1496,0.2398806347536391,0.0,0.0,0.0,5355,0,0,0,0.0,0.7552902994525313,0.0,0.0,0.0,1.0
2020-01-21,6.170603275299072,5.989579269460286,5.721293063384804,0.21004277373415703,0.07224592189367801,33227.240404456854,36500.0,1496,0.2395291845424475,0.0,0.0,0.0,5384,0,0,0,0.0,0.7545092989832167,0.0,0.0,0.0,1.0
2020-01-22,6.224606513977051,6.011962816557121,5.729123709096033,0.2049181808339838,0.0714265924358393,33227.240404456854,36500.0,1496,0.23911634607928076,0.0,0.0,0.0,5338,0,0,0,0.0,0.7535918801761794,0.0,0.0,0.0,1.0
2020-01-23,6.293047904968262,6.038732824977229,5.735018752111538,0.20641030288088205,0.07139848385616464,33227.240404456854,36500.0,1496,0.23862260444452957,0.0,0.0,0.0,5279,0,0,0,0.0,0.7524946765433991,0.0,0.0,0.0,1.0
2020-01-24,6.233815670013428,6.057312143552105,5.7465186531090975,0.2106917204342657,0.08059830298647758,33227.240404456854,36500.0,1496,0.2382799305468691,0.0,0.0,0.0,5330,0,0,0,0.0,0.7517331789930425,0.0,0.0,0.0,1.0
2020-01-27,5.977972030639648,6.0497559423223475,5.7405641884465775,0.26133951125984156,0.09879180854869996,33227.240404456854,36500.0,1496,0.41511686894366584,0.025194781572776364,1.0,0.41511686894366584,5558,2,2,2,11.955944061279297,0.7520428797338566,0.059327940140956346,0.0,1.0,1.0
2020-01-28,6.171347141265869,6.061336056507445,5.75852050366808,0.2817392348338682,0.10494590944512895,33215.284460395575,36500.0,1498,0.23805625655639265,0.0,0.0,0.0,5382,0,0,0,0.0,0.7512361256808725,0.0,0.0,0.0,1.0
2020-01-29,6.110871315002441,6.066053700173635,5.7960146794054035,0.2740228019573274,0.10241671803975823,33215.284460395575,36500.0,1498,0.23796912878665624,0.0,0.0,0.0,5435,0,0,0,0.0,0.7510425084147917,0.0,0.0,0.0,1.0
2020-01-30,6.117589950561523,6.070961914496291,5.824341158945464,0.2715461318619247,0.10247067832051376,33215.284460395575,36500.0,1498,0.23787848146405613,0.0,0.0,0.0,5429,0,0,0,0.0,0.7508410699201248,0.0,0.0,0.0,1.0
2020-01-31,5.884145259857178,6.053169852149708,5.794032606673759,0.2988511232706384,0.11769227214698136,33215.284460395575,36500.0,1498,0.4510345416282877,0.08505756938047948,1.0,0.4510345416282877,5644,2,2,2,11.768290519714355,0.7515712756569791,0.13961659462810463,0.0,1.0,1.0
2020-02-03,5.98120641708374,6.046316191667234,5.80256489252672,0.29884113566445897,0.11803347062679947,33703.51616987586,37000.0,1500,0.41392471493878513,0.02320785823130852,1.0,0.41392471493878513,5634,2,2,2,11.96241283416748,0.7548790733107877,0.053842515442068084,0.0,1.0,1.0
2020-02-04,6.150440216064453,6.056232765419351,5.831705197586501,0.3140466389725118,0.12877082830680026,33691.55375704169,37000.0,1502,0.23936735875278545,0.0,0.0,0.0,5477,0,0,0,0.0,0.7541496861173009,0.0,0.0,0.0,1.0
2020-02-05,6.240783214569092,6.073808998671707,5.853729813078736,0.31525083255084657,0.1331217582801846,33691.55375704169,37000.0,1502,0.24170136391575714,0.0,0.0,0.0,5398,0,0,0,0.0,0.7534361860539215,0.0,0.0,0.0,0.973449198085075
2020-02-06,6.327640056610107,6.09798338514203,5.872607946094635,0.3178730017865879,0.13270715805166733,33691.55375704169,37000.0,1502,0.23899662817534306,0.0,0.0,0.0,5324,0,0,0,0.0,0.7524548366355857,0.0,0.0,0.0,0.9960804831067047
2020-02-07,6.261439800262451,6.113550662772547,5.887772596224331,0.3198389039986324,0.13332146970137654,33691.55375704169,37000.0,1502,0.23840319711891444,0.0,0.0,0.0,5380,0,0,0,0.0,0.7518228893112333,0.0,0.0,0.0,0.9991710307114055
2020-02-10,6.544659614562988,6.15460865818116,5.873721340679045,0.3549065384249566,0.13447547823085115,33691.55375704169,37000.0,1502,0.2375702704847393,0.0,0.0,0.0,5147,0,0,0,0.0,0.750156156632754,0.0,0.0,0.0,1.0
2020-02-11,6.667106628417969,6.203417988679903,5.8495375861132155,0.34463530727515723,0.132839075004784,33691.55375704169,37000.0,1502,0.23667864274192577,0.0,0.0,0.0,5053,0,0,0,0.0,0.7481747616487239,0.0,0.0,0.0,1.0
2020-02-12,6.782832145690918,6.258600289347618,5.820594627916656,0.3378645545436817,0.13378598674361789,33691.55375704169,37000.0,1502,0.23567059633594448,0.0,0.0,0.0,4967,0,0,0,0.0,0.7459346585243211,0.0,0.0,0.0,1.0
2020-02-13,6.739030838012695,6.304355579696673,5.815855513388447,0.337652693564961,0.13422703745437278,33691.55375704169,37000.0,1502,0.23483475847791943,0.0,0.0,0.0,4999,0,0,0,0.0,0.7440772410620432,0.0,0.0,0.0,1.0
2020-02-14,7.212141513824463,6.390811382946938,5.745795958855756,0.4087917528294705,0.13164805467419127,33691.55375704169,37000.0,1502,0.23325542125043683,0.0,0.0,0.0,4671,0,0,0,0.0,0.7405676027787486,0.0,0.0,0.0,1.0
2020-02-18,7.38087797164917,6.485103439013818,5.686251541029577,0.41157318563589335,0.13187915529176558,33691.55375704169,37000.0,1502,0.23153293474515033,0.0,0.0,0.0,4564,0,0,0,0.0,0.7367398549892229,0.0,0.0,0.0,1.0
2020-02-19,7.832087993621826,6.613387682309819,5.589544817629866,0.4468731339039931,0.1320291975582672,33691.55375704169,37000.0,1502,0.22918949366288635,0.0,0.0,0.0,4301,0,0,0,0.0,0.7315322081397474,0.0,0.0,0.0,1.0
2020-02-20,7.682764053344727,6.715233050979809,5.561537461792403,0.46055556620703053,0.1331249890494552,33691.55375704169,37000.0,1502,0.22732902650926343,0.0,0.0,0.0,4385,0,0,0,0.0,0.7273978366872521,0.0,0.0,0.0,1.0
2020-02-21,7.318659782409668,6.772702263496939,5.573018166119096,0.5050077329224736,0.13903389663195195,33691.55375704169,37000.0,1502,0.2262792037865519,0.0,0.0,0.0,4603,0,0,0,0.0,0.7250648973034486,0.0,0.0,0.0,1.0
2020-02-24,6.801249980926514,6.775421093728327,5.583481491910396,0.5751099274912748,0.18135116560092954,33691.55375704169,37000.0,1502,0.2262295373715952,0.0,0.0,0.0,4953,0,0,0,0.0,0.7249545274924338,0.0,0.0,0.0,1.0
2020-02-25,6.521763801574707,6.751263256380363,5.5957014260523055,0.5751652587971272,0.2030741877496753,33691.55375704169,37000.0,1502,0.4531563463734425,0.08859391062240411,1.0,0.4531563463734425,5166,2,2,2,13.043527603149414,0.7259352051058566,0.1699677868351265,0.0,1.0,1.0
2020-02-26,6.661133766174316,6.742679495408359,5.608047929884967,0.5695314341962777,0.198307378305168,33678.51022943854,37000.0,1504,0.40387505666155277,0.006458427769254575,1.0,0.40387505666155277,5055,2,2,2,13.322267532348633,0.7259191902406981,0.06046982456275238,0.0,1.0,1.0
2020-02-27,6.290335655212402,6.699599129675411,5.580552059328943,0.6067915492257465,0.2473022988305652,33665.187961906195,37000.0,1506,0.5147361439498962,0.1912269065831603,1.0,0.5147361439498962,5351,3,3,3,18.871006965637207,0.727308208397536,0.3054387781577888,0.0,1.0,1.0
2020-02-28,6.7253804206848145,6.702054490723926,5.613566100674371,0.6516713649470534,0.2458831778145132,33646.31695494056,37000.0,1509,0.2269991864344302,0.0,0.0,0.0,5002,0,0,0,0.0,0.7266648587431782,0.0,0.0,0.0,1.0
2020-03-02,6.88375997543335,6.719359774981966,5.698993201959182,0.633332839170608,0.3007283584137372,34146.31695494056,37500.0,1509,0.25282613347911154,0.0,0.0,0.0,4960,0,0,0,0.0,0.7296129626547257,0.0,0.0,0.0,0.7549969971551509
2020-03-03,6.621288776397705,6.710019679878703,5.7530341038188535,0.6536935889395185,0.312316801541051,34146.31695494056,37500.0,1509,0.4338276181324544,0.05637936355409064,1.0,0.4338276181324544,5157,2,2,2,13.24257755279541,0.729988808081681,0.06611821403972509,0.0,1.0,0.7442054182217837
2020-03-04,7.0849714279174805,6.74572937016811,5.828191969386086,0.6885137323092528,0.34697987233531347,34133.07437738776,37500.0,1511,0.26232772427109696,0.0,0.0,0.0,4817,0,0,0,0.0,0.7281920779113596,0.0,0.0,0.0,0.6535871078901487
2020-03-05,6.805567264556885,6.751428217252756,5.876332797143647,0.708056648159485,0.36024693821710174,34133.07437738776,37500.0,1511,0.26379345146675004,0.0,0.0,0.0,5015,0,0,0,0.0,0.7279624523661623,0.0,0.0,0.0,0.6378965209802301
2020-03-06,6.625025272369385,6.739389841549578,5.89253300509702,0.7160254896226553,0.3615350847450398,34133.07437738776,37500.0,1511,0.45094004530115617,0.08490007550192691,1.0,0.45094004530115617,5152,2,2,2,13.25005054473877,0.7284475186511623,0.08484786595599077,0.0,1.0,0.6504287777206275
2020-03-09,6.112035274505615,6.679641787545391,5.8078356225448555,0.7704423856279801,0.43929698919838056,34119.82432684302,37500.0,1513,0.6237688740356628,0.3729481233927714,1.0,0.6237688740356628,5582,3,3,3,18.336105823516846,0.7304987193451686,0.4248779583495879,0.0,1.0,0.4615063092697764
2020-03-10,6.501507759094238,6.6626766419786145,5.787329808960471,0.7874751867088807,0.4834306052849337,34101.48822101951,37500.0,1516,0.49747539423930065,0.16245899039883438,1.0,0.49747539423930065,5245,2,2,2,13.003015518188477,0.7306501922869445,0.1209490506179765,0.0,1.0,0.35744265067913816
2020-03-11,6.137684345245361,6.612677375623067,5.682171939615489,0.8093008688663115,0.5041361958114426,34088.48520550132,37500.0,1518,0.6073856471118427,0.34564274518640453,1.0,0.6073856471118427,5553,3,3,3,18.413053035736084,0.7323188198347783,0.3591533378966261,0.0,1.0,0.33776823867289285
2020-03-12,5.386630058288574,6.495910964448353,5.361461613234187,0.9087842514670174,0.5838299670531645,34070.07215246558,37500.0,1521,0.835944308332032,0.7265738472200534,1.0,0.835944308332032,6324,4,4,4,21.546520233154297,0.7365258512819748,0.8538301342419808,0.0,1.0,0.29715885153748034
2020-03-13,5.9974846839904785,6.448441794880936,5.262931410337874,1.008858517437611,0.6972145717409667,34048.52563223243,37500.0,1525,0.6187601254409062,0.364600209068177,1.0,0.6187601254409062,5677,3,3,3,17.992454051971436,0.7377633670081752,0.34966362823375996,0.0,1.0,0.20582022417964718
2020-03-16,4.890823841094971,6.300097227853701,4.881988689125071,1.1552899388347524,0.7966029362692534,34030.533178180456,37500.0,1528,0.9136255212921994,0.856042535486999,1.0,0.9136255212921994,6958,4,4,4,19.563295364379883,0.7432920382890545,1.0,0.0,1.0,0.2085589593787518
2020-03-17,5.410536766052246,6.215377183872611,4.7489261462489365,1.2284921834649467,0.840402553640014,34010.969882816076,37500.0,1532,0.7552772231476542,0.5921287052460904,1.0,0.7552772231476543,6286,4,4,4,21.642147064208984,0.7460811241148576,0.6474590310534405,0.0,1.0,0.21815846678080053
2020-03-18,5.050695896148682,6.104455156470332,4.6365642264267555,1.2104641314872213,0.8486144038772431,33989.32773575187,37500.0,1536,0.8570139888076374,0.7616899813460623,1.0,0.8570139888076374,6729,4,4,4,20.202783584594727,0.7499615167909752,0.86310672558937,0.0,1.0,0.18866720263518122
2020-03-19,5.303455352783203,6.028169460881082,4.622020479035703,1.234923403988096,0.8507378910436066,33969.12495216727,37500.0,1540,0.7381313453118485,0.5635522421864142,1.0,0.7381313453118485,6405,3,3,3,15.91036605834961,0.7524431741398169,0.601106283425511,0.0,1.0,0.20965910592549086
2020-03-20,5.123661518096924,5.94202584728259,4.542311768451258,1.2312121912207175,0.8562580593713967,33953.21458610892,37500.0,1543,0.7800333761838095,0.6333889603063492,1.0,0.7800333761838095,6626,4,4,4,20.494646072387695,0.7555054431371457,0.6886240065414061,0.0,1.0,0.19824876171538874
2020-03-23,5.296483516693115,5.8805456253216875,4.467258067859124,1.224037417746059,0.8553054643071054,33932.719940036535,37500.0,1547,0.695046683034876,0.4917444717247934,1.0,0.695046683034876,6406,3,3,3,15.889450550079346,0.7574078911367293,0.4966053712036473,0.0,1.0,0.1925928501829346
2020-03-24,6.205170631408691,5.9114622925680695,4.5123882310673675,1.3747502278901762,0.9386274113881917,33916.830489486456,37500.0,1550,0.31799355893117254,0.0,0.0,0.0,5465,0,0,0,0.0,0.7556595585738531,0.0,0.0,0.0,0.2205324242706137
2020-03-25,6.116518020629883,5.930991409526337,4.560629372808049,1.3736098405804094,0.9416567732597373,33916.830489486456,37500.0,1550,0.3181238896720313,0.0,0.0,0.0,5545,0,0,0,0.0,0.7548523550729114,0.0,0.0,0.0,0.21559670110778817
2020-03-26,6.4058837890625,5.976219255196448,4.600245575790973,1.3675418326997208,0.965701677773678,33916.830489486456,37500.0,1550,0.32083298003013394,0.0,0.0,0.0,5294,0,0,0,0.0,0.7529829374518802,0.0,0.0,0.0,0.180093418232121
2020-03-27,6.293575286865234,6.006443639164904,4.6629651452933185,1.347641332937725,0.9712411616958646,33916.830489486456,37500.0,1550,0.32265135410414325,0.0,0.0,0.0,5389,0,0,0,0.0,0.7517336629145173,0.0,0.0,0.0,0.15628794207389562
2020-03-30,6.613818168640137,6.06428883244826,4.7526117735839986,1.3573937708245525,0.9633775660594087,33916.830489486456,37500.0,1550,0.31978801256480377,0.0,0.0,0.0,5128,0,0,0,0.0,0.7493427282588052,0.0,0.0,0.0,0.17416215151658587
2020-03-31,6.564264297485352,6.111905543404173,4.805686150226492,1.3498609531981314,0.9607042920880171,33916.830489486456,37500.0,1550,0.31922902820740295,0.0,0.0,0.0,5166,0,0,0,0.0,0.7473745708726275,0.0,0.0,0.0,0.1708952868527942
2020-04-01,6.053016185760498,6.106297033152395,4.903735157066077,1.3546173778606294,0.9524256010341828,34416.830489486456,38000.0,1550,0.48902635191609867,0.14837725319349776,1.0,0.48902635191609867,5685,2,2,2,12.106032371520996,0.7509273578582576,0.04362778874219838,0.0,1.0,0.18523464054106542
2020-04-02,6.361807823181152,6.130631394107515,4.979680324001516,1.3615731599777492,0.9548553572419191,34404.724457114935,38000.0,1552,0.31849652917225246,0.0,0.0,0.0,5408,0,0,0,0.0,0.7496121072722405,0.0,0.0,0.0,0.18828919100255725
2020-04-03,6.073935031890869,6.1252317405630725,5.019602141340261,1.3680495743459324,0.9546173792972796,34404.724457114935,38000.0,1552,0.4868437634053656,0.14473960567560934,1.0,0.4868437634053656,5664,2,2,2,12.147870063781738,0.7498326404906871,0.041873279938538156,0.0,1.0,0.19423900787785775
2020-04-06,6.683794021606445,6.178428148281489,5.020818633763788,1.3814339826621014,0.9559040369975986,34392.57658705115,38000.0,1554,0.31587068880636743,0.0,0.0,0.0,5145,0,0,0,0.0,0.7473348067781728,0.0,0.0,0.0,0.20429974243810345
2020-04-07,6.450459003448486,6.204335848773583,5.051878489839599,1.373132684564605,0.9380708708615179,34392.57658705115,38000.0,1554,0.31384193289820705,0.0,0.0,0.0,5331,0,0,0,0.0,0.7462753181843645,0.0,0.0,0.0,0.21981960284757007
2020-04-08,6.6476850509643555,6.2465595823155615,5.052109280077095,1.3579569137667225,0.9296688688431698,34392.57658705115,38000.0,1554,0.31332279786692546,0.0,0.0,0.0,5173,0,0,0,0.0,0.7445485897126741,0.0,0.0,0.0,0.21724067503777933
2020-04-09,6.5480780601501465,6.275275627823618,5.082498378110525,1.2725314994699044,0.8566686984857501,34392.57658705115,38000.0,1554,0.31073159731570016,0.0,0.0,0.0,5252,0,0,0,0.0,0.7433742545884763,0.0,0.0,0.0,0.23786817249114178
2020-04-13,6.719902515411377,6.317621045689119,5.082734922140881,1.2176548623437093,0.796050748947603,34392.57658705115,38000.0,1554,0.3062708438649206,0.0,0.0,0.0,5118,0,0,0,0.0,0.7416425498683976,0.0,0.0,0.0,0.27468303575858344
2020-04-14,7.07102632522583,6.38937392945452,5.19771249259053,0.9881845618900224,0.6573430851976534,34392.57658705115,38000.0,1554,0.30714361657260086,0.0,0.0,0.0,4863,0,0,0,0.0,0.7387082345691494,0.0,0.0,0.0,0.2527508898351636
2020-04-15,6.993578910827637,6.446917261013865,5.251683242341201,0.9394577178413592,0.6382767664751063,34392.57658705115,38000.0,1554,0.3087042768434745,0.0,0.0,0.0,4917,0,0,0,0.0,0.7363550151680119,0.0,0.0,0.0,0.22655479982130844
2020-04-16,7.338726043701172,6.531851430793608,5.374009249230163,0.8959378973848078,0.6012644237592997,34392.57658705115,38000.0,1554,0.30562260672647185,0.0,0.0,0.0,4686,0,0,0,0.0,0.7328816546459667,0.0,0.0,0.0,0.24174137864213208
2020-04-17,7.279458522796631,6.603052106222468,5.482154089801263,0.8941047999585213,0.6045499839037848,34392.57658705115,38000.0,1554,0.3052398593609841,0.0,0.0,0.0,4724,0,0,0,0.0,0.7299699217613232,0.0,0.0,0.0,0.2324660543161139
2020-04-20,7.148223400115967,6.654973181831373,5.679097789880596,0.8837398665182826,0.5812981731462178,34392.57658705115,38000.0,1554,0.30084042416253465,0.0,0.0,0.0,4811,0,0,0,0.0,0.7278466230377381,0.0,0.0,0.0,0.2669055620444749
2020-04-21,6.711435317993164,6.660350528132496,5.879355391624594,0.9247912828516635,0.5825811499224013,34392.57658705115,38000.0,1554,0.2951484085675827,0.0,0.0,0.0,5124,0,0,0,0.0,0.7276267178758448,0.0,0.0,0.0,0.3228361447654746
2020-04-22,7.1258111000061035,6.704680106406173,5.916654451067404,0.739327473467192,0.496472817184389,34392.57658705115,38000.0,1554,0.3025195732935344,0.0,0.0,0.0,4826,0,0,0,0.0,0.7258138714380212,0.0,0.0,0.0,0.24096668853575132
2020-04-23,7.072519302368164,6.739712410783506,5.974868656814078,0.737001200750587,0.4969244634194916,34392.57658705115,38000.0,1554,0.3023777877900851,0.0,0.0,0.0,4862,0,0,0,0.0,0.7243812345695376,0.0,0.0,0.0,0.2359376776620683
2020-04-24,7.211475372314453,6.784642216643595,6.00211062595732,0.72401081524839,0.45250711960536644,34392.57658705115,38000.0,1554,0.29181150165661607,0.0,0.0,0.0,4769,0,0,0,0.0,0.7225438419825224,0.0,0.0,0.0,0.33333227235519014
2020-04-27,7.397994518280029,6.843056721561351,6.039982696592196,0.7209517540556556,0.4308975686910146,34392.57658705115,38000.0,1554,0.2846414544031124,0.0,0.0,0.0,4648,0,0,0,0.0,0.720154996176149,0.0,0.0,0.0,0.3942829387615463
2020-04-28,7.255551815032959,6.882341968558647,6.060101132728531,0.7099287532918616,0.4206180701429115,34392.57658705115,38000.0,1554,0.2826948994404702,0.0,0.0,0.0,4740,0,0,0,0.0,0.7185484363384175,0.0,0.0,0.0,0.4065189691181763
2020-04-29,7.432358741760254,6.934724518387371,6.08168274509315,0.7111524474186822,0.4200355272238485,34392.57658705115,38000.0,1554,0.28129307809917564,0.0,0.0,0.0,4627,0,0,0,0.0,0.7164062657480533,0.0,0.0,0.0,0.4108974148744835
2020-04-30,7.278462886810303,6.967461505856222,6.191628612160361,0.6464663306869673,0.38028494922645467,34392.57658705115,38000.0,1554,0.2801176687988823,0.0,0.0,0.0,4725,0,0,0,0.0,0.7150674952605114,0.0,0.0,0.0,0.4166270406834789
2020-05-01,7.041889667510986,6.974549902204295,6.2473492630416105,0.6442215855705147,0.39742180109412867,34892.57658705115,38500.0,1554,0.28823330105024697,0.0,0.0,0.0,4955,0,0,0,0.0,0.7184818039473903,0.0,0.0,0.0,0.3508351072607865
2020-05-04,7.25380802154541,7.001145913570116,6.401112561446609,0.6199996648068001,0.38963698125660173,34892.57658705115,38500.0,1554,0.290231742416774,0.0,0.0,0.0,4810,0,0,0,0.0,0.7174082922158972,0.0,0.0,0.0,0.326019890803797
2020-05-05,7.314819812774658,7.031019618256263,6.442065725831811,0.5191416366051027,0.3100190247705325,34892.57658705115,38500.0,1554,0.2827454769475739,0.0,0.0,0.0,4770,0,0,0,0.0,0.7162024808631108,0.0,0.0,0.0,0.39545639440825964
2020-05-06,7.415672779083252,7.0676532526207385,6.535132776014878,0.49779300516320213,0.31186456682928515,34892.57658705115,38500.0,1554,0.28861044358533583,0.0,0.0,0.0,4705,0,0,0,0.0,0.7147238141669447,0.0,0.0,0.0,0.3301527278978931
2020-05-07,7.591983318328857,7.1175894493548455,6.591339250960749,0.4941774134450702,0.29233759363039363,34892.57658705115,38500.0,1554,0.27984919183312057,0.0,0.0,0.0,4595,0,0,0,0.0,0.7127082076805862,0.0,0.0,0.0,0.40869501623143223
2020-05-08,7.78198766708374,7.1808654700909305,6.6675865362310125,0.49083620298565905,0.29375389657292006,34892.57658705115,38500.0,1554,0.28032690496277846,0.0,0.0,0.0,4483,0,0,0,0.0,0.710154157389057,0.0,0.0,0.0,0.3924246586229716
2020-05-11,8.0339994430542,7.2621163246588605,6.686699466141306,0.4941511131074876,0.2901001229221691,34892.57658705115,38500.0,1554,0.27614512145821046,0.0,0.0,0.0,4343,0,0,0,0.0,0.7068745774410424,0.0,0.0,0.0,0.41948438390258613
2020-05-12,7.772027492523193,7.310679293026893,6.70613027689104,0.4883934484918364,0.28255933313784515,34892.57658705115,38500.0,1554,0.27317286814608444,0.0,0.0,0.0,4489,0,0,0,0.0,0.7049143994450964,0.0,0.0,0.0,0.44038611604208966
2020-05-13,7.749615669250488,7.35248275742914,6.740058423583953,0.48568911653825525,0.27814396641377204,34892.57658705115,38500.0,1554,0.2709372711200859,0.0,0.0,0.0,4502,0,0,0,0.0,0.7032270596092238,0.0,0.0,0.0,0.455149057040648
2020-05-14,7.999135971069336,7.414068777775825,6.738593026923037,0.46870941605774674,0.2802395044954964,34892.57658705115,38500.0,1554,0.27595592061754376,0.0,0.0,0.0,4362,0,0,0,0.0,0.7007412238788667,0.0,0.0,0.0,0.3937763012794626
2020-05-15,8.457588195800781,7.513451579492488,6.6904458222148175,0.5013432029100864,0.26368319893932285,34892.57658705115,38500.0,1554,0.25508599250566955,0.0,0.0,0.0,4125,0,0,0,0.0,0.6967297726095759,0.0,0.0,0.0,0.5844240516863963
2020-05-18,8.716073989868164,7.627987047147314,6.644004207240929,0.49753687485666676,0.2773228665869101,34892.57658705115,38500.0,1554,0.26194211175811877,0.0,0.0,0.0,4003,0,0,0,0.0,0.6921067046424175,0.0,0.0,0.0,0.49505905330969124
2020-05-19,8.77110767364502,7.736855678242333,6.685108642437021,0.42057147649842025,0.2536221504446586,34892.57658705115,38500.0,1554,0.27128223047273387,0.0,0.0,0.0,3978,0,0,0,0.0,0.6877123708054913,0.0,0.0,0.0,0.38188336389737243
2020-05-20,8.934967994689941,7.850961613142105,6.678826171582749,0.3814259247478451,0.24813596451579156,34892.57658705115,38500.0,1554,0.27930090319089074,0.0,0.0,0.0,3905,0,0,0,0.0,0.6831066403422641,0.0,0.0,0.0,0.28097084963128105
2020-05-21,8.74098014831543,7.935725283158613,6.7221044918860375,0.3940299449779876,0.2508596829906974,34892.57658705115,38500.0,1554,0.27496516334153753,0.0,0.0,0.0,3991,0,0,0,0.0,0.6796852703888705,0.0,0.0,0.0,0.30893208333454214
2020-05-22,8.990996360778809,8.036227290551013,6.74798289868031,0.39791838553258646,0.24736261455193884,34892.57658705115,38500.0,1554,0.2699792231564793,0.0,0.0,0.0,3880,0,0,0,0.0,0.6756286439086682,0.0,0.0,0.0,0.34053666602421373
2020-05-26,8.68370246887207,8.097891593248256,6.786293852702917,0.4250919533464644,0.24587656418997256,34892.57658705115,38500.0,1554,0.25883921052419906,0.0,0.0,0.0,4018,0,0,0,0.0,0.6731396484179795,0.0,0.0,0.0,0.440736312638917
2020-05-27,8.491955757141113,8.135421513619004,6.847453106417653,0.4276405300613851,0.24829504949431386,34892.57658705115,38500.0,1554,0.25870550202195225,0.0,0.0,0.0,4108,0,0,0,0.0,0.6716248043593784,0.0,0.0,0.0,0.43525659939768024
2020-05-28,8.453856468200684,8.165748652150594,6.895447725558747,0.4254693054112966,0.23261784929305068,34892.57658705115,38500.0,1554,0.24925961071995467,0.0,0.0,0.0,4127,0,0,0,0.0,0.6704006907677397,0.0,0.0,0.0,0.524207001255282
2020-05-29,8.84083366394043,8.230042462797245,6.973577139094711,0.4338278634369551,0.22926283385069135,34892.57658705115,38500.0,1554,0.24282308731244293,0.0,0.0,0.0,3946,0,0,0,0.0,0.6678055587743658,0.0,0.0,0.0,0.5768941413602167
2020-06-01,8.771855354309082,8.281643690560276,7.1117040193092524,0.4098342688984441,0.1992000031176578,35392.57658705115,39000.0,1554,0.23005368179267424,0.0,0.0,0.0,4034,0,0,0,0.0,0.670008351406906,0.0,0.0,0.0,0.7145007634043345
2020-06-02,8.790780067443848,8.330132869311093,7.232829834673311,0.4048629529765849,0.1997859136240424,35392.57658705115,39000.0,1554,0.23176064503067162,0.0,0.0,0.0,4026,0,0,0,0.0,0.6680762441305272,0.0,0.0,0.0,0.6887366482806565
2020-06-03,8.735250473022461,8.368715498235986,7.364077782958588,0.40896572169731055,0.20195398767170916,35392.57658705115,39000.0,1554,0.2311888225668168,0.0,0.0,0.0,4051,0,0,0,0.0,0.6665388747625969,0.0,0.0,0.0,0.687536710763518
2020-06-04,8.736248970031738,8.403718686026057,7.4990493258376425,0.4098219029952638,0.19966474756950653,35392.57658705115,39000.0,1554,0.2282690156380328,0.0,0.0,0.0,4051,0,0,0,0.0,0.6651441323568079,0.0,0.0,0.0,0.7104584392253075
2020-06-05,8.889220237731934,8.449956929045664,7.622242702546545,0.40732888218542884,0.21288023399459366,35392.57658705115,39000.0,1554,0.23903426813965659,0.0,0.0,0.0,3981,0,0,0,0.0,0.6633017162118728,0.0,0.0,0.0,0.5945150415568621
2020-06-08,8.774613380432129,8.48087659108247,7.722635422480631,0.40882449735846427,0.2100549217116207,35392.57658705115,39000.0,1554,0.23574183331900259,0.0,0.0,0.0,4033,0,0,0,0.0,0.6620696866014831,0.0,0.0,0.0,0.6218952565166482
2020-06-09,9.014780044555664,8.531724539032298,7.7919171923813515,0.4049564049124849,0.21434058976640055,35392.57658705115,39000.0,1554,0.2395768886069199,0.0,0.0,0.0,3926,0,0,0,0.0,0.660043591444713,0.0,0.0,0.0,0.5744272754320097
2020-06-10,9.334423065185547,8.60817201771356,7.915014043615139,0.3905238005634854,0.19680206584835372,35392.57658705115,39000.0,1554,0.23028651445079962,0.0,0.0,0.0,3791,0,0,0,0.0,0.656997453448029,0.0,0.0,0.0,0.6536233960081346
2020-06-11,8.765894889831543,8.623193243629558,8.091246765790116,0.4625648165950272,0.292468879168372,35392.57658705115,39000.0,1554,0.26358064100997625,0.0,0.0,0.0,4037,0,0,0,0.0,0.6563989153692222,0.0,0.0,0.0,0.31798870906173793
2020-06-12,8.901679039001465,8.649715700331644,8.246539605225044,0.4540172227654808,0.2930920953025936,35392.57658705115,39000.0,1554,0.2658156157592717,0.0,0.0,0.0,3975,0,0,0,0.0,0.655342097479093,0.0,0.0,0.0,0.2908832810632016
2020-06-15,9.14209270477295,8.696608748373674,8.29598294878048,0.41982386971749414,0.2936145758402587,35392.57658705115,39000.0,1554,0.27490921316669614,0.0,0.0,0.0,3871,0,0,0,0.0,0.6534735898724952,0.0,0.0,0.0,0.19153902275926682
2020-06-16,9.037202835083008,8.72904628044123,8.320972762583295,0.41128819218120627,0.28090634270487935,35392.57658705115,39000.0,1554,0.2714692316162388,0.0,0.0,0.0,3916,0,0,0,0.0,0.6521810789793417,0.0,0.0,0.0,0.22012253924464975
2020-06-17,9.20412826538086,8.774292183768813,8.336750930594668,0.41517327817452665,0.27757722938771134,35392.57658705115,39000.0,1554,0.2680282199487789,0.0,0.0,0.0,3845,0,0,0,0.0,0.6503782037544427,0.0,0.0,0.0,0.24641971740720314
2020-06-18,9.186190605163574,8.813520604854029,8.353295320342001,0.4111048429335423,0.2731590836827748,35392.57658705115,39000.0,1554,0.26655000051921346,0.0,0.0,0.0,3852,0,0,0,0.0,0.6488151020527394,0.0,0.0,0.0,0.2541679540451929
2020-06-19,9.229290962219238,8.853117781745954,8.371372419270799,0.4017322282053982,0.2722010180999734,35392.57658705115,39000.0,1554,0.2682679546188616,0.0,0.0,0.0,3834,0,0,0,0.0,0.6472373068504305,0.0,0.0,0.0,0.22988833463832137
2020-06-22,9.493875503540039,8.914142326678725,8.364425816840043,0.4017873001318399,0.2725450933842858,35392.57658705115,39000.0,1554,0.2673121663877812,0.0,0.0,0.0,3727,0,0,0,0.0,0.6448057134446478,0.0,0.0,0.0,0.22850404662310297
2020-06-23,9.417387008666992,8.96207039162999,8.38271989173982,0.3797997788903338,0.2703313665107861,35392.57658705115,39000.0,1554,0.2722247184533824,0.0,0.0,0.0,3758,0,0,0,0.0,0.6428959643950513,0.0,0.0,0.0,0.1707846552439065
2020-06-24,9.203631401062012,8.985076202052086,8.440540214846568,0.380374660660822,0.2838067959982401,35392.57658705115,39000.0,1554,0.277202407987529,0.0,0.0,0.0,3845,0,0,0,0.0,0.6419792713336169,0.0,0.0,0.0,0.11688264112598601
2020-06-25,9.457247734069824,9.030044919387109,8.511619587617098,0.38748906650524195,0.2860637632939652,35392.57658705115,39000.0,1554,0.27520477508990077,0.0,0.0,0.0,3742,0,0,0,0.0,0.6401874409044214,0.0,0.0,0.0,0.12879573317088844
2020-06-26,9.123407363891602,9.038936580768489,8.528755610286868,0.3837081944099367,0.2992547450161131,35392.57658705115,39000.0,1554,0.2810738669356433,0.0,0.0,0.0,3879,0,0,0,0.0,0.639833142397071,0.0,0.0,0.0,0.06851047143038702
2020-06-29,9.16825008392334,9.051252152497522,8.557753028007914,0.3821151455406075,0.30375461539727744,35392.57658705115,39000.0,1554,0.2828729918924508,0.0,0.0,0.0,3860,0,0,0,0.0,0.6393424142312526,0.0,0.0,0.0,0.04831094511612921
2020-06-30,9.464975357055664,9.09065436245544,8.588391003782535,0.39653735162869946,0.3073463046309605,35392.57658705115,39000.0,1554,0.2794811384353103,0.0,0.0,0.0,3739,0,0,0,0.0,0.6377723877113909,0.0,0.0,0.0,0.07516436034815621
2020-07-01,9.497111320495605,9.129364548935458,8.632512823951725,0.39467984783775933,0.3039567572385285,35892.57658705115,39500.0,1554,0.280169439365807,0.0,0.0,0.0,3779,0,0,0,0.0,0.6408346200241595,0.0,0.0,0.0,0.08206139645064803
2020-07-02,9.579082489013672,9.172194828942908,8.680905278173373,0.3945862543524302,0.30406830369584864,35892.57658705115,39500.0,1554,0.27947652617526353,0.0,0.0,0.0,3746,0,0,0,0.0,0.6391496009069043,0.0,0.0,0.0,0.0814079423284344
2020-07-06,9.805293083190918,9.232489900776052,8.69252810461603,0.3977537302730665,0.2945266124925869,35892.57658705115,39500.0,1554,0.27400946388455544,0.0,0.0,0.0,3660,0,0,0,0.0,0.6367774859289624,0.0,0.0,0.0,0.12540404783477688
2020-07-07,9.837681770324707,9.290127221685449,8.734017072309317,0.3920872725461717,0.2932486316217462,35892.57658705115,39500.0,1554,0.27410886616215263,0.0,0.0,0.0,3648,0,0,0,0.0,0.6345099315822991,0.0,0.0,0.0,0.1142060304988195
2020-07-08,10.180745124816895,9.374947974364634,8.708256776610433,0.398357406758319,0.2938291605192039,35892.57658705115,39500.0,1554,0.27104907218761864,0.0,0.0,0.0,3525,0,0,0,0.0,0.631172932856642,0.0,0.0,0.0,0.12978747597870277
2020-07-09,10.472733497619629,9.479498976579396,8.645561142010767,0.39248442485615137,0.29390453267748107,35892.57658705115,39500.0,1554,0.2708923140876701,0.0,0.0,0.0,3427,0,0,0,0.0,0.6270597111492562,0.0,0.0,0.0,0.11284555929495155
2020-07-10,10.44308853149414,9.5712694103808,8.674428910059302,0.3055661178197732,0.19838136147854146,35892.57658705115,39500.0,1554,0.2521941427277854,0.0,0.0,0.0,3436,0,0,0,0.0,0.6234492996523604,0.0,0.0,0.0,0.28358042115776816
2020-07-13,10.017560005187988,9.613773276552914,8.73293155540772,0.3514117042265602,0.19931891267537566,35892.57658705115,39500.0,1554,0.23287782843829682,0.0,0.0,0.0,3582,0,0,0,0.0,0.6217771222338423,0.0,0.0,0.0,0.4692187656693223
2020-07-14,10.341190338134766,9.683051091941662,8.756504409162833,0.3560543862175107,0.2022854327292996,35892.57658705115,39500.0,1554,0.2318933650933827,0.0,0.0,0.0,3470,0,0,0,0.0,0.6190516102056369,0.0,0.0,0.0,0.4667985949915394
2020-07-15,10.191953659057617,9.731518003095564,8.810839406095848,0.3581745750253724,0.19428935595592764,35892.57658705115,39500.0,1554,0.224089255198686,0.0,0.0,0.0,3521,0,0,0,0.0,0.6171448360301137,0.0,0.0,0.0,0.5362592101486519
2020-07-16,10.099776268005371,9.76659021880126,8.85335147242986,0.3590615341226918,0.1942206174766901,35892.57658705115,39500.0,1554,0.2230334091759227,0.0,0.0,0.0,3553,0,0,0,0.0,0.615765032910958,0.0,0.0,0.0,0.540608556340084
2020-07-17,10.166295051574707,9.804657345732064,8.904798167600221,0.3581802653374281,0.1942174192849997,35892.57658705115,39500.0,1554,0.22273506764850143,0.0,0.0,0.0,3530,0,0,0,0.0,0.614267404676769,0.0,0.0,0.0,0.536852644560446
2020-07-20,10.47447681427002,9.868449676069012,8.950927829891844,0.3689653347048836,0.19347567736130664,35892.57658705115,39500.0,1554,0.21637119003360356,0.0,0.0,0.0,3426,0,0,0,0.0,0.611757701351614,0.0,0.0,0.0,0.5891977557462273
2020-07-21,10.292854309082031,9.908869164927395,8.981935519433598,0.3686188626568514,0.19291158603436417,35892.57658705115,39500.0,1554,0.2153405833543267,0.0,0.0,0.0,3487,0,0,0,0.0,0.6101675270304513,0.0,0.0,0.0,0.592348038093764
2020-07-22,10.402729034423828,9.95590343821277,9.02368380949831,0.36627693958509455,0.1931816818792036,35892.57658705115,39500.0,1554,0.21574077335860056,0.0,0.0,0.0,3450,0,0,0,0.0,0.608317115367528,0.0,0.0,0.0,0.5800192855678701
2020-07-23,10.094792366027832,9.969130955147538,9.095951367927315,0.37399957426582886,0.1717759743510903,35892.57658705115,39500.0,1554,0.1920708625484922,0.0,0.0,0.0,3555,0,0,0,0.0,0.607796721410145,0.0,0.0,0.0,0.8143766208607306
2020-07-24,10.159318923950195,9.987244095033505,9.142426258117474,0.3644145331991902,0.1720353776528046,35892.57658705115,39500.0,1554,0.1966667319741759,0.0,0.0,0.0,3532,0,0,0,0.0,0.6070841183877957,0.0,0.0,0.0,0.7652112130033222
2020-07-27,10.385537147521973,10.025176766699074,9.269246628348585,0.3388051362476417,0.1416639653353056,35892.57658705115,39500.0,1554,0.1732153616542763,0.0,0.0,0.0,3456,0,0,0,0.0,0.6055917798620162,0.0,0.0,0.0,0.9930093928363097
2020-07-28,10.180246353149414,10.039945298741964,9.408333554443127,0.35163063511320836,0.139865301795669,35892.57658705115,39500.0,1554,0.17225484183771508,0.0,0.0,0.0,3525,0,0,0,0.0,0.6050107596393668,0.0,0.0,0.0,1.0
2020-07-29,10.429384231567383,10.077034720915814,9.50667303524311,0.3446756255361714,0.13662770289823994,35892.57658705115,39500.0,1554,0.17159821821933094,0.0,0.0,0.0,3441,0,0,0,0.0,0.6035515960429576,0.0,0.0,0.0,1.0
2020-07-30,10.577372550964355,10.124685942825199,9.61423342664479,0.34609950313916127,0.13804306319876594,35892.57658705115,39500.0,1554,0.17075461063752753,0.0,0.0,0.0,3393,0,0,0,0.0,0.601676912527839,0.0,0.0,0.0,1.0
2020-07-31,10.578121185302734,10.167870251632584,9.72491293682045,0.346447779178399,0.13922272709021835,35892.57658705115,39500.0,1554,0.16999008438059074,0.0,0.0,0.0,3393,0,0,0,0.0,0.5999779652902016,0.0,0.0,0.0,1.0
2020-08-03,10.972254753112793,10.244478299392604,9.747647056910504,0.35921728248380075,0.13110759650124404,36392.57658705115,40000.0,1554,0.1709009081308688,0.0,0.0,0.0,3316,0,0,0,0.0,0.6020020180685973,0.0,0.0,0.0,1.0
2020-08-04,11.18900203704834,10.334432941074102,9.750887555196684,0.36238372305828154,0.12239060896694987,36392.57658705115,40000.0,1554,0.169328276107672,0.0,0.0,0.0,3252,0,0,0,0.0,0.5985072802392711,0.0,0.0,0.0,1.0
2020-08-05,11.247801780700684,10.421420449609966,9.730324139984672,0.3467625632092407,0.12168678970167646,36392.57658705115,40000.0,1554,0.1678075169896938,0.0,0.0,0.0,3235,0,0,0,0.0,0.5951278155326528,0.0,0.0,0.0,1.0
2020-08-06,11.29638385772705,10.504750298002069,9.71348917900582,0.3355048410366134,0.11852745623336847,36392.57658705115,40000.0,1554,0.1663507029151788,0.0,0.0,0.0,3221,0,0,0,0.0,0.5918904509226196,0.0,0.0,0.0,1.0
2020-08-07,11.16085147857666,10.56723612472346,9.719368094268152,0.33953586765206434,0.1154827687051387,36392.57658705115,40000.0,1554,0.16525829444952214,0.0,0.0,0.0,3260,0,0,0,0.0,0.5894628765544936,0.0,0.0,0.0,1.0
2020-08-10,11.126470565795898,10.62049654768274,9.76402707676038,0.2981684750110959,0.10653773828291799,36392.57658705115,40000.0,1554,0.16432716910513653,0.0,0.0,0.0,3270,0,0,0,0.0,0.5873937091225256,0.0,0.0,0.0,1.0
2020-08-11,10.812560081481934,10.638788312806472,9.78269545100886,0.30316160106367274,0.10633658470278423,36392.57658705115,40000.0,1554,0.16400738332136086,0.0,0.0,0.0,3365,0,0,0,0.0,0.5866830740474686,0.0,0.0,0.0,1.0
2020-08-12,11.400771141052246,10.711358105972735,9.804950204272286,0.34765631010972686,0.11189663669182968,36392.57658705115,40000.0,1554,0.16273868191233168,0.0,0.0,0.0,3192,0,0,0,0.0,0.5838637375829593,0.0,0.0,0.0,1.0
2020-08-13,11.403510093688965,10.77727734289809,9.85089214714105,0.34392437200038645,0.11106967856672291,36392.57658705115,40000.0,1554,0.16158624885278414,0.0,0.0,0.0,3191,0,0,0,0.0,0.5813027752284092,0.0,0.0,0.0,1.0
2020-08-14,11.524093627929688,10.848402703377289,9.893538570943925,0.34425805282758504,0.11143283926705068,36392.57658705115,40000.0,1554,0.1603427997382065,0.0,0.0,0.0,3157,0,0,0,0.0,0.5785395549737923,0.0,0.0,0.0,1.0
2020-08-17,12.294428825378418,10.986119476901207,9.830294613157495,0.3979912098496795,0.10908257249116685,36392.57658705115,40000.0,1554,0.15793516624507467,0.0,0.0,0.0,2960,0,0,0,0.0,0.5731892583223881,0.0,0.0,0.0,1.0
2020-08-18,12.218440055847168,11.103483341562725,9.836848226128076,0.39034087354096764,0.10908174504616754,36392.57658705115,40000.0,1554,0.1558833524811297,0.0,0.0,0.0,2978,0,0,0,0.0,0.5686296721802881,0.0,0.0,0.0,1.0
2020-08-19,12.096612930297852,11.198067111918451,9.867015227338365,0.395930822192683,0.11042210633734267,36392.57658705115,40000.0,1554,0.15422979171588572,0.0,0.0,0.0,3008,0,0,0,0.0,0.5649550927019682,0.0,0.0,0.0,1.0
2020-08-20,12.099102973937988,11.283880051158407,9.956179338366738,0.3719338907162208,0.09763897748557637,36392.57658705115,40000.0,1554,0.15272956700562315,0.0,0.0,0.0,3007,0,0,0,0.0,0.5616212600124959,0.0,0.0,0.0,1.0
2020-08-21,12.639729499816895,11.413008570078263,10.016343074670012,0.3921769445005712,0.09239638084584986,36392.57658705115,40000.0,1554,0.15047207767360674,0.0,0.0,0.0,2879,0,0,0,0.0,0.5566046170524594,0.0,0.0,0.0,1.0
2020-08-24,12.676356315612793,11.533327402986313,10.071852073726518,0.39099590434788684,0.09460832025327394,36392.57658705115,40000.0,1554,0.14836860367729182,0.0,0.0,0.0,2870,0,0,0,0.0,0.5519302303939818,0.0,0.0,0.0,1.0
2020-08-25,12.705999374389648,11.645010447881868,10.18943961850754,0.3760391570550384,0.08789270655949687,36392.57658705115,40000.0,1554,0.14641610484490528,0.0,0.0,0.0,2864,0,0,0,0.0,0.5475913440997895,0.0,0.0,0.0,1.0
2020-08-26,12.728919982910156,11.748239927408372,10.292934749256766,0.37419423495438725,0.08516637848187472,36392.57658705115,40000.0,1554,0.14461139546908316,0.0,0.0,0.0,2859,0,0,0,0.0,0.5435808788201848,0.0,0.0,0.0,1.0
2020-08-27,12.584671020507812,11.82790003151308,10.403885531305052,0.3815427497512084,0.08130869885082014,36392.57658705115,40000.0,1554,0.14321873769907256,0.0,0.0,0.0,2891,0,0,0,0.0,0.5404860837757168,0.0,0.0,0.0,1.0
2020-08-28,13.10238265991211,11.949279329455845,10.51065808531295,0.3963646516653179,0.08074618602169,36392.57658705115,40000.0,1554,0.1410967241227882,0.0,0.0,0.0,2777,0,0,0,0.0,0.5357704980506405,0.0,0.0,0.0,1.0
2020-08-31,13.328346252441406,12.080619036406851,10.565626673984799,0.38501440328587805,0.08194890443908401,36392.57658705115,40000.0,1554,0.1388005776960172,0.0,0.0,0.0,2730,0,0,0,0.0,0.5306679504355938,0.0,0.0,0.0,1.0
2020-09-01,13.777422904968262,12.242219404841272,10.577550433631764,0.39277703171047845,0.08347072496897429,36892.57658705115,40500.0,1554,0.13861767827640736,0.0,0.0,0.0,2677,0,0,0,0.0,0.5302615072809053,0.0,0.0,0.0,1.0
2020-09-02,14.301268577575684,12.438319326054074,10.5606201215425,0.40377192750062507,0.09343123457296866,36892.57658705115,40500.0,1554,0.13523168630346633,0.0,0.0,0.0,2579,0,0,0,0.0,0.5227370806743696,0.0,0.0,0.0,1.0
2020-09-03,12.974465370178223,12.4893808540659,10.644028418866352,0.5500740461449295,0.16572794591343218,36892.57658705115,40500.0,1554,0.13435002391979545,0.0,0.0,0.0,2843,0,0,0,0.0,0.5207778309328788,0.0,0.0,0.0,1.0
2020-09-04,12.5827054977417,12.498268915368357,10.737856906123728,0.5622972113349712,0.16929619382631195,36892.57658705115,40500.0,1554,0.134196556727973,0.0,0.0,0.0,2932,0,0,0,0.0,0.5204367927288289,0.0,0.0,0.0,1.0
2020-09-08,11.87544059753418,12.438951932717483,10.764537862669012,0.6044921308604086,0.19776454679091324,36892.57658705115,40500.0,1554,0.38715061325514954,0.0,0.0,0.0,3106,0,0,0,0.0,0.5227128073223959,0.22651077768904745,0.0,1.0,1.0
2020-09-09,12.674912452697754,12.461424363191794,10.975372668907312,0.6315655600674395,0.2083029118320862,36892.57658705115,40500.0,1554,0.13483273932888837,0.0,0.0,0.0,2910,0,0,0,0.0,0.5218505318419742,0.0,0.0,0.0,1.0
2020-09-10,12.272933959960938,12.443472896217425,11.051119736066397,0.6229004065684791,0.21239946477366714,36892.57658705115,40500.0,1554,0.3159791574961407,0.0,0.0,0.0,3006,0,0,0,0.0,0.5225393362784722,0.06852545815739611,0.0,1.0,1.0
2020-09-11,12.126148223876953,12.413251498851666,11.116664653268492,0.6254893092369638,0.21235190514111515,36892.57658705115,40500.0,1554,0.3377042631642567,0.0,0.0,0.0,3042,0,0,0,0.0,0.5236989424885065,0.11564386454317503,0.0,1.0,1.0
2020-09-14,12.831665992736816,12.453100498269299,11.263708954860087,0.654462911495491,0.21742081116279985,36892.57658705115,40500.0,1554,0.13497646472988342,0.0,0.0,0.0,2875,0,0,0,0.0,0.5221699216219632,0.0,0.0,0.0,1.0
2020-09-15,12.950042724609375,12.500428329349306,11.321381100726983,0.6143809342874132,0.2179794058353337,36892.57658705115,40500.0,1554,0.13415927084656867,0.0,0.0,0.0,2848,0,0,0,0.0,0.520353935214597,0.0,0.0,0.0,1.0
2020-09-16,12.475046157836914,12.498010979681458,11.336833288150778,0.6299768602203315,0.21855084371888642,36892.57658705115,40500.0,1554,0.2883353362101585,0.0,0.0,0.0,2957,0,0,0,0.0,0.520446689816667,0.009187390650351995,0.0,1.0,1.0
2020-09-17,12.424205780029297,12.49098191304792,11.359158861694173,0.6288629704170222,0.2200865178303948,36892.57658705115,40500.0,1554,0.2963507607508161,0.0,0.0,0.0,2969,0,0,0,0.0,0.5207163977067538,0.02672973729505974,0.0,1.0,1.0
2020-09-18,12.1508207321167,12.458585610102089,11.33286760322169,0.6346610062941359,0.2230744226621314,36892.57658705115,40500.0,1554,0.34046358417273725,0.0,0.0,0.0,3036,0,0,0,0.0,0.5219594558494162,0.12351517564555545,0.0,1.0,1.0
2020-09-21,12.477785110473633,12.460414133946998,11.328764533853104,0.6214256930605198,0.22555966013657716,36892.57658705115,40500.0,1554,0.13485018262051518,0.0,0.0,0.0,2956,0,0,0,0.0,0.521889294712256,0.0,0.0,0.0,1.0
2020-09-22,12.597906112670898,12.473508608111178,11.340225831256237,0.6222871583257649,0.22589151043923927,36892.57658705115,40500.0,1554,0.134624084699947,0.0,0.0,0.0,2928,0,0,0,0.0,0.5213868548887711,0.0,0.0,0.0,1.0
2020-09-23,12.085528373718262,12.436558109597568,11.265200557996746,0.6390384108955909,0.2380174012005585,36892.57658705115,40500.0,1554,0.34876977286198607,0.0,0.0,0.0,3052,0,0,0,0.0,0.5228046592021081,0.14112816938008313,0.0,1.0,1.0
2020-09-24,12.309069633483887,12.424416349967695,11.239058792662258,0.6429949371896476,0.23406663959827007,36892.57658705115,40500.0,1554,0.30636046095993574,0.0,0.0,0.0,2997,0,0,0,0.0,0.5232705430160544,0.04641937022824735,0.0,1.0,1.0
2020-09-25,12.833162307739258,12.46334453642213,11.277653113312644,0.6596406607299371,0.24345082410492686,36892.57658705115,40500.0,1554,0.13479958433777792,0.0,0.0,0.0,2874,0,0,0,0.0,0.5217768540839509,0.0,0.0,0.0,1.0
2020-09-28,12.993904113769531,12.513874019979024,11.334813287644362,0.6446624915402049,0.25040961149867264,36892.57658705115,40500.0,1554,0.13392710858836218,0.0,0.0,0.0,2839,0,0,0,0.0,0.5198380190852493,0.0,0.0,0.0,1.0
2020-09-29,13.184050559997559,12.577700357123646,11.413096319694422,0.6438219587457902,0.2505869420915402,36892.57658705115,40500.0,1554,0.1328250405003317,0.0,0.0,0.0,2798,0,0,0,0.0,0.517388978889626,0.0,0.0,0.0,1.0
2020-09-30,13.487841606140137,12.664380476077596,11.550340042763198,0.6375627532904016,0.25097854116211915,36892.57658705115,40500.0,1554,0.13132836377972684,0.0,0.0,0.0,2735,0,0,0,0.0,0.5140630306216152,0.0,0.0,0.0,1.0
2020-10-01,13.571576118469238,12.750780061067278,11.829044599138122,0.6220213512807283,0.24405086522193278,37392.57658705115,41000.0,1554,0.13252145129989396,0.0,0.0,0.0,2755,0,0,0,0.0,0.5167143362219866,0.0,0.0,0.0,1.0
2020-10-02,13.02106761932373,12.776521733282177,11.851040355431856,0.5434757892702987,0.21412296482932217,37392.57658705115,41000.0,1554,0.13208239882721398,0.0,0.0,0.0,2871,0,0,0,0.0,0.5157386640604755,0.0,0.0,0.0,1.0
2020-10-05,13.599488258361816,12.854899497575476,11.837027606162543,0.5516351565364277,0.22322242199809364,37392.57658705115,41000.0,1554,0.13074558003281633,0.0,0.0,0.0,2749,0,0,0,0.0,0.5127679556284808,0.0,0.0,0.0,1.0
2020-10-06,13.693193435668945,12.934737015489139,11.90129021116829,0.5029046075552676,0.20527452776614327,37392.57658705115,41000.0,1554,0.12938386353825473,0.0,0.0,0.0,2730,0,0,0,0.0,0.5097419189738994,0.0,0.0,0.0,1.0
2020-10-07,13.91997241973877,13.02856895875101,11.88019904077668,0.4527591031316121,0.20199442570229492,37392.57658705115,41000.0,1554,0.1409964940512026,0.0,0.0,0.0,2686,0,0,0,0.0,0.5061854594658765,0.0,0.0,0.0,0.867869627084418
2020-10-08,13.795120239257812,13.1015738426088,11.913240194010399,0.4350960273964291,0.19199159587262518,37392.57658705115,41000.0,1554,0.13768625011138835,0.0,0.0,0.0,2710,0,0,0,0.0,0.5034183963069738,0.0,0.0,0.0,0.8885202822674985
2020-10-09,13.719359397888184,13.16041056215922,11.984406611367257,0.43210714717849275,0.19358261821467307,37392.57658705115,41000.0,1554,0.13952151914129773,0.0,0.0,0.0,2725,0,0,0,0.0,0.5011883411318189,0.0,0.0,0.0,0.8601323436802075
2020-10-12,14.18114948272705,13.25762379268949,11.97383007647823,0.4008781204666646,0.1966833434866643,37392.57658705115,41000.0,1554,0.1540274675674128,0.0,0.0,0.0,2636,0,0,0,0.0,0.49750372258928127,0.0,0.0,0.0,0.6984920759776374
2020-10-13,14.203328132629395,13.347690872683765,11.970332815893965,0.40080966933432477,0.19862430269430179,37392.57658705115,41000.0,1554,0.15417976212437362,0.0,0.0,0.0,2632,0,0,0,0.0,0.49408996058169335,0.0,0.0,0.0,0.6816072013738839
2020-10-14,14.050813674926758,13.41465494908786,12.016415020602148,0.37482408788447,0.19959201359110568,37392.57658705115,41000.0,1554,0.16470239206457293,0.0,0.0,0.0,2661,0,0,0,0.0,0.4915518587589626,0.0,0.0,0.0,0.5649594437696026
2020-10-15,13.925957679748535,13.463350447246018,12.082729168484319,0.3769612356122101,0.19649384367448094,37392.57658705115,41000.0,1554,0.16049795678715595,0.0,0.0,0.0,2685,0,0,0,0.0,0.48970618060926063,0.0,0.0,0.0,0.5986982448701132
2020-10-16,13.767953872680664,13.492360297287412,12.206500008501381,0.3682615669960106,0.1904985358367521,37392.57658705115,41000.0,1554,0.15877744950463044,0.0,0.0,0.0,2715,0,0,0,0.0,0.48860663653696,0.0,0.0,0.0,0.6109553693700156
2020-10-19,13.455195426940918,13.48882078582584,12.273524685191687,0.37391195417691403,0.1958307302106519,37392.57658705115,41000.0,1554,0.3164286429385872,0.0,0.0,0.0,2779,0,0,0,0.0,0.4887407926543084,0.01246415806793736,0.0,1.0,0.591135848864234
2020-10-20,13.602477073669434,13.499645194191896,12.345893744434893,0.3742025526683673,0.19365460680871402,37392.57658705115,41000.0,1554,0.15872211827896746,0.0,0.0,0.0,2748,0,0,0,0.0,0.4883305211762389,0.0,0.0,0.0,0.6102661625034003
2020-10-21,13.482109069824219,13.497975087109259,12.545553215465565,0.33909845829943386,0.16934091482543134,37392.57658705115,41000.0,1554,0.3055502616747608,0.0,0.0,0.0,2773,0,0,0,0.0,0.4883938223081027,0.0058771842378758914,0.0,1.0,0.6687169127092956
2020-10-22,13.318877220153809,13.480918147399217,12.714270690261218,0.34117325706667445,0.16951754254231866,37392.57658705115,41000.0,1554,0.3293954202421251,0.0,0.0,0.0,2807,0,0,0,0.0,0.48904032192540525,0.06010010797249373,0.0,1.0,0.6771777321192947
2020-10-23,13.547402381896973,13.487249979256145,12.807491876399236,0.3140725325348239,0.16263575494774238,37392.57658705115,41000.0,1554,0.15903175333260794,0.0,0.0,0.0,2760,0,0,0,0.0,0.4888003300545354,0.0,0.0,0.0,0.60928395191933
2020-10-26,13.099818229675293,13.450351717391303,12.789954722734592,0.336396816124924,0.17062687658673162,37392.57658705115,41000.0,1554,0.36493282419957795,0.0,0.0,0.0,2854,0,0,0,0.0,0.4901988641749735,0.1303064392222437,0.0,1.0,0.6429456232916975
2020-10-27,13.354513168334961,13.441224236528795,12.801042831053909,0.3394731698394662,0.16996575600516164,37392.57658705115,41000.0,1554,0.3188182639199363,0.0,0.0,0.0,2799,0,0,0,0.0,0.490544817961811,0.03225564378212735,0.0,1.0,0.6644194386483593
2020-10-28,12.587189674377441,13.359887611562,12.566341150144227,0.3866846766386122,0.21036792294733203,37392.57658705115,41000.0,1554,0.44908812972411044,0.08181354954018404,1.0,0.44908812972411044,2970,2,2,2,25.174379348754883,0.49362767443006467,0.28918579244478265,0.0,1.0,0.531779303695709
2020-10-29,12.982939720153809,13.323987812380269,12.484477546152512,0.40474844310836944,0.2144216044209539,37367.4022077024,41000.0,1556,0.3727421005914202,0.0,0.0,0.0,2878,0,0,0,0.0,0.4943384137545439,0.12798273948793615,0.0,1.0,0.5730241836769576
2020-10-30,12.494483947753906,13.244987444320616,12.306412027892652,0.40114191915696346,0.21596628862248143,37367.4022077024,41000.0,1556,0.4465079789220593,0.07751329820343211,1.0,0.4465079789220593,2990,2,2,2,24.988967895507812,0.49733657406432,0.28331604681457123,0.0,1.0,0.547857004734418
2020-11-02,12.54108715057373,13.177949321106627,12.139662191164847,0.36322525122478805,0.21020009362478145,37842.41323980689,41500.0,1558,0.44210994289110017,0.07018323815183358,1.0,0.44210994289110017,3017,2,2,2,25.08217430114746,0.5052712038003825,0.2416393306023945,0.0,1.0,0.4399979759014949
2020-11-03,12.978452682495117,13.158949641238866,12.101640897183142,0.38694862071814623,0.2151490170229784,37817.33106550574,41500.0,1560,0.35839394665952884,0.0,0.0,0.0,2913,0,0,0,0.0,0.5053503267389727,0.06858334580827377,0.0,1.0,0.4987620598673217
2020-11-04,13.750758171081543,13.21531235836674,12.171198838436041,0.44108858809555607,0.22063930040363988,37817.33106550574,41500.0,1560,0.159859333623375,0.0,0.0,0.0,2750,0,0,0,0.0,0.5032316318300696,0.0,0.0,0.0,0.665949007001563
2020-11-05,14.1153564453125,13.301030842837765,12.224785728043157,0.44968014942466383,0.2294171520577898,37817.33106550574,41500.0,1560,0.161662731736379,0.0,0.0,0.0,2679,0,0,0,0.0,0.500009443016219,0.0,0.0,0.0,0.6334151762091955
2020-11-06,14.516088485717773,13.416750618350147,12.245021582574068,0.4586571989392927,0.22759055705931075,37817.33106550574,41500.0,1560,0.15510732149865963,0.0,0.0,0.0,2605,0,0,0,0.0,0.49565949482828364,0.0,0.0,0.0,0.6793945117406803
2020-11-09,13.587774276733398,13.433038585815218,12.30492616936543,0.5016065827958499,0.22381745820836535,37817.33106550574,41500.0,1560,0.13600946342045828,0.0,0.0,0.0,2783,0,0,0,0.0,0.49504722424405445,0.0,0.0,0.0,0.867617874893662
2020-11-10,12.72973918914795,13.366057690894527,12.247679473528551,0.5466656067247164,0.22256331408207025,37817.33106550574,41500.0,1560,0.38102012699920984,0.0,0.0,0.0,2970,0,0,0,0.0,0.49756506029408526,0.23803522192638088,0.0,1.0,1.0
2020-11-11,13.375697135925293,13.36697573327841,12.292104366277195,0.5804644344845218,0.22221201285324438,37817.33106550574,41500.0,1560,0.12388874783707365,0.0,0.0,0.0,2827,0,0,0,0.0,0.49753055074905256,0.0,0.0,0.0,1.0
2020-11-12,13.414324760437012,13.371485164436374,12.329405308686914,0.5800675768385464,0.2256286584790432,37817.33106550574,41500.0,1560,0.12381246782085942,0.0,0.0,0.0,2819,0,0,0,0.0,0.4973610396019098,0.0,0.0,0.0,1.0
2020-11-13,13.255077362060547,13.360398707067247,12.338113262863434,0.5801920986957775,0.2300796128238888,37817.33106550574,41500.0,1560,0.29173697522909015,0.0,0.0,0.0,2853,0,0,0,0.0,0.49777778354156854,0.03941549474529855,0.0,1.0,1.0
2020-11-16,13.472639083862305,13.371088266762014,12.348249712063712,0.5776161125409996,0.2225779670396107,37817.33106550574,41500.0,1560,0.12381918160802569,0.0,0.0,0.0,2806,0,0,0,0.0,0.497375959128946,0.0,0.0,0.0,1.0
2020-11-17,13.379929542541504,13.371930293026727,12.357667143485727,0.576887869148216,0.22412023418474303,37817.33106550574,41500.0,1560,0.12380493817578886,0.0,0.0,0.0,2826,0,0,0,0.0,0.4973443070573086,0.0,0.0,0.0,1.0
2020-11-18,13.38641357421875,13.373309653140254,12.361780189738225,0.5759806703748797,0.22911163306796367,37817.33106550574,41500.0,1560,0.12378160538543473,0.0,0.0,0.0,2825,0,0,0,0.0,0.4972924564120772,0.0,0.0,0.0,1.0
2020-11-19,13.397876739501953,13.375649375650891,12.363101455895391,0.5741193959994526,0.22891819456439894,37817.33106550574,41500.0,1560,0.12374202742874879,0.0,0.0,0.0,2822,0,0,0,0.0,0.49720450539721955,0.0,0.0,0.0,1.0
2020-11-20,13.046488761901855,13.344300745770031,12.332908528075846,0.5784863278057443,0.2308929823236637,37817.33106550574,41500.0,1560,0.32448677834550643,0.0,0.0,0.0,2898,0,0,0,0.0,0.49838291172527116,0.11158770682029859,0.0,1.0,1.0
2020-11-23,13.098572731018066,13.320898077698414,12.30946072291357,0.5662992079737729,0.21875010442238096,37817.33106550574,41500.0,1560,0.31222060721753075,0.0,0.0,0.0,2887,0,0,0,0.0,0.4992626264768789,0.08344983400652273,0.0,1.0,1.0
2020-11-24,12.916900634765625,13.282422130752435,12.259516076299427,0.5639432673799263,0.22274235469378015,37817.33106550574,41500.0,1560,0.3372372051654501,0.0,0.0,0.0,2927,0,0,0,0.0,0.500708951229547,0.1375959491381199,0.0,1.0,1.0
2020-11-25,13.193021774291992,13.273907811089535,12.299067091652818,0.5276363111839297,0.1708027250103482,37817.33106550574,41500.0,1560,0.28917367920434656,0.0,0.0,0.0,2866,0,0,0,0.0,0.5010290075831404,0.03046805731540754,0.0,1.0,1.0
2020-11-27,13.219441413879395,13.26872053516476,12.303447272058493,0.5167380937924505,0.16920748978864034,37817.33106550574,41500.0,1560,0.28390714585739263,0.0,0.0,0.0,2860,0,0,0,0.0,0.5012239991600717,0.018569658300800942,0.0,1.0,1.0
2020-11-30,13.359251022338867,13.2773424863242,12.388307649108963,0.4963713158114272,0.1611351294285986,37817.33106550574,41500.0,1560,0.1254049536048292,0.0,0.0,0.0,2830,0,0,0,0.0,0.5008998968996204,0.0,0.0,0.0,1.0
2020-12-01,13.347785949707031,13.284051387598755,12.47765171574956,0.49664947378289565,0.1605608502690618,38317.33106550574,42000.0,1560,0.12796656966442083,0.0,0.0,0.0,2870,0,0,0,0.0,0.5065923770320463,0.0,0.0,0.0,1.0
2020-12-02,13.50179386138916,13.304788766054983,12.519156189190465,0.4838975363953973,0.1536983514321176,38317.33106550574,42000.0,1560,0.12761995919593816,0.0,0.0,0.0,2837,0,0,0,0.0,0.5058221315465292,0.0,0.0,0.0,1.0
2020-12-03,13.357708930969238,13.309828781761103,12.541320582018434,0.43583007744009544,0.13941452056428638,38317.33106550574,42000.0,1560,0.12753571893342155,0.0,0.0,0.0,2868,0,0,0,0.0,0.505634930963159,0.0,0.0,0.0,1.0
2020-12-04,13.51949405670166,13.329796903184013,12.638404242766798,0.4266344081057613,0.1275591692543235,38317.33106550574,42000.0,1560,0.1272019660467815,0.0,0.0,0.0,2834,0,0,0,0.0,0.5048932578817367,0.0,0.0,0.0,1.0
2020-12-07,13.56786060333252,13.35246963653149,12.912238706091301,0.41218977278034014,0.1281953372663663,38317.33106550574,42000.0,1560,0.12682300750368797,0.0,0.0,0.0,2824,0,0,0,0.0,0.5040511277859733,0.0,0.0,0.0,1.0
2020-12-08,13.311841011047363,13.348600243628239,12.928672693648254,0.35025019606429064,0.12359710844120217,38317.33106550574,42000.0,1560,0.28308370757732626,0.0,0.0,0.0,2878,0,0,0,0.0,0.5041948480938082,0.013768946522472241,0.0,1.0,1.0
2020-12-09,12.893791198730469,13.305285096495117,12.927339461001806,0.28786428259073743,0.12817500567782264,38317.33106550574,42000.0,1560,0.5600418839350463,0.2667364732250771,1.0,0.5600418839350463,2971,3,3,3,38.681373596191406,0.5058036964158956,0.1546355056582156,1.0,1.0,0.8715575699830382
2020-12-10,12.935172080993652,13.270036237875932,12.860448277808562,0.21989755929255725,0.12667668812013128,38278.64969190955,42000.0,1563,0.38989415099744795,0.0,0.0,0.0,2959,0,0,0,0.0,0.50616508000476,0.1261730378423892,0.0,1.0,0.4465800203376926
2020-12-11,12.976056098937988,13.242038129405652,12.81640500360678,0.21997321207079548,0.11993904630029573,38278.64969190955,42000.0,1563,0.3706002629321215,0.0,0.0,0.0,2949,0,0,0,0.0,0.5072070096128326,0.10043092606606223,0.0,1.0,0.5283680812338114
2020-12-14,13.270708084106445,13.244768601281919,12.819091826022719,0.2323851464288959,0.11321304359509445,38278.64969190955,42000.0,1563,0.15714444525286791,0.0,0.0,0.0,2884,0,0,0,0.0,0.5071053970522943,0.0,0.0,0.0,0.7105298342066451
2020-12-15,13.322312355041504,13.252153720687593,12.837290239657586,0.22489960678488147,0.11489592616514704,38278.64969190955,42000.0,1563,0.1649554042905627,0.0,0.0,0.0,2873,0,0,0,0.0,0.5068305651086974,0.0,0.0,0.0,0.6311835000835111
2020-12-16,13.204647064208984,13.24762927721344,12.83692717139068,0.22574284013427115,0.11289011941713119,38278.64969190955,42000.0,1563,0.31881063543303007,0.0,0.0,0.0,2898,0,0,0,0.0,0.5069989390408427,0.016222605609286914,0.0,1.0,0.6663905965952828
2020-12-17,13.303118705749512,13.252913984693066,12.84674103127439,0.22752167375048035,0.10307260931915554,38278.64969190955,42000.0,1563,0.14411167266826796,0.0,0.0,0.0,2877,0,0,0,0.0,0.5068022724267794,0.0,0.0,0.0,0.8394934992378278
2020-12-18,13.234065055847168,13.251118848612505,12.852044458306992,0.22815606609867414,0.10472930658931486,38278.64969190955,42000.0,1563,0.2994424973075915,0.0,0.0,0.0,2892,0,0,0,0.0,0.5068690771337775,0.006434850128569467,0.0,1.0,0.8154426996046467
2020-12-21,13.294142723083496,13.255216360466886,12.864709921853013,0.20736171064248005,0.10206619229258858,38278.64969190955,42000.0,1563,0.15871917209539133,0.0,0.0,0.0,2879,0,0,0,0.0,0.5067165911569109,0.0,0.0,0.0,0.6930329392521859
2020-12-22,13.240297317504883,13.253795499232409,12.869100315224431,0.20779854045843635,0.10200774479181031,38278.64969190955,42000.0,1563,0.31058058818924006,0.0,0.0,0.0,2891,0,0,0,0.0,0.5067694674928511,0.005092194808765326,0.0,1.0,0.6975715984648734
2020-12-23,12.972064018249512,13.226963929614989,12.851600486132421,0.21482628934824502,0.08612104468259471,38278.64969190955,42000.0,1563,0.3218558688778498,0.0,0.0,0.0,2950,0,0,0,0.0,0.5077679851907565,0.09635616787113176,0.0,1.0,1.0
2020-12-24,12.956607818603516,13.201215728566277,12.80388702504732,0.19987620211740936,0.08619080371725296,38278.64969190955,42000.0,1563,0.32736773680837183,0.0,0.0,0.0,2954,0,0,0,0.0,0.5087261861012121,0.09264597859477867,0.0,1.0,0.9324973730482398
2020-12-28,12.863127708435059,13.16901686950616,12.737441257656286,0.2008206658605851,0.09035925979966385,38278.64969190955,42000.0,1563,0.34652310816212223,0.0,0.0,0.0,2975,0,0,0,0.0,0.5099244436419493,0.11613971039076235,0.0,1.0,0.8520576115259799
2020-12-29,12.906255722045898,13.14399199831947,12.695614772781303,0.19675612894095348,0.08867414687924824,38278.64969190955,42000.0,1563,0.3356754051489618,0.0,0.0,0.0,2965,0,0,0,0.0,0.510855726348254,0.09043533969891603,0.0,1.0,0.8490557457226471
2020-12-30,13.108175277709961,13.140580882070946,12.696161968985258,0.20613417684232802,0.08073814674332971,38278.64969190955,42000.0,1563,0.28549086043717575,0.0,0.0,0.0,2920,0,0,0,0.0,0.5109826686029313,0.012330354590792621,0.0,1.0,1.0
2020-12-31,13.017685890197754,13.128876597130642,12.704369187709839,0.20181345048019989,0.08303042840713613,38278.64969190955,42000.0,1563,0.2991938416202722,0.0,0.0,0.0,2940,0,0,0,0.0,0.5114182352067811,0.04234585728271259,0.0,1.0,1.0
2021-01-04,13.076016426086426,13.12384229512643,12.707965042660817,0.20008599404730615,0.10044180510553358,38778.64969190955,42500.0,1563,0.3250026633665389,0.0,0.0,0.0,2965,0,0,0,0.0,0.5173513998286445,0.018220985883746946,0.0,1.0,0.6600491020403727
2021-01-05,13.366436004638672,13.14694645793712,12.754847709113882,0.21172788674074355,0.09868418492918855,38778.64969190955,42500.0,1563,0.15363328555092415,0.0,0.0,0.0,2901,0,0,0,0.0,0.5165017102645714,0.0,0.0,0.0,0.7879248406813295
2021-01-06,12.578442573547363,13.09280323085238,12.678424055003708,0.2955644649560455,0.10001511057604888,38778.64969190955,42500.0,1563,0.5717147564668563,0.28619126077809387,1.0,0.5717147564668563,3082,3,3,3,37.73532772064209,0.5184929070630054,0.19642877397445277,1.0,1.0,1.0
2021-01-07,13.30585765838623,13.113094128712747,12.699376500027784,0.36116154080436363,0.11171230246935096,38740.91436418891,42500.0,1566,0.13256947217637946,0.0,0.0,0.0,2911,0,0,0,0.0,0.5168210492808433,0.0,0.0,0.0,1.0
2021-01-08,13.238798141479492,13.125065939452437,12.717286201123082,0.34216408774871665,0.10691445538042176,38740.91436418891,42500.0,1566,0.13237096546983215,0.0,0.0,0.0,2926,0,0,0,0.0,0.5163799232662937,0.0,0.0,0.0,1.0
2021-01-11,13.582565307617188,13.16863730784908,12.718236128893677,0.3529986326754545,0.11066478258946337,38740.91436418891,42500.0,1566,0.13164850092138242,0.0,0.0,0.0,2852,0,0,0,0.0,0.5147744464919609,0.0,0.0,0.0,1.0
2021-01-12,13.446205139160156,13.195072339402515,12.731992110745495,0.35585845749324946,0.11021010563719018,38740.91436418891,42500.0,1566,0.13121017699818938,0.0,0.0,0.0,2881,0,0,0,0.0,0.5138003933293097,0.0,0.0,0.0,1.0
2021-01-13,13.493072509765625,13.223453308008526,12.739420239779708,0.3474804047735385,0.1077247253081287,38740.91436418891,42500.0,1566,0.13073958714932685,0.0,0.0,0.0,2871,0,0,0,0.0,0.5127546381096152,0.0,0.0,0.0,1.0
2021-01-14,13.162520408630371,13.217650174734416,12.7385711726354,0.3588385219247688,0.10181605625483485,38740.91436418891,42500.0,1566,0.2902203807156106,0.0,0.0,0.0,2943,0,0,0,0.0,0.5129684665027272,0.020854601754185405,0.0,1.0,1.0
2021-01-15,12.822745323181152,13.180040188872201,12.677333496171228,0.36907306282109503,0.10621878828495789,38740.91436418891,42500.0,1566,0.3424541922680049,0.0,0.0,0.0,3021,0,0,0,0.0,0.5143542838641443,0.13554392117586642,0.0,1.0,1.0
2021-01-19,12.988021850585938,13.161752728083032,12.659711242141334,0.37126201176820617,0.10797680950006847,38740.91436418891,42500.0,1566,0.31146192736103595,0.0,0.0,0.0,2982,0,0,0,0.0,0.5150281230075758,0.06599838223917075,0.0,1.0,1.0
2021-01-20,13.327546119689941,13.177542574902738,12.66981731944312,0.38297526004516685,0.11570932186173262,38740.91436418891,42500.0,1566,0.13150084111684804,0.0,0.0,0.0,2906,0,0,0,0.0,0.5144463135929956,0.0,0.0,0.0,1.0
2021-01-21,13.827863693237305,13.23947791950603,12.64787297551999,0.4047409006180756,0.11384943177658173,38740.91436418891,42500.0,1566,0.13047388023821416,0.0,0.0,0.0,2801,0,0,0,0.0,0.5121641783071426,0.0,0.0,0.0,1.0
2021-01-22,13.67330551147461,13.280794833026846,12.647230851783005,0.40700339992675166,0.1143551474532934,38740.91436418891,42500.0,1566,0.12978879720390543,0.0,0.0,0.0,2833,0,0,0,0.0,0.5106417715642343,0.0,0.0,0.0,1.0
2021-01-25,13.614224433898926,13.3125500331099,12.659769062401056,0.39934273955404664,0.11436638720853336,38740.91436418891,42500.0,1566,0.12926225862746948,0.0,0.0,0.0,2845,0,0,0,0.0,0.5094716858388211,0.0,0.0,0.0,1.0
2021-01-26,13.396848678588867,13.320578475536468,12.675230119100851,0.40467046858800887,0.11498788589052272,38740.91436418891,42500.0,1566,0.1291291376068106,0.0,0.0,0.0,2891,0,0,0,0.0,0.509175861348468,0.0,0.0,0.0,1.0
2021-01-27,12.880826950073242,13.278697377873304,12.635478767545184,0.42864967238286816,0.14821898648854717,38740.91436418891,42500.0,1566,0.34724046412862375,0.0,0.0,0.0,3007,0,0,0,0.0,0.5107190566176566,0.14981530811261834,0.0,1.0,1.0
2021-01-28,13.013696670532227,13.253459215269391,12.62028425533309,0.42999281087125696,0.15163321387309833,38740.91436418891,42500.0,1566,0.3209458216465333,0.0,0.0,0.0,2976,0,0,0,0.0,0.5116490086797209,0.09045281720146413,0.0,1.0,1.0
2021-01-29,12.952622413635254,13.224808091304235,12.58077422010157,0.42670509285575514,0.16761904819432474,38740.91436418891,42500.0,1566,0.32702537744213567,0.0,0.0,0.0,2990,0,0,0,0.0,0.5127047183298251,0.10290723154158744,0.0,1.0,1.0
2021-02-01,13.199165344238281,13.222365924917002,12.586353661161775,0.43125224995733696,0.17592534494956932,39240.91436418891,43000.0,1566,0.28725490233754225,0.0,0.0,0.0,2972,0,0,0,0.0,0.5184598828274413,0.008773233478208235,0.0,1.0,1.0
2021-02-02,13.518000602722168,13.250521608517493,12.608884093969488,0.43891893844519203,0.17278770332797533,39240.91436418891,43000.0,1566,0.1328455214529703,0.0,0.0,0.0,2902,0,0,0,0.0,0.5174344921177118,0.0,0.0,0.0,1.0
2021-02-03,13.491825103759766,13.273502893778662,12.625456428880609,0.4325146687207833,0.17163227904470657,39240.91436418891,43000.0,1566,0.13246889559893432,0.0,0.0,0.0,2908,0,0,0,0.0,0.5165975457754096,0.0,0.0,0.0,1.0
2021-02-04,13.625192642211914,13.30699715553421,12.730984219701643,0.37098406828352787,0.17428638582175776,39240.91436418891,43000.0,1566,0.15453756988362952,0.0,0.0,0.0,2880,0,0,0,0.0,0.5153777314984518,0.0,0.0,0.0,0.7738240929067379
2021-02-05,13.552152633666992,13.330345296308762,12.7458607159233,0.3132886464650408,0.16751770317398698,39240.91436418891,43000.0,1566,0.1756888146371649,0.0,0.0,0.0,2895,0,0,0,0.0,0.5145274247902437,0.0,0.0,0.0,0.5584852651844476
2021-02-08,14.397480010986328,13.431977173897103,12.683256672238858,0.3800408376002145,0.16831087398291916,39240.91436418891,43000.0,1566,0.14170762640106455,0.0,0.0,0.0,2725,0,0,0,0.0,0.5108261336203985,0.0,0.0,0.0,0.881641337281148
2021-02-09,14.222482681274414,13.507263412694943,12.675319257224519,0.37550938156649344,0.1660666598123138,39240.91436418891,43000.0,1566,0.1402048836943657,0.0,0.0,0.0,2759,0,0,0,0.0,0.5080843138539469,0.0,0.0,0.0,0.884330575399104
2021-02-10,14.722049713134766,13.622957346070164,12.609923998173219,0.3893661178777052,0.1661545591881266,39240.91436418891,43000.0,1566,0.13145881146749366,0.0,0.0,0.0,2665,0,0,0,0.0,0.5038709022338168,0.0,0.0,0.0,0.952830945377239
2021-02-11,15.20715618133545,13.77383342561924,12.503745065331357,0.40186841866324413,0.16612903424385853,39240.91436418891,43000.0,1566,0.12426929267363077,0.0,0.0,0.0,2580,0,0,0,0.0,0.4983762059414017,0.0,0.0,0.0,1.0
2021-02-12,14.918485641479492,13.882847922367835,12.496738232623827,0.3967063101016847,0.16533981440439247,39240.91436418891,43000.0,1566,0.1225377831153241,0.0,0.0,0.0,2630,0,0,0,0.0,0.49440605008306904,0.0,0.0,0.0,0.9994493942205698
2021-02-16,15.286428451538086,14.016522258479288,12.513571436230398,0.38224737412003923,0.16217568577405778,39240.91436418891,43000.0,1566,0.12387571966700106,0.0,0.0,0.0,2567,0,0,0,0.0,0.4895378172842194,0.0,0.0,0.0,0.9641629811089769
2021-02-17,14.863393783569336,14.097176689440245,12.57126978745746,0.40344225153230745,0.1608333244282393,39240.91436418891,43000.0,1566,0.11897022295235951,0.0,0.0,0.0,2640,0,0,0,0.0,0.4866004954496878,0.0,0.0,0.0,1.0
2021-02-18,14.786613464355469,14.162837334670266,12.609781293334848,0.3990957759179644,0.15551683450792142,39240.91436418891,43000.0,1566,0.11789415186646193,0.0,0.0,0.0,2653,0,0,0,0.0,0.4842092263699154,0.0,0.0,0.0,1.0
2021-02-19,14.88383674621582,14.231503945293653,12.626086840034743,0.3808481396268911,0.15580565786947884,39240.91436418891,43000.0,1566,0.11676881790119911,0.0,0.0,0.0,2636,0,0,0,0.0,0.48170848422488693,0.0,0.0,0.0,1.0
2021-02-22,14.314719200134277,14.239429207659427,12.63673225716753,0.40636764920353363,0.15819571033679217,39240.91436418891,43000.0,1566,0.116638935752614,0.0,0.0,0.0,2741,0,0,0,0.0,0.4814198572280311,0.0,0.0,0.0,1.0
2021-02-23,14.101578712463379,14.226300589069327,12.636242052282526,0.4104671885732614,0.15780083229352224,39240.91436418891,43000.0,1566,0.2865798265192241,0.0,0.0,0.0,2782,0,0,0,0.0,0.48189798319807986,0.043834964622418086,0.0,1.0,1.0
2021-02-24,14.45755672454834,14.248324982924471,12.681758950439601,0.41250368403039744,0.16229859006796002,39240.91436418891,43000.0,1566,0.11649314847751452,0.0,0.0,0.0,2714,0,0,0,0.0,0.48109588550558785,0.0,0.0,0.0,1.0
2021-02-25,13.269464492797852,14.155100174340983,12.644603128018915,0.49353410382455826,0.15971722661035512,39240.91436418891,43000.0,1566,0.4087956727317148,0.014659454552857961,1.0,0.4087956727317148,2957,2,2,2,26.538928985595703,0.48449100295307024,0.31283271422851805,0.0,1.0,1.0
2021-02-26,13.675301551818848,14.109405067434114,12.67566349097455,0.5032381762840965,0.15755462113324945,39214.375435203314,43000.0,1568,0.33770016889186283,0.0,0.0,0.0,2867,0,0,0,0.0,0.4854989035875188,0.15383480506106514,0.0,1.0,1.0
2021-03-01,13.802186965942383,14.080146200625377,12.752108865977284,0.5028614454878948,0.16043890266635816,39714.375435203314,43500.0,1568,0.3160280585307207,0.0,0.0,0.0,2877,0,0,0,0.0,0.4924673737337795,0.09870608966782186,0.0,1.0,1.0
2021-03-02,13.36793041229248,14.012316125546054,12.709544911884212,0.5142096493942019,0.15624698625912672,39714.375435203314,43500.0,1568,0.37618153259447795,0.0,0.0,0.0,2970,0,0,0,0.0,0.49491237506077673,0.22993547514917412,0.0,1.0,1.0
2021-03-03,12.768150329589844,13.893824144978796,12.468231139653389,0.531318684627387,0.1567457738269346,39714.375435203314,43500.0,1568,0.456926972312764,0.09487828718794,1.0,0.456926972312764,3110,2,2,2,25.536300659179688,0.49918353426835055,0.4050986264266805,0.0,1.0,1.0
2021-03-04,12.334893226623535,13.745354533706866,12.121156249328081,0.5430291931016744,0.1636769347312816,39688.839134544134,43500.0,1570,0.507637246153025,0.17939541025504158,1.0,0.507637246153025,3217,3,3,3,37.004679679870605,0.5039032961397751,0.5130683619780579,0.0,1.0,1.0
2021-03-05,12.425882339477539,13.619690515208834,11.836570010948671,0.5422563735402558,0.17433876409945817,39651.83445486426,43500.0,1573,0.4755942485892697,0.12599041431544944,1.0,0.4755942485892697,3191,2,2,2,24.851764678955078,0.5074994671167012,0.43826552974834243,0.0,1.0,1.0
2021-03-08,11.560112953186035,13.423540271206663,11.324555440928018,0.5902696051216716,0.17445874801525704,39626.98269018531,43500.0,1575,0.5936290855517422,0.322715142586237,1.0,0.5936290855517422,3427,3,3,3,34.680338859558105,0.5139752660425173,0.6940893685169097,0.0,1.0,1.0
2021-03-09,12.488773345947266,13.334514849753388,11.146035865162876,0.6210056040212205,0.18021833696733944,39592.30235132575,43500.0,1578,0.42503177338466314,0.04171962230777186,1.0,0.42503177338466314,3170,2,2,2,24.97754669189453,0.5162789785537736,0.3171249623010333,0.0,1.0,1.0
2021-03-10,12.43690299987793,13.249028006908107,10.976532196083557,0.6206637860335509,0.18164999058811282,39567.324804633856,43500.0,1580,0.4213650589984683,0.035608431664113836,1.0,0.4213650589984683,3181,2,2,2,24.87380599975586,0.5187709367605791,0.30648474990268393,0.0,1.0,1.0
2021-03-11,12.960832595825195,13.221580824900212,10.965772501493788,0.6272727410701252,0.18541720467960993,39542.4509986341,43500.0,1582,0.32799516572649234,0.0,0.0,0.0,3050,0,0,0,0.0,0.5191599801151233,0.09860705483263732,0.0,1.0,1.0
2021-03-12,12.823678970336914,13.183685410179898,11.013933778693797,0.6105957705302758,0.18537485088877256,39542.4509986341,43500.0,1582,0.3456828410092454,0.0,0.0,0.0,3083,0,0,0,0.0,0.5205381535884,0.13653482643214523,0.0,1.0,1.0
2021-03-15,13.158086776733398,13.181247445089754,11.099710956287817,0.6205007205891815,0.18602979353785296,39542.4509986341,43500.0,1582,0.2882355253437261,0.0,0.0,0.0,3005,0,0,0,0.0,0.520626817054437,0.008785461487176481,0.0,1.0,1.0
2021-03-16,13.257833480834961,13.188541353255966,11.285915634151536,0.6123863125877775,0.18613969459788277,39542.4509986341,43500.0,1582,0.13416269909464548,0.0,0.0,0.0,2982,0,0,0,0.0,0.5203615535436567,0.0,0.0,0.0,1.0
2021-03-17,13.307708740234375,13.19989062820629,11.428770590343511,0.6080408664839745,0.18631122506612796,39542.4509986341,43500.0,1582,0.13397696233976877,0.0,0.0,0.0,2971,0,0,0,0.0,0.5199488051994862,0.0,0.0,0.0,1.0
2021-03-18,12.690513610839844,13.151378531314247,11.504688391533676,0.6257024828911808,0.1934902606944316,39542.4509986341,43500.0,1582,0.3636178368012407,0.0,0.0,0.0,3115,0,0,0,0.0,0.5217130842174911,0.17521544200748818,0.0,1.0,1.0
2021-03-19,12.813454627990723,13.119195302426293,11.66841505953413,0.6266863840899533,0.1933743784671049,39542.4509986341,43500.0,1582,0.3377334605625145,0.0,0.0,0.0,3086,0,0,0,0.0,0.5228835179669334,0.11652417217198766,0.0,1.0,1.0
2021-03-22,13.153097152709961,13.122424050072357,11.787923020209682,0.625632315207674,0.1924866651863896,39542.4509986341,43500.0,1582,0.1352447429598503,0.0,0.0,0.0,3006,0,0,0,0.0,0.522766095466334,0.0,0.0,0.0,1.0
2021-03-23,13.037888526916504,13.114373047867037,11.876253714718624,0.6245266962816302,0.19483312673471478,39542.4509986341,43500.0,1582,0.29849875866931586,0.0,0.0,0.0,3032,0,0,0,0.0,0.5230588928338931,0.02916057087569765,0.0,1.0,1.0
2021-03-24,12.611212730407715,13.066453017632817,12.030370306485183,0.6234426330512612,0.1914643265727366,39542.4509986341,43500.0,1582,0.3645516098759424,0.0,0.0,0.0,3135,0,0,0,0.0,0.524801639680572,0.17420193782152205,0.0,1.0,1.0
2021-03-25,12.50373363494873,13.012860695472428,11.97810869312213,0.555281081834985,0.16970921244895978,39542.4509986341,43500.0,1582,0.37506886127916483,0.0,0.0,0.0,3162,0,0,0,0.0,0.5267506753968418,0.19562457189019106,0.0,1.0,1.0
2021-03-26,12.806970596313477,12.993252114600146,12.032508867733963,0.5507302482053983,0.17677299400148286,39542.4509986341,43500.0,1582,0.3196164844908207,0.0,0.0,0.0,3087,0,0,0,0.0,0.5274637966598291,0.07168394665310561,0.0,1.0,1.0
2021-03-29,12.915696144104004,12.985865831695753,12.14211954813959,0.5505096781438173,0.15735700914532014,39542.4509986341,43500.0,1582,0.2996375611377732,0.0,0.0,0.0,3061,0,0,0,0.0,0.5277324196380992,0.027017716223618846,0.0,1.0,1.0
2021-03-30,12.83938980102539,12.97191573353667,12.175063673545774,0.5402046354392841,0.15456484501784695,39542.4509986341,43500.0,1582,0.3106947291539264,0.0,0.0,0.0,3079,0,0,0,0.0,0.5282397542424135,0.0510818660996451,0.0,1.0,1.0
2021-03-31,13.31469440460205,13.004561321257183,12.167840089064326,0.531069196331846,0.14524459905146905,39542.4509986341,43500.0,1582,0.13717362748039105,0.0,0.0,0.0,2969,0,0,0,0.0,0.5270525055119801,0.0,0.0,0.0,1.0
2021-04-01,13.777027130126953,13.078129493530495,12.155853071934187,0.5242530989192227,0.1370995570932401,40042.4509986341,44000.0,1582,0.13840180939899185,0.0,0.0,0.0,2906,0,0,0,0.0,0.5297817986644263,0.0,0.0,0.0,1.0
2021-04-05,13.9523344039917,13.161387104050611,12.13778482727479,0.524774472563179,0.1301599720343845,40042.4509986341,44000.0,1582,0.13705473910514476,0.0,0.0,0.0,2869,0,0,0,0.0,0.5267883091225439,0.0,0.0,0.0,1.0
2021-04-06,13.826651573181152,13.224745624920187,12.343302001107089,0.44660052342778844,0.12731672397976027,40042.4509986341,44000.0,1582,0.13602962703680269,0.0,0.0,0.0,2896,0,0,0,0.0,0.524510282304006,0.0,0.0,0.0,1.0
2021-04-07,14.107942581176758,13.308859620754145,12.34465354398842,0.36312575642266387,0.12067663062589379,40042.4509986341,44000.0,1582,0.13466870081784374,0.0,0.0,0.0,2838,0,0,0,0.0,0.5214860018174305,0.0,0.0,0.0,1.0
2021-04-08,14.281007766723633,13.401445158465524,12.360537861887773,0.3614928932920654,0.12016463535227517,40042.4509986341,44000.0,1582,0.13317070890200897,0.0,0.0,0.0,2803,0,0,0,0.0,0.5181571308933532,0.0,0.0,0.0,1.0
2021-04-09,14.363799095153809,13.493097914340598,12.339086845906271,0.3370944886418051,0.11819556374599165,40042.4509986341,44000.0,1582,0.13168780897229385,0.0,0.0,0.0,2787,0,0,0,0.0,0.5148617977162085,0.0,0.0,0.0,1.0
2021-04-12,15.170762062072754,13.65287545221985,12.243842311022867,0.37622836682643884,0.11845870092821581,40042.4509986341,44000.0,1582,0.12910268103556108,0.0,0.0,0.0,2639,0,0,0,0.0,0.5091170689679135,0.0,0.0,0.0,1.0
2021-04-13,15.640081405639648,13.842133162069356,12.118654026219712,0.37958399661169173,0.11750401336625972,40042.4509986341,44000.0,1582,0.12604057731642784,0.0,0.0,0.0,2560,0,0,0,0.0,0.5023123940365063,0.0,0.0,0.0,1.0
2021-04-14,15.238593101501465,13.975129346777175,12.094281108463754,0.39902561389966523,0.11889501386405021,40042.4509986341,44000.0,1582,0.12388875950066658,0.0,0.0,0.0,2627,0,0,0,0.0,0.49753057666814793,0.0,0.0,0.0,1.0
2021-04-15,16.0966796875,14.177181760179348,12.002481171843172,0.4348585034854909,0.12317101285220772,40042.4509986341,44000.0,1582,0.12061964329382552,0.0,0.0,0.0,2487,0,0,0,0.0,0.4902658739862789,0.0,0.0,0.0,1.0
2021-04-16,15.8724946975708,14.33864013516901,12.030965518735012,0.3923185447919192,0.10507328402936424,40042.4509986341,44000.0,1582,0.11800732017666321,0.0,0.0,0.0,2522,0,0,0,0.0,0.484460711503696,0.0,0.0,0.0,1.0
2021-04-19,15.323128700256348,14.432400950891614,12.104353625928134,0.4252195751588439,0.1086908891104406,40042.4509986341,44000.0,1582,0.11649031279682409,0.0,0.0,0.0,2613,0,0,0,0.0,0.48108958399294244,0.0,0.0,0.0,1.0
2021-04-20,15.133109092712402,14.499135059636451,12.161805571117487,0.426788576241936,0.11310358522302413,40042.4509986341,44000.0,1582,0.11541058525101838,0.0,0.0,0.0,2646,0,0,0,0.0,0.47869018944670755,0.0,0.0,0.0,1.0
2021-04-21,15.321883201599121,14.577492025537657,12.243842486809461,0.4227784168017283,0.10901815407205022,40042.4509986341,44000.0,1582,0.11414280515953956,0.0,0.0,0.0,2613,0,0,0,0.0,0.4758729003545324,0.0,0.0,0.0,1.0
2021-04-22,14.812915802001953,14.599913337581874,12.38819346766271,0.42341752901584445,0.11371095411485269,40042.4509986341,44000.0,1582,0.11378003852216964,0.0,0.0,0.0,2703,0,0,0,0.0,0.4750667522714881,0.0,0.0,0.0,1.0
2021-04-23,15.226873397827148,14.659623819509996,12.600311853570036,0.4238597887528765,0.1168836889153194,40042.4509986341,44000.0,1582,0.11281395006570075,0.0,0.0,0.0,2629,0,0,0,0.0,0.4729198890348906,0.0,0.0,0.0,1.0
2021-04-26,15.439087867736816,14.733858490769693,12.797667273586082,0.42090710176805696,0.10592336243142667,40042.4509986341,44000.0,1582,0.11161286682775126,0.0,0.0,0.0,2593,0,0,0,0.0,0.47025081517278056,0.0,0.0,0.0,1.0
2021-04-27,15.343079566955566,14.791879545644537,13.010758459417092,0.4246983138357555,0.10566187928253486,40042.4509986341,44000.0,1582,0.11067411253308304,0.0,0.0,0.0,2609,0,0,0,0.0,0.46816469451796233,0.0,0.0,0.0,1.0
2021-04-28,15.23834228515625,14.834399806550415,13.288634671427328,0.4251377053172545,0.10428060170945791,40042.4509986341,44000.0,1582,0.10998615403901726,0.0,0.0,0.0,2627,0,0,0,0.0,0.4666358978644828,0.0,0.0,0.0,1.0
2021-04-29,15.286219596862793,14.877430262770641,13.509092731084216,0.4122724856791821,0.10520718255854151,40042.4509986341,44000.0,1582,0.10928994081667226,0.0,0.0,0.0,2619,0,0,0,0.0,0.4650887573703828,0.0,0.0,0.0,1.0
2021-04-30,14.971763610839844,14.886414391158185,13.638857958736258,0.41010816103192255,0.10556675596744286,40042.4509986341,44000.0,1582,0.10914458170305658,0.0,0.0,0.0,2674,0,0,0,0.0,0.4647657371179035,0.0,0.0,0.0,1.0
2021-05-03,14.799448013305664,14.878131878981755,13.731527115958256,0.41266056540414187,0.09490041318018717,40542.4509986341,44500.0,1582,0.27388257978871033,0.0,0.0,0.0,2739,0,0,0,0.0,0.47107405320114304,0.026442790773768734,0.0,1.0,1.0
2021-05-04,14.315169334411621,14.824516398546505,13.77298388725372,0.43022972918967267,0.09887446546261652,40542.4509986341,44500.0,1582,0.34014751183939074,0.0,0.0,0.0,2832,0,0,0,0.0,0.47298011365167253,0.17179213488030673,0.0,1.0,1.0
2021-05-05,14.422148704528809,14.786195665782914,13.789031820086233,0.4253824282303088,0.09887566399983491,40542.4509986341,44500.0,1582,0.3188507438245729,0.0,0.0,0.0,2811,0,0,0,0.0,0.47434243722991976,0.12310366015802003,0.0,1.0,1.0
2021-05-06,14.48648738861084,14.757652020337956,13.79295530375488,0.4236459473834034,0.10149356520583708,40542.4509986341,44500.0,1582,0.3052533795204906,0.0,0.0,0.0,2798,0,0,0,0.0,0.47535717986124393,0.0918725524065128,0.0,1.0,1.0
2021-05-07,14.77501106262207,14.759305262460252,13.846811336971669,0.42867962581039804,0.10120888970555812,40542.4509986341,44500.0,1582,0.11388428277875384,0.0,0.0,0.0,2743,0,0,0,0.0,0.47529840617500857,0.0,0.0,0.0,1.0
2021-05-10,14.229884147644043,14.708884203906328,13.709007931729984,0.3981798162777622,0.1093629282756199,40542.4509986341,44500.0,1582,0.33796295829697864,0.0,0.0,0.0,2849,0,0,0,0.0,0.4770909031330379,0.16282678197135908,0.0,1.0,1.0
2021-05-11,14.270282745361328,14.66711263642585,13.636224467018774,0.3785193782289468,0.11382948201121443,40542.4509986341,44500.0,1582,0.3262346194126914,0.0,0.0,0.0,2841,0,0,0,0.0,0.47857590582414167,0.13527880398183925,0.0,1.0,1.0
2021-05-12,13.723912239074707,14.577284027154313,13.398881463745985,0.39042751260254194,0.13677468793650996,40542.4509986341,44500.0,1582,0.398513927150009,0.0,0.0,0.0,2954,0,0,0,0.0,0.4817693633492557,0.2927060303174308,0.0,1.0,1.0
2021-05-13,13.63089370727539,14.487151615737272,13.296057787649632,0.31637087371342343,0.1380580489743516,40542.4509986341,44500.0,1582,0.41025868860958514,0.017097814349308536,1.0,0.41025868860958514,2974,2,2,2,27.26178741455078,0.48497362121131765,0.29552320952164784,0.0,1.0,0.9096488522024939
2021-05-14,14.207192420959473,14.460488835282243,13.345522223956422,0.36220275210337954,0.14816552054746235,40515.18921121955,44500.0,1584,0.30778422490502655,0.0,0.0,0.0,2851,0,0,0,0.0,0.48527158842500956,0.08758224469727154,0.0,1.0,1.0
2021-05-17,14.129887580871582,14.429003001528846,13.31595257991212,0.3452756174369575,0.14719547339125474,40515.18921121955,44500.0,1584,0.32004485088286616,0.0,0.0,0.0,2867,0,0,0,0.0,0.4863923425972653,0.1036507583460794,0.0,1.0,0.9547454454163895
2021-05-18,13.980514526367188,14.386289813418212,13.251102394684189,0.34473325576842645,0.1483741710572334,40515.18921121955,44500.0,1584,0.33940648076603863,0.0,0.0,0.0,2897,0,0,0,0.0,0.4879127401246191,0.14102846957544082,0.0,1.0,0.9361706359898836
2021-05-19,14.030386924743652,14.352394300211111,13.23601430573262,0.3406059261938034,0.14445492378916,40515.18921121955,44500.0,1584,0.32409504544296375,0.0,0.0,0.0,2887,0,0,0,0.0,0.48911926805540673,0.11217897471738307,0.0,1.0,0.9648916380479164
2021-05-20,14.575760841369629,14.37366730413097,13.263309439726367,0.3548976560631082,0.14596209646066427,40515.18921121955,44500.0,1584,0.11976292012618975,0.0,0.0,0.0,2779,0,0,0,0.0,0.4883620447248661,0.0,0.0,0.0,1.0
2021-05-21,14.954061508178711,14.428942942611707,13.347045722707076,0.352839698186004,0.140502485935842,40515.18921121955,44500.0,1584,0.1188775161911545,0.0,0.0,0.0,2709,0,0,0,0.0,0.4863944804247878,0.0,0.0,0.0,1.0
2021-05-24,15.572748184204102,14.537876775144316,13.431239221688553,0.38027588355025366,0.14495764479254364,40515.18921121955,44500.0,1584,0.11713261650959847,0.0,0.0,0.0,2601,0,0,0,0.0,0.48251692557688547,0.0,0.0,0.0,1.0
2021-05-25,15.60841178894043,14.639832490743945,13.487597208041365,0.3794203559063366,0.145180247656213,40515.18921121955,44500.0,1584,0.11549949214826324,0.0,0.0,0.0,2595,0,0,0,0.0,0.4788877603294739,0.0,0.0,0.0,1.0
2021-05-26,15.660531044006348,14.737041876768936,13.518927080650068,0.3783079456208328,0.14527744336536536,40515.18921121955,44500.0,1584,0.11394239438739553,0.0,0.0,0.0,2587,0,0,0,0.0,0.4754275430831012,0.0,0.0,0.0,1.0
2021-05-27,15.44905948638916,14.804853077685147,13.56492441843449,0.3820251771780484,0.1432647601473474,40515.18921121955,44500.0,1584,0.11285619609496689,0.0,0.0,0.0,2622,0,0,0,0.0,0.47301376909992643,0.0,0.0,0.0,1.0
2021-05-28,16.203657150268555,14.938072513169281,13.510094818151957,0.40901976752125546,0.14079214090287948,40515.18921121955,44500.0,1584,0.11072229017107721,0.0,0.0,0.0,2500,0,0,0,0.0,0.4682717559357271,0.0,0.0,0.0,1.0
2021-06-01,16.223608016967773,15.060504465911995,13.468769696061706,0.4049789560880753,0.14051780315614262,41015.18921121955,45000.0,1584,0.111441609259954,0.0,0.0,0.0,2528,0,0,0,0.0,0.46987024279989775,0.0,0.0,0.0,1.0
2021-06-02,16.73606300354004,15.220081469495618,13.406085062124783,0.38976562327646913,0.13822292210926546,41015.18921121955,45000.0,1584,0.10891390952318941,0.0,0.0,0.0,2450,0,0,0,0.0,0.46425313227375425,0.0,0.0,0.0,1.0
2021-06-03,16.927085876464844,15.3826533177784,13.357537289868471,0.38992885570713487,0.13901447096381708,41015.18921121955,45000.0,1584,0.10633877144639015,0.0,0.0,0.0,2423,0,0,0,0.0,0.4585306032142003,0.0,0.0,0.0,1.0
2021-06-04,17.534055709838867,15.587548783688922,13.276754915027546,0.40155634124743467,0.13953306385050726,41015.18921121955,45000.0,1584,0.1030932272663675,0.0,0.0,0.0,2339,0,0,0,0.0,0.45131828281415,0.0,0.0,0.0,1.0
2021-06-07,17.574703216552734,15.776801586818808,13.227411788784655,0.4005884576233734,0.13708833309769797,41015.18921121955,45000.0,1584,0.10009546286479007,0.0,0.0,0.0,2333,0,0,0,0.0,0.4446565841439779,0.0,0.0,0.0,1.0
2021-06-08,17.413116455078125,15.9326410980816,13.259854574442503,0.3693305981272214,0.13147166458361562,41015.18921121955,45000.0,1584,0.09762696500638746,0.0,0.0,0.0,2355,0,0,0,0.0,0.43917103334752766,0.0,0.0,0.0,1.0
2021-06-09,17.318578720092773,16.064635157320758,13.321247714237165,0.3727259340633119,0.12731901618805694,41015.18921121955,45000.0,1584,0.09553617910803919,0.0,0.0,0.0,2368,0,0,0,0.0,0.4345248424623093,0.0,0.0,0.0,1.0
2021-06-10,17.385175704956055,16.190400923762216,13.47801003776032,0.3276281408648766,0.09676789342581105,41015.18921121955,45000.0,1584,0.09354404936760652,0.0,0.0,0.0,2359,0,0,0,0.0,0.43009788748357003,0.0,0.0,0.0,1.0
2021-06-11,17.784515380859375,16.34222134824766,13.679255164094808,0.3218690181875228,0.08922182347051849,41015.18921121955,45000.0,1584,0.09113921384375709,0.0,0.0,0.0,2306,0,0,0,0.0,0.42475380854168243,0.0,0.0,0.0,1.0
2021-06-14,17.97756576538086,16.497968435593677,13.824689733886297,0.3035119487193831,0.07419865219325086,41015.18921121955,45000.0,1584,0.08867217998019616,0.0,0.0,0.0,2281,0,0,0,0.0,0.4192715110671026,0.0,0.0,0.0,1.0
2021-06-15,17.747848510742188,16.617004633226866,14.031661828190483,0.3101512906571808,0.07389604519401854,41015.18921121955,45000.0,1584,0.08678664660968644,0.0,0.0,0.0,2310,0,0,0,0.0,0.4150814369104143,0.0,0.0,0.0,1.0
2021-06-16,17.76954460144043,16.726770344485303,14.317944912595895,0.3016570630438213,0.06924056154551218,41015.18921121955,45000.0,1584,0.08504795774335283,0.0,0.0,0.0,2308,0,0,0,0.0,0.4112176838741174,0.0,0.0,0.0,1.0
2021-06-17,18.61461067199707,16.906564661391187,14.627195009558452,0.32445147233877425,0.06782837755546271,41015.18921121955,45000.0,1584,0.08220001576356359,0.0,0.0,0.0,2203,0,0,0,0.0,0.4048889239190302,0.0,0.0,0.0,1.0
2021-06-18,18.596155166625977,17.06747804284212,14.889154219298124,0.31535327324592516,0.0764317020959421,41015.18921121955,45000.0,1584,0.07965114780138083,0.0,0.0,0.0,2205,0,0,0,0.0,0.3992247728919574,0.0,0.0,0.0,1.0
2021-06-21,18.385133743286133,17.192969061932025,15.14055616097524,0.32187849275233654,0.09083083105000107,41015.18921121955,45000.0,1584,0.0776633700589967,0.0,0.0,0.0,2230,0,0,0,0.0,0.3948074890199927,0.0,0.0,0.0,1.0
2021-06-22,18.84358787536621,17.35017085368766,15.296990246910855,0.3059105411756685,0.08594711010938492,41015.18921121955,45000.0,1584,0.07517329367758746,0.0,0.0,0.0,2176,0,0,0,0.0,0.38927398595019436,0.0,0.0,0.0,1.0
2021-06-23,19.013696670532227,17.508601883863335,15.477089065867602,0.3046633856959044,0.0855878781458881,41015.18921121955,45000.0,1584,0.07266374615960475,0.0,0.0,0.0,2157,0,0,0,0.0,0.3836972136880106,0.0,0.0,0.0,1.0
2021-06-24,19.16160011291504,17.666030286630164,15.683870765482434,0.30376526145209404,0.08745426742924338,41015.18921121955,45000.0,1584,0.0701700802597782,0.0,0.0,0.0,2140,0,0,0,0.0,0.3781557339106182,0.0,0.0,0.0,1.0
2021-06-25,18.987506866455078,17.791885198994443,16.0088168355986,0.2995471830736297,0.08789514711425893,41015.18921121955,45000.0,1584,0.06817653844792801,0.0,0.0,0.0,2160,0,0,0,0.0,0.37372564099539557,0.0,0.0,0.0,1.0
2021-06-28,19.939327239990234,17.99640348861309,16.140625329112922,0.3017528475315042,0.08802270350736234,41015.18921121955,45000.0,1584,0.06493696874036861,0.0,0.0,0.0,2056,0,0,0,0.0,0.36652659720081915,0.0,0.0,0.0,1.0
2021-06-29,19.980981826782227,18.185410949391102,16.324658035813968,0.3014149650922026,0.08788805215866208,41015.18921121955,45000.0,1584,0.06194309056164499,0.0,0.0,0.0,2052,0,0,0,0.0,0.3598735345814333,0.0,0.0,0.0,1.0
2021-06-30,19.956783294677734,18.354113077513638,16.46394470327922,0.29356284624479967,0.08788234122577901,41015.18921121955,45000.0,1584,0.05927084885218398,0.0,0.0,0.0,2055,0,0,0,0.0,0.35393521967152,0.0,0.0,0.0,1.0
2021-07-01,20.16580581665039,18.526655243145708,16.59371976033669,0.29347919809983597,0.0872243612258061,41515.18921121955,45500.0,1584,0.05976264049858765,0.0,0.0,0.0,2058,0,0,0,0.0,0.3550280899968615,0.0,0.0,0.0,1.0
2021-07-02,20.440174102783203,18.708895134539755,16.651179899107415,0.27656251819851824,0.08585618630555637,41515.18921121955,45500.0,1584,0.05690768237582558,0.0,0.0,0.0,2031,0,0,0,0.0,0.3486837386129457,0.0,0.0,0.0,1.0
2021-07-06,20.651193618774414,18.893875942562104,16.718882657536252,0.2759022677874256,0.08638833029140051,41515.18921121955,45500.0,1584,0.05400978523388422,0.0,0.0,0.0,2010,0,0,0,0.0,0.34224396718640937,0.0,0.0,0.0,1.0
2021-07-07,20.3251895904541,19.03019152807563,16.85810173892131,0.2823436163123669,0.08653820603817958,41515.18921121955,45500.0,1584,0.05187427425907015,0.0,0.0,0.0,2042,0,0,0,0.0,0.33749838724237813,0.0,0.0,0.0,1.0
2021-07-08,19.857263565063477,19.108960293503042,17.044815016680253,0.2997371824554507,0.09306923057977196,41515.18921121955,45500.0,1584,0.05064028797342926,0.0,0.0,0.0,2090,0,0,0,0.0,0.3347561954965095,0.0,0.0,0.0,1.0
2021-07-09,20.004425048828125,19.194242651153047,17.253993430468235,0.2995019249168904,0.09910230515448368,41515.18921121955,45500.0,1584,0.04930426018149686,0.0,0.0,0.0,2075,0,0,0,0.0,0.33178724484777083,0.0,0.0,0.0,1.0
2021-07-12,20.465620040893555,19.315326212080716,17.419842796402346,0.29956106769540747,0.09932892045205581,41515.18921121955,45500.0,1584,0.04740737309953552,0.0,0.0,0.0,2028,0,0,0,0.0,0.32757194022119007,0.0,0.0,0.0,1.0
2021-07-13,20.20371437072754,19.39993460814232,17.582512585089773,0.3074086768697429,0.10097194770241773,41515.18921121955,45500.0,1584,0.046081903545409975,0.0,0.0,0.0,2054,0,0,0,0.0,0.32462645232313325,0.0,0.0,0.0,1.0
2021-07-14,19.7961483001709,19.437669245478375,17.80384801785629,0.31444925564304205,0.10019892867400527,41515.18921121955,45500.0,1584,0.04549075520490142,0.0,0.0,0.0,2097,0,0,0,0.0,0.3233127893442254,0.0,0.0,0.0,1.0
2021-07-15,18.922903060913086,19.388643894567394,17.950958838884823,0.36070752441553006,0.09852856439753117,41515.18921121955,45500.0,1584,0.25030675477894415,0.0,0.0,0.0,2193,0,0,0,0.0,0.3250195180440713,0.12010660368691564,0.0,1.0,1.0
2021-07-16,18.119491577148438,19.2677722452894,17.743094416635298,0.3560191732520588,0.1035792834707985,41515.18921121955,45500.0,1584,0.33224317681094095,0.0,0.0,0.0,2291,0,0,0,0.0,0.32922744535080417,0.2979796142290646,0.0,1.0,1.0
2021-07-19,18.736825942993164,19.217205930784996,17.710658407176,0.3772892523456804,0.1089518398091636,41515.18921121955,45500.0,1584,0.25518864603882363,0.0,0.0,0.0,2215,0,0,0,0.0,0.3309878199041004,0.12498694907106318,0.0,1.0,1.0
2021-07-20,18.569461822509766,19.155516015711164,17.67823532348371,0.3763672771423953,0.11083370173189072,41515.18921121955,45500.0,1584,0.2687486631872129,0.0,0.0,0.0,2235,0,0,0,0.0,0.3331354424420553,0.15297269797397336,0.0,1.0,1.0
2021-07-21,19.36564064025879,19.1755278847157,17.7371119296918,0.3964961023182442,0.11284176060482032,41515.18921121955,45500.0,1584,0.049597444478563735,0.0,0.0,0.0,2143,0,0,0,0.0,0.3324387655079194,0.0,0.0,0.0,1.0
2021-07-22,19.54921531677246,19.2111171639592,17.80160919275521,0.39661067637989383,0.11249866647061481,41515.18921121955,45500.0,1584,0.04903990517648091,0.0,0.0,0.0,2123,0,0,0,0.0,0.3311997892810687,0.0,0.0,0.0,1.0
2021-07-23,19.5132999420166,19.239896476155145,17.84790094957718,0.39611982301809573,0.11571562326888575,41515.18921121955,45500.0,1584,0.048589050369156284,0.0,0.0,0.0,2127,0,0,0,0.0,0.3301978897092362,0.0,0.0,0.0,1.0
2021-07-26,19.249900817871094,19.240849270604283,17.871475433968424,0.39794580880238095,0.11558738959517209,41515.18921121955,45500.0,1584,0.04857412395413774,0.0,0.0,0.0,2156,0,0,0,0.0,0.3301647198980839,0.0,0.0,0.0,1.0
2021-07-27,19.164098739624023,19.23353969622521,17.84998800329125,0.3531921464302779,0.11772603234515575,41515.18921121955,45500.0,1584,0.20681205689248103,0.0,0.0,0.0,2166,0,0,0,0.0,0.33041918947646737,0.01805204806237936,0.0,1.0,1.0
2021-07-28,19.458425521850586,19.25495739390382,17.877850276139768,0.3582076473302805,0.11779104980839503,41515.18921121955,45500.0,1584,0.04835310702473314,0.0,0.0,0.0,2133,0,0,0,0.0,0.32967357116607365,0.0,0.0,0.0,1.0
2021-07-29,19.617061614990234,19.289443510197763,17.921174860624134,0.35970166995374325,0.11824905137919055,41515.18921121955,45500.0,1584,0.047812849800682095,0.0,0.0,0.0,2116,0,0,0,0.0,0.3284729995570713,0.0,0.0,0.0,1.0
2021-07-30,19.454437255859375,19.305157200260773,17.961085160366782,0.3581941233819159,0.11972928956114089,41515.18921121955,45500.0,1584,0.047566680168222436,0.0,0.0,0.0,2133,0,0,0,0.0,0.3279259559293832,0.0,0.0,0.0,1.0
2021-08-02,19.70486068725586,19.34322419902221,18.06015976887446,0.3577917907328057,0.11746134347216095,42015.18921121955,46000.0,1584,0.050264125889934064,0.0,0.0,0.0,2132,0,0,0,0.0,0.33392027975540906,0.0,0.0,0.0,1.0
2021-08-03,19.769712448120117,19.383842127507727,18.205740952149863,0.3555502172718255,0.12021243502927455,42015.18921121955,46000.0,1584,0.049634724598097674,0.0,0.0,0.0,2125,0,0,0,0.0,0.3325216102179948,0.0,0.0,0.0,1.0
2021-08-04,20.227663040161133,19.464206023950908,18.29989226581547,0.3622508697895735,0.12141669709995798,42015.18921121955,46000.0,1584,0.04838943361147374,0.0,0.0,0.0,2077,0,0,0,0.0,0.32975429691438607,0.0,0.0,0.0,1.0
2021-08-05,20.589834213256836,19.57140870864671,18.315618229531076,0.35683171512292544,0.11789990763079852,42015.18921121955,46000.0,1584,0.046728258097317926,0.0,0.0,0.0,2040,0,0,0,0.0,0.3260627957718176,0.0,0.0,0.0,1.0
2021-08-06,20.319454193115234,19.64265113573895,18.354021765774846,0.3601762995477579,0.11185524509593651,42015.18921121955,46000.0,1584,0.045624310227071196,0.0,0.0,0.0,2067,0,0,0,0.0,0.32360957828238046,0.0,0.0,0.0,1.0
2021-08-09,20.24861717224121,19.700362186834404,18.441235524141277,0.3508480677368356,0.11155231500583977,42015.18921121955,46000.0,1584,0.04473003985270518,0.0,0.0,0.0,2074,0,0,0,0.0,0.3216223107837893,0.0,0.0,0.0,1.0
2021-08-10,19.890438079833984,19.718464652834367,18.48719105501076,0.35357812802580757,0.11050746108467689,42015.18921121955,46000.0,1584,0.044449530336079596,0.0,0.0,0.0,2112,0,0,0,0.0,0.3209989563023991,0.0,0.0,0.0,1.0
2021-08-11,19.653974533081055,19.712322736667385,18.48629265383465,0.3486672497711168,0.11051314321944393,42015.18921121955,46000.0,1584,0.20120467231873604,0.0,0.0,0.0,2137,0,0,0,0.0,0.32121045185041003,0.014799931080114563,0.0,1.0,1.0
2021-08-12,19.859512329101562,19.726340793089687,18.522787238870645,0.3089099453057226,0.11003285642176297,42015.18921121955,46000.0,1584,0.04432748440621026,0.0,0.0,0.0,2115,0,0,0,0.0,0.3207277431249117,0.0,0.0,0.0,1.0
2021-08-13,20.141862869262695,19.765914324153783,18.74327637185108,0.26107919158021914,0.10511546341991788,42015.18921121955,46000.0,1584,0.04371426673354745,0.0,0.0,0.0,2085,0,0,0,0.0,0.319365037185661,0.0,0.0,0.0,1.0
2021-08-16,19.90440559387207,19.779103968888858,18.84774099700839,0.24458742904757277,0.08232303085867688,42015.18921121955,46000.0,1584,0.04350988458643526,0.0,0.0,0.0,2110,0,0,0,0.0,0.3189108546365228,0.0,0.0,0.0,1.0
2021-08-17,19.413530349731445,19.74428743373101,18.967330988992366,0.26072380467607553,0.07458975420379528,42015.18921121955,46000.0,1584,0.23174147849527846,0.0,0.0,0.0,2164,0,0,0,0.0,0.32010975445587125,0.08376019775585863,0.0,1.0,1.0
2021-08-18,18.996482849121094,19.673067949482448,18.84156009162008,0.225797729988796,0.08172929655881596,42015.18921121955,46000.0,1584,0.27253371778502455,0.0,0.0,0.0,2211,0,0,0,0.0,0.32256218191347397,0.17195719094213607,0.0,1.0,1.0
2021-08-19,19.75275421142578,19.680657117286575,18.853823220997267,0.26627112977620115,0.08158508824596071,42015.18921121955,46000.0,1584,0.04503538275648106,0.0,0.0,0.0,2127,0,0,0,0.0,0.3223008505699579,0.0,0.0,0.0,1.0
2021-08-20,20.7684268951416,19.784254238987053,18.84858650211063,0.32112639655186115,0.0786849665969776,42015.18921121955,46000.0,1584,0.04343007779239191,0.0,0.0,0.0,2023,0,0,0,0.0,0.3187335062053154,0.0,0.0,0.0,1.0
2021-08-23,21.907817840576172,19.98649839151935,18.69716801813293,0.3626528282296021,0.08365275326881393,42015.18921121955,46000.0,1584,0.040296172750543646,0.0,0.0,0.0,1917,0,0,0,0.0,0.31176927277898586,0.0,0.0,0.0,1.0
2021-08-24,21.74319076538086,20.153802427125207,18.688270470002486,0.36406352470335884,0.08123594083234256,42015.18921121955,46000.0,1584,0.03770368760750331,0.0,0.0,0.0,1932,0,0,0,0.0,0.3060081946833407,0.0,0.0,0.0,1.0
2021-08-25,22.162235260009766,20.34508174454278,18.638512648954784,0.36557742215973615,0.08123202988020918,42015.18921121955,46000.0,1584,0.03473968983673706,0.0,0.0,0.0,1895,0,0,0,0.0,0.2994215329705268,0.0,0.0,0.0,1.0
2021-08-26,22.017568588256836,20.504366205848882,18.64176469373519,0.36854532006042234,0.08388402026910415,42015.18921121955,46000.0,1584,0.03227147322762866,0.0,0.0,0.0,1908,0,0,0,0.0,0.29393660717250814,0.0,0.0,0.0,1.0
2021-08-27,22.584260940551758,20.70245141867773,18.633772198651123,0.37078301599284197,0.08557489277835297,42015.18921121955,46000.0,1584,0.029202013668837262,0.0,0.0,0.0,1860,0,0,0,0.0,0.2871155859307495,0.0,0.0,0.0,1.0
2021-08-30,22.636146545410156,20.886612859318912,18.642123778370397,0.37074244618546837,0.08536684429996795,42015.18921121955,46000.0,1584,0.026348312040814725,0.0,0.0,0.0,1856,0,0,0,0.0,0.28077402675736607,0.0,0.0,0.0,1.0
2021-08-31,22.33777618408203,21.024818890248735,18.69519317494094,0.3776010592131103,0.08224911642317217,42015.18921121955,46000.0,1584,0.02420671945718919,0.0,0.0,0.0,1880,0,0,0,0.0,0.2760149321270871,0.0,0.0,0.0,1.0
2021-09-01,22.393657684326172,21.155184489684682,18.729904920361548,0.3725155405611366,0.07948400166342728,42515.18921121955,46500.0,1584,0.025711494532317358,0.0,0.0,0.0,1898,0,0,0,0.0,0.27935887673848303,0.0,0.0,0.0,1.0
2021-09-02,22.348751068115234,21.268857497154258,18.759646634233782,0.3703179255250851,0.07781462379967098,42515.18921121955,46500.0,1584,0.023968997333945072,0.0,0.0,0.0,1902,0,0,0,0.0,0.27548666074210015,0.0,0.0,0.0,1.0
2021-09-03,22.79481315612793,21.414186607532706,18.794985374532928,0.36820876852632034,0.07798394754112756,42515.18921121955,46500.0,1584,0.02174124271291797,0.0,0.0,0.0,1865,0,0,0,0.0,0.2705360949175955,0.0,0.0,0.0,1.0
2021-09-07,22.614194869995117,21.528473108719602,18.85386989643347,0.3700598011573116,0.07931775070524406,42515.18921121955,46500.0,1584,0.01998934124956278,0.0,0.0,0.0,1880,0,0,0,0.0,0.26664298055458396,0.0,0.0,0.0,1.0
2021-09-08,22.291872024536133,21.601177767368796,18.957941989531584,0.36735912043667923,0.07974056566612094,42515.18921121955,46500.0,1584,0.018874849191817658,0.0,0.0,0.0,1907,0,0,0,0.0,0.26416633153737257,0.0,0.0,0.0,1.0
2021-09-09,22.130218505859375,21.651562599605995,19.10597669875752,0.36472965569636107,0.08204916365196897,42515.18921121955,46500.0,1584,0.018102498473136497,0.0,0.0,0.0,1921,0,0,0,0.0,0.26244999660697,0.0,0.0,0.0,1.0
2021-09-10,22.430583953857422,21.725755109534703,19.257729480622974,0.3653792441309312,0.08593540158310402,42515.18921121955,46500.0,1584,0.016965199095132555,0.0,0.0,0.0,1895,0,0,0,0.0,0.2599226646558501,0.0,0.0,0.0,1.0
2021-09-13,22.105270385742188,21.761899421554464,19.37805302191792,0.3713541087493775,0.08613516862306916,42515.18921121955,46500.0,1584,0.016411141770236115,0.0,0.0,0.0,1923,0,0,0,0.0,0.25869142615608026,0.0,0.0,0.0,1.0
2021-09-14,22.195079803466797,21.803154696022304,19.55984458098479,0.3661218056108746,0.08789000456194114,42515.18921121955,46500.0,1584,0.01577873833710322,0.0,0.0,0.0,1915,0,0,0,0.0,0.2572860851935627,0.0,0.0,0.0,1.0
2021-09-15,22.29387092590332,21.84988957505859,19.895350291433324,0.34823845259541075,0.08954932176652852,42515.18921121955,46500.0,1584,0.015062337868779252,0.0,0.0,0.0,1907,0,0,0,0.0,0.2556940841528428,0.0,0.0,0.0,1.0
2021-09-16,22.195079803466797,21.882764834906993,20.496391156418323,0.3346281596179342,0.07981084998496633,42515.18921121955,46500.0,1584,0.014558391950070887,0.0,0.0,0.0,1915,0,0,0,0.0,0.25457420433349087,0.0,0.0,0.0,1.0
2021-09-17,21.853803634643555,21.880006625358092,21.018885832575734,0.32219296801388553,0.08723308429348463,42515.18921121955,46500.0,1584,0.16729522067962646,0.0,0.0,0.0,1945,0,0,0,0.0,0.25466816140715653,0.005987884547568946,0.0,1.0,1.0
2021-09-20,21.068458557128906,21.80271633314579,21.04119314624465,0.3049490824494551,0.10173211054850163,42515.18921121955,46500.0,1584,0.2415595024419028,0.0,0.0,0.0,2017,0,0,0,0.0,0.2573010178128402,0.16838676539138836,0.0,1.0,1.0
2021-09-21,21.20117950439453,21.745427111359955,20.868913861515026,0.23061690682278937,0.09542245342808833,42515.18921121955,46500.0,1584,0.22297696267545694,0.0,0.0,0.0,2005,0,0,0,0.0,0.2592525474323834,0.125140702957521,0.0,1.0,1.0
2021-09-22,21.89471435546875,21.75964494413222,20.896138417129475,0.2592205968089945,0.10263119703507662,42515.18921121955,46500.0,1584,0.01644570072736677,0.0,0.0,0.0,1941,0,0,0,0.0,0.2587682238385928,0.0,0.0,0.0,1.0
2021-09-23,22.434572219848633,21.82392373229569,20.95287305197781,0.26503900906781813,0.1123320888896029,42515.18921121955,46500.0,1584,0.01884171537268911,0.0,0.0,0.0,1895,0,0,0,0.0,0.25657859802244354,0.0,0.0,0.0,0.9661865373741048
2021-09-24,22.034420013427734,21.843970997165407,20.97359472042376,0.27209951849058406,0.1107202023839165,42515.18921121955,46500.0,1584,0.015153063940225725,0.0,0.0,0.0,1929,0,0,0,0.0,0.2558956976449461,0.0,0.0,0.0,1.0
2021-09-27,21.614307403564453,21.822098273965317,20.935819068315197,0.2625894805802563,0.10583221104873698,42515.18921121955,46500.0,1584,0.1869129393258426,0.0,0.0,0.0,1966,0,0,0,0.0,0.25664078137718144,0.047610194902468844,0.0,1.0,1.0
2021-09-28,20.655332565307617,21.71097773028363,20.63427727185211,0.30165259464027133,0.12482262754950216,42515.18921121955,46500.0,1584,0.2765926734956863,0.0,0.0,0.0,2058,0,0,0,0.0,0.26042604892969307,0.24311322550516534,0.0,1.0,1.0
2021-09-29,20.473716735839844,21.593143349860412,20.318794741866462,0.3003568671931826,0.1254379773403632,42515.18921121955,46500.0,1584,0.2861032113616522,0.0,0.0,0.0,2076,0,0,0,0.0,0.2644400200821744,0.2592088136227292,0.0,1.0,0.9953876380555444
2021-09-30,20.672300338745117,21.50544401546848,20.128530987229013,0.30354912757456254,0.13011538793922636,42515.18921121955,46500.0,1584,0.26309952217906607,0.0,0.0,0.0,2056,0,0,0,0.0,0.26742745547307367,0.19370529530199374,0.0,1.0,0.9441021566971433
2021-10-01,20.6982421875,21.428567650900053,19.97783324638074,0.3040273569513776,0.13812782184531913,43015.18921121955,47000.0,1584,0.26827793621053486,0.0,0.0,0.0,2078,0,0,0,0.0,0.2778116774675386,0.17040930483502886,0.0,1.0,0.8342150582562047
2021-10-04,19.690372467041016,21.263025252437288,19.6171073950872,0.32987536697568115,0.14332538857497185,43015.18921121955,47000.0,1584,0.35214140185713255,0.0,0.0,0.0,2184,0,0,0,0.0,0.2833908085136029,0.36980927378055145,0.0,1.0,0.9179863517523694
2021-10-05,20.407852172851562,21.181580197238645,19.518481532811034,0.36418201923182986,0.15065310145350255,43015.18921121955,47000.0,1584,0.2609498275739882,0.0,0.0,0.0,2107,0,0,0,0.0,0.2861356801611486,0.182641714447714,0.0,1.0,1.0
2021-10-06,20.656333923339844,21.131556742581616,19.46802936877034,0.36721922284674174,0.15216239254360295,43015.18921121955,47000.0,1584,0.23011945279581644,0.0,0.0,0.0,2082,0,0,0,0.0,0.28782157701597283,0.11244387364139705,0.0,1.0,1.0
2021-10-07,21.030536651611328,21.121935781536823,19.482602767926554,0.3747864803661998,0.15569165729357423,43015.18921121955,47000.0,1584,0.18940185157236952,0.0,0.0,0.0,2045,0,0,0,0.0,0.2881458238733121,0.02163606850973133,0.0,1.0,1.0
2021-10-08,20.787052154541016,21.09004210277532,19.50863687919838,0.3712951157215133,0.15372050714172603,43015.18921121955,47000.0,1584,0.21247392880749708,0.0,0.0,0.0,2069,0,0,0,0.0,0.2892207087064658,0.07183246642130549,0.0,1.0,1.0
2021-10-11,20.65134048461914,21.048260996284256,19.489573822434185,0.36924430475335857,0.15478272853702796,43015.18921121955,47000.0,1584,0.22441555006765593,0.0,0.0,0.0,2082,0,0,0,0.0,0.29062882089118586,0.09428819600231712,0.0,1.0,0.9879710753442041
2021-10-12,20.627395629882812,21.0081785804365,19.497884817388204,0.3683579927416716,0.15392635017744816,43015.18921121955,47000.0,1584,0.2227498565093351,0.0,0.0,0.0,2085,0,0,0,0.0,0.2919796835869911,0.09062731190515601,0.0,1.0,0.9942329146213111
2021-10-13,20.894826889038086,20.9973831812557,19.5842697880345,0.37198599576354113,0.15065516507852486,43015.18921121955,47000.0,1584,0.1925441237565175,0.0,0.0,0.0,2058,0,0,0,0.0,0.2923435115083186,0.024421207950609106,0.0,1.0,1.0
2021-10-14,21.70012092590332,21.064310585507855,19.71787326466564,0.39997167876440337,0.1640971787888308,43015.18921121955,47000.0,1584,0.03053956201382979,0.0,0.0,0.0,1982,0,0,0,0.0,0.29008791558628844,0.0,0.0,0.0,1.0
2021-10-15,21.815879821777344,21.135888608009708,19.794104923196677,0.3967204889794513,0.16289765526706107,43015.18921121955,47000.0,1584,0.029454012770440047,0.0,0.0,0.0,1971,0,0,0,0.0,0.2876755839343112,0.0,0.0,0.0,1.0
2021-10-18,22.175125122070312,21.234863514110717,19.801783600996274,0.37648376098489017,0.1494301444273439,43015.18921121955,47000.0,1584,0.027952963556210214,0.0,0.0,0.0,1939,0,0,0,0.0,0.28433991901380046,0.0,0.0,0.0,1.0
2021-10-19,22.242982864379883,21.330874880803016,19.8101396010293,0.3762635640598613,0.1505811785454992,43015.18921121955,47000.0,1584,0.026496859254544924,0.0,0.0,0.0,1933,0,0,0,0.0,0.2811041316767665,0.0,0.0,0.0,1.0
2021-10-20,22.056371688842773,21.399969814902043,19.861133711253284,0.36070178222977406,0.14806960888770454,43015.18921121955,47000.0,1584,0.02544896842420899,0.0,0.0,0.0,1950,0,0,0,0.0,0.2787754853871311,0.0,0.0,0.0,1.0
2021-10-21,22.64413070678711,21.518461328414908,19.94088844015556,0.3625265705385659,0.14292336371781125,43015.18921121955,47000.0,1584,0.023651931172464988,0.0,0.0,0.0,1899,0,0,0,0.0,0.27478206927214444,0.0,0.0,0.0,1.0
2021-10-22,22.678054809570312,21.62889880281066,19.95435180484854,0.3558391468860824,0.14313524725668977,43015.18921121955,47000.0,1584,0.02197704113524601,0.0,0.0,0.0,1896,0,0,0,0.0,0.2710600914116578,0.0,0.0,0.0,1.0
2021-10-25,23.117130279541016,21.77063513392784,19.896465258947437,0.3522485288989408,0.1429713259069267,43015.18921121955,47000.0,1584,0.019827473968856105,0.0,0.0,0.0,1860,0,0,0,0.0,0.2662832754863469,0.0,0.0,0.0,1.0
2021-10-26,24.664854049682617,22.04627503066639,19.665760316052836,0.3722462236454231,0.11759696234044792,43015.18921121955,47000.0,1584,0.01564713102427656,0.0,0.0,0.0,1743,0,0,0,0.0,0.25699362449839236,0.0,0.0,0.0,1.0
2021-10-27,24.399423599243164,22.27038441814989,19.609787370495667,0.37356941588914705,0.12061519595429435,43015.18921121955,47000.0,1584,0.01224829759027142,0.0,0.0,0.0,1762,0,0,0,0.0,0.24944066131171427,0.0,0.0,0.0,1.0
2021-10-28,24.888383865356445,22.51971769883623,19.54581947238085,0.37559820081060036,0.11123647060541972,43015.18921121955,47000.0,1584,0.008466919665309242,0.0,0.0,0.0,1728,0,0,0,0.0,0.24103759925624277,0.0,0.0,0.0,1.0
2021-10-29,25.5130615234375,22.80479806308397,19.478862233747734,0.3781106778226018,0.10696189530166623,43015.18921121955,47000.0,1584,0.004143402992207376,0.0,0.0,0.0,1686,0,0,0,0.0,0.2314297844271275,0.0,0.0,0.0,1.0
2021-11-01,25.77251434326172,23.087437708815187,19.5935268334223,0.30620759062392355,0.08947178204732464,43515.18921121955,47500.0,1584,0.00354261897171651,0.0,0.0,0.0,1688,0,0,0,0.0,0.2300947088260367,0.0,0.0,0.0,1.0
2021-11-02,26.345306396484375,23.397710917164634,19.631103182750962,0.296216306275722,0.08559614699959725,43515.18921121955,47500.0,1584,0.0,0.0,0.0,0.0,1651,0,0,0,0.0,0.21974791383602568,0.0,0.0,0.0,1.0
2021-11-03,26.541889190673828,23.69715646702265,19.701041076624456,0.296864649456679,0.08633445600774921,43515.18921121955,47500.0,1584,0.0,0.0,0.0,0.0,1639,0,0,0,0.0,0.2097621927628657,0.0,0.0,0.0,1.0
2021-11-04,29.738134384155273,24.27248769722576,19.392685153648483,0.4842523456960483,0.08439595739342073,43515.18921121955,47500.0,1584,0.0,0.0,0.0,0.0,1463,0,0,0,0.0,0.19057641026514519,0.0,0.0,0.0,1.0
2021-11-05,29.689233779907227,24.788368276528757,19.34473453124203,0.477471139094634,0.08229530337660708,43515.18921121955,47500.0,1584,0.0,0.0,0.0,0.0,1465,0,0,0,0.0,0.1733731505258621,0.0,0.0,0.0,1.0
2021-11-08,30.739015579223633,25.355096591071128,19.34229951554894,0.4715939193306157,0.07362722949073035,43515.18921121955,47500.0,1584,0.0,0.0,0.0,0.0,1415,0,0,0,0.0,0.15447425262617542,0.0,0.0,0.0,1.0
2021-11-09,30.592327117919922,25.853880450771012,19.51877177379114,0.4739611470116469,0.07492307069865158,43515.18921121955,47500.0,1584,0.0,0.0,0.0,0.0,1422,0,0,0,0.0,0.13784112349428884,0.0,0.0,0.0,1.0
2021-11-10,29.396854400634766,26.191306541234226,19.849744733016383,0.5185495783056256,0.08611863924849601,43515.18921121955,47500.0,1584,0.0,0.0,0.0,0.0,1480,0,0,0,0.0,0.1265888513407365,0.0,0.0,0.0,1.0
2021-11-11,30.325889587402344,26.585076355155,20.11261961839632,0.5154269921616723,0.06900747847760957,43515.18921121955,47500.0,1584,0.0,0.0,0.0,0.0,1434,0,0,0,0.0,0.11345766428283117,0.0,0.0,0.0,1.0
2021-11-12,30.325889587402344,26.9413442820357,20.443663042392984,0.5174206955466802,0.06877820165383254,43515.18921121955,47500.0,1584,0.0,0.0,0.0,0.0,1434,0,0,0,0.0,0.10157706646853579,0.0,0.0,0.0,1.0
2021-11-15,29.961660385131836,27.228993434711523,20.812193557446736,0.5276457159942929,0.06913993675604294,43515.18921121955,47500.0,1584,0.0,0.0,0.0,0.0,1452,0,0,0,0.0,0.09198472419825153,0.0,0.0,0.0,1.0
2021-11-16,30.139284133911133,27.506163977492438,21.243528964582982,0.5268347303803435,0.06668380781083622,43515.18921121955,47500.0,1584,0.0,0.0,0.0,0.0,1443,0,0,0,0.0,0.08274181599267318,0.0,0.0,0.0,1.0
2021-11-17,29.199270248413086,27.667412193770595,21.782905255802962,0.5465686424349662,0.06827087277706315,43515.18921121955,47500.0,1584,0.0,0.0,0.0,0.0,1490,0,0,0,0.0,0.07736461231720801,0.0,0.0,0.0,1.0
2021-11-18,31.60818099975586,28.042723508626334,22.29828567595536,0.5964839107419572,0.06838542114353591,43515.18921121955,47500.0,1584,0.0,0.0,0.0,0.0,1376,0,0,0,0.0,0.06484896762812394,0.0,0.0,0.0,1.0
2021-11-19,32.91541290283203,28.506789165217352,22.853501100460473,0.5991131761369477,0.06856923513502852,43515.18921121955,47500.0,1584,0.0,0.0,0.0,0.0,1322,0,0,0,0.0,0.049373599206225624,0.0,0.0,0.0,1.0
2021-11-22,31.88858413696289,28.828864876812165,23.515761714231687,0.6255103156799027,0.06962491187869185,43515.18921121955,47500.0,1584,0.0,0.0,0.0,0.0,1364,0,0,0,0.0,0.038633221792200655,0.0,0.0,0.0,1.0
2021-11-23,31.679031372070312,29.10030930493199,23.995764026970274,0.6015018215371463,0.06961024037851078,43515.18921121955,47500.0,1584,0.0,0.0,0.0,0.0,1373,0,0,0,0.0,0.02958126444184693,0.0,0.0,0.0,1.0
2021-11-24,32.605072021484375,29.43409623031793,24.60282044017602,0.5970658423364961,0.06553963380298557,43515.18921121955,47500.0,1584,0.0,0.0,0.0,0.0,1334,0,0,0,0.0,0.018450348866871583,0.0,0.0,0.0,1.0
2021-11-26,31.436546325683594,29.6248057632099,25.240659397980284,0.6234786230038671,0.10279399743187613,43515.18921121955,47500.0,1584,0.0,0.0,0.0,0.0,1384,0,0,0,0.0,0.012090687812116164,0.0,0.0,0.0,1.0
2021-11-29,33.30559158325195,29.975356793690096,25.82421968650145,0.6442997055914335,0.11288555215907399,43515.18921121955,47500.0,1584,0.0,0.0,0.0,0.0,1306,0,0,0,0.0,0.0004007334483133837,0.0,0.0,0.0,1.0
2021-11-30,32.60707092285156,30.225996234562615,26.510681254795966,0.6562375081447888,0.1322608954194476,43515.18921121955,47500.0,1584,0.0,0.0,0.0,0.0,1334,0,0,0,0.0,0.0,0.0,0.0,0.0,1.0
2021-12-01,31.372528076171875,30.33518974328731,27.18023841966236,0.6788362817517367,0.13715078606777023,44015.18921121955,48000.0,1584,0.0,0.0,0.0,0.0,1402,0,0,0,0.0,0.0,0.0,0.0,0.0,1.0
2021-12-02,32.06214904785156,30.499662058007715,28.02109007834719,0.6801823465770107,0.14541535287647978,44015.18921121955,48000.0,1584,0.0,0.0,0.0,0.0,1372,0,0,0,0.0,0.0,0.0,0.0,0.0,1.0
2021-12-03,30.632003784179688,30.512266031928853,28.104296379965717,0.569106582334028,0.14651074473004555,44015.18921121955,48000.0,1584,0.0,0.0,0.0,0.0,1436,0,0,0,0.0,0.0,0.0,0.0,0.0,1.0
2021-12-06,29.97730255126953,30.46131712900892,28.086263643124227,0.5750978852322691,0.15290670610947346,44015.18921121955,48000.0,1584,0.0857513365328682,0.0,0.0,0.0,1468,0,0,0,0.0,0.0,0.07944741451748494,0.0,1.0,1.0
2021-12-07,32.362552642822266,30.642387177943526,28.214429257311174,0.6289222854848644,0.17138283075516117,44015.18921121955,48000.0,1584,0.0,0.0,0.0,0.0,1360,0,0,0,0.0,0.0,0.0,0.0,0.0,1.0
2021-12-08,31.762746810913086,30.7490880953692,28.32838546496033,0.6331501650571477,0.17124643873864095,44015.18921121955,48000.0,1584,0.0,0.0,0.0,0.0,1385,0,0,0,0.0,0.0,0.0,0.0,0.0,1.0
2021-12-09,30.429401397705078,30.71864174321071,28.426238497898524,0.6357622132489009,0.1706015368333202,44015.18921121955,48000.0,1584,0.07118553231708258,0.0,0.0,0.0,1446,0,0,0,0.0,0.0,0.047078960704628,0.0,1.0,1.0
2021-12-10,30.13798713684082,30.663341304508815,28.35215092450165,0.6274885827225296,0.17375352644486014,44015.18921121955,48000.0,1584,0.08854918697588829,0.0,0.0,0.0,1460,0,0,0,0.0,0.0,0.08566485994641845,0.0,1.0,1.0
2021-12-13,28.10503387451172,30.419692977842427,27.725622214692507,0.6721738767621822,0.17533886089684197,44015.18921121955,48000.0,1584,0.22120432432659873,0.0,0.0,0.0,1566,0,0,0,0.0,0.0,0.3804540540591083,0.0,1.0,1.0
2021-12-14,28.280681610107422,30.21597760948671,27.265340364286494,0.6720369922791661,0.17728270479815458,44015.18921121955,48000.0,1584,0.1954024500426074,0.0,0.0,0.0,1556,0,0,0,0.0,0.002872738886938485,0.32024381676330016,0.0,1.0,1.0
2021-12-15,30.398469924926758,30.23335783000481,27.29872182295737,0.7253475307645149,0.18661719043235725,44015.18921121955,48000.0,1584,0.0,0.0,0.0,0.0,1447,0,0,0,0.0,0.0022991916098412603,0.0,0.0,0.0,1.0
2021-12-16,28.330585479736328,30.052141415693526,26.974442996905708,0.7583368159490061,0.18908019192522052,44015.18921121955,48000.0,1584,0.18261837362452402,0.0,0.0,0.0,1553,0,0,0,0.0,0.008279333282113605,0.28642816366127316,0.0,1.0,1.0
2021-12-17,27.745750427246094,29.832485131079487,26.423515674197184,0.6944084683296335,0.1919011865331628,44015.18921121955,48000.0,1584,0.214371503412753,0.0,0.0,0.0,1586,0,0,0,0.0,0.015527990674376886,0.34974201690951867,0.0,1.0,1.0
2021-12-20,27.66391372680664,29.62595452114874,26.06447442205751,0.6721271465970549,0.19553542400179416,44015.18921121955,48000.0,1584,0.20906553074191728,0.0,0.0,0.0,1591,0,0,0,0.0,0.022343500802091642,0.331135456402169,0.0,1.0,1.0
2021-12-21,29.01721954345703,29.567979761368576,25.987124109780215,0.6949315651310549,0.20673247639306416,44015.18921121955,48000.0,1584,0.10282605717629587,0.0,0.0,0.0,1516,0,0,0,0.0,0.024256667874837046,0.09313457029470937,0.0,1.0,1.0
2021-12-22,29.341569900512695,29.54641691747754,25.975628740164076,0.6968477107462839,0.20998027130651323,44015.18921121955,48000.0,1584,0.07683508887823715,0.0,0.0,0.0,1500,0,0,0,0.0,0.02496824172324123,0.034665289117285794,0.0,1.0,1.0
2021-12-23,29.58109474182129,29.54971956741504,26.122666750866376,0.6879115852411674,0.21097453988249276,44015.18921121955,48000.0,1584,0.0,0.0,0.0,0.0,1487,0,0,0,0.0,0.02485925427530376,0.0,0.0,0.0,1.0
2021-12-27,30.883499145507812,29.676746193900065,26.281996621830352,0.6971940547121025,0.1974404621355988,44015.18921121955,48000.0,1584,0.0,0.0,0.0,0.0,1425,0,0,0,0.0,0.020667375601297906,0.0,0.0,0.0,1.0
2021-12-28,30.261737823486328,29.73245968243209,26.66701438901783,0.6636410570870211,0.19331158079200186,44015.18921121955,48000.0,1584,0.0,0.0,0.0,0.0,1454,0,0,0,0.0,0.01882883047974104,0.0,0.0,0.0,1.0
2021-12-29,29.941373825073242,29.75235626744553,26.93358545559007,0.6611281524395525,0.17766109273910421,44015.18921121955,48000.0,1584,0.0,0.0,0.0,0.0,1470,0,0,0,0.0,0.01817224317429747,0.0,0.0,0.0,1.0
2021-12-30,29.52720069885254,29.730912879960485,26.99347543667404,0.6499415337920875,0.1708764715379722,44015.18921121955,48000.0,1584,0.07391263844840298,0.0,0.0,0.0,1490,0,0,0,0.0,0.01887987496130401,0.034259321590702635,0.0,1.0,1.0
2021-12-31,29.35255241394043,29.69487854986334,27.16380589970752,0.643668125631543,0.16653168588325942,44015.18921121955,48000.0,1584,0.08496932449035025,0.0,0.0,0.0,1499,0,0,0,0.0,0.020069007854509772,0.057640602124046335,0.0,1.0,1.0
2022-01-03,30.061138153076172,29.72976041683599,27.230906093240606,0.6317720633259875,0.16236434650067325,44515.18921121955,48500.0,1584,0.0,0.0,0.0,0.0,1480,0,0,0,0.0,0.029032154633645137,0.0,0.0,0.0,1.0
2022-01-04,29.23179054260254,29.682334714528043,27.181288934577406,0.6349131793065027,0.1592648501658643,44515.18921121955,48500.0,1584,0.09791392852868397,0.0,0.0,0.0,1522,0,0,0,0.0,0.03058106829252745,0.07589432843788138,0.0,1.0,1.0
2022-01-05,27.54914093017578,29.479173401732588,27.169987903233785,0.5905803740698434,0.1610631020304779,44515.18921121955,48500.0,1584,0.2140571889292263,0.0,0.0,0.0,1615,0,0,0,0.0,0.03721627487949652,0.32735525607433963,0.0,1.0,1.0
2022-01-06,28.121999740600586,29.349918767339062,27.26882665886288,0.5971745051384338,0.16074075788889944,44515.18921121955,48500.0,1584,0.16278071346667441,0.0,0.0,0.0,1582,0,0,0,0.0,0.04143770458834894,0.209186103115372,0.0,1.0,1.0
2022-01-07,27.192852020263672,29.144483839046167,26.965484304699146,0.5907198455584104,0.15926465074109092,44515.18921121955,48500.0,1584,0.2223352716962653,0.0,0.0,0.0,1637,0,0,0,0.0,0.048147166988677784,0.33482010344746727,0.0,1.0,1.0
2022-01-10,27.34554672241211,28.97315649460483,26.734354323851818,0.5916015927485858,0.15539333383150272,44515.18921121955,48500.0,1584,0.20058127370461706,0.0,0.0,0.0,1627,0,0,0,0.0,0.05374268273290618,0.2808823699440207,0.0,1.0,1.0
2022-01-11,27.761714935302734,28.85778110800463,26.588366608151766,0.5453131754764384,0.1553210455231998,44515.18921121955,48500.0,1584,0.16133858348948968,0.0,0.0,0.0,1603,0,0,0,0.0,0.05751081907052922,0.18990825535055894,0.0,1.0,1.0
2022-01-12,27.9433536529541,28.7706927789522,26.477648758791915,0.5453591033229137,0.15257389640420574,44515.18921121955,48500.0,1584,0.1418615081188054,0.0,0.0,0.0,1593,0,0,0,0.0,0.06035510594102504,0.14378157876743147,0.0,1.0,1.0
2022-01-13,26.52218246459961,28.556548939490046,26.1572808597623,0.49671945178402416,0.15046585817310226,44515.18921121955,48500.0,1584,0.24059688659275932,0.0,0.0,0.0,1678,0,0,0,0.0,0.06734899958449007,0.3561996372883084,0.0,1.0,1.0
2022-01-14,26.888460159301758,28.397683341376876,25.872251407290104,0.4440462116841879,0.14731274492206092,44515.18921121955,48500.0,1584,0.2022203750998762,0.0,0.0,0.0,1655,0,0,0,0.0,0.07253751726307275,0.26572998295887446,0.0,1.0,1.0
2022-01-18,25.851520538330078,28.15519164584861,25.366980079535363,0.45823009826939937,0.1572695081980342,44515.18921121955,48500.0,1584,0.27030182573946837,0.0,0.0,0.0,1721,0,0,0,0.0,0.0804572460407382,0.40910236671363603,0.0,1.0,1.0
2022-01-19,25.017179489135742,27.85633334520929,24.676847241963106,0.4697541689916888,0.15580811471187264,44515.18921121955,48500.0,1584,0.3199209904118473,0.0,0.0,0.0,1779,0,0,0,0.0,0.09021789651935021,0.5096065266180883,0.0,1.0,1.0
2022-01-20,24.102005004882812,27.498778265178196,23.810848597324895,0.4374964219420534,0.14452812195365633,44515.18921121955,48500.0,1584,0.3737831670013032,0.0,0.0,0.0,1846,0,0,0,0.0,0.10189557171046883,0.617622577181316,0.0,1.0,1.0
2022-01-21,23.327545166015625,27.101517970019856,22.8883121018136,0.4381816750546051,0.14940579740388524,44515.18921121955,48500.0,1584,0.4150111802133163,0.025018633688860446,1.0,0.4150111802133163,1908,2,2,2,46.65509033203125,0.11487001104100097,0.6962659449885908,0.0,1.0,1.0
2022-01-24,23.325551986694336,26.74190216208409,22.165078958366916,0.4343490749853506,0.1469895797481092,44468.53412088752,48500.0,1586,0.3939240762118674,0.0,0.0,0.0,1906,0,0,0,0.0,0.1255122303285491,0.6387634945867118,0.0,1.0,1.0
2022-01-25,22.27963638305664,26.316924468843382,21.465841243768992,0.3967193430163611,0.13501712135137514,44468.53412088752,48500.0,1586,0.45790749163472866,0.09651248605788107,1.0,0.45790749163472866,1995,2,2,2,44.55927276611328,0.13940943901885358,0.7670516535027655,0.0,1.0,1.0
2022-01-26,22.726741790771484,25.975002309027012,20.995597122766117,0.41620738622537967,0.13485124421615632,44423.974848121405,48500.0,1588,0.3986537714178604,0.0,0.0,0.0,1954,0,0,0,0.0,0.1495195120260846,0.6252666466802718,0.0,1.0,1.0
2022-01-27,21.900388717651367,25.58694387175314,20.41360071483109,0.4234908015623673,0.13289277552608886,44423.974848121405,48500.0,1588,0.44718041091717275,0.0786340181952879,1.0,0.44718041091717275,2028,2,2,2,43.800777435302734,0.16222542539496934,0.7203977099765256,0.0,1.0,1.0
2022-01-28,22.794607162475586,25.32100704229813,20.15528439027841,0.4679076062779243,0.16908030870317242,44380.1740706861,48500.0,1590,0.3509433160996519,0.0,0.0,0.0,1946,0,0,0,0.0,0.16988863510816438,0.49887428955772867,0.0,1.0,1.0
2022-01-31,24.437335968017578,25.23684789236665,20.28655716105916,0.5559274026765544,0.18717848475930213,44380.1740706861,48500.0,1590,0.19897221539615592,0.0,0.0,0.0,1816,0,0,0,0.0,0.1726476670337531,0.15840170051326016,0.0,1.0,1.0
2022-02-01,24.589040756225586,25.17515197463893,20.64858996779835,0.5454919475166156,0.18749826044064052,44880.1740706861,49000.0,1590,0.1847744134596835,0.0,0.0,0.0,1825,0,0,0,0.0,0.18309200735355308,0.11640668922352143,0.0,1.0,1.0
2022-02-02,25.191835403442383,25.17674087262021,21.0158174699919,0.5537864958612151,0.1922394195685303,44880.1740706861,49000.0,1590,0.0,0.0,0.0,0.0,1781,0,0,0,0.0,0.18304044923538493,0.0,0.0,0.0,1.0
2022-02-03,23.900407791137695,25.05518534105045,21.00134105163856,0.5465375983778715,0.19890454005255195,44880.1740706861,49000.0,1590,0.23784422932855928,0.0,0.0,0.0,1877,0,0,0,0.0,0.18698480219856706,0.2304468185315647,0.0,1.0,1.0
2022-02-04,24.270668029785156,24.980469406644232,21.18093798434019,0.5433381469163286,0.2006509274431401,44880.1740706861,49000.0,1590,0.19916623528031338,0.0,0.0,0.0,1849,0,0,0,0.0,0.1894092580292994,0.14207126481584154,0.0,1.0,1.0
2022-02-07,24.678857803344727,24.95174449204428,21.313061374823192,0.5401944367404469,0.2006086158183209,44880.1740706861,49000.0,1590,0.16026090798103557,0.0,0.0,0.0,1818,0,0,0,0.0,0.19034135219693046,0.05468288776092636,0.0,1.0,1.0
2022-02-08,25.058103561401367,24.961873927221145,21.52972708884103,0.5436638011013949,0.204005704512645,44880.1740706861,49000.0,1590,0.0,0.0,0.0,0.0,1791,0,0,0,0.0,0.1900126623615996,0.0,0.0,0.0,1.0
2022-02-09,26.65192985534668,25.122831634661672,21.872938186501255,0.5911704044921031,0.2085672399334852,44880.1740706861,49000.0,1590,0.0,0.0,0.0,0.0,1683,0,0,0,0.0,0.1847897489977131,0.0,0.0,0.0,1.0
2022-02-10,25.772676467895508,25.18472161877918,22.28236836987934,0.6007196850015291,0.21622084747151102,44880.1740706861,49000.0,1590,0.0,0.0,0.0,0.0,1741,0,0,0,0.0,0.18278148216614498,0.0,0.0,0.0,1.0
2022-02-11,23.90140724182129,25.062501201926047,22.319046600477435,0.6278740631471855,0.22029052537101174,44880.1740706861,49000.0,1590,0.23827419124633328,0.0,0.0,0.0,1877,0,0,0,0.0,0.18674740997831812,0.23163968168020033,0.0,1.0,1.0
2022-02-14,24.21877098083496,24.982145942774515,22.516424546697973,0.6276716324360053,0.21996481097490883,44880.1740706861,49000.0,1590,0.20396253252951976,0.0,0.0,0.0,1853,0,0,0,0.0,0.18935485614262287,0.15278410503408782,0.0,1.0,1.0
2022-02-15,26.442344665527344,25.121212487798594,22.559867270343798,0.700173535114063,0.221242581760511,44880.1740706861,49000.0,1590,0.0,0.0,0.0,0.0,1697,0,0,0,0.0,0.1848422886612293,0.0,0.0,0.0,1.0
2022-02-16,26.458309173583984,25.248555029301965,22.518370523988807,0.688426448440988,0.21895614074883166,44880.1740706861,49000.0,1590,0.0,0.0,0.0,0.0,1696,0,0,0,0.0,0.18071015313081376,0.0,0.0,0.0,1.0
2022-02-17,24.458293914794922,25.17329206601558,22.44393645615474,0.7312846484844278,0.22815738626132254,44880.1740706861,49000.0,1590,0.19632541336676582,0.0,0.0,0.0,1834,0,0,0,0.0,0.18315235949051478,0.1420152257689648,0.0,1.0,1.0
2022-02-18,23.59501838684082,25.022980287046558,22.31152174750748,0.7333113245962043,0.2196126035315148,44880.1740706861,49000.0,1590,0.26301196610355737,0.0,0.0,0.0,1902,0,0,0,0.0,0.18802982333869334,0.28533010133587855,0.0,1.0,1.0
2022-02-22,23.343515396118164,24.86303124981528,22.152965728895456,0.7345895347752189,0.2218574956692072,44880.1740706861,49000.0,1590,0.2744588115707567,0.0,0.0,0.0,1922,0,0,0,0.0,0.193220006383545,0.30557735266258096,0.0,1.0,1.0
2022-02-23,22.342510223388672,24.62298162825084,21.92281986198105,0.732997968019784,0.22702765009272716,44880.1740706861,49000.0,1590,0.34883924300660574,0.0,0.0,0.0,2008,0,0,0,0.0,0.20100937165471766,0.4630778350266284,0.0,1.0,1.0
2022-02-24,23.700803756713867,24.53515516429494,21.923572516353545,0.7606715351007305,0.23435538501369318,44880.1740706861,49000.0,1590,0.21825098096354764,0.0,0.0,0.0,1893,0,0,0,0.0,0.20385925079124576,0.17003181801663797,0.0,1.0,1.0
2022-02-25,24.10898780822754,24.494567797050426,22.1525392010464,0.7473862778734359,0.2472066229319432,44880.1740706861,49000.0,1590,0.1777475814136342,0.0,0.0,0.0,1861,0,0,0,0.0,0.20517626944264944,0.0787072448098711,0.0,1.0,1.0
2022-02-28,24.33654022216797,24.479517551823523,22.27584918788361,0.7361298351906381,0.23110210279090623,44880.1740706861,49000.0,1590,0.15569064321771983,0.0,0.0,0.0,1844,0,0,0,0.0,0.20566463454286932,0.02920346149650811,0.0,1.0,1.0
2022-03-01,23.430341720581055,24.379596044086146,22.117644024389808,0.7042217546162006,0.22486196769651476,45380.1740706861,49500.0,1590,0.2352109780459681,0.0,0.0,0.0,1936,0,0,0,0.0,0.216897824038445,0.1946821271748174,0.0,1.0,1.0
2022-03-02,24.175983428955078,24.360204366454617,22.0932723703193,0.713588323071144,0.23487553422435592,45380.1740706861,49500.0,1590,0.16489965663449677,0.0,0.0,0.0,1877,0,0,0,0.0,0.21752070822903352,0.03781186206984819,0.0,1.0,1.0
2022-03-03,23.670900344848633,24.294556364396904,22.023042145499982,0.7111922632702743,0.23142187302808118,45380.1740706861,49500.0,1590,0.20659209749030158,0.0,0.0,0.0,1917,0,0,0,0.0,0.21962940162846306,0.1283530372388738,0.0,1.0,1.0
2022-03-04,22.894319534301758,24.161200475816415,21.797984019627293,0.6971695442862563,0.2176625335116089,45380.1740706861,49500.0,1590,0.26873849873547806,0.0,0.0,0.0,1982,0,0,0,0.0,0.22391295441316977,0.2621725983323369,0.0,1.0,1.0
2022-03-07,21.313196182250977,23.889961971667326,21.1578053688296,0.7339003319820291,0.2373075259073052,45380.1740706861,49500.0,1590,0.39736593993989355,0.0,0.0,0.0,2129,0,0,0,0.0,0.23262546394038291,0.5392988470371582,0.0,1.0,1.0
2022-03-08,21.47490119934082,23.659956183826704,20.67515473552733,0.7309086409972222,0.2377116908584366,45380.1740706861,49500.0,1590,0.3657991064761571,0.0,0.0,0.0,2113,0,0,0,0.0,0.24001352864071807,0.4617622635285198,0.0,1.0,1.0
2022-03-09,22.97217559814453,23.594453270904594,20.6096290292429,0.7759849215477902,0.25639886344971075,45380.1740706861,49500.0,1590,0.21829417024790385,0.0,0.0,0.0,1975,0,0,0,0.0,0.2421175616012464,0.1318694833940955,0.0,1.0,1.0
2022-03-10,22.616823196411133,23.50134564476236,20.745012860828723,0.7353881157866136,0.24826729901630185,45380.1740706861,49500.0,1590,0.2449822015570041,0.0,0.0,0.0,2006,0,0,0,0.0,0.24510829141066354,0.18818548982712324,0.0,1.0,1.0
2022-03-11,22.05984115600586,23.364059502976026,20.678885604710135,0.7320838010083314,0.2449170812942201,45380.1740706861,49500.0,1590,0.2878816593087714,0.0,0.0,0.0,2057,0,0,0,0.0,0.24951808869228523,0.2791078208827623,0.0,1.0,1.0
2022-03-14,21.291234970092773,23.16664764270143,20.300490972364415,0.6985242446724053,0.23847903252930702,45380.1740706861,49500.0,1590,0.3472811844528456,0.0,0.0,0.0,2131,0,0,0,0.0,0.2558591969314085,0.4047656574082482,0.0,1.0,1.0
2022-03-15,22.931249618530273,23.14422878325656,20.293429867430426,0.7548542152537382,0.25332352755068244,45380.1740706861,49500.0,1590,0.1861657735664913,0.0,0.0,0.0,1978,0,0,0,0.0,0.256579317871153,0.04601129005438331,0.0,1.0,1.0
2022-03-16,24.451486587524414,23.268729526520165,20.748123758363384,0.7174515585889305,0.2602933161825638,45380.1740706861,49500.0,1590,0.013661091389390312,0.0,0.0,0.0,1855,0,0,0,0.0,0.25258020308753404,0.0,0.0,0.0,1.0
2022-03-17,24.720991134643555,23.40704015586525,21.254568453828618,0.7190857731965034,0.26462872630310247,45380.1740706861,49500.0,1590,0.011661874110675055,0.0,0.0,0.0,1835,0,0,0,0.0,0.24813749802372234,0.0,0.0,0.0,1.0
2022-03-18,26.404924392700195,23.692552940325722,21.157421172043406,0.7059564308455741,0.2562756514345694,45380.1740706861,49500.0,1590,0.0075349165898373205,0.0,0.0,0.0,1718,0,0,0,0.0,0.2389664813107496,0.0,0.0,0.0,1.0
2022-03-21,26.685413360595703,23.97758726606572,21.02266401699359,0.6900340009035837,0.2545173697861691,45380.1740706861,49500.0,1590,0.003414874972322804,0.0,0.0,0.0,1700,0,0,0,0.0,0.22981083327182847,0.0,0.0,0.0,1.0
2022-03-22,26.475801467895508,24.215512428144745,20.966166775612873,0.689150170615442,0.25300047820182847,45380.1740706861,49500.0,1590,0.0,0.0,0.0,0.0,1714,0,0,0,0.0,0.22216838867171426,0.0,0.0,0.0,1.0
2022-03-23,25.587413787841797,24.346169700496844,21.0382914337165,0.6809064139025496,0.2471505398533759,45380.1740706861,49500.0,1590,0.0,0.0,0.0,0.0,1773,0,0,0,0.0,0.21797151871131346,0.0,0.0,0.0,1.0
2022-03-24,28.098844528198242,24.70356730313507,20.87062798099359,0.7306597715688903,0.24675917050494092,45380.1740706861,49500.0,1590,0.0,0.0,0.0,0.0,1615,0,0,0,0.0,0.20649147450535832,0.0,0.0,0.0,1.0
2022-03-25,27.641674041748047,24.983386992526786,20.81544725961745,0.7356407670070886,0.23591086391568486,45380.1740706861,49500.0,1590,0.0,0.0,0.0,0.0,1641,0,0,0,0.0,0.19750332690671535,0.0,0.0,0.0,1.0
2022-03-28,28.16771697998047,25.286656515141424,20.749108760567495,0.7367010413471661,0.23603509217617,45380.1740706861,49500.0,1590,0.0,0.0,0.0,0.0,1611,0,0,0,0.0,0.18776194224091183,0.0,0.0,0.0,1.0
2022-03-29,28.60392189025879,25.602586550866885,20.710543649797724,0.716947271598561,0.2286553340790968,45380.1740706861,49500.0,1590,0.0,0.0,0.0,0.0,1586,0,0,0,0.0,0.17761388654791213,0.0,0.0,0.0,1.0
2022-03-30,27.639678955078125,25.796595351267957,20.727500573469097,0.7293039620424485,0.22419872839652577,45380.1740706861,49500.0,1590,0.0,0.0,0.0,0.0,1641,0,0,0,0.0,0.17138208871684743,0.0,0.0,0.0,1.0
2022-03-31,27.23641014099121,25.93372056933684,20.77954321525689,0.7263645002384855,0.23187540788310976,45380.1740706861,49500.0,1590,0.0,0.0,0.0,0.0,1666,0,0,0,0.0,0.16697746050008944,0.0,0.0,0.0,1.0
2022-04-01,26.6634521484375,26.00321881496547,20.89213502463027,0.7187525287070669,0.2289199466010693,45880.1740706861,50000.0,1590,0.0,0.0,0.0,0.0,1720,0,0,0,0.0,0.17309764168409805,0.0,0.0,0.0,1.0
2022-04-04,27.310283660888672,26.12770118124387,21.267328177410334,0.6588486456182033,0.1955423563198411,45880.1740706861,50000.0,1590,0.0,0.0,0.0,0.0,1679,0,0,0,0.0,0.1691391024364449,0.0,0.0,0.0,1.0
2022-04-05,25.883872985839844,26.10447944834825,21.618005973723413,0.6986985701665847,0.20059461462170236,45880.1740706861,50000.0,1590,0.14545943419053828,0.0,0.0,0.0,1772,0,0,0,0.0,0.16987755354252568,0.04225452243644826,0.0,1.0,1.0
2022-04-06,24.362646102905273,25.93859055830606,21.587224187927934,0.7025655316091782,0.18923415769984256,45880.1740706861,50000.0,1590,0.2655214560465853,0.0,0.0,0.0,1883,0,0,0,0.0,0.17515282024586726,0.30378374874654435,0.0,1.0,1.0
2022-04-07,24.164003372192383,25.769582254866663,21.600953002702223,0.700373676747068,0.18765602052585523,45880.1740706861,50000.0,1590,0.2714239697576698,0.0,0.0,0.0,1898,0,0,0,0.0,0.18052728429524015,0.3115259818329149,0.0,1.0,1.0
2022-04-08,23.076984405517578,25.513144364452465,21.51634197329667,0.7150683662939393,0.17955064115370056,45880.1740706861,50000.0,1590,0.34975144973666994,0.0,0.0,0.0,1988,0,0,0,0.0,0.18868200921041164,0.4774323235377438,0.0,1.0,1.0
2022-04-11,21.877164840698242,25.166860600285396,21.305060254624763,0.7296132718696117,0.18990237559657186,45880.1740706861,50000.0,1590,0.4339718309555136,0.05661971825918932,1.0,0.4339718309555136,2097,2,2,2,43.754329681396484,0.1996938329109244,0.6535769025457725,0.0,1.0,1.0
2022-04-12,21.46491813659668,24.814294651362662,20.66990734399433,0.6769157712744557,0.17780434386135724,45836.419741004705,50000.0,1592,0.44816061990391565,0.08026769983985937,1.0,0.44816061990391565,2135,2,2,2,42.92983627319336,0.2099128583006128,0.6748885192636441,0.0,1.0,1.0
2022-04-13,22.162649154663086,24.561756985010323,20.14041855865497,0.6410794626177412,0.16438856887416545,45793.48990473151,50000.0,1594,0.3674092851778462,0.0,0.0,0.0,2066,0,0,0,0.0,0.21697118731787088,0.4883827797440095,0.0,1.0,1.0
2022-04-14,21.21936798095703,24.243434222719536,19.39980029373203,0.6523875106741748,0.165069308995612,45793.48990473151,50000.0,1594,0.43286314795801617,0.05477191326336025,1.0,0.43286314795801617,2158,2,2,2,42.43873596191406,0.22711931697970114,0.623687678482557,0.0,1.0,1.0
2022-04-18,21.743412017822266,24.005336869872178,18.896329564713486,0.6025390765590923,0.1590569427713379,45751.0511687696,50000.0,1596,0.3671956518822551,0.0,0.0,0.0,2104,0,0,0,0.0,0.23374964711368013,0.47112957929133115,0.0,1.0,1.0
2022-04-19,22.157657623291016,23.82936741781683,18.57892539564121,0.6069050291234949,0.16990575705135333,45751.0511687696,50000.0,1596,0.31555998897162285,0.0,0.0,0.0,2064,0,0,0,0.0,0.2393665920232868,0.3507667168025416,0.0,1.0,1.0
2022-04-20,21.44295883178711,23.602090409623525,18.1551987546653,0.6126772671495864,0.16463548111237306,45751.0511687696,50000.0,1596,0.3668107504179722,0.0,0.0,0.0,2133,0,0,0,0.0,0.24662127412481713,0.45740261569289864,0.0,1.0,1.0
2022-04-21,20.14632225036621,23.2729696325514,17.45544255969999,0.6336151902096503,0.16719724384982765,45751.0511687696,50000.0,1596,0.46798720811559325,0.11331201352598871,1.0,0.46798720811559325,2270,2,2,2,40.29264450073242,0.25712680932895926,0.6717336531501369,0.0,1.0,1.0
2022-04-22,19.479534149169922,22.911690062705546,16.92551276203254,0.48788976439288917,0.18310506539205487,45710.758524268866,50000.0,1598,0.5075325751485742,0.17922095858095696,1.0,0.5075325751485742,2346,3,3,3,58.438602447509766,0.2677423855959307,0.7489966702897898,0.0,1.0,1.0
2022-04-25,19.865833282470703,22.62160846458794,16.58801342112641,0.5057906131784354,0.18347648483550671,45652.319921821356,50000.0,1601,0.4481413217030943,0.08023553617182377,1.0,0.4481413217030943,2298,2,2,2,39.731666564941406,0.2756560969638941,0.6091023957096487,0.0,1.0,1.0
2022-04-26,18.753854751586914,22.25325096811165,16.207414039003257,0.5071752141147575,0.20028783449818452,45612.588255256414,50000.0,1603,0.5327721788535793,0.2212869647559655,1.0,0.5327721788535793,2432,3,3,3,56.26156425476074,0.2865607739623405,0.7862662901567244,0.0,1.0,1.0
2022-04-27,18.38153648376465,21.884516255316697,16.014057115479293,0.48993131485927294,0.1921001566728128,45556.326691001654,50000.0,1606,0.5438310172867046,0.2397183621445076,1.0,0.5438310172867046,2478,3,3,3,55.144609451293945,0.2970693378792277,0.8003329227578936,0.0,1.0,1.0
2022-04-28,19.746047973632812,21.68085260944204,16.14207326823111,0.5929766411852199,0.2190364251351343,45501.18208155036,50000.0,1609,0.386830128466342,0.0,0.0,0.0,2304,0,0,0,0.0,0.30231016302815517,0.44620123356371577,0.0,1.0,1.0
2022-04-29,18.513296127319336,21.379180563525594,16.090051822733216,0.6153491402031461,0.24499052444291158,45501.18208155036,50000.0,1609,0.49202114211567594,0.1533685701927932,1.0,0.49202114211567594,2457,2,2,2,37.02659225463867,0.3120179694657464,0.6702512352357557,0.0,1.0,1.0
2022-05-02,19.49750328063965,21.199973203250742,16.30760268925279,0.6654633411315315,0.2460873679010447,45964.15548929572,50500.0,1611,0.37635183383737947,0.0,0.0,0.0,2357,0,0,0,0.0,0.3236998647438229,0.4015264326725758,0.0,1.0,1.0
2022-05-03,19.566377639770508,21.044392673395482,16.898587204111728,0.6533283512769112,0.24416644349884742,45964.15548929572,50500.0,1611,0.35592306632973614,0.0,0.0,0.0,2349,0,0,0,0.0,0.32866303768633426,0.3511659986019683,0.0,1.0,1.0
2022-05-04,20.297042846679688,20.97321649942255,17.458387792994863,0.6642340385119038,0.2706603038739186,45964.15548929572,50500.0,1611,0.27145982720183615,0.0,0.0,0.0,2264,0,0,0,0.0,0.33093362810753013,0.16119932122988334,0.0,1.0,1.0
2022-05-05,18.80975341796875,20.767172396426947,17.539849432268834,0.6798099714532188,0.2945483917055512,45964.15548929572,50500.0,1611,0.4216215781123892,0.03603596352064864,1.0,0.4216215781123892,2443,2,2,2,37.6195068359375,0.3375066389971522,0.4712772016076142,0.0,1.0,0.9233115015975568
2022-05-06,18.641063690185547,20.564685852975387,17.68877527702642,0.6797553546148042,0.2930955666401771,45926.53598245978,50500.0,1613,0.42161445683252474,0.03602409472087453,1.0,0.42161445683252474,2463,2,2,2,37.282127380371094,0.343151717210905,0.4677003520847663,0.0,1.0,0.9326897435052739
2022-05-09,16.91919708251953,20.217496446265304,17.257121834857717,0.7292434691107682,0.30915654048757163,45889.25385507941,50500.0,1615,0.779547078094768,0.63257846349128,1.0,0.779547078094768,2712,4,4,4,67.67678833007812,0.35344046018379277,0.8157042026721993,1.0,1.0,0.9656802019042854
2022-05-10,17.563020706176758,19.964689232923536,16.94167595969105,0.7376553903237757,0.30747370138489194,45821.577066749334,50500.0,1619,0.4827166371434516,0.13786106190575262,1.0,0.4827166371434516,2608,2,2,2,35.126041412353516,0.3599439234038969,0.601479066046822,0.0,1.0,0.9992370810937188
2022-05-11,16.599775314331055,19.644221240676636,16.403848790726144,0.7543355977968289,0.31022505740182005,45786.45102533698,50500.0,1621,0.5649512033379628,0.27491867222993793,1.0,0.5649512033379628,2758,3,3,3,49.799325942993164,0.36943994789828066,0.7748960595194143,0.0,1.0,1.0
2022-05-12,16.145605087280273,19.311019702257937,15.966475728593178,0.7375666109132119,0.30451764408767357,45736.65169939399,50500.0,1624,0.5893591273995494,0.3155985456659157,1.0,0.5893591273995494,2832,3,3,3,48.43681526184082,0.3789881980897645,0.8195876405759008,0.0,1.0,1.0
2022-05-13,17.67382049560547,19.155095968291036,15.869266783843397,0.8244644958818386,0.321221766530274,45688.21488413215,50500.0,1627,0.39628293731445885,0.0,0.0,0.0,2585,0,0,0,0.0,0.3828645318730789,0.38665310660349633,0.0,1.0,1.0
2022-05-16,17.23262596130371,18.972003586673193,15.835097198934223,0.8173031556815358,0.32088231419763974,45688.21488413215,50500.0,1627,0.43122640252906586,0.052044004215109727,1.0,0.43122640252906586,2651,2,2,2,34.46525192260742,0.38876336959371716,0.4584064138042068,0.0,1.0,1.0
2022-05-17,18.143966674804688,18.893142928400003,16.15291686253371,0.8418726507233474,0.32466317682277485,45653.74963220954,50500.0,1629,0.3149701492005532,0.0,0.0,0.0,2516,0,0,0,0.0,0.390555844943295,0.1982667088357122,0.0,1.0,1.0
2022-05-18,16.907217025756836,18.704007128148273,16.188157588709327,0.8645920138074995,0.34871958343179843,45653.74963220954,50500.0,1629,0.4446406014021256,0.07440100233687594,1.0,0.4446406014021256,2700,2,2,2,33.81443405151367,0.3966568789751775,0.48032223525176826,0.0,1.0,1.0
2022-05-19,17.092878341674805,18.550566291341276,16.0998903837993,0.846731937701093,0.34723472952968293,45619.935198158026,50500.0,1631,0.4071954282654938,0.011992380442489663,1.0,0.4071954282654938,2668,2,2,2,34.18575668334961,0.4008718094816313,0.39289580888613274,0.0,1.0,1.0
2022-05-20,16.66366195678711,18.370861116621832,15.884283689608244,0.8439159939936529,0.3377405867452271,45585.749441474676,50500.0,1633,0.4417685793550786,0.06961429892513102,1.0,0.4417685793550786,2735,2,2,2,33.32732391357422,0.40594819399121873,0.4646486490200669,0.0,1.0,1.0
2022-05-23,16.86728858947754,18.227663733084277,15.816047447534302,0.8412025137753235,0.3457805390534075,45552.4221175611,50500.0,1635,0.4023585777134884,0.003930962855813921,1.0,0.4023585777134884,2700,2,2,2,33.73457717895508,0.40985682765162784,0.37316223393390174,0.0,1.0,1.0
2022-05-24,16.12464141845703,18.027375893595966,15.504528253310163,0.8329715773685823,0.334084903559741,45518.68754038215,50500.0,1637,0.4745129766308026,0.12418829438467098,1.0,0.4745129766308026,2822,2,2,2,32.24928283691406,0.4156274388551169,0.5277347314355555,0.0,1.0,1.0
2022-05-25,16.944150924682617,17.924211610842313,15.380990786223256,0.8551099630652491,0.3364858530005791,45486.43825754523,50500.0,1639,0.3612433575638322,0.0,0.0,0.0,2684,0,0,0,0.0,0.4182617261352366,0.2733901795621682,0.0,1.0,1.0
2022-05-26,17.818557739257812,17.914149337358076,15.541475708755373,0.831563887077382,0.33171040061226154,45486.43825754523,50500.0,1639,0.2503709489381927,0.0,0.0,0.0,2552,0,0,0,0.0,0.4185883017043587,0.026680473713847262,0.0,1.0,1.0
2022-05-27,18.77681541442871,17.996308011364803,15.601816555479493,0.8252040833421973,0.31989203797050075,45486.43825754523,50500.0,1639,0.08716481240035426,0.0,0.0,0.0,2422,0,0,0,0.0,0.4159218053341206,0.0,0.0,0.0,1.0
2022-05-31,18.638065338134766,18.057427756771467,15.769194375318143,0.8031054741368152,0.32014584119449285,45486.43825754523,50500.0,1639,0.08627216154441988,0.0,0.0,0.0,2440,0,0,0,0.0,0.41393813676537755,0.0,0.0,0.0,1.0
2022-06-01,18.286701202392578,18.079263323021095,15.947966849365962,0.8053463046320922,0.3206196445774147,45986.43825754523,51000.0,1639,0.08854194776678023,0.0,0.0,0.0,2514,0,0,0,0.0,0.41898210614840053,0.0,0.0,0.0,1.0
2022-06-02,19.55638885498047,18.219941945112467,16.26716749089295,0.8337706770800603,0.3085051029462752,45986.43825754523,51000.0,1639,0.08650748663494706,0.0,0.0,0.0,2351,0,0,0,0.0,0.41446108141099347,0.0,0.0,0.0,1.0
2022-06-03,18.685983657836914,18.264326870133843,16.327371164919025,0.806286844726023,0.28682490809282457,45986.43825754523,51000.0,1639,0.08586560229279966,0.0,0.0,0.0,2461,0,0,0,0.0,0.41303467176177705,0.0,0.0,0.0,1.0
2022-06-06,18.751861572265625,18.31075874652735,16.360246965455644,0.8054793091813653,0.2863435254399392,45986.43825754523,51000.0,1639,0.0851941154215442,0.0,0.0,0.0,2452,0,0,0,0.0,0.4115424787145427,0.0,0.0,0.0,1.0
2022-06-07,18.891605377197266,18.366077473257818,16.355501882911888,0.7250808032788082,0.26132587872738355,45986.43825754523,51000.0,1639,0.08439410901173916,0.0,0.0,0.0,2434,0,0,0,0.0,0.4097646866927537,0.0,0.0,0.0,1.0
2022-06-08,18.618045806884766,18.390074457412766,16.336226141113126,0.7187202099011842,0.26536181529245995,45986.43825754523,51000.0,1639,0.08404707027323952,0.0,0.0,0.0,2469,0,0,0,0.0,0.4089934894960878,0.0,0.0,0.0,1.0
2022-06-09,18.019010543823242,18.354735037070906,16.366988676218778,0.6983681501310613,0.27312913224215707,45986.43825754523,51000.0,1639,0.2757126497385044,0.0,0.0,0.0,2552,0,0,0,0.0,0.41012920145570164,0.09145446462986362,0.0,1.0,1.0
2022-06-10,16.946735382080078,18.220639831833687,16.343365860776284,0.7268765275486206,0.29355555376568665,45986.43825754523,51000.0,1639,0.3938071832113773,0.0,0.0,0.0,2713,0,0,0,0.0,0.41443865324754087,0.3495773094444086,0.0,1.0,1.0
2022-06-13,15.621865272521973,17.973137492851617,15.851127435884818,0.6974285531484942,0.30919571028917675,45986.43825754523,51000.0,1639,0.7464565413104133,0.5774275688506888,1.0,0.7464565413104133,2943,3,3,3,46.86559581756592,0.42239269900423926,0.6541073369256776,1.0,1.0,0.879684748580494
2022-06-14,15.810564041137695,17.76717811649791,15.485768337171205,0.6959226767066432,0.30919183758111535,45939.57266172767,51000.0,1642,0.5028016813280155,0.17133613554669247,1.0,0.5028016813280155,2905,3,3,3,47.431692123413086,0.42796653985706734,0.5506260089618222,0.0,1.0,0.8756496564048484
2022-06-15,16.50045394897461,17.646537719590928,15.3208176948302,0.6867175017925943,0.3041619790730928,45892.140969604254,51000.0,1645,0.40185101015626706,0.0030850169271117354,1.0,0.40185101015626706,2781,2,2,2,33.00090789794922,0.43081265590731227,0.3247333241307593,0.0,1.0,0.8814468086086518
2022-06-16,15.575939178466797,17.449337858531486,14.971762041806887,0.6728551742749213,0.2925843358517514,45859.140061706305,51000.0,1647,0.4963435582482065,0.1605725970803441,1.0,0.4963435582482065,2944,2,2,2,31.151878356933594,0.43648903033330677,0.5368108220647266,0.0,1.0,0.9164137533090859
2022-06-17,15.854491233825684,17.2974477037976,14.71629068684009,0.6752314443273861,0.2930212140564299,45827.98818334937,51000.0,1649,0.44398613131983367,0.07331021886638941,1.0,0.44398613131983367,2890,2,2,2,31.708982467651367,0.44071585757721093,0.4171009777515099,0.0,1.0,0.9203144457809074
2022-06-21,16.539390563964844,17.225251785718292,14.635564201129139,0.6888179102233536,0.3085975683307049,45796.27920088172,51000.0,1651,0.3526497035913934,0.0,0.0,0.0,2768,0,0,0,0.0,0.4423746921917471,0.1990859786218353,0.0,1.0,0.8600759827471867
2022-06-22,16.333723068237305,17.140344288815342,14.515005100018142,0.6888252449221842,0.2993069246345139,45796.27920088172,51000.0,1651,0.3644066563498986,0.0,0.0,0.0,2803,0,0,0,0.0,0.44512336429737004,0.23529901353976454,0.0,1.0,0.9178341367681191
2022-06-23,16.19894027709961,17.050686763890035,14.432834490243938,0.6704444531775278,0.3015332694169531,45796.27920088172,51000.0,1651,0.3787200642681338,0.0,0.0,0.0,2827,0,0,0,0.0,0.44802580691799126,0.24976896783836736,0.0,1.0,0.8528758437222754
2022-06-24,17.098487854003906,17.055239248662783,14.442368848723898,0.6752681112481721,0.32060700119988556,45796.27920088172,51000.0,1651,0.12602716010273857,0.0,0.0,0.0,2678,0,0,0,0.0,0.4478784313815244,0.0,0.0,0.0,0.755181340189474
2022-06-27,16.841907501220703,17.034921939382585,14.416428597898474,0.6504112984012655,0.3113191789087084,45796.27920088172,51000.0,1651,0.3032340529494759,0.0,0.0,0.0,2719,0,0,0,0.0,0.4485361544721442,0.05665257488373243,0.0,1.0,0.7410087526066855
2022-06-28,15.956329345703125,16.932198835222636,14.327286775740557,0.6388739753231034,0.30117473181654597,45796.27920088172,51000.0,1651,0.4062412983331491,0.010402163888581784,1.0,0.4062412983331491,2870,2,2,2,31.91265869140625,0.4518615631970084,0.28816974659235955,0.0,1.0,0.7677279107206654
2022-06-29,15.517033576965332,16.797421191579083,14.172220069528784,0.6428855628139107,0.3012748914440452,45764.36654219031,51000.0,1653,0.448687845091136,0.08114640848522667,1.0,0.448687845091136,2949,2,2,2,31.034067153930664,0.4555659366729368,0.38112624551429286,0.0,1.0,0.7782363689311731
2022-06-30,15.134649276733398,16.639061961593782,13.94135552941318,0.6444681135166731,0.3015179090472144,45733.33247503638,51000.0,1655,0.48233571243886053,0.13722618739810086,1.0,0.48233571243886053,3021,2,2,2,30.269298553466797,0.46004612654043703,0.45207256524822825,0.0,1.0,0.7811769886603883
2022-07-01,14.499670028686523,16.43531034893595,13.830673521439394,0.5839695807398335,0.2950322880817402,46203.063176482916,51500.0,1657,0.5620838084703506,0.2701396807839176,1.0,0.5620838084703506,3186,3,3,3,43.49901008605957,0.4711978786759831,0.5888663734222527,0.0,1.0,0.6494510497385566
2022-07-05,14.939962387084961,16.292896257331094,13.760969711307919,0.5928404310490227,0.2921083463946612,46159.564166396856,51500.0,1660,0.4813831470474725,0.1356385784124541,1.0,0.4813831470474725,3089,2,2,2,29.879924774169922,0.4748309167539881,0.4151913351922841,0.0,1.0,0.6912686632835001
2022-07-06,15.105697631835938,16.17982972156965,13.816437987292304,0.5958087172424645,0.292240256916918,46129.68424162269,51500.0,1662,0.44450521943823024,0.07417536573038369,1.0,0.44450521943823024,3053,2,2,2,30.211395263671875,0.47784704859711147,0.3319355358547951,0.0,1.0,0.6989694356512772
2022-07-07,15.832525253295898,16.146753105543578,14.117115322880537,0.6282759925598971,0.29602128106732234,46099.472846359015,51500.0,1664,0.33214923594571966,0.0,0.0,0.0,2911,0,0,0,0.0,0.47828743363835896,0.09730372731710289,0.0,1.0,0.7686678648423817
2022-07-08,15.812561988830566,16.11492538014234,14.449104521983164,0.6282320238960104,0.29466507302163786,46099.472846359015,51500.0,1664,0.33024034248546313,0.0,0.0,0.0,2915,0,0,0,0.0,0.479315809076566,0.09381470412651123,0.0,1.0,0.7766838845592166
2022-07-11,15.127660751342773,16.020900177399522,14.607573087065054,0.6352670143892087,0.2860110528267377,46099.472846359015,51500.0,1664,0.40741319058741887,0.012355317645698083,1.0,0.40741319058741887,3047,2,2,2,30.255321502685547,0.4823538272778096,0.27877317009840363,0.0,1.0,0.8509395823187713
2022-07-12,15.057772636413574,15.929173744924668,14.569495912096912,0.6053443083903538,0.2691571638068777,46069.21752485633,51500.0,1666,0.4037804543081719,0.006300757180286443,1.0,0.4037804543081719,3059,2,2,2,30.11554527282715,0.48469896196030104,0.27352363734143414,0.0,1.0,0.8741971537760893
2022-07-13,15.139640808105469,15.853980131894268,14.466572633386193,0.540978282485085,0.22986064894421365,46039.1019795835,51500.0,1668,0.3741858144980301,0.0,0.0,0.0,3040,0,0,0,0.0,0.4865157502912691,0.22528706288452005,0.0,1.0,0.9612545143107496
2022-07-14,15.347306251525879,15.805725476621088,14.407579536796266,0.5415348929889646,0.22967292458074073,46039.1019795835,51500.0,1668,0.3384052455083102,0.0,0.0,0.0,2999,0,0,0,0.0,0.48807863893196163,0.14501682500220453,0.0,1.0,0.9648771326206464
2022-07-15,15.736681938171387,15.79914990153064,14.44980775303941,0.5252346217990939,0.23388007245424278,46039.1019795835,51500.0,1668,0.29148217712645486,0.0,0.0,0.0,2925,0,0,0,0.0,0.48829161095625034,0.01976940650243516,0.0,1.0,0.8714528072995362
2022-07-18,16.075138092041016,15.825434491103056,14.465963150578615,0.49008017031010315,0.2013520176219254,46039.1019795835,51500.0,1668,0.11934813341704945,0.0,0.0,0.0,2863,0,0,0,0.0,0.4874402964823321,0.0,0.0,0.0,1.0
2022-07-19,16.964704513549805,15.933936398002746,14.463086530935863,0.5230718896374232,0.22055513940829347,46039.1019795835,51500.0,1668,0.12013215633149035,0.0,0.0,0.0,2713,0,0,0,0.0,0.4839260987986684,0.0,0.0,0.0,0.9763458812791042
2022-07-20,17.77839469909668,16.109599093345025,14.413879991638584,0.5280688397263668,0.20657756198854835,46039.1019795835,51500.0,1668,0.11520650331136356,0.0,0.0,0.0,2589,0,0,0,0.0,0.4782366740252524,0.0,0.0,0.0,1.0
2022-07-21,18.02100372314453,16.29163762951641,14.3406625722615,0.5253179400997502,0.20757244478861853,46039.1019795835,51500.0,1668,0.1125533358307764,0.0,0.0,0.0,2554,0,0,0,0.0,0.47234074629061423,0.0,0.0,0.0,1.0
2022-07-22,17.291179656982422,16.386832108322697,14.342791449590454,0.5484324080971305,0.21067840752994707,46039.1019795835,51500.0,1668,0.11116589940763077,0.0,0.0,0.0,2662,0,0,0,0.0,0.4692575542391795,0.0,0.0,0.0,1.0
2022-07-25,16.99665641784668,16.44491061399165,14.412294131009244,0.5173141258432453,0.1821466626947612,46039.1019795835,51500.0,1668,0.11031941928423045,0.0,0.0,0.0,2708,0,0,0,0.0,0.4673764872982899,0.0,0.0,0.0,1.0
2022-07-26,16.506444931030273,16.450771025138184,14.443458512727643,0.5249844148492867,0.18695432184966349,46039.1019795835,51500.0,1668,0.11023400521419957,0.0,0.0,0.0,2789,0,0,0,0.0,0.46718667825377685,0.0,0.0,0.0,1.0
2022-07-27,17.761423110961914,16.575595033311874,14.409532116244714,0.5534393599448428,0.19186850494545524,46039.1019795835,51500.0,1668,0.10841472559215742,0.0,0.0,0.0,2592,0,0,0,0.0,0.46314383464923875,0.0,0.0,0.0,1.0
2022-07-28,17.95511245727539,16.706977645117924,14.393599789462474,0.5392392531047272,0.19428739036039502,46039.1019795835,51500.0,1668,0.10649985591406769,0.0,0.0,0.0,2564,0,0,0,0.0,0.4588885686979282,0.0,0.0,0.0,1.0
2022-07-29,18.133825302124023,16.842867898166123,14.421459864699777,0.5253817549241868,0.19249092254441244,46039.1019795835,51500.0,1668,0.10451928845896133,0.0,0.0,0.0,2538,0,0,0,0.0,0.45448730768658074,0.0,0.0,0.0,1.0
2022-08-01,18.411378860473633,16.99224989457636,14.552692968438583,0.488913728238902,0.1927112138871098,46539.1019795835,52000.0,1668,0.10472340825251891,0.0,0.0,0.0,2527,0,0,0,0.0,0.4549409072278198,0.0,0.0,0.0,1.0
2022-08-02,18.496238708496094,17.13548692447348,14.656523652771172,0.48493422484751947,0.19614447319936518,46539.1019795835,52000.0,1668,0.10265583681711937,0.0,0.0,0.0,2516,0,0,0,0.0,0.45034630403804304,0.0,0.0,0.0,1.0
2022-08-03,18.862651824951172,17.29997881975707,14.754060971710809,0.48590181542874306,0.20093730221231615,46539.1019795835,52000.0,1668,0.10028145957481432,0.0,0.0,0.0,2467,0,0,0,0.0,0.4450699101662541,0.0,0.0,0.0,1.0
2022-08-04,19.184133529663086,17.479422125462403,14.782991976020465,0.46709060163212,0.19723936311011042,46539.1019795835,52000.0,1668,0.10034618999704034,0.0,0.0,0.0,2425,0,0,0,0.0,0.43931392105247524,0.0,0.0,0.0,0.9734507447657352
2022-08-05,18.958498001098633,17.620286494570614,14.857402796626948,0.4719263666421123,0.19747362355273573,46539.1019795835,52000.0,1668,0.09650629524074408,0.0,0.0,0.0,2454,0,0,0,0.0,0.43479542552031186,0.0,0.0,0.0,0.9915164624339625
2022-08-08,17.764415740966797,17.63401308946549,15.039005940934402,0.5051352676776291,0.19059908391499583,46539.1019795835,52000.0,1668,0.09545980336629237,0.0,0.0,0.0,2619,0,0,0,0.0,0.43435511859176085,0.0,0.0,0.0,1.0
2022-08-09,17.058551788330078,17.57920725126212,15.207053085621922,0.5319404339126198,0.1869066470231824,46539.1019795835,52000.0,1668,0.312890700933123,0.0,0.0,0.0,2728,0,0,0,0.0,0.43611312124797663,0.14808843638118543,0.0,1.0,1.0
2022-08-10,18.067930221557617,17.625752296052166,15.49788572716169,0.5633954002322712,0.19385694415578547,46539.1019795835,52000.0,1668,0.09557904474198547,0.0,0.0,0.0,2575,0,0,0,0.0,0.4346200994266344,0.0,0.0,0.0,1.0
2022-08-11,17.913179397583008,17.65312630572177,15.797119547089821,0.5667127821328924,0.1927405568556029,46539.1019795835,52000.0,1668,0.09518391144087002,0.0,0.0,0.0,2598,0,0,0,0.0,0.4337420254241556,0.0,0.0,0.0,1.0
2022-08-12,18.678945541381836,17.750823375784634,16.09318634519212,0.5768961192907246,0.19105127460077456,46539.1019795835,52000.0,1668,0.09377369181030873,0.0,0.0,0.0,2491,0,0,0,0.0,0.4306082040229083,0.0,0.0,0.0,1.0
2022-08-15,19.001426696777344,17.869928453974413,16.3596461539782,0.5758942552714098,0.1843302601110906,46539.1019795835,52000.0,1668,0.09205445581628474,0.0,0.0,0.0,2449,0,0,0,0.0,0.42678767959174385,0.0,0.0,0.0,1.0
2022-08-16,18.848674774169922,17.96314238923113,16.48758711426707,0.5517186630080917,0.16564528344839446,46539.1019795835,52000.0,1668,0.09070894851236758,0.0,0.0,0.0,2469,0,0,0,0.0,0.4237976633608168,0.0,0.0,0.0,1.0
2022-08-17,18.3055477142334,17.995752420183727,16.524393243315835,0.5412008769549793,0.17069812260022899,46539.1019795835,52000.0,1668,0.0902382352578864,0.0,0.0,0.0,2542,0,0,0,0.0,0.42275163390641424,0.0,0.0,0.0,1.0
2022-08-18,18.74284553527832,18.066904145430833,16.56964052640819,0.5453270476418194,0.16929051721600563,46539.1019795835,52000.0,1668,0.08921118746999263,0.0,0.0,0.0,2483,0,0,0,0.0,0.4204693054888725,0.0,0.0,0.0,1.0
2022-08-19,17.820329666137695,18.04342086168863,16.59182450429074,0.5552408714900591,0.1733030705065909,46539.1019795835,52000.0,1668,0.2673694514370102,0.0,0.0,0.0,2611,0,0,0,0.0,0.4212225769750647,0.06182064844051338,0.0,1.0,1.0
2022-08-22,17.00663948059082,17.944679777774553,16.49478131407566,0.577181132625549,0.19427780971555755,46539.1019795835,52000.0,1668,0.35859196255881454,0.0,0.0,0.0,2736,0,0,0,0.0,0.42438988712830855,0.26137002966905704,0.0,1.0,1.0
2022-08-23,17.153406143188477,17.869320384004453,16.55338267583125,0.567018864637431,0.18827173169852737,46539.1019795835,52000.0,1668,0.33220695467013617,0.0,0.0,0.0,2713,0,0,0,0.0,0.4268071846053956,0.20031938132824018,0.0,1.0,1.0
2022-08-24,17.1943359375,17.80503615100403,16.425824650655237,0.4962479966757937,0.16661559335220574,46539.1019795835,52000.0,1668,0.3201645682961588,0.0,0.0,0.0,2706,0,0,0,0.0,0.4288692250024092,0.17149648232238796,0.0,1.0,1.0
2022-08-25,17.884225845336914,17.81257802665478,16.430594313264898,0.5161049390365652,0.1684103131126431,46539.1019795835,52000.0,1668,0.09288228717678695,0.0,0.0,0.0,2602,0,0,0,0.0,0.4286273048373043,0.0,0.0,0.0,1.0
2022-08-26,16.2338809967041,17.66222592856424,16.029968996283493,0.6098327605657863,0.20305412808011433,46539.1019795835,52000.0,1668,0.42701015373573736,0.04501692289289557,1.0,0.42701015373573736,2866,2,2,2,32.4677619934082,0.43345013752220857,0.40435020411276335,0.0,1.0,1.0
2022-08-29,15.775617599487305,17.482548944842627,15.56285115941976,0.6103714704117691,0.20401586346089687,46506.63421759009,52000.0,1670,0.4670252162588052,0.11170869376467533,1.0,0.4670252162588052,2948,2,2,2,31.55123519897461,0.4385412165790926,0.48818148621825214,0.0,1.0,1.0
2022-08-30,15.443154335021973,17.28832088676447,15.08736868882836,0.6107117964682293,0.20619965514332436,46475.08298239112,52000.0,1672,0.48999172141027547,0.1499862023504591,1.0,0.48999172141027547,3009,2,2,2,30.886308670043945,0.4441139899486501,0.5336453909630731,0.0,1.0,1.0
2022-08-31,15.069753646850586,17.077028768677433,14.62422893709546,0.6038134196406868,0.1973875103374516,46444.196673721075,52000.0,1674,0.5170833890552707,0.19513898175878452,1.0,0.5170833890552707,3081,3,3,3,45.20926094055176,0.4502510354083457,0.5877120513811446,0.0,1.0,1.0
2022-09-01,13.914615631103516,16.775846565098966,13.935651768657644,0.6378383554639254,0.19824946381614003,46898.98741278052,52500.0,1677,0.8426114822753576,0.7376858037922628,1.0,0.8426114822753576,3370,4,4,4,55.65846252441406,0.46413152972055305,0.8527828753357972,1.0,1.0,1.0
2022-09-02,13.625078201293945,16.475773387593726,13.2937554097003,0.6380094432295377,0.20052232751310292,46843.32895025611,52500.0,1681,0.651910409359697,0.4198506822661617,1.0,0.651910409359697,3438,3,3,3,40.875234603881836,0.472461427341999,0.8651172601239943,0.0,1.0,1.0
2022-09-06,13.443371772766113,16.18697323380062,12.636559028041084,0.6129536903607292,0.2005102835618315,46802.45371565223,52500.0,1684,0.6477150236427247,0.4128583727378745,1.0,0.6477150236427247,3481,3,3,3,40.33011531829834,0.48078356331961436,0.8474720447753294,0.0,1.0,1.0
2022-09-07,13.696040153503418,15.949741511867554,12.130799172638966,0.6144538015912142,0.21393194855831316,46762.12360033393,52500.0,1687,0.5872921444007106,0.3121535740011844,1.0,0.5872921444007106,3414,3,3,3,41.088120460510254,0.48748163941865597,0.7065009036940343,0.0,1.0,1.0
2022-09-08,13.9716796875,15.761354671451596,11.816073263476868,0.5700174811030334,0.19884778525937283,46721.03547987342,52500.0,1690,0.5271691880940301,0.21194864682338352,1.0,0.5271691880940301,3343,3,3,3,41.9150390625,0.4926344877189867,0.5677414858233024,0.0,1.0,1.0
2022-09-09,14.368158340454102,15.628669306594691,11.635097008363156,0.5878976156345842,0.20851242361531436,46679.12044081092,52500.0,1693,0.45467664496857085,0.09112774161428472,1.0,0.45467664496857085,3248,2,2,2,28.736316680908203,0.49601262597971785,0.40326880728377273,0.0,1.0,1.0
2022-09-12,14.486002922058105,15.519843936638827,11.610809087265288,0.5586140244140988,0.20165836592364753,46650.38412413001,52500.0,1695,0.4244006476893477,0.04066774614891282,1.0,0.4244006476893477,3220,2,2,2,28.97200584411621,0.4989307529028036,0.33307068640685794,0.0,1.0,1.0
2022-09-13,13.113802909851074,15.29069717218285,11.415280415679554,0.6189238705257122,0.24766750624267547,46621.412118285894,52500.0,1697,0.5979121642035312,0.32985360700588534,1.0,0.5979121642035312,3555,3,3,3,39.34140872955322,0.5057464171201086,0.7118361699988497,0.0,1.0,1.0
2022-09-14,13.110807418823242,15.08308862424384,11.308199457364683,0.621145242314203,0.24822516208660111,46582.07070955634,52500.0,1700,0.574430318347872,0.29071719724645323,1.0,0.574430318347872,3552,3,3,3,39.33242225646973,0.5115952255006756,0.6538054819390398,0.0,1.0,1.0
2022-09-15,12.912067413330078,14.876324699394912,11.16994061552409,0.6196579665342322,0.24930127173347716,46542.73828729987,52500.0,1703,0.579936253340587,0.2998937555676449,1.0,0.579936253340587,3604,3,3,3,38.736202239990234,0.5174403626081994,0.6601957559264383,0.0,1.0,1.0
2022-09-16,13.180715560913086,14.714838114777596,11.288371992741164,0.6170807932222097,0.2481860992594793,46504.00208505988,52500.0,1706,0.5194049190931148,0.19900819848852466,1.0,0.5194049190931148,3528,3,3,3,39.54214668273926,0.5218378319274176,0.5212842105017262,0.0,1.0,1.0
2022-09-19,13.36447525024414,14.586232127679171,11.366868905911728,0.6136602027185694,0.24964936091216366,46464.45993837714,52500.0,1709,0.4747947078544579,0.12465784642409643,1.0,0.4747947078544579,3476,2,2,2,26.72895050048828,0.5251834151199294,0.4188048245566435,0.0,1.0,1.0
2022-09-20,13.158743858337402,14.450280863932337,11.341390134510126,0.6019456742686199,0.24273531595546038,46437.730987876654,52500.0,1711,0.4891767787552239,0.14862796459203984,1.0,0.4891767787552239,3529,2,2,2,26.317487716674805,0.5290584655583195,0.44688993167551133,0.0,1.0,1.0
2022-09-21,13.243633270263672,14.335362045487702,11.42934891431267,0.6010026077878188,0.24748069277558973,46411.41350015998,52500.0,1713,0.4608677028663877,0.10144617144397942,1.0,0.4608677028663877,3504,2,2,2,26.487266540527344,0.5322576155443727,0.3807817241587109,0.0,1.0,1.0
2022-09-22,12.544548988342285,14.164808420997662,11.477993256545577,0.6150569937646206,0.2464554540322938,46384.92623361945,52500.0,1715,0.549146397043409,0.24857732840568156,1.0,0.549146397043409,3697,3,3,3,37.633646965026855,0.5372829249140764,0.5719312907379436,0.0,1.0,1.0
2022-09-23,12.499608993530273,14.006217999334101,11.885032308618765,0.5818682681334195,0.23973065210841496,46347.292586654425,52500.0,1718,0.5357745315865505,0.22629088597758418,1.0,0.5357745315865505,3707,3,3,3,37.49882698059082,0.5416631900408384,0.5378357690403849,0.0,1.0,1.0
2022-09-26,12.21198558807373,13.835338722071208,11.908992260444904,0.5107497748115739,0.21764624954977527,46309.793759673834,52500.0,1721,0.5643520092221459,0.27392001537024313,1.0,0.5643520092221459,3792,3,3,3,36.63595676422119,0.5464644201774371,0.5866690966545614,0.0,1.0,0.9555807335225355
2022-09-27,12.396743774414062,13.698329679437194,11.972175299811036,0.5174496905012943,0.21781629183263201,46273.15780290961,52500.0,1724,0.513399302182396,0.18899883697066006,1.0,0.513399302182396,3732,3,3,3,37.19023132324219,0.5501729453838149,0.475089275657077,0.0,1.0,0.9796869728600532
2022-09-28,12.719320297241211,13.605090690656624,12.114837894612736,0.5326200292241097,0.23307486791317752,46235.96757158637,52500.0,1727,0.4546614666469508,0.0911024444115846,1.0,0.4546614666469508,3635,2,2,2,25.438640594482422,0.5524573024235431,0.3255290293741743,0.0,1.0,0.9043238266202209
2022-09-29,12.203998565673828,13.471653345420167,12.133695704263108,0.5418306236191499,0.24110134798593272,46210.52893099189,52500.0,1729,0.5247942223811047,0.20799037063517453,1.0,0.5247942223811047,3786,3,3,3,36.611995697021484,0.5563335498241625,0.4704896820171266,0.0,1.0,0.8727623194747531
2022-09-30,12.123101234436035,13.343219811040726,11.965096660058121,0.48104409476228716,0.24264595267032588,46173.91693529487,52500.0,1732,0.5424450097422666,0.23740834957044432,1.0,0.5424450097422666,3808,3,3,3,36.369303703308105,0.5598008245195707,0.4572054548614699,0.0,1.0,0.6520781597920162
2022-10-03,12.495615005493164,13.26249554384572,11.879186784721016,0.4951703931272736,0.2648231576390199,46637.54763159156,53000.0,1735,0.4789127872678002,0.13152131211300028,1.0,0.4789127872678002,3732,2,2,2,24.991230010986328,0.5658409477627864,0.2891162284719546,0.0,1.0,0.5581794203783332
2022-10-04,13.14975643157959,13.25175848553466,11.879291946329758,0.5319877935466617,0.2904574800145471,46612.55640158057,53000.0,1737,0.3692510903894466,0.0,0.0,0.0,3544,0,0,0,0.0,0.5656923681250244,0.038486233380427816,0.0,1.0,0.5262928028800693
2022-10-05,13.191701889038086,13.246038809677845,11.905581814671379,0.5273228650509647,0.2809756085396861,46612.55640158057,53000.0,1737,0.35747930926675725,0.0,0.0,0.0,3533,0,0,0,0.0,0.5658798224073506,0.020510630166680286,0.0,1.0,0.5639639439155668
2022-10-06,13.112805366516113,13.233349910329109,11.968027412842863,0.5213396205008644,0.2801911351881979,46612.55640158057,53000.0,1737,0.37027388358604874,0.0,0.0,0.0,3554,0,0,0,0.0,0.5662956831275158,0.04554574035668244,0.0,1.0,0.5505475698184048
2022-10-07,12.060184478759766,13.121619869227265,11.974098859657822,0.5754494571007712,0.2843818410506012,46612.55640158057,53000.0,1737,0.5198622693599142,0.1997704489331903,1.0,0.5198622693599142,3864,3,3,3,36.1805534362793,0.56995747711608,0.4044605014647508,0.0,1.0,0.686258210014598
2022-10-10,11.654716491699219,12.981914785653167,11.988740460432826,0.5789000070568172,0.27808630471438733,46576.37584814429,53000.0,1740,0.764760662626083,0.6079344377101383,1.0,0.764760662626083,3996,4,4,4,46.618865966796875,0.5738012881691225,0.5111720096255323,1.0,1.0,0.7347732138151173
2022-10-11,11.570826530456543,12.847525428015395,11.748308946100025,0.4850992623122846,0.24152524849233473,46529.756982177496,53000.0,1744,0.7659756671261168,0.6099594452101946,1.0,0.7659756671261169,4021,4,4,4,46.28330612182617,0.5772436915762481,0.49686568231064715,1.0,1.0,0.6737355112298615
2022-10-12,11.484939575195312,12.717755346794434,11.526844385556831,0.48467767975314663,0.23980665079363145,46483.47367605567,53000.0,1748,0.7609300810812263,0.6015501351353771,1.0,0.7609300810812263,4047,4,4,4,45.93975830078125,0.5805540312038364,0.4846829247701551,1.0,1.0,0.6842654910707
2022-10-13,11.944336891174316,12.644096446259185,11.434247896245845,0.5099640818450003,0.2618487204950843,46437.53391775489,53000.0,1752,0.4741383489638824,0.12356391493980398,1.0,0.4741383489638824,3887,2,2,2,23.888673782348633,0.5820291137010172,0.27671394237580976,0.0,1.0,0.6229602627068973
2022-10-14,11.212295532226562,12.507734454446556,11.20873269036863,0.5406381753125914,0.2717503967455333,46413.64524397254,53000.0,1754,0.5809751353649011,0.30162522560816846,1.0,0.5809751353649011,4139,3,3,3,33.63688659667969,0.586064788054731,0.5178551427270903,0.0,1.0,0.657888334869186
2022-10-17,11.872429847717285,12.447229253805672,11.207262200504825,0.5859017621699573,0.29020779941786706,46380.00835737586,53000.0,1757,0.449973686078926,0.08328947679821,1.0,0.449973686078926,3906,2,2,2,23.74485969543457,0.5873626075672347,0.23089452052658418,0.0,1.0,0.6824202156329244
2022-10-18,11.95132827758789,12.400000589403978,11.210818063843684,0.5860627075897215,0.29256120093701526,46356.263497680426,53000.0,1759,0.4292849677906463,0.04880827965107711,1.0,0.4292849677906463,3878,2,2,2,23.90265655517578,0.5884603577969509,0.18091624616513577,0.0,1.0,0.669345039922927
2022-10-19,12.035216331481934,12.365259231506641,11.262071964854613,0.5862023675772396,0.28753549921504085,46332.36084112525,53000.0,1761,0.40527836299774705,0.008797271662911721,1.0,0.40527836299774705,3849,2,2,2,24.070432662963867,0.5891467640248453,0.13345571404753065,0.0,1.0,0.6989275213482222
2022-10-20,12.17802906036377,12.347427786635892,11.254689310268382,0.5593153169833813,0.2873795460402213,46308.290408462286,53000.0,1763,0.3838531957373351,0.0,0.0,0.0,3802,0,0,0,0.0,0.5892732983426588,0.06859676735889458,0.0,1.0,0.62188333828364
2022-10-21,12.449673652648926,12.357165488160945,11.267051200941665,0.5651776974392667,0.2935670506467431,46308.290408462286,53000.0,1763,0.20459320400333933,0.0,0.0,0.0,3719,0,0,0,0.0,0.5889493819692878,0.0,0.0,0.0,0.6043401788284017
2022-10-24,12.582499504089355,12.378625870630318,11.27520987909235,0.5592805156080662,0.2928168179364112,46308.290408462286,53000.0,1763,0.20553920564457934,0.0,0.0,0.0,3680,0,0,0,0.0,0.5882355205675236,0.0,0.0,0.0,0.5916677861080628
2022-10-25,13.243633270263672,12.461007527738257,11.2676164456191,0.5859781829854983,0.29657454894232455,46308.290408462286,53000.0,1763,0.19882108503555068,0.0,0.0,0.0,3496,0,0,0,0.0,0.585495164690518,0.0,0.0,0.0,0.6465173907518238
2022-10-26,12.879109382629395,12.500826752013603,11.292493519266646,0.5900572484275286,0.2919068476170928,46308.290408462286,53000.0,1763,0.19442770416421534,0.0,0.0,0.0,3595,0,0,0,0.0,0.5841706120037738,0.0,0.0,0.0,0.6844907123748287
2022-10-27,13.158743858337402,12.563485524044442,11.292296748188509,0.5726751646709719,0.28102759554075557,46308.290408462286,53000.0,1763,0.19212302875379225,0.0,0.0,0.0,3519,0,0,0,0.0,0.5820863211530123,0.0,0.0,0.0,0.6981581576506326
2022-10-28,13.815881729125977,12.682761353099826,11.250828807949265,0.5930677654821306,0.2836314157088566,46308.290408462286,53000.0,1763,0.18590504361032445,0.0,0.0,0.0,3351,0,0,0,0.0,0.5781187119714152,0.0,0.0,0.0,0.742483767768124
2022-10-31,13.479324340820312,12.75862449478749,11.247775316788177,0.5963430225754751,0.2746459869702831,46308.290408462286,53000.0,1763,0.17807489671490517,0.0,0.0,0.0,3435,0,0,0,0.0,0.5755951889752765,0.0,0.0,0.0,0.8094293832396926
2022-11-01,13.52526569366455,12.831637942299592,11.275589190649196,0.5689018823601165,0.25483752200458204,46808.290408462286,53500.0,1763,0.17368581774740544,0.0,0.0,0.0,3460,0,0,0,0.0,0.5771555571537537,0.0,0.0,0.0,0.8603418297178373
2022-11-02,13.201687812805176,12.866880787109647,11.30985107955711,0.576259324514032,0.27096647007470226,46808.290408462286,53500.0,1763,0.18197394399362493,0.0,0.0,0.0,3545,0,0,0,0.0,0.5759941901369288,0.0,0.0,0.0,0.7722344156799303
2022-11-03,13.403424263000488,12.917980165765917,11.330588686139432,0.5779446524887587,0.27113716283415135,46808.290408462286,53500.0,1763,0.18080978131929681,0.0,0.0,0.0,3492,0,0,0,0.0,0.5743102984627045,0.0,0.0,0.0,0.7762985298892022
2022-11-04,14.13746166229248,13.034121260673208,11.298866011582748,0.5196456783675525,0.25423803246145266,46808.290408462286,53500.0,1763,0.18638957424659292,0.0,0.0,0.0,3310,0,0,0,0.0,0.5704830694847315,0.0,0.0,0.0,0.7032780702153625
2022-11-07,14.282271385192871,13.152992701103653,11.320442574380241,0.4952608180082282,0.253114327944537,46808.290408462286,53500.0,1763,0.19189893641169387,0.0,0.0,0.0,3277,0,0,0,0.0,0.5665658666907338,0.0,0.0,0.0,0.6305570359913635
2022-11-08,14.582878112792969,13.289172264121683,11.361795610769875,0.4918762183576751,0.250876852758335,46808.290408462286,53500.0,1763,0.18954955836862947,0.0,0.0,0.0,3209,0,0,0,0.0,0.5620783046421209,0.0,0.0,0.0,0.6338567872032497
2022-11-09,13.75795841217041,13.333818563935848,11.484078221474952,0.5457213172887353,0.2643350526761048,46808.290408462286,53500.0,1763,0.18023100695624542,0.0,0.0,0.0,3402,0,0,0,0.0,0.5606070630239458,0.0,0.0,0.0,0.720421714045302
2022-11-10,15.729372024536133,13.561966512564446,11.410488931544412,0.7179489551662775,0.3149232067307004,46808.290408462286,53500.0,1763,0.15891007795460177,0.0,0.0,0.0,2975,0,0,0,0.0,0.5530888418382969,0.0,0.0,0.0,0.8997990087263181
2022-11-11,16.305620193481445,13.82326686312797,11.454634130958274,0.6622965352798692,0.29785488208728866,46808.290408462286,53500.0,1763,0.15971896279237638,0.0,0.0,0.0,2870,0,0,0,0.0,0.5444781405664558,0.0,0.0,0.0,0.8529620046252875
2022-11-14,16.273656845092773,14.056637337600808,11.487438119976712,0.6496453605436134,0.29137759861482243,46808.290408462286,53500.0,1763,0.15575741714090274,0.0,0.0,0.0,2876,0,0,0,0.0,0.5367878200712107,0.0,0.0,0.0,0.8579710189114207
2022-11-15,16.6441707611084,14.303069092220579,11.536927366957038,0.6488719503277596,0.2905963930395768,46808.290408462286,53500.0,1763,0.15182540042348314,0.0,0.0,0.0,2812,0,0,0,0.0,0.5286670876713107,0.0,0.0,0.0,0.8607478902860664
2022-11-16,15.88916301727295,14.45412565651128,11.693107916632528,0.6856460779090721,0.29139651242651815,46808.290408462286,53500.0,1763,0.13957967828312318,0.0,0.0,0.0,2945,0,0,0,0.0,0.523689279767675,0.0,0.0,0.0,0.9608049761233055
2022-11-17,15.656466484069824,14.568634306754952,11.873572342319335,0.6935826769026091,0.28934220221865026,46808.290408462286,53500.0,1763,0.13420365761181807,0.0,0.0,0.0,2989,0,0,0,0.0,0.5199158451811405,0.0,0.0,0.0,0.9975847271969516
2022-11-18,15.38882064819336,14.646747291653849,12.046128977482711,0.7010191374784441,0.27973827458827494,46808.290408462286,53500.0,1763,0.1328037950685312,0.0,0.0,0.0,3041,0,0,0,0.0,0.5173417668189583,0.0,0.0,0.0,1.0
2022-11-21,15.296940803527832,14.708670483260896,12.226097573398894,0.7037772177376078,0.27862295333338416,46808.290408462286,53500.0,1763,0.13188553779635454,0.0,0.0,0.0,3059,0,0,0,0.0,0.5153011951030101,0.0,0.0,0.0,1.0
2022-11-22,16.016996383666992,14.833272949966238,12.344032488660755,0.6997196060717654,0.2769714999333895,46808.290408462286,53500.0,1763,0.13003781131110811,0.0,0.0,0.0,2922,0,0,0,0.0,0.5111951362469069,0.0,0.0,0.0,1.0
2022-11-23,16.497365951538086,14.991757997734986,12.525105634489393,0.6880195179517666,0.2750213682695786,46808.290408462286,53500.0,1763,0.1276876409812514,0.0,0.0,0.0,2837,0,0,0,0.0,0.505972535513892,0.0,0.0,0.0,1.0
2022-11-25,16.248687744140625,15.111465592630761,12.705073392941065,0.6944248715887184,0.2733452567659312,46808.290408462286,53500.0,1763,0.12591250041282961,0.0,0.0,0.0,2880,0,0,0,0.0,0.5020277786951769,0.0,0.0,0.0,1.0
2022-11-28,15.80627155303955,15.17763758886017,12.814355448589376,0.6917510688663503,0.2681311111876421,46808.290408462286,53500.0,1763,0.12493123773603335,0.0,0.0,0.0,2961,0,0,0,0.0,0.499847194968963,0.0,0.0,0.0,1.0
2022-11-29,15.61851978302002,15.219626369256346,12.975747305290621,0.6854891484389855,0.26650138459527084,46808.290408462286,53500.0,1763,0.12430858728879399,0.0,0.0,0.0,2996,0,0,0,0.0,0.4984635273084311,0.0,0.0,0.0,1.0
2022-11-30,16.905162811279297,15.380153649449008,13.162569055058686,0.7337253229684425,0.2855665155934932,46808.290408462286,53500.0,1763,0.12192813275158185,0.0,0.0,0.0,2768,0,0,0,0.0,0.4931736283368486,0.0,0.0,0.0,1.0
2022-12-01,17.11693572998047,15.54556146664248,13.450573204507576,0.7212327025962703,0.26640983956429953,47308.290408462286,54000.0,1763,0.12160979278591089,0.0,0.0,0.0,2763,0,0,0,0.0,0.4924662061909131,0.0,0.0,0.0,1.0
2022-12-02,16.85820960998535,15.670575575532277,13.769791467571903,0.7285562294276307,0.26154477068442755,47308.290408462286,54000.0,1763,0.11977312716947164,0.0,0.0,0.0,2806,0,0,0,0.0,0.4883847270432703,0.0,0.0,0.0,1.0
2022-12-05,16.59249496459961,15.758377422110119,13.983307953900898,0.71720333035392,0.2709710522764038,47308.290408462286,54000.0,1763,0.11848317170683215,0.0,0.0,0.0,2851,0,0,0,0.0,0.4855181593485159,0.0,0.0,0.0,1.0
2022-12-06,15.970148086547852,15.778546056818474,14.169239574982528,0.7358610047644006,0.2766377529822687,47308.290408462286,54000.0,1763,0.11818686084857524,0.0,0.0,0.0,2962,0,0,0,0.0,0.48485969077461166,0.0,0.0,0.0,1.0
2022-12-07,16.103008270263672,15.80944722000373,14.335674423148676,0.7339258232809499,0.2765749468256926,47308.290408462286,54000.0,1763,0.1177328712594452,0.0,0.0,0.0,2937,0,0,0,0.0,0.48385082502098936,0.0,0.0,0.0,1.0
2022-12-08,17.150901794433594,15.93720479852086,14.831249805759844,0.723456295130892,0.26430421679864113,47308.290408462286,54000.0,1763,0.11585589950173103,0.0,0.0,0.0,2758,0,0,0,0.0,0.4796797766705134,0.0,0.0,0.0,1.0
2022-12-09,16.983078002929688,16.03681177036932,14.902245780520257,0.5344256155934444,0.17906925167365217,47308.290408462286,54000.0,1763,0.11439250707365745,0.0,0.0,0.0,2785,0,0,0,0.0,0.4764277934970165,0.0,0.0,0.0,1.0
2022-12-12,17.516517639160156,16.177736138825587,14.91257680056833,0.5305493300000736,0.18343921578325872,47308.290408462286,54000.0,1763,0.11232209322708739,0.0,0.0,0.0,2700,0,0,0,0.0,0.471826873837972,0.0,0.0,0.0,1.0
2022-12-13,18.052949905395508,16.35632792611796,14.875083737251018,0.5381595383548297,0.1819525912865887,47308.290408462286,54000.0,1763,0.10969828221878367,0.0,0.0,0.0,2620,0,0,0,0.0,0.46599618270840815,0.0,0.0,0.0,1.0
2022-12-14,17.655370712280273,16.480046286704848,14.900207567016208,0.5428253284601885,0.18103032996031904,47308.290408462286,54000.0,1763,0.10788065330449462,0.0,0.0,0.0,2679,0,0,0,0.0,0.46195700734332135,0.0,0.0,0.0,1.0
2022-12-15,16.93412971496582,16.523292327491607,14.954728315019945,0.5376520059680596,0.199922934467738,47308.290408462286,54000.0,1763,0.10724529688860249,0.0,0.0,0.0,2793,0,0,0,0.0,0.46054510419689443,0.0,0.0,0.0,1.0
2022-12-16,16.55352783203125,16.526171899352523,15.010996171484983,0.541901802763102,0.20319865244030386,47308.290408462286,54000.0,1763,0.10720299117867918,0.0,0.0,0.0,2857,0,0,0,0.0,0.460451091508176,0.0,0.0,0.0,1.0
2022-12-19,16.23686981201172,16.49861931960578,15.07727522681484,0.5429659773547985,0.20378256358472824,47308.290408462286,54000.0,1763,0.2933038861321442,0.0,0.0,0.0,2913,0,0,0,0.0,0.4613506322136113,0.07932467030226481,0.0,1.0,1.0
2022-12-20,16.06804656982422,16.457612391055154,15.148331829443435,0.5441869263855245,0.2038695470311734,47308.290408462286,54000.0,1763,0.3114696772135932,0.0,0.0,0.0,2944,0,0,0,0.0,0.4626894324920327,0.11835429464928557,0.0,1.0,1.0
2022-12-21,16.483604431152344,16.460087823445363,15.181602799398206,0.5263240389757754,0.2051861873599831,47308.290408462286,54000.0,1763,0.1081738763938819,0.0,0.0,0.0,2870,0,0,0,0.0,0.4626086142086264,0.0,0.0,0.0,1.0
2022-12-22,15.322831153869629,16.35177766443815,14.939469927710336,0.5738999896594685,0.20812971971589747,47308.290408462286,54000.0,1763,0.4013478831258025,0.0022464718763374565,1.0,0.4013478831258025,3087,2,2,2,30.645662307739258,0.46614474032584335,0.3146283332870509,0.0,1.0,1.0
2022-12-23,15.189970970153809,16.24112940783964,14.698616257140182,0.5725725790103503,0.21014435720773442,47277.64474615455,54000.0,1765,0.40674456329292885,0.011240938821548049,1.0,0.40674456329292885,3112,2,2,2,30.379941940307617,0.4691556776882044,0.323610018518304,0.0,1.0,1.0
2022-12-27,14.10611629486084,16.037794825651183,14.168544382501802,0.617268641601411,0.20444788407634387,47247.26480421424,54000.0,1767,0.7348456096737406,0.5580760161229009,1.0,0.7348456096737406,3349,3,3,3,42.31834888458252,0.4752077137606363,0.6022269744032316,1.0,1.0,1.0
2022-12-28,14.021203994750977,15.845738556041638,13.706190530128524,0.6167476517544815,0.20773458716772406,47204.94645532966,54000.0,1770,0.5253483397623698,0.20891389960394968,1.0,0.5253483397623698,3366,3,3,3,42.06361198425293,0.48061190288530187,0.5757177410310755,0.0,1.0,1.0
2022-12-29,14.587607383728027,15.725916539630818,13.456510375098059,0.5528543598683974,0.18329653905721552,47162.882843345404,54000.0,1773,0.4305142145350396,0.050857024225065925,1.0,0.4305142145350396,3233,2,2,2,29.175214767456055,0.48366574028212145,0.3619214031290775,0.0,1.0,1.0
2022-12-30,14.598594665527344,15.618552551620963,13.26779747566269,0.5489712173309357,0.18315340566964358,47133.70762857795,54000.0,1775,0.4159101430320472,0.026516905053411977,1.0,0.4159101430320472,3228,2,2,2,29.197189331054688,0.48661239297912573,0.3265212582032014,0.0,1.0,1.0
2023-01-03,14.299910545349121,15.492967598642693,13.02895421540373,0.550299649375926,0.18307203308639983,47604.51043924689,54500.0,1777,0.44594410012914754,0.07657350021524587,1.0,0.44594410012914754,3329,2,2,2,28.599821090698242,0.4948439738937969,0.3850318041709753,0.0,1.0,1.0
2023-01-04,14.733451843261719,15.420632764796885,12.907567096503962,0.5653606016627324,0.17794169882531224,47575.910618156195,54500.0,1779,0.3737519420828399,0.0,0.0,0.0,3229,0,0,0,0.0,0.4966365928702081,0.22281216731388043,0.0,1.0,1.0
2023-01-05,14.24996280670166,15.309140387835436,12.686724886057306,0.562052896956659,0.17560816997372128,47575.910618156195,54500.0,1779,0.43079258826783406,0.05132098044639007,1.0,0.43079258826783406,3338,2,2,2,28.49992561340332,0.5002759495420322,0.3459298021642655,0.0,1.0,1.0
2023-01-06,14.843337059020996,15.264778166043584,12.608430157618056,0.5845840768996249,0.19594368057475423,47547.41069254279,54500.0,1781,0.3376433724592176,0.0,0.0,0.0,3203,0,0,0,0.0,0.5011638547940619,0.13804363955975504,0.0,1.0,1.0
2023-01-09,15.611525535583496,15.297801725047385,12.720755042158048,0.565484170677875,0.19368176919879235,47547.41069254279,54500.0,1781,0.1250381065589133,0.0,0.0,0.0,3045,0,0,0,0.0,0.5000846812420295,0.0,0.0,0.0,1.0
2023-01-10,15.892229080200195,15.354413854109557,12.846236776837557,0.5703382561904682,0.19397025078441507,47547.41069254279,54500.0,1781,0.12420559663530081,0.0,0.0,0.0,2991,0,0,0,0.0,0.4982346591895574,0.0,0.0,0.0,1.0
2023-01-11,15.984130859375,15.414386902230076,13.057498009605114,0.5571149922957863,0.19262398596783978,47547.41069254279,54500.0,1781,0.1233236627010588,0.0,0.0,0.0,2974,0,0,0,0.0,0.4962748060023529,0.0,0.0,0.0,1.0
2023-01-12,16.49359703063965,15.517168819221464,13.416729597913257,0.5581603620736939,0.1911129538467513,47547.41069254279,54500.0,1781,0.12181220274926527,0.0,0.0,0.0,2882,0,0,0,0.0,0.4929160061094784,0.0,0.0,0.0,1.0
2023-01-13,16.881187438964844,15.64707535443512,13.690817993842838,0.5619475510328946,0.19048963345612635,47547.41069254279,54500.0,1781,0.11990186159977934,0.0,0.0,0.0,2816,0,0,0,0.0,0.4886708035550652,0.0,0.0,0.0,1.0
2023-01-17,17.683340072631836,15.841005327596713,13.741973005418826,0.5676762692939393,0.16639017103128884,47547.41069254279,54500.0,1781,0.11705002348986449,0.0,0.0,0.0,2688,0,0,0,0.0,0.4823333855330322,0.0,0.0,0.0,1.0
2023-01-18,17.35868263244629,15.985546023296672,13.772980753105093,0.5654309975700308,0.17142808702380363,47547.41069254279,54500.0,1781,0.11492447962621799,0.0,0.0,0.0,2739,0,0,0,0.0,0.4776099547249289,0.0,0.0,0.0,1.0
2023-01-19,16.747325897216797,16.058096487479542,13.800002511185859,0.5765532254370551,0.170429851584036,47547.41069254279,54500.0,1781,0.11385758844237653,0.0,0.0,0.0,2839,0,0,0,0.0,0.4752390854275034,0.0,0.0,0.0,1.0
2023-01-20,17.8201961517334,16.225915503122767,13.758243968321413,0.6143473582380327,0.18177390540851002,47547.41069254279,54500.0,1781,0.11138972513802309,0.0,0.0,0.0,2668,0,0,0,0.0,0.4697549447511624,0.0,0.0,0.0,1.0
2023-01-23,19.172773361206055,16.50656863246403,13.593706365109853,0.6598945636666839,0.17926180013958923,47547.41069254279,54500.0,1781,0.10726257925709545,0.0,0.0,0.0,2479,0,0,0,0.0,0.46058350946021215,0.0,0.0,0.0,1.0
2023-01-24,19.244693756103516,16.76734245376303,13.480062832445906,0.591341804006157,0.16903028524952046,47547.41069254279,54500.0,1781,0.10342776863177286,0.0,0.0,0.0,2470,0,0,0,0.0,0.45206170807060636,0.0,0.0,0.0,1.0
2023-01-25,19.302631378173828,17.00879854180215,13.427193858639068,0.5873357141422019,0.1688139893530802,47547.41069254279,54500.0,1781,0.09987703502151679,0.0,0.0,0.0,2463,0,0,0,0.0,0.444171188936704,0.0,0.0,0.0,1.0
2023-01-26,19.7811279296875,17.272829912076944,13.490018764009687,0.4970578892116054,0.1698354916641616,47547.41069254279,54500.0,1781,0.09599432049478776,0.0,0.0,0.0,2403,0,0,0,0.0,0.4355429344328617,0.0,0.0,0.0,1.0
2023-01-27,20.34353256225586,17.565277783522554,13.590663014870389,0.4904288906712751,0.16037262698829238,47547.41069254279,54500.0,1781,0.09169372697974035,0.0,0.0,0.0,2337,0,0,0,0.0,0.42598605995497857,0.0,0.0,0.0,1.0
2023-01-30,19.141803741455078,17.71542311284946,13.748206677701255,0.556180504491418,0.1621450959520492,47547.41069254279,54500.0,1781,0.08948576415058349,0.0,0.0,0.0,2483,0,0,0,0.0,0.4210794758901855,0.0,0.0,0.0,1.0
2023-01-31,19.516408920288086,17.88694557070076,13.939257469028277,0.5541279780131961,0.16689317755515534,47547.41069254279,54500.0,1781,0.08696343985985092,0.0,0.0,0.0,2436,0,0,0,0.0,0.4154743107996687,0.0,0.0,0.0,1.0
2023-02-01,20.92092514038086,18.17589600590839,14.16175038198923,0.5720764028337184,0.16667671093775563,48047.41069254279,55000.0,1781,0.08514414811026766,0.0,0.0,0.0,2296,0,0,0,0.0,0.41143144024503925,0.0,0.0,0.0,1.0
2023-02-02,21.686113357543945,18.51020242034987,14.335254152279752,0.5740273917017225,0.17071018611201008,48047.41069254279,55000.0,1781,0.08027269582201088,0.0,0.0,0.0,2215,0,0,0,0.0,0.40060599071557973,0.0,0.0,0.0,1.0
2023-02-03,21.077756881713867,18.75473141667025,14.734346222425724,0.5684221430430892,0.1691822597049031,48047.41069254279,55000.0,1781,0.07670946374744778,0.0,0.0,0.0,2279,0,0,0,0.0,0.3926876972165506,0.0,0.0,0.0,1.0
2023-02-06,21.0667724609375,18.97492580183856,15.112674716467655,0.5671973841469501,0.15771394184508136,48047.41069254279,55000.0,1781,0.07350083120211795,0.0,0.0,0.0,2280,0,0,0,0.0,0.38555740267137323,0.0,0.0,0.0,1.0
2023-02-07,22.149625778198242,19.277278180539483,15.368695235736876,0.5669229667457472,0.16107621734145147,48047.41069254279,55000.0,1781,0.06909500731284784,0.0,0.0,0.0,2169,0,0,0,0.0,0.37576668291743964,0.0,0.0,0.0,1.0
2023-02-08,22.181594848632812,19.553879767976944,15.656683903208727,0.5700554579856849,0.1683909187662329,48047.41069254279,55000.0,1781,0.06506441927190687,0.0,0.0,0.0,2166,0,0,0,0.0,0.3668098206042375,0.0,0.0,0.0,1.0
2023-02-09,22.313453674316406,19.816696330485467,16.00144650429776,0.5700119727280747,0.168350460928173,48047.41069254279,55000.0,1781,0.06123470410786225,0.0,0.0,0.0,2153,0,0,0,0.0,0.3582993424619161,0.0,0.0,0.0,1.0
2023-02-10,21.24258041381836,19.952494814612407,16.351544186078815,0.6121068919018833,0.16821654869533936,48047.41069254279,55000.0,1781,0.05925587328779791,0.0,0.0,0.0,2261,0,0,0,0.0,0.35390194063955094,0.0,0.0,0.0,1.0
2023-02-13,21.765033721923828,20.125117567689685,16.693951515068786,0.6123580819492115,0.17179383131050646,48047.41069254279,55000.0,1781,0.056740445915910986,0.0,0.0,0.0,2207,0,0,0,0.0,0.34831210203535773,0.0,0.0,0.0,1.0
2023-02-14,22.946786880493164,20.393847978432873,16.912138375548906,0.6178027459200878,0.1713941211248934,48047.41069254279,55000.0,1781,0.05282455523063587,0.0,0.0,0.0,2093,0,0,0,0.0,0.3396101227347464,0.0,0.0,0.0,1.0
2023-02-15,22.740005493164062,20.617291551264415,17.259542720189142,0.612209284909759,0.15857562818713616,48047.41069254279,55000.0,1781,0.04956857611343882,0.0,0.0,0.0,2112,0,0,0,0.0,0.3323746135854196,0.0,0.0,0.0,1.0
2023-02-16,21.97880744934082,20.7469597320336,17.856605323939068,0.6103659368099228,0.16528555419089666,48047.41069254279,55000.0,1781,0.047679074959303125,0.0,0.0,0.0,2186,0,0,0,0.0,0.32817572213178475,0.0,0.0,0.0,1.0
2023-02-17,21.365455627441406,20.805864103024817,18.277911889737968,0.5982623376746486,0.15418441248808995,48047.41069254279,55000.0,1781,0.04682073117510474,0.0,0.0,0.0,2248,0,0,0,0.0,0.3262682915002328,0.0,0.0,0.0,1.0
2023-02-21,20.633224487304688,20.789422234860996,18.402913249270608,0.5635829431289937,0.1664645636055412,48047.41069254279,55000.0,1781,0.21396530702094782,0.0,0.0,0.0,2328,0,0,0,0.0,0.326800709085683,0.03756663984975659,0.0,1.0,1.0
2023-02-22,20.73212242126465,20.783965109756583,18.549059563172577,0.5635822697680735,0.16652588970209456,48047.41069254279,55000.0,1781,0.20275214902899905,0.0,0.0,0.0,2317,0,0,0,0.0,0.3269774207186096,0.012471799345832684,0.0,1.0,1.0
2023-02-23,23.639055252075195,21.05587845664407,18.733572530702506,0.7416405888576187,0.16770995225495425,48047.41069254279,55000.0,1781,0.04317756747132018,0.0,0.0,0.0,2032,0,0,0,0.0,0.31817237215848926,0.0,0.0,0.0,1.0
2023-02-24,23.26145362854004,21.265933234919878,18.92065436741905,0.7458269801539011,0.16639401897880576,48047.41069254279,55000.0,1781,0.040116687434062964,0.0,0.0,0.0,2065,0,0,0,0.0,0.3113704165201399,0.0,0.0,0.0,1.0
2023-02-27,23.476226806640625,21.476437384607568,19.049228781104624,0.7423486472885905,0.16657099427453112,48047.41069254279,55000.0,1781,0.03704925923829572,0.0,0.0,0.0,2046,0,0,0,0.0,0.3045539094184349,0.0,0.0,0.0,1.0
2023-02-28,23.1915225982666,21.639778833527476,19.44356824137469,0.7036286641704685,0.1607701672081093,48047.41069254279,55000.0,1781,0.034669077343080085,0.0,0.0,0.0,2071,0,0,0,0.0,0.29926461631795576,0.0,0.0,0.0,1.0
2023-03-01,22.674074172973633,21.738283151569966,19.82619704644754,0.7121497651247856,0.15089615300321343,48547.41069254279,55500.0,1781,0.0360874408680045,0.0,0.0,0.0,2141,0,0,0,0.0,0.3024165352622322,0.0,0.0,0.0,1.0
2023-03-02,23.289426803588867,21.88601111842891,19.97553368583544,0.675972828666386,0.1481967739472474,48547.41069254279,55500.0,1781,0.033954169173606275,0.0,0.0,0.0,2084,0,0,0,0.0,0.29767593149690286,0.0,0.0,0.0,1.0
2023-03-03,23.864818572998047,22.074468971245018,20.036118337497907,0.6701870594176941,0.1503901743763578,48547.41069254279,55500.0,1781,0.031232735909832082,0.0,0.0,0.0,2034,0,0,0,0.0,0.2916283020218491,0.0,0.0,0.0,1.0
2023-03-06,23.529176712036133,22.21301256560608,20.18413005586212,0.6626663115068572,0.1469193801971269,48547.41069254279,55500.0,1781,0.029232091518828995,0.0,0.0,0.0,2063,0,0,0,0.0,0.28718242559739776,0.0,0.0,0.0,1.0
2023-03-07,23.26740074157715,22.313430487127132,20.35188384924806,0.6651795893446119,0.15457309261319047,48547.41069254279,55500.0,1781,0.02778200245210738,0.0,0.0,0.0,2086,0,0,0,0.0,0.28396000544912753,0.0,0.0,0.0,1.0
2023-03-08,24.159610748291016,22.48925717866655,20.403852115311967,0.654836651986358,0.14553540524668918,48547.41069254279,55500.0,1781,0.025242969984823338,0.0,0.0,0.0,2009,0,0,0,0.0,0.2783177110773852,0.0,0.0,0.0,1.0
2023-03-09,23.415271759033203,22.577449043463375,20.47282845055567,0.6671323951807762,0.1537232129885063,48547.41069254279,55500.0,1781,0.02396943178587889,0.0,0.0,0.0,2073,0,0,0,0.0,0.275487626190842,0.0,0.0,0.0,1.0
2023-03-10,22.94468879699707,22.612424258085632,20.511657959743815,0.672256521639595,0.15808489105220652,48547.41069254279,55500.0,1781,0.023464370781212093,0.0,0.0,0.0,2115,0,0,0,0.0,0.27436526840269354,0.0,0.0,0.0,1.0
2023-03-13,22.94568634033203,22.64416350401386,20.658203876793472,0.6457839782906862,0.15710156363237443,48547.41069254279,55500.0,1781,0.02300603891365932,0.0,0.0,0.0,2115,0,0,0,0.0,0.27334675314146517,0.0,0.0,0.0,1.0
2023-03-14,24.041717529296875,22.777263887374147,20.777962601762155,0.6603682451285308,0.164053813073326,48547.41069254279,55500.0,1781,0.021083997431783588,0.0,0.0,0.0,2019,0,0,0,0.0,0.269075549848408,0.0,0.0,0.0,1.0
2023-03-15,24.206571578979492,22.913388429431798,20.830872082473395,0.6351185470404704,0.16449262122736022,48547.41069254279,55500.0,1781,0.019118285463637585,0.0,0.0,0.0,2005,0,0,0,0.0,0.26470730103030576,0.0,0.0,0.0,1.0
2023-03-16,25.518407821655273,23.161485514405463,20.792039706643056,0.6579575154553025,0.17909006910719535,48547.41069254279,55500.0,1781,0.01553562945008545,0.0,0.0,0.0,1902,0,0,0,0.0,0.2567458432224121,0.0,0.0,0.0,1.0
2023-03-17,25.702247619628906,23.40346285776008,20.830769970238492,0.6407518566994125,0.17698045419140465,48547.41069254279,55500.0,1781,0.012041345813480792,0.0,0.0,0.0,1888,0,0,0,0.0,0.24898076847440176,0.0,0.0,0.0,1.0
2023-03-20,25.877090454101562,23.63904643836403,20.987959664078677,0.6262104736282083,0.18121440232540434,48547.41069254279,55500.0,1781,0.00863939156708371,0.0,0.0,0.0,1876,0,0,0,0.0,0.24142087014907493,0.0,0.0,0.0,1.0
2023-03-21,26.17582893371582,23.880644771254676,21.34314028073979,0.6036451851268553,0.17423941132290868,48547.41069254279,55500.0,1781,0.0051505810464493595,0.0,0.0,0.0,1854,0,0,0,0.0,0.2336679578809986,0.0,0.0,0.0,1.0
2023-03-22,26.444591522216797,24.124830176108212,21.759050861283527,0.6030165976995726,0.1839136284510586,48547.41069254279,55500.0,1781,0.0016244118082535675,0.0,0.0,0.0,1835,0,0,0,0.0,0.22583202624056348,0.0,0.0,0.0,1.0
2023-03-23,27.166948318481445,24.414555713477093,21.68888539463238,0.37805227731400526,0.18309439053145649,48547.41069254279,55500.0,1781,0.025374416131220393,0.0,0.0,0.0,1787,0,0,0,0.0,0.21653470764499638,0.0,0.0,0.0,0.7206620230902798
2023-03-24,26.755311965942383,24.63748488037855,21.73831211678095,0.3773937354149806,0.18059541845362445,48547.41069254279,55500.0,1781,0.020078123931021957,0.0,0.0,0.0,1814,0,0,0,0.0,0.20938089059541978,0.0,0.0,0.0,0.7414327683691695
2023-03-27,26.507532119750977,24.81558461746164,21.81181166321906,0.3818123753722556,0.18035205282160516,48547.41069254279,55500.0,1781,0.015229606456637623,0.0,0.0,0.0,1831,0,0,0,0.0,0.20366565398740216,0.0,0.0,0.0,0.7641993783769334
2023-03-28,26.386640548706055,24.965208991865868,21.933504921369746,0.3778769807216104,0.18009986945666248,48547.41069254279,55500.0,1781,0.014642850701127835,0.0,0.0,0.0,1839,0,0,0,0.0,0.19886419433309702,0.0,0.0,0.0,0.7484603674876582
2023-03-29,26.960132598876953,25.155201716343115,22.133544514271442,0.365091466170271,0.1858815170780491,48547.41069254279,55500.0,1781,0.023069582155813145,0.0,0.0,0.0,1800,0,0,0,0.0,0.19276731068816055,0.0,0.0,0.0,0.636757076538591
2023-03-30,27.358779907226562,25.365066305951064,22.269349409929237,0.359516273674707,0.18512440704021085,48547.41069254279,55500.0,1781,0.021879293830192,0.0,0.0,0.0,1774,0,0,0,0.0,0.1860327371009217,0.0,0.0,0.0,0.6183543786522276
2023-03-31,27.752431869506836,25.592434454861138,22.35456904709509,0.35511955864321515,0.1833498981441602,48547.41069254279,55500.0,1781,0.01902801488609148,0.0,0.0,0.0,1749,0,0,0,0.0,0.17873647271878038,0.0,0.0,0.0,0.6140339783735969
2023-04-03,27.940265655517578,25.816037426352228,22.502018916283646,0.3456744452400746,0.1836270695466217,49047.41069254279,56000.0,1781,0.023657608714947473,0.0,0.0,0.0,1755,0,0,0,0.0,0.17895780970833366,0.0,0.0,0.0,0.5687340565380268
2023-04-04,27.4287166595459,25.969625924751625,22.744656351749942,0.35206138454248925,0.17532005156480387,49047.41069254279,56000.0,1781,0.010990684296728379,0.0,0.0,0.0,1788,0,0,0,0.0,0.17407314692888126,0.0,0.0,0.0,0.673422318212682
2023-04-05,26.857221603393555,26.05415884652705,22.89024854497608,0.3481531491892589,0.17588449870067469,49047.41069254279,56000.0,1781,0.012169621109927517,0.0,0.0,0.0,1826,0,0,0,0.0,0.17138469811313087,0.0,0.0,0.0,0.6495349304098137
2023-04-06,27.013086318969727,26.14548527247397,23.17801151422232,0.32063343585521664,0.1597425918117577,49047.41069254279,56000.0,1781,0.008550407826211331,0.0,0.0,0.0,1815,0,0,0,0.0,0.16848019160221184,0.0,0.0,0.0,0.6726567839478399
2023-04-10,27.554609298706055,26.27968756068655,23.646587274972184,0.30638128103594536,0.14702279743028582,49047.41069254279,56000.0,1781,0.0002368340951295067,0.0,0.0,0.0,1780,0,0,0,0.0,0.1642120795431652,0.0,0.0,0.0,0.7365860169929483
2023-04-11,27.144969940185547,26.362095406353124,24.24627654377799,0.3167954028157261,0.14649673699053778,49047.41069254279,56000.0,1781,0.0,0.0,0.0,0.0,1806,0,0,0,0.0,0.16159121573723373,0.0,0.0,0.0,0.8020617689945995
2023-04-12,26.471567153930664,26.372521287074797,24.61130100027942,0.30227639316419924,0.1398894663748304,49047.41069254279,56000.0,1781,0.0,0.0,0.0,0.0,1852,0,0,0,0.0,0.16125963549499614,0.0,0.0,0.0,0.800685933196339
2023-04-13,26.439594268798828,26.37890919009613,25.040502186295594,0.30297264183157296,0.14073162530317188,49047.41069254279,56000.0,1781,0.0,0.0,0.0,0.0,1855,0,0,0,0.0,0.16105647736497847,0.0,0.0,0.0,0.7940331534039378
2023-04-14,26.734331130981445,26.412758898751875,25.210752423136164,0.24187433869956723,0.13109507672563825,49047.41069254279,56000.0,1781,0.018238477891072184,0.0,0.0,0.0,1834,0,0,0,0.0,0.15997993573790917,0.0,0.0,0.0,0.5375249319098694
2023-04-17,26.978120803833008,26.466602889711982,25.38835466045664,0.24246927407890329,0.12140279323896531,49047.41069254279,56000.0,1781,0.004784562004269438,0.0,0.0,0.0,1818,0,0,0,0.0,0.15826750452540997,0.0,0.0,0.0,0.6643581503216505
2023-04-18,27.642532348632812,26.578596171513965,25.564917802746635,0.254582267562195,0.11949673433556415,49047.41069254279,56000.0,1781,0.0,0.0,0.0,0.0,1774,0,0,0,0.0,0.15470571818810044,0.0,0.0,0.0,0.7753781374427291
2023-04-19,27.90629768371582,26.705043934580807,25.687011543632497,0.2538335844908857,0.11318498855048628,49047.41069254279,56000.0,1781,0.0,0.0,0.0,0.0,1757,0,0,0,0.0,0.15068422772342102,0.0,0.0,0.0,0.8688696247151699
2023-04-20,27.080026626586914,26.740756571914723,25.766471144291614,0.27771545529768593,0.09532640930530079,49047.41069254279,56000.0,1781,0.0,0.0,0.0,0.0,1811,0,0,0,0.0,0.1495484383110692,0.0,0.0,0.0,1.0
2023-04-21,27.095014572143555,26.774495429079376,25.800658133725015,0.26020237734333157,0.09544644360897635,49047.41069254279,56000.0,1781,0.0,0.0,0.0,0.0,1810,0,0,0,0.0,0.14847542215731477,0.0,0.0,0.0,1.0
2023-04-24,27.018083572387695,26.797694299870646,25.836448958136362,0.2542992645701734,0.09473932667566036,49047.41069254279,56000.0,1781,0.0,0.0,0.0,0.0,1815,0,0,0,0.0,0.1477376152130425,0.0,0.0,0.0,1.0
2023-04-25,26.217790603637695,26.74246537641989,25.735138082747746,0.2742673667888784,0.11406274786450779,49047.41069254279,56000.0,1781,0.16141629839312413,0.0,0.0,0.0,1870,0,0,0,0.0,0.14949409222493173,0.09809768198201081,0.0,1.0,1.0
2023-04-26,26.93215560913086,26.760531112868556,25.806276990903804,0.29063018188063994,0.11507203135717173,49047.41069254279,56000.0,1781,0.0,0.0,0.0,0.0,1821,0,0,0,0.0,0.14891953728537682,0.0,0.0,0.0,1.0
2023-04-27,27.20191764831543,26.80256792576826,25.851054515376035,0.2825034312424153,0.12433461855365471,49047.41069254279,56000.0,1781,0.0,0.0,0.0,0.0,1803,0,0,0,0.0,0.14758261650369156,0.0,0.0,0.0,0.893435060757068
2023-04-28,27.724456787109375,26.8903668649436,25.90748479975514,0.2858661562707366,0.12583446052857722,49047.41069254279,56000.0,1781,0.0,0.0,0.0,0.0,1769,0,0,0,0.0,0.1447902966702758,0.0,0.0,0.0,0.8931363943677411
2023-05-01,28.884428024291992,27.08027745154821,25.852962019453642,0.3179546868785387,0.11621543113964893,49547.41069254279,56500.0,1781,0.0,0.0,0.0,0.0,1715,0,0,0,0.0,0.14637213909367505,0.0,0.0,0.0,1.0
2023-05-02,28.185047149658203,27.185493613272968,25.923266881281904,0.3307986853351946,0.12348015754743394,49547.41069254279,56500.0,1781,0.0,0.0,0.0,0.0,1757,0,0,0,0.0,0.1430555022081565,0.0,0.0,0.0,1.0
2023-05-03,27.77741050720215,27.24186665079003,25.95836752861571,0.3281476101029451,0.12429510647007753,49547.41069254279,56500.0,1781,0.0,0.0,0.0,0.0,1783,0,0,0,0.0,0.14127850433527364,0.0,0.0,0.0,1.0
2023-05-04,27.53762435913086,27.270034051584396,25.99353145367308,0.32022250526290696,0.12661667072321894,49547.41069254279,56500.0,1781,0.0,0.0,0.0,0.0,1799,0,0,0,0.0,0.14039060803766704,0.0,0.0,0.0,1.0
2023-05-05,28.654632568359375,27.401900576991537,25.99264017884019,0.3489771652346739,0.14272727818653622,49547.41069254279,56500.0,1781,0.0,0.0,0.0,0.0,1729,0,0,0,0.0,0.13623389508633763,0.0,0.0,0.0,1.0
2023-05-08,29.125215530395508,27.56602581064906,25.950874598778693,0.346885196891854,0.14271106752240492,49547.41069254279,56500.0,1781,0.0,0.0,0.0,0.0,1701,0,0,0,0.0,0.1310603191368855,0.0,0.0,0.0,1.0
2023-05-09,28.545726776123047,27.659330664503724,25.977495505424198,0.3507594660531611,0.14379800659669256,49547.41069254279,56500.0,1781,0.0,0.0,0.0,0.0,1735,0,0,0,0.0,0.12811915197378526,0.0,0.0,0.0,1.0
2023-05-10,28.859455108642578,27.773628230612186,26.062687637177724,0.33617060708132573,0.14363567474439995,49547.41069254279,56500.0,1781,0.0,0.0,0.0,0.0,1716,0,0,0,0.0,0.12451624993415393,0.0,0.0,0.0,0.9503662517427176
2023-05-11,28.55272102355957,27.847827544226224,26.185327829586313,0.3399489005183983,0.13573413500965217,49547.41069254279,56500.0,1781,0.0,0.0,0.0,0.0,1735,0,0,0,0.0,0.12217732997757687,0.0,0.0,0.0,1.0
2023-05-12,28.31493377685547,27.892313852095675,26.28012014523547,0.3415954038582701,0.13565409908897957,49547.41069254279,56500.0,1781,0.0,0.0,0.0,0.0,1749,0,0,0,0.0,0.12077502706933808,0.0,0.0,0.0,1.0
2023-05-15,28.92738914489746,27.990892451410133,26.35536221689186,0.3473598622845142,0.13554278089326371,49547.41069254279,56500.0,1781,0.0,0.0,0.0,0.0,1712,0,0,0,0.0,0.11766762024847001,0.0,0.0,0.0,1.0
2023-05-16,29.18716049194336,28.104822740984723,26.37892040137921,0.33921368103110006,0.13725426008876865,49547.41069254279,56500.0,1781,0.0,0.0,0.0,0.0,1697,0,0,0,0.0,0.11407629554524262,0.0,0.0,0.0,1.0
2023-05-17,30.151309967041016,28.299726286323416,26.322086037679803,0.3551538008017396,0.14415409479460115,49547.41069254279,56500.0,1781,0.0,0.0,0.0,0.0,1643,0,0,0,0.0,0.10793252184173448,0.0,0.0,0.0,1.0
2023-05-18,31.649980545043945,28.618798120487273,26.143322654540444,0.36667407607199054,0.1459438223185919,49547.41069254279,56500.0,1781,0.0,0.0,0.0,0.0,1565,0,0,0,0.0,0.09787469995419759,0.0,0.0,0.0,1.0
2023-05-19,31.23634910583496,28.868088690520388,26.14602002788284,0.37350666679921235,0.14617262859593347,49547.41069254279,56500.0,1781,0.0,0.0,0.0,0.0,1586,0,0,0,0.0,0.09001653172005641,0.0,0.0,0.0,1.0
2023-05-22,31.148426055908203,29.085263677700176,26.224327341948143,0.37349775744901875,0.14618664941713738,49547.41069254279,56500.0,1781,0.0,0.0,0.0,0.0,1590,0,0,0,0.0,0.08317071486753962,0.0,0.0,0.0,1.0
2023-05-23,30.660856246948242,29.23532011286666,26.512574869978003,0.35811011137655696,0.14008974060391882,49547.41069254279,56500.0,1781,0.0,0.0,0.0,0.0,1615,0,0,0,0.0,0.0784406173271589,0.0,0.0,0.0,1.0
2023-05-24,30.510990142822266,29.356812496671953,26.727187030527695,0.35345462157142116,0.14219096706326695,49547.41069254279,56500.0,1781,0.0,0.0,0.0,0.0,1623,0,0,0,0.0,0.07461091935269469,0.0,0.0,0.0,1.0
2023-05-25,37.946407318115234,30.17486914633322,25.567514653728285,0.9136890355343018,0.12766863209349433,49547.41069254279,56500.0,1781,0.0,0.0,0.0,0.0,1305,0,0,0,0.0,0.04882403628992101,0.0,0.0,0.0,1.0
2023-05-26,38.91155242919922,31.006934220891885,24.91996287900601,0.914049699251527,0.13270523552709168,49547.41069254279,56500.0,1781,0.0,0.0,0.0,0.0,1273,0,0,0,0.0,0.022595577921974395,0.0,0.0,0.0,1.0
2023-05-30,40.07551956176758,31.870609015261,24.40606292393158,0.9109834501417501,0.13267876933659778,49547.41069254279,56500.0,1781,0.0,0.0,0.0,0.0,1236,0,0,0,0.0,0.0,0.0,0.0,0.0,1.0
2023-05-31,37.800537109375,32.43536407184328,24.458374227008562,0.9378706145192726,0.12738938878253683,49547.41069254279,56500.0,1781,0.0,0.0,0.0,0.0,1310,0,0,0,0.0,0.0,0.0,0.0,0.0,1.0
2023-06-01,39.73482894897461,33.130551202998646,24.49340251905399,0.938289892493228,0.12782738927858517,50047.41069254279,57000.0,1781,0.0,0.0,0.0,0.0,1259,0,0,0,0.0,0.0,0.0,0.0,0.0,1.0
2023-06-02,39.292213439941406,33.717376177945575,24.730741088698498,0.9393299096070307,0.13120159488208014,50047.41069254279,57000.0,1781,0.0,0.0,0.0,0.0,1273,0,0,0,0.0,0.0,0.0,0.0,0.0,1.0
2023-06-05,39.13634490966797,34.23346843810961,24.9641956447934,0.9393339786005575,0.11799016875938699,50047.41069254279,57000.0,1781,0.0,0.0,0.0,0.0,1278,0,0,0,0.0,0.0,0.0,0.0,0.0,1.0
2023-06-06,38.61981201171875,34.65121544512,25.243508043411104,0.9455196945603511,0.11792439064844334,50047.41069254279,57000.0,1781,0.0,0.0,0.0,0.0,1295,0,0,0,0.0,0.0,0.0,0.0,0.0,1.0
2023-06-07,37.44572448730469,34.917359163423306,25.648073878977087,0.9514829135417808,0.11740771071387551,50047.41069254279,57000.0,1781,0.0,0.0,0.0,0.0,1336,0,0,0,0.0,0.0,0.0,0.0,0.0,1.0
2023-06-08,38.47991943359375,35.256650617725256,26.09261456592087,0.9523410091966819,0.11807924221669332,50047.41069254279,57000.0,1781,0.0,0.0,0.0,0.0,1300,0,0,0,0.0,0.0,0.0,0.0,0.0,1.0
2023-06-09,38.73971939086914,35.588371453262766,26.660853699113567,0.9478793866096307,0.11736544371026747,50047.41069254279,57000.0,1781,0.0,0.0,0.0,0.0,1291,0,0,0,0.0,0.0,0.0,0.0,0.0,1.0
2023-06-12,39.4511604309082,35.95625611780043,27.375244683142483,0.9431862264359892,0.11928723336242944,50047.41069254279,57000.0,1781,0.0,0.0,0.0,0.0,1268,0,0,0,0.0,0.0,0.0,0.0,0.0,1.0
2023-06-13,40.989959716796875,36.435656460562,28.094210645689067,0.9460316063164748,0.12028909997543552,50047.41069254279,57000.0,1781,0.0,0.0,0.0,0.0,1220,0,0,0,0.0,0.0,0.0,0.0,0.0,1.0
2023-06-14,42.96341323852539,37.0573475822728,28.83057975589674,0.9506843618970013,0.11565513259025786,50047.41069254279,57000.0,1781,0.0,0.0,0.0,0.0,1164,0,0,0,0.0,0.0,0.0,0.0,0.0,1.0
2023-06-15,42.61968994140625,37.58709447361884,29.57809049348598,0.9549708937060569,0.11594798338085698,50047.41069254279,57000.0,1781,0.0,0.0,0.0,0.0,1174,0,0,0,0.0,0.0,0.0,0.0,0.0,1.0
2023-06-16,42.65864944458008,38.07009970894848,30.204631116026043,0.9498518790215748,0.11583920563237497,50047.41069254279,57000.0,1781,0.0,0.0,0.0,0.0,1173,0,0,0,0.0,0.0,0.0,0.0,0.0,1.0
2023-06-20,43.77378463745117,38.61330779737731,30.996565181442158,0.9438101103653462,0.11789034012680563,50047.41069254279,57000.0,1781,0.0,0.0,0.0,0.0,1143,0,0,0,0.0,0.0,0.0,0.0,0.0,1.0
2023-06-21,43.011375427246094,39.03217138117434,32.01786602526638,0.9495928748252633,0.12073107168456196,50047.41069254279,57000.0,1781,0.0,0.0,0.0,0.0,1163,0,0,0,0.0,0.0,0.0,0.0,0.0,1.0
2023-06-22,42.991397857666016,39.409240569411644,33.44425749155654,0.9440131048377621,0.11012584405858825,50047.41069254279,57000.0,1781,0.0,0.0,0.0,0.0,1164,0,0,0,0.0,0.0,0.0,0.0,0.0,1.0
2023-06-23,42.176029205322266,39.67274424902217,35.50383570555501,0.9499520310664079,0.11054619565371915,50047.41069254279,57000.0,1781,0.0,0.0,0.0,0.0,1186,0,0,0,0.0,0.0,0.0,0.0,0.0,1.0
2023-06-26,40.60026168823242,39.76107924323267,35.74701034275068,0.4624758466919726,0.11104562252502498,50047.41069254279,57000.0,1781,0.0,0.0,0.0,0.0,1232,0,0,0,0.0,0.0,0.0,0.0,0.0,1.0
2023-06-27,41.843292236328125,39.959385242575095,35.971458753858684,0.46604460828071254,0.10909258266996222,50047.41069254279,57000.0,1781,0.0,0.0,0.0,0.0,1196,0,0,0,0.0,0.0,0.0,0.0,0.0,1.0
2023-06-28,41.08488464355469,40.066575661716016,36.08212561966121,0.4618599966995473,0.10919164152758384,50047.41069254279,57000.0,1781,0.0,0.0,0.0,0.0,1218,0,0,0,0.0,0.0,0.0,0.0,0.0,1.0
2023-06-29,40.79011154174805,40.13548384076669,36.387077976578865,0.4092188862145646,0.10512724766347799,50047.41069254279,57000.0,1781,0.0,0.0,0.0,0.0,1226,0,0,0,0.0,0.0,0.0,0.0,0.0,1.0
2023-06-30,42.268959045410156,40.33867195549463,36.57345051425804,0.38942159009769733,0.10767093157043908,50047.41069254279,57000.0,1781,0.0,0.0,0.0,0.0,1184,0,0,0,0.0,0.0,0.0,0.0,0.0,1.0
2023-07-03,42.3798713684082,40.53307189958164,36.80044540249824,0.3856620561385853,0.09817204066340413,50547.41069254279,57500.0,1781,0.0,0.0,0.0,0.0,1192,0,0,0,0.0,0.0,0.0,0.0,0.0,1.0
2023-07-05,42.28395462036133,40.699822634894,37.05154561422743,0.38523847685921914,0.09815303219965689,50547.41069254279,57500.0,1781,0.0,0.0,0.0,0.0,1195,0,0,0,0.0,0.0,0.0,0.0,0.0,1.0
2023-07-06,42.07011413574219,40.83032658735573,37.3868803660634,0.3814402839742825,0.10425634830248576,50547.41069254279,57500.0,1781,0.0,0.0,0.0,0.0,1201,0,0,0,0.0,0.0,0.0,0.0,0.0,1.0
2023-07-07,42.46980285644531,40.98646718441188,38.07529959456181,0.35854291293050683,0.10367010781121856,50547.41069254279,57500.0,1781,0.0,0.0,0.0,0.0,1190,0,0,0,0.0,0.0,0.0,0.0,0.0,1.0
2023-07-10,42.147056579589844,41.09699950776216,38.60304920752193,0.3528506003403606,0.10227955183942708,50547.41069254279,57500.0,1781,0.0,0.0,0.0,0.0,1199,0,0,0,0.0,0.0,0.0,0.0,0.0,1.0
2023-07-11,42.37187957763672,41.21841665727403,39.199088313775455,0.3527821915174586,0.10404626734062392,50547.41069254279,57500.0,1781,0.0,0.0,0.0,0.0,1192,0,0,0,0.0,0.0,0.0,0.0,0.0,1.0
2023-07-12,43.86770248413086,41.47072959316516,39.695591301260606,0.36633160377608337,0.102380938640028,50547.41069254279,57500.0,1781,0.0,0.0,0.0,0.0,1152,0,0,0,0.0,0.0,0.0,0.0,0.0,1.0
2023-07-13,45.94109344482422,41.8964785314184,39.57498814820198,0.3773376810989004,0.10359480678827993,50547.41069254279,57500.0,1781,0.0,0.0,0.0,0.0,1100,0,0,0,0.0,0.0,0.0,0.0,0.0,1.0
2023-07-14,45.43349075317383,42.23333683825225,39.57340343309304,0.3468881148552965,0.10398742047058503,50547.41069254279,57500.0,1781,0.0,0.0,0.0,0.0,1112,0,0,0,0.0,0.0,0.0,0.0,0.0,1.0
2023-07-17,46.42470932006836,42.63251516985378,39.479790819131594,0.35044863148436856,0.09660560808419726,50547.41069254279,57500.0,1781,0.0,0.0,0.0,0.0,1088,0,0,0,0.0,0.0,0.0,0.0,0.0,1.0
2023-07-18,47.45690155029297,43.091980539419424,39.323784316192466,0.35567553334582824,0.09712488534355357,50547.41069254279,57500.0,1781,0.0,0.0,0.0,0.0,1065,0,0,0,0.0,0.0,0.0,0.0,0.0,1.0
2023-07-19,47.040225982666016,43.468003914966715,39.30842547051234,0.350463837457971,0.09416729242398642,50547.41069254279,57500.0,1781,0.0,0.0,0.0,0.0,1074,0,0,0,0.0,0.0,0.0,0.0,0.0,1.0
2023-07-20,45.48444747924805,43.66004615918399,39.38279328086026,0.3670685024691712,0.09584683040674435,50547.41069254279,57500.0,1781,0.0,0.0,0.0,0.0,1111,0,0,0,0.0,0.0,0.0,0.0,0.0,1.0
2023-07-21,44.274391174316406,43.71855520824422,39.4258895364524,0.3818198506908483,0.09576149465658162,50547.41069254279,57500.0,1781,0.0,0.0,0.0,0.0,1141,0,0,0,0.0,0.0,0.0,0.0,0.0,1.0
2023-07-24,44.5771484375,43.80032599198287,39.519912717688825,0.37416573066880926,0.08929962426299504,50547.41069254279,57500.0,1781,0.0,0.0,0.0,0.0,1133,0,0,0,0.0,0.0,0.0,0.0,0.0,1.0
2023-07-25,45.64331817626953,43.97584905715303,39.8327692006471,0.3487829900786166,0.08558507602435092,50547.41069254279,57500.0,1781,0.0,0.0,0.0,0.0,1107,0,0,0,0.0,0.0,0.0,0.0,0.0,1.0
2023-07-26,45.41649627685547,44.113053554267545,40.01600351147466,0.3383224354008793,0.07954162893063198,50547.41069254279,57500.0,1781,0.0,0.0,0.0,0.0,1112,0,0,0,0.0,0.0,0.0,0.0,0.0,1.0
2023-07-27,45.8641471862793,44.2798243763639,40.33702861525804,0.3281281091235941,0.0847914900063929,50547.41069254279,57500.0,1781,0.0,0.0,0.0,0.0,1102,0,0,0,0.0,0.0,0.0,0.0,0.0,1.0
2023-07-28,46.71348190307617,44.51160128366983,40.765563302719805,0.3274116588345988,0.08909834919669149,50547.41069254279,57500.0,1781,0.0,0.0,0.0,0.0,1082,0,0,0,0.0,0.0,0.0,0.0,0.0,1.0
2023-07-31,46.692501068115234,44.71930602504559,41.007311672557854,0.3093425478099817,0.08056728008309541,50547.41069254279,57500.0,1781,0.0,0.0,0.0,0.0,1082,0,0,0,0.0,0.0,0.0,0.0,0.0,1.0
2023-08-01,46.47066879272461,44.886102479110264,41.26920609689242,0.31124880657544085,0.08194340294001684,51047.41069254279,58000.0,1781,0.0,0.0,0.0,0.0,1098,0,0,0,0.0,0.0,0.0,0.0,0.0,1.0
2023-08-02,44.23442077636719,44.82403755503949,41.40819890476383,0.36326981499367195,0.09765675210682509,51047.41069254279,58000.0,1781,0.07959656970623624,0.0,0.0,0.0,1154,0,0,0,0.0,0.0,0.06577015490274722,0.0,1.0,1.0
2023-08-03,44.480224609375,44.79129346497621,41.65659382898561,0.362291157484445,0.0930740850307873,51047.41069254279,58000.0,1781,0.0656259145686425,0.0,0.0,0.0,1147,0,0,0,0.0,0.0,0.03472425459698339,0.0,1.0,1.0
2023-08-04,44.64510726928711,44.777370970148674,41.893328034639175,0.36150310941461544,0.09481075076499658,51047.41069254279,58000.0,1781,0.05664606519969459,0.0,0.0,0.0,1143,0,0,0,0.0,0.0,0.014769033777099084,0.0,1.0,1.0
2023-08-07,45.381534576416016,44.83491036122175,42.350558799276676,0.3624724683443286,0.09901473118073406,51047.41069254279,58000.0,1781,0.0,0.0,0.0,0.0,1124,0,0,0,0.0,0.0,0.0,0.0,0.0,1.0
2023-08-08,44.629112243652344,44.81531054050085,42.74326158614745,0.36964010621442067,0.09857802344408344,51047.41069254279,58000.0,1781,0.059348282157512505,0.0,0.0,0.0,1143,0,0,0,0.0,0.0,0.020773960350027786,0.0,1.0,1.0
2023-08-09,42.5207633972168,44.59678224114047,42.23014006345103,0.38915415596209224,0.0988569225114776,51047.41069254279,58000.0,1781,0.1547394489936816,0.0,0.0,0.0,1200,0,0,0,0.0,0.0,0.23275433109707022,0.0,1.0,1.0
2023-08-10,42.35489273071289,44.38326895443308,41.65268348859869,0.34431508139428524,0.09365011407013747,51047.41069254279,58000.0,1781,0.15282808389026006,0.0,0.0,0.0,1205,0,0,0,0.0,0.0,0.22850685308946686,0.0,1.0,1.0
2023-08-11,40.823089599609375,44.04420425397368,40.66445721662666,0.3623701169749249,0.09365398521424648,51047.41069254279,58000.0,1781,0.2145507756373148,0.0,0.0,0.0,1250,0,0,0,0.0,0.0,0.36566839030514403,0.0,1.0,1.0
2023-08-14,43.71882629394531,44.01321587682812,40.64749369445751,0.44357548346569076,0.09503935278132891,51047.41069254279,58000.0,1781,0.06504949248289402,0.0,0.0,0.0,1167,0,0,0,0.0,0.0,0.03344331662865341,0.0,1.0,1.0
2023-08-15,43.90568161010742,44.00297451809282,40.83143901956499,0.43471676700190537,0.09861997715323444,51047.41069254279,58000.0,1781,0.05497486920746997,0.0,0.0,0.0,1162,0,0,0,0.0,0.0,0.011055264905488851,0.0,1.0,1.0
2023-08-16,43.452030181884766,43.95050362893015,40.923332414466955,0.435000390552164,0.10003329635012362,51047.41069254279,58000.0,1781,0.07551882602578075,0.0,0.0,0.0,1174,0,0,0,0.0,0.0,0.05670850227951282,0.0,1.0,1.0
2023-08-17,43.310142517089844,43.88951685637393,40.84538746207072,0.4208560262519299,0.10071949403969187,51047.41069254279,58000.0,1781,0.07970167722864505,0.0,0.0,0.0,1178,0,0,0,0.0,0.0,0.06600372717476678,0.0,1.0,1.0
2023-08-18,43.26518249511719,43.83005644101614,40.7401794489964,0.4107886197018944,0.10059949582296814,51047.41069254279,58000.0,1781,0.07899759848548296,0.0,0.0,0.0,1179,0,0,0,0.0,0.0,0.06443910774551771,0.0,1.0,1.0
2023-08-21,46.93031311035156,44.12531898095285,40.835114840735315,0.5108941114381885,0.10327796586100141,51047.41069254279,58000.0,1781,0.0,0.0,0.0,0.0,1087,0,0,0,0.0,0.0,0.0,0.0,0.0,1.0
2023-08-22,45.63232421875,44.268843289314475,40.979423948570535,0.5157429995868115,0.10192872435653474,51047.41069254279,58000.0,1781,0.0,0.0,0.0,0.0,1118,0,0,0,0.0,0.0,0.0,0.0,0.0,1.0
2023-08-23,47.07920455932617,44.536496743601305,41.07248284771557,0.5269149176887764,0.11186807980293892,51047.41069254279,58000.0,1781,0.0,0.0,0.0,0.0,1084,0,0,0,0.0,0.0,0.0,0.0,0.0,1.0
2023-08-24,47.126155853271484,44.78313094452228,41.17939619558951,0.5261705782347692,0.11861717429588303,51047.41069254279,58000.0,1781,0.0,0.0,0.0,0.0,1083,0,0,0,0.0,0.0,0.0,0.0,0.0,1.0
2023-08-25,45.98206329345703,44.89731497775416,41.36686917453642,0.5301249120634918,0.11497277435819951,51047.41069254279,58000.0,1781,0.0,0.0,0.0,0.0,1110,0,0,0,0.0,0.0,0.0,0.0,0.0,1.0
2023-08-28,46.79841613769531,45.078372231081886,41.534618042731964,0.5339670188030472,0.11807564430823139,51047.41069254279,58000.0,1781,0.0,0.0,0.0,0.0,1090,0,0,0,0.0,0.0,0.0,0.0,0.0,1.0
2023-08-29,48.74589157104492,45.42765978726884,41.509733322576864,0.5527898096149209,0.13121416045135323,51047.41069254279,58000.0,1781,0.0,0.0,0.0,0.0,1047,0,0,0,0.0,0.0,0.0,0.0,0.0,1.0
2023-08-30,49.225521087646484,45.789360863495276,41.402192010554835,0.5190091428598407,0.12271038817727763,51047.41069254279,58000.0,1781,0.0,0.0,0.0,0.0,1037,0,0,0,0.0,0.0,0.0,0.0,0.0,1.0
2023-08-31,49.31645584106445,46.12527467088282,41.343434561937215,0.5192045579921377,0.1224901112086304,51047.41069254279,58000.0,1781,0.0,0.0,0.0,0.0,1035,0,0,0,0.0,0.0,0.0,0.0,0.0,1.0
2023-09-01,48.471107482910156,46.348687319647325,41.365528747278766,0.5254866433982784,0.12092716326057003,51547.41069254279,58500.0,1781,0.0,0.0,0.0,0.0,1063,0,0,0,0.0,0.0,0.0,0.0,0.0,1.0
2023-09-05,48.510074615478516,46.5545337287741,41.385292590845395,0.5237359619843086,0.11754819611499605,51547.41069254279,58500.0,1781,0.0,0.0,0.0,0.0,1062,0,0,0,0.0,0.0,0.0,0.0,0.0,1.0
2023-09-06,47.02811050415039,46.59963627880994,41.412957732326106,0.5332229581293022,0.11918714950198607,51547.41069254279,58500.0,1781,0.0,0.0,0.0,0.0,1096,0,0,0,0.0,0.0,0.0,0.0,0.0,1.0
2023-09-07,46.20869445800781,46.56240372444783,41.59553302776506,0.5056435489205197,0.11709481340778181,51547.41069254279,58500.0,1781,0.06709202673899292,0.0,0.0,0.0,1115,0,0,0,0.0,0.0,0.0379822816422065,0.0,1.0,1.0
2023-09-08,45.540157318115234,46.46504692384473,41.77973124142122,0.509387230355121,0.11722383334902796,51547.41069254279,58500.0,1781,0.09478638784766724,0.0,0.0,0.0,1131,0,0,0,0.0,0.0,0.09952530632814945,0.0,1.0,1.0
2023-09-11,45.14643478393555,46.33946481528195,42.31835946716271,0.48950747106032133,0.11960953354380106,51547.41069254279,58500.0,1781,0.10792724584173802,0.0,0.0,0.0,1141,0,0,0,0.0,0.0,0.12872721298164005,0.0,1.0,1.0
2023-09-12,44.838645935058594,46.196529683832104,42.29558474975281,0.4252071566499596,0.11957788666021275,51547.41069254279,58500.0,1781,0.11613566983603255,0.0,0.0,0.0,1149,0,0,0,0.0,0.0,0.14696815519118347,0.0,1.0,1.0
2023-09-13,45.453216552734375,46.12573795706089,42.36814285072427,0.4273078436263038,0.11197088137406375,51547.41069254279,58500.0,1781,0.0828053973064517,0.0,0.0,0.0,1134,0,0,0,0.0,0.0,0.07290088290322602,0.0,1.0,1.0
2023-09-14,45.549156188964844,46.07082540771841,42.55040006576891,0.42479379281102536,0.11136673542784079,51547.41069254279,58500.0,1781,0.07547720236848368,0.0,0.0,0.0,1131,0,0,0,0.0,0.0,0.056616005263297124,0.0,1.0,1.0
2023-09-15,43.869319915771484,45.86115821800918,42.44018626717613,0.4472106005465787,0.11703723252692691,51547.41069254279,58500.0,1781,0.14772182723189325,0.0,0.0,0.0,1175,0,0,0,0.0,0.0,0.21715961607087392,0.0,1.0,1.0
2023-09-18,43.935272216796875,45.67774050360801,42.38076236038546,0.44714723466722395,0.11697133286410615,51547.41069254279,58500.0,1781,0.13583072634723184,0.0,0.0,0.0,1173,0,0,0,0.0,0.0,0.19073494743829297,0.0,1.0,1.0
2023-09-19,43.489593505859375,45.46934555144147,41.90356294686139,0.3209644765610405,0.11530732414068504,51547.41069254279,58500.0,1781,0.1479658283737603,0.0,0.0,0.0,1185,0,0,0,0.0,0.0,0.21770184083057842,0.0,1.0,1.0
2023-09-20,42.2094841003418,45.158882556098646,41.138877688518015,0.32278747000023583,0.12011315704993648,51547.41069254279,58500.0,1781,0.19695107916386442,0.0,0.0,0.0,1221,0,0,0,0.0,0.0,0.3265579536974766,0.0,1.0,1.0
2023-09-21,40.98834228515625,44.76168824458032,40.1364925186152,0.3059032967299326,0.12656417175446696,51547.41069254279,58500.0,1781,0.23967176488773564,0.0,0.0,0.0,1257,0,0,0,0.0,0.0,0.4214928108616347,0.0,1.0,1.0
2023-09-22,41.58092498779297,44.45875841060057,39.48583896408934,0.3140341724510699,0.11812066633773334,51547.41069254279,58500.0,1781,0.19564341049553932,0.0,0.0,0.0,1239,0,0,0,0.0,0.0,0.32365202332342075,0.0,1.0,1.0
2023-09-25,42.19249725341797,44.24292401467842,39.0406915119633,0.31451877779697357,0.1162730343494381,51547.41069254279,58500.0,1781,0.15427566250606353,0.0,0.0,0.0,1221,0,0,0,0.0,0.0,0.23172369445791896,0.0,1.0,1.0
2023-09-26,41.8817138671875,44.01804685777452,38.62206591993134,0.30382193493818177,0.123147935257753,51547.41069254279,58500.0,1781,0.15919951183549216,0.0,0.0,0.0,1230,0,0,0,0.0,0.0,0.24266558185664933,0.0,1.0,1.0
2023-09-27,42.438323974609375,43.86759705937784,38.60637727640333,0.2590801843024571,0.10749628744899088,51547.41069254279,58500.0,1781,0.12330842481242263,0.0,0.0,0.0,1214,0,0,0,0.0,0.0,0.16290761069427254,0.0,1.0,1.0
2023-09-28,43.05889129638672,43.7905774629025,38.88768991929325,0.26366494455853084,0.10934361402954053,51547.41069254279,58500.0,1781,0.08759470575730982,0.0,0.0,0.0,1197,0,0,0,0.0,0.0,0.08354379057179961,0.0,1.0,1.0
2023-09-29,43.46860122680664,43.7599130594648,39.3748784849694,0.2682638379597094,0.10930440138570438,51547.41069254279,58500.0,1781,0.06497835753444423,0.0,0.0,0.0,1185,0,0,0,0.0,0.0,0.033285238965431625,0.0,1.0,1.0
2023-10-02,44.75070571899414,43.85427426513426,39.92340273606255,0.2928782417828481,0.10858127322870227,52047.41069254279,59000.0,1781,0.0,0.0,0.0,0.0,1163,0,0,0,0.0,0.0,0.0,0.0,0.0,1.0
2023-10-03,43.48659133911133,43.819256843608265,40.47478883288805,0.3047080741764411,0.11555783451794222,52047.41069254279,59000.0,1781,0.06708147145875862,0.0,0.0,0.0,1196,0,0,0,0.0,0.0,0.03795882546390807,0.0,1.0,1.0
2023-10-04,44.01022720336914,43.83744449691883,40.84146548940053,0.2952090913748813,0.12101496627983112,52047.41069254279,59000.0,1781,0.0,0.0,0.0,0.0,1182,0,0,0,0.0,0.0,0.0,0.0,0.0,1.0
2023-10-05,44.656776428222656,43.915476109423956,41.118788183330665,0.29661393999910757,0.12100987751460057,52047.41069254279,59000.0,1781,0.0,0.0,0.0,0.0,1165,0,0,0,0.0,0.0,0.0,0.0,0.0,1.0
2023-10-06,45.730018615722656,44.0882896814524,41.263118149775025,0.3057020132852465,0.13037842507195385,52047.41069254279,59000.0,1781,0.0,0.0,0.0,0.0,1138,0,0,0,0.0,0.0,0.0,0.0,0.0,0.9539404437284151
2023-10-09,45.24135971069336,44.19810587471345,41.36195768974833,0.3065858683347595,0.13002834971494934,52047.41069254279,59000.0,1781,0.0,0.0,0.0,0.0,1150,0,0,0,0.0,0.0,0.0,0.0,0.0,0.9648655402639947
2023-10-10,45.7660026550293,44.34742937760067,41.40070475755097,0.30789408357304043,0.13132390791574347,52047.41069254279,59000.0,1781,0.0,0.0,0.0,0.0,1137,0,0,0,0.0,0.0,0.0,0.0,0.0,0.9537828796730041
2023-10-11,46.77329635620117,44.57846432794357,41.414141483987514,0.3137215182932658,0.13249989100952267,52047.41069254279,59000.0,1781,0.0,0.0,0.0,0.0,1112,0,0,0,0.0,0.0,0.0,0.0,0.0,0.9730929330268836
2023-10-12,46.91219711303711,44.80072459319057,41.422136123934564,0.31375417810055956,0.12885325319009175,52047.41069254279,59000.0,1781,0.0,0.0,0.0,0.0,1109,0,0,0,0.0,0.0,0.0,0.0,0.0,1.0
2023-10-13,45.42923355102539,44.86058258917484,41.40622279947051,0.30562288557123496,0.12356700438304129,52047.41069254279,59000.0,1781,0.0,0.0,0.0,0.0,1145,0,0,0,0.0,0.0,0.0,0.0,0.0,1.0
2023-10-16,46.06278610229492,44.97507816185294,41.38767535229392,0.3085719953344529,0.13055164354958476,52047.41069254279,59000.0,1781,0.0,0.0,0.0,0.0,1129,0,0,0,0.0,0.0,0.0,0.0,0.0,0.9696675005681712
2023-10-17,43.90729904174805,44.873384912319146,41.293794930302234,0.3528183075907624,0.13048835628363728,52047.41069254279,59000.0,1781,0.09844058929435087,0.0,0.0,0.0,1185,0,0,0,0.0,0.0,0.1076457539874464,0.0,1.0,1.0
2023-10-18,42.166507720947266,44.61558708456944,41.03135395440243,0.36600837998265245,0.13470565333054285,52047.41069254279,59000.0,1781,0.17350904534114506,0.0,0.0,0.0,1234,0,0,0,0.0,0.0,0.27446454520254465,0.0,1.0,1.0
2023-10-19,42.07158660888672,44.373301324980616,40.9533115435584,0.34973072932774796,0.12527785700154748,52047.41069254279,59000.0,1781,0.16671112936318203,0.0,0.0,0.0,1237,0,0,0,0.0,0.0,0.2593580652515156,0.0,1.0,1.0
2023-10-20,41.35807800292969,44.086137199071004,40.630607803056535,0.3521105205704571,0.13228164645838406,52047.41069254279,59000.0,1781,0.18923046066842317,0.0,0.0,0.0,1258,0,0,0,0.0,0.0,0.30940102370760697,0.0,1.0,1.0
2023-10-23,42.944969177246094,43.97745453032577,40.59224146982585,0.37455032660689286,0.13090062092746418,52047.41069254279,59000.0,1781,0.10282461363986697,0.0,0.0,0.0,1211,0,0,0,0.0,0.0,0.11738803031081553,0.0,1.0,1.0
2023-10-24,43.63248825073242,43.94460059893593,40.7145518503173,0.376685195683568,0.12424417528889507,52047.41069254279,59000.0,1781,0.06598041110595262,0.0,0.0,0.0,1192,0,0,0,0.0,0.0,0.03551202467989474,0.0,1.0,1.0
2023-10-25,41.74979782104492,43.73557176294631,40.41340299212582,0.40694354672382965,0.13385231922553012,52047.41069254279,59000.0,1781,0.15215920792107931,0.0,0.0,0.0,1246,0,0,0,0.0,0.0,0.2270204620468429,0.0,1.0,1.0
2023-10-26,40.297821044921875,43.40816693265827,39.68791228203349,0.4201574713096063,0.13650270145523755,52047.41069254279,59000.0,1781,0.2112203127181975,0.0,0.0,0.0,1291,0,0,0,0.0,0.0,0.35826736159599437,0.0,1.0,1.0
2023-10-27,40.47169876098633,43.12850329726094,39.087043749510144,0.418509808276576,0.13687065622300773,52047.41069254279,59000.0,1781,0.1886046291802926,0.0,0.0,0.0,1286,0,0,0,0.0,0.0,0.30801028706731687,0.0,1.0,1.0
2023-10-30,41.132240295410156,42.93838301137039,38.74175069394448,0.40730882007507846,0.14554400654094396,52047.41069254279,59000.0,1781,0.14464308681196492,0.0,0.0,0.0,1265,0,0,0,0.0,0.0,0.2103179706932554,0.0,1.0,1.0
2023-10-31,40.75149917602539,42.73010836038515,38.332134525975505,0.3977118049876905,0.14039876577725618,52047.41069254279,59000.0,1781,0.15418580330436907,0.0,0.0,0.0,1277,0,0,0,0.0,0.0,0.2315240073430424,0.0,1.0,1.0
2023-11-01,42.29542541503906,42.68870998463791,38.261479780826086,0.420550726342286,0.14256289545887807,52547.41069254279,59500.0,1781,0.0707289065871479,0.0,0.0,0.0,1242,0,0,0,0.0,0.0,0.046064236860328664,0.0,1.0,1.0
2023-11-02,43.47560119628906,42.76365200479516,38.37184621832647,0.42987115032102385,0.1577699191819221,52547.41069254279,59500.0,1781,0.0,0.0,0.0,0.0,1208,0,0,0,0.0,0.0,0.0,0.0,0.0,1.0
2023-11-03,44.97355270385742,42.97411873803919,38.654052388681905,0.4394031451921309,0.1557371423037945,52547.41069254279,59500.0,1781,0.0,0.0,0.0,0.0,1168,0,0,0,0.0,0.0,0.0,0.0,0.0,1.0
2023-11-06,45.71902847290039,43.23553871278788,38.866918065599485,0.4416447927972717,0.1543663823694051,52547.41069254279,59500.0,1781,0.0,0.0,0.0,0.0,1149,0,0,0,0.0,0.0,0.0,0.0,0.0,1.0
2023-11-07,45.922889709472656,43.491476902948335,39.104402543876695,0.4400749591377301,0.15361385621661428,52547.41069254279,59500.0,1781,0.0,0.0,0.0,0.0,1144,0,0,0,0.0,0.0,0.0,0.0,0.0,1.0
2023-11-08,46.54145812988281,43.78195130551352,39.431305667478426,0.4355697409791037,0.15291496991208925,52547.41069254279,59500.0,1781,0.0,0.0,0.0,0.0,1129,0,0,0,0.0,0.0,0.0,0.0,0.0,1.0
2023-11-09,46.917198181152344,44.08054624605056,39.72904794034963,0.43638985111837714,0.1540628620681829,52547.41069254279,59500.0,1781,0.0,0.0,0.0,0.0,1120,0,0,0,0.0,0.0,0.0,0.0,0.0,1.0
2023-11-10,48.30122375488281,44.482515532606016,39.68148592578342,0.43087465259902574,0.16230580828462446,52547.41069254279,59500.0,1781,0.0,0.0,0.0,0.0,1087,0,0,0,0.0,0.0,0.0,0.0,0.0,1.0
2023-11-13,48.586021423339844,44.873325617437814,39.67629280715701,0.42921129322655643,0.15841605122076247,52547.41069254279,59500.0,1781,0.0,0.0,0.0,0.0,1081,0,0,0,0.0,0.0,0.0,0.0,0.0,1.0
2023-11-14,49.62129592895508,45.32551326615374,39.48324433698736,0.390730608194172,0.17156341697661948,52547.41069254279,59500.0,1781,0.0,0.0,0.0,0.0,1058,0,0,0,0.0,0.0,0.0,0.0,0.0,0.8978920209206587
2023-11-15,48.85383987426758,45.66154437168839,39.49192712007072,0.3612284585522041,0.16237396895667505,52547.41069254279,59500.0,1781,0.0,0.0,0.0,0.0,1075,0,0,0,0.0,0.0,0.0,0.0,0.0,0.8538914666826296
2023-11-16,49.44542694091797,46.02191414018645,39.53504239966496,0.3596093141488107,0.15750030785869873,52547.41069254279,59500.0,1781,0.0,0.0,0.0,0.0,1062,0,0,0,0.0,0.0,0.0,0.0,0.0,0.9026910647450603
2023-11-17,49.263553619384766,46.33064170963391,39.72589660945067,0.350177304081211,0.147028213755798,52547.41069254279,59500.0,1781,0.0,0.0,0.0,0.0,1066,0,0,0,0.0,0.0,0.0,0.0,0.0,0.9847511753924731
2023-11-20,50.37377166748047,46.715701705619296,39.78087496875612,0.3368300355770659,0.14642188309009466,52547.41069254279,59500.0,1781,0.0,0.0,0.0,0.0,1043,0,0,0,0.0,0.0,0.0,0.0,0.0,0.9170064637231143
2023-11-21,49.90909957885742,47.01983483640388,39.86045041253533,0.34097885565969815,0.14723033320582954,52547.41069254279,59500.0,1781,0.0,0.0,0.0,0.0,1052,0,0,0,0.0,0.0,0.0,0.0,0.0,0.9299626659530715
2023-11-22,48.68196105957031,47.17813257194354,40.16030029820957,0.3097328366053397,0.13155475909064884,52547.41069254279,59500.0,1781,0.0,0.0,0.0,0.0,1079,0,0,0,0.0,0.0,0.0,0.0,0.0,0.9620019751110882
2023-11-24,47.742618560791016,47.231893142309964,40.73419319334663,0.28536093634722465,0.1180796595251131,52547.41069254279,59500.0,1781,0.0,0.0,0.0,0.0,1100,0,0,0,0.0,0.0,0.0,0.0,0.0,1.0
2023-11-27,48.208290100097656,47.324883328765935,41.432512042947934,0.2849139920910888,0.11538140587395238,52547.41069254279,59500.0,1781,0.0,0.0,0.0,0.0,1090,0,0,0,0.0,0.0,0.0,0.0,0.0,1.0
2023-11-28,47.78758239746094,47.36894990673689,42.11576426044256,0.29012920397087033,0.1131627771120934,52547.41069254279,59500.0,1781,0.0,0.0,0.0,0.0,1099,0,0,0,0.0,0.0,0.0,0.0,0.0,1.0
2023-11-29,48.10635757446289,47.43917920842508,43.133080633124486,0.2832205160789034,0.11449134113688772,52547.41069254279,59500.0,1781,0.0,0.0,0.0,0.0,1092,0,0,0,0.0,0.0,0.0,0.0,0.0,1.0
2023-11-30,46.73732376098633,47.372335832478534,43.810497458953364,0.2896967745947412,0.11197350021883544,52547.41069254279,59500.0,1781,0.08016058076405619,0.0,0.0,0.0,1124,0,0,0,0.0,0.0,0.0670235128090138,0.0,1.0,1.0
2023-12-01,46.73232650756836,47.31138256343947,44.32221238262354,0.27733403057264144,0.09730646311632417,53047.41069254279,60000.0,1781,0.07753832281191506,0.0,0.0,0.0,1135,0,0,0,0.0,0.0,0.061196272915366785,0.0,1.0,1.0
2023-12-04,45.47819137573242,47.13679292651499,44.2454701760262,0.27266822749946074,0.09884229471584621,53047.41069254279,60000.0,1781,0.1291707126761603,0.0,0.0,0.0,1166,0,0,0,0.0,0.0,0.175934917058134,0.0,1.0,1.0
2023-12-05,46.53755569458008,47.079722713949764,44.30014156222818,0.2788297620643793,0.09938282853379403,53047.41069254279,60000.0,1781,0.07591085340484263,0.0,0.0,0.0,1139,0,0,0,0.0,0.0,0.05757967423298363,0.0,1.0,1.0
2023-12-06,45.47520065307617,46.92691108910466,44.071159369070386,0.29094486806972103,0.10173024771847136,53047.41069254279,60000.0,1781,0.11960501778738344,0.0,0.0,0.0,1166,0,0,0,0.0,0.0,0.15467781730529653,0.0,1.0,1.0
2023-12-07,46.56753158569336,46.89268446973215,44.03964650593176,0.2998559612276987,0.10386497032460627,53047.41069254279,60000.0,1781,0.06560145249435456,0.0,0.0,0.0,1139,0,0,0,0.0,0.0,0.03466989443189908,0.0,1.0,1.0
2023-12-08,47.47697830200195,46.94833150137689,44.12783119517553,0.3065300982665287,0.09647396944453278,53047.41069254279,60000.0,1781,0.0,0.0,0.0,0.0,1117,0,0,0,0.0,0.0,0.0,0.0,0.0,1.0
2023-12-11,46.59851837158203,46.91501596520595,44.0314372721384,0.2939603011926067,0.08416484590387191,53047.41069254279,60000.0,1781,0.0651789266400753,0.0,0.0,0.0,1138,0,0,0,0.0,0.0,0.033730948089056266,0.0,1.0,1.0
2023-12-12,47.62788772583008,46.98290851383682,44.11488263696108,0.30487667394414975,0.08368121852580551,53047.41069254279,60000.0,1781,0.0,0.0,0.0,0.0,1113,0,0,0,0.0,0.0,0.0,0.0,0.0,1.0
2023-12-13,48.05862045288086,47.08535726993625,44.33655414747109,0.2960508911537606,0.0707102996558615,53047.41069254279,60000.0,1781,0.0,0.0,0.0,0.0,1103,0,0,0,0.0,0.0,0.0,0.0,0.0,1.0
2023-12-14,48.320465087890625,47.20298658593191,44.48777794929608,0.29218533837119076,0.0706682042266575,53047.41069254279,60000.0,1781,0.0,0.0,0.0,0.0,1097,0,0,0,0.0,0.0,0.0,0.0,0.0,1.0
2023-12-15,48.86013412475586,47.360810161058,44.71040551864166,0.29167029249266246,0.07108850100745126,53047.41069254279,60000.0,1781,0.0,0.0,0.0,0.0,1085,0,0,0,0.0,0.0,0.0,0.0,0.0,1.0
2023-12-18,50.04640579223633,47.616581173551175,44.85006121151222,0.3041614546297701,0.07140602310569572,53047.41069254279,60000.0,1781,0.0,0.0,0.0,0.0,1059,0,0,0,0.0,0.0,0.0,0.0,0.0,1.0
2023-12-19,49.573692321777344,47.80297271147748,45.1755636165209,0.29512764008156317,0.07020557218825481,53047.41069254279,60000.0,1781,0.0,0.0,0.0,0.0,1070,0,0,0,0.0,0.0,0.0,0.0,0.0,1.0
2023-12-20,48.081607818603516,47.82950938834663,45.40223663316278,0.3120032089714476,0.09181108585478423,53047.41069254279,60000.0,1781,0.0,0.0,0.0,0.0,1103,0,0,0,0.0,0.0,0.0,0.0,0.0,1.0
2023-12-21,48.9600715637207,47.9371819764775,45.48163218583545,0.3073211585781835,0.09644817618332899,53047.41069254279,60000.0,1781,0.0,0.0,0.0,0.0,1083,0,0,0,0.0,0.0,0.0,0.0,0.0,1.0
2023-12-22,48.8001708984375,48.019371397616545,45.51035686886207,0.2988012870287898,0.09630746784437388,53047.41069254279,60000.0,1781,0.0,0.0,0.0,0.0,1087,0,0,0,0.0,0.0,0.0,0.0,0.0,1.0
2023-12-26,49.248897552490234,48.13646912665213,45.54153764272693,0.29859731317405286,0.0953377038189042,53047.41069254279,60000.0,1781,0.0,0.0,0.0,0.0,1077,0,0,0,0.0,0.0,0.0,0.0,0.0,1.0
2023-12-27,49.386810302734375,48.25554923865997,45.55963765895283,0.296290221278112,0.09526048683155303,53047.41069254279,60000.0,1781,0.0,0.0,0.0,0.0,1074,0,0,0,0.0,0.0,0.0,0.0,0.0,1.0
2023-12-28,49.49174499511719,48.37328216784637,45.57849702400559,0.2957406900599095,0.09475151495795543,53047.41069254279,60000.0,1781,0.0,0.0,0.0,0.0,1071,0,0,0,0.0,0.0,0.0,0.0,0.0,1.0
2023-12-29,49.49174499511719,48.47980243711026,45.655571024349726,0.273836641595033,0.09646665850852709,53047.41069254279,60000.0,1781,0.0,0.0,0.0,0.0,1071,0,0,0,0.0,0.0,0.0,0.0,0.0,1.0
