date,price,ema20,bb_low,vol,mkt_vol,cash_before_trade,contribution_cum,shares_before_trade,score,q_score,q_cash,q_exec,affordable_lots,wish_lots,buy_lots,buy_shares,cost,shortage,value,bb,trend,risk
2014-01-02,0.3738436698913574,0.3738436698913574,,,0.14749715476430347,500.0,500.0,0,0.35,0.0,0.0,0.0,1337,0,0,0,0.0,1.0,0.0,0.0,0.0,0.0
2014-01-03,0.3693651258945465,0.37341714189166114,,,0.14749715476430347,500.0,500.0,0,0.5189895620726697,0.1254355674048539,1.0,0.3878048971833978,1353,2,2,2,0.738730251789093,1.0,0.054255891636199136,0.0,1.0,0.0
2014-01-06,0.37431517243385315,0.3735026686099651,,,0.14749715476430347,499.2612697482109,500.0,2,0.349477096263946,0.0,0.0,0.0,1333,0,0,0,0.0,0.9985059893255601,0.0,0.0,0.0,0.0
2014-01-07,0.3804437518119812,0.37416372415301424,,,0.14749715476430347,499.2612697482109,500.0,2,0.34947617078618576,0.0,0.0,0.0,1312,0,0,0,0.0,0.9985033451033879,0.0,0.0,0.0,0.0
2014-01-08,0.3856295943260193,0.37525571178853856,,,0.14749715476430347,499.2612697482109,500.0,2,0.34947464200349604,0.0,0.0,0.0,1294,0,0,0,0.0,0.9984989771528459,0.0,0.0,0.0,0.0
2014-01-09,0.3712508976459503,0.3748743009178159,,,0.14749715476430347,499.2612697482109,500.0,2,0.516390061075506,0.12070920195546543,1.0,0.3844964413688258,1344,2,2,2,0.7425017952919006,0.9985005027963287,0.048328243133688664,0.0,1.0,0.0
2014-01-10,0.37077945470809937,0.37448431556450956,,,0.14749715476430347,498.518767952919,500.0,4,0.5162646029173361,0.12048109621333836,1.0,0.38433676734933686,1344,2,2,2,0.7415589094161987,0.9970041254754839,0.04946616857404791,0.0,1.0,0.0
2014-01-13,0.36205801367759705,0.3733008582419465,,,0.14749715476430347,497.7772090435028,500.0,6,0.5511375549692131,0.18388646358038746,1.0,0.4287205245062713,1374,2,2,2,0.7241160273551941,0.9955203897010967,0.15058691021094084,0.0,1.0,0.0
2014-01-14,0.37337231636047363,0.3733076637770443,,,0.14749715476430347,497.0530930161476,500.0,8,0.34790947708284853,0.0,0.0,0.0,1331,0,0,0,0.0,0.9940270773795673,0.0,0.0,0.0,0.0
2014-01-15,0.377379447221756,0.37369545267654064,,,0.14749715476430347,497.0530930161476,500.0,8,0.34790730546501136,0.0,0.0,0.0,1317,0,0,0,0.0,0.9940208727571753,0.0,0.0,0.0,0.0
2014-01-16,0.3785580098628998,0.37415855336095577,,,0.14749715476430347,497.0530930161476,500.0,8,0.3479047121011786,0.0,0.0,0.0,1313,0,0,0,0.0,0.9940134631462247,0.0,0.0,0.0,0.0
2014-01-17,0.3769080936908722,0.3744204143447573,,,0.14749715476430347,497.0530930161476,500.0,8,0.34790324567966935,0.0,0.0,0.0,1318,0,0,0,0.0,0.9940092733704838,0.0,0.0,0.0,0.0
2014-01-21,0.3783223330974579,0.37479202565453834,,,0.14749715476430347,497.0530930161476,500.0,8,0.3479011646563346,0.0,0.0,0.0,1313,0,0,0,0.0,0.9940033275895274,0.0,0.0,0.0,0.0
2014-01-22,0.37785083055496216,0.3750833404069596,,,0.14749715476430347,497.0530930161476,500.0,8,0.34789953329372103,0.0,0.0,0.0,1315,0,0,0,0.0,0.9939986665534887,0.0,0.0,0.0,0.0
2014-01-23,0.37643659114837646,0.3752122214299517,,,0.14749715476430347,497.0530930161476,500.0,8,0.34789881155999225,0.0,0.0,0.0,1320,0,0,0,0.0,0.9939966044571208,0.0,0.0,0.0,0.0
2014-01-24,0.366772323846817,0.37440842166012933,,,0.14749715476430347,497.0530930161476,500.0,8,0.5335947407025429,0.151990437640987,1.0,0.4063933063486909,1355,2,2,2,0.733544647693634,0.9940094652534379,0.1019755081823989,0.0,1.0,0.0
2014-01-27,0.36441510915756226,0.37345667761226575,,,0.14749715476430347,496.319548368454,500.0,10,0.539754157457516,0.16318937719548357,1.0,0.4142325640368385,1361,2,2,2,0.7288302183151245,0.9925308664477547,0.1210524405737194,0.0,1.0,0.0
2014-01-28,0.367950975894928,0.37293232506775736,,,0.14749715476430347,495.59071815013885,500.0,12,0.5202425506847767,0.1277137285177757,1.0,0.38939960996244305,1346,2,2,2,0.735901951789856,0.9910496241983738,0.06678623490098819,0.0,1.0,0.0
2014-01-29,0.36441510915756226,0.3721211616477388,,,0.14749715476430347,494.854816198349,500.0,14,0.5325930002110946,0.15016909129289918,1.0,0.4051183639050295,1357,2,2,2,0.7288302183151245,0.9895806074738633,0.10354225027212122,0.0,1.0,0.0
2014-01-30,0.37054377794265747,0.37197093462820724,0.3597869971395351,,0.14749715476430347,494.1259859800339,500.0,16,0.5025482248690422,0.09554222703462208,1.0,0.3668795589242355,1333,2,2,2,0.7410875558853149,0.9880969300918974,0.019183712391080254,0.0,1.0,0.0
2014-01-31,0.37007245421409607,0.37179012696972047,0.3595426138617764,0.258565679339798,0.12559793276128325,493.38489842414856,500.0,18,0.3602874843218987,0.0,0.0,0.0,1333,0,0,0,0.0,0.9866155554290901,0.023100031859698784,0.0,1.0,0.7155648561458867
2014-02-03,0.3651222288608551,0.37115508905459044,0.35851335920534017,0.2594427227239213,0.1468146770411605,993.3848984241486,1000.0,18,0.43158266634441844,0.0,0.0,0.0,2720,0,0,0,0.0,0.9933192083970174,0.0812714195715636,0.0,1.0,0.4726202672229245
2014-02-04,0.3672437071800232,0.3707825764951078,0.35794527137952353,0.2554356912445204,0.15112775085353608,993.3848984241486,1000.0,18,0.43266711584389106,0.0,0.0,0.0,2704,0,0,0,0.0,0.9933259136230881,0.04772162366064304,0.0,1.0,0.4084976110270737
2014-02-05,0.36394375562667847,0.37013126022192405,0.35738356421529394,0.2485526301395574,0.14812095602964767,993.3848984241486,1000.0,18,0.4472499771268446,0.0,0.0,0.0,2729,0,0,0,0.0,0.9933376373160053,0.08358527447175994,0.0,1.0,0.398365209994366
2014-02-06,0.36865800619125366,0.3699909503142412,0.3590917191196743,0.2479947746360461,0.15708934017883702,993.3848984241486,1000.0,18,0.4408593087977314,0.0,0.0,0.0,2694,0,0,0,0.0,0.9933401628943437,0.018013198996562133,0.0,1.0,0.3155718393204283
2014-02-07,0.3740794062614441,0.3703803270711176,0.35937281427100537,0.21697288982314886,0.16584330872864478,993.3848984241486,1000.0,18,0.3296165144840662,0.0,0.0,0.0,2655,0,0,0,0.0,0.9933331541127198,0.0,0.0,0.0,0.09025044727692855
2014-02-10,0.3752579689025879,0.3708448643884005,0.3596536433126259,0.21707057985230077,0.1656642388870905,993.3848984241486,1000.0,18,0.32927961197956146,0.0,0.0,0.0,2647,0,0,0,0.0,0.9933247924410088,0.0,0.0,0.0,0.0919203268739579
2014-02-11,0.38303664326667786,0.3720059861863316,0.36040594557843997,0.20826135731141068,0.16522287282800285,993.3848984241486,1000.0,18,0.33757512096457415,0.0,0.0,0.0,2593,0,0,0,0.0,0.993303892248646,0.0,0.0,0.0,0.050406206612259474
2014-02-12,0.39670807123184204,0.37435856571447546,0.35833390809888815,0.2167069127113943,0.16026703460798247,993.3848984241486,1000.0,18,0.3222812922887904,0.0,0.0,0.0,2504,0,0,0,0.0,0.9932615458171394,0.0,0.0,0.0,0.12680124373604196
2014-02-13,0.4092009961605072,0.37767689242362135,0.3549716463748875,0.2378685756154637,0.1605842564317003,993.3848984241486,1000.0,18,0.3007423706499423,0.0,0.0,0.0,2427,0,0,0,0.0,0.9932018159363748,0.0,0.0,0.0,0.2343913246389442
2014-02-14,0.422165185213089,0.3819138726892849,0.35084446354300586,0.2570428507408852,0.1616144170702844,993.3848984241486,1000.0,18,0.28251564142023905,0.0,0.0,0.0,2353,0,0,0,0.0,0.9931255502915929,0.0,0.0,0.0,0.32539150590909216
2014-02-18,0.42192956805229187,0.3857248912952856,0.34871405154866686,0.25544106774740716,0.16105473471993037,993.3848984241486,1000.0,18,0.28322805360415765,0.0,0.0,0.0,2354,0,0,0,0.0,0.9930569519566849,0.0,0.0,0.0,0.32170939790341024
2014-02-19,0.42758679389953613,0.3897117391623571,0.3468530806712843,0.2567207714702917,0.162387751114043,993.3848984241486,1000.0,18,0.2840594549152697,0.0,0.0,0.0,2323,0,0,0,0.0,0.9929851886950776,0.0,0.0,0.0,0.31742680564003734
2014-02-20,0.4426725506782532,0.39475562597339475,0.3440307596634565,0.27466617265829374,0.16395188637613334,993.3848984241486,1000.0,18,0.2682988355915093,0.0,0.0,0.0,2244,0,0,0,0.0,0.9928943987324789,0.0,0.0,0.0,0.3960710198242914
2014-02-21,0.4393725097179413,0.3990048529966849,0.3429634087876841,0.27709228403111225,0.16082532444196695,993.3848984241486,1000.0,18,0.2603297068713021,0.0,0.0,0.0,2260,0,0,0,0.0,0.9928179126460597,0.0,0.0,0.0,0.4357828127740939
2014-02-24,0.445736825466156,0.4034555170413965,0.3427922440340996,0.24765432496913975,0.14113493772063648,993.3848984241486,1000.0,18,0.25500250315760364,0.0,0.0,0.0,2228,0,0,0,0.0,0.9927378006932549,0.0,0.0,0.0,0.462278635425178
2014-02-25,0.443724125623703,0.4072906226206638,0.34391333493949794,0.24606967581457603,0.13952917332184495,993.3848984241486,1000.0,18,0.2535054829662309,0.0,0.0,0.0,2238,0,0,0,0.0,0.9926687687928281,0.0,0.0,0.0,0.4696429305562946
2014-02-26,0.44301384687423706,0.41069283445433746,0.34543962105310055,0.24950220022941358,0.13868730838863844,993.3848984241486,1000.0,18,0.24757481637363038,0.0,0.0,0.0,2242,0,0,0,0.0,0.992607528979822,0.0,0.0,0.0,0.4991890938465364
2014-02-27,0.43804141879081726,0.4132974615340022,0.3481242462188116,0.2511973000056079,0.13201135642992926,993.3848984241486,1000.0,18,0.2302552026757272,0.0,0.0,0.0,2267,0,0,0,0.0,0.992560645692388,0.0,0.0,0.0,0.5857051165830429
2014-02-28,0.43520015478134155,0.4153834323194631,0.35066080315181963,0.25560375216553244,0.1276834844780801,993.3848984241486,1000.0,18,0.2137406752969619,0.0,0.0,0.0,2282,0,0,0,0.0,0.9925230982182497,0.0,0.0,0.0,0.6682120453971274
2014-03-03,0.4330691397190094,0.41706778540513423,0.3537208930304519,0.25769968414472644,0.12850780458381772,1493.3848984241486,1500.0,18,0.21402777907354886,0.0,0.0,0.0,3448,0,0,0,0.0,0.9949951865751384,0.0,0.0,0.0,0.6711026811387477
2014-03-04,0.43756788969039917,0.41902017628944516,0.35819222544613805,0.24503166040774224,0.09968562047332305,1493.3848984241486,1500.0,18,0.1482401152595843,0.0,0.0,0.0,3412,0,0,0,0.0,0.9949717578845266,0.0,0.0,0.0,1.0
2014-03-05,0.4413563907146454,0.4211474348061309,0.3631997917931483,0.24471704677141498,0.09936972976248896,1493.3848984241486,1500.0,18,0.14823118077381425,0.0,0.0,0.0,3383,0,0,0,0.0,0.9949462307823265,0.0,0.0,0.0,1.0
2014-03-06,0.43520015478134155,0.4224857890894843,0.369777993205798,0.250219652217773,0.0975823927664176,1493.3848984241486,1500.0,18,0.14822555968582413,0.0,0.0,0.0,3431,0,0,0,0.0,0.9949301705309261,0.0,0.0,0.0,1.0
2014-03-07,0.4347265064716339,0.4236515716973081,0.37670492189806476,0.2523050156460004,0.09207974867689617,1493.3848984241486,1500.0,18,0.1482206633988713,0.0,0.0,0.0,3435,0,0,0,0.0,0.9949161811396323,0.0,0.0,0.0,1.0
2014-03-10,0.4283335506916046,0.4240974744586697,0.383443864970436,0.2638818932479939,0.0840402168043079,1493.3848984241486,1500.0,18,0.14821879060727355,0.0,0.0,0.0,3486,0,0,0,0.0,0.994910830306496,0.0,0.0,0.0,1.0
2014-03-11,0.43259555101394653,0.4249068150829818,0.3922198868021411,0.26369593054836227,0.08792625860522141,1493.3848984241486,1500.0,18,0.1482153913766514,0.0,0.0,0.0,3452,0,0,0,0.0,0.9949011182190042,0.0,0.0,0.0,1.0
2014-03-12,0.43377935886383057,0.4257518192525864,0.40147484504945635,0.25920692959097735,0.08102240885781849,1493.3848984241486,1500.0,18,0.1482118423591391,0.0,0.0,0.0,3442,0,0,0,0.0,0.994890978168969,0.0,0.0,0.0,1.0
2014-03-13,0.4200463593006134,0.4252084421143033,0.40648593854729076,0.2682315692468101,0.09324882852660658,1493.3848984241486,1500.0,18,0.31945933989923675,0.0,0.0,0.0,3555,0,0,0,0.0,0.9948974986946284,0.0607006153031911,0.0,1.0,1.0
2014-03-14,0.4219403862953186,0.42489719870297143,0.40896273021589635,0.2464283974324924,0.09206949186057525,1493.3848984241486,1500.0,18,0.3103934873732221,0.0,0.0,0.0,3539,0,0,0,0.0,0.9949012336155644,0.03479444459364181,0.0,1.0,1.0
2014-03-17,0.4219403862953186,0.4246155975212902,0.4086459890607521,0.21939386793135512,0.09663986782504799,1493.3848984241486,1500.0,18,0.3308719776002818,0.0,0.0,0.0,3539,0,0,0,0.0,0.9949046128297445,0.031501565670081756,0.0,1.0,0.8918509243732866
2014-03-18,0.4318852126598358,0.42530794182019926,0.410317677955592,0.23467083592326346,0.09948732773617507,1493.3848984241486,1500.0,18,0.15508016011942474,0.0,0.0,0.0,3457,0,0,0,0.0,0.9948963046981576,0.0,0.0,0.0,0.9656677326246519
2014-03-19,0.4394620954990387,0.42665595645627924,0.41186074115211135,0.23794432001864754,0.09910927824923811,1493.3848984241486,1500.0,18,0.1482080449828836,0.0,0.0,0.0,3398,0,0,0,0.0,0.9948801285225246,0.0,0.0,0.0,1.0
2014-03-20,0.4396989643573761,0.4278981476849551,0.41337094842262495,0.20167477469327078,0.09911551165167445,1493.3848984241486,1500.0,18,0.20907868980418542,0.0,0.0,0.0,3396,0,0,0,0.0,0.9948652222277805,0.0,0.0,0.0,0.6956206898776887
2014-03-21,0.43898844718933105,0.42895436668537185,0.4144514296755904,0.19996980315740068,0.09956057185668642,1493.3848984241486,1500.0,18,0.21344438307298552,0.0,0.0,0.0,3401,0,0,0,0.0,0.9948525475997755,0.0,0.0,0.0,0.6737700429346793
2014-03-24,0.4368574619293213,0.4297070424228908,0.41609558173009586,0.19309580858630593,0.09941223493059011,1493.3848984241486,1500.0,18,0.2244661161246317,0.0,0.0,0.0,3418,0,0,0,0.0,0.9948435154909253,0.0,0.0,0.0,0.6186455714859607
2014-03-25,0.4368574619293213,0.43038803475683657,0.41743963182114663,0.192650050960911,0.10025307856752619,1493.3848984241486,1500.0,18,0.22791949399325193,0.0,0.0,0.0,3418,0,0,0,0.0,0.9948353435829179,0.0,0.0,0.0,0.6013643813038467
2014-03-26,0.42691290378570557,0.43005706990244313,0.41746376568356786,0.20798496916186052,0.10379973073803417,1493.3848984241486,1500.0,18,0.3770357610429236,0.0,0.0,0.0,3498,0,0,0,0.0,0.9948393151611706,0.036555219490413335,0.0,1.0,0.6697616304256537
2014-03-27,0.42123013734817505,0.4292164096591795,0.4157624803276233,0.20937100113135254,0.10250111989296569,1493.3848984241486,1500.0,18,0.3903219665273016,0.0,0.0,0.0,3545,0,0,0,0.0,0.9948494030840899,0.09303316615208145,0.0,1.0,0.7021846635267917
2014-03-28,0.42383474111557007,0.4287038697978834,0.41479852284378244,0.2104944758782548,0.10340734354212859,1493.3848984241486,1500.0,18,0.3788113482104035,0.0,0.0,0.0,3523,0,0,0,0.0,0.9948555535624254,0.05678895183065311,0.0,1.0,0.6963211433858696
2014-03-31,0.42407143115997314,0.42826268516570143,0.4139519931847146,0.21012734901438188,0.10324891568790254,1493.3848984241486,1500.0,18,0.37613574155883145,0.0,0.0,0.0,3521,0,0,0,0.0,0.9948608477780115,0.04893321495084989,0.0,1.0,0.6959609019813502
2014-04-01,0.4415931701660156,0.42953225516573135,0.4147487942119765,0.2559735838720651,0.09133253375211288,1993.3848984241486,2000.0,18,0.1486469733962279,0.0,0.0,0.0,4514,0,0,0,0.0,0.9961342097035084,0.0,0.0,0.0,1.0
2014-04-02,0.43875181674957275,0.4304103086499067,0.415947590688195,0.25526233478093985,0.09175480905366785,1993.3848984241486,2000.0,18,0.14864420752775276,0.0,0.0,0.0,4543,0,0,0,0.0,0.9961263072221508,0.0,0.0,0.0,1.0
2014-04-03,0.44348740577697754,0.4316557464715325,0.4162920598505915,0.2526490185150167,0.09179708684198104,1993.3848984241486,2000.0,18,0.14864028439861465,0.0,0.0,0.0,4494,0,0,0,0.0,0.9961150982817563,0.0,0.0,0.0,1.0
2014-04-04,0.42975419759750366,0.43147464657876783,0.4161460890234246,0.27710088971167474,0.10250802596099665,1993.3848984241486,2000.0,18,0.305618752037735,0.0,0.0,0.0,4638,0,0,0,0.0,0.9961167281807911,0.019936849069880285,0.0,1.0,1.0
2014-04-07,0.43117478489875793,0.43144608832352876,0.41619255570225644,0.2721251880768772,0.10898922871124866,1993.3848984241486,2000.0,18,0.29974138588776383,0.0,0.0,0.0,4623,0,0,0,0.0,0.9961169852050883,0.0031441173313800867,0.0,1.0,1.0
2014-04-08,0.4465654790401459,0.43288603029653994,0.416251243389646,0.29812290845622563,0.10893957067867724,1993.3848984241486,2000.0,18,0.14863640900456587,0.0,0.0,0.0,4463,0,0,0,0.0,0.9961040257273311,0.0,0.0,0.0,1.0
2014-04-09,0.446091890335083,0.43414373125259165,0.4164245041067919,0.29826213273687746,0.11612593827345097,1993.3848984241486,2000.0,18,0.14863244724655433,0.0,0.0,0.0,4468,0,0,0,0.0,0.9960927064187267,0.0,0.0,0.0,1.0
2014-04-10,0.43520015478134155,0.4342443430172345,0.41760457079742236,0.28850906945810434,0.1320247945769807,1993.3848984241486,2000.0,18,0.18442141472056423,0.0,0.0,0.0,4580,0,0,0,0.0,0.9960918009128449,0.0,0.0,0.0,0.8210535779946573
2014-04-11,0.4290437698364258,0.433749050333348,0.4178916202536594,0.2938469249999692,0.1357618517725866,1993.3848984241486,2000.0,18,0.3568793619016028,0.0,0.0,0.0,4646,0,0,0,0.0,0.9960962585469999,0.054239663387228944,0.0,1.0,0.8036910538768862
2014-04-14,0.43377935886383057,0.43375193686006064,0.41896926747010554,0.2959546932839396,0.1344443804495161,1993.3848984241486,2000.0,18,0.1817475233529486,0.0,0.0,0.0,4595,0,0,0,0.0,0.9960962325682594,0.0,0.0,0.0,0.8344307902297108
2014-04-15,0.4368574619293213,0.4340477011523712,0.4193015459354052,0.2852823025431045,0.1340913504315569,1993.3848984241486,2000.0,18,0.19404574416027712,0.0,0.0,0.0,4563,0,0,0,0.0,0.9960935706896287,0.0,0.0,0.0,0.7729350279054645
2014-04-16,0.43780478835105896,0.43440551898081764,0.4197463187011001,0.27839743165348474,0.13816622915505755,1993.3848984241486,2000.0,18,0.21280736059402308,0.0,0.0,0.0,4553,0,0,0,0.0,0.9960903503291726,0.0,0.0,0.0,0.6791213101059366
2014-04-17,0.4394620954990387,0.4348870976968387,0.42024375365177963,0.27872587245242636,0.1364761748613062,1993.3848984241486,2000.0,18,0.20824606335345583,0.0,0.0,0.0,4535,0,0,0,0.0,0.9960860161207284,0.0,0.0,0.0,0.7019202114439955
2014-04-21,0.44301384687423706,0.4356610738089719,0.4206753875296563,0.2800480975554966,0.1367430942665794,1993.3848984241486,2000.0,18,0.20729647881959265,0.0,0.0,0.0,4499,0,0,0,0.0,0.9960790503357193,0.0,0.0,0.0,0.7066559439895455
2014-04-22,0.4468023180961609,0.4367221446934661,0.4208590503040812,0.2806252547467343,0.13605568657419584,1993.3848984241486,2000.0,18,0.20486158390803022,0.0,0.0,0.0,4461,0,0,0,0.0,0.9960695006977588,0.0,0.0,0.0,0.7188137066809266
2014-04-23,0.45201143622398376,0.4381782676963725,0.4206997817667654,0.2829650899010571,0.13564619794195962,1993.3848984241486,2000.0,18,0.2009443223199763,0.0,0.0,0.0,4410,0,0,0,0.0,0.9960563955907327,0.0,0.0,0.0,0.7383770806839005
2014-04-24,0.45603665709495544,0.4398790666867137,0.4209280590168638,0.26837153447405127,0.1329292527259056,1993.3848984241486,2000.0,18,0.2121302123932515,0.0,0.0,0.0,4371,0,0,0,0.0,0.9960410883998195,0.0,0.0,0.0,0.6824208427334264
2014-04-25,0.44348740577697754,0.44022271802864366,0.4228253597027427,0.28439273086690886,0.13633253783143395,1993.3848984241486,2000.0,18,0.20094289464639029,0.0,0.0,0.0,4494,0,0,0,0.0,0.9960379955377422,0.0,0.0,0.0,0.7383520189590973
2014-04-28,0.4415931701660156,0.44035323727982195,0.42445399700129527,0.2851291913794157,0.13584656160655265,1993.3848984241486,2000.0,18,0.19879518610668453,0.0,0.0,0.0,4514,0,0,0,0.0,0.9960368208644816,0.0,0.0,0.0,0.7490885059794201
2014-04-29,0.4425402879714966,0.4405615278218862,0.4264736603608385,0.2850631291257477,0.13395885172422062,1993.3848984241486,2000.0,18,0.19394719106916664,0.0,0.0,0.0,4504,0,0,0,0.0,0.996034946249603,0.0,0.0,0.0,0.7733252005909719
2014-04-30,0.4373309910297394,0.44025385765120556,0.4260907820709244,0.24861046871034925,0.1319712861816598,1993.3848984241486,2000.0,18,0.3962611302558483,0.0,0.0,0.0,4558,0,0,0,0.0,0.9960377152811392,0.03319524145750749,0.0,1.0,0.5698520230133903
2014-05-01,0.4396989643573761,0.44020101067084083,0.4260567816373292,0.24833340250516542,0.13153732649134955,2493.3848984241486,2500.0,18,0.38623138229025644,0.0,0.0,0.0,5670,0,0,0,0.0,0.9968305527231699,0.00570246661519067,0.0,1.0,0.5732758723908487
2014-05-02,0.43638405203819275,0.4398374908010648,0.4256432866776223,0.24650452825282437,0.13156135179078143,2493.3848984241486,2500.0,18,0.4003511228674568,0.0,0.0,0.0,5713,0,0,0,0.0,0.9968331700662323,0.03925812186430963,0.0,1.0,0.5614041465411646
2014-05-05,0.4411194920539856,0.43995958615848585,0.42664903688994643,0.22184716153851988,0.12327700102907896,2493.3848984241486,2500.0,18,0.2489608475453674,0.0,0.0,0.0,5652,0,0,0,0.0,0.9968322909796589,0.0,0.0,0.0,0.49965227148756597
2014-05-06,0.43212196230888367,0.43921314579185705,0.42604076803488633,0.23472554786139527,0.12127740689892519,2493.3848984241486,2500.0,18,0.40457339270558546,0.0,0.0,0.0,5770,0,0,0,0.0,0.9968376653502986,0.08072599318707428,0.0,1.0,0.6128694389124749
2014-05-07,0.43259555101394653,0.43858289867015127,0.42520723296359697,0.1939467515297453,0.12209050143705209,2493.3848984241486,2500.0,18,0.45802685163716494,0.014594275703936241,1.0,0.31021599299275543,5763,2,2,2,0.8651911020278931,0.9968422031295749,0.06825787866283961,0.0,1.0,0.3237908849509008
2014-05-08,0.43804141879081726,0.43853132915783377,0.42542693048002483,0.20031931327243857,0.11614043655059733,2492.5197073221207,2500.0,20,0.41326006469681087,0.0,0.0,0.0,5690,0,0,0,0.0,0.9964917493667373,0.005585808064811998,0.0,1.0,0.43733540202115684
2014-05-09,0.4273862838745117,0.43746989627370786,0.42336693576065293,0.20017680177993777,0.08562351778357893,2492.5197073221207,2500.0,20,0.3494670208444077,0.0,0.0,0.0,5832,0,0,0,0.0,0.9965002408298104,0.11524921468981739,0.0,1.0,0.9482264429373097
2014-05-12,0.4399356544017792,0.4377047303811432,0.4244635202609771,0.2203491852171736,0.08066036405939626,2492.5197073221207,2500.0,20,0.1487744267549328,0.0,0.0,0.0,5665,0,0,0,0.0,0.9964983621569509,0.0,0.0,0.0,1.0
2014-05-13,0.43283241987228394,0.4372407008088709,0.4239009326040583,0.22555758236964174,0.0776314449927649,2492.5197073221207,2500.0,20,0.3164193068497588,0.0,0.0,0.0,5758,0,0,0,0.0,0.996502074393529,0.05041023089149623,0.0,1.0,1.0
2014-05-14,0.42857035994529724,0.43641495405995917,0.4221974886044682,0.22649096942506022,0.07858760586221059,2492.5197073221207,2500.0,20,0.33023442974158373,0.0,0.0,0.0,5815,0,0,0,0.0,0.9965086803675203,0.08987540460843325,0.0,1.0,1.0
2014-05-15,0.42620235681533813,0.43544232575094766,0.4200462072303541,0.2267727816657677,0.07916681962399431,2492.5197073221207,2500.0,20,0.33591529040497164,0.0,0.0,0.0,5848,0,0,0,0.0,0.9965164613939924,0.10609865404878378,0.0,1.0,1.0
2014-05-16,0.4252554476261139,0.4344721468819159,0.4179254040223351,0.22600663189385045,0.08006215864280986,2492.5197073221207,2500.0,20,0.33590720113970435,0.0,0.0,0.0,5861,0,0,0,0.0,0.9965242228249447,0.10606778043135373,0.0,1.0,1.0
2014-05-19,0.43898844718933105,0.43490227072071735,0.4185075055371835,0.25425994560518045,0.08010194521857956,2492.5197073221207,2500.0,20,0.148782273641982,0.0,0.0,0.0,5677,0,0,0,0.0,0.9965207818342343,0.0,0.0,0.0,1.0
2014-05-20,0.43387433886528015,0.4348043724487709,0.41886665854333227,0.2550063684731365,0.08235279612234045,2492.5197073221207,2500.0,20,0.3025257455588181,0.0,0.0,0.0,5744,0,0,0,0.0,0.9965215650204098,0.010694850861927912,0.0,1.0,1.0
2014-05-21,0.43387433886528015,0.4347157978217718,0.4203124051505114,0.25043850016440566,0.08697971335105366,2492.5197073221207,2500.0,20,0.3021701885897297,0.0,0.0,0.0,5744,0,0,0,0.0,0.9965222736174258,0.009678265210373299,0.0,1.0,1.0
2014-05-22,0.43577736616134644,0.4348168995683979,0.42377223027892735,0.24835095165376161,0.08714419766197086,2492.5197073221207,2500.0,20,0.14878251268120846,0.0,0.0,0.0,5719,0,0,0,0.0,0.9965214648034528,0.0,0.0,0.0,1.0
2014-05-23,0.4398210942745209,0.4352934895404096,0.42470300328143384,0.23233810153647633,0.08208393759408768,2492.5197073221207,2500.0,20,0.14878117822928683,0.0,0.0,0.0,5667,0,0,0,0.0,0.9965176520836767,0.0,0.0,0.0,1.0
2014-05-27,0.44767072796821594,0.4364722741525816,0.42481410757450605,0.24046488387046833,0.08364462213567586,2492.5197073221207,2500.0,20,0.1487778776323727,0.0,0.0,0.0,5567,0,0,0,0.0,0.9965082218067793,0.0,0.0,0.0,1.0
2014-05-28,0.4514768123626709,0.43790127779163773,0.4245456831042619,0.24199312125151742,0.08286508228613214,2492.5197073221207,2500.0,20,0.14877387642218337,0.0,0.0,0.0,5520,0,0,0,0.0,0.9964967897776669,0.0,0.0,0.0,1.0
2014-05-29,0.450763076543808,0.43912621100613014,0.4242172103204923,0.23745965873042404,0.0841014757726292,2492.5197073221207,2500.0,20,0.14877044660918282,0.0,0.0,0.0,5529,0,0,0,0.0,0.996486990311951,0.0,0.0,0.0,1.0
2014-05-30,0.4519525170326233,0.44034776396103426,0.42397106316733585,0.2370753776807242,0.08405077093303658,2492.5197073221207,2500.0,20,0.14876702626090904,0.0,0.0,0.0,5515,0,0,0,0.0,0.9964772178883117,0.0,0.0,0.0,1.0
2014-06-02,0.45052531361579895,0.4413170544043452,0.4239060977108101,0.235368512133754,0.08358296205044982,2992.5197073221207,3000.0,20,0.14897026020638987,0.0,0.0,0.0,6642,0,0,0,0.0,0.9970578863039711,0.0,0.0,0.0,1.0
2014-06-03,0.4486222565174103,0.44201278793892285,0.42400039546804524,0.23367116283598652,0.08371256256643153,2992.5197073221207,3000.0,20,0.1489686368281425,0.0,0.0,0.0,6670,0,0,0,0.0,0.9970532480804072,0.0,0.0,0.0,1.0
2014-06-04,0.4490979313850403,0.44268756350521976,0.42430765820352545,0.2196709695219356,0.07484195934938503,2992.5197073221207,3000.0,20,0.14896706235182117,0.0,0.0,0.0,6663,0,0,0,0.0,0.9970487495766319,0.0,0.0,0.0,1.0
2014-06-05,0.4510008692741394,0.44347930691178356,0.42464647719787263,0.21977889315064617,0.07555545007087303,2992.5197073221207,3000.0,20,0.14896521495053916,0.0,0.0,0.0,6635,0,0,0,0.0,0.9970434712872548,0.0,0.0,0.0,1.0
2014-06-06,0.4526659846305847,0.4443542285992884,0.42473595113595924,0.2164316629282188,0.07538105135918731,2992.5197073221207,3000.0,20,0.14896317346660165,0.0,0.0,0.0,6610,0,0,0,0.0,0.9970376384760048,0.0,0.0,0.0,1.0
2014-06-09,0.45314180850982666,0.44519114097172063,0.4259058382505562,0.19343598201459195,0.07545241799752835,2992.5197073221207,3000.0,20,0.14896122067106599,0.0,0.0,0.0,6603,0,0,0,0.0,0.9970320590601885,0.0,0.0,0.0,1.0
2014-06-10,0.4555206000804901,0.4461748989820796,0.42601845395358107,0.16697573515361633,0.0699366576154439,2992.5197073221207,3000.0,20,0.15103757552962913,0.0,0.0,0.0,6569,0,0,0,0.0,0.9970255006734529,0.0,0.0,0.0,0.9896067485303968
2014-06-11,0.4614672064781189,0.44763130921979766,0.42643907584470275,0.15725240841048688,0.07206363667114139,2992.5197073221207,3000.0,20,0.1852667659312831,0.0,0.0,0.0,6484,0,0,0,0.0,0.997015791271868,0.0,0.0,0.0,0.8184438050693534
2014-06-12,0.46432170271873474,0.4492208705054107,0.42759313988201136,0.14965071488753634,0.07510014430045293,2992.5197073221207,3000.0,20,0.2168381310123102,0.0,0.0,0.0,6444,0,0,0,0.0,0.9970051941966306,0.0,0.0,0.0,0.6605684347825524
2014-06-13,0.4647974371910095,0.45070435304689627,0.4296731733457457,0.14584648505960918,0.06434035895472043,2992.5197073221207,3000.0,20,0.17114897980664728,0.0,0.0,0.0,6438,0,0,0,0.0,0.9969953043130206,0.0,0.0,0.0,0.8889968835145494
2014-06-16,0.4633701741695404,0.4519106217252433,0.43274419917802764,0.1463865746299277,0.06395548195632335,2992.5197073221207,3000.0,20,0.1674651481458997,0.0,0.0,0.0,6458,0,0,0,0.0,0.9969872625218317,0.0,0.0,0.0,0.9074019686837067
2014-06-17,0.46646255254745483,0.4532965198987873,0.4335058785877289,0.10345428359621146,0.06344329800797618,2992.5197073221207,3000.0,20,0.27716607421132367,0.0,0.0,0.0,6415,0,0,0,0.0,0.9969780232006747,0.0,0.0,0.0,0.3588811695445624
2014-06-18,0.4659867286682129,0.4545051112101612,0.4354746057418918,0.08932425777259752,0.0596407485217163,2992.5197073221207,3000.0,20,0.2993219587094663,0.0,0.0,0.0,6421,0,0,0,0.0,0.9969699659252655,0.0,0.0,0.0,0.2480876468218829
2014-06-19,0.4552825689315796,0.4545791548026772,0.4377808571048561,0.12967568523371362,0.05544633182904043,2992.5197073221207,3000.0,20,0.15914591522521976,0.0,0.0,0.0,6572,0,0,0,0.0,0.9969694723013155,0.0,0.0,0.0,0.9489670004012032
2014-06-20,0.4502873718738556,0.45417041357136084,0.4395743798280307,0.137825922432158,0.055416507292608976,2992.5197073221207,3000.0,20,0.3139023246149735,0.0,0.0,0.0,6645,0,0,0,0.0,0.9969721972428576,0.042748730228495326,0.0,1.0,1.0
2014-06-23,0.44505417346954346,0.4533022002283306,0.43967461215481385,0.1424231282139929,0.055064859847248196,2992.5197073221207,3000.0,20,0.33078429082513655,0.0,0.0,0.0,6723,0,0,0,0.0,0.9969779853318111,0.09097713131143628,0.0,1.0,1.0
2014-06-24,0.4381560683250427,0.4518597114756365,0.4365929949721831,0.1380786291680603,0.05945959910988736,2992.5197073221207,3000.0,20,0.3649806007509257,0.0,0.0,0.0,6829,0,0,0,0.0,0.9969876019234958,0.15163603661235772,0.0,1.0,0.9351883636831151
2014-06-25,0.4426754117012024,0.45098501625902376,0.4348679330222174,0.13987759063836872,0.06045492167655169,2992.5197073221207,3000.0,20,0.345567206534214,0.0,0.0,0.0,6760,0,0,0,0.0,0.9969934332249398,0.09212727982351346,0.0,1.0,0.9281252151637231
2014-06-26,0.436728835105896,0.4496272847206306,0.43177735101651565,0.14674854993960568,0.059053958782259275,2992.5197073221207,3000.0,20,0.34915308735648737,0.0,0.0,0.0,6852,0,0,0,0.0,0.9970024847685292,0.14343490767857756,0.0,1.0,1.0
2014-06-27,0.43720459938049316,0.44844417183109375,0.4291871026562298,0.14626574585045463,0.05906767978299177,2992.5197073221207,3000.0,20,0.3428147238512171,0.0,0.0,0.0,6844,0,0,0,0.0,0.9970103721877928,0.12531741024425627,0.0,1.0,1.0
2014-06-30,0.441010445356369,0.44773619788111996,0.427803134264477,0.1506051331425305,0.05925617717011472,2992.5197073221207,3000.0,20,0.3252432325069637,0.0,0.0,0.0,6785,0,0,0,0.0,0.9970150920141259,0.07510842943434201,0.0,1.0,1.0
2014-07-01,0.4460057020187378,0.44757138875136926,0.4275071211488601,0.1562331781104454,0.06242267468539309,3492.5197073221207,3500.0,20,0.305226677899527,0.0,0.0,0.0,7830,0,0,0,0.0,0.997442449207135,0.01749091622008508,0.0,1.0,1.0
2014-07-02,0.4443405866622925,0.44726369331431437,0.4269428108010825,0.15662763745764563,0.062412560752657505,3492.5197073221207,3500.0,20,0.31054265545987486,0.0,0.0,0.0,7860,0,0,0,0.0,0.9974442074667753,0.032677665275724466,0.0,1.0,1.0
2014-07-03,0.4483843147754669,0.4473704191677575,0.4269949597417608,0.15949773527220543,0.06133141945137989,3492.5197073221207,3500.0,20,0.14910525916166445,0.0,0.0,0.0,7789,0,0,0,0.0,0.9974435976047556,0.0,0.0,0.0,1.0
2014-07-07,0.44481632113456726,0.4471271717360251,0.426533424922376,0.16103904343576583,0.06240861588939434,3492.5197073221207,3500.0,20,0.308150126781589,0.0,0.0,0.0,7851,0,0,0,0.0,0.9974449875900798,0.025841088928745964,0.0,1.0,1.0
2014-07-08,0.4412483274936676,0.44656728180818156,0.42552153923873254,0.1628468969024199,0.06821759886617633,3492.5197073221207,3500.0,20,0.3220892885576109,0.0,0.0,0.0,7915,0,0,0,0.0,0.997448186961096,0.05955378429177734,0.0,1.0,0.9893070069044738
2014-07-09,0.4545690417289734,0.4473293541815903,0.4263256553733423,0.19665861893108932,0.0698619445702986,3492.5197073221207,3500.0,20,0.14910534129163677,0.0,0.0,0.0,7683,0,0,0,0.0,0.9974438322618194,0.0,0.0,0.0,1.0
2014-07-10,0.45219022035598755,0.44779229381724717,0.4273973781071621,0.19115513318332472,0.07035532089295035,3492.5197073221207,3500.0,20,0.14910441541236547,0.0,0.0,0.0,7723,0,0,0,0.0,0.9974411868924729,0.0,0.0,0.0,1.0
2014-07-11,0.45314180850982666,0.44830177140701666,0.4289571463926375,0.18967880321575478,0.06434705811767552,3492.5197073221207,3500.0,20,0.1491033964571859,0.0,0.0,0.0,7707,0,0,0,0.0,0.9974382755919599,0.0,0.0,0.0,1.0
2014-07-14,0.4588507413864136,0.44930643521457825,0.43078081108219646,0.19578974236622942,0.06538729838513387,3492.5197073221207,3500.0,20,0.14910138712957083,0.0,0.0,0.0,7611,0,0,0,0.0,0.9974325346559167,0.0,0.0,0.0,1.0
2014-07-15,0.4607537090778351,0.45039665177298366,0.4322567963268088,0.19624365640139585,0.06624284144730834,3492.5197073221207,3500.0,20,0.149099206696454,0.0,0.0,0.0,7580,0,0,0,0.0,0.9974263048470116,0.0,0.0,0.0,1.0
2014-07-16,0.46027785539627075,0.4513377187847253,0.4342602307772939,0.19455732399468528,0.06713832963144778,3492.5197073221207,3500.0,20,0.14909732456243052,0.0,0.0,0.0,7587,0,0,0,0.0,0.9974209273212301,0.0,0.0,0.0,1.0
2014-07-17,0.4590885043144226,0.45207588883517263,0.4362209623212212,0.19468169335357485,0.07647954254863061,3492.5197073221207,3500.0,20,0.14909584822232963,0.0,0.0,0.0,7607,0,0,0,0.0,0.9974167092066561,0.0,0.0,0.0,1.0
2014-07-18,0.4386317729949951,0.45079549685039383,0.43469269605627375,0.23778537405305133,0.08462775596056248,3492.5197073221207,3500.0,20,0.34631830560169957,0.0,0.0,0.0,7962,0,0,0,0.0,0.9974240257322835,0.1349139902725726,0.0,1.0,1.0
2014-07-21,0.4412483274936676,0.44988624262594373,0.43358647035438014,0.23667466376032706,0.08506044567109147,3492.5197073221207,3500.0,20,0.3327006136773711,0.0,0.0,0.0,7915,0,0,0,0.0,0.9974292214707089,0.09600110332178009,0.0,1.0,1.0
2014-07-22,0.4393453598022461,0.4488823490236868,0.4322269019991492,0.2336889580795017,0.08667174589982347,3492.5197073221207,3500.0,20,0.3362828711051227,0.0,0.0,0.0,7949,0,0,0,0.0,0.9974349580055789,0.10623038800905762,0.0,1.0,1.0
2014-07-23,0.43006837368011475,0.4470905418481085,0.4291914940507753,0.2392410273171859,0.08270904779487417,3492.5197073221207,3500.0,20,0.365733921069512,0.0,0.0,0.0,8120,0,0,0,0.0,0.9974451969037251,0.1903660061520238,0.0,1.0,1.0
2014-07-24,0.4307820796966553,0.44553735497654146,0.42635496898541114,0.23584598930232448,0.0813910683359854,3492.5197073221207,3500.0,20,0.35706530414667587,0.0,0.0,0.0,8107,0,0,0,0.0,0.9974540722572769,0.1655896538760827,0.0,1.0,1.0
2014-07-25,0.42317014932632446,0.443407144914616,0.4220229204858796,0.23920321551379217,0.08354893061689511,3492.5197073221207,3500.0,20,0.37898276536326775,0.0,0.0,0.0,8253,0,0,0,0.0,0.9974662448862022,0.22819879900884846,0.0,1.0,1.0
2014-07-28,0.4215050935745239,0.4413212352631787,0.41766103672431215,0.23915595186171937,0.08339677772082502,3492.5197073221207,3500.0,20,0.37769560209199887,0.0,0.0,0.0,8285,0,0,0,0.0,0.9974781643699246,0.2245092701786437,0.0,1.0,1.0
2014-07-29,0.42293232679367065,0.43956991064703504,0.41404515443657974,0.23681524122905134,0.08523683714076968,3492.5197073221207,3500.0,20,0.3653578137056888,0.0,0.0,0.0,8257,0,0,0,0.0,0.9974881719391598,0.18924843864852253,0.0,1.0,1.0
2014-07-30,0.43006837368011475,0.4386650023644712,0.41247432404771045,0.24171716209275423,0.08179678426231267,3492.5197073221207,3500.0,20,0.3334178613520781,0.0,0.0,0.0,8120,0,0,0,0.0,0.9974933428436316,0.09798626101944898,0.0,1.0,1.0
2014-07-31,0.41627195477485657,0.4365323311654603,0.4078100867269501,0.26471756220315945,0.10802114338876537,3492.5197073221207,3500.0,20,0.38034808701937045,0.0,0.0,0.0,8389,0,0,0,0.0,0.9975055295361974,0.2320604333762896,0.0,1.0,1.0
2014-08-01,0.42079147696495056,0.43503320219398317,0.40510469492357165,0.2658644105505406,0.10530309746138071,3992.5197073221207,4000.0,20,0.35652861603324687,0.0,0.0,0.0,9488,0,0,0,0.0,0.9978248339890301,0.16368549753453257,0.0,1.0,1.0
2014-08-04,0.41984012722969055,0.4335862426735743,0.40244628021429296,0.2652340450691332,0.10925242731112622,3992.5197073221207,4000.0,20,0.3547220019673147,0.0,0.0,0.0,9509,0,0,0,0.0,0.9978320687866321,0.1585165082628387,0.0,1.0,1.0
2014-08-05,0.42007797956466675,0.4322997414251069,0.4000978110860403,0.26472215545246064,0.11157627965066093,3992.5197073221207,4000.0,20,0.353290831160059,0.0,0.0,0.0,9504,0,0,0,0.0,0.9978385012928744,0.14135749677006804,0.0,1.0,0.9771388408098542
2014-08-06,0.4196021854877472,0.4310904503834536,0.3989524828277954,0.23543090834315783,0.10961039728759249,3992.5197073221207,4000.0,20,0.3879004803147359,0.0,0.0,0.0,9515,0,0,0,0.0,0.9978445477480827,0.13324657140383933,0.0,1.0,0.7899070569421838
2014-08-07,0.4153205156326294,0.4295885518357561,0.39714893495591247,0.23646660027795535,0.1102092080820984,3992.5197073221207,4000.0,20,0.3997688185006256,0.0,0.0,0.0,9613,0,0,0,0.0,0.9978520572408213,0.16606629927817299,0.0,1.0,0.7880130314051113
2014-08-08,0.4519525170326233,0.4317184532830768,0.39942185024642296,0.4044382488585284,0.11910970794122996,3992.5197073221207,4000.0,20,0.1492444927067546,0.0,0.0,0.0,8833,0,0,0,0.0,0.9978414077335847,0.0,0.0,0.0,1.0
2014-08-11,0.44957369565963745,0.43341895255703494,0.4023814533326634,0.40212035609049873,0.11800242274345359,3992.5197073221207,4000.0,20,0.14924151683302517,0.0,0.0,0.0,8880,0,0,0,0.0,0.9978329052372148,0.0,0.0,0.0,1.0
2014-08-12,0.44957369565963745,0.43495749951918755,0.4056259800610075,0.40172320154471775,0.11797611776847591,3992.5197073221207,4000.0,20,0.1492388243758414,0.0,0.0,0.0,8880,0,0,0,0.0,0.9978252125024041,0.0,0.0,0.0,1.0
2014-08-13,0.45219022035598755,0.43659871102745423,0.40866036803091815,0.4024362349593958,0.11975912997759441,3992.5197073221207,4000.0,20,0.1492359522557019,0.0,0.0,0.0,8829,0,0,0,0.0,0.9978170064448627,0.0,0.0,0.0,1.0
2014-08-14,0.44719499349594116,0.43760788078635776,0.41160399931578767,0.4041102187575729,0.11371304488461072,3992.5197073221207,4000.0,20,0.14923418620862383,0.0,0.0,0.0,8927,0,0,0,0.0,0.9978119605960682,0.0,0.0,0.0,1.0
2014-08-15,0.4529038071632385,0.439064635679394,0.41155555033007485,0.3721456064468781,0.10699809826806042,3992.5197073221207,4000.0,20,0.14923163688756103,0.0,0.0,0.0,8815,0,0,0,0.0,0.997804676821603,0.0,0.0,0.0,1.0
2014-08-18,0.4590885043144226,0.44097167078749194,0.41123178139410055,0.37426766626922087,0.11147968360307531,3992.5197073221207,4000.0,20,0.14922829957612188,0.0,0.0,0.0,8696,0,0,0,0.0,0.9977951416460625,0.0,0.0,0.0,1.0
2014-08-19,0.46279194951057434,0.44304979257064264,0.4106305998399166,0.3739733506666279,0.11147040266247656,3992.5197073221207,4000.0,20,0.14922466286300134,0.0,0.0,0.0,8627,0,0,0,0.0,0.9977847510371468,0.0,0.0,0.0,1.0
2014-08-20,0.4599246382713318,0.44465692073261304,0.41045179881536853,0.36492906135800673,0.11165299554401122,3992.5197073221207,4000.0,20,0.14922185038871788,0.0,0.0,0.0,8680,0,0,0,0.0,0.9977767153963369,0.0,0.0,0.0,1.0
2014-08-21,0.4556242525577545,0.44570142852548367,0.4105455975744303,0.36778820919364,0.11213343085575878,3992.5197073221207,4000.0,20,0.14922002250008037,0.0,0.0,0.0,8762,0,0,0,0.0,0.9977714928573725,0.0,0.0,0.0,1.0
2014-08-22,0.45586302876472473,0.44666919997683996,0.41128323352629625,0.3597746749223422,0.11090139651343121,3992.5197073221207,4000.0,20,0.1492183289000405,0.0,0.0,0.0,8758,0,0,0,0.0,0.9977666540001158,0.0,0.0,0.0,1.0
2014-08-25,0.4565798342227936,0.44761306990502603,0.4124340821002134,0.3587008611073598,0.11205162261671713,3992.5197073221207,4000.0,20,0.14921667712766618,0.0,0.0,0.0,8744,0,0,0,0.0,0.9977619346504749,0.0,0.0,0.0,1.0
2014-08-26,0.464703232049942,0.44924070439501806,0.4135985116301884,0.3618779719926144,0.11046898054887345,3992.5197073221207,4000.0,20,0.14921382876730865,0.0,0.0,0.0,8591,0,0,0,0.0,0.9977537964780249,0.0,0.0,0.0,1.0
2014-08-27,0.45944684743881226,0.45021271801823654,0.4143928755881722,0.3633960737554843,0.11046993173576519,3992.5197073221207,4000.0,20,0.14921212774346804,0.0,0.0,0.0,8689,0,0,0,0.0,0.9977489364099088,0.0,0.0,0.0,1.0
2014-08-28,0.46326974034309387,0.45145624395393724,0.4172962534817296,0.33829013040072037,0.07959477219025736,3992.5197073221207,4000.0,20,0.1492099515730806,0.0,0.0,0.0,8618,0,0,0,0.0,0.9977427187802304,0.0,0.0,0.0,1.0
2014-08-29,0.464703232049942,0.45271786186784246,0.4199857969698562,0.3378025420507729,0.07790916891504912,3992.5197073221207,4000.0,20,0.14920774374173124,0.0,0.0,0.0,8591,0,0,0,0.0,0.9977364106906608,0.0,0.0,0.0,1.0
2014-09-02,0.46589788794517517,0.4539731024466361,0.423478127432355,0.33682479381080915,0.0758938439569475,4492.519707322121,4500.0,20,0.1492938196184163,0.0,0.0,0.0,9642,0,0,0,0.0,0.9979823417669038,0.0,0.0,0.0,1.0
2014-09-03,0.47019845247268677,0.4555183738776885,0.4277124741181274,0.3365721232668719,0.06394410538643452,4492.519707322121,4500.0,20,0.14929141586285694,0.0,0.0,0.0,9554,0,0,0,0.0,0.997975473893877,0.0,0.0,0.0,1.0
2014-09-04,0.4785606563091278,0.45771287696639706,0.4328343703846647,0.33805783311814713,0.06483303018045315,4492.519707322121,4500.0,20,0.14928800219138555,0.0,0.0,0.0,9387,0,0,0,0.0,0.997965720546816,0.0,0.0,0.0,1.0
2014-09-05,0.4771271049976349,0.45956185106461017,0.4421168917089064,0.33419470152922653,0.05914180777647872,4492.519707322121,4500.0,20,0.14928512600945504,0.0,0.0,0.0,9415,0,0,0,0.0,0.9979575028841573,0.0,0.0,0.0,1.0
2014-09-08,0.4728265106678009,0.46082515197919977,0.44288118360665973,0.1475923601282124,0.05188883267190325,4492.519707322121,4500.0,20,0.14928316087469895,0.0,0.0,0.0,9501,0,0,0,0.0,0.9979518882134257,0.0,0.0,0.0,1.0
2014-09-09,0.466853529214859,0.4613992831445007,0.4440995104306234,0.15474620679683726,0.05952178024911731,4492.519707322121,4500.0,20,0.14928226778177522,0.0,0.0,0.0,9622,0,0,0,0.0,0.9979493365193578,0.0,0.0,0.0,1.0
2014-09-10,0.46852606534957886,0.4620780243068891,0.44553034064270397,0.1546752948286941,0.05899272194449492,4492.519707322121,4500.0,20,0.14928121196218924,0.0,0.0,0.0,9588,0,0,0,0.0,0.9979463198919694,0.0,0.0,0.0,1.0
2014-09-11,0.463747501373291,0.46223702212273693,0.446446827061038,0.15994380243869513,0.05582200635989335,4492.519707322121,4500.0,20,0.1492809646322535,0.0,0.0,0.0,9687,0,0,0,0.0,0.9979456132350101,0.0,0.0,0.0,1.0
2014-09-12,0.45681875944137573,0.46172099710546444,0.4474862358086578,0.1644674392870348,0.060168301971313225,4492.519707322121,4500.0,20,0.3178620700876276,0.0,0.0,0.0,9834,0,0,0,0.0,0.9979479066795313,0.05308657928511917,0.0,1.0,1.0
2014-09-15,0.4506067931652069,0.4606625014921066,0.44602707332561653,0.16631361544083698,0.06033212804680103,4492.519707322121,4500.0,20,0.3374838090024615,0.0,0.0,0.0,9969,0,0,0,0.0,0.9979526111044795,0.10914398604541045,0.0,1.0,1.0
2014-09-16,0.4572966694831848,0.4603419460626854,0.44556746389995666,0.1676776277239312,0.0586299240456313,4492.519707322121,4500.0,20,0.3108605982066934,0.0,0.0,0.0,9824,0,0,0,0.0,0.997954035795277,0.03307624479527573,0.0,1.0,1.0
2014-09-17,0.4575355648994446,0.46007467166618626,0.4450570305364335,0.1648939437032213,0.05645393952408727,4492.519707322121,4500.0,20,0.30894240580386206,0.0,0.0,0.0,9818,0,0,0,0.0,0.9979552236814836,0.027594507186693904,0.0,1.0,1.0
2014-09-18,0.46446430683135986,0.46049273215810754,0.4455532233921759,0.17237975884187293,0.058194237513520534,4492.519707322121,4500.0,20,0.14928367797219844,0.0,0.0,0.0,9672,0,0,0,0.0,0.9979533656348528,0.0,0.0,0.0,1.0
2014-09-19,0.45586302876472473,0.46005180802540446,0.445138550470722,0.18215668350779038,0.05764974981104831,4492.519707322121,4500.0,20,0.31521814256848074,0.0,0.0,0.0,9854,0,0,0,0.0,0.9979553252976648,0.045525082040851615,0.0,1.0,1.0
2014-09-22,0.45132356882095337,0.45922054714879007,0.44368965978397656,0.18559203655648615,0.06458654535678243,4492.519707322121,4500.0,20,0.3293795021596682,0.0,0.0,0.0,9954,0,0,0,0.0,0.9979590197904499,0.08598241495145943,0.0,1.0,1.0
2014-09-23,0.4494122564792633,0.45828642422788274,0.441799551408709,0.18590331857941028,0.06541863350801207,4492.519707322121,4500.0,20,0.3331737641581391,0.0,0.0,0.0,9996,0,0,0,0.0,0.997963171447876,0.09681901186109274,0.0,1.0,1.0
2014-09-24,0.4520402252674103,0.45769154813640917,0.4405279851086804,0.1746154665257329,0.07152001613857016,4492.519707322121,4500.0,20,0.3208960704338279,0.0,0.0,0.0,9938,0,0,0,0.0,0.997965815341616,0.061737243040749595,0.0,1.0,1.0
2014-09-25,0.44224464893341064,0.45622041487898074,0.4368651999930829,0.18597580825821347,0.09161689350619222,4492.519707322121,4500.0,20,0.4145779426349302,0.0,0.0,0.0,10158,0,0,0,0.0,0.9979723537116489,0.15316901096235877,0.0,1.0,0.6916076750048623
2014-09-26,0.4432002305984497,0.454980397328454,0.43400570479110495,0.1827695646835658,0.0974230158852182,4492.519707322121,4500.0,20,0.4319290511494425,0.0,0.0,0.0,10136,0,0,0,0.0,0.9979778649007625,0.12945795905905938,0.0,1.0,0.5633674361824756
2014-09-29,0.44248345494270325,0.45379021233933486,0.4314517920484036,0.18173916873444687,0.09673001054780751,4492.519707322121,4500.0,20,0.42975936798928616,0.0,0.0,0.0,10152,0,0,0,0.0,0.9979831546118252,0.1245813273312367,0.0,1.0,0.5656910034539275
2014-09-30,0.440810889005661,0.4525540863075564,0.42898024687752534,0.1808384294828167,0.09703218694085801,4492.519707322121,4500.0,20,0.4340903982084874,0.0,0.0,0.0,10191,0,0,0,0.0,0.9979886485052998,0.12974357825060812,0.0,1.0,0.5530794057804016
2014-10-01,0.43651047348976135,0.45102612318205215,0.42630669651301834,0.17673384971474385,0.10671684535660068,4992.519707322121,5000.0,20,0.4796730892839223,0.053951071425313295,1.0,0.33776574999771936,11437,2,2,2,0.8730209469795227,0.9981958955072718,0.16091805935630588,0.0,1.0,0.38008397459164933
2014-10-02,0.43459901213645935,0.4494616364158052,0.42522094111463843,0.15754945015011068,0.10682333634295414,4991.646686375141,5000.0,22,0.5113661795313588,0.11157487187519773,1.0,0.37810241031263847,11485,2,2,2,0.8691980242729187,0.9980223687997705,0.16533807421103439,0.0,1.0,0.22904987761211482
2014-10-03,0.43555453419685364,0.44813715049019076,0.4250676942242194,0.15938886301458335,0.11363124332995023,4990.777488350868,5000.0,24,0.5146020657911806,0.11745830143851019,1.0,0.38222081100695715,11458,2,2,2,0.8711090683937073,0.997848941677647,0.1403880071042285,0.0,1.0,0.16890433141237882
2014-10-06,0.43292662501335144,0.44668852901620604,0.4242608955305338,0.1586187138882442,0.11338802873762541,4989.9063792824745,5000.0,26,0.5199520007462525,0.1271854559022772,1.0,0.38902981913159407,11525,2,2,2,0.8658532500267029,0.9976772196491157,0.15404362445980013,0.0,1.0,0.16575147345934016
2014-10-07,0.4283870458602905,0.4449455306204046,0.42196187858579104,0.15730977326231263,0.12275717878412207,4989.040526032448,5000.0,28,0.5506750033455136,0.18304546062820642,1.0,0.42813182243974457,11646,2,2,2,0.856774091720581,0.9975083050285257,0.18607316649552516,0.0,1.0,0.06789255843952136
2014-10-08,0.4362714886665344,0.4441194313867027,0.42265986819657786,0.1749047624890192,0.13891708276648396,4988.183751940727,5000.0,30,0.5201481199663621,0.12754203630247654,1.0,0.3892794254117336,11433,2,2,2,0.8725429773330688,0.9973352834116798,0.08835396703612042,0.0,1.0,0.04921558845183949
2014-10-09,0.42790916562080383,0.4425755965518552,0.42115806743699924,0.1822041511786918,0.1558090056631225,4987.311208963394,5000.0,32,0.5570015573621407,0.19454828611298314,1.0,0.4361838002790882,11655,2,2,2,0.8558183312416077,0.9971675161820681,0.16569407628119115,0.0,1.0,0.0
2014-10-10,0.402583509683609,0.438766826373927,0.41096683856433036,0.2660099907618852,0.1589785199968278,4986.455390632153,5000.0,34,0.7143969790000761,0.4807217800001384,1.0,0.6365052460000968,12386,3,3,3,1.207750529050827,0.9970163855806573,0.4123296762125967,1.0,1.0,0.394370713137814
2014-10-13,0.4011498689651489,0.4351842590016624,0.4022461949602698,0.26467156827567145,0.16693553865947,4985.247640103102,5000.0,37,0.7214895808036024,0.49361741964291334,1.0,0.6455321937500393,12427,3,3,3,1.2034496068954468,0.9967796364833877,0.3910342496600212,1.0,1.0,0.3212263967329536
2014-10-14,0.41046786308288574,0.43283031653320747,0.3985501491746661,0.2747651134405889,0.16339874906447305,4984.044190496206,5000.0,40,0.5089426183512586,0.10716839700228842,1.0,0.3750178779016019,12142,2,2,2,0.8209357261657715,0.9965373574677343,0.25832817845842876,0.0,1.0,0.4013015961144919
2014-10-15,0.41667988896369934,0.4312921805742067,0.3972239917154353,0.2835845347499352,0.16346990303103495,4983.2232547700405,5000.0,42,0.4688922369976837,0.034349521813970295,1.0,0.32404466526977926,11959,2,2,2,0.8333597779273987,0.9963771456831767,0.16940130459881156,0.0,1.0,0.44565110300506094
2014-10-16,0.41691890358924866,0.42992329705182974,0.3978641032445153,0.27476997804659853,0.16107224947241072,4982.389894992113,5000.0,44,0.4672967515690848,0.031448639216517776,1.0,0.3220140474515625,11950,2,2,2,0.8338378071784973,0.9962166749859439,0.15124085565678627,0.0,1.0,0.42156692077935376
2014-10-17,0.41620197892189026,0.42861650484897834,0.3976589650085324,0.2704387368627945,0.17136136735444424,4981.556057184935,5000.0,46,0.4862775075934569,0.06595910471537614,1.0,0.3461713733007633,11969,2,2,2,0.8324039578437805,0.9960567281553894,0.14482090384576185,0.0,1.0,0.31514831803472965
2014-10-20,0.41978585720062256,0.42777549078723015,0.3980118545174578,0.27339340848712446,0.17562248241015763,4980.723653227091,5000.0,48,0.4717959200314101,0.03962894551165466,1.0,0.3277402618581583,11864,2,2,2,0.8395717144012451,0.9958933552884426,0.09338582689607068,0.0,1.0,0.29725896866584756
2014-10-21,0.4377049207687378,0.42872115078546896,0.40018732995081896,0.3186437406363931,0.19124088495981736,4979.88408151269,5000.0,50,0.2708010637460986,0.0,0.0,0.0,11377,0,0,0,0.0,0.9957127884921453,0.0,0.0,0.0,0.3884920611307614
2014-10-22,0.4274313449859619,0.4285983121378969,0.4022605343229768,0.3270195210770947,0.18951973260733618,4979.88408151269,5000.0,50,0.4156785556702857,0.0,0.0,0.0,11650,0,0,0,0.0,0.995714016878621,0.013613762804081274,0.0,1.0,0.4379308360933001
2014-10-23,0.4369882643222809,0.4293973552030763,0.40357969353759326,0.33028058537689936,0.18771765912751098,4979.88408151269,5000.0,50,0.25525477667426105,0.0,0.0,0.0,11395,0,0,0,0.0,0.9957060264479692,0.0,0.0,0.0,0.46621166291264093
2014-10-24,0.4415278434753418,0.4305526398004349,0.40494279475762035,0.3324077107529834,0.1868364241320858,4979.88408151269,5000.0,50,0.25197012927840545,0.0,0.0,0.0,11278,0,0,0,0.0,0.9956944736019957,0.0,0.0,0.0,0.4826146824114652
2014-10-27,0.4417667090892792,0.4316206463993724,0.4060993250398139,0.3323548743984001,0.18671370282363803,4979.88408151269,5000.0,50,0.25181865906835377,0.0,0.0,0.0,11272,0,0,0,0.0,0.9956837935360062,0.0,0.0,0.0,0.4833533433462418
2014-10-28,0.452279269695282,0.4335881343323162,0.40631530745480043,0.34231857388341397,0.1914169473587982,4979.88408151269,5000.0,50,0.2504257833579067,0.0,0.0,0.0,11010,0,0,0,0.0,0.9956641186566768,0.0,0.0,0.0,0.49028329085965083
2014-10-29,0.4494122564792633,0.43509519358440635,0.40637140162289775,0.341039931779462,0.18471961025362232,4979.88408151269,5000.0,50,0.24076761420988502,0.0,0.0,0.0,11080,0,0,0,0.0,0.9956490480641559,0.0,0.0,0.0,0.5385477630628477
2014-10-30,0.4465451240539551,0.4361856631529348,0.406434286683237,0.34158482019453645,0.18560126519332065,4979.88408151269,5000.0,50,0.2417361988645194,0.0,0.0,0.0,11152,0,0,0,0.0,0.9956381433684707,0.0,0.0,0.0,0.5336857565722264
2014-10-31,0.466853529214859,0.4391064123016895,0.4049239275587038,0.3754913824684221,0.18601078931004622,4979.88408151269,5000.0,50,0.2120208313320853,0.0,0.0,0.0,10666,0,0,0,0.0,0.9956089358769831,0.0,0.0,0.0,0.6822114811242936
2014-11-03,0.47473791241645813,0.4424998885030961,0.4029906147325333,0.3763901698876152,0.18578352592159783,5479.88408151269,5500.0,50,0.21093188638407223,0.0,0.0,0.0,11542,0,0,0,0.0,0.995977273740881,0.0,0.0,0.0,0.6883007971261803
2014-11-04,0.48094993829727173,0.44616179800730327,0.4012090025424345,0.3729032885186456,0.17615716768797388,5479.88408151269,5500.0,50,0.19576734158212702,0.0,0.0,0.0,11393,0,0,0,0.0,0.9959439836544791,0.0,0.0,0.0,0.7640652634847032
2014-11-05,0.48094993829727173,0.44947495422539546,0.4000787234379377,0.37054247849711147,0.1671947265613641,5479.88408151269,5500.0,50,0.179197677711342,0.0,0.0,0.0,11393,0,0,0,0.0,0.9959138640524964,0.0,0.0,0.0,0.8468608735351586
2014-11-06,0.4831002354621887,0.4526773619622329,0.3995015553472719,0.35929898751919476,0.1454733737311914,5479.88408151269,5500.0,50,0.14855966293921108,0.0,0.0,0.0,11343,0,0,0,0.0,0.9958847512548888,0.0,0.0,0.0,1.0
2014-11-07,0.4728265106678009,0.4545963285056203,0.40261666976012556,0.2851593429375548,0.13603166515451026,5479.88408151269,5500.0,50,0.1991749245786568,0.0,0.0,0.0,11589,0,0,0,0.0,0.9958673061044944,0.0,0.0,0.0,0.746893162789581
2014-11-10,0.47832176089286804,0.45685589349488204,0.40675665635561314,0.2819105152302694,0.11446127317459473,5479.88408151269,5500.0,50,0.14854636761160717,0.0,0.0,0.0,11456,0,0,0,0.0,0.995846764604592,0.0,0.0,0.0,1.0
2014-11-11,0.47258758544921875,0.45835414987148554,0.4102791174341293,0.2859963404157907,0.11477311512738148,5479.88408151269,5500.0,50,0.14854160043222703,0.0,0.0,0.0,11595,0,0,0,0.0,0.9958331440920773,0.0,0.0,0.0,1.0
2014-11-12,0.4694816768169403,0.45941391434248124,0.41344711808375684,0.2884020881539055,0.10702453590827617,5479.88408151269,5500.0,50,0.14853822845436476,0.0,0.0,0.0,11672,0,0,0,0.0,0.9958235098696138,0.0,0.0,0.0,1.0
2014-11-13,0.4670923352241516,0.46014519252168795,0.4171631727064032,0.2905438560082637,0.10682342107849217,5479.88408151269,5500.0,50,0.14853590166015823,0.0,0.0,0.0,11731,0,0,0,0.0,0.9958168618861665,0.0,0.0,0.0,1.0
2014-11-14,0.4728265106678009,0.461352937107032,0.4220594327491267,0.2899512275043467,0.1031194320037365,5479.88408151269,5500.0,50,0.14853205883647758,0.0,0.0,0.0,11589,0,0,0,0.0,0.9958058823899361,0.0,0.0,0.0,1.0
2014-11-17,0.47067639231681824,0.46224088522224976,0.42718375882966875,0.2924647831500532,0.10178985075785028,5479.88408151269,5500.0,50,0.14852923354702008,0.0,0.0,0.0,11642,0,0,0,0.0,0.9957978101343432,0.0,0.0,0.0,1.0
2014-11-18,0.4819054901599884,0.46411370474012964,0.42972732854455153,0.2676339514852589,0.08266797826759945,5479.88408151269,5500.0,50,0.1485232745758268,0.0,0.0,0.0,11371,0,0,0,0.0,0.9957807845023624,0.0,0.0,0.0,1.0
2014-11-19,0.48010602593421936,0.46563678294909056,0.43498851750112205,0.24830061217128835,0.07554174415986667,5479.88408151269,5500.0,50,0.14851842841788926,0.0,0.0,0.0,11413,0,0,0,0.0,0.9957669383368265,0.0,0.0,0.0,1.0
2014-11-20,0.48802393674850464,0.46776889283474904,0.4388584343048662,0.2439918332597706,0.06724933820918005,5479.88408151269,5500.0,50,0.1485116444318894,0.0,0.0,0.0,11228,0,0,0,0.0,0.9957475555196841,0.0,0.0,0.0,1.0
2014-11-21,0.49066317081451416,0.4699493002613933,0.44240630107127765,0.24334838547248475,0.06593514165080595,5479.88408151269,5500.0,50,0.14850470677189553,0.0,0.0,0.0,11168,0,0,0,0.0,0.9957277336339874,0.0,0.0,0.0,1.0
2014-11-24,0.4937823712825775,0.47221911654912513,0.44656208726300134,0.24268293189286375,0.06424917770539877,5479.88408151269,5500.0,50,0.14849748462916185,0.0,0.0,0.0,11097,0,0,0,0.0,0.9957070989404625,0.0,0.0,0.0,1.0
2014-11-25,0.4935421943664551,0.47424988586506134,0.4492017153519332,0.2337993660926862,0.05544209136646574,5479.88408151269,5500.0,50,0.14849102309042933,0.0,0.0,0.0,11103,0,0,0,0.0,0.9956886374012267,0.0,0.0,0.0,1.0
2014-11-26,0.5019400119781494,0.4768870407329745,0.4524449964431141,0.23416689550239925,0.0539936360754749,5479.88408151269,5500.0,50,0.1484826321431223,0.0,0.0,0.0,10917,0,0,0,0.0,0.9956646632660638,0.0,0.0,0.0,1.0
2014-11-28,0.5031394362449646,0.4793872688769735,0.45747342410557557,0.23023044024825315,0.05437512148522996,5479.88408151269,5500.0,50,0.14847467687175503,0.0,0.0,0.0,10891,0,0,0,0.0,0.9956419339193002,0.0,0.0,0.0,1.0
2014-12-01,0.4937823712825775,0.48075823101084053,0.4592440094114768,0.1943629869522072,0.04907898542511158,5979.88408151269,6000.0,50,0.14859778849288502,0.0,0.0,0.0,12110,0,0,0,0.0,0.995993681408243,0.0,0.0,0.0,1.0
2014-12-02,0.49450209736824036,0.48206717066392624,0.46024491704919646,0.1871973345184176,0.052633972063770455,5979.88408151269,6000.0,50,0.1485939707522302,0.0,0.0,0.0,12092,0,0,0,0.0,0.9959827735778006,0.0,0.0,0.0,1.0
2014-12-03,0.5072183609008789,0.4844625221150646,0.46025712010444525,0.20181832602073457,0.051122098766212876,5979.88408151269,6000.0,50,0.14858698431049772,0.0,0.0,0.0,11789,0,0,0,0.0,0.9959628123157078,0.0,0.0,0.0,1.0
2014-12-04,0.5026598572731018,0.4861956016539253,0.460803515701182,0.20591583859371515,0.04947209968336952,5979.88408151269,6000.0,50,0.148581929495176,0.0,0.0,0.0,11896,0,0,0,0.0,0.9959483699862173,0.0,0.0,0.0,1.0
2014-12-05,0.505539059638977,0.48803783574773973,0.46122511518962134,0.2061406608164357,0.048565834267472976,5979.88408151269,6000.0,50,0.1485765563124024,0.0,0.0,0.0,11828,0,0,0,0.0,0.9959330180354355,0.0,0.0,0.0,1.0
2014-12-08,0.49906057119369507,0.48908762007592593,0.46263639921889615,0.19518978640971676,0.056877495527054685,5979.88408151269,6000.0,50,0.1485734944414452,0.0,0.0,0.0,11982,0,0,0,0.0,0.9959242698327007,0.0,0.0,0.0,1.0
2014-12-09,0.4973812699317932,0.4898774914907705,0.4635734504179098,0.19342183657062564,0.056227752870664144,5979.88408151269,6000.0,50,0.14857119064981855,0.0,0.0,0.0,12022,0,0,0,0.0,0.9959176875709103,0.0,0.0,0.0,1.0
2014-12-10,0.4863443672657013,0.4895410034693353,0.4643820202879673,0.20619363838249408,0.08215245164559856,5979.88408151269,6000.0,50,0.3099994341752948,0.0,0.0,0.0,12295,0,0,0,0.0,0.9959204916377555,0.03264932029165832,0.0,1.0,1.0
2014-12-11,0.48610439896583557,0.48921370780233536,0.4658739308913618,0.20415013161840043,0.08391454913468704,5979.88408151269,6000.0,50,0.3096956491682727,0.0,0.0,0.0,12301,0,0,0,0.0,0.9959232191016472,0.031778635664846226,0.0,1.0,1.0
2014-12-12,0.4709886610507965,0.48747798906409356,0.46491997839264426,0.23444647087507703,0.1015516248378369,5979.88408151269,6000.0,50,0.3729994502609082,0.0,0.0,0.0,12696,0,0,0,0.0,0.9959376834244659,0.16912894923681404,0.0,1.0,0.9238693558526987
2014-12-15,0.46954911947250366,0.48577047767441833,0.4626165674503927,0.2305330167085883,0.10324927569967123,5979.88408151269,6000.0,50,0.3848908485445121,0.0,0.0,0.0,12735,0,0,0,0.0,0.9959519126860465,0.1669652536273194,0.0,1.0,0.8606507983258296
2014-12-16,0.4642705023288727,0.4837228609748425,0.45925428953957653,0.23339613319881333,0.10607989930993755,5979.88408151269,6000.0,50,0.4022647325871489,0.0,0.0,0.0,12880,0,0,0,0.0,0.995968976158543,0.20106925075618365,0.0,1.0,0.8334932341650267
2014-12-17,0.4832252562046051,0.48367547004434375,0.45929782721649404,0.26287515772128545,0.13009309049655932,5979.88408151269,6000.0,50,0.3634399388605142,0.0,0.0,0.0,12374,0,0,0,0.0,0.9959693710829638,0.004654090062675378,0.0,1.0,0.6838913627022973
2014-12-18,0.4851447343826294,0.48381539998132334,0.4597924453940644,0.26274294801623654,0.1572827655949954,5979.88408151269,6000.0,50,0.2701699924126937,0.0,0.0,0.0,12325,0,0,0,0.0,0.9959682050001556,0.0,0.0,0.0,0.3920943966868038
2014-12-19,0.4899432361125946,0.4843990034223968,0.46040815391662915,0.2584747584133929,0.15790767223866556,5979.88408151269,6000.0,50,0.27577505226773175,0.0,0.0,0.0,12205,0,0,0,0.0,0.9959633416381467,0.0,0.0,0.0,0.3640605865280979
2014-12-22,0.4985808730125427,0.4857496576690773,0.4615178782039855,0.2652175016366552,0.15741829585647715,5979.88408151269,6000.0,50,0.2677841229270277,0.0,0.0,0.0,11993,0,0,0,0.0,0.995952086186091,0.0,0.0,0.0,0.40399553619052075
2014-12-23,0.49546194076538086,0.4866746370115824,0.46239554888026313,0.2655746778265001,0.1572370660328228,5979.88408151269,6000.0,50,0.26707918265126945,0.0,0.0,0.0,12069,0,0,0,0.0,0.9959443780249034,0.0,0.0,0.0,0.40750674828723343
2014-12-24,0.4935421943664551,0.48732869009299884,0.46304960196167955,0.26598012864289783,0.15714976048249846,5979.88408151269,6000.0,50,0.2664908804258668,0.0,0.0,0.0,12116,0,0,0,0.0,0.9959389275825583,0.0,0.0,0.0,0.4104387211401428
2014-12-26,0.49402210116386414,0.48796615781403363,0.4641557199483151,0.2584642081693073,0.15726196207855958,5979.88408151269,6000.0,50,0.27465567562663085,0.0,0.0,0.0,12104,0,0,0,0.0,0.9959336153515497,0.0,0.0,0.0,0.3696054487320577
2014-12-29,0.4933023154735565,0.48847436330541677,0.4653204175204687,0.25822092478192116,0.15687246493429205,5979.88408151269,6000.0,50,0.27423254988731544,0.0,0.0,0.0,12122,0,0,0,0.0,0.9959293803057881,0.0,0.0,0.0,0.37171366609855205
2014-12-30,0.4887435734272003,0.48850000236463426,0.4653853891381936,0.25175255818800263,0.155801058344217,5979.88408151269,6000.0,50,0.27926535803453784,0.0,0.0,0.0,12235,0,0,0,0.0,0.9959291666469614,0.0,0.0,0.0,0.346549251459493
2014-12-31,0.4810658097267151,0.48779198401816576,0.4644146083042353,0.25738956176239614,0.15895640178133966,5979.88408151269,6000.0,50,0.4528336820226049,0.005152149132008847,1.0,0.3036065043924062,12430,2,2,2,0.9621316194534302,0.9959350667998487,0.06894510889707632,0.0,1.0,0.34937189735659446
2015-01-02,0.48298537731170654,0.4873342119508839,0.4653283423531025,0.23802363934555515,0.15828610309410018,6478.921949893236,6500.0,52,0.46362601621374916,0.02477457493408936,1.0,0.3173422024538626,13414,2,2,2,0.9659707546234131,0.996101326304393,0.04461860600519099,0.0,1.0,0.25312980047302625
2015-01-05,0.4748275578022003,0.48614310203196165,0.4644169269001403,0.24256149929579326,0.1706386459196118,6477.955979138613,6500.0,54,0.5024043621329968,0.09528065842363047,1.0,0.3666964608965414,13642,2,2,2,0.9496551156044006,0.9959612726908114,0.11638079592680703,0.0,1.0,0.1845768094158482
2015-01-06,0.4604315161705017,0.48369437956896544,0.4607392569228045,0.25906933759255923,0.17239501815561387,6477.006324023008,6500.0,56,0.6822452469843375,0.4222640854260682,1.0,0.5955848597982478,14067,3,3,3,1.3812945485115051,0.9958327868837136,0.24047068129253396,1.0,1.0,0.25230483438674556
2015-01-07,0.4592318832874298,0.48136461801834296,0.456784260414934,0.2572706061462304,0.17732501421790609,6475.625029474497,6500.0,59,0.5371272234148283,0.158413133481506,1.0,0.4108891934370542,14100,2,2,2,0.9184637665748596,0.9956306903902951,0.2298957370613159,0.0,1.0,0.20903513096617732
2015-01-08,0.4765070378780365,0.48090199133831374,0.45717840128857884,0.2967639274198915,0.18933019460389044,6474.706565707922,6500.0,61,0.45317345372971285,0.00576991587220516,1.0,0.30403894111054364,13587,2,2,2,0.953014075756073,0.9954869197735943,0.0456948977071858,0.0,1.0,0.3062009119428004
2015-01-09,0.47842660546302795,0.4806662403025722,0.4570038447116547,0.28752748994659355,0.18212278239042523,6473.753551632166,6500.0,63,0.44339739990170707,0.0,0.0,0.0,13531,0,0,0,0.0,0.9953412349016828,0.02329719305993324,0.0,1.0,0.31563024942429263
2015-01-12,0.47242823243141174,0.47988166812436645,0.45601216852002974,0.2905940139152927,0.1839387490230035,6473.753551632166,6500.0,63,0.4622459121290676,0.022265294780122936,1.0,0.3155857063460861,13703,2,2,2,0.9448564648628235,0.9953488392166407,0.07765910002445713,0.0,1.0,0.31653433302658285
2015-01-13,0.4717085361480713,0.47910327460281454,0.45529291710217706,0.2684502303502674,0.17421734527714086,6472.808695167303,6500.0,65,0.4685181377790706,0.03366934141649195,1.0,0.3235685389915444,13722,2,2,2,0.9434170722961426,0.9952089672539719,0.07717269789977567,0.0,1.0,0.28407722512370515
2015-01-14,0.47362789511680603,0.4785818098898614,0.4551049750417132,0.2684915142322388,0.17394856282432541,6471.865278095007,6500.0,67,0.45913626496055093,0.01661139083736531,1.0,0.31162797358615574,13664,2,2,2,0.9472557902336121,0.9950669259595968,0.05175619581316114,0.0,1.0,0.2862591382995716
2015-01-15,0.4702688455581665,0.47779009900112857,0.4550651334533675,0.26646720529140544,0.17449433150118127,6470.918022304773,6500.0,69,0.4712591758731927,0.03865304704216855,1.0,0.32705713292951805,13760,2,2,2,0.940537691116333,0.9949280743336804,0.07870876205561865,0.0,1.0,0.2725685843153094
2015-01-16,0.47890645265579224,0.4778964183968108,0.4551714547866764,0.2312977172556596,0.16557654483145823,6469.977484613657,6500.0,71,0.31535243149045233,0.0,0.0,0.0,13509,0,0,0,0.0,0.9947799006605886,0.0,0.0,0.0,0.16410266870376833
2015-01-20,0.48034608364105225,0.4781297198486433,0.4554897150493291,0.23108367764897875,0.1399667410720551,6469.977484613657,6500.0,71,0.27300708782141764,0.0,0.0,0.0,13469,0,0,0,0.0,0.994777352290884,0.0,0.0,0.0,0.3758249274019587
2015-01-21,0.4870641529560089,0.47898061823982097,0.45655196975589263,0.23394113328399532,0.14005179148671673,6469.977484613657,6500.0,71,0.2697704615677337,0.0,0.0,0.0,13283,0,0,0,0.0,0.9947680578623035,0.0,0.0,0.0,0.3919917934203623
2015-01-22,0.49546194076538086,0.48055026800416,0.45861074876206737,0.23355260663464839,0.15067001076435454,6469.977484613657,6500.0,71,0.2898139001448512,0.0,0.0,0.0,13058,0,0,0,0.0,0.9947509124571853,0.0,0.0,0.0,0.29174459607581804
2015-01-23,0.4969014823436737,0.4821075265126851,0.45995181767654997,0.23267028502437298,0.15153583355365174,6469.977484613657,6500.0,71,0.2922544833614539,0.0,0.0,0.0,13020,0,0,0,0.0,0.9947339024027076,0.0,0.0,0.0,0.279511912397469
2015-01-26,0.4947420060634613,0.48331081027942574,0.46100033937426416,0.23278697538323856,0.15197070913557575,6469.977484613657,6500.0,71,0.2928541923590821,0.0,0.0,0.0,13077,0,0,0,0.0,0.9947207588415632,0.0,0.0,0.0,0.2764903661773248
2015-01-27,0.4709886610507965,0.4821372722576515,0.4603839197658593,0.28887549187506534,0.15778527788668228,6469.977484613657,6500.0,71,0.43348688784562345,0.0,0.0,0.0,13737,0,0,0,0.0,0.9947335774876472,0.11561656657087124,0.0,1.0,0.5256783128742901
2015-01-28,0.4633108079433441,0.4803442756562889,0.4584918964721621,0.2931258617648994,0.16320489011767672,6469.977484613657,6500.0,71,0.46087685967126546,0.019776108493209904,1.0,0.31384327594524697,13964,2,2,2,0.9266216158866882,0.9947531625274467,0.17730478509057018,0.0,1.0,0.49671710997520213
2015-01-29,0.47458773851394653,0.47979603402368487,0.4585130622673553,0.30747980102348926,0.1679083010967003,6469.05086299777,6500.0,73,0.4119046073220861,0.0,0.0,0.0,13630,0,0,0,0.0,0.9946115214640417,0.054276141739442056,0.0,1.0,0.5260303739956655
2015-01-30,0.4606713652610779,0.4779746369986747,0.45554970765288333,0.3195098094238883,0.17005423500471736,6469.05086299777,6500.0,73,0.4483283429912067,0.0,0.0,0.0,14042,0,0,0,0.0,0.9946319771537072,0.1810061706019435,0.0,1.0,0.5657250436163546
2015-02-02,0.4707487225532532,0.4772864546705393,0.4549769023228907,0.3300676233568235,0.17766483527246102,6969.05086299777,7000.0,73,0.4125937908381804,0.0,0.0,0.0,14804,0,0,0,0.0,0.9950225841155786,0.0684885570636925,0.0,1.0,0.5481755428728226
2015-02-03,0.48250535130500793,0.47778349244525065,0.4552637224879458,0.3368464703208836,0.1730085060843736,6969.05086299777,7000.0,73,0.22375714128509,0.0,0.0,0.0,14443,0,0,0,0.0,0.9950174007216424,0.0,0.0,0.0,0.6224947448374241
2015-02-04,0.4837052524089813,0.4783474695846536,0.45681919734377596,0.315842948917078,0.17029118746955538,6969.05086299777,7000.0,73,0.23913356420982224,0.0,0.0,0.0,14407,0,0,0,0.0,0.99501151924576,0.0,0.0,0.0,0.5456023376309687
2015-02-05,0.4916229844093323,0.47961180432986106,0.4588870223040754,0.3188165343002459,0.1692479307412552,6969.05086299777,7000.0,73,0.23429527391628246,0.0,0.0,0.0,14175,0,0,0,0.0,0.99499833404056,0.0,0.0,0.0,0.5697707149895674
2015-02-06,0.48946359753608704,0.48055007034950165,0.4593137101106544,0.29322373907201804,0.1574535557824344,6969.05086299777,7000.0,73,0.2378647948430338,0.0,0.0,0.0,14238,0,0,0,0.0,0.9949885492663552,0.0,0.0,0.0,0.5519059870009524
2015-02-09,0.4889838397502899,0.48135328648291004,0.4596954650077309,0.29319128012958984,0.15522702790346027,6969.05086299777,7000.0,73,0.2334447034468139,0.0,0.0,0.0,14252,0,0,0,0.0,0.9949801728695353,0.0,0.0,0.0,0.5739917852876173
2015-02-10,0.5026598572731018,0.48338248370102355,0.4597876840074011,0.30300785547685605,0.15639205736513623,6969.05086299777,7000.0,73,0.2253208582793974,0.0,0.0,0.0,13864,0,0,0,0.0,0.9949590112414036,0.0,0.0,0.0,0.6145739782754691
2015-02-11,0.4993010461330414,0.4848985372659776,0.4604807288609779,0.30464159221094983,0.1558725930770329,6969.05086299777,7000.0,73,0.22249230011337706,0.0,0.0,0.0,13957,0,0,0,0.0,0.994943200968512,0.0,0.0,0.0,0.6286891011280105
2015-02-12,0.5350507497787476,0.48967493845766996,0.45630216431684567,0.39005238677013854,0.1563595637184931,6969.05086299777,7000.0,73,0.14821268647462948,0.0,0.0,0.0,13025,0,0,0,0.0,0.9948933899275129,0.0,0.0,0.0,1.0
2015-02-13,0.5352905988693237,0.4940192870683036,0.45487423414646805,0.3875031179390018,0.15077791486597958,6969.05086299777,7000.0,73,0.14819682960220065,0.0,0.0,0.0,13019,0,0,0,0.0,0.9948480845777162,0.0,0.0,0.0,1.0
2015-02-17,0.5369701981544495,0.4981098500288889,0.4538716098817977,0.3852253887824184,0.14525771275530205,6969.05086299777,7000.0,73,0.14818189904739454,0.0,0.0,0.0,12978,0,0,0,0.0,0.9948054258496988,0.0,0.0,0.0,1.0
2015-02-18,0.5307319164276123,0.501216713495434,0.45413030188446,0.39020551078476673,0.14548592166090357,6969.05086299777,7000.0,73,0.1481705589957416,0.0,0.0,0.0,13131,0,0,0,0.0,0.994773025702119,0.0,0.0,0.0,1.0
2015-02-19,0.5321716666221619,0.504164804269408,0.4543439502557503,0.388920803649569,0.14545068832200067,6969.05086299777,7000.0,73,0.14815979846441663,0.0,0.0,0.0,13095,0,0,0,0.0,0.9947422813269048,0.0,0.0,0.0,1.0
2015-02-20,0.5360103845596313,0.5071977166780007,0.4543941259932958,0.3862585409855483,0.1374754007966542,6969.05086299777,7000.0,73,0.14814872833412523,0.0,0.0,0.0,13001,0,0,0,0.0,0.9947106523832151,0.0,0.0,0.0,1.0
2015-02-23,0.5316916704177856,0.5095304741770278,0.4547383773909732,0.3887053291299939,0.13536026355963565,6969.05086299777,7000.0,73,0.1481402137692538,0.0,0.0,0.0,13107,0,0,0,0.0,0.994686325055011,0.0,0.0,0.0,1.0
2015-02-24,0.5373518466949463,0.5121801287025438,0.4550757901614215,0.3882469251062747,0.13538326063583145,6969.05086299777,7000.0,73,0.14813054253023566,0.0,0.0,0.0,12969,0,0,0,0.0,0.9946586929435306,0.0,0.0,0.0,1.0
2015-02-25,0.5332574248313904,0.5141874902386244,0.4575729859081191,0.33928545914477076,0.12398815629492994,6969.05086299777,7000.0,73,0.14812321566062903,0.0,0.0,0.0,13068,0,0,0,0.0,0.9946377590303687,0.0,0.0,0.0,1.0
2015-02-26,0.5347023606300354,0.5161412874187588,0.4618530391002475,0.32893791554048213,0.11059730432388447,6969.05086299777,7000.0,73,0.1481160843009215,0.0,0.0,0.0,13033,0,0,0,0.0,0.9946173837169187,0.0,0.0,0.0,1.0
2015-02-27,0.5313303470611572,0.5175878645275586,0.46505159102348353,0.32596810467966114,0.10918868545293732,6969.05086299777,7000.0,73,0.14811080429447437,0.0,0.0,0.0,13116,0,0,0,0.0,0.9946022979842126,0.0,0.0,0.0,1.0
2015-03-02,0.5443365573883057,0.520135359085725,0.4717161381269832,0.30416808681909513,0.0943551703283355,7469.05086299777,7500.0,73,0.1482280722100479,0.0,0.0,0.0,13721,0,0,0,0.0,0.9949373491715656,0.0,0.0,0.0,1.0
2015-03-03,0.534220814704895,0.5214768310494554,0.4775418845288578,0.3143889885477969,0.09020197949539835,7469.05086299777,7500.0,73,0.14822350226222486,0.0,0.0,0.0,13981,0,0,0,0.0,0.9949242921777853,0.0,0.0,0.0,1.0
2015-03-04,0.5402420163154602,0.5232639915509797,0.48208163582933483,0.3074089487112782,0.08032350516953887,7469.05086299777,7500.0,73,0.1482174140021163,0.0,0.0,0.0,13825,0,0,0,0.0,0.9949068971489038,0.0,0.0,0.0,1.0
2015-03-05,0.5505989193916321,0.5258673180119942,0.4871435534823534,0.31068235363410074,0.07781356187295403,7469.05086299777,7500.0,73,0.14820854533663913,0.0,0.0,0.0,13565,0,0,0,0.0,0.9948815581046833,0.0,0.0,0.0,1.0
2015-03-06,0.5431323051452637,0.527511602500877,0.49160967521385845,0.3164074594437816,0.088648580524007,7469.05086299777,7500.0,73,0.14820294380748028,0.0,0.0,0.0,13751,0,0,0,0.0,0.9948655537356581,0.0,0.0,0.0,1.0
2015-03-09,0.5445775985717773,0.5291369354600104,0.49761730249283115,0.3145631171939061,0.08848626451705002,7469.05086299777,7500.0,73,0.1481974068398662,0.0,0.0,0.0,13715,0,0,0,0.0,0.9948497338281892,0.0,0.0,0.0,1.0
2015-03-10,0.5539709329605103,0.5315020780791057,0.5053316688318441,0.3162098877259265,0.10723559921027995,7469.05086299777,7500.0,73,0.1481893495873438,0.0,0.0,0.0,13482,0,0,0,0.0,0.9948267131066967,0.0,0.0,0.0,1.0
2015-03-11,0.5510804653167725,0.5333666863874549,0.510847720534335,0.30808361642594534,0.09958771024100824,7469.05086299777,7500.0,73,0.14818299748837338,0.0,0.0,0.0,13553,0,0,0,0.0,0.9948085642524954,0.0,0.0,0.0,1.0
2015-03-12,0.5460225939750671,0.5345720109196085,0.5202201168243237,0.309439969490974,0.11019458894995036,7469.05086299777,7500.0,73,0.1481788913494672,0.0,0.0,0.0,13679,0,0,0,0.0,0.9947968324270492,0.0,0.0,0.0,1.0
2015-03-13,0.5467453002929688,0.5357313718123095,0.5211297196212139,0.18218306988855631,0.10591641141318668,7469.05086299777,7500.0,73,0.2614975083692344,0.0,0.0,0.0,13660,0,0,0,0.0,0.9947855479810268,0.0,0.0,0.0,0.43338716712062464
2015-03-16,0.5532485246658325,0.5373996720840736,0.5217727607462522,0.18609194328783404,0.11651232884020765,7469.05086299777,7500.0,73,0.28197147328864136,0.0,0.0,0.0,13500,0,0,0,0.0,0.9947693098583816,0.0,0.0,0.0,0.3309889258089609
2015-03-17,0.5599924325942993,0.5395513635612379,0.5218079597479718,0.18974699654257543,0.11672816144880191,7469.05086299777,7500.0,73,0.27723759414746973,0.0,0.0,0.0,13337,0,0,0,0.0,0.9947483667280039,0.0,0.0,0.0,0.3546216710366581
2015-03-18,0.5508397817611694,0.5406264510088504,0.5232415948709319,0.19497177857270592,0.12521823580537128,7469.05086299777,7500.0,73,0.2886489682245744,0.0,0.0,0.0,13559,0,0,0,0.0,0.9947379025435139,0.0,0.0,0.0,0.297546488328277
2015-03-19,0.5592697262763977,0.5424020010343311,0.5242884818030111,0.20067910574500558,0.12638223080880295,7469.05086299777,7500.0,73,0.283506488031811,0.0,0.0,0.0,13355,0,0,0,0.0,0.9947206205232658,0.0,0.0,0.0,0.3232286457566602
2015-03-20,0.5652912855148315,0.5445819328896169,0.5245955593037424,0.20216240408692382,0.12868229183630414,7469.05086299777,7500.0,73,0.2863081890179725,0.0,0.0,0.0,13212,0,0,0,0.0,0.9946994025198744,0.0,0.0,0.0,0.3091830093199177
2015-03-23,0.5469862222671509,0.5448109128303344,0.5259243028083341,0.23514132581529523,0.12882605415312387,7469.05086299777,7500.0,73,0.2439336457166254,0.0,0.0,0.0,13654,0,0,0,0.0,0.9946971737817848,0.0,0.0,0.0,0.5210518255349963
2015-03-24,0.5395194888114929,0.5443069676856829,0.5256141288306254,0.2384329741679938,0.13007944663898888,7469.05086299777,7500.0,73,0.4080413365212471,0.0,0.0,0.0,13843,0,0,0,0.0,0.9947020788478593,0.0439777474698298,0.0,1.0,0.5274830134497204
2015-03-25,0.5067628622055054,0.5407313385923326,0.5154887277800858,0.32177145175123856,0.13928810044943002,7469.05086299777,7500.0,73,0.5730729738855126,0.22376904342820467,1.0,0.45663833039974333,14738,2,2,2,1.0135257244110107,0.9947368816377012,0.31409753756140874,1.0,1.0,0.9250953641708792
2015-03-26,0.5050769448280334,0.5373356820433517,0.5066279616722523,0.32122650395516106,0.13934616876739433,7468.037337273359,7500.0,75,0.5689730533502432,0.21631464245498755,1.0,0.4514202497184913,14785,2,2,2,1.010153889656067,0.9946266431795665,0.3001730416696545,1.0,1.0,0.9210341817349208
2015-03-27,0.5149520039558411,0.5352039031778745,0.5023153528820979,0.33030559573072193,0.13977412985235407,7467.027183383703,7500.0,77,0.37043974743541175,0.0,0.0,0.0,14500,0,0,0,0.0,0.9945052399273738,0.18919797764724738,0.0,1.0,0.9692818935785286
2015-03-30,0.5171196460723877,0.533481592977352,0.49865779538846783,0.31684155247161166,0.14547716121573911,7467.027183383703,7500.0,77,0.3887645676618268,0.0,0.0,0.0,14439,0,0,0,0.0,0.9945229223120992,0.15335062278014625,0.0,1.0,0.814955865602295
2015-03-31,0.5041135549545288,0.5306846369751783,0.49213543835050066,0.3221131264370465,0.14773406062974312,7467.027183383703,7500.0,77,0.4223216077186289,0.0,0.0,0.0,14812,0,0,0,0.0,0.9945516377270548,0.250347194636165,0.0,1.0,0.8169649180424896
2015-04-01,0.5060404539108276,0.5283375719214306,0.48691082264248386,0.31889830410007936,0.14760964418537503,7967.027183383703,8000.0,77,0.4120049685578907,0.0,0.0,0.0,15743,0,0,0,0.0,0.9949147508702563,0.2110120422584558,0.0,1.0,0.8003470451857926
2015-04-02,0.507244884967804,0.5263287445925138,0.48312018017789143,0.30877630344887486,0.14827849349128835,7967.027183383703,8000.0,77,0.4146112212446219,0.0,0.0,0.0,15706,0,0,0,0.0,0.994934085833297,0.18129220397685702,0.0,1.0,0.73533990094466
2015-04-06,0.5219368934631348,0.5259104730563825,0.48238962349372655,0.32747601347753463,0.14157160991613568,7967.027183383703,8000.0,77,0.32592609288186625,0.0,0.0,0.0,15264,0,0,0,0.0,0.9949381116968323,0.037778099095031034,0.0,1.0,0.9276229044764293
2015-04-07,0.5265133380889893,0.5259678887737737,0.48253078901267255,0.329287611910194,0.1411048342462414,7967.027183383703,8000.0,77,0.15928846869717778,0.0,0.0,0.0,15131,0,0,0,0.0,0.9949375590705525,0.0,0.0,0.0,0.9446983848875778
2015-04-08,0.5303669571876526,0.5263868476703336,0.4839476556995385,0.3236360559830397,0.1263083127286024,7967.027183383703,8000.0,77,0.14822673430691052,0.0,0.0,0.0,15021,0,0,0,0.0,0.9949335265911731,0.0,0.0,0.0,1.0
2015-04-09,0.5426506996154785,0.5279357859508236,0.48609122505079844,0.33532891419628835,0.12641897744808617,7967.027183383703,8000.0,77,0.1482215163210781,0.0,0.0,0.0,14681,0,0,0,0.0,0.9949186180602233,0.0,0.0,0.0,1.0
2015-04-10,0.5481903553009033,0.529864792555593,0.48786219626336885,0.3357773236911328,0.12019316369160384,7967.027183383703,8000.0,77,0.1482150179800783,0.0,0.0,0.0,14533,0,0,0,0.0,0.9949000513716524,0.0,0.0,0.0,1.0
2015-04-13,0.5431323051452637,0.5311283651831807,0.4893506718025355,0.337482686199933,0.1191571785289756,7967.027183383703,8000.0,77,0.1482107613197891,0.0,0.0,0.0,14668,0,0,0,0.0,0.9948878894851119,0.0,0.0,0.0,1.0
2015-04-14,0.5385561585426331,0.5318357740745572,0.49109316074422305,0.3355965237062172,0.10961875189695992,7967.027183383703,8000.0,77,0.1482083782360863,0.0,0.0,0.0,14793,0,0,0,0.0,0.9948810806745324,0.0,0.0,0.0,1.0
2015-04-15,0.5450594425201416,0.5330951710693748,0.4940203276616067,0.3355366275346798,0.10995519013404871,7967.027183383703,8000.0,77,0.14820413564246004,0.0,0.0,0.0,14616,0,0,0,0.0,0.9948689589784573,0.0,0.0,0.0,1.0
2015-04-16,0.5416873693466187,0.5339134756672075,0.4956111447241826,0.33134075083781744,0.10148888824266357,7967.027183383703,8000.0,77,0.14820137897884605,0.0,0.0,0.0,14707,0,0,0,0.0,0.9948610827967032,0.0,0.0,0.0,1.0
2015-04-17,0.5347023606300354,0.5339886075684291,0.49806612765607544,0.3284656660408698,0.10807485988282842,7967.027183383703,8000.0,77,0.14820112587825385,0.0,0.0,0.0,14899,0,0,0,0.0,0.9948603596521539,0.0,0.0,0.0,1.0
2015-04-20,0.5320530533790588,0.5338042690742034,0.5020613455018321,0.32506081187728103,0.10832810045975992,7967.027183383703,8000.0,77,0.303942853944785,0.0,0.0,0.0,14974,0,0,0,0.0,0.9948621339101608,0.016403163074939244,0.0,1.0,1.0
2015-04-21,0.5313303470611572,0.5335686574539134,0.5030881603328987,0.30572251020928054,0.10828072996145625,7967.027183383703,8000.0,77,0.3055437573763356,0.0,0.0,0.0,14994,0,0,0,0.0,0.9948644016720061,0.020974905117524253,0.0,1.0,1.0
2015-04-22,0.5373518466949463,0.5339289611911545,0.5036232270522543,0.3051670777598415,0.10737052658132522,7967.027183383703,8000.0,77,0.14820132681198728,0.0,0.0,0.0,14826,0,0,0,0.0,0.9948609337485351,0.0,0.0,0.0,1.0
2015-04-23,0.5351841449737549,0.5340485025037831,0.5050501743240153,0.20580234471524464,0.09173553942509312,7967.027183383703,8000.0,77,0.1742957723978882,0.0,0.0,0.0,14886,0,0,0,0.0,0.9948597831634011,0.0,0.0,0.0,0.8695257585465106
2015-04-24,0.5306078195571899,0.5337208184136314,0.506830388499113,0.20868427963646893,0.09076793827025283,7967.027183383703,8000.0,77,0.3252263337651118,0.0,0.0,0.0,15014,0,0,0,0.0,0.9948629371227687,0.029163176224736378,0.0,1.0,0.915914029532575
2015-04-27,0.5347023606300354,0.5338142986247175,0.5077253759879361,0.19994170165589187,0.09285081395176174,7967.027183383703,8000.0,77,0.18930753085106378,0.0,0.0,0.0,14899,0,0,0,0.0,0.9948620373757371,0.0,0.0,0.0,0.7944709111522208
2015-04-28,0.5373518466949463,0.5341512079647392,0.5086730682740596,0.20007050505995075,0.0834884224532992,7967.027183383703,8000.0,77,0.14880287485804722,0.0,0.0,0.0,14826,0,0,0,0.0,0.9948587946233394,0.0,0.0,0.0,0.9969885163006076
2015-04-29,0.5332574248313904,0.5340660857615631,0.5120729592258466,0.17685093873990174,0.0775884718664802,7967.027183383703,8000.0,77,0.3209597165747601,0.0,0.0,0.0,14940,0,0,0,0.0,0.9948596139245449,0.0075707946238488975,0.0,1.0,0.8994546320858885
2015-04-30,0.5347023606300354,0.5341266833680843,0.5161294272657718,0.17681578543028104,0.08544863715010169,7967.027183383703,8000.0,77,0.2033233337869723,0.0,0.0,0.0,14899,0,0,0,0.0,0.9948590306725822,0.0,0.0,0.0,0.7243866347421573
2015-05-01,0.5479496121406555,0.5354431527749959,0.5216198249653428,0.1931931639798974,0.0925069197508785,8467.027183383703,8500.0,77,0.20023257772735345,0.0,0.0,0.0,15452,0,0,0,0.0,0.9951495149689794,0.0,0.0,0.0,0.7403487625589464
2015-05-04,0.5445775985717773,0.536313099993737,0.5238203448586071,0.1718964418977187,0.09045417309947681,8467.027183383703,8500.0,77,0.2315711558115831,0.0,0.0,0.0,15547,0,0,0,0.0,0.995141634270645,0.0,0.0,0.0,0.583642080915713
2015-05-05,0.5306078195571899,0.5357697399521612,0.5239170092492161,0.19611736754036607,0.1006684076982432,8467.027183383703,8500.0,77,0.3904698099208495,0.0,0.0,0.0,15957,0,0,0,0.0,0.9951465564733746,0.048172937085175026,0.0,1.0,0.6234600641232138
2015-05-06,0.5322938561439514,0.5354387033989984,0.5238077344825449,0.19474231855929525,0.10164413162560886,8467.027183383703,8500.0,77,0.38926031759014773,0.0,0.0,0.0,15906,0,0,0,0.0,0.9951495552750914,0.029367014702927217,0.0,1.0,0.5966024095107938
2015-05-07,0.5416873693466187,0.5360338144416289,0.5244797461253435,0.18696834741587906,0.10127276399849575,8467.027183383703,8500.0,77,0.24060281001573747,0.0,0.0,0.0,15630,0,0,0,0.0,0.9951441642691758,0.0,0.0,0.0,0.5384882373923703
2015-05-08,0.5017049908638,0.5327644026723118,0.5137561610759103,0.3179629824362204,0.11075436744287723,8467.027183383703,8500.0,77,0.550333350468885,0.18242427357979085,1.0,0.4276969915058536,16876,2,2,2,1.0034099817276,0.995173781293439,0.2914929343319466,1.0,1.0,1.0
2015-05-11,0.4968879222869873,0.5293475950165667,0.5040701243191359,0.31804392155988653,0.1110691397283343,8466.023773401976,8500.0,79,0.5555883219477435,0.1919787671777155,1.0,0.43438513702440085,17038,2,2,2,0.9937758445739746,0.9950801811757284,0.3066007386749676,1.0,1.0,1.0
2015-05-12,0.5017049908638,0.5267149660496365,0.49797316154883703,0.32136964443388244,0.11154718139047386,8465.029997557402,8500.0,81,0.38133839585745083,0.0,0.0,0.0,16872,0,0,0,0.0,0.9949807162058799,0.23741470052969396,0.0,1.0,1.0
2015-05-13,0.5045952200889587,0.524608323577191,0.4942994586268006,0.31811836091058354,0.1099430039288924,8465.029997557402,8500.0,81,0.3650104283380005,0.0,0.0,0.0,16775,0,0,0,0.0,0.9950007912694409,0.190743289696275,0.0,1.0,1.0
2015-05-14,0.5127843618392944,0.5234822319831056,0.4929157659020781,0.32561251321915125,0.11655195510226275,8465.029997557402,8500.0,81,0.3340169901711087,0.0,0.0,0.0,16507,0,0,0,0.0,0.9950115222599257,0.10217987822895618,0.0,1.0,1.0
2015-05-15,0.513025164604187,0.522486320804161,0.4914169382133685,0.3234193859310587,0.10801899884200908,8465.029997557402,8500.0,81,0.32994626703866753,0.0,0.0,0.0,16500,0,0,0,0.0,0.9950210127076309,0.09053975025999053,0.0,1.0,1.0
2015-05-18,0.5123026371002197,0.5215164461656904,0.48991017695481986,0.3232147252460452,0.10392619147478456,8465.029997557402,8500.0,81,0.32917843659856466,0.0,0.0,0.0,16523,0,0,0,0.0,0.995030255042421,0.0883367066677638,0.0,1.0,1.0
2015-05-19,0.5091085433959961,0.5203347411400052,0.48800329237566853,0.32361240160168314,0.10373535459577034,8465.029997557402,8500.0,81,0.3360206988855941,0.0,0.0,0.0,16627,0,0,0,0.0,0.9950415159961953,0.10787476653407348,0.0,1.0,1.0
2015-05-20,0.5091085433959961,0.5192655794500995,0.4868087442847346,0.31993156256748106,0.10258593322720357,8465.029997557402,8500.0,81,0.3324987750450405,0.0,0.0,0.0,16627,0,0,0,0.0,0.9950517044781814,0.0978019385076488,0.0,1.0,1.0
2015-05-21,0.5054789781570435,0.5179525698031419,0.4850873146101505,0.3203172673488579,0.10258104414947115,8465.029997557402,8500.0,81,0.34041684706947223,0.0,0.0,0.0,16746,0,0,0,0.0,0.9950642166877582,0.12041248922501956,0.0,1.0,1.0
2015-05-22,0.5047532320022583,0.5166954900125815,0.483272678513791,0.31957400589620705,0.10276641773923795,8465.029997557402,8500.0,81,0.33872399571496054,0.0,0.0,0.0,16770,0,0,0,0.0,0.9950761959187037,0.11556379183832659,0.0,1.0,1.0
2015-05-26,0.5016077756881714,0.5152585648388281,0.48153550186160266,0.3176073678613824,0.10837895788279607,8465.029997557402,8500.0,81,0.34464436055328557,0.0,0.0,0.0,16875,0,0,0,0.0,0.9950898889703594,0.13246542689617105,0.0,1.0,1.0
2015-05-27,0.528466522693634,0.5165164655869049,0.48359939625465714,0.3753233131654549,0.1128978429561797,8465.029997557402,8500.0,81,0.14827726567066013,0.0,0.0,0.0,16018,0,0,0,0.0,0.9950779019161718,0.0,0.0,0.0,1.0
2015-05-28,0.5357256531715393,0.5183459120235367,0.4851756691195525,0.37764644528680463,0.11208264484756869,8465.029997557402,8500.0,81,0.14827116392872147,0.0,0.0,0.0,15801,0,0,0,0.0,0.9950604683677757,0.0,0.0,0.0,1.0
2015-05-29,0.5354836583137512,0.5199780783368905,0.4867255236403342,0.3775683099314082,0.10810152941592878,8465.029997557402,8500.0,81,0.1482657201740175,0.0,0.0,0.0,15808,0,0,0,0.0,0.9950449147829072,0.0,0.0,0.0,1.0
2015-06-01,0.5415329337120056,0.522030921705949,0.4898691164142202,0.3689347472340249,0.10117083815532638,8965.029997557402,9000.0,81,0.14835560259662622,0.0,0.0,0.0,16554,0,0,0,0.0,0.9953017217046465,0.0,0.0,0.0,1.0
2015-06-02,0.5308861136436462,0.522874273319063,0.4925485665609453,0.37483181523285614,0.10067048459248076,8965.029997557402,9000.0,81,0.14835294603904492,0.0,0.0,0.0,16886,0,0,0,0.0,0.9952941315401285,0.0,0.0,0.0,1.0
2015-06-03,0.5250788331031799,0.5230842313937408,0.4931640380902665,0.3655215407648254,0.09078674366323217,8965.029997557402,9000.0,81,0.14835228467110967,0.0,0.0,0.0,17073,0,0,0,0.0,0.9952922419174564,0.0,0.0,0.0,1.0
2015-06-04,0.5345156788825989,0.524172940678394,0.49400150601259907,0.371100859551328,0.09497412694597179,8965.029997557402,9000.0,81,0.14834885523686303,0.0,0.0,0.0,16772,0,0,0,0.0,0.9952824435338945,0.0,0.0,0.0,1.0
2015-06-05,0.5386290550231934,0.5255497134731368,0.495871261536684,0.3666467891073194,0.09431241877815588,8965.029997557402,9000.0,81,0.14834451840255958,0.0,0.0,0.0,16644,0,0,0,0.0,0.9952700525787418,0.0,0.0,0.0,1.0
2015-06-08,0.5262886881828308,0.5256200920169172,0.49660951987402335,0.25971020616994167,0.08279562800744845,8965.029997557402,9000.0,81,0.1483442967101467,0.0,0.0,0.0,17034,0,0,0,0.0,0.9952694191718477,0.0,0.0,0.0,1.0
2015-06-09,0.5289503335952759,0.5259372578815228,0.4984268116412284,0.25581948148581307,0.0813636370389532,8965.029997557402,9000.0,81,0.14834329763767318,0.0,0.0,0.0,16948,0,0,0,0.0,0.9952665646790663,0.0,0.0,0.0,1.0
2015-06-10,0.5195133090019226,0.5253254532263227,0.4991900090043094,0.2651261620877867,0.09226720657439595,8965.029997557402,9000.0,81,0.3177070363055477,0.0,0.0,0.0,17256,0,0,0,0.0,0.9952720709209631,0.055319461380601696,0.0,1.0,1.0
2015-06-11,0.5250788331031799,0.5253019655955472,0.5002734881839859,0.26666682476129466,0.09241546595958704,8965.029997557402,9000.0,81,0.29908864622989,0.0,0.0,0.0,17073,0,0,0,0.0,0.99527228230964,0.0021238497757599503,0.0,1.0,1.0
2015-06-12,0.5108026266098022,0.5239210761683334,0.4987252498722317,0.2803890699977721,0.0869642995594394,8965.029997557402,9000.0,81,0.3421678643140958,0.0,0.0,0.0,17550,0,0,0,0.0,0.995284710314485,0.12519490201150302,0.0,1.0,1.0
2015-06-15,0.5098345875740051,0.5225795058260164,0.4971103797241615,0.2804568910552408,0.08791811527546704,8965.029997557402,9000.0,81,0.34103370928488813,0.0,0.0,0.0,17584,0,0,0,0.0,0.9952967844475659,0.12194238493782886,0.0,1.0,1.0
2015-06-16,0.5161260962486267,0.5219648953900745,0.4967351461338815,0.28387411973158605,0.08996604696431416,8965.029997557402,9000.0,81,0.31793164525303436,0.0,0.0,0.0,17369,0,0,0,0.0,0.9953023159414893,0.05593095621003741,0.0,1.0,1.0
2015-06-17,0.5221753716468811,0.5219849407478656,0.49747788727372505,0.28535684475311457,0.09049268084828278,8965.029997557402,9000.0,81,0.1483557474366442,0.0,0.0,0.0,17168,0,0,0,0.0,0.9953021355332692,0.0,0.0,0.0,1.0
2015-06-18,0.5308861136436462,0.5228326714998447,0.4989028094991461,0.2903559889283121,0.09788722473429012,8965.029997557402,9000.0,81,0.14835307708477546,0.0,0.0,0.0,16886,0,0,0,0.0,0.9952945059565014,0.0,0.0,0.0,1.0
2015-06-19,0.5291923880577087,0.5234383587910698,0.5009825114961013,0.28900122693930397,0.09912318342523183,8965.029997557402,9000.0,81,0.14835116916980812,0.0,0.0,0.0,16940,0,0,0,0.0,0.9952890547708804,0.0,0.0,0.0,1.0
2015-06-22,0.5270147919654846,0.5237789714743475,0.5033903066920642,0.28963487402565113,0.10153971441939867,8965.029997557402,9000.0,81,0.1483500962398558,0.0,0.0,0.0,17010,0,0,0,0.0,0.9952859892567308,0.0,0.0,0.0,1.0
2015-06-23,0.5134642720222473,0.5227966191455761,0.5048357263718688,0.3051017288615729,0.09407823636188695,8965.029997557402,9000.0,81,0.3295921215603706,0.0,0.0,0.0,17459,0,0,0,0.0,0.9952948304276898,0.0892540883162263,0.0,1.0,1.0
2015-06-24,0.5083827972412109,0.5214238742023032,0.5017646366143089,0.2365371494555633,0.09213059357701475,8965.029997557402,9000.0,81,0.34212590709863927,0.0,0.0,0.0,17634,0,0,0,0.0,0.9953071851321793,0.12505254943536148,0.0,1.0,1.0
2015-06-25,0.5122542977333069,0.5205505812052559,0.5006660810399731,0.2321520855993598,0.09255750563128272,8965.029997557402,9000.0,81,0.326250919527077,0.0,0.0,0.0,17501,0,0,0,0.0,0.9953150447691527,0.07968758245106758,0.0,1.0,1.0
2015-06-26,0.5018495321273804,0.5187695289121249,0.4972444625065895,0.2407847720461924,0.08990195598151757,8965.029997557402,9000.0,81,0.3554432344698732,0.0,0.0,0.0,17863,0,0,0,0.0,0.9953310742397908,0.16307816710270429,0.0,1.0,1.0
2015-06-29,0.48684731125831604,0.5157293177070003,0.49070898727023643,0.2521782392445585,0.11565606360470156,8965.029997557402,9000.0,81,0.582976871020011,0.2417761291272926,1.0,0.46924329038910484,18414,2,2,2,0.9736946225166321,0.995358436140637,0.28001129136014,1.0,1.0,0.8170126680263048
2015-06-30,0.48660528659820557,0.5129556004585436,0.4844401560294241,0.24670652619808,0.11649597452764644,8964.056302934885,9000.0,83,0.4352867653340582,0.0,0.0,0.0,18421,0,0,0,0.0,0.9952694094624379,0.2568479010345422,0.0,1.0,0.7647714666994241
2015-07-01,0.4936225712299347,0.5111143595796285,0.4808991066834042,0.25387823913098684,0.11947159186780806,9464.056302934885,9500.0,83,0.40415883758506765,0.0,0.0,0.0,19172,0,0,0,0.0,0.9955344745426201,0.17111423326161382,0.0,1.0,0.7708410507320711
2015-07-02,0.4941062331199646,0.5094945380120415,0.4790603235218857,0.24219081411272717,0.11588555073223342,9464.056302934885,9500.0,83,0.40297844125528826,0.0,0.0,0.0,19153,0,0,0,0.0,0.9955486266678948,0.15101540589737575,0.0,1.0,0.7415948507127823
2015-07-06,0.48805707693099976,0.5074528750519423,0.4772032791071733,0.239957148254117,0.11648282966078405,9464.056302934885,9500.0,83,0.42199959825439604,0.0,0.0,0.0,19391,0,0,0,0.0,0.9955664643548093,0.19110935295181022,0.0,1.0,0.7166846890146039
2015-07-07,0.4788622260093689,0.5047299560955067,0.47200951983674505,0.23629092492428513,0.1165427037170807,9464.056302934885,9500.0,83,0.45022768295231946,0.00041396900421718604,1.0,0.30028977830295206,19763,2,2,2,0.9577244520187378,0.9955902540677971,0.25625316838974255,0.0,1.0,0.6895875745390969
2015-07-08,0.4754745662212372,0.5019437284884335,0.4673397292262245,0.23362039706344562,0.13076217727363365,9463.098578482866,9500.0,85,0.4929438964971654,0.07807981181302799,1.0,0.35465586826911966,19902,2,2,2,0.9509491324424744,0.9955089245345772,0.2636666299916351,0.0,1.0,0.4888377379350446
2015-07-09,0.4696672260761261,0.4988697758777375,0.4611683192911102,0.23041752783015873,0.12238399416692845,9462.147629350424,9500.0,87,0.4870510864357212,0.06736561170131125,1.0,0.3471559281909179,20146,2,2,2,0.9393344521522522,0.9954314031051197,0.29268710206216564,0.0,1.0,0.568951951864143
2015-07-10,0.4778943359851837,0.4968721149355895,0.4588168802454091,0.2376948054833754,0.13129639394287992,9461.208294898272,9500.0,89,0.4634831272516001,0.024514776821091114,1.0,0.3171603437747638,19797,2,2,2,0.9557886719703674,0.9953450928179719,0.19097246937339135,0.0,1.0,0.508640097576885
2015-07-13,0.48104000091552734,0.49536429455272646,0.45649603855048093,0.22499845506502794,0.1354659215504524,9460.252506226301,9500.0,91,0.47212293808590533,0.04022352379255512,1.0,0.32815646665478865,19666,2,2,2,0.9620800018310547,0.9952549314942845,0.14458342874846059,0.0,1.0,0.38410243999527705
2015-07-14,0.48128190636634827,0.49402311472545235,0.45455696187365074,0.22530148173250614,0.13504115946537326,9459.29042622447,9500.0,93,0.46537586896379524,0.02795612538871859,1.0,0.31956928777210303,19654,2,2,2,0.9625638127326965,0.9951637737190034,0.12895356491755314,0.0,1.0,0.39032599779499755
2015-07-15,0.4778943359851837,0.4924870405597125,0.4528633086556958,0.21844750960830844,0.13376131859832735,9458.327862411737,9500.0,95,0.47794420857955905,0.05080765196283461,1.0,0.33556535637398427,19791,2,2,2,0.9557886719703674,0.9950751295944029,0.1481531834618849,0.0,1.0,0.3609285049507085
2015-07-16,0.4885411858558655,0.49211124487363184,0.4541990131257603,0.23120719710002866,0.13645577528079425,9457.372073739767,9500.0,97,0.4285410963763263,0.0,0.0,0.0,19358,0,0,0,0.0,0.9949752851839219,0.03627288600855997,0.0,1.0,0.4119788177052115
2015-07-17,0.48563745617866516,0.4914946935693493,0.4573491216389145,0.21900015150474553,0.13200172641593905,9457.372073739767,9500.0,97,0.4425869155442024,0.0,0.0,0.0,19474,0,0,0,0.0,0.9949815804972393,0.05958596773596359,0.0,1.0,0.3825586316870926
2015-07-20,0.4766845703125,0.49008420564012556,0.4598415352942929,0.22454177602317574,0.13041860563627913,9457.372073739767,9500.0,97,0.45914613161353146,0.016629330206420816,1.0,0.31164053114449464,19839,2,2,2,0.953369140625,0.9949959823213587,0.13670747979037162,0.0,1.0,0.43475040062787085
2015-07-21,0.4788622260093689,0.4890154456752916,0.4638531721622209,0.2271554274799806,0.1296669368105054,9456.418704599142,9500.0,99,0.44257793715239857,0.0,0.0,0.0,19747,0,0,0,0.0,0.9949039443029628,0.10381287294414498,0.0,1.0,0.45986474442044556
2015-07-22,0.4696672260761261,0.4871727580944187,0.4638392171142,0.22023153820111294,0.12989756591315996,9456.418704599142,9500.0,99,0.47853490489935047,0.051881645271546276,1.0,0.3363171516900824,20134,2,2,2,0.9393344521522522,0.9949231470472266,0.1796645207212083,0.0,1.0,0.41285389409800866
2015-07-23,0.4754745662212372,0.4860586445826871,0.4649347811940988,0.22687982671716428,0.1288052463643099,9455.47937014699,9500.0,101,0.4427285467670518,0.0,0.0,0.0,19886,0,0,0,0.0,0.9948324291470683,0.10887655717487588,0.0,1.0,0.4678479922281429
2015-07-24,0.46990928053855896,0.4845206099118177,0.4671606790895087,0.22497273714176372,0.1338972475851665,9455.47937014699,9500.0,101,0.4709389599094413,0.03807083619898414,1.0,0.32664958533928895,20121,2,2,2,0.9398185610771179,0.9948487808840955,0.1507812988173817,0.0,1.0,0.40015783993037823
2015-07-27,0.46724751591682434,0.48287555334086596,0.4670590501429345,0.21693201318382072,0.13519257768513823,9454.539551585913,9500.0,103,0.48736972861981337,0.06794496112693338,1.0,0.3475614727888534,20234,2,2,2,0.9344950318336487,0.9947646124216727,0.16182261988535224,0.0,1.0,0.33717901343822665
2015-07-28,0.47741034626960754,0.48235505742931756,0.46681683153112075,0.21089268569178699,0.12037095831302155,9453.605056554079,9500.0,105,0.42406979129201816,0.0,0.0,0.0,19801,0,0,0,0.0,0.9946687072599918,0.05125592738741619,0.0,1.0,0.46001915417287265
2015-07-29,0.483217716217041,0.4824372154091008,0.4671441451612304,0.21593781090250685,0.12240091416548164,9453.605056554079,9500.0,105,0.2541029588236153,0.0,0.0,0.0,19563,0,0,0,0.0,0.99466779919811,0.0,0.0,0.0,0.4701538544786159
2015-07-30,0.4844275712966919,0.4826267731126809,0.468618992456326,0.20923002951052974,0.12048755726289244,9453.605056554079,9500.0,105,0.25871164556833237,0.0,0.0,0.0,19515,0,0,0,0.0,0.9946657040866493,0.0,0.0,0.0,0.4471067543099745
2015-07-31,0.482733815908432,0.4826369676646572,0.4703864638563657,0.20931203026716552,0.1209220652339867,9453.605056554079,9500.0,105,0.25963855929729684,0.0,0.0,0.0,19583,0,0,0,0.0,0.9946655914100222,0.0,0.0,0.0,0.4424719884810546
2015-08-03,0.49096086621284485,0.48342971990734174,0.47064507709408193,0.21435262179484962,0.12043488322076872,9953.605056554079,10000.0,105,0.25158644134878644,0.0,0.0,0.0,20273,0,0,0,0.0,0.9949239879409729,0.0,0.0,0.0,0.48318477215277045
2015-08-04,0.49289649724960327,0.4843313177494619,0.4700440458600324,0.2021631216316069,0.11914950168687456,9953.605056554079,10000.0,105,0.2654337246949621,0.0,0.0,0.0,20194,0,0,0,0.0,0.9949145211636307,0.0,0.0,0.0,0.4139317885615428
2015-08-05,0.4979780614376068,0.4856310076245233,0.4692382153890138,0.20177586990695118,0.10111156186569668,9953.605056554079,10000.0,105,0.21561920100582452,0.0,0.0,0.0,19988,0,0,0,0.0,0.9949008744199425,0.0,0.0,0.0,0.6629805252057768
2015-08-06,0.494832307100296,0.4865073218603112,0.4697472066474597,0.1971474061302743,0.10598266970138369,9953.605056554079,10000.0,105,0.23818119927563008,0.0,0.0,0.0,20115,0,0,0,0.0,0.9948916731204668,0.0,0.0,0.0,0.5501544315826665
2015-08-07,0.5560512542724609,0.4931305535186112,0.45603080901478,0.4719679029499072,0.0974305269239608,9953.605056554079,10000.0,105,0.14818774521581907,0.0,0.0,0.0,17900,0,0,0,0.0,0.9948221291880546,0.0,0.0,0.0,1.0
2015-08-10,0.5754089951515198,0.5009665955788882,0.4464247166444512,0.48139031078090216,0.10020204517119853,9953.605056554079,10000.0,105,0.14815894776124755,0.0,0.0,0.0,17298,0,0,0,0.0,0.9947398507464217,0.0,0.0,0.0,1.0
2015-08-11,0.5725052356719971,0.5077797993972795,0.44227693070812796,0.4831516006494094,0.10443277634401367,9953.605056554079,10000.0,105,0.14813390923721498,0.0,0.0,0.0,17386,0,0,0,0.0,0.9946683121063286,0.0,0.0,0.0,1.0
2015-08-12,0.5739570260047913,0.5140823924075186,0.4402737988591091,0.4800874902463476,0.10456924009709692,9953.605056554079,10000.0,105,0.14811074720790235,0.0,0.0,0.0,17342,0,0,0,0.0,0.994602134879721,0.0,0.0,0.0,1.0
2015-08-13,0.5691177248954773,0.5193238526444671,0.4395306532023975,0.48171172607783175,0.09963302819374978,9953.605056554079,10000.0,105,0.14809148484153156,0.0,0.0,0.0,17489,0,0,0,0.0,0.9945470995472331,0.0,0.0,0.0,1.0
2015-08-14,0.5696016550064087,0.5241122147741758,0.43963353186966037,0.47968907567124636,0.10089195079118506,9953.605056554079,10000.0,105,0.1480738876107049,0.0,0.0,0.0,17474,0,0,0,0.0,0.9944968217448712,0.0,0.0,0.0,1.0
2015-08-17,0.5659721493721008,0.5280988752120734,0.4411748280048263,0.47259263047661565,0.10302499323731142,9953.605056554079,10000.0,105,0.1480592366335956,0.0,0.0,0.0,17586,0,0,0,0.0,0.9944549618102733,0.0,0.0,0.0,1.0
2015-08-18,0.5608206391334534,0.5312152336807763,0.4432295678416992,0.47677190821032117,0.1024136255945211,9953.605056554079,10000.0,105,0.1480477840162231,0.0,0.0,0.0,17748,0,0,0,0.0,0.9944222400463518,0.0,0.0,0.0,1.0
2015-08-19,0.5586338043212891,0.5338265261227298,0.4468219655643142,0.46806532707325404,0.10589952311750925,9953.605056554079,10000.0,105,0.14803818751649894,0.0,0.0,0.0,17817,0,0,0,0.0,0.9943948214757113,0.0,0.0,0.0,1.0
2015-08-20,0.5384653806686401,0.5342683217937689,0.4496690663357065,0.4944534819577101,0.12730442381440527,9953.605056554079,10000.0,105,0.14803656391740788,0.0,0.0,0.0,18485,0,0,0,0.0,0.9943901826211654,0.0,0.0,0.0,1.0
2015-08-21,0.5216993689537048,0.5330712786661438,0.4523767093234305,0.508641107235527,0.16420425586259738,9953.605056554079,10000.0,105,0.3353733851738199,0.0,0.0,0.0,19079,0,0,0,0.0,0.9944027515740055,0.10666406320833734,0.0,1.0,1.0
2015-08-24,0.503231942653656,0.530229437141145,0.45361447985229286,0.528035621468834,0.20982457088755688,9953.605056554079,10000.0,105,0.38715550410861793,0.0,0.0,0.0,19779,0,0,0,0.0,0.994432590910018,0.25458313511460484,0.0,1.0,1.0
2015-08-25,0.49278345704078674,0.5266631533220633,0.45192062412255124,0.530868087153664,0.2025034041610212,9953.605056554079,10000.0,105,0.4106402040686887,0.0,0.0,0.0,20198,0,0,0,0.0,0.9944700368901184,0.32164483187756365,0.0,1.0,1.0
2015-08-26,0.5299608707427979,0.5269772216478475,0.45544287378936865,0.5909181565843764,0.25407965164402413,9953.605056554079,10000.0,105,0.16044333958072343,0.0,0.0,0.0,18781,0,0,0,0.0,0.9944667391726976,0.0,0.0,0.0,0.9381000956486034
2015-08-27,0.549886167049408,0.5291590259718056,0.4607928669792228,0.601781873828307,0.27310376340259995,9953.605056554079,10000.0,105,0.18080672517497481,0.0,0.0,0.0,18101,0,0,0,0.0,0.994443830227296,0.0,0.0,0.0,0.8362430770228937
2015-08-28,0.5523161292076111,0.5313644643752157,0.46721890638253716,0.6006038730768527,0.273370169248453,9953.605056554079,10000.0,105,0.18187470920546636,0.0,0.0,0.0,18021,0,0,0,0.0,0.9944206731240602,0.0,0.0,0.0,0.8308626319397734
2015-08-31,0.546241283416748,0.532781304283933,0.47259229257836216,0.6028796954449084,0.2741259989521762,9953.605056554079,10000.0,105,0.18149544200978393,0.0,0.0,0.0,18221,0,0,0,0.0,0.9944057963050187,0.0,0.0,0.0,0.832732933484863
2015-09-01,0.5238860845565796,0.5319341405003755,0.47549318041832084,0.625525235360384,0.28991197653738865,10453.605056554079,10500.0,105,0.3650089637690983,0.0,0.0,0.0,19953,0,0,0,0.0,0.9946806585949962,0.07564898857803423,0.0,1.0,0.7980320637073117
2015-09-02,0.5396806001663208,0.5326718985637988,0.4802438287855338,0.6322088984581771,0.2999038050496226,10453.605056554079,10500.0,105,0.1967958254888409,0.0,0.0,0.0,19369,0,0,0,0.0,0.994673281014362,0.0,0.0,0.0,0.756699114330929
2015-09-03,0.5411385893821716,0.5334782500703105,0.48652889691130047,0.6309239005980407,0.2999183929289854,10453.605056554079,10500.0,105,0.19752417419754406,0.0,0.0,0.0,19317,0,0,0,0.0,0.9946652174992969,0.0,0.0,0.0,0.753043259636049
2015-09-04,0.528502881526947,0.533004405447133,0.48555102007641093,0.45633958925547485,0.3030321591623277,10453.605056554079,10500.0,105,0.46192898845133634,0.0216890699115206,1.0,0.31518234893806446,19779,2,2,2,1.057005763053894,0.9946699559455286,0.04222783033481401,0.0,1.0,0.25492618373391784
2015-09-08,0.55110102891922,0.5347278933968556,0.48927646428083177,0.4656526910065961,0.3148209086120882,10452.548050791025,10500.0,107,0.3015755627380367,0.0,0.0,0.0,18966,0,0,0,0.0,0.9945508681339559,0.0,0.0,0.0,0.23258620554423892
2015-09-09,0.5401665568351746,0.5352458613433622,0.4917335169783049,0.4699815333109114,0.3163717083831863,10452.548050791025,10500.0,107,0.3005016383054542,0.0,0.0,0.0,19350,0,0,0,0.0,0.9945455897939296,0.0,0.0,0.0,0.23794659061210588
2015-09-10,0.5486710667610168,0.5365244523355198,0.49541363593886445,0.47417604151430703,0.3175199303943191,10452.548050791025,10500.0,107,0.2991907121412364,0.0,0.0,0.0,19050,0,0,0,0.0,0.9945325603428666,0.0,0.0,0.0,0.24447841989383456
2015-09-11,0.5503720641136169,0.5378432725048624,0.4985605043659054,0.47381431020891174,0.3186203186633466,10452.548050791025,10500.0,107,0.3002348129050252,0.0,0.0,0.0,18991,0,0,0,0.0,0.9945191209373314,0.0,0.0,0.0,0.23923439711520378
2015-09-14,0.5513440370559692,0.5391290596049678,0.5018827020877057,0.47387945375980406,0.3176392661876389,10452.548050791025,10500.0,107,0.2994305523310236,0.0,0.0,0.0,18958,0,0,0,0.0,0.9945060181545018,0.0,0.0,0.0,0.24323277011526012
2015-09-15,0.5574187636375427,0.5408709361794988,0.5047120722612364,0.4753852980490105,0.32145370211636026,10452.548050791025,10500.0,107,0.30159408382322983,0.0,0.0,0.0,18751,0,0,0,0.0,0.9944882676027422,0.0,0.0,0.0,0.23238404918864974
2015-09-16,0.5613064765930176,0.5428171781236434,0.5065968841344111,0.47488057209554696,0.32406371049401805,10452.548050791025,10500.0,107,0.3038318475341683,0.0,0.0,0.0,18621,0,0,0,0.0,0.9944684344705496,0.0,0.0,0.0,0.2211605226526201
2015-09-17,0.5664094090461731,0.5450640572591223,0.5078193614648925,0.4755362146954777,0.3233012276309466,10452.548050791025,10500.0,107,0.30290983601935095,0.0,0.0,0.0,18454,0,0,0,0.0,0.9944455377022166,0.0,0.0,0.0,0.22573051088212415
2015-09-18,0.5659235119819641,0.5470506719946311,0.5080205963259011,0.4549648668906331,0.31988979702209935,10452.548050791025,10500.0,107,0.311006350713523,0.0,0.0,0.0,18469,0,0,0,0.0,0.9944252931520547,0.0,0.0,0.0,0.1852125094484809
2015-09-21,0.5717552304267883,0.5494034870834079,0.5092098115852962,0.43731451276490396,0.29993735835205393,10452.548050791025,10500.0,107,0.30503721339152273,0.0,0.0,0.0,18281,0,0,0,0.0,0.9944013168459119,0.0,0.0,0.0,0.21501623752273202
2015-09-22,0.5562037825584412,0.5500511342715063,0.514326338158341,0.42815445624159293,0.266147022225736,10452.548050791025,10500.0,107,0.27991914123001926,0.0,0.0,0.0,18792,0,0,0,0.0,0.9943947170126618,0.0,0.0,0.0,0.3405950486220617
2015-09-23,0.5588766932487488,0.5508916636979104,0.5251637880909362,0.41693920460292305,0.2606604079083986,10452.548050791025,10500.0,107,0.28144358286404164,0.0,0.0,0.0,18702,0,0,0,0.0,0.9943861516175546,0.0,0.0,0.0,0.33295785101051223
2015-09-24,0.5695681571960449,0.5526703773643995,0.5271977740482049,0.33318149560486515,0.22122653835140413,10452.548050791025,10500.0,107,0.29701801398381306,0.0,0.0,0.0,18351,0,0,0,0.0,0.9943680256782866,0.0,0.0,0.0,0.25505397501793614
2015-09-25,0.5736991167068481,0.5546731144446327,0.527365634620883,0.3089056646839287,0.20156244008528595,10452.548050791025,10500.0,107,0.29259571735925416,0.0,0.0,0.0,18219,0,0,0,0.0,0.9943476168337547,0.0,0.0,0.0,0.2771297426627999
2015-09-28,0.5661666393280029,0.5557677358620966,0.5278095961448483,0.3135562887831025,0.218984616405086,10452.548050791025,10500.0,107,0.30937368563411977,0.0,0.0,0.0,18461,0,0,0,0.0,0.9943364621202625,0.0,0.0,0.0,0.19322038053986046
2015-09-29,0.576129138469696,0.5577069170628204,0.528211922909137,0.31495527310414173,0.21831507513959877,10452.548050791025,10500.0,107,0.3075668655270548,0.0,0.0,0.0,18142,0,0,0,0.0,0.9943167009404075,0.0,0.0,0.0,0.2022198990104389
2015-09-30,0.5989701747894287,0.5616367511320212,0.5297543367353681,0.29567451363798836,0.2052915353753654,10452.548050791025,10500.0,107,0.3079524183405309,0.0,0.0,0.0,17450,0,0,0,0.0,0.9942766540598927,0.0,0.0,0.0,0.20022205290215767
2015-10-01,0.5873064398765564,0.5640814833934055,0.5310764173042144,0.29635173067093534,0.1941276964615526,10952.548050791025,11000.0,107,0.29364932559244733,0.0,0.0,0.0,18648,0,0,0,0.0,0.9945130255706278,0.0,0.0,0.0,0.27215116678636186
2015-10-02,0.6026148796081543,0.5677513306519529,0.5312854457211362,0.30602048327469455,0.20117544631389703,10952.548050791025,11000.0,107,0.29454003247039234,0.0,0.0,0.0,18175,0,0,0,0.0,0.9944773279654765,0.0,0.0,0.0,0.267635161587622
2015-10-05,0.6176802515983582,0.572506465980182,0.5327230810058597,0.29327838210119295,0.20240720005736998,10952.548050791025,11000.0,107,0.30655882238568133,0.0,0.0,0.0,17731,0,0,0,0.0,0.9944310734672837,0.0,0.0,0.0,0.2074602666393397
2015-10-06,0.6256989240646362,0.5775724143691776,0.5312415638038607,0.26404438421076676,0.18327747304837877,10952.548050791025,11000.0,107,0.3079201184026004,0.0,0.0,0.0,17504,0,0,0,0.0,0.9943817956056816,0.0,0.0,0.0,0.20056755029694062
2015-10-07,0.6322598457336426,0.5827807411657934,0.5318275590068549,0.24519067152867413,0.17712871835071298,10952.548050791025,11000.0,107,0.31730733435331254,0.0,0.0,0.0,17322,0,0,0,0.0,0.9943311327904782,0.0,0.0,0.0,0.15354281061677422
2015-10-08,0.6359046101570129,0.5878401572601952,0.5323367269859952,0.24357189576333016,0.17858963534845865,10952.548050791025,11000.0,107,0.3206880782079051,0.0,0.0,0.0,17223,0,0,0,0.0,0.9942819184702872,0.0,0.0,0.0,0.1365529662834768
2015-10-09,0.633474588394165,0.5921862935586685,0.5340456264778662,0.24645830939318863,0.1782829362522463,10952.548050791025,11000.0,107,0.31758389511522234,0.0,0.0,0.0,17289,0,0,0,0.0,0.9942396424172021,0.0,0.0,0.0,0.15199989865399188
2015-10-12,0.6402782797813416,0.5967664827227326,0.5360572824140094,0.24590650495802074,0.17709900016321062,10952.548050791025,11000.0,107,0.31654733911292693,0.0,0.0,0.0,17105,0,0,0,0.0,0.9941950896680607,0.0,0.0,0.0,0.15710471135447146
2015-10-13,0.6414934992790222,0.6010261985852364,0.5381762535841023,0.24636492330551382,0.17441276786229767,10952.548050791025,11000.0,107,0.3125305295650171,0.0,0.0,0.0,17073,0,0,0,0.0,0.9941536542501255,0.0,0.0,0.0,0.17711624711263396
2015-10-14,0.6648203134536743,0.6071018285727067,0.5388050414162907,0.2672667489453399,0.1727416271498345,10952.548050791025,11000.0,107,0.2900655559146581,0.0,0.0,0.0,16474,0,0,0,0.0,0.9940945549402473,0.0,0.0,0.0,0.2893376915721422
2015-10-15,0.6665213108062744,0.6127608268806655,0.5400688152650607,0.268122528020794,0.18017728014527123,10952.548050791025,11000.0,107,0.2998964976059021,0.0,0.0,0.0,16432,0,0,0,0.0,0.9940395083203426,0.0,0.0,0.0,0.24008665153108888
2015-10-16,0.6769700050354004,0.6188759867049258,0.5416906479192818,0.26704920670965976,0.16880539442378084,10952.548050791025,11000.0,107,0.28422725742633703,0.0,0.0,0.0,16178,0,0,0,0.0,0.9939800244929612,0.0,0.0,0.0,0.31832875573099684
2015-10-19,0.6757549047470093,0.6242930265184576,0.5439565482113854,0.2697844295722147,0.16860664230077274,10952.548050791025,11000.0,107,0.2811942562601603,0.0,0.0,0.0,16207,0,0,0,0.0,0.9939273314693204,0.0,0.0,0.0,0.3334015487705091
2015-10-20,0.6747829914093018,0.6291015946033,0.5495428407975784,0.23818390587225452,0.16082848899168417,10952.548050791025,11000.0,107,0.30102806005230587,0.0,0.0,0.0,16231,0,0,0,0.0,0.9938805572161316,0.0,0.0,0.0,0.23415067486670083
2015-10-21,0.6660352349281311,0.6326190841580457,0.5562938433227742,0.2511403063542145,0.16272029311373826,10952.548050791025,11000.0,107,0.29061513348765716,0.0,0.0,0.0,16444,0,0,0,0.0,0.9938463416359172,0.0,0.0,0.0,0.28615543042456926
2015-10-22,0.6900911927223206,0.6380926183070242,0.5615979785298086,0.26703098903875366,0.16919749316416477,10952.548050791025,11000.0,107,0.2847907984484306,0.0,0.0,0.0,15871,0,0,0,0.0,0.9937930990764681,0.0,0.0,0.0,0.315183931141666
2015-10-23,0.6947080492973328,0.643484564115625,0.567375305818402,0.26710895910030275,0.17091640231780303,10952.548050791025,11000.0,107,0.2873417753571892,0.0,0.0,0.0,15765,0,0,0,0.0,0.9937406501490571,0.0,0.0,0.0,0.30233726097490377
2015-10-26,0.6915492415428162,0.6480621524420241,0.576478073250474,0.2589725866332656,0.13359759233020965,10952.548050791025,11000.0,107,0.22471822654395934,0.0,0.0,0.0,15837,0,0,0,0.0,0.993696122698973,0.0,0.0,0.0,0.6153770820034059
2015-10-27,0.6910631656646729,0.6521574870346574,0.5854477315090504,0.2601629696996815,0.13561486046480706,10952.548050791025,11000.0,107,0.22804707796055135,0.0,0.0,0.0,15848,0,0,0,0.0,0.993656286262481,0.0,0.0,0.0,0.5986631111565848
2015-10-28,0.6966522932052612,0.6563950876223339,0.5912542955149964,0.23409141843747833,0.1276028174106482,10952.548050791025,11000.0,107,0.24200998336988797,0.0,0.0,0.0,15721,0,0,0,0.0,0.9936150659658555,0.0,0.0,0.0,0.5287764485908071
2015-10-29,0.6725961565971375,0.6579380465723151,0.6008674550538318,0.2617315881127797,0.1284731063302806,10952.548050791025,11000.0,107,0.20821867476183317,0.0,0.0,0.0,16283,0,0,0,0.0,0.993600057183342,0.0,0.0,0.0,0.6977067262616825
2015-10-30,0.6893624663352966,0.6609308484545039,0.6091370203064596,0.26065736845048654,0.1263570060312941,10952.548050791025,11000.0,107,0.20393909884613684,0.0,0.0,0.0,15887,0,0,0,0.0,0.9935709453832153,0.0,0.0,0.0,0.7190536601899427
2015-11-02,0.6973811388015747,0.6644023046780344,0.6153870002941729,0.2525205327702384,0.11797697350294324,11452.548050791025,11500.0,107,0.19109932668907287,0.0,0.0,0.0,16422,0,0,0,0.0,0.9938181698608217,0.0,0.0,0.0,0.7836851638110736
2015-11-03,0.6925211548805237,0.6670802904116049,0.6211560816456556,0.2553351673302724,0.11548027156610906,11452.548050791025,11500.0,107,0.17931567848444344,0.0,0.0,0.0,16537,0,0,0,0.0,0.9937932529500834,0.0,0.0,0.0,0.8425598002404286
2015-11-04,0.6811006665229797,0.668415564326974,0.6261650678486731,0.2656869033803663,0.11637067112164207,11452.548050791025,11500.0,107,0.1673051567351705,0.0,0.0,0.0,16814,0,0,0,0.0,0.9937808290971316,0.0,0.0,0.0,0.9025906672441277
2015-11-05,0.6733249425888062,0.6688831241614341,0.630537345435897,0.2709996545799375,0.11469798745729651,11452.548050791025,11500.0,107,0.1540344823831577,0.0,0.0,0.0,17008,0,0,0,0.0,0.9937764787578023,0.0,0.0,0.0,0.9689364259103652
2015-11-06,0.7666330933570862,0.6781926450372106,0.6266265866459066,0.55060807483573,0.11493523033655319,11452.548050791025,11500.0,107,0.14779145090811796,0.0,0.0,0.0,14938,0,0,0,0.0,0.9936898597374799,0.0,0.0,0.0,1.0
2015-11-09,0.7632312774658203,0.6862915624113639,0.6270192778046403,0.5530121067993934,0.1224657176697669,11452.548050791025,11500.0,107,0.14776507660762556,0.0,0.0,0.0,15005,0,0,0,0.0,0.993614504593216,0.0,0.0,0.0,1.0
2015-11-10,0.7486520409584045,0.6922306556063201,0.6314311839869082,0.5617266041937596,0.11843861003006705,11452.548050791025,11500.0,107,0.14774573582152545,0.0,0.0,0.0,15297,0,0,0,0.0,0.9935592452043586,0.0,0.0,0.0,1.0
2015-11-11,0.7413623332977295,0.696909863005502,0.634156606039685,0.5549879463208336,0.1174432255544397,11452.548050791025,11500.0,107,0.14773049788090814,0.0,0.0,0.0,15447,0,0,0,0.0,0.9935157082311662,0.0,0.0,0.0,1.0
2015-11-12,0.7386893630027771,0.7008888630052424,0.6373449001905065,0.5559264367938602,0.12021337958240867,11452.548050791025,11500.0,107,0.147717540180909,0.0,0.0,0.0,15503,0,0,0,0.0,0.9934786862311686,0.0,0.0,0.0,1.0
2015-11-13,0.7241098880767822,0.7031003892025319,0.6398321538774827,0.5616787451400551,0.12615006426199626,11452.548050791025,11500.0,107,0.14771033829777086,0.0,0.0,0.0,15816,0,0,0,0.0,0.9934581094222026,0.0,0.0,0.0,1.0
2015-11-16,0.7386893630027771,0.7064898152787458,0.6427690401829469,0.5641038908846385,0.13711839669610612,11452.548050791025,11500.0,107,0.14769930055807046,0.0,0.0,0.0,15503,0,0,0,0.0,0.9934265730230586,0.0,0.0,0.0,1.0
2015-11-17,0.7386893630027771,0.7095564388715107,0.6461506781492136,0.5639084126168525,0.1371034134905987,11452.548050791025,11500.0,107,0.1476893140316749,0.0,0.0,0.0,15503,0,0,0,0.0,0.9933980400904998,0.0,0.0,0.0,1.0
2015-11-18,0.7568609118461609,0.7140616267738582,0.6508505833249945,0.5637161764483575,0.14556620316830954,11452.548050791025,11500.0,107,0.14767464278933207,0.0,0.0,0.0,15131,0,0,0,0.0,0.9933561222552345,0.0,0.0,0.0,1.0
2015-11-19,0.7590561509132385,0.7183468195490372,0.6532157548829798,0.553172051708669,0.13450517446282925,11452.548050791025,11500.0,107,0.14766068796590331,0.0,0.0,0.0,15087,0,0,0,0.0,0.9933162513311524,0.0,0.0,0.0,1.0
2015-11-20,0.7656415700912476,0.7228510815054383,0.6553356091730226,0.5532824739731532,0.12952059908731442,11452.548050791025,11500.0,107,0.14764601973892355,0.0,0.0,0.0,14958,0,0,0,0.0,0.9932743421112102,0.0,0.0,0.0,1.0
2015-11-23,0.7541778087615967,0.7258345793393581,0.6583309264974561,0.5569969317170929,0.1293844547045044,11452.548050791025,11500.0,107,0.14763630391336874,0.0,0.0,0.0,15185,0,0,0,0.0,0.9932465826096251,0.0,0.0,0.0,1.0
2015-11-24,0.7602754235267639,0.7291146597381586,0.6617299980774661,0.5566996465029739,0.12893362309210193,11452.548050791025,11500.0,107,0.14762562226024395,0.0,0.0,0.0,15063,0,0,0,0.0,0.9932160636006971,0.0,0.0,0.0,1.0
2015-11-25,0.7592996954917908,0.7319894250480283,0.664906968816332,0.5570778710649418,0.12189101051623297,11452.548050791025,11500.0,107,0.14761626052451748,0.0,0.0,0.0,15083,0,0,0,0.0,0.9931893157843358,0.0,0.0,0.0,1.0
2015-11-27,0.7656415700912476,0.7351943912426206,0.6724232522859606,0.5373036780501472,0.12189706268192682,11452.548050791025,11500.0,107,0.14760582348243162,0.0,0.0,0.0,14958,0,0,0,0.0,0.9931594956640905,0.0,0.0,0.0,1.0
2015-11-30,0.7736907601356506,0.7388607120895758,0.6779022475797806,0.5333487226104822,0.12180930149938143,11452.548050791025,11500.0,107,0.1475938840288909,0.0,0.0,0.0,14802,0,0,0,0.0,0.9931253829396883,0.0,0.0,0.0,1.0
2015-12-01,0.7988137602806091,0.7445705262030076,0.6816774596780186,0.5411914571413624,0.12033824809292366,11952.548050791025,12000.0,107,0.14767631948280807,0.0,0.0,0.0,14962,0,0,0,0.0,0.9933609128080232,0.0,0.0,0.0,1.0
2015-12-02,0.7927159667015076,0.7491558062504838,0.6879314241942436,0.5414294276002847,0.1259321110898107,11952.548050791025,12000.0,107,0.14766200958799325,0.0,0.0,0.0,15077,0,0,0,0.0,0.9933200273942665,0.0,0.0,0.0,1.0
2015-12-03,0.7910085320472717,0.7531417801358923,0.698603712780736,0.535434137783875,0.13474274375946932,11952.548050791025,12000.0,107,0.14764957002782586,0.0,0.0,0.0,15110,0,0,0,0.0,0.9932844857937883,0.0,0.0,0.0,1.0
2015-12-04,0.823204755783081,0.7598144444832436,0.7120696199345474,0.5422699302633444,0.1553201763309186,11952.548050791025,12000.0,107,0.14762874575450852,0.0,0.0,0.0,14519,0,0,0,0.0,0.9932249878700244,0.0,0.0,0.0,1.0
2015-12-07,0.8075947761535645,0.7643649522613695,0.7126211830787015,0.26838904227891447,0.15720942384816167,11952.548050791025,12000.0,107,0.2630800301515166,0.0,0.0,0.0,14800,0,0,0,0.0,0.9931844125090028,0.0,0.0,0.0,0.4226725711331718
2015-12-08,0.8185707330703735,0.7695274075765126,0.7125444383455751,0.2696206449516651,0.1550131778208267,11952.548050791025,12000.0,107,0.25770840715237353,0.0,0.0,0.0,14601,0,0,0,0.0,0.9931383806157761,0.0,0.0,0.0,0.4494501303157403
2015-12-09,0.7978381514549255,0.7722236688982662,0.7144864264524494,0.27738019128146235,0.1570310163755762,11952.548050791025,12000.0,107,0.25318937761807686,0.0,0.0,0.0,14981,0,0,0,0.0,0.9931143389523238,0.0,0.0,0.0,0.4720032050761822
2015-12-10,0.8044236898422241,0.7752903375595955,0.7173190463789937,0.2734625067001948,0.15710218979718593,11952.548050791025,12000.0,107,0.25746937763469757,0.0,0.0,0.0,14858,0,0,0,0.0,0.9930869944900936,0.0,0.0,0.0,0.4505553521841761
2015-12-11,0.7924720644950867,0.7769266925058328,0.7207837635679422,0.2805631695348131,0.1643051104987683,11952.548050791025,12000.0,107,0.2629796393339229,0.0,0.0,0.0,15082,0,0,0,0.0,0.9930724036584897,0.0,0.0,0.0,0.4229785097327423
2015-12-14,0.7944232225418091,0.7785930286997353,0.7275981746708402,0.2667263801164219,0.1605931074624003,11952.548050791025,12000.0,107,0.27075628889333414,0.0,0.0,0.0,15045,0,0,0,0.0,0.993057545494094,0.0,0.0,0.0,0.3840692601479936
2015-12-15,0.8041799068450928,0.7810298742373883,0.7327736048268753,0.26214697487087024,0.15598084763067052,11952.548050791025,12000.0,107,0.267456592530575,0.0,0.0,0.0,14863,0,0,0,0.0,0.9930358169547167,0.0,0.0,0.0,0.400529717017879
2015-12-16,0.8090580105781555,0.7836992205555567,0.7388857556170233,0.2616851120594957,0.16436241002116886,11952.548050791025,12000.0,107,0.2822004341454627,0.0,0.0,0.0,14773,0,0,0,0.0,0.9930120152833796,0.0,0.0,0.0,0.32676885601860084
2015-12-17,0.7968624234199524,0.7849528589235943,0.7421749007979084,0.2595315691186207,0.16248537978648397,11952.548050791025,12000.0,107,0.2813401171412029,0.0,0.0,0.0,14999,0,0,0,0.0,0.9930008370079313,0.0,0.0,0.0,0.33105087905786523
2015-12-18,0.783935010433197,0.784855920972128,0.7442866925061292,0.2680766681478388,0.17313759409965115,11952.548050791025,12000.0,107,0.4415465153786125,0.0,0.0,0.0,15246,0,0,0,0.0,0.9930017013713318,0.0058667490065584665,0.0,1.0,0.2902872112682455
2015-12-21,0.8024725914001465,0.7865336991081296,0.7472372954553922,0.2782808440903329,0.17539938954426876,11952.548050791025,12000.0,107,0.28311946373543784,0.0,0.0,0.0,14894,0,0,0,0.0,0.9929867411829525,0.0,0.0,0.0,0.32212947839297756
2015-12-22,0.8032041192054749,0.7881213581650197,0.7527121228442695,0.27066300880140465,0.17926006614177276,11952.548050791025,12000.0,107,0.29589204566115423,0.0,0.0,0.0,14881,0,0,0,0.0,0.992972584556362,0.0,0.0,0.0,0.25824179466786235
2015-12-23,0.8063749074935913,0.7898597914344074,0.7578512373816493,0.27008889628016997,0.18547547114266671,11952.548050791025,12000.0,107,0.3048354148693576,0.0,0.0,0.0,14822,0,0,0,0.0,0.9929570835263766,0.0,0.0,0.0,0.21349782182437083
2015-12-24,0.8090580105781555,0.7916881932576216,0.764397855111039,0.2695954093197617,0.1855063535872801,11952.548050791025,12000.0,107,0.3053134818257709,0.0,0.0,0.0,14773,0,0,0,0.0,0.9929407802767862,0.0,0.0,0.0,0.2110789563555211
2015-12-28,0.8083263039588928,0.7932727752291713,0.7706093678495545,0.2693035460682934,0.18552943409821138,11952.548050791025,12000.0,107,0.30560085863232583,0.0,0.0,0.0,14786,0,0,0,0.0,0.9929266510875399,0.0,0.0,0.0,0.20961734624156536
2015-12-29,0.8214976191520691,0.7959608556027806,0.7753987621757362,0.2722507905240807,0.1891597007125604,11952.548050791025,12000.0,107,0.3076385675763822,0.0,0.0,0.0,14549,0,0,0,0.0,0.9929026823708752,0.0,0.0,0.0,0.1993868562671206
2015-12-30,0.8144239783287048,0.7977192482433448,0.7766945651611283,0.25183893739711377,0.1864282119293363,11952.548050791025,12000.0,107,0.3223666502574975,0.0,0.0,0.0,14676,0,0,0,0.0,0.9928870033698302,0.0,0.0,0.0,0.12571900460971497
2015-12-31,0.8039360642433167,0.7983113259576279,0.7779761768811266,0.2549165611103154,0.1853698052455796,11952.548050791025,12000.0,107,0.31831219537962446,0.0,0.0,0.0,14867,0,0,0,0.0,0.9928817240102111,0.0,0.0,0.0,0.14598204011974714
2016-01-04,0.7895452380180359,0.7974764604395714,0.7769253727765113,0.2633454786655537,0.18630044206883298,12452.548050791025,12500.0,107,0.47942310665997107,0.05349655756358373,1.0,0.33744759029450866,15771,2,2,2,1.5790904760360718,0.9931736014986373,0.04972700019987944,0.0,1.0,0.1779605196725489
2016-01-05,0.802228569984436,0.797929042300987,0.7793343023516824,0.2245485937457093,0.1689141012324527,12450.968960314989,12500.0,109,0.3260037889934102,0.0,0.0,0.0,15520,0,0,0,0.0,0.9930420587511354,0.0,0.0,0.0,0.10780465784743587
2016-01-06,0.7690563201904297,0.7951792592428387,0.771164529858637,0.25940120741587125,0.172780260844367,12450.968960314989,12500.0,109,0.6548408257067367,0.37243786492133946,1.0,0.5607065054449376,16189,3,3,3,2.307168960571289,0.9930660368594024,0.16425817668636766,1.0,1.0,0.251113245171414
2016-01-07,0.738567054271698,0.7897876206741586,0.7539412472817688,0.28379243988360087,0.1886803646817225,12448.661791354418,12500.0,112,0.7103351824350663,0.47333669533648415,1.0,0.6313356867355389,16855,3,3,3,2.215701162815094,0.9929235029187595,0.32426797446343253,1.0,1.0,0.25340917324350465
2016-01-08,0.7227129340171814,0.783399555278256,0.7343485167943407,0.28043045290742896,0.19004251516910178,12446.446090191603,12500.0,115,0.7371058936636098,0.5220107157520177,1.0,0.6654075010264124,17221,3,3,3,2.168138802051544,0.99279272409144,0.3873286680608294,1.0,1.0,0.22968296794842247
2016-01-11,0.723932683467865,0.7777360436772665,0.7199173409154636,0.27733321572000275,0.189585437061196,12444.277951389551,12500.0,118,0.5746877016627543,0.22670491211409868,1.0,0.4586934384798691,17189,2,2,2,1.44786536693573,0.9926581717476866,0.3458973044055548,0.0,1.0,0.2190335749544008
2016-01-12,0.7361282110214233,0.7737733929481385,0.7112046006177325,0.2852747074952409,0.18313455470667242,12442.830086022615,12500.0,120,0.5229179858761439,0.13257815613844345,1.0,0.39280470929691047,16903,2,2,2,1.4722564220428467,0.9925717754276979,0.24325714912013205,0.0,1.0,0.29811068857798273
2016-01-13,0.7136881351470947,0.7680509874432772,0.6975810568798422,0.29970849111665326,0.19874590386918628,12441.357829600573,12500.0,122,0.5699087462943759,0.21801590235341076,1.0,0.45261113164738753,17432,2,2,2,1.4273762702941895,0.9925038223625536,0.3539013241630477,0.0,1.0,0.2566652749479228
2016-01-14,0.6992976665496826,0.7615030521200776,0.682579351098876,0.29676038760792944,0.20544311579733315,12439.930453330278,12500.0,124,0.5995612069150534,0.2719294671182789,1.0,0.4903506269827953,17789,2,2,2,1.3985953330993652,0.9924458897229689,0.408438189428203,0.0,1.0,0.20374110393928357
2016-01-15,0.661247193813324,0.751954875138482,0.658960743520802,0.3369272321327432,0.20464172878087047,12438.531857997179,12500.0,126,0.6340439794254931,0.3346254171372601,1.0,0.5342377919960821,18810,3,3,3,1.983741581439972,0.9924202948586041,0.6031457759247394,0.0,1.0,0.3720207267433855
2016-01-19,0.6666132211685181,0.743827098569914,0.640941207493432,0.3421448429243797,0.2017389859186086,12436.548116415739,12500.0,129,0.5963112088997852,0.2660203798177912,1.0,0.48621426587245387,18656,2,2,2,1.3332264423370361,0.9923237043427585,0.5190310863226668,0.0,1.0,0.4133148391655681
2016-01-20,0.6702719926834106,0.736821850390247,0.6263396004223408,0.34445147018394284,0.19732138542079772,12435.214889973402,12500.0,131,0.5644181290994897,0.20803296199907223,1.0,0.4456230733993506,18552,2,2,2,1.3405439853668213,0.9922781070079102,0.4516007340959632,0.0,1.0,0.4546973264343297
2016-01-21,0.6780768632888794,0.7312270897139262,0.6173034157737953,0.3324481053439144,0.19553272271690444,12433.874345988035,12500.0,133,0.5411084793208942,0.165651780583444,1.0,0.41595624640841083,18336,2,2,2,1.3561537265777588,0.9922197437654439,0.36343173805172146,0.0,1.0,0.4168476965755681
2016-01-22,0.6939315795898438,0.7276751363687755,0.613628413151929,0.34971327940350305,0.20913557198996946,12432.518192261457,12500.0,135,0.4997024892480925,0.0903681622692591,1.0,0.3632577135884814,17916,2,2,2,1.3878631591796875,0.9921411085272173,0.23185866255729087,0.0,1.0,0.39348715315742666
2016-01-25,0.6931995153427124,0.7243917438901029,0.6116415957011344,0.34807354409907776,0.20490900009384658,12431.130329102278,12500.0,137,0.4894637448113099,0.07175226329329068,1.0,0.3502265843053035,17932,2,2,2,1.3863990306854248,0.9920606664869644,0.2152994481955513,0.0,1.0,0.41556147663785326
2016-01-26,0.700029194355011,0.7220715010772369,0.6127282702696465,0.35147013858535836,0.2153836013678434,12429.743930071592,12500.0,139,0.47863883001408947,0.05207060002561719,1.0,0.3364494200179321,17756,2,2,2,1.400058388710022,0.9919705649080212,0.15263243798807802,0.0,1.0,0.3598611049977263
2016-01-27,0.691736102104187,0.719182415460756,0.6138665344072196,0.3511095970684373,0.2166783698420347,12428.343871682882,12500.0,141,0.4938765768730012,0.07977559431454757,1.0,0.35584291602018336,17966,2,2,2,1.383472204208374,0.9918876223536027,0.19081607646778365,0.0,1.0,0.35034858857242024
2016-01-28,0.6841748952865601,0.7158483659203564,0.6181550846522194,0.3397313601356805,0.21273416750454832,12426.960399478674,12500.0,143,0.5084016834415983,0.10618487898472416,1.0,0.37432941528930697,18163,2,2,2,1.3683497905731201,0.9918106946938712,0.22123030617716213,0.0,1.0,0.33081333431631665
2016-01-29,0.7144199013710022,0.7157123216775608,0.6280802001643196,0.388521276537038,0.23641121156815686,12425.5920496881,12500.0,145,0.4263521467508286,0.0,0.0,0.0,17392,0,0,0,0.0,0.9916977370685403,0.009028909153955315,0.0,1.0,0.36951089713522367
2016-02-01,0.7146639227867126,0.7156124741641468,0.6379622360823041,0.38836045146215253,0.2353088718873588,12925.5920496881,13000.0,145,0.4244545965950658,0.0,0.0,0.0,18086,0,0,0,0.0,0.9920181685573999,0.006627549209102562,0.0,1.0,0.3753570231160501
2016-02-02,0.6844186782836914,0.7126416364612462,0.6429316154071387,0.4078212243321064,0.23808786953554498,12925.5920496881,13000.0,145,0.4810400337653829,0.05643642502796889,1.0,0.33950549751957826,18885,2,2,2,1.3688373565673828,0.9920513048240861,0.19801648355617513,0.0,1.0,0.4274184608385425
2016-02-03,0.6878333687782288,0.7102789443009588,0.6561104832496428,0.4014299091216169,0.2391011536595354,12924.223212331533,13000.0,147,0.4726720637107547,0.04122193401955399,1.0,0.32885535381368786,18789,2,2,2,1.3756667375564575,0.9919683842452123,0.15800535622536668,0.0,1.0,0.39909372726973946
2016-02-04,0.6880775094032288,0.7081645219297465,0.6638229066081986,0.38138469973334715,0.23614283116628623,12922.847545593977,13000.0,149,0.4776211705444132,0.050220310080751285,1.0,0.3351542170565259,18781,2,2,2,1.3761550188064575,0.9918833450948052,0.14182447654805364,0.0,1.0,0.34588283515293683
2016-02-05,0.6446609497070312,0.7021165626704403,0.655944879400661,0.41685761681420674,0.23038187616311973,12921.47139057517,13000.0,151,0.6887816213590781,0.43414840247105096,1.0,0.6039038817297357,20043,3,3,3,1.9339828491210938,0.9918446460797511,0.4091600741113523,1.0,1.0,0.5078501535390405
2016-02-08,0.6151474118232727,0.6938337863992814,0.63796955936322,0.43693186522651134,0.23244664892770744,12919.53740772605,13000.0,154,0.732302746203346,0.51327772036972,1.0,0.659294404258804,21002,3,3,3,1.8454422354698181,0.9917807382226547,0.5670405226614817,1.0,1.0,0.5664234755305084
2016-02-09,0.6217331886291504,0.686967062802126,0.6264124633115161,0.44064748125264036,0.23228681197104087,12917.69196549058,13000.0,157,0.6971086878123519,0.44928852329518526,1.0,0.6145019663066298,20776,3,3,3,1.8651995658874512,0.991703551626159,0.4747962289988684,1.0,1.0,0.5808311770320385
2016-02-10,0.6202695369720459,0.6806149174849756,0.6193108630271573,0.43193044182649776,0.22962683382143856,12915.826765924692,13000.0,160,0.5387267036942212,0.16132127944403843,1.0,0.4129248956108269,20822,2,2,2,1.2405390739440918,0.9916232010155696,0.4433151475427499,0.0,1.0,0.5675085915059535
2016-02-11,0.6170987486839294,0.6745657585515425,0.6102298447928923,0.4238585242494944,0.21702025515560033,12914.586226850748,13000.0,162,0.5206285112800001,0.1284154750545456,1.0,0.38989083253818196,20927,2,2,2,1.2341974973678589,0.9915938728549731,0.42595558060202177,0.0,1.0,0.6275689871497403
2016-02-12,0.6275870203971863,0.6700915930130324,0.6041083550423549,0.4289293501258106,0.22037347213468503,12913.35202935338,13000.0,164,0.4836497361437984,0.06118133844326982,1.0,0.3428269369102889,20576,2,2,2,1.2551740407943726,0.9915465368266049,0.3171549461225632,0.0,1.0,0.621978914442052
2016-02-16,0.6583198308944702,0.6689704728112646,0.6029041341430207,0.4280842568605053,0.21554991504469342,12912.096855312586,13000.0,166,0.39387022630477697,0.0,0.0,0.0,19613,0,0,0,0.0,0.9914577616548715,0.07960472359890897,0.0,1.0,0.6550082176702308
2016-02-17,0.6746622920036316,0.6695125508295854,0.603399461229694,0.4362506167195294,0.22289863957307718,12912.096855312586,13000.0,166,0.22081272937416022,0.0,0.0,0.0,19138,0,0,0,0.0,0.9914508397355607,0.0,0.0,0.0,0.6309753226664301
2016-02-18,0.7327134609222412,0.6755316851241241,0.6035333563323381,0.5308019419681764,0.21882827903185662,12912.096855312586,13000.0,166,0.14698089300725292,0.0,0.0,0.0,17622,0,0,0,0.0,0.9913739800207227,0.0,0.0,0.0,1.0
2016-02-19,0.7424702048301697,0.6819067822389856,0.6033314150671624,0.531112923493106,0.2184877896219332,12912.096855312586,13000.0,166,0.14695240122707032,0.0,0.0,0.0,17390,0,0,0,0.0,0.9912925749344867,0.0,0.0,0.0,1.0
2016-02-22,0.7688124775886536,0.6901835151294302,0.6014077258322256,0.538330558758148,0.2127011655496652,12912.096855312586,13000.0,166,0.14691541059776764,0.0,0.0,0.0,16794,0,0,0,0.0,0.9911868874221934,0.0,0.0,0.0,1.0
2016-02-23,0.7707639336585999,0.6978578407036369,0.600160274848792,0.5378853206370073,0.20965929986586176,12912.096855312586,13000.0,166,0.14688111226577832,0.0,0.0,0.0,16752,0,0,0,0.0,0.9910888921879382,0.0,0.0,0.0,1.0
2016-02-24,0.7761297821998596,0.7053123113223247,0.5992492056816026,0.5376984974964598,0.20450797849270116,12912.096855312586,13000.0,166,0.14684779651632096,0.0,0.0,0.0,16636,0,0,0,0.0,0.9909937043323457,0.0,0.0,0.0,1.0
2016-02-25,0.7778372168540955,0.7122194451824934,0.5985903649642728,0.5339123761177441,0.2029542498478263,12912.096855312586,13000.0,166,0.1468169269411459,0.0,0.0,0.0,16599,0,0,0,0.0,0.9909055055461312,0.0,0.0,0.0,1.0
2016-02-26,0.7727149724960327,0.717980923974259,0.5987263552397385,0.5322600112042395,0.20288557125806767,12912.096855312586,13000.0,166,0.14679117756285348,0.0,0.0,0.0,16710,0,0,0,0.0,0.9908319358938672,0.0,0.0,0.0,1.0
2016-02-29,0.7676966786384583,0.7227157577518017,0.5993732366776191,0.5149351291340114,0.18573997156447655,12912.096855312586,13000.0,166,0.14677001649804766,0.0,0.0,0.0,16819,0,0,0,0.0,0.9907714757087077,0.0,0.0,0.0,1.0
2016-03-01,0.8017240762710571,0.7302403595155403,0.5985836062188125,0.533993280015937,0.20433425674291592,13412.096855312586,13500.0,166,0.14685726186015902,0.0,0.0,0.0,16729,0,0,0,0.0,0.991020748171883,0.0,0.0,0.0,1.0
2016-03-02,0.8063750863075256,0.7374912858766818,0.5982864977340063,0.5022599539220666,0.19057562952540041,13412.096855312586,13500.0,166,0.14682605602152327,0.0,0.0,0.0,16632,0,0,0,0.0,0.9909315886329237,0.0,0.0,0.0,1.0
2016-03-03,0.7992758750915527,0.7433755324685742,0.5988558081408513,0.5059855330449877,0.19036068559029434,13412.096855312586,13500.0,166,0.1468007319676723,0.0,0.0,0.0,16780,0,0,0,0.0,0.9908592341933494,0.0,0.0,0.0,1.0
2016-03-04,0.7968279719352722,0.7484662409892122,0.5999570415674049,0.5068164358545608,0.19038929867063858,13412.096855312586,13500.0,166,0.14677882306655754,0.0,0.0,0.0,16831,0,0,0,0.0,0.9907966373330216,0.0,0.0,0.0,1.0
2016-03-07,0.7916871905326843,0.7525825218981144,0.6051490647836711,0.43668655699255343,0.17416680821306457,13412.096855312586,13500.0,166,0.14676110781316437,0.0,0.0,0.0,16941,0,0,0,0.0,0.9907460223233269,0.0,0.0,0.0,1.0
2016-03-08,0.777243971824646,0.7549312314149269,0.6157977199362539,0.39875971399840077,0.17058678370875555,13412.096855312586,13500.0,166,0.1571548604539961,0.0,0.0,0.0,17255,0,0,0,0.0,0.9907171418951942,0.0,0.0,0.0,0.9479806960466093
2016-03-09,0.7767543196678162,0.757009620772345,0.6275301096428972,0.4012897023216727,0.1700114127558403,13412.096855312586,13500.0,166,0.1533471882204605,0.0,0.0,0.0,17266,0,0,0,0.0,0.9906915854038364,0.0,0.0,0.0,0.9669743333544112
2016-03-10,0.7755302786827087,0.7587734929542844,0.6422711616063219,0.40094303996504954,0.16991308266915947,13412.096855312586,13500.0,166,0.15345197512957987,0.0,0.0,0.0,17294,0,0,0,0.0,0.9906698963088584,0.0,0.0,0.0,0.9664124428926026
2016-03-11,0.7887495160102844,0.7616283522929511,0.6625520912984163,0.3964378354175991,0.1646406187748586,13412.096855312586,13500.0,166,0.14672217723939102,0.0,0.0,0.0,17004,0,0,0,0.0,0.9906347921125459,0.0,0.0,0.0,1.0
2016-03-14,0.7907078266143799,0.764397826037849,0.6863035940286518,0.39766458830564855,0.15681100848175775,13412.096855312586,13500.0,166,0.14671025824497785,0.0,0.0,0.0,16962,0,0,0,0.0,0.9906007378427939,0.0,0.0,0.0,1.0
2016-03-15,0.7867910861968994,0.7665305174815681,0.707353633660708,0.37651072147951803,0.15086801768694283,13412.096855312586,13500.0,166,0.14670107977291263,0.0,0.0,0.0,17046,0,0,0,0.0,0.9905745136368933,0.0,0.0,0.0,1.0
2016-03-16,0.8102918863296509,0.7706982668956712,0.7316979759100208,0.3796976970687185,0.14282248258407113,13412.096855312586,13500.0,166,0.14668314301432306,0.0,0.0,0.0,16552,0,0,0,0.0,0.9905232657552088,0.0,0.0,0.0,1.0
2016-03-17,0.8034374117851257,0.7738162806946669,0.7406990365718988,0.2544067291952842,0.14082372287249564,13412.096855312586,13500.0,166,0.24557612508994864,0.0,0.0,0.0,16693,0,0,0,0.0,0.9904849257336804,0.0,0.0,0.0,0.5054679945841976
2016-03-18,0.8276728987693787,0.778945482416068,0.7464568685132934,0.2685769004597666,0.14037840732086676,13412.096855312586,13500.0,166,0.2277751276806529,0.0,0.0,0.0,16204,0,0,0,0.0,0.9904218555495505,0.0,0.0,0.0,0.5943626088084488
2016-03-21,0.8301209807395935,0.7838193393992609,0.7477238924336149,0.2442680265473018,0.134276612929397,13412.096855312586,13500.0,166,0.24343658828238962,0.0,0.0,0.0,16156,0,0,0,0.0,0.9903619251599795,0.0,0.0,0.0,0.5159504276180158
2016-03-22,0.8286521434783936,0.7880891302639402,0.7497524461587032,0.245076477011034,0.12274955038955175,13412.096855312586,13500.0,166,0.21384879390761938,0.0,0.0,0.0,16185,0,0,0,0.0,0.9903094225463841,0.0,0.0,0.0,0.6637975199180752
2016-03-23,0.8428508043289185,0.7933045277939381,0.7503013583181505,0.24947167549543903,0.12731292540727848,13412.096855312586,13500.0,166,0.21999990322048543,0.0,0.0,0.0,15912,0,0,0,0.0,0.9902452924730523,0.0,0.0,0.0,0.6329297457254142
2016-03-24,0.8440744876861572,0.7981397620693876,0.7515107772775904,0.24956722806723364,0.1235329234435385,13412.096855312586,13500.0,166,0.20985692618444865,0.0,0.0,0.0,15889,0,0,0,0.0,0.9901858369997394,0.0,0.0,0.0,0.6835405838273005
2016-03-28,0.8526426553726196,0.8033305138125526,0.7533161931992538,0.24702321434107505,0.12278732619479668,13412.096855312586,13500.0,166,0.2112431493820967,0.0,0.0,0.0,15730,0,0,0,0.0,0.9901220099783049,0.0,0.0,0.0,0.6764977705515498
2016-03-29,0.8663516044616699,0.8093325224458019,0.7554780331674069,0.24602820523370622,0.11842879854489305,13412.096855312586,13500.0,166,0.20027760163664357,0.0,0.0,0.0,15481,0,0,0,0.0,0.9900482075017776,0.0,0.0,0.0,0.7311963549448928
2016-03-30,0.8754090666770935,0.8156255266583058,0.7545279774914138,0.2017673945629326,0.08987961740320768,13412.096855312586,13500.0,166,0.17234601725912863,0.0,0.0,0.0,15320,0,0,0,0.0,0.9899708268573868,0.0,0.0,0.0,0.8707188607047835
2016-03-31,0.8722267150878906,0.821016116032552,0.7546788015834991,0.20372010162879503,0.09073970538963848,13412.096855312586,13500.0,166,0.17228254196186585,0.0,0.0,0.0,15376,0,0,0,0.0,0.9899045425732294,0.0,0.0,0.0,0.8709202396938218
2016-04-01,0.8849566578865051,0.8271056914472141,0.7547569969703125,0.20111404977652694,0.09197950951470399,13912.096855312586,14000.0,166,0.18214930048832326,0.0,0.0,0.0,15720,0,0,0,0.0,0.9901928896585545,0.0,0.0,0.0,0.8220910544608537
2016-04-04,0.876388430595398,0.831799285651803,0.7563965386600419,0.20602502350116922,0.09361686290638041,13912.096855312586,14000.0,166,0.1797604388192462,0.0,0.0,0.0,15874,0,0,0,0.0,0.9901372370415572,0.0,0.0,0.0,0.833937970726494
2016-04-05,0.8751643896102905,0.8359292955526114,0.7590923860677595,0.20310827808846801,0.10256279642126198,13912.096855312586,14000.0,166,0.21647573831271205,0.0,0.0,0.0,15896,0,0,0,0.0,0.9900882669241619,0.0,0.0,0.0,0.6502757755537227
2016-04-06,0.876388430595398,0.8397825465090673,0.764305934837064,0.18425631472496476,0.09676576475369085,13912.096855312586,14000.0,166,0.22915694152853872,0.0,0.0,0.0,15874,0,0,0,0.0,0.9900425783771067,0.0,0.0,0.0,0.586789804517243
2016-04-07,0.8673308491706848,0.8424061943816022,0.7706810829764972,0.19200432164652836,0.10825830162451969,13912.096855312586,14000.0,166,0.2509080203213079,0.0,0.0,0.0,16040,0,0,0,0.0,0.9900114694094753,0.0,0.0,0.0,0.47797996986004243
2016-04-08,0.872961163520813,0.8453161914424795,0.7786225868574137,0.19013241999548874,0.10828291233512156,13912.096855312586,14000.0,166,0.25384431702632493,0.0,0.0,0.0,15936,0,0,0,0.0,0.9899769651586106,0.0,0.0,0.0,0.46323810389594366
2016-04-11,0.878346860408783,0.8484619694392703,0.7853579020514853,0.18562000691693425,0.09358421760893076,13912.096855312586,14000.0,166,0.21590318737391392,0.0,0.0,0.0,15838,0,0,0,0.0,0.9899396652195058,0.0,0.0,0.0,0.6528784772645655
2016-04-12,0.8773677349090576,0.851214899484012,0.7930035127275069,0.1868202862476759,0.09874216072908934,13912.096855312586,14000.0,166,0.23113392541166655,0.0,0.0,0.0,15856,0,0,0,0.0,0.9899070233346896,0.0,0.0,0.0,0.576667663777374
2016-04-13,0.8993996381759644,0.8558039222165789,0.8027894701801541,0.19527105208972986,0.10304315704462542,13912.096855312586,14000.0,166,0.2306081747228081,0.0,0.0,0.0,15468,0,0,0,0.0,0.9898526106365748,0.0,0.0,0.0,0.5792011949999654
2016-04-14,0.9018476009368896,0.8601890344756561,0.8087695556723805,0.17547372835505512,0.1020756198226727,13912.096855312586,14000.0,166,0.25992084683186806,0.0,0.0,0.0,15426,0,0,0,0.0,0.9898006157340744,0.0,0.0,0.0,0.4325468433752899
2016-04-15,0.9089467525482178,0.864832626673043,0.8175190248365466,0.16774103014650021,0.10046501043667938,13912.096855312586,14000.0,166,0.26813656592524554,0.0,0.0,0.0,15305,0,0,0,0.0,0.9897455559980196,0.0,0.0,0.0,0.3913718933703063
2016-04-18,0.9050301909446716,0.8686609661274838,0.8225810447549788,0.14571879555051104,0.10170521013863755,13912.096855312586,14000.0,166,0.3076023157732869,0.0,0.0,0.0,15371,0,0,0,0.0,0.9897001628302027,0.0,0.0,0.0,0.19396370608642033
2016-04-19,0.8888732194900513,0.8705859426382044,0.8283708717975687,0.1659862539846879,0.1019464214161925,13912.096855312586,14000.0,166,0.2750251580344435,0.0,0.0,0.0,15651,0,0,0,0.0,0.9896773381087184,0.0,0.0,0.0,0.35680955151803984
2016-04-20,0.8923004865646362,0.8726539944407217,0.8358210805766781,0.16482513133581966,0.10166797556395797,13912.096855312586,14000.0,166,0.2761768312697327,0.0,0.0,0.0,15591,0,0,0,0.0,0.9896528169230601,0.0,0.0,0.0,0.3510082732666917
2016-04-21,0.8913212418556213,0.874431827527855,0.8411097666059884,0.1577540286187487,0.10055674070350905,13912.096855312586,14000.0,166,0.2849034239079057,0.0,0.0,0.0,15608,0,0,0,0.0,0.9896317369021698,0.0,0.0,0.0,0.3073384200392686
2016-04-22,0.8878942728042603,0.8757139651732269,0.8469947608808404,0.15948592162594857,0.1004711714019922,13912.096855312586,14000.0,166,0.2818024643844846,0.0,0.0,0.0,15668,0,0,0,0.0,0.9896165344129461,0.0,0.0,0.0,0.32281661330023237
2016-04-25,0.8923004865646362,0.8772936338771706,0.851998891068667,0.15726784533267932,0.10107384715858836,13912.096855312586,14000.0,166,0.2870309452968868,0.0,0.0,0.0,15591,0,0,0,0.0,0.9895978040554564,0.0,0.0,0.0,0.2966414306126146
2016-04-26,0.8930350542068481,0.8787928167657113,0.8547538287088221,0.148656922889652,0.0971069128991952,13912.096855312586,14000.0,166,0.2912099610280803,0.0,0.0,0.0,15578,0,0,0,0.0,0.989580028029778,0.0,0.0,0.0,0.2757152439117101
2016-04-27,0.913353443145752,0.8820843049923819,0.8556527544359941,0.16403045893844512,0.09630515517353402,13912.096855312586,14000.0,166,0.2624665940620588,0.0,0.0,0.0,15231,0,0,0,0.0,0.9895410003836618,0.0,0.0,0.0,0.4193637803611139
2016-04-28,0.8861802816390991,0.882474398006355,0.85705319220872,0.19880682815433395,0.10228298144425473,13912.096855312586,14000.0,166,0.2223887136190379,0.0,0.0,0.0,15698,0,0,0,0.0,0.9895363749950675,0.0,0.0,0.0,0.6197450881461786
2016-04-29,0.8697786927223206,0.8812652832173993,0.8545302775471224,0.20317053556675638,0.10152611876783141,13912.096855312586,14000.0,166,0.38562507111874167,0.0,0.0,0.0,15994,0,0,0,0.0,0.9895507116418508,0.06517101441431168,0.0,1.0,0.6676376650045763
2016-05-02,0.8812843561172485,0.8812670996840516,0.8548812164733313,0.2061208759107116,0.10462627869987468,14412.096855312586,14500.0,166,0.21812419952022444,0.0,0.0,0.0,16353,0,0,0,0.0,0.9899110111346515,0.0,0.0,0.0,0.6417232718845178
2016-05-03,0.8707578778266907,0.8802662214119219,0.8533621299484542,0.21066283281684808,0.10277958200465755,14412.096855312586,14500.0,166,0.37376637579364175,0.0,0.0,0.0,16551,0,0,0,0.0,0.9899224694652152,0.05400834062438585,0.0,1.0,0.7080470386885931
2016-05-04,0.8509290218353271,0.8774722024046272,0.846245641536608,0.22524467995328187,0.09792533280990647,14412.096855312586,14500.0,166,0.3660595841242379,0.0,0.0,0.0,16936,0,0,0,0.0,0.9899544561655746,0.1512479853866655,0.0,1.0,0.9168063520952308
2016-05-05,0.8560696840286255,0.8754338673211984,0.8424009766433566,0.22410461196353493,0.08779761998764184,14412.096855312586,14500.0,166,0.335201399760837,0.0,0.0,0.0,16835,0,0,0,0.0,0.989977791587909,0.11059763630019688,0.0,1.0,1.0
2016-05-06,0.8648826479911804,0.8744289892897682,0.8405434198806918,0.2260892020243411,0.08795829189620946,14412.096855312586,14500.0,166,0.31560140380434326,0.0,0.0,0.0,16663,0,0,0,0.0,0.9899892957088205,0.05458614373216024,0.0,1.0,1.0
2016-05-09,0.8636589050292969,0.8734032669792471,0.8382523658425896,0.22477956858525122,0.08725623586979014,14412.096855312586,14500.0,166,0.31602471613674893,0.0,0.0,0.0,16687,0,0,0,0.0,0.9900010384607894,0.055783864787064874,0.0,1.0,1.0
2016-05-10,0.8803052306175232,0.8740605968495591,0.8390153709427625,0.23572241595420065,0.09168180476306274,14412.096855312586,14500.0,166,0.1464977296084855,0.0,0.0,0.0,16371,0,0,0,0.0,0.9899935131671016,0.0,0.0,0.0,1.0
2016-05-11,0.882753312587738,0.8748884745389095,0.8405080662463345,0.21710517277190808,0.09120816371259853,14412.096855312586,14500.0,166,0.14977339544063337,0.0,0.0,0.0,16326,0,0,0,0.0,0.9899840353949338,0.0,0.0,0.0,0.9836050847379672
2016-05-12,0.8707578778266907,0.874495084375841,0.8406915663805743,0.22123227546526153,0.09118687022792134,14412.096855312586,14500.0,166,0.30397471733387854,0.0,0.0,0.0,16551,0,0,0,0.0,0.989988539034042,0.02136779620561109,0.0,1.0,1.0
2016-05-13,1.0031951665878296,0.8867522350626971,0.8237608718704619,0.5894833456693649,0.09556130708782277,14412.096855312586,14500.0,166,0.14644687552709357,0.0,0.0,0.0,14366,0,0,0,0.0,0.989848215791696,0.0,0.0,0.0,1.0
2016-05-16,1.0328161716461182,0.90066308616588,0.8101571169427846,0.5941934725006472,0.09950010939804321,14412.096855312586,14500.0,166,0.14639113618577665,0.0,0.0,0.0,13954,0,0,0,0.0,0.9896889605307906,0.0,0.0,0.0,1.0
2016-05-17,1.0350193977355957,0.9134589253629957,0.8031374343941193,0.5871919893380436,0.10310692727131053,14412.096855312586,14500.0,166,0.14633986458182136,0.0,0.0,0.0,13924,0,0,0,0.0,0.9895424702337754,0.0,0.0,0.0,1.0
2016-05-18,1.0614581108093262,0.9275540858816939,0.7961041571519908,0.5900827765204911,0.10298028635438537,14412.096855312586,14500.0,166,0.14628338673174296,0.0,0.0,0.0,13577,0,0,0,0.0,0.9893811049478372,0.0,0.0,0.0,1.0
2016-05-19,1.06610906124115,0.9407497978206896,0.7922248785595418,0.5891187433563772,0.10236767172652207,14412.096855312586,14500.0,166,0.14623051287907707,0.0,0.0,0.0,13518,0,0,0,0.0,0.9892300367973631,0.0,0.0,0.0,1.0
2016-05-20,1.085203766822815,0.9545073186780348,0.7891767468689062,0.5875927128198085,0.10549895454629986,14412.096855312586,14500.0,166,0.1461753879161935,0.0,0.0,0.0,13280,0,0,0,0.0,0.9890725369034101,0.0,0.0,0.0,1.0
2016-05-23,1.0869171619415283,0.9671177799412246,0.7882754121294018,0.5881525242193938,0.10553386799490752,14412.096855312586,14500.0,166,0.14612485910244238,0.0,0.0,0.0,13259,0,0,0,0.0,0.9889281688641212,0.0,0.0,0.0,1.0
2016-05-24,1.1133017539978027,0.9810400631847083,0.7872785630901418,0.5889153791982762,0.1173684755879322,14412.096855312586,14500.0,166,0.14606907395372193,0.0,0.0,0.0,12945,0,0,0,0.0,0.9887687827249199,0.0,0.0,0.0,1.0
2016-05-25,1.1086382865905762,0.9931922749376481,0.7876165803541157,0.5899681716910111,0.12006257865814321,14412.096855312586,14500.0,166,0.14602038129835326,0.0,0.0,0.0,12999,0,0,0,0.0,0.988629660852438,0.0,0.0,0.0,1.0
2016-05-26,1.1204192638397217,1.0053091310235598,0.7905949229037124,0.5706658782650491,0.11511470663074005,14412.096855312586,14500.0,166,0.1459718303094849,0.0,0.0,0.0,12863,0,0,0,0.0,0.9884909437413855,0.0,0.0,0.0,1.0
2016-05-27,1.1265555620193481,1.0168564101660158,0.7967871646868302,0.5597020453213913,0.11404334806415306,14412.096855312586,14500.0,166,0.14592556155650716,0.0,0.0,0.0,12793,0,0,0,0.0,0.9883587473043063,0.0,0.0,0.0,1.0
2016-05-31,1.1466811895370483,1.0292206748680188,0.8030670120934752,0.5599072109170318,0.11114917417801533,14412.096855312586,14500.0,166,0.14587601922690813,0.0,0.0,0.0,12568,0,0,0,0.0,0.9882171977911661,0.0,0.0,0.0,1.0
2016-06-01,1.1488906145095825,1.0406178119767393,0.8127747164060295,0.553578940939325,0.1058590481362772,14912.096855312586,15000.0,166,0.14596934034161008,0.0,0.0,0.0,12979,0,0,0,0.0,0.9884838295474574,0.0,0.0,0.0,1.0
2016-06-02,1.156989574432373,1.051700836972514,0.8278290046559142,0.5368242364004918,0.10289708078208087,14912.096855312586,15000.0,166,0.1459264120914598,0.0,0.0,0.0,12888,0,0,0,0.0,0.9883611774041708,0.0,0.0,0.0,1.0
2016-06-03,1.1407907009124756,1.060185585919177,0.8456713894261207,0.546374455360342,0.10386817550901875,14912.096855312586,15000.0,166,0.1458935478305397,0.0,0.0,0.0,13071,0,0,0,0.0,0.9882672795158278,0.0,0.0,0.0,1.0
2016-06-06,1.1349003314971924,1.0673012759742262,0.8655208572079648,0.5508683291222435,0.10448295197997368,14912.096855312586,15000.0,166,0.1458659863910598,0.0,0.0,0.0,13139,0,0,0,0.0,0.9881885325458852,0.0,0.0,0.0,1.0
2016-06-07,1.137109637260437,1.0739496913348177,0.8899949718770656,0.5497322171710121,0.1044647283978954,14912.096855312586,15000.0,166,0.14584023486222975,0.0,0.0,0.0,13114,0,0,0,0.0,0.988114956749228,0.0,0.0,0.0,1.0
2016-06-08,1.1334277391433716,1.0796142673165847,0.9160222952204972,0.5528688673087656,0.09618945520302785,14912.096855312586,15000.0,166,0.1458182940712604,0.0,0.0,0.0,13156,0,0,0,0.0,0.9880522687750298,0.0,0.0,0.0,1.0
2016-06-09,1.1628801822662354,1.0875443544546466,0.948838812230459,0.553178392623158,0.0886712189715516,14912.096855312586,15000.0,166,0.14578757820041227,0.0,0.0,0.0,12823,0,0,0,0.0,0.9879645091440352,0.0,0.0,0.0,1.0
2016-06-10,1.1339186429977417,1.0919609533635128,1.0003220593810593,0.5621598185969658,0.09602227385661338,14912.096855312586,15000.0,166,0.14577047124063863,0.0,0.0,0.0,13150,0,0,0,0.0,0.9879156321161104,0.0,0.0,0.0,1.0
2016-06-13,1.1483991146087646,1.0973360163392512,1.0180728032422781,0.22283495084108546,0.09556520729708423,14912.096855312586,15000.0,166,0.1571232937240097,0.0,0.0,0.0,12985,0,0,0,0.0,0.9878561480858457,0.0,0.0,0.0,0.9431317905301813
2016-06-14,1.1506085395812988,1.1024095899813509,1.031486030627538,0.20656714565187698,0.08978227713421094,14912.096855312586,15000.0,166,0.1622706058893986,0.0,0.0,0.0,12960,0,0,0,0.0,0.9878000005375397,0.0,0.0,0.0,0.9172969714937014
2016-06-15,1.1623893976211548,1.1081219526137132,1.0471130485999065,0.20682122114378843,0.08275261835996672,14912.096855312586,15000.0,166,0.14570787430354282,0.0,0.0,0.0,12828,0,0,0,0.0,0.9877367837244082,0.0,0.0,0.0,1.0
2016-06-16,1.1670531034469604,1.1137344431692604,1.058325753332406,0.1933824007168291,0.08321731907880633,14912.096855312586,15000.0,166,0.1583821404122862,0.0,0.0,0.0,12777,0,0,0,0.0,0.9876746721622602,0.0,0.0,0.0,0.9365199742225241
2016-06-17,1.1466811895370483,1.1168722285376211,1.0705246915945374,0.20895306712916456,0.0829133198481278,14912.096855312586,15000.0,166,0.14567398156813094,0.0,0.0,0.0,13004,0,0,0,0.0,0.987639947337517,0.0,0.0,0.0,1.0
2016-06-20,1.1672979593276978,1.121674679089057,1.079788970000416,0.20901517852690601,0.08273913416623944,14912.096855312586,15000.0,166,0.14565538007632833,0.0,0.0,0.0,12774,0,0,0,0.0,0.9875868002180811,0.0,0.0,0.0,1.0
2016-06-21,1.1601803302764893,1.1253418839640505,1.0907020812850157,0.21182279514841726,0.0823013793826009,14912.096855312586,15000.0,166,0.1456411757694459,0.0,0.0,0.0,12853,0,0,0,0.0,0.9875462164841312,0.0,0.0,0.0,1.0
2016-06-22,1.159198522567749,1.1285663257358314,1.0963106549219763,0.19717412174032486,0.06766312788662525,14912.096855312586,15000.0,166,0.1456286864316499,0.0,0.0,0.0,12864,0,0,0,0.0,0.9875105326618568,0.0,0.0,0.0,1.0
2016-06-23,1.1901233196258545,1.1344288965825002,1.101284959775206,0.2138619956235456,0.07896254657168042,14912.096855312586,15000.0,166,0.1456059787405704,0.0,0.0,0.0,12529,0,0,0,0.0,0.987445653544487,0.0,0.0,0.0,1.0
2016-06-24,1.1223832368850708,1.1332816908970307,1.100493610340804,0.30116763985570527,0.15174310050505235,14912.096855312586,15000.0,166,0.38165293696387703,0.0,0.0,0.0,13286,0,0,0,0.0,0.9874583492874062,0.04808360577736584,0.0,1.0,0.6539337365439655
2016-06-27,1.1103568077087402,1.131098368688622,1.0952342641984778,0.30292784766767644,0.16143767724719063,14912.096855312586,15000.0,166,0.41496984914517254,0.0,0.0,0.0,13430,0,0,0,0.0,0.9874825113865126,0.0916876973482387,0.0,1.0,0.5636986195599518
2016-06-28,1.1265555620193481,1.1306657204344055,1.0934232464866263,0.3005002960809128,0.17656160909855848,14912.096855312586,15000.0,166,0.41832256867339546,0.0,0.0,0.0,13236,0,0,0,0.0,0.9874872993605259,0.01817583367380332,0.0,1.0,0.41829763944309883
2016-06-29,1.1449631452560425,1.1320273799412282,1.094763118154227,0.30647469557030227,0.18823549054809283,14912.096855312586,15000.0,166,0.274257760417032,0.0,0.0,0.0,13024,0,0,0,0.0,0.9874722303286504,0.0,0.0,0.0,0.3567876009899782
2016-06-30,1.1537994146347046,1.1341009070548926,1.0969750283777702,0.3066873810587733,0.1945936320030475,14912.096855312586,15000.0,166,0.2829338873189973,0.0,0.0,0.0,12924,0,0,0,0.0,0.9874492832952592,0.0,0.0,0.0,0.3133668091717168
2016-07-01,1.145208716392517,1.135158793658476,1.0981523984696664,0.30357323261815433,0.19442032242041735,15412.096855312586,15500.0,166,0.28550707336006653,0.0,0.0,0.0,13457,0,0,0,0.0,0.9878428155001737,0.0,0.0,0.0,0.301189560324971
2016-07-05,1.1621438264846802,1.1377287967847811,1.100727168189517,0.3069915526353544,0.19509562064625818,15412.096855312586,15500.0,166,0.28347801074518686,0.0,0.0,0.0,13261,0,0,0,0.0,0.9878152915957242,0.0,0.0,0.0,0.31128670656658297
2016-07-06,1.1695070266723633,1.1407552948693127,1.1031567406304912,0.30749635303317985,0.19609969777639832,15412.096855312586,15500.0,166,0.2843804524656223,0.0,0.0,0.0,13178,0,0,0,0.0,0.9877828787775287,0.0,0.0,0.0,0.3067177755325634
2016-07-07,1.1999411582946777,1.1463920437669666,1.1038428908458715,0.3187433294875794,0.19566236677941956,15412.096855312586,15500.0,166,0.2741949280809981,0.0,0.0,0.0,12844,0,0,0,0.0,0.9877225110151409,0.0,0.0,0.0,0.3575397538715057
2016-07-08,1.2480467557907104,1.156073444912085,1.0962979986431856,0.3356861156472337,0.20330568662954987,15412.096855312586,15500.0,166,0.2704766185433371,0.0,0.0,0.0,12348,0,0,0,0.0,0.9876188263319092,0.0,0.0,0.0,0.37594985336415565
2016-07-11,1.2767629623413086,1.1675676846672494,1.0889591580333025,0.3243226349038155,0.20031507209510188,15412.096855312586,15500.0,166,0.2757797431323313,0.0,0.0,0.0,12071,0,0,0,0.0,0.9874957267319507,0.0,0.0,0.0,0.34921880611925715
2016-07-12,1.2959071397781372,1.1797904899159053,1.0825076948399937,0.3250200198957686,0.19832386284462503,15412.096855312586,15500.0,166,0.2724385789197023,0.0,0.0,0.0,11892,0,0,0,0.0,0.987364824430578,0.0,0.0,0.0,0.36569554815499994
2016-07-13,1.2954161167144775,1.1908024543729123,1.0799184399319932,0.3255300627573171,0.19797646591725637,15412.096855312586,15500.0,166,0.2714886340582438,0.0,0.0,0.0,11897,0,0,0,0.0,0.9872468898434901,0.0,0.0,0.0,0.3702388869348885
2016-07-14,1.3086696863174438,1.2020279050342964,1.077616797898252,0.3255287839444232,0.19780105834223913,15412.096855312586,15500.0,166,0.27120461200933127,0.0,0.0,0.0,11776,0,0,0,0.0,0.9871266688880198,0.0,0.0,0.0,0.3714486105073782
2016-07-15,1.2934527397155762,1.2107350321467991,1.0781274401671548,0.33156673842801265,0.19808732089789388,15412.096855312586,15500.0,166,0.2664881466779761,0.0,0.0,0.0,11915,0,0,0,0.0,0.9870334183653956,0.0,0.0,0.0,0.39486774874956154
2016-07-18,1.300079345703125,1.2192440143902585,1.08051511970063,0.32045621627428006,0.19709118138338577,15412.096855312586,15500.0,166,0.2744416780824718,0.0,0.0,0.0,11854,0,0,0,0.0,0.9869422899104011,0.0,0.0,0.0,0.3549406169308429
2016-07-19,1.313578486442566,1.2282282498238117,1.081876759761712,0.31796979591804053,0.19707494010464127,15412.096855312586,15500.0,166,0.2764884397147397,0.0,0.0,0.0,11732,0,0,0,0.0,0.9868460716470482,0.0,0.0,0.0,0.34453842680863556
2016-07-20,1.3307592868804932,1.2379931104958768,1.0838982928417147,0.3154786664173008,0.19723009871753658,15412.096855312586,15500.0,166,0.27876847955757317,0.0,0.0,0.0,11581,0,0,0,0.0,0.9867414931392055,0.0,0.0,0.0,0.33295521520574356
2016-07-21,1.306215524673462,1.2444904832746946,1.0880654849239548,0.3272993392988675,0.19784011071923993,15412.096855312586,15500.0,166,0.26960801793627737,0.0,0.0,0.0,11799,0,0,0,0.0,0.986671908372671,0.0,0.0,0.0,0.3786357499707873
2016-07-22,1.3418036699295044,1.2537584058132478,1.0898611018336788,0.3277762777462329,0.19352438778290781,15412.096855312586,15500.0,166,0.2630136308811043,0.0,0.0,0.0,11486,0,0,0,0.0,0.9865726519119355,0.0,0.0,0.0,0.41143398644036555
2016-07-25,1.3665928840637207,1.2645045465990072,1.0987031495035564,0.22974870056661295,0.13572707432995137,15412.096855312586,15500.0,166,0.2631392052558847,0.0,0.0,0.0,11277,0,0,0,0.0,0.986457564210617,0.0,0.0,0.0,0.4106047110891562
2016-07-26,1.389909267425537,1.276447853344391,1.1111241372054346,0.21737000700679138,0.11096093804945056,15412.096855312586,15500.0,166,0.21871909030052317,0.0,0.0,0.0,11088,0,0,0,0.0,0.9863296552480536,0.0,0.0,0.0,0.6324814451814778
2016-07-27,1.3759194612503052,1.285921339811621,1.1249292258116894,0.2298030151039391,0.09978173222254712,15412.096855312586,15500.0,166,0.16133703865435142,0.0,0.0,0.0,11201,0,0,0,0.0,0.9862281972639529,0.0,0.0,0.0,0.9192141519401604
2016-07-28,1.3788645267486572,1.2947730719008625,1.138394571974963,0.23025468323619763,0.08523832347256997,15412.096855312586,15500.0,166,0.14514668932403607,0.0,0.0,0.0,11177,0,0,0,0.0,0.9861333980686746,0.0,0.0,0.0,1.0
2016-07-29,1.401444673538208,1.3049322720568004,1.1523327890560213,0.2314453313095111,0.07424510159123772,15412.096855312586,15500.0,166,0.145108608709258,0.0,0.0,0.0,10997,0,0,0,0.0,0.9860245963121659,0.0,0.0,0.0,1.0
2016-08-01,1.3923633098602295,1.3132590375618889,1.1721403801641386,0.23051071955334018,0.0750124269245171,15912.096855312586,16000.0,166,0.14523122811985334,0.0,0.0,0.0,11428,0,0,0,0.0,0.9863749374852954,0.0,0.0,0.0,1.0
2016-08-02,1.375428318977356,1.319179921506219,1.1928045320899963,0.2424985558351453,0.07430317019089226,15912.096855312586,16000.0,166,0.1452097279100305,0.0,0.0,0.0,11568,0,0,0,0.0,0.986313508314373,0.0,0.0,0.0,1.0
2016-08-03,1.3791099786758423,1.324887545998564,1.2169550874746955,0.24329231234641038,0.07323628638873285,15912.096855312586,16000.0,166,0.1451890020985927,0.0,0.0,0.0,11537,0,0,0,0.0,0.9862542917102649,0.0,0.0,0.0,1.0
2016-08-04,1.4046356678009033,1.3324826052178345,1.2378881069584116,0.23746028299249897,0.07286812062882934,15912.096855312586,16000.0,166,0.1451614225398027,0.0,0.0,0.0,11328,0,0,0,0.0,0.9861754929708649,0.0,0.0,0.0,1.0
2016-08-05,1.4284430742263794,1.3416216975043624,1.24906171030499,0.20843167014225028,0.058761418919357385,15912.096855312586,16000.0,166,0.14512823621093723,0.0,0.0,0.0,11139,0,0,0,0.0,0.9860806748883922,0.0,0.0,0.0,1.0
2016-08-08,1.4416961669921875,1.3511525993603457,1.2558794525361476,0.19983866077435444,0.05864139590482572,15912.096855312586,16000.0,166,0.1450936271235727,0.0,0.0,0.0,11037,0,0,0,0.0,0.9859817917816364,0.0,0.0,0.0,1.0
2016-08-09,1.4453778266906738,1.3601264305346628,1.2613215035606073,0.19741561399020344,0.05421445278434807,15912.096855312586,16000.0,166,0.14506104089912097,0.0,0.0,0.0,11008,0,0,0,0.0,0.9858886882832029,0.0,0.0,0.0,1.0
2016-08-10,1.4360514879226685,1.3673573883811394,1.2689337845590547,0.20097839650257665,0.055647502078815775,15912.096855312586,16000.0,166,0.14503478348344095,0.0,0.0,0.0,11080,0,0,0,0.0,0.9858136670955456,0.0,0.0,0.0,1.0
2016-08-11,1.4652585983276367,1.3766813131379485,1.2741468659090371,0.20740546658369502,0.05508559230245273,15912.096855312586,16000.0,166,0.1450009259816678,0.0,0.0,0.0,10859,0,0,0,0.0,0.9857169313761938,0.0,0.0,0.0,1.0
2016-08-12,1.5472344160079956,1.3929244657922386,1.273247023100639,0.26345059089671335,0.05504146760025113,15912.096855312586,16000.0,166,0.14494194303359192,0.0,0.0,0.0,10284,0,0,0,0.0,0.9855484086674056,0.0,0.0,0.0,1.0
2016-08-15,1.5457614660263062,1.4074803705764356,1.277152427065229,0.26554924512489225,0.05524473210472566,15912.096855312586,16000.0,166,0.14488908690434427,0.0,0.0,0.0,10294,0,0,0,0.0,0.9853973911552695,0.0,0.0,0.0,1.0
2016-08-16,1.5364352464675903,1.4197617873279742,1.2837568941316007,0.270615305136855,0.05890567988645054,15912.096855312586,16000.0,166,0.14484449000976524,0.0,0.0,0.0,10356,0,0,0,0.0,0.9852699714564722,0.0,0.0,0.0,1.0
2016-08-17,1.5008466243743896,1.4274841527609663,1.2922487688123363,0.29137884973211636,0.057376028870496226,15912.096855312586,16000.0,166,0.14481644817028672,0.0,0.0,0.0,10602,0,0,0,0.0,0.985189851915105,0.0,0.0,0.0,1.0
2016-08-18,1.524163007736206,1.4366916627586082,1.3060217891756227,0.2779322763902935,0.055921031104751606,15912.096855312586,16000.0,166,0.14478301339960775,0.0,0.0,0.0,10439,0,0,0,0.0,0.9850943239988794,0.0,0.0,0.0,1.0
2016-08-19,1.5280901193618774,1.4453962776732052,1.3158044984889206,0.2687893752683322,0.05419015569298414,15912.096855312586,16000.0,166,0.14475140476669912,0.0,0.0,0.0,10413,0,0,0,0.0,0.9850040136191405,0.0,0.0,0.0,1.0
2016-08-22,1.5344716310501099,1.453879644661482,1.3234305320182032,0.2652185724379935,0.05294330041820164,15912.096855312586,16000.0,166,0.14472059954032296,0.0,0.0,0.0,10369,0,0,0,0.0,0.9849159986866372,0.0,0.0,0.0,1.0
2016-08-23,1.5468889474868774,1.4627376735019957,1.329060536321184,0.26212311906039437,0.05325489164017475,15912.096855312586,16000.0,166,0.14468843382309582,0.0,0.0,0.0,10286,0,0,0,0.0,0.9848240966374168,0.0,0.0,0.0,1.0
2016-08-24,1.5230374336242676,1.468480507799355,1.3379980831733618,0.2669813539180844,0.05669748853114123,15912.096855312586,16000.0,166,0.14466758015605358,0.0,0.0,0.0,10447,0,0,0,0.0,0.9847645147315817,0.0,0.0,0.0,1.0
2016-08-25,1.5129565000534058,1.472716316585455,1.3475839892080985,0.2701154298247463,0.05670815778645284,15912.096855312586,16000.0,166,0.14465219887539904,0.0,0.0,0.0,10517,0,0,0,0.0,0.9847205682154259,0.0,0.0,0.0,1.0
2016-08-26,1.525250792503357,1.4777196000062076,1.3553745048466996,0.2669899780879605,0.056674403777360466,15912.096855312586,16000.0,166,0.14463403070247743,0.0,0.0,0.0,10432,0,0,0,0.0,0.9846686591499356,0.0,0.0,0.0,1.0
2016-08-29,1.5242674350738525,1.482152727155507,1.3655384353639004,0.2646368112015868,0.05951616427723185,15912.096855312586,16000.0,166,0.14461793290951652,0.0,0.0,0.0,10439,0,0,0,0.0,0.9846226654557616,0.0,0.0,0.0,1.0
2016-08-30,1.515415072441101,1.4853205695636589,1.3805115521923212,0.2602011388049441,0.05492477846872417,15912.096855312586,16000.0,166,0.14460642968177195,0.0,0.0,0.0,10500,0,0,0,0.0,0.984589799090777,0.0,0.0,0.0,1.0
2016-08-31,1.5082839727401733,1.4875075603423744,1.3974349103161334,0.26237956014416486,0.054830968675874815,15912.096855312586,16000.0,166,0.14459848817150672,0.0,0.0,0.0,10549,0,0,0,0.0,0.9845671090614478,0.0,0.0,0.0,1.0
2016-09-01,1.5527904033660889,1.4937249739636806,1.412662768770354,0.272802872140902,0.05483581558024494,16412.096855312586,16500.0,166,0.14474027751592178,0.0,0.0,0.0,10569,0,0,0,0.0,0.9849722214740624,0.0,0.0,0.0,1.0
2016-09-02,1.5375454425811768,1.4978983519272517,1.4248452002010952,0.27400953654534904,0.04759117183693634,16412.096855312586,16500.0,166,0.1447255821668501,0.0,0.0,0.0,10674,0,0,0,0.0,0.9849302347624289,0.0,0.0,0.0,1.0
2016-09-06,1.552052617073059,1.5030559009887572,1.4361359800762012,0.27405161039974424,0.048665013692737125,16412.096855312586,16500.0,166,0.14470742134257897,0.0,0.0,0.0,10574,0,0,0,0.0,0.9848783466930828,0.0,0.0,0.0,1.0
2016-09-07,1.5291850566864014,1.5055443920075806,1.4479551184638548,0.28188087769150344,0.04866462793560959,16412.096855312586,16500.0,166,0.14469865883783994,0.0,0.0,0.0,10732,0,0,0,0.0,0.9848533109652571,0.0,0.0,0.0,1.0
2016-09-08,1.5402500629425049,1.5088496940013831,1.4675697361853521,0.27999398417223026,0.04819621472004895,16412.096855312586,16500.0,166,0.14468702016839508,0.0,0.0,0.0,10655,0,0,0,0.0,0.9848200576239861,0.0,0.0,0.0,1.0
2016-09-09,1.4635324478149414,1.5045337657931506,1.4627022630961841,0.3306814323071849,0.09767492503208856,16412.096855312586,16500.0,166,0.3423929427224846,0.0,0.0,0.0,11214,0,0,0,0.0,0.984863478477475,0.13625921501533847,0.0,1.0,1.0
2016-09-12,1.4937769174575806,1.5035093040469056,1.460202372744124,0.26983757448589235,0.113022941115978,16412.096855312586,16500.0,166,0.30812403397821636,0.0,0.0,0.0,10986,0,0,0,0.0,0.9848737851835281,0.03236556821806486,0.0,1.0,0.9895486985617055
2016-09-13,1.47213876247406,1.5005216334209204,1.4524777210145248,0.27364413377557606,0.12298042557803979,16412.096855312586,16500.0,166,0.35696765618145965,0.0,0.0,0.0,11148,0,0,0,0.0,0.984903842960735,0.09457668025136184,0.0,1.0,0.8542526347138708
2016-09-14,1.4851711988449097,1.4990596872708242,1.4490383108694547,0.2760376389298196,0.12206808798871042,16412.096855312586,16500.0,166,0.334044635302701,0.0,0.0,0.0,11050,0,0,0,0.0,0.9849185510250329,0.046324000784784526,0.0,1.0,0.8844512891536755
2016-09-15,1.5414795875549316,1.5030996777740726,1.4527983566178246,0.29695676373854984,0.1281578498174094,16412.096855312586,16500.0,166,0.15852105989744286,0.0,0.0,0.0,10646,0,0,0,0.0,0.9848779062720912,0.0,0.0,0.0,0.9309310364889449
2016-09-16,1.5451676845550537,1.5071061546103566,1.4556228795993031,0.2923489036622455,0.12807193336361522,16412.096855312586,16500.0,166,0.1642443289703191,0.0,0.0,0.0,10621,0,0,0,0.0,0.9848375986869503,0.0,0.0,0.0,0.9022441528505676
2016-09-19,1.5655767917633057,1.512674786720161,1.4575911001290989,0.2956010735346955,0.12811751093693002,16412.096855312586,16500.0,166,0.16012935245531634,0.0,0.0,0.0,10483,0,0,0,0.0,0.9847815748729972,0.0,0.0,0.0,0.9227209937511631
2016-09-20,1.5513148307800293,1.5163547909163388,1.4600606477420233,0.2976877884017461,0.12819336881608182,16412.096855312586,16500.0,166,0.15763096859886405,0.0,0.0,0.0,10579,0,0,0,0.0,0.984744551800478,0.0,0.0,0.0,0.9351481226565161
2016-09-21,1.5948374271392822,1.5238293276994763,1.4599168589246172,0.312324459064669,0.1346806384595916,16412.096855312586,16500.0,166,0.15813420133578263,0.0,0.0,0.0,10290,0,0,0,0.0,0.9846693534304174,0.0,0.0,0.0,0.9325003618243173
2016-09-22,1.598771333694458,1.5309666616037603,1.4594468175257418,0.3056952248499164,0.1356579435264135,16412.096855312586,16500.0,166,0.16903803376346044,0.0,0.0,0.0,10265,0,0,0,0.0,0.9845975475256834,0.0,0.0,0.0,0.8778555393526435
2016-09-23,1.5970499515533447,1.5372603082656255,1.4603924291899437,0.3041057841931125,0.1371527056794605,16412.096855312586,16500.0,166,0.17504051670708393,0.0,0.0,0.0,10276,0,0,0,0.0,0.9845342296259337,0.0,0.0,0.0,0.8477323183099643
2016-09-26,1.582051157951355,1.5415261034737902,1.4619766818485942,0.3064486178961901,0.14034479794387725,16412.096855312586,16500.0,166,0.18064846262870504,0.0,0.0,0.0,10373,0,0,0,0.0,0.9844913131408092,0.0,0.0,0.0,0.8196174848528908
2016-09-27,1.6361461877822876,1.5505375400745995,1.459947325361893,0.32672904664840896,0.14106697340452484,16412.096855312586,16500.0,166,0.1585190372515735,0.0,0.0,0.0,10030,0,0,0,0.0,0.9844006526271283,0.0,0.0,0.0,0.9301059558396068
2016-09-28,1.6420484781265259,1.5592528675081165,1.459572288861057,0.3247797978784695,0.1423721432657416,16412.096855312586,16500.0,166,0.1643089959520811,0.0,0.0,0.0,9994,0,0,0,0.0,0.9843129711511305,0.0,0.0,0.0,0.9010027197540726
2016-09-29,1.6572932004928589,1.568590042078092,1.4599914832696563,0.32347411331107256,0.14595320359087408,16412.096855312586,16500.0,166,0.17509558004066147,0.0,0.0,0.0,9902,0,0,0,0.0,0.9842190335160629,0.0,0.0,0.0,0.8469054084498024
2016-09-30,1.684833288192749,1.579660827422345,1.4569753298897905,0.31356265737851113,0.1489653079915484,16412.096855312586,16500.0,166,0.19361476875921924,0.0,0.0,0.0,9741,0,0,0,0.0,0.9841076547059328,0.0,0.0,0.0,0.754114551939286
2016-10-03,1.683111548423767,1.5895132770415281,1.4564788178379482,0.3098518379852183,0.1485166173301833,16912.096855312586,17000.0,166,0.19684912082119776,0.0,0.0,0.0,10048,0,0,0,0.0,0.9844788703535945,0.0,0.0,0.0,0.7385924190128015
2016-10-04,1.6794233322143555,1.5980761394389402,1.4568742404529624,0.3102508905489264,0.1487983094845506,16912.096855312586,17000.0,166,0.19703115413428313,0.0,0.0,0.0,10070,0,0,0,0.0,0.9843952565207728,0.0,0.0,0.0,0.7375359282399365
2016-10-05,1.67770254611969,1.6056596067418687,1.4595447789778622,0.302923211888221,0.14988410202148925,16912.096855312586,17000.0,166,0.2076708138818882,0.0,0.0,0.0,10080,0,0,0,0.0,0.9843212061929911,0.0,0.0,0.0,0.6842080414282932
2016-10-06,1.6558181047439575,1.6104366065515914,1.4625736774573344,0.30926454137114995,0.14979482972969824,16912.096855312586,17000.0,166,0.20039817011484307,0.0,0.0,0.0,10213,0,0,0,0.0,0.9842745601948492,0.0,0.0,0.0,0.7204896297667707
2016-10-07,1.643769383430481,1.6136111567305333,1.4767334725014711,0.2407275352086847,0.12060703388488579,16912.096855312586,17000.0,166,0.2118242518085285,0.0,0.0,0.0,10288,0,0,0,0.0,0.984243561646043,0.0,0.0,0.0,0.6633049738379324
2016-10-10,1.6499167680740356,1.6170688340013433,1.4879597856382571,0.23440202466159585,0.10987371697305029,16912.096855312586,17000.0,166,0.18891065078076302,0.0,0.0,0.0,10250,0,0,0,0.0,0.9842097984444574,0.0,0.0,0.0,0.7778138933739853
2016-10-11,1.6260652542114258,1.617925635926113,1.5054286539041437,0.2343695538922119,0.1058192048733637,16912.096855312586,17000.0,166,0.1753353110314091,0.0,0.0,0.0,10400,0,0,0,0.0,0.9842014320256627,0.0,0.0,0.0,0.8456759508878642
2016-10-12,1.6334418058395386,1.6194033663940584,1.5247731262565434,0.23395012718420194,0.10581642816109299,16912.096855312586,17000.0,166,0.1759811942758996,0.0,0.0,0.0,10353,0,0,0,0.0,0.9841870024222698,0.0,0.0,0.0,0.8424212828594739
2016-10-13,1.6068857908248901,1.6182112163398519,1.5311194469305651,0.21030140823844898,0.09985458039525645,16912.096855312586,17000.0,166,0.3557045165244429,0.0,0.0,0.0,10524,0,0,0,0.0,0.9841986434169168,0.034993656577718364,0.0,1.0,0.7550639423683969
2016-10-14,1.6226234436035156,1.6186314284602008,1.5401267533475838,0.21204261123154536,0.09902781745872027,16912.096855312586,17000.0,166,0.1875942720633962,0.0,0.0,0.0,10422,0,0,0,0.0,0.9841945401691533,0.0,0.0,0.0,0.784369084979037
2016-10-17,1.6132792234420776,1.6181216946489512,1.5450771822641522,0.21005631602407748,0.09956287426240715,16912.096855312586,17000.0,166,0.34807603857762964,0.0,0.0,0.0,10483,0,0,0,0.0,0.9841995175698984,0.014963247890709786,0.0,1.0,0.7581546466679159
2016-10-18,1.6378681659698486,1.6200023109652273,1.5575528375789736,0.2113942292710497,0.10215295509293629,16912.096855312586,17000.0,166,0.19956519203203227,0.0,0.0,0.0,10325,0,0,0,0.0,0.9841811539046925,0.0,0.0,0.0,0.7244910591730505
2016-10-19,1.634425401687622,1.6213759386530744,1.5620058479411385,0.18959142503717777,0.09418808842956852,16912.096855312586,17000.0,166,0.2089749834155923,0.0,0.0,0.0,10347,0,0,0,0.0,0.9841677408343288,0.0,0.0,0.0,0.6774186293821136
2016-10-20,1.6654075384140015,1.625569424344591,1.5680482049532205,0.19970921575242706,0.09059375780110894,16912.096855312586,17000.0,166,0.17703640033269455,0.0,0.0,0.0,10154,0,0,0,0.0,0.9841267926799293,0.0,0.0,0.0,0.8370398855264034
2016-10-21,1.6607356071472168,1.6289185846115077,1.5747977931436359,0.2001697393598855,0.08872261379814056,16912.096855312586,17000.0,166,0.16841128576677278,0.0,0.0,0.0,10183,0,0,0,0.0,0.98409408911497,0.0,0.0,0.0,0.8801082271173335
2016-10-24,1.7386828660964966,1.6393723257053163,1.5784801272826834,0.2509498425436091,0.08522227136759208,16912.096855312586,17000.0,166,0.14439720399273648,0.0,0.0,0.0,9726,0,0,0,0.0,0.9839920114078187,0.0,0.0,0.0,1.0
2016-10-25,1.7672057151794434,1.6515469342266618,1.5725395391263266,0.23046976473425668,0.08288891659581059,16912.096855312586,17000.0,166,0.1443555954777312,0.0,0.0,0.0,9569,0,0,0,0.0,0.983873129936375,0.0,0.0,0.0,1.0
2016-10-26,1.774336576461792,1.6632411858681027,1.5694515500082742,0.23046611392080524,0.08022168958565239,16912.096855312586,17000.0,166,0.14431562865300368,0.0,0.0,0.0,9531,0,0,0,0.0,0.983758939008582,0.0,0.0,0.0,1.0
2016-10-27,1.7379447221755981,1.6703558083735783,1.5712904718639131,0.24516903864717926,0.07414324648553192,16912.096855312586,17000.0,166,0.14429131338432322,0.0,0.0,0.0,9731,0,0,0,0.0,0.9836894668123521,0.0,0.0,0.0,1.0
2016-10-28,1.7349942922592163,1.676511854457925,1.5733743742666182,0.23973137636222594,0.06768278228688002,16912.096855312586,17000.0,166,0.14427027419152905,0.0,0.0,0.0,9747,0,0,0,0.0,0.9836293548329402,0.0,0.0,0.0,1.0
2016-10-31,1.749747395515442,1.6834866678919742,1.574711384665429,0.24074509997051904,0.0671862810482676,16912.096855312586,17000.0,166,0.14424643674091037,0.0,0.0,0.0,9665,0,0,0,0.0,0.9835612478311725,0.0,0.0,0.0,1.0
2016-11-01,1.6978650093078613,1.6848560337411063,1.5756294832781768,0.26561158000071594,0.06897609544232665,17412.096855312586,17500.0,166,0.1444062779679795,0.0,0.0,0.0,10255,0,0,0,0.0,0.9840179370513701,0.0,0.0,0.0,1.0
2016-11-02,1.6907342672348022,1.6854158655024105,1.5760021768196975,0.2661201928917029,0.06885864602423865,17412.096855312586,17500.0,166,0.14440441932653197,0.0,0.0,0.0,10298,0,0,0,0.0,0.9840126266472343,0.0,0.0,0.0,1.0
2016-11-03,1.67106294631958,1.6840489208183316,1.5750474921278779,0.2652128530149425,0.06924204614755317,17412.096855312586,17500.0,166,0.3079034915550744,0.0,0.0,0.0,10419,0,0,0,0.0,0.9840255930939519,0.03855581134911807,0.0,1.0,1.0
2016-11-04,1.6614736318588257,1.6818988932983787,1.5737788155460588,0.26466338616388696,0.06899444075124408,17412.096855312586,17500.0,166,0.31566838834275796,0.0,0.0,0.0,10479,0,0,0,0.0,0.9840459876407125,0.06072083619573876,0.0,1.0,1.0
2016-11-07,1.7524527311325073,1.6886183064254385,1.5765981605307713,0.32711113080369053,0.10758544448922117,17412.096855312586,17500.0,166,0.1443937872226675,0.0,0.0,0.0,9935,0,0,0,0.0,0.9839822492076216,0.0,0.0,0.0,1.0
2016-11-08,1.749747395515442,1.6944401244340104,1.582198759264091,0.3210122672825204,0.09923067665635263,17412.096855312586,17500.0,166,0.14437445878687905,0.0,0.0,0.0,9951,0,0,0,0.0,0.9839270251053688,0.0,0.0,0.0,1.0
2016-11-09,1.7202410697937012,1.6968973573254094,1.5871875596451872,0.32929748495183947,0.10662556471798554,17412.096855312586,17500.0,166,0.14436630077367962,0.0,0.0,0.0,10121,0,0,0,0.0,0.9839037164962275,0.0,0.0,0.0,1.0
2016-11-10,1.666391134262085,1.6939920027479498,1.5912685034954617,0.3448083299343067,0.10581743657650394,17412.096855312586,17500.0,166,0.32288937505107634,0.0,0.0,0.0,10448,0,0,0,0.0,0.983931275859648,0.08146693857199867,0.0,1.0,1.0
2016-11-11,2.1630871295928955,1.738667729114135,1.5107098938336727,1.1069121645250735,0.1060961047871024,17412.096855312586,17500.0,166,0.144227623139341,0.0,0.0,0.0,8049,0,0,0,0.0,0.9835074946838316,0.0,0.0,0.0,1.0
2016-11-14,2.0566165447235107,1.7689485686959803,1.503365060946001,1.1290111516728651,0.10521436563298948,17412.096855312586,17500.0,166,0.1441270907519293,0.0,0.0,0.0,8466,0,0,0,0.0,0.9832202592912267,0.0,0.0,0.0,1.0
2016-11-15,2.119319438934326,1.8023172230043942,1.4943206661145605,1.130479342305787,0.10618985725158422,17412.096855312586,17500.0,166,0.1440163068196254,0.0,0.0,0.0,8215,0,0,0,0.0,0.9829037337703583,0.0,0.0,0.0,1.0
2016-11-16,2.253081798553467,1.8452471825804964,1.4765587135869058,1.1410143557222034,0.1064565964416985,17412.096855312586,17500.0,166,0.14387377935383272,0.0,0.0,0.0,7728,0,0,0,0.0,0.9824965124395222,0.0,0.0,0.0,1.0
2016-11-17,2.2717702388763428,1.8858684260372438,1.4678898554261506,1.1415611014193068,0.10699958888911709,17412.096855312586,17500.0,166,0.14373891682555628,0.0,0.0,0.0,7664,0,0,0,0.0,0.982111190930161,0.0,0.0,0.0,1.0
2016-11-18,2.295621633529663,1.9248925410365219,1.467100875359849,1.1393551341429309,0.10764202660156928,17412.096855312586,17500.0,166,0.14360935676375874,0.0,0.0,0.0,7584,0,0,0,0.0,0.981741019325025,0.0,0.0,0.0,1.0
2016-11-21,2.28627872467041,1.9593102728111778,1.468658273244014,1.1368163813638534,0.10932391113728247,17412.096855312586,17500.0,166,0.14349508989426685,0.0,0.0,0.0,7615,0,0,0,0.0,0.9814145425550482,0.0,0.0,0.0,1.0
2016-11-22,2.3027524948120117,1.9920190558588762,1.4722239282159575,1.1372296726009616,0.1078193996277517,17412.096855312586,17500.0,166,0.1433864967345485,0.0,0.0,0.0,7561,0,0,0,0.0,0.9811042763844243,0.0,0.0,0.0,1.0
2016-11-23,2.314079999923706,2.0226915267221934,1.4787673798436145,1.1371165504800336,0.107213236217243,17412.096855312586,17500.0,166,0.14328466413128232,0.0,0.0,0.0,7524,0,0,0,0.0,0.9808133260893781,0.0,0.0,0.0,1.0
2016-11-25,2.3187599182128906,2.050888516387974,1.4916528636508928,1.1304535778826241,0.1061541881330384,17412.096855312586,17500.0,166,0.1431910501255919,0.0,0.0,0.0,7509,0,0,0,0.0,0.9805458575016912,0.0,0.0,0.0,1.0
2016-11-28,2.3175275325775146,2.076282708406026,1.5087979314031104,1.1302108136679203,0.10775071455726978,17412.096855312586,17500.0,166,0.14310674140809193,0.0,0.0,0.0,7513,0,0,0,0.0,0.9803049754516914,0.0,0.0,0.0,1.0
2016-11-29,2.29634952545166,2.0972414528865624,1.5284496758523098,1.1336282120104924,0.10753639721277244,17412.096855312586,17500.0,166,0.14303715837641656,0.0,0.0,0.0,7582,0,0,0,0.0,0.9801061667897617,0.0,0.0,0.0,1.0
2016-11-30,2.270493984222412,2.113741693966167,1.5578982110714017,1.1257057825306631,0.10408582230317867,17412.096855312586,17500.0,166,0.14298237757603233,0.0,0.0,0.0,7668,0,0,0,0.0,0.9799496502172352,0.0,0.0,0.0,1.0
2016-12-01,2.1581995487213135,2.117975775371419,1.5886335864663357,1.1480876344897746,0.10131079335317597,17912.096855312586,18000.0,166,0.14316364485838445,0.0,0.0,0.0,8299,0,0,0,0.0,0.9804675567382414,0.0,0.0,0.0,1.0
2016-12-02,2.17814564704895,2.1237062393407076,1.6299102178578901,1.1441863235354275,0.09854222641560181,17912.096855312586,18000.0,166,0.143145148194128,0.0,0.0,0.0,8223,0,0,0,0.0,0.9804147091260801,0.0,0.0,0.0,1.0
2016-12-05,2.2626123428344727,2.1369353920543994,1.6861764584013246,1.1441518664589574,0.09799237677260556,17912.096855312586,18000.0,166,0.14310244742897993,0.0,0.0,0.0,7916,0,0,0,0.0,0.9802927069399427,0.0,0.0,0.0,1.0
2016-12-06,2.299797296524048,2.1524460496229376,1.7349273798786315,1.135744920741326,0.06613117440757905,17912.096855312586,18000.0,166,0.1430523824731615,0.0,0.0,0.0,7788,0,0,0,0.0,0.9801496642090329,0.0,0.0,0.0,1.0
2016-12-07,2.3411686420440674,2.170419629853521,1.7951053632965706,1.133907308007979,0.07719360321680335,17912.096855312586,18000.0,166,0.1429943677503061,0.0,0.0,0.0,7650,0,0,0,0.0,0.9799839078580175,0.0,0.0,0.0,1.0
2016-12-08,2.302013397216797,2.1829523696024045,1.87905836340104,1.1338529291157307,0.06995410041011141,17912.096855312586,18000.0,166,0.14295391485144998,0.0,0.0,0.0,7781,0,0,0,0.0,0.9798683281470001,0.0,0.0,0.0,1.0
2016-12-09,2.261134386062622,2.190398275931949,2.036989194496301,1.1272362215512575,0.07141580048734933,17912.096855312586,18000.0,166,0.14292988112046406,0.0,0.0,0.0,7921,0,0,0,0.0,0.9797996603441831,0.0,0.0,0.0,1.0
2016-12-12,2.2062201499938965,2.1919051210807057,2.0426888168792896,0.42472549453768876,0.07125278253766824,17912.096855312586,18000.0,166,0.14292501735917834,0.0,0.0,0.0,8118,0,0,0,0.0,0.9797857638833668,0.0,0.0,0.0,1.0
2016-12-13,2.2451279163360596,2.196973958724073,2.0804446374205536,0.383491071276931,0.07240962943748784,17912.096855312586,18000.0,166,0.1429086562776739,0.0,0.0,0.0,7978,0,0,0,0.0,0.9797390179362113,0.0,0.0,0.0,1.0
2016-12-14,2.375152826309204,2.2139433746845616,2.1091857139984427,0.4187194155201331,0.07887860692807995,17912.096855312586,18000.0,166,0.1428538827739348,0.0,0.0,0.0,7541,0,0,0,0.0,0.9795825222112424,0.0,0.0,0.0,1.0
2016-12-15,2.4308063983917236,2.234596995990006,2.1103367904343076,0.3675432174200295,0.07828511457810736,17912.096855312586,18000.0,166,0.14278721747405443,0.0,0.0,0.0,7368,0,0,0,0.0,0.9793920499258699,0.0,0.0,0.0,1.0
2016-12-16,2.472670555114746,2.2572706682876,2.108106898669423,0.3702645378546062,0.07861862366631901,17912.096855312586,18000.0,166,0.14271403189847165,0.0,0.0,0.0,7244,0,0,0,0.0,0.9791829482813477,0.0,0.0,0.0,1.0
2016-12-19,2.502713680267334,2.280646193238051,2.105348608520729,0.3706652906105234,0.0771898124643156,17912.096855312586,18000.0,166,0.14263858089849274,0.0,0.0,0.0,7157,0,0,0,0.0,0.9789673739956936,0.0,0.0,0.0,1.0
2016-12-20,2.589888334274292,2.3100978257176927,2.0944516578334933,0.38409490462808493,0.07463921185244565,17912.096855312586,18000.0,166,0.14254351757365563,0.0,0.0,0.0,6916,0,0,0,0.0,0.978695764496159,0.0,0.0,0.0,1.0
2016-12-21,2.6061415672302246,2.338292467766505,2.0884571921892636,0.38408743169704024,0.0759957888131013,17912.096855312586,18000.0,166,0.1424525115345981,0.0,0.0,0.0,6873,0,0,0,0.0,0.9784357472417089,0.0,0.0,0.0,1.0
2016-12-22,2.637662172317505,2.3668038681999337,2.0836525377457917,0.3845438172857834,0.07686053004875355,17912.096855312586,18000.0,166,0.14236048306986576,0.0,0.0,0.0,6790,0,0,0,0.0,0.9781728087710451,0.0,0.0,0.0,1.0
2016-12-23,2.7034127712249756,2.3988618589642234,2.0761873677198324,0.38930108613134323,0.07622462204006304,17912.096855312586,18000.0,166,0.14225700699967658,0.0,0.0,0.0,6625,0,0,0,0.0,0.9778771628562188,0.0,0.0,0.0,1.0
2016-12-27,2.8890914916992188,2.4455503954151756,2.050405858954227,0.4430289013738455,0.07243740671756489,17912.096855312586,18000.0,166,0.14210630677924319,0.0,0.0,0.0,6199,0,0,0,0.0,0.9774465907978378,0.0,0.0,0.0,1.0
2016-12-28,2.690361261367798,2.4688657159820924,2.056853875688765,0.5231432629593159,0.08047666637528751,17912.096855312586,18000.0,166,0.14203105010563555,0.0,0.0,0.0,6657,0,0,0,0.0,0.9772315717303873,0.0,0.0,0.0,1.0
2016-12-29,2.7440459728240967,2.495073359490855,2.065461261739509,0.5192513053468598,0.07947424074942737,17912.096855312586,18000.0,166,0.14194645765631003,0.0,0.0,0.0,6527,0,0,0,0.0,0.9769898790180288,0.0,0.0,0.0,1.0
2016-12-30,2.6285507678985596,2.507785493624922,2.0929965390658154,0.5086045782301702,0.08044069978217164,17912.096855312586,18000.0,166,0.14190542571224402,0.0,0.0,0.0,6814,0,0,0,0.0,0.9768726448921258,0.0,0.0,0.0,1.0
2017-01-03,2.512071371078491,2.508193672430024,2.1163386997665836,0.5444785452367847,0.08453642190575505,18412.096855312586,18500.0,166,0.1421229160882062,0.0,0.0,0.0,7329,0,0,0,0.0,0.9774940459663035,0.0,0.0,0.0,1.0
2017-01-04,2.5706801414489746,2.5141447647175434,2.135092281689986,0.535476934411192,0.08446991020694958,18412.096855312586,18500.0,166,0.14210422644161674,0.0,0.0,0.0,7162,0,0,0,0.0,0.9774406469760479,0.0,0.0,0.0,1.0
2017-01-05,2.5054216384887695,2.513313990790994,2.1462090122598885,0.5461190404091216,0.08451295807141153,18412.096855312586,18500.0,166,0.29760221595457487,0.0,0.0,0.0,7348,0,0,0,0.0,0.9774481014880375,0.015701086953605028,0.0,1.0,1.0
2017-01-06,2.5389130115509033,2.515751992768128,2.1573249825857617,0.5448898616433063,0.0726256602126671,18412.096855312586,18500.0,166,0.14209917887676604,0.0,0.0,0.0,7251,0,0,0,0.0,0.9774262253621887,0.0,0.0,0.0,1.0
2017-01-09,2.6418488025665283,2.527761212748928,2.180933125638351,0.552989585567435,0.07402031119813485,18412.096855312586,18500.0,166,0.142061463434556,0.0,0.0,0.0,6969,0,0,0,0.0,0.9773184669558744,0.0,0.0,0.0,1.0
2017-01-10,2.6219019889831543,2.5367270009617116,2.2137327319075943,0.5479732696251193,0.07119473933197301,18412.096855312586,18500.0,166,0.14203330601319591,0.0,0.0,0.0,7022,0,0,0,0.0,0.9772380171805598,0.0,0.0,0.0,1.0
2017-01-11,2.5896425247192383,2.5417665746529043,2.2637052554204127,0.5402059681724858,0.07158567905071156,18412.096855312586,18500.0,166,0.14201747902771167,0.0,0.0,0.0,7109,0,0,0,0.0,0.9771927972220334,0.0,0.0,0.0,1.0
2017-01-12,2.54728627204895,2.5422922601191944,2.3107000039501635,0.5461051394105352,0.06829221294976187,18412.096855312586,18500.0,166,0.14201582809119317,0.0,0.0,0.0,7228,0,0,0,0.0,0.977188080260552,0.0,0.0,0.0,1.0
2017-01-13,2.5470399856567383,2.5427444244561035,2.332980163454624,0.5119836177548409,0.061437516562265516,18412.096855312586,18500.0,166,0.14201440805076215,0.0,0.0,0.0,7228,0,0,0,0.0,0.9771840230021777,0.0,0.0,0.0,1.0
2017-01-17,2.489907741546631,2.537712359417106,2.3364005770886203,0.5147676426255936,0.061215029019893515,18412.096855312586,18500.0,166,0.32499615456629766,0.0,0.0,0.0,7394,0,0,0,0.0,0.9772291755857708,0.0941884088893655,0.0,1.0,1.0
2017-01-18,2.535219669342041,2.5374749603623377,2.3427521207752857,0.5151693552229929,0.06104902022261378,18412.096855312586,18500.0,166,0.2935863454821421,0.0,0.0,0.0,7262,0,0,0,0.0,0.9772313057610731,0.004443967045047417,0.0,1.0,1.0
2017-01-19,2.5896425247192383,2.5424432998248996,2.353500269494494,0.5187126583009124,0.06223810129673143,18412.096855312586,18500.0,166,0.14201535374487423,0.0,0.0,0.0,7109,0,0,0,0.0,0.977186724985355,0.0,0.0,0.0,1.0
2017-01-20,2.5613224506378174,2.5442413141880347,2.354262954755781,0.5058270107805095,0.06203684517188471,18412.096855312586,18500.0,166,0.1420097070078743,0.0,0.0,0.0,7188,0,0,0,0.0,0.9771705914510695,0.0,0.0,0.0,1.0
2017-01-23,2.587918281555176,2.548401025365858,2.3582203721662496,0.5067199550197208,0.06216546454795623,18412.096855312586,18500.0,166,0.14199664326628342,0.0,0.0,0.0,7114,0,0,0,0.0,0.9771332664750956,0.0,0.0,0.0,1.0
2017-01-24,2.6430795192718506,2.5574180247854765,2.3670357525638774,0.5106479340332944,0.06588814009600963,18412.096855312586,18500.0,166,0.14196832501405204,0.0,0.0,0.0,6966,0,0,0,0.0,0.977052357183006,0.0,0.0,0.0,1.0
2017-01-25,2.6544079780578613,2.5666551631923706,2.3802855418900064,0.502799431952034,0.07118504726767103,18412.096855312586,18500.0,166,0.14193931540640664,0.0,0.0,0.0,6936,0,0,0,0.0,0.9769694725897333,0.0,0.0,0.0,1.0
2017-01-26,2.700212001800537,2.579374862107434,2.4407057247532147,0.43799629161183473,0.0711498669740937,18412.096855312586,18500.0,166,0.14189936867630043,0.0,0.0,0.0,6818,0,0,0,0.0,0.9768553390751441,0.0,0.0,0.0,1.0
2017-01-27,2.7524187564849854,2.5958552330005342,2.4458826258469677,0.3686777397238854,0.06313443794126049,18412.096855312586,18500.0,166,0.14184761140338747,0.0,0.0,0.0,6689,0,0,0,0.0,0.9767074611525357,0.0,0.0,0.0,1.0
2017-01-30,2.7093236446380615,2.6066617483945844,2.463138757893401,0.36657037155714683,0.06776969322036724,18412.096855312586,18500.0,166,0.14181367310369047,0.0,0.0,0.0,6795,0,0,0,0.0,0.9766104945819729,0.0,0.0,0.0,1.0
2017-01-31,2.688638210296631,2.6144690304804934,2.4656877510159445,0.3334859066593717,0.06510321904528985,18412.096855312586,18500.0,166,0.14178915401778824,0.0,0.0,0.0,6848,0,0,0,0.0,0.9765404400508236,0.0,0.0,0.0,1.0
2017-02-01,2.8061020374298096,2.632719793047095,2.4635393752599644,0.31971632815878126,0.058602358658202944,18912.096855312586,19000.0,166,0.1419494200012612,0.0,0.0,0.0,6739,0,0,0,0.0,0.9769983428607464,0.0,0.0,0.0,1.0
2017-02-02,2.8415637016296387,2.6526096891025754,2.4567745368617975,0.3141175126315292,0.05525371020886599,18912.096855312586,19000.0,166,0.14188859879279686,0.0,0.0,0.0,6655,0,0,0,0.0,0.9768245679794196,0.0,0.0,0.0,1.0
2017-02-03,2.8166909217834473,2.66823647316742,2.463987672393322,0.29775549487405883,0.060446118776417826,18912.096855312586,19000.0,166,0.1418408137320512,0.0,0.0,0.0,6714,0,0,0,0.0,0.976688039234432,0.0,0.0,0.0,1.0
2017-02-06,2.8888447284698486,2.689246783196223,2.4637491537878513,0.30484479878120435,0.060183345313903,18912.096855312586,19000.0,166,0.14177656641559466,0.0,0.0,0.0,6546,0,0,0,0.0,0.9765044754731277,0.0,0.0,0.0,1.0
2017-02-07,2.933664321899414,2.7125246440250983,2.4564577175108546,0.2798594892706898,0.0584073100367329,18912.096855312586,19000.0,166,0.1417053851674811,0.0,0.0,0.0,6446,0,0,0,0.0,0.9763011004785176,0.0,0.0,0.0,1.0
2017-02-08,2.920858383178711,2.7323659525159183,2.455362182057425,0.27812780577193463,0.058374667923192416,18912.096855312586,19000.0,166,0.14164471253467498,0.0,0.0,0.0,6474,0,0,0,0.0,0.9761277500990715,0.0,0.0,0.0,1.0
2017-02-09,2.86594295501709,2.745087571801744,2.4617111869221553,0.2845443438595565,0.06074824385577406,18912.096855312586,19000.0,166,0.14160581116201676,0.0,0.0,0.0,6598,0,0,0,0.0,0.9760166033200479,0.0,0.0,0.0,1.0
2017-02-10,2.797975778579712,2.750124543875836,2.473847330413467,0.2930231469418236,0.06056147366729733,18912.096855312586,19000.0,166,0.14159040863162176,0.0,0.0,0.0,6759,0,0,0,0.0,0.9759725960903479,0.0,0.0,0.0,1.0
2017-02-13,2.6689376831054688,2.742392461897706,2.4766833554595724,0.34439349979687955,0.06236422334086186,18912.096855312586,19000.0,166,0.3384876727929897,0.0,0.0,0.0,7086,0,0,0,0.0,0.9760401500697359,0.13392462933880614,0.0,1.0,1.0
2017-02-14,2.6787877082824707,2.736334866315303,2.492966537161565,0.33148905872752843,0.06112486083191251,18912.096855312586,19000.0,166,0.3284363779891664,0.0,0.0,0.0,7059,0,0,0,0.0,0.9760930743258768,0.10515371992888445,0.0,1.0,1.0
2017-02-15,2.6842048168182373,2.7313700996965347,2.5048343475993318,0.3271604995190075,0.06235649778179489,18912.096855312586,19000.0,166,0.3218667474944143,0.0,0.0,0.0,7045,0,0,0,0.0,0.9761364507079144,0.08633997070469797,0.0,1.0,1.0
2017-02-16,2.6411101818084717,2.722773917040529,2.502319501252236,0.32627334974726113,0.05998256405818521,18912.096855312586,19000.0,166,0.344161522184862,0.0,0.0,0.0,7160,0,0,0,0.0,0.976211554198488,0.1499642234725464,0.0,1.0,1.0
2017-02-17,2.6406173706054688,2.7149494840467137,2.5056124376903153,0.3231933220735366,0.05970412498677006,18912.096855312586,19000.0,166,0.3396109053962955,0.0,0.0,0.0,7161,0,0,0,0.0,0.9762799150341182,0.13689410038386912,0.0,1.0,1.0
2017-02-21,2.735180616378784,2.71687625855453,2.5210362133827933,0.34415418899708694,0.0591673368706782,18912.096855312586,19000.0,166,0.14169207838831477,0.0,0.0,0.0,6914,0,0,0,0.0,0.9762630811094709,0.0,0.0,0.0,1.0
2017-02-22,2.7309885025024414,2.7182202817876644,2.5289732316354887,0.33751447101629073,0.05785053221093951,18912.096855312586,19000.0,166,0.14168796850674398,0.0,0.0,0.0,6925,0,0,0,0.0,0.9762513385906972,0.0,0.0,0.0,1.0
2017-02-23,2.4777626991271973,2.6953195596295245,2.4722794508858845,0.475634390438765,0.05308036377556832,18912.096855312586,19000.0,166,0.43301193595626847,0.0,0.0,0.0,7632,0,0,0,0.0,0.9764514185842894,0.40358268414790627,0.0,1.0,1.0
2017-02-24,2.5016801357269287,2.676877709734039,2.428467880491972,0.47209271069818853,0.052471670226871485,18912.096855312586,19000.0,166,0.4063492276215302,0.0,0.0,0.0,7559,0,0,0,0.0,0.9766125421149553,0.3272423939465596,0.0,1.0,1.0
2017-02-27,2.5744173526763916,2.6671195804904535,2.4081920215866637,0.47951643633082136,0.05175572160824482,18912.096855312586,19000.0,166,0.35266973530803797,0.0,0.0,0.0,7346,0,0,0,0.0,0.9766977973493992,0.17378716067356642,0.0,1.0,1.0
2017-02-28,2.50217342376709,2.651410422707276,2.37312370999271,0.4858761197980175,0.04618413976291515,18912.096855312586,19000.0,166,0.3903925758615559,0.0,0.0,0.0,7558,0,0,0,0.0,0.9768350457805575,0.281429456681031,0.0,1.0,1.0
2017-03-01,2.5344741344451904,2.6402736333489822,2.3500667845012844,0.48902621674597047,0.061410372846117306,19412.096855312586,19500.0,166,0.36225831376736456,0.0,0.0,0.0,7659,0,0,0,0.0,0.9775238244545676,0.20035707202361702,0.0,1.0,1.0
2017-03-02,2.4410250186920166,2.6212975748102236,2.310771552627498,0.4714322728722529,0.06790614525100754,19412.096855312586,19500.0,166,0.41254133099078777,0.0,0.0,0.0,7952,0,0,0,0.0,0.9776853642349489,0.3438612957387304,0.0,1.0,1.0
2017-03-03,2.4269697666168213,2.6027901645060902,2.2787262863005924,0.4660124594846944,0.06792779432978667,19412.096855312586,19500.0,166,0.4104588125271846,0.0,0.0,0.0,7998,0,0,0,0.0,0.9778429144970251,0.3377536927235026,0.0,1.0,1.0
2017-03-06,2.408231496810913,2.58426076758274,2.2470773341914567,0.4659880616935924,0.0678183637738353,19412.096855312586,19500.0,166,0.4115030685824876,0.0,0.0,0.0,8060,0,0,0,0.0,0.9780006519272444,0.3405795440227203,0.0,1.0,1.0
2017-03-07,2.4346137046813965,2.5700086663540405,2.238659197871583,0.4549946898475698,0.06846630331186336,19412.096855312586,19500.0,166,0.3845373940477383,0.0,0.0,0.0,7973,0,0,0,0.0,0.9781219775069349,0.26341343405803164,0.0,1.0,1.0
2017-03-08,2.430175304412842,2.5566912033120217,2.246669903071655,0.4471473167933222,0.06972104550535829,19412.096855312586,19500.0,166,0.37897977613459916,0.0,0.0,0.0,7987,0,0,0,0.0,0.9782353466794976,0.24742115656221417,0.0,1.0,1.0
2017-03-09,2.429682493209839,2.544595135683242,2.2635240554087668,0.4479605452051689,0.06970547995353336,19412.096855312586,19500.0,166,0.37144753534580205,0.0,0.0,0.0,7989,0,0,0,0.0,0.9783383183321324,0.22579749694158788,0.0,1.0,1.0
2017-03-10,2.4439830780029297,2.535013034951784,2.282323017309154,0.4491998457212824,0.06824600314363911,19412.096855312586,19500.0,166,0.35528783119518464,0.0,0.0,0.0,7942,0,0,0,0.0,0.978419889035795,0.17954534295044675,0.0,1.0,1.0
2017-03-13,2.5112967491149902,2.5327543410625655,2.3059036592389948,0.4613998351599377,0.06783841344107482,19412.096855312586,19500.0,166,0.30727975805143576,0.0,0.0,0.0,7729,0,0,0,0.0,0.9784391168914673,0.04236019182692061,0.0,1.0,1.0
2017-03-14,2.509571075439453,2.530546411003222,2.3109741693260895,0.4351021548190783,0.06797952077427842,19412.096855312586,19500.0,166,0.30696576793803515,0.0,0.0,0.0,7735,0,0,0,0.0,0.9784579126037675,0.04144428150490465,0.0,1.0,1.0
2017-03-15,2.5285558700561523,2.5303568356749295,2.3211981013321994,0.43607361118278787,0.07233910651304912,19412.096855312586,19500.0,166,0.29370638578045166,0.0,0.0,0.0,7677,0,0,0,0.0,0.9784595264245108,0.0035587186624941123,0.0,1.0,1.0
2017-03-16,2.559624671936035,2.533144248652178,2.336350473628578,0.4390011166889148,0.07132675735818512,19412.096855312586,19500.0,166,0.14245252918734913,0.0,0.0,0.0,7583,0,0,0,0.0,0.9784357976781405,0.0,0.0,0.0,1.0
2017-03-17,2.6153488159179688,2.540973255058444,2.347116224240837,0.44344583814082583,0.07147452117946845,19412.096855312586,19500.0,166,0.14242920276313353,0.0,0.0,0.0,7422,0,0,0,0.0,0.9783691507518102,0.0,0.0,0.0,1.0
2017-03-20,2.6986887454986572,2.5559937779575117,2.3531150796887736,0.4577335609848436,0.07197917690354176,19412.096855312586,19500.0,166,0.14238444930772653,0.0,0.0,0.0,7193,0,0,0,0.0,0.9782412837363617,0.0,0.0,0.0,1.0
2017-03-21,2.611402750015259,2.561270822915392,2.3789099257048405,0.4538851794901621,0.08214572103177398,19412.096855312586,19500.0,166,0.14236872641992898,0.0,0.0,0.0,7433,0,0,0,0.0,0.9781963611997971,0.0,0.0,0.0,1.0
2017-03-22,2.664661407470703,2.571117545253993,2.403182811632577,0.4607492486213089,0.08251453700857607,19412.096855312586,19500.0,166,0.14233938823696113,0.0,0.0,0.0,7285,0,0,0,0.0,0.978112537819889,0.0,0.0,0.0,1.0
2017-03-23,2.640498399734497,2.577725245680708,2.4018494908477486,0.3106699100496747,0.08251251710644449,19412.096855312586,19500.0,166,0.1423197006782539,0.0,0.0,0.0,7351,0,0,0,0.0,0.978056287652154,0.0,0.0,0.0,1.0
2017-03-24,2.649867534637451,2.5845959398670644,2.4002813568015333,0.30978650719044937,0.08223053982704691,19412.096855312586,19500.0,166,0.14229922953301144,0.0,0.0,0.0,7325,0,0,0,0.0,0.977997798665747,0.0,0.0,0.0,1.0
2017-03-27,2.669100046157837,2.592643949989995,2.398981444039493,0.2948068132067775,0.08205514480426096,19412.096855312586,19500.0,166,0.14227525059002982,0.0,0.0,0.0,7272,0,0,0,0.0,0.9779292874000852,0.0,0.0,0.0,1.0
2017-03-28,2.655292510986328,2.598610479608693,2.3984959325272355,0.2743656168001896,0.08620166044858842,19412.096855312586,19500.0,166,0.14225747339152484,0.0,0.0,0.0,7310,0,0,0,0.0,0.9778784954043568,0.0,0.0,0.0,1.0
2017-03-29,2.646662473678589,2.603186859996302,2.3978746515525216,0.2727070847946478,0.06949970411518959,19412.096855312586,19500.0,166,0.1422438381248315,0.0,0.0,0.0,7334,0,0,0,0.0,0.9778395374995187,0.0,0.0,0.0,1.0
2017-03-30,2.697455644607544,2.6121648394830874,2.403186551530725,0.23601977642066232,0.0678702270782903,19412.096855312586,19500.0,166,0.14221708835005292,0.0,0.0,0.0,7196,0,0,0,0.0,0.9777631095715799,0.0,0.0,0.0,1.0
2017-03-31,2.6858673095703125,2.6191841223485373,2.413263580924914,0.23518236332312226,0.06815192017667654,19412.096855312586,19500.0,166,0.1421961744867461,0.0,0.0,0.0,7227,0,0,0,0.0,0.9777033556764175,0.0,0.0,0.0,1.0
2017-04-03,2.6723058223724365,2.6242433318746228,2.429667294864916,0.233422488777792,0.0674869320153379,19912.096855312586,20000.0,166,0.14237657312090418,0.0,0.0,0.0,7451,0,0,0,0.0,0.9782187803454406,0.0,0.0,0.0,1.0
2017-04-04,2.4849143028259277,2.610973900536652,2.4235627854031376,0.3538256559426039,0.06685295316895436,19912.096855312586,20000.0,166,0.37690631238099565,0.0,0.0,0.0,8013,0,0,0,0.0,0.9783289166255458,0.24140340446301328,0.0,1.0,1.0
2017-04-05,2.466421127319336,2.5972069697540503,2.415705596406824,0.35503614628776947,0.06723176420982108,19912.096855312586,20000.0,166,0.3805787122670114,0.0,0.0,0.0,8073,0,0,0,0.0,0.9784431821510414,0.2517817100404198,0.0,1.0,1.0
2017-04-06,2.4844205379486084,2.5864654048201987,2.4138398365671216,0.3557013734872089,0.0675742043404869,19912.096855312586,20000.0,166,0.3615297765708691,0.0,0.0,0.0,8014,0,0,0,0.0,0.9785323371399923,0.1972670244910623,0.0,1.0,1.0
2017-04-07,2.473817825317383,2.575737063915169,2.4081569766904223,0.3558133400699222,0.06638128213100808,19912.096855312586,20000.0,166,0.3617631650150516,0.0,0.0,0.0,8049,0,0,0,0.0,0.9786213823695041,0.1978448033877862,0.0,1.0,1.0
2017-04-10,2.4106967449188232,2.5600189382964693,2.3764236299173604,0.3528562765065946,0.06643716750653553,19912.096855312586,20000.0,166,0.39463810798618976,0.0,0.0,0.0,8259,0,0,0,0.0,0.9787518428121393,0.2916427514341174,0.0,1.0,1.0
2017-04-11,2.4193270206451416,2.546619708043962,2.3505585959783786,0.3533598176979802,0.06560927873476718,19912.096855312586,20000.0,166,0.3800757519175982,0.0,0.0,0.0,8230,0,0,0,0.0,0.9788630564232351,0.2499248061984739,0.0,1.0,1.0
2017-04-12,2.3993546962738037,2.532594468827756,2.3205941241075596,0.3523853011791577,0.05819989509053425,19912.096855312586,20000.0,166,0.38471029755456393,0.0,0.0,0.0,8298,0,0,0,0.0,0.9789794659087296,0.26304995567573874,0.0,1.0,1.0
2017-04-13,2.3544797897338867,2.5156311660569113,2.2807998943467416,0.35244775600677825,0.06191783250564559,19912.096855312586,20000.0,166,0.40479712194977774,0.0,0.0,0.0,8457,0,0,0,0.0,0.9791202613217277,0.320300087106209,0.0,1.0,1.0
2017-04-17,2.4466958045959473,2.5090658935368193,2.2690320108813324,0.3740203957712783,0.07085620578650237,19912.096855312586,20000.0,166,0.33621247453634645,0.0,0.0,0.0,8138,0,0,0,0.0,0.9791747530836444,0.12428945987734535,0.0,1.0,1.0
2017-04-18,2.448174476623535,2.5032667109736493,2.267242772867341,0.3510603854961144,0.0711608463261044,19912.096855312586,20000.0,166,0.3312422482960154,0.0,0.0,0.0,8133,0,0,0,0.0,0.9792228862989187,0.1100406802611255,0.0,1.0,1.0
2017-04-19,2.457791328430176,2.4989357221599855,2.261459287023469,0.336374934307501,0.056307354639336095,19912.096855312586,20000.0,166,0.3215539334984496,0.0,0.0,0.0,8101,0,0,0,0.0,0.9792588335060721,0.0823238336323554,0.0,1.0,1.0
2017-04-20,2.4967494010925293,2.498727501105942,2.2678190783134076,0.3325831036510497,0.06226733004772099,19912.096855312586,20000.0,166,0.2941265717740222,0.0,0.0,0.0,7975,0,0,0,0.0,0.9792605617408207,0.0039582147563858175,0.0,1.0,1.0
2017-04-21,2.5071046352386475,2.499525323404295,2.274049282997165,0.3327123686540379,0.06317049784358078,19912.096855312586,20000.0,166,0.14273887893551052,0.0,0.0,0.0,7942,0,0,0,0.0,0.9792539398157444,0.0,0.0,0.0,1.0
2017-04-24,2.538419246673584,2.5032295065727985,2.2852242778063965,0.33631840755396064,0.07367969098749451,19912.096855312586,20000.0,166,0.14272811828340598,0.0,0.0,0.0,7844,0,0,0,0.0,0.9792231950954458,0.0,0.0,0.0,1.0
2017-04-25,2.582555055618286,2.5107843207676073,2.301933885734959,0.3418640485812255,0.07583421941345887,19912.096855312586,20000.0,166,0.14270617154817006,0.0,0.0,0.0,7710,0,0,0,0.0,0.9791604901376288,0.0,0.0,0.0,1.0
2017-04-26,2.5648016929626465,2.5159288324052302,2.3160158847751964,0.34216485890391296,0.07227151719593605,19912.096855312586,20000.0,166,0.14269122674186274,0.0,0.0,0.0,7763,0,0,0,0.0,0.9791177906910365,0.0,0.0,0.0,1.0
2017-04-27,2.604745864868164,2.5243875974017005,2.329610380908455,0.34737730484996737,0.072250613256611,19912.096855312586,20000.0,166,0.14266665402954803,0.0,0.0,0.0,7644,0,0,0,0.0,0.9790475829415659,0.0,0.0,0.0,1.0
2017-04-28,2.5717058181762695,2.5288940946183263,2.352357499810565,0.3417134914849406,0.07221474455426678,19912.096855312586,20000.0,166,0.14265356265513374,0.0,0.0,0.0,7742,0,0,0,0.0,0.9790101790146679,0.0,0.0,0.0,1.0
2017-05-01,2.6294026374816895,2.538466336795789,2.3727330395848942,0.3525002467841595,0.07169250593813997,20412.096855312586,20500.0,166,0.14280561491864213,0.0,0.0,0.0,7763,0,0,0,0.0,0.9794446140532633,0.0,0.0,0.0,1.0
2017-05-02,2.551487445831299,2.5397064424182183,2.392543592136406,0.36691559334726903,0.07124793113201869,20412.096855312586,20500.0,166,0.1428021002778293,0.0,0.0,0.0,8000,0,0,0,0.0,0.9794345722223695,0.0,0.0,0.0,1.0
2017-05-03,2.570472240447998,2.5426365184210544,2.391738883754083,0.26528147516828526,0.07158813634891371,20412.096855312586,20500.0,166,0.14279379601364567,0.0,0.0,0.0,7940,0,0,0,0.0,0.9794108457532734,0.0,0.0,0.0,1.0
2017-05-04,2.56061053276062,2.544348329310537,2.3918520373754086,0.2639158672878257,0.0702782591932706,20412.096855312586,20500.0,166,0.142788944491076,0.0,0.0,0.0,7971,0,0,0,0.0,0.9793969842602172,0.0,0.0,0.0,1.0
2017-05-05,2.560856342315674,2.545920521025312,2.3916317158245595,0.2632380875048865,0.07115879132156969,20412.096855312586,20500.0,166,0.14278448866967947,0.0,0.0,0.0,7970,0,0,0,0.0,0.9793842533419413,0.0,0.0,0.0,1.0
2017-05-08,2.53398060798645,2.5447833864501823,2.3909111260197777,0.2660071749232374,0.07094816229594356,20412.096855312586,20500.0,166,0.30021658043626426,0.0,0.0,0.0,8055,0,0,0,0.0,0.9793934613585009,0.021225339887968497,0.0,1.0,1.0
2017-05-09,2.538172960281372,2.5441538220531528,2.3972816673205877,0.24639257082937083,0.07128610360282209,20412.096855312586,20500.0,166,0.29690344044068556,0.0,0.0,0.0,8042,0,0,0,0.0,0.979398559294594,0.0117541276787936,0.0,1.0,1.0
2017-05-10,2.9906249046325684,2.5866748775369066,2.334900718767068,0.6702807727667719,0.07077756961057269,20412.096855312586,20500.0,166,0.14266898485927343,0.0,0.0,0.0,6825,0,0,0,0.0,0.979054242455067,0.0,0.0,0.0,1.0
2017-05-11,3.119086265563965,2.637380724015674,2.2870496767856987,0.674967977783166,0.06957747491545423,20412.096855312586,20500.0,166,0.14252527706998486,0.0,0.0,0.0,6544,0,0,0,0.0,0.9786436487713853,0.0,0.0,0.0,1.0
2017-05-12,3.15336012840271,2.6865216196715824,2.2693335398878136,0.6640347030895905,0.06392141648028989,20412.096855312586,20500.0,166,0.1423860045803454,0.0,0.0,0.0,6473,0,0,0,0.0,0.9782457273724154,0.0,0.0,0.0,1.0
2017-05-15,3.3116564750671387,2.746058272566397,2.236084771803088,0.6703806047604743,0.05940754863012962,20412.096855312586,20500.0,166,0.14221726899336057,0.0,0.0,0.0,6163,0,0,0,0.0,0.977763625695316,0.0,0.0,0.0,1.0
2017-05-16,3.3732986450195312,2.805795450895267,2.2167748502579463,0.6679298769126883,0.057914210566653024,20412.096855312586,20500.0,166,0.14204796508795042,0.0,0.0,0.0,6051,0,0,0,0.0,0.9772799002512871,0.0,0.0,0.0,1.0
2017-05-17,3.1491684913635254,2.8384976452255772,2.231142298816859,0.7299221284968256,0.08977517094780713,20412.096855312586,20500.0,166,0.14195528228353138,0.0,0.0,0.0,6481,0,0,0,0.0,0.9770150922386612,0.0,0.0,0.0,1.0
2017-05-18,3.2810819149017334,2.8806485280518777,2.240495383723817,0.7368967931772986,0.08669057786086341,20412.096855312586,20500.0,166,0.14183582051317978,0.0,0.0,0.0,6221,0,0,0,0.0,0.9766737728947994,0.0,0.0,0.0,1.0
2017-05-19,3.356858730316162,2.926001880648476,2.251526925809179,0.7363643894792846,0.08876191595358093,20412.096855312586,20500.0,166,0.14170728247484504,0.0,0.0,0.0,6080,0,0,0,0.0,0.9763065213567002,0.0,0.0,0.0,1.0
2017-05-22,3.428439140319824,2.9738530482362235,2.2631102453383125,0.7365283411289059,0.0822158658033423,20412.096855312586,20500.0,166,0.14157166526329146,0.0,0.0,0.0,5953,0,0,0,0.0,0.9759190436094043,0.0,0.0,0.0,1.0
2017-05-23,3.382281541824341,3.0127510000065203,2.280813542295694,0.7439155430466364,0.0796787743328955,20412.096855312586,20500.0,166,0.14146142277559126,0.0,0.0,0.0,6035,0,0,0,0.0,0.9756040650731179,0.0,0.0,0.0,1.0
2017-05-24,3.420293092727661,3.051564532646629,2.3051164498469423,0.7397622160410926,0.08002974765976767,20412.096855312586,20500.0,166,0.14135141954406,0.0,0.0,0.0,5967,0,0,0,0.0,0.9752897701258858,0.0,0.0,0.0,1.0
2017-05-25,3.4126415252685547,3.085952817658241,2.331770980856387,0.7424227975485562,0.081330429449998,20412.096855312586,20500.0,166,0.1412539581119051,0.0,0.0,0.0,5981,0,0,0,0.0,0.9750113088911576,0.0,0.0,0.0,1.0
2017-05-26,3.5010061264038086,3.125481704205438,2.366554756436971,0.7362427744776224,0.08081490950189944,20412.096855312586,20500.0,166,0.1411419274627153,0.0,0.0,0.0,5830,0,0,0,0.0,0.9746912213220438,0.0,0.0,0.0,1.0
2017-05-30,3.5757951736450195,3.168368701294922,2.3996080818341294,0.7361378605372596,0.08097579892163091,20412.096855312586,20500.0,166,0.14102037943681778,0.0,0.0,0.0,5708,0,0,0,0.0,0.9743439412480509,0.0,0.0,0.0,1.0
2017-05-31,3.5629591941833496,3.205948748236677,2.453035397094183,0.7201483339550697,0.08100787233190594,20412.096855312586,20500.0,166,0.14091387208426576,0.0,0.0,0.0,5728,0,0,0,0.0,0.9740396345264737,0.0,0.0,0.0,1.0
2017-06-01,3.5632057189941406,3.23997322164215,2.514517118042836,0.7220205024300616,0.0845314007642663,20912.096855312586,21000.0,166,0.14103607408679003,0.0,0.0,0.0,5868,0,0,0,0.0,0.9743887831051145,0.0,0.0,0.0,1.0
2017-06-02,3.5454351902008057,3.269064837695355,2.5909878155706174,0.7224803484483991,0.08510937608051744,20912.096855312586,21000.0,166,0.14095558728237612,0.0,0.0,0.0,5898,0,0,0,0.0,0.9741588208067891,0.0,0.0,0.0,1.0
2017-06-05,3.6532983779907227,3.305658508199676,2.683565137072562,0.7209088127232242,0.08467189811823997,20912.096855312586,21000.0,166,0.14085434479398085,0.0,0.0,0.0,5724,0,0,0,0.0,0.9738695565542311,0.0,0.0,0.0,1.0
2017-06-06,3.636760950088501,3.3371920740938497,2.8099715802803393,0.7179934973396569,0.08558269338054454,20912.096855312586,21000.0,166,0.1407671019283403,0.0,0.0,0.0,5750,0,0,0,0.0,0.9736202912238295,0.0,0.0,0.0,1.0
2017-06-07,3.680696725845337,3.3699068028320864,2.9831690598011447,0.715576328526955,0.08541062258010708,20912.096855312586,21000.0,166,0.1406765911788312,0.0,0.0,0.0,5681,0,0,0,0.0,0.973361689082375,0.0,0.0,0.0,1.0
2017-06-08,3.9477643966674805,3.424940859387838,3.0177125038688284,0.4562130677010768,0.08541645958998273,20912.096855312586,21000.0,166,0.14052433028902694,0.0,0.0,0.0,5297,0,0,0,0.0,0.9729266579686485,0.0,0.0,0.0,1.0
2017-06-09,3.69254469871521,3.450426939323778,3.0617887825722185,0.5219544991306875,0.08494941399982572,20912.096855312586,21000.0,166,0.14045381880120422,0.0,0.0,0.0,5663,0,0,0,0.0,0.9727251965748692,0.0,0.0,0.0,1.0
2017-06-12,3.701676607131958,3.474355479115033,3.1063488123223175,0.522397528230827,0.08479100624407111,20912.096855312586,21000.0,166,0.1403876165077817,0.0,0.0,0.0,5649,0,0,0,0.0,0.9725360471650907,0.0,0.0,0.0,1.0
2017-06-13,3.736973285675049,3.4993666987874157,3.1301845660351995,0.49882448589393674,0.08463175332992759,20912.096855312586,21000.0,166,0.14031841880002144,0.0,0.0,0.0,5595,0,0,0,0.0,0.9723383394286328,0.0,0.0,0.0,1.0
2017-06-14,3.7448718547821045,3.5227481422154816,3.1494178509322204,0.49695944609682763,0.08471077168719691,20912.096855312586,21000.0,166,0.14025373013987047,0.0,0.0,0.0,5584,0,0,0,0.0,0.9721535146853443,0.0,0.0,0.0,1.0
2017-06-15,3.760915517807007,3.5454307494146744,3.211791467373289,0.4178929326018017,0.04857794756513429,20912.096855312586,21000.0,166,0.14019097492661936,0.0,0.0,0.0,5560,0,0,0,0.0,0.9719742140760554,0.0,0.0,0.0,1.0
2017-06-16,3.742403984069824,3.5641901050961176,3.254420031534205,0.4021311753134275,0.04812088362699804,20912.096855312586,21000.0,166,0.14013907404256737,0.0,0.0,0.0,5587,0,0,0,0.0,0.9718259258359069,0.0,0.0,0.0,1.0
2017-06-19,3.8830957412719727,3.594562070446199,3.2831938059153516,0.4130198762367272,0.0507103811353833,20912.096855312586,21000.0,166,0.14005504493843218,0.0,0.0,0.0,5385,0,0,0,0.0,0.9715858426812348,0.0,0.0,0.0,1.0
2017-06-20,3.8774185180664062,3.6215007797433616,3.306195396293682,0.4109132618000273,0.05646616165086147,20912.096855312586,21000.0,166,0.1399805145093767,0.0,0.0,0.0,5393,0,0,0,0.0,0.9713728985982192,0.0,0.0,0.0,1.0
2017-06-21,3.9361631870269775,3.651468628056087,3.3382882195674908,0.4049956929369228,0.0565846228670052,20912.096855312586,21000.0,166,0.13989760346237812,0.0,0.0,0.0,5312,0,0,0,0.0,0.971136009892509,0.0,0.0,0.0,1.0
2017-06-22,3.9090116024017334,3.67599653037472,3.371599788847946,0.40812941397010544,0.05636703258350977,20912.096855312586,21000.0,166,0.1398297429326299,0.0,0.0,0.0,5349,0,0,0,0.0,0.970942122664657,0.0,0.0,0.0,1.0
2017-06-23,3.796952962875366,3.687516190612877,3.4133365989025726,0.4264461752958045,0.05468441894855524,20912.096855312586,21000.0,166,0.1397978718726377,0.0,0.0,0.0,5507,0,0,0,0.0,0.9708510624932506,0.0,0.0,0.0,1.0
2017-06-26,3.7554855346679688,3.6939894614752666,3.4402196210811393,0.42332661186662396,0.054684200705976196,20912.096855312586,21000.0,166,0.13977996248991836,0.0,0.0,0.0,5568,0,0,0,0.0,0.9707998928283383,0.0,0.0,0.0,1.0
2017-06-27,3.618002414703369,3.686752599877943,3.4379091325440374,0.4411592447858239,0.06238986710389697,20912.096855312586,21000.0,166,0.3224338053759706,0.0,0.0,0.0,5780,0,0,0,0.0,0.9708570984962029,0.09323948829228478,0.0,1.0,1.0
2017-06-28,3.745612859725952,3.6923583389110872,3.457435060287765,0.457129171341179,0.06947652591434345,20912.096855312586,21000.0,166,0.139784475262346,0.0,0.0,0.0,5583,0,0,0,0.0,0.9708127864638457,0.0,0.0,0.0,1.0
2017-06-29,3.6204710006713867,3.685511925745401,3.458735969203996,0.4749738690782556,0.07164923989249489,20912.096855312586,21000.0,166,0.32068694721040497,0.0,0.0,0.0,5776,0,0,0,0.0,0.970866905729822,0.08823865772847803,0.0,1.0,1.0
2017-06-30,3.568143367767334,3.674333967842728,3.451665023134495,0.4777951960979411,0.07048093446722148,20912.096855312586,21000.0,166,0.3404104611796471,0.0,0.0,0.0,5860,0,0,0,0.0,0.9709552648256241,0.14450319568765355,0.0,1.0,1.0
2017-07-03,3.4390523433685303,3.651926194083281,3.3920755700515945,0.4814072533898962,0.07099104200015481,21412.096855312586,21500.0,166,0.3921402789371056,0.0,0.0,0.0,6226,0,0,0,0.0,0.9718037326410314,0.29145420717927056,0.0,1.0,1.0
2017-07-05,3.530871868133545,3.6403972106594966,3.3677171594737074,0.49236933528640897,0.07048916553704457,21412.096855312586,21500.0,166,0.34281313072563574,0.0,0.0,0.0,6064,0,0,0,0.0,0.9718927471176988,0.1504304835269748,0.0,1.0,1.0
2017-07-06,3.5414860248565674,3.6309770977258844,3.3457078743260333,0.49021564527114864,0.07773558315709918,21412.096855312586,21500.0,166,0.33331938708645564,0.0,0.0,0.0,6046,0,0,0,0.0,0.971965479152442,0.12323276966600273,0.0,1.0,1.0
2017-07-07,3.6224446296691895,3.6301644817204846,3.361154057962966,0.41693283896615635,0.08147043964125573,21412.096855312586,21500.0,166,0.29391163678784465,0.0,0.0,0.0,5910,0,0,0,0.0,0.9719717533039256,0.01063292323277367,0.0,1.0,1.0
2017-07-10,3.793743848800659,3.6457434690614536,3.3744119142938396,0.3892361826717798,0.08151896013300756,21412.096855312586,21500.0,166,0.14014801416035017,0.0,0.0,0.0,5644,0,0,0,0.0,0.971851469029572,0.0,0.0,0.0,1.0
2017-07-11,3.8475522994995117,3.664963357674602,3.3875065831784283,0.39178078024695656,0.0814931516459494,21412.096855312586,21500.0,166,0.14009607576367927,0.0,0.0,0.0,5565,0,0,0,0.0,0.9717030736105123,0.0,0.0,0.0,1.0
2017-07-12,4.011199474334717,3.6979382259279463,3.392039463891305,0.4166674594784351,0.08413587955470489,21412.096855312586,21500.0,166,0.14000696693365516,0.0,0.0,0.0,5338,0,0,0,0.0,0.9714484769533005,0.0,0.0,0.0,1.0
2017-07-13,3.9647953510284424,3.7233531902232317,3.400934878321078,0.4202488918340675,0.08426920635114042,21412.096855312586,21500.0,166,0.13993828742548975,0.0,0.0,0.0,5400,0,0,0,0.0,0.9712522497871137,0.0,0.0,0.0,1.0
2017-07-14,4.071425437927246,3.756502928099805,3.4030995993404,0.4286108746718204,0.08516521299280799,21412.096855312586,21500.0,166,0.13984870604080935,0.0,0.0,0.0,5259,0,0,0,0.0,0.9709963029737411,0.0,0.0,0.0,1.0
2017-07-17,4.054147720336914,3.7848500511700056,3.408649741291639,0.4284235847480088,0.08518817357259859,21412.096855312586,21500.0,166,0.13977210288497777,0.0,0.0,0.0,5281,0,0,0,0.0,0.9707774368142222,0.0,0.0,0.0,1.0
2017-07-18,4.0963544845581055,3.8145171400641105,3.414594839048423,0.4109604356649952,0.08006161623750803,21412.096855312586,21500.0,166,0.1396919327517337,0.0,0.0,0.0,5227,0,0,0,0.0,0.9705483792906678,0.0,0.0,0.0,1.0
2017-07-19,4.075128078460693,3.8393372294352135,3.4209695440187207,0.4117068450957939,0.07778727751548521,21412.096855312586,21500.0,166,0.13962486078929365,0.0,0.0,0.0,5254,0,0,0,0.0,0.9703567451122677,0.0,0.0,0.0,1.0
2017-07-20,4.134367942810059,3.86743539261377,3.4266858560304208,0.4114685956112569,0.07770385173573764,21412.096855312586,21500.0,166,0.139548930404146,0.0,0.0,0.0,5179,0,0,0,0.0,0.970139801154703,0.0,0.0,0.0,1.0
2017-07-21,4.149176597595215,3.8942678883262887,3.429695800631281,0.4098786395075737,0.07768589506753482,21412.096855312586,21500.0,166,0.1394764202645694,0.0,0.0,0.0,5160,0,0,0,0.0,0.9699326293273413,0.0,0.0,0.0,1.0
2017-07-24,4.101044654846191,3.9139609137091362,3.4331932524441493,0.3964821152094152,0.07789743090780375,21412.096855312586,21500.0,166,0.13942320329830227,0.0,0.0,0.0,5221,0,0,0,0.0,0.9697805808522922,0.0,0.0,0.0,1.0
2017-07-25,4.081298828125,3.9298978579392188,3.438794600531728,0.3939871299164813,0.07829534738544891,21412.096855312586,21500.0,166,0.13938013648622,0.0,0.0,0.0,5246,0,0,0,0.0,0.9696575328177716,0.0,0.0,0.0,1.0
2017-07-26,4.12844181060791,3.9488068058124277,3.456142557238054,0.3632964763490161,0.07103755883490397,21412.096855312586,21500.0,166,0.13932903835266502,0.0,0.0,0.0,5186,0,0,0,0.0,0.9695115381504715,0.0,0.0,0.0,1.0
2017-07-27,3.9921936988830566,3.9529388908667733,3.4619739336933733,0.3731989400784236,0.06541247324160733,21412.096855312586,21500.0,166,0.13931787211351815,0.0,0.0,0.0,5363,0,0,0,0.0,0.9694796346100519,0.0,0.0,0.0,1.0
2017-07-28,4.057602405548096,3.962906844645947,3.4839075480890056,0.3490352914087054,0.0561170231006552,21412.096855312586,21500.0,166,0.13929093545702653,0.0,0.0,0.0,5277,0,0,0,0.0,0.9694026727343615,0.0,0.0,0.0,1.0
2017-07-31,4.011199474334717,3.967506142711544,3.515441221613697,0.34685416213009806,0.056446712091382335,21412.096855312586,21500.0,166,0.13927850665620733,0.0,0.0,0.0,5338,0,0,0,0.0,0.9693671618748783,0.0,0.0,0.0,1.0
2017-08-01,4.060069561004639,3.9763217063585055,3.5867473211055083,0.3091052268053241,0.0564925666559997,21912.096855312586,22000.0,166,0.13949889585729863,0.0,0.0,0.0,5396,0,0,0,0.0,0.9699968453065676,0.0,0.0,0.0,1.0
2017-08-02,4.057602405548096,3.984062725328943,3.6513412967283614,0.30293309631722815,0.05648683879556152,21912.096855312586,22000.0,166,0.1394784525299267,0.0,0.0,0.0,5400,0,0,0,0.0,0.9699384357997907,0.0,0.0,0.0,1.0
2017-08-03,4.109189987182617,3.995979607410245,3.736482908710272,0.30313252787871076,0.04335403483929476,21912.096855312586,22000.0,166,0.13944698112770293,0.0,0.0,0.0,5332,0,0,0,0.0,0.9698485175077227,0.0,0.0,0.0,1.0
2017-08-04,4.1272077560424805,4.008477526327601,3.8251721932062854,0.2978721219772963,0.039028278755340186,21912.096855312586,22000.0,166,0.13941397526001664,0.0,0.0,0.0,5309,0,0,0,0.0,0.969754215028619,0.0,0.0,0.0,1.0
2017-08-07,4.254077911376953,4.031868039189444,3.8673914244455476,0.27270047901506594,0.03908017047886783,21912.096855312586,22000.0,166,0.13935220304195878,0.0,0.0,0.0,5150,0,0,0,0.0,0.9695777229770252,0.0,0.0,0.0,1.0
2017-08-08,4.2034783363342285,4.048211877012757,3.909749839421008,0.2778340450107931,0.040521597535578414,21912.096855312586,22000.0,166,0.13930904045207082,0.0,0.0,0.0,5212,0,0,0,0.0,0.969454401291631,0.0,0.0,0.0,1.0
2017-08-09,4.248154640197754,4.0672540449351375,3.9161295506162817,0.24061580788070472,0.033206067117876055,21912.096855312586,22000.0,166,0.13925875181769398,0.0,0.0,0.0,5158,0,0,0,0.0,0.9693107194791257,0.0,0.0,0.0,1.0
2017-08-10,4.06624174118042,4.067157635053736,3.928698500114554,0.2868216990369806,0.06268892660301731,21912.096855312586,22000.0,166,0.28965309350791907,0.0,0.0,0.0,5388,0,0,0,0.0,0.9693114469355036,0.0011259630871225238,0.0,1.0,1.0
2017-08-11,3.8495266437530518,4.046430873977481,3.8673924284223813,0.33030899693921983,0.06030806575182079,21912.096855312586,22000.0,166,0.5244708647559015,0.1354015722834573,1.0,0.39478110059842014,5692,2,2,2,7.6990532875061035,0.969467839769079,0.24330605953349674,1.0,1.0,1.0
2017-08-14,4.156580924987793,4.056921355026081,3.8766850518310503,0.440839371122544,0.07073615451292055,21904.39780202508,22000.0,168,0.13915695565111208,0.0,0.0,0.0,5269,0,0,0,0.0,0.9690198732888917,0.0,0.0,0.0,1.0
2017-08-15,4.121531009674072,4.063074655468747,3.8825337573089453,0.4409249313575715,0.07075025441328749,21904.39780202508,22000.0,168,0.1391405095572017,0.0,0.0,0.0,5314,0,0,0,0.0,0.9689728844491478,0.0,0.0,0.0,1.0
2017-08-16,4.076361656188965,4.064340084108768,3.8838329809348062,0.44241617769971775,0.06818100607549155,21904.39780202508,22000.0,168,0.1391371274115638,0.0,0.0,0.0,5373,0,0,0,0.0,0.9689632211758967,0.0,0.0,0.0,1.0
2017-08-17,3.9855291843414307,4.056834284130926,3.8702499995235384,0.44607954824425017,0.08723924192384003,21904.39780202508,22000.0,168,0.3199161289338492,0.0,0.0,0.0,5495,0,0,0,0.0,0.9690205381939093,0.08788268733137422,0.0,1.0,1.0
2017-08-18,3.986268997192383,4.0501137806129694,3.859883381530122,0.44573311113769515,0.08728247500110854,21904.39780202508,22000.0,168,0.316761627522328,0.0,0.0,0.0,5494,0,0,0,0.0,0.9690718584025919,0.07881850594691685,0.0,1.0,1.0
2017-08-21,3.92826509475708,4.03850914386479,3.8362842699071713,0.4467303514794069,0.08759933318868468,21904.39780202508,22000.0,168,0.3369780246151573,0.0,0.0,0.0,5576,0,0,0,0.0,0.9691604756286689,0.13649102327178075,0.0,1.0,1.0
2017-08-22,4.015718460083008,4.036338602552239,3.8324213071514417,0.4545602584028175,0.09483353543296211,21904.39780202508,22000.0,168,0.2981520624283253,0.0,0.0,0.0,5454,0,0,0,0.0,0.9691770506714192,0.025543127695224488,0.0,1.0,1.0
2017-08-23,4.096007347106934,4.042021340128876,3.8394908264081207,0.458481231753719,0.09535972697659083,21904.39780202508,22000.0,168,0.1391967793272919,0.0,0.0,0.0,5347,0,0,0,0.0,0.9691336552208341,0.0,0.0,0.0,1.0
2017-08-24,4.080938339233398,4.045727720995973,3.846526407222726,0.4420072454775171,0.09548636333102964,21904.39780202508,22000.0,168,0.1391868731820653,0.0,0.0,0.0,5367,0,0,0,0.0,0.969105351948758,0.0,0.0,0.0,1.0
2017-08-25,4.046847343444824,4.045834351705388,3.8463821796818563,0.43964811619702737,0.09582683121754886,21904.39780202508,22000.0,168,0.13918658818726015,0.0,0.0,0.0,5412,0,0,0,0.0,0.9691045376778862,0.0,0.0,0.0,1.0
2017-08-28,4.075503349304199,4.048659970524322,3.8514120457461094,0.43804332867606005,0.09589787855103742,21904.39780202508,22000.0,168,0.1391790360787804,0.0,0.0,0.0,5374,0,0,0,0.0,0.969082960225087,0.0,0.0,0.0,1.0
2017-08-29,4.068833351135254,4.05058124486822,3.853455168598701,0.43617058117298424,0.0954081353504387,21904.39780202508,22000.0,168,0.13917390103644306,0.0,0.0,0.0,5383,0,0,0,0.0,0.9690682886755517,0.0,0.0,0.0,1.0
2017-08-30,4.093043327331543,4.05462525272187,3.85762246942151,0.43657824346061064,0.09713688438157644,21904.39780202508,22000.0,168,0.13916309250636155,0.0,0.0,0.0,5351,0,0,0,0.0,0.969037407161033,0.0,0.0,0.0,1.0
2017-08-31,4.1859331130981445,4.067130763233896,3.8647734313414297,0.44160231778927883,0.09922761843532009,21904.39780202508,22000.0,168,0.13912966868735666,0.0,0.0,0.0,5232,0,0,0,0.0,0.9689419105353048,0.0,0.0,0.0,1.0
2017-09-01,4.211130619049072,4.080845035216294,3.8713013992938667,0.4417924125690719,0.09925165928198315,22404.39780202508,22500.0,168,0.13933539164130143,0.0,0.0,0.0,5320,0,0,0,0.0,0.9695296904037184,0.0,0.0,0.0,1.0
2017-09-05,4.098726272583008,4.0825480102036,3.8880249927437234,0.43817572618045125,0.10255810287959341,22404.39780202508,22500.0,168,0.13933094120000122,0.0,0.0,0.0,5466,0,0,0,0.0,0.9695169748571465,0.0,0.0,0.0,1.0
2017-09-06,4.096253871917725,4.08385333036685,3.8979722333317968,0.4364531891288196,0.10303405250528389,22404.39780202508,22500.0,168,0.13932752996330794,0.0,0.0,0.0,5469,0,0,0,0.0,0.9695072284665942,0.0,0.0,0.0,1.0
2017-09-07,4.1152777671813965,4.0868461338729976,3.918441587076464,0.4348641348211447,0.10303152817687626,22404.39780202508,22500.0,168,0.1393197087701452,0.0,0.0,0.0,5444,0,0,0,0.0,0.969484882200415,0.0,0.0,0.0,1.0
2017-09-08,4.043880462646484,4.082754165184759,3.914011548470287,0.41131870669293985,0.08837192276719301,22404.39780202508,22500.0,168,0.305992924042708,0.0,0.0,0.0,5540,0,0,0,0.0,0.9695154355666205,0.047607204555402384,0.0,1.0,1.0
2017-09-11,4.175062656402588,4.091545450062647,3.950428595491785,0.3748406788416714,0.09571652994832928,22404.39780202508,22500.0,168,0.13930742789050293,0.0,0.0,0.0,5366,0,0,0,0.0,0.9694497939728656,0.0,0.0,0.0,1.0
2017-09-12,4.190131664276123,4.100934613321073,3.9554005047617857,0.24735469928177836,0.09008630836700719,22404.39780202508,22500.0,168,0.1392828908771876,0.0,0.0,0.0,5346,0,0,0,0.0,0.969379688220536,0.0,0.0,0.0,1.0
2017-09-13,4.2089080810546875,4.111217800724274,3.956081658010572,0.24539742385921692,0.08998728718286211,22404.39780202508,22500.0,168,0.13925601748077387,0.0,0.0,0.0,5323,0,0,0,0.0,0.9693029070879254,0.0,0.0,0.0,1.0
2017-09-14,4.1849446296691895,4.118239403480933,3.957458144195616,0.24264382543821117,0.09016287978752713,22404.39780202508,22500.0,168,0.1392376676922365,0.0,0.0,0.0,5353,0,0,0,0.0,0.9692504791206757,0.0,0.0,0.0,1.0
2017-09-15,4.44952917098999,4.149790809910367,3.9315073509710534,0.3118050816357391,0.06748827475662436,22404.39780202508,22500.0,168,0.1391552133501009,0.0,0.0,0.0,5035,0,0,0,0.0,0.9690148952860026,0.0,0.0,0.0,1.0
2017-09-18,4.633332252502441,4.195842375871517,3.886624238667183,0.33543015237794077,0.06637565771770304,22404.39780202508,22500.0,168,0.1390348652577224,0.0,0.0,0.0,4835,0,0,0,0.0,0.9686710435934927,0.0,0.0,0.0,1.0
2017-09-19,4.628390312194824,4.237037417426118,3.8788317153012852,0.32684085183090006,0.06638048723051274,22404.39780202508,22500.0,168,0.13892720888245974,0.0,0.0,0.0,4840,0,0,0,0.0,0.968363453949885,0.0,0.0,0.0,1.0
2017-09-20,4.59108829498291,4.2707565486220025,3.8789267703023684,0.32754392603161375,0.05863093071455356,22404.39780202508,22500.0,168,0.13883908955293445,0.0,0.0,0.0,4879,0,0,0,0.0,0.9681116844369557,0.0,0.0,0.0,1.0
2017-09-21,4.465588092803955,4.289311933782188,3.8861545075281843,0.34509505375341204,0.05822462131073646,22404.39780202508,22500.0,168,0.13879059814638256,0.0,0.0,0.0,5017,0,0,0,0.0,0.967973137561093,0.0,0.0,0.0,1.0
2017-09-22,4.422107219696045,4.301959103869223,3.896877476821482,0.3476711047425842,0.05701376636625645,22404.39780202508,22500.0,168,0.13875754687522174,0.0,0.0,0.0,5066,0,0,0,0.0,0.9678787053577764,0.0,0.0,0.0,1.0
2017-09-25,4.224471092224121,4.294579293236356,3.9005418487260948,0.38685835045130984,0.058325429770386225,22404.39780202508,22500.0,168,0.3173452543634849,0.0,0.0,0.0,5303,0,0,0,0.0,0.9679338079438352,0.08162406166612166,0.0,1.0,1.0
2017-09-26,4.248189449310303,4.290161212862446,3.905515243709078,0.38665943227518723,0.05840107927064039,22404.39780202508,22500.0,168,0.3059090840906023,0.0,0.0,0.0,5273,0,0,0,0.0,0.9679667962772938,0.04891630112442725,0.0,1.0,1.0
2017-09-27,4.341323375701904,4.295033799799538,3.9207395210370626,0.3924336692169889,0.05935883702076507,22404.39780202508,22500.0,168,0.1387756450031905,0.0,0.0,0.0,5160,0,0,0,0.0,0.9679304142948301,0.0,0.0,0.0,1.0
2017-09-28,4.340087890625,4.299324665592439,3.9348834760783236,0.39254855146335554,0.05800098532432954,22404.39780202508,22500.0,168,0.13876443154058504,0.0,0.0,0.0,5162,0,0,0,0.0,0.9678983758302431,0.0,0.0,0.0,1.0
2017-09-29,4.416425704956055,4.310477145531832,3.9456767283153216,0.38959675626464374,0.05626941775218588,22404.39780202508,22500.0,168,0.13873528639301014,0.0,0.0,0.0,5072,0,0,0,0.0,0.967815103980029,0.0,0.0,0.0,1.0
2017-10-02,4.422107219696045,4.321108581166518,3.955444477897347,0.38946711419848556,0.05711839699032849,22904.39780202508,23000.0,168,0.1389529919751047,0.0,0.0,0.0,5179,0,0,0,0.0,0.9684371199288706,0.0,0.0,0.0,1.0
2017-10-03,4.431248188018799,4.331598067533402,3.977234825493028,0.3737115446377725,0.04725868494135021,22904.39780202508,23000.0,168,0.13892617537517543,0.0,0.0,0.0,5168,0,0,0,0.0,0.96836050107193,0.0,0.0,0.0,1.0
2017-10-04,4.468306064605713,4.344617876778384,4.00341606521627,0.37354841569732317,0.04689156893460889,22904.39780202508,23000.0,168,0.1388928899498013,0.0,0.0,0.0,5125,0,0,0,0.0,0.9682653998565753,0.0,0.0,0.0,1.0
2017-10-05,4.465834140777588,4.356162282873546,4.030051795563702,0.3739986174748021,0.04873405907587605,22904.39780202508,23000.0,168,0.13886337642465368,0.0,0.0,0.0,5128,0,0,0,0.0,0.9681810754990107,0.0,0.0,0.0,1.0
2017-10-06,4.4789276123046875,4.367854219009845,4.076456550780186,0.3652125264785332,0.04839031238488688,22904.39780202508,23000.0,168,0.13883348573574872,0.0,0.0,0.0,5113,0,0,0,0.0,0.9680956735307107,0.0,0.0,0.0,1.0
2017-10-09,4.579970836639404,4.388055801641232,4.103138481860132,0.3570936803522347,0.036206388744306706,22904.39780202508,23000.0,168,0.13878183995058674,0.0,0.0,0.0,5000,0,0,0,0.0,0.9679481141445336,0.0,0.0,0.0,1.0
2017-10-10,4.667423725128174,4.41466227054475,4.127182028227325,0.36057830465454244,0.03553590230140326,22904.39780202508,23000.0,168,0.13871381993443344,0.0,0.0,0.0,4907,0,0,0,0.0,0.9677537712412384,0.0,0.0,0.0,1.0
2017-10-11,4.7170796394348145,4.443463924724756,4.149769313610423,0.36097560534618656,0.03560538045972877,22904.39780202508,23000.0,168,0.13864018787939925,0.0,0.0,0.0,4855,0,0,0,0.0,0.9675433939411409,0.0,0.0,0.0,1.0
2017-10-12,4.719304084777832,4.469734416158381,4.183824209050182,0.358994011951568,0.036148621740248646,22904.39780202508,23000.0,168,0.1385730267969516,0.0,0.0,0.0,4853,0,0,0,0.0,0.9673515051341475,0.0,0.0,0.0,1.0
2017-10-13,4.807250499725342,4.501878805069521,4.182638899502308,0.2942142106699755,0.036046155929727555,22904.39780202508,23000.0,168,0.1384908489679092,0.0,0.0,0.0,4764,0,0,0,0.0,0.9671167113368835,0.0,0.0,0.0,1.0
2017-10-16,4.889764785766602,4.538820327040671,4.179526327234388,0.2646449057068522,0.03610526588725332,22904.39780202508,23000.0,168,0.13839640716391338,0.0,0.0,0.0,4684,0,0,0,0.0,0.9668468776111812,0.0,0.0,0.0,1.0
2017-10-17,4.885318279266357,4.571820132014546,4.178848708187219,0.26461477858247706,0.03613146910986473,22904.39780202508,23000.0,168,0.13831204244511058,0.0,0.0,0.0,4688,0,0,0,0.0,0.9666058355574589,0.0,0.0,0.0,1.0
2017-10-18,4.88111686706543,4.601276963924154,4.178404856116261,0.2619024002867571,0.03611728064421436,22904.39780202508,23000.0,168,0.1382367354139678,0.0,0.0,0.0,4692,0,0,0,0.0,0.9663906726113366,0.0,0.0,0.0,1.0
2017-10-19,4.886553764343262,4.628446183011689,4.180744155786261,0.2361105587125069,0.0328848155310221,22904.39780202508,23000.0,168,0.13816727671473533,0.0,0.0,0.0,4687,0,0,0,0.0,0.9661922191849581,0.0,0.0,0.0,1.0
2017-10-20,4.864320278167725,4.650910382550358,4.189381836555759,0.23261922855414766,0.03557406734901528,22904.39780202508,23000.0,168,0.13810984650026253,0.0,0.0,0.0,4708,0,0,0,0.0,0.966028132857893,0.0,0.0,0.0,1.0
2017-10-23,4.8574018478393555,4.670576236387405,4.2272002629856456,0.14423239475032065,0.038395418089456027,22904.39780202508,23000.0,168,0.13805957031740956,0.0,0.0,0.0,4715,0,0,0,0.0,0.9658844866211702,0.0,0.0,0.0,1.0
2017-10-24,4.908292293548584,4.693215860878946,4.267969523113928,0.1446255228491443,0.038102151839422026,22904.39780202508,23000.0,168,0.13800169162523118,0.0,0.0,0.0,4666,0,0,0,0.0,0.965719118929232,0.0,0.0,0.0,1.0
2017-10-25,4.784278392791748,4.70188848296588,4.299093041936449,0.17508136879405656,0.04242767191006388,22904.39780202508,23000.0,168,0.13797951987833068,0.0,0.0,0.0,4787,0,0,0,0.0,0.9656557710809449,0.0,0.0,0.0,1.0
2017-10-26,4.834426403045654,4.714511142021097,4.338066582252463,0.17500150319702198,0.04243270438697079,22904.39780202508,23000.0,168,0.13794724977605038,0.0,0.0,0.0,4737,0,0,0,0.0,0.9655635707887155,0.0,0.0,0.0,1.0
2017-10-27,4.98685359954834,4.740448518928454,4.367493714073039,0.19379701167911811,0.04852557636330339,22904.39780202508,23000.0,168,0.1378809403081307,0.0,0.0,0.0,4592,0,0,0,0.0,0.9653741151660878,0.0,0.0,0.0,1.0
2017-10-30,5.035768032073975,4.768574186847075,4.4002177299780625,0.1933133613291481,0.04985491145893079,22904.39780202508,23000.0,168,0.1378090364266692,0.0,0.0,0.0,4548,0,0,0,0.0,0.9651686755047691,0.0,0.0,0.0,1.0
2017-10-31,5.109140396118164,4.801009063920512,4.434293165027432,0.19452535100537605,0.0496216890143506,22904.39780202508,23000.0,168,0.1377261159583249,0.0,0.0,0.0,4483,0,0,0,0.0,0.9649317598809284,0.0,0.0,0.0,1.0
2017-11-01,5.118775367736816,4.831272521426826,4.469855567129631,0.19537480697632711,0.04967794351179272,23404.39780202508,23500.0,168,0.13791153939319584,0.0,0.0,0.0,4572,0,0,0,0.0,0.9654615411234168,0.0,0.0,0.0,1.0
2017-11-02,5.087647438049316,4.855689180152778,4.517742791719418,0.1991175531787699,0.04630521932245426,23404.39780202508,23500.0,168,0.13785044579604322,0.0,0.0,0.0,4600,0,0,0,0.0,0.965286987988695,0.0,0.0,0.0,1.0
2017-11-03,5.155584335327148,4.884250623502718,4.570180479819805,0.19999605659221562,0.04673560517672616,23404.39780202508,23500.0,168,0.13777898141863998,0.0,0.0,0.0,4539,0,0,0,0.0,0.9650828040532572,0.0,0.0,0.0,1.0
2017-11-06,5.178806304931641,4.912303545543567,4.608183745606544,0.19162031734995394,0.045767602771258756,23404.39780202508,23500.0,168,0.1377087894264697,0.0,0.0,0.0,4519,0,0,0,0.0,0.9648822555041991,0.0,0.0,0.0,1.0
2017-11-07,5.23809814453125,4.943331602590013,4.631511526781018,0.1866713844483092,0.04560602020101345,23404.39780202508,23500.0,168,0.13763115326671094,0.0,0.0,0.0,4468,0,0,0,0.0,0.9646604379048884,0.0,0.0,0.0,1.0
2017-11-08,5.167197227478027,4.9646521382936335,4.657857569209481,0.19783491159154512,0.04551694443565134,23404.39780202508,23500.0,168,0.13757780656460994,0.0,0.0,0.0,4529,0,0,0,0.0,0.9645080187560285,0.0,0.0,0.0,1.0
2017-11-09,5.072330951690674,4.974907263379066,4.68887436351867,0.2137506671854136,0.04754963382145723,23404.39780202508,23500.0,168,0.1375521469324813,0.0,0.0,0.0,4614,0,0,0,0.0,0.9644347055213752,0.0,0.0,0.0,1.0
2017-11-10,5.339633941650391,5.009643137500144,4.696420688145375,0.27166958714119105,0.047858635433214704,23404.39780202508,23500.0,168,0.13746523334106342,0.0,0.0,0.0,4383,0,0,0,0.0,0.9641863809744671,0.0,0.0,0.0,1.0
2017-11-13,5.252921104431152,5.03281246768405,4.708038313340693,0.2782835328536003,0.047685130034551035,23404.39780202508,23500.0,168,0.1374072607191565,0.0,0.0,0.0,4455,0,0,0,0.0,0.9640207449118757,0.0,0.0,0.0,1.0
2017-11-14,5.291212558746338,5.057422000166174,4.720788956674325,0.27799136735141533,0.04873310693862947,23404.39780202508,23500.0,168,0.13734568452724377,0.0,0.0,0.0,4423,0,0,0,0.0,0.9638448129349823,0.0,0.0,0.0,1.0
2017-11-15,5.187453269958496,5.069805930622586,4.738170214025606,0.29016675099780814,0.053013260742996636,23404.39780202508,23500.0,168,0.13731469835231452,0.0,0.0,0.0,4511,0,0,0,0.0,0.963756281006613,0.0,0.0,0.0,1.0
2017-11-16,5.227721691131592,5.084845526861539,4.757400258245907,0.2904908908646696,0.060366349653460404,23404.39780202508,23500.0,168,0.13727706736257622,0.0,0.0,0.0,4476,0,0,0,0.0,0.963648763893075,0.0,0.0,0.0,1.0
2017-11-17,5.22154426574707,5.097864454374446,4.782323954074736,0.2894915041898081,0.058684683755445895,23404.39780202508,23500.0,168,0.1372444923439482,0.0,0.0,0.0,4482,0,0,0,0.0,0.9635556924112806,0.0,0.0,0.0,1.0
2017-11-20,5.288742542266846,5.116043319888008,4.812371551795772,0.2905767672691768,0.056808228264429904,23404.39780202508,23500.0,168,0.137199006501727,0.0,0.0,0.0,4425,0,0,0,0.0,0.9634257328620772,0.0,0.0,0.0,1.0
2017-11-21,5.337409496307373,5.1371258128803285,4.837104953930306,0.2902593910778552,0.06082374319824584,23404.39780202508,23500.0,168,0.13714625541287812,0.0,0.0,0.0,4384,0,0,0,0.0,0.9632750154653662,0.0,0.0,0.0,1.0
2017-11-22,5.313430309295654,5.153916717300835,4.898044437262891,0.2708586834380226,0.05785894244604427,23404.39780202508,23500.0,168,0.13710424242649832,0.0,0.0,0.0,4404,0,0,0,0.0,0.9631549783614238,0.0,0.0,0.0,1.0
2017-11-24,5.363615989685059,5.1738880765755235,4.958923915407595,0.2706253499755834,0.0580139820732094,23404.39780202508,23500.0,168,0.13705427153605781,0.0,0.0,0.0,4363,0,0,0,0.0,0.9630122043887367,0.0,0.0,0.0,1.0
2017-11-27,5.293900966644287,5.185317875629692,4.991210228703286,0.259403611573265,0.05137924993356879,23404.39780202508,23500.0,168,0.137025672719701,0.0,0.0,0.0,4421,0,0,0,0.0,0.96293049348486,0.0,0.0,0.0,1.0
2017-11-28,5.209103107452393,5.1875831358032825,5.012439077326458,0.2666651713956995,0.059503993462969,23404.39780202508,23500.0,168,0.1370200047495645,0.0,0.0,0.0,4492,0,0,0,0.0,0.9629142992844701,0.0,0.0,0.0,1.0
2017-11-29,4.855831623077393,5.155987753638913,4.92014502022635,0.3588654607084481,0.05971716185339997,23404.39780202508,23500.0,168,0.5389754134348688,0.16177347897248864,1.0,0.4132414352807421,4819,2,2,2,9.711663246154785,0.9631401726548368,0.29107529430193135,1.0,1.0,1.0
2017-11-30,4.961887359619141,5.137502001827506,4.879482886480414,0.36880099835247,0.06497102690983537,23394.686138778925,23500.0,170,0.3468123316284019,0.0,0.0,0.0,4714,0,0,0,0.0,0.9628350919016734,0.17091442703661786,0.0,1.0,1.0
2017-12-01,4.886981010437012,5.113642859790316,4.823287476083773,0.37172914466017787,0.06594736037104,23894.686138778925,24000.0,170,0.3648910503154578,0.0,0.0,0.0,4889,0,0,0,0.0,0.9637783630764852,0.22162463782482295,0.0,1.0,1.0
2017-12-04,4.614547252655029,5.06610994482505,4.677284862073483,0.41311922177437554,0.06601167150478013,23894.686138778925,24000.0,170,0.5934247857960957,0.26077233781108305,1.0,0.48254063646775813,5178,2,2,2,9.229094505310059,0.9641150545574892,0.44567004771707025,1.0,1.0,1.0
2017-12-05,4.6412482261657715,5.025646924000356,4.571906280573245,0.4135435588454047,0.06809754125769978,23885.457044273615,24000.0,172,0.42124696319799043,0.0,0.0,0.0,5146,0,0,0,0.0,0.9639828637113308,0.38243703114007055,0.0,1.0,1.0
2017-12-06,4.678824424743652,4.9926162097854325,4.49771909148792,0.4119280870885429,0.06808441150384378,23885.457044273615,24000.0,172,0.3974664070616954,0.0,0.0,0.0,5105,0,0,0,0.0,0.964219583829871,0.3142558649178303,0.0,1.0,1.0
2017-12-07,4.746315002441406,4.969158951943145,4.449289288673508,0.41645028482789165,0.06848971769305025,23885.457044273615,24000.0,172,0.366015153047813,0.0,0.0,0.0,5032,0,0,0,0.0,0.9643876941777408,0.22422702881601078,0.0,1.0,1.0
2017-12-08,4.733954906463623,4.946758566659381,4.403093038996664,0.4129389439995189,0.06816050973020403,23885.457044273615,24000.0,172,0.3628747957253278,0.0,0.0,0.0,5045,0,0,0,0.0,0.9645482302722744,0.2150940432286623,0.0,1.0,1.0
2017-12-11,4.81232213973999,4.933955097428963,4.3937405479306495,0.3653256953267733,0.06797100125644887,23885.457044273615,24000.0,172,0.3307653849211813,0.0,0.0,0.0,4963,0,0,0,0.0,0.9646399884684258,0.12326111130637803,0.0,1.0,1.0
2017-12-12,4.7178850173950195,4.913376994568588,4.363415174038563,0.36690987570436434,0.0679445528003744,23885.457044273615,24000.0,172,0.3573040903148705,0.0,0.0,0.0,5062,0,0,0,0.0,0.9647874648722584,0.198938507455943,0.0,1.0,1.0
2017-12-13,4.602682590484619,4.8837870513224955,4.319505855313362,0.36996403499815517,0.06687586838603511,23885.457044273615,24000.0,172,0.38847756885228096,0.0,0.0,0.0,5189,0,0,0,0.0,0.9649995261321888,0.2877935277314714,0.0,1.0,1.0
2017-12-14,4.609851360321045,4.857697937893786,4.2781762889097825,0.36777666645315754,0.06498923835384836,23885.457044273615,24000.0,172,0.3771027344277433,0.0,0.0,0.0,5181,0,0,0,0.0,0.9651864981117612,0.25510702882464814,0.0,1.0,1.0
2017-12-15,4.7356858253479,4.846077736698939,4.273409414756869,0.3834105775307007,0.06607314332636016,23885.457044273615,24000.0,172,0.3277087935177338,0.0,0.0,0.0,5043,0,0,0,0.0,0.9652697762203243,0.11389820525891518,0.0,1.0,1.0
2017-12-18,4.892421245574951,4.850491404210941,4.294262802559375,0.4061514235310319,0.06517717780946218,23885.457044273615,24000.0,172,0.13783335072777086,0.0,0.0,0.0,4882,0,0,0,0.0,0.9652381449364883,0.0,0.0,0.0,1.0
2017-12-19,4.84816837310791,4.8502701631535095,4.3222084831018766,0.40227398444961565,0.06786143711319437,23885.457044273615,24000.0,172,0.2885922412834629,0.0,0.0,0.0,4926,0,0,0,0.0,0.9652397304973999,0.0021666731696371832,0.0,1.0,1.0
2017-12-20,4.8652262687683105,4.851694554164443,4.366878498158643,0.4002958411647426,0.06619466098465122,23885.457044273615,24000.0,172,0.13783033282663748,0.0,0.0,0.0,4909,0,0,0,0.0,0.9652295223618215,0.0,0.0,0.0,1.0
2017-12-21,4.842729091644287,4.850840700591095,4.4134445677151035,0.4002968986002021,0.06565523203532983,23885.457044273615,24000.0,172,0.29075883652708784,0.0,0.0,0.0,4932,0,0,0,0.0,0.9652356416457638,0.008361034145915816,0.0,1.0,1.0
2017-12-22,4.827402114868164,4.848608454331769,4.485456828389813,0.39703550408450716,0.06606247860204821,23885.457044273615,24000.0,172,0.2954920418158528,0.0,0.0,0.0,4947,0,0,0,0.0,0.9652516394106223,0.021868480063242907,0.0,1.0,1.0
2017-12-26,4.881046772003174,4.851697817919522,4.562926553666557,0.39976767703907173,0.06636562458992296,23885.457044273615,24000.0,172,0.13783032464005185,0.0,0.0,0.0,4893,0,0,0,0.0,0.9652294989715767,0.0,0.0,0.0,1.0
2017-12-27,4.8743720054626465,4.8538572643522,4.635028142840927,0.39717573127384637,0.05859911285749395,23885.457044273615,24000.0,172,0.13782490802858322,0.0,0.0,0.0,4900,0,0,0,0.0,0.9652140229388092,0.0,0.0,0.0,1.0
2017-12-28,4.880058765411377,4.8563526454054555,4.635531134206357,0.3148330840030169,0.05841105719220461,23885.457044273615,24000.0,172,0.13781864878110794,0.0,0.0,0.0,4894,0,0,0,0.0,0.9651961393745943,0.0,0.0,0.0,1.0
2017-12-29,4.78364372253418,4.849427986084382,4.645303437296163,0.31193890910037325,0.05632620719532681,23885.457044273615,24000.0,172,0.3115754079233917,0.0,0.0,0.0,4993,0,0,0,0.0,0.9652457660997286,0.06782682796710499,0.0,1.0,1.0
2018-01-02,4.9282660484313965,4.856936372974573,4.6472324902677,0.3271354160210145,0.06185707836119293,24385.457044273615,24500.0,172,0.13806581348354818,0.0,0.0,0.0,4948,0,0,0,0.0,0.9659023242387091,0.0,0.0,0.0,1.0
2018-01-03,5.252615451812744,4.894620094768684,4.608139787852907,0.33381947779932325,0.06417090334453121,24385.457044273615,24500.0,172,0.1379732191957112,0.0,0.0,0.0,4642,0,0,0,0.0,0.9656377691306035,0.0,0.0,0.0,1.0
2018-01-04,5.280303478240967,4.931351845575568,4.586458454587545,0.3338432307727796,0.061826072347322944,24385.457044273615,24500.0,172,0.13788296403658573,0.0,0.0,0.0,4618,0,0,0,0.0,0.9653798972473878,0.0,0.0,0.0,1.0
2018-01-05,5.325048923492432,4.968846805377175,4.5704721390347025,0.3338672326937863,0.06409749392835619,24385.457044273615,24500.0,172,0.13779083356393035,0.0,0.0,0.0,4579,0,0,0,0.0,0.9651166673255154,0.0,0.0,0.0,1.0
2018-01-08,5.4882121086120605,5.0183101675900215,4.539224102338635,0.34366440937162257,0.06404515215248144,24385.457044273615,24500.0,172,0.13766929501677877,0.0,0.0,0.0,4443,0,0,0,0.0,0.9647694143336537,0.0,0.0,0.0,1.0
2018-01-09,5.486730098724365,5.062921589602817,4.526875354196305,0.34285254213078303,0.06277630995080376,24385.457044273615,24500.0,172,0.13755967837983302,0.0,0.0,0.0,4444,0,0,0,0.0,0.9644562239423802,0.0,0.0,0.0,1.0
2018-01-10,5.529744625091553,5.107380926316029,4.516041296883572,0.34123336343196614,0.0634144052650915,24385.457044273615,24500.0,172,0.1374504354381949,0.0,0.0,0.0,4409,0,0,0,0.0,0.9641441012519855,0.0,0.0,0.0,1.0
2018-01-11,5.5396342277526855,5.148547907405234,4.521535953720022,0.32709087856459285,0.06623503672841663,24385.457044273615,24500.0,172,0.13734928228466142,0.0,0.0,0.0,4401,0,0,0,0.0,0.9638550922418898,0.0,0.0,0.0,1.0
2018-01-12,5.512439727783203,5.183204271250755,4.552803198071749,0.30801602863010463,0.06772655205973858,24385.457044273615,24500.0,172,0.1372641266477838,0.0,0.0,0.0,4423,0,0,0,0.0,0.9636117904222395,0.0,0.0,0.0,1.0
2018-01-16,5.441489219665527,5.207802837766447,4.595520404333278,0.3169146010053299,0.0670720572227614,24385.457044273615,24500.0,172,0.13720368445577386,0.0,0.0,0.0,4481,0,0,0,0.0,0.9634390984450683,0.0,0.0,0.0,1.0
2018-01-17,5.555454730987549,5.240912541882743,4.624608611671399,0.312694360526814,0.06766900945857623,24385.457044273615,24500.0,172,0.13712232918280237,0.0,0.0,0.0,4389,0,0,0,0.0,0.9632066548080068,0.0,0.0,0.0,1.0
2018-01-18,5.548532485961914,5.2702096794140925,4.642288226162971,0.2999216104795601,0.06804776624092737,24385.457044273615,24500.0,172,0.13705034193058246,0.0,0.0,0.0,4394,0,0,0,0.0,0.9630009769445215,0.0,0.0,0.0,1.0
2018-01-19,5.6887054443359375,5.310066418930458,4.6646713191172084,0.3010933975155695,0.06564635162671245,24385.457044273615,24500.0,172,0.13695240822777083,0.0,0.0,0.0,4286,0,0,0,0.0,0.9627211663650597,0.0,0.0,0.0,1.0
2018-01-22,5.777209281921387,5.354556215405784,4.688133580815661,0.30164673934004776,0.06748923071746764,24385.457044273615,24500.0,172,0.13684309044214577,0.0,0.0,0.0,4220,0,0,0,0.0,0.9624088298347022,0.0,0.0,0.0,1.0
2018-01-23,5.906256675720215,5.407099116388111,4.7157035203642765,0.3009201491044346,0.06746227882219667,24385.457044273615,24500.0,172,0.13671398502830345,0.0,0.0,0.0,4128,0,0,0,0.0,0.9620399572237243,0.0,0.0,0.0,1.0
2018-01-24,5.829370498657227,5.44731543850898,4.762671344326396,0.3086328216890776,0.0675286556026657,24385.457044273615,24500.0,172,0.1366151677796636,0.0,0.0,0.0,4183,0,0,0,0.0,0.9617576222276104,0.0,0.0,0.0,1.0
2018-01-25,5.842967510223389,5.484996588196066,4.8115351647914,0.3096529637563994,0.06651768237750212,24385.457044273615,24500.0,172,0.13652257981186106,0.0,0.0,0.0,4173,0,0,0,0.0,0.961493085176746,0.0,0.0,0.0,1.0
2018-01-26,6.015525817871094,5.53552318149845,4.86461101529867,0.3150312341041234,0.07313064371163136,24385.457044273615,24500.0,172,0.13639842875403235,0.0,0.0,0.0,4053,0,0,0,0.0,0.9611383678686639,0.0,0.0,0.0,1.0
2018-01-29,6.10254430770874,5.589525193518478,4.926279464395975,0.3131935872001509,0.08147366866295892,24385.457044273615,24500.0,172,0.13626573809592596,0.0,0.0,0.0,3995,0,0,0,0.0,0.9607592517026458,0.0,0.0,0.0,1.0
2018-01-30,6.00044584274292,5.628660493444615,5.039069318912473,0.3093584056238702,0.09106220769913478,24385.457044273615,24500.0,172,0.13616957707325034,0.0,0.0,0.0,4063,0,0,0,0.0,0.9604845059235725,0.0,0.0,0.0,1.0
2018-01-31,6.076587200164795,5.671320179798919,5.137171046518197,0.3014909508341564,0.08891559252573471,24385.457044273615,24500.0,172,0.13606475612963692,0.0,0.0,0.0,4013,0,0,0,0.0,0.9601850175132484,0.0,0.0,0.0,1.0
2018-02-01,5.945563793182373,5.697438619168771,5.185099107176239,0.2435981549340547,0.08816130474309641,24885.457044273615,25000.0,172,0.1362805678050416,0.0,0.0,0.0,4185,0,0,0,0.0,0.9608016223001189,0.0,0.0,0.0,1.0
2018-02-02,5.773006439208984,5.704635554410697,5.230201521672221,0.27407792870403536,0.12012164669075877,24885.457044273615,25000.0,172,0.15598494435109067,0.0,0.0,0.0,4310,0,0,0,0.0,0.9607521073856544,0.0,0.0,0.0,0.9013914661694415
2018-02-05,5.283022880554199,5.664481966424364,5.182385750496716,0.4187502674667591,0.1882488464263673,24885.457044273615,25000.0,172,0.43346712977004614,0.0,0.0,0.0,4710,0,0,0,0.0,0.9610283640710003,0.33671136048382216,0.0,1.0,0.8537088691207086
2018-02-06,5.576714515686035,5.656123161592142,5.181306048850519,0.4511235160949877,0.19993148426643564,24885.457044273615,25000.0,172,0.33488393191403376,0.0,0.0,0.0,4462,0,0,0,0.0,0.9610858726482461,0.07019706222570518,0.0,1.0,0.8803254764592456
2018-02-07,5.6563191413879395,5.6561418263346,5.193073284136112,0.4534466190067819,0.2002669569481137,24885.457044273615,25000.0,172,0.15901153366096712,0.0,0.0,0.0,4399,0,0,0,0.0,0.961085744234818,0.0,0.0,0.0,0.8868423841060955
2018-02-08,5.37746000289917,5.62960070029313,5.148024270268409,0.4876257347880102,0.23819054249366944,24885.457044273615,25000.0,172,0.42362214836891654,0.0,0.0,0.0,4627,0,0,0,0.0,0.9612683471819833,0.22394190175941905,0.0,1.0,0.7060071938028709
2018-02-09,5.7374067306518555,5.639867941279675,5.166038794835653,0.5440290705264138,0.24419292162433243,24885.457044273615,25000.0,172,0.16510822325140728,0.0,0.0,0.0,4337,0,0,0,0.0,0.9611977085639958,0.0,0.0,0.0,0.856554873729956
2018-02-12,5.637283802032471,5.639621832779942,5.174786998643722,0.5480460168802698,0.2491179765087529,24885.457044273615,25000.0,172,0.3204876783071948,0.0,0.0,0.0,4414,0,0,0,0.0,0.961199401790474,0.0020728612811248552,0.0,1.0,0.8332880688393234
2018-02-13,5.751002788543701,5.6502295428526805,5.206932689049431,0.5489507904030511,0.24966071110829913,24885.457044273615,25000.0,172,0.1699297042642127,0.0,0.0,0.0,4327,0,0,0,0.0,0.9611264207451735,0.0,0.0,0.0,0.8323227149829899
2018-02-14,5.96830940246582,5.680522862815836,5.237718080941836,0.5592706077631626,0.25245692174444395,24885.457044273615,25000.0,172,0.1671027930264689,0.0,0.0,0.0,4169,0,0,0,0.0,0.960918002703827,0.0,0.0,0.0,0.8460925395993526
2018-02-15,6.093893527984619,5.7198914975938155,5.268645178106913,0.561988207617932,0.2571937186390087,24885.457044273615,25000.0,172,0.17204691801919292,0.0,0.0,0.0,4083,0,0,0,0.0,0.9606471464965546,0.0,0.0,0.0,0.8208979162730059
2018-02-16,6.028134822845459,5.749248004760639,5.2904704971578775,0.5595695826664501,0.2564559304044062,24885.457044273615,25000.0,172,0.17250035949947,0.0,0.0,0.0,4128,0,0,0,0.0,0.9604451737272468,0.0,0.0,0.0,0.8182772565253318
2018-02-20,6.157677173614502,5.7881460208419595,5.305713614601505,0.5616573748067203,0.2544756894843103,24885.457044273615,25000.0,172,0.16820947186333132,0.0,0.0,0.0,4041,0,0,0,0.0,0.9601775553766073,0.0,0.0,0.0,0.839263362592406
2018-02-21,5.970531940460205,5.80551610842465,5.320320041305865,0.5696986010759902,0.25427244186900944,24885.457044273615,25000.0,172,0.16260286721878037,0.0,0.0,0.0,4168,0,0,0,0.0,0.9600580491740384,0.0,0.0,0.0,0.8670872499606652
2018-02-22,5.990074157714844,5.823093065499906,5.333418988635819,0.5672515895208126,0.254474694278233,24885.457044273615,25000.0,172,0.164459983575478,0.0,0.0,0.0,4154,0,0,0,0.0,0.9599371197093607,0.0,0.0,0.0,0.857590041613991
2018-02-23,6.083581924438477,5.84790152825596,5.34717610544264,0.5693174914588611,0.2625583691539133,24885.457044273615,25000.0,172,0.17452718841215753,0.0,0.0,0.0,4090,0,0,0,0.0,0.959766437485599,0.0,0.0,0.0,0.8069553235390103
2018-02-26,6.099659442901611,5.871878472507928,5.364328808087591,0.5604003938517415,0.2625017452660234,24885.457044273615,25000.0,172,0.1800531083967668,0.0,0.0,0.0,4079,0,0,0,0.0,0.9596014761091455,0.0,0.0,0.0,0.7790370412071703
2018-02-27,6.086795330047607,5.892346744654564,5.38629918439858,0.558317353835349,0.2649216397956715,24885.457044273615,25000.0,172,0.18456437590274727,0.0,0.0,0.0,4088,0,0,0,0.0,0.9594606543967766,0.0,0.0,0.0,0.7562342656806225
2018-02-28,5.986364364624023,5.901300803699273,5.396010005261489,0.5582237293556146,0.26501211580669365,24885.457044273615,25000.0,172,0.1847216119920999,0.0,0.0,0.0,4157,0,0,0,0.0,0.959399050470549,0.0,0.0,0.0,0.7553402783629608
2018-03-01,5.744189739227295,5.886337845178133,5.3886842481139885,0.574439775306124,0.2679317556635333,25385.457044273615,25500.0,172,0.3710344010818012,0.0,0.0,0.0,4419,0,0,0,0.0,0.9602960741423279,0.12074409394228063,0.0,1.0,0.7866482887390587
2018-03-02,5.851298809051514,5.883000794118455,5.387482774671285,0.5741788279204738,0.2692268843910038,25385.457044273615,25500.0,172,0.34009264070709033,0.0,0.0,0.0,4338,0,0,0,0.0,0.9603185828788873,0.02694371986030924,0.0,1.0,0.7772458262581423
2018-03-05,5.82928466796875,5.877884972580388,5.3833937204778985,0.5642596141213658,0.26334349334697016,25385.457044273615,25500.0,172,0.34348060260178087,0.0,0.0,0.0,4354,0,0,0,0.0,0.9603530895967127,0.04134166017058187,0.0,1.0,0.7855627990838612
2018-03-06,5.990321636199951,5.8885932262584415,5.467785187286469,0.4704422706772558,0.2159243325722481,25385.457044273615,25500.0,172,0.17297551592590427,0.0,0.0,0.0,4237,0,0,0,0.0,0.9602808613758254,0.0,0.0,0.0,0.8156139277781729
2018-03-07,5.982406139373779,5.897527789412283,5.499971732271922,0.43398406051043714,0.20765783551233002,25385.457044273615,25500.0,172,0.18776058230968062,0.0,0.0,0.0,4243,0,0,0,0.0,0.9602205968714151,0.0,0.0,0.0,0.7415831329765732
2018-03-08,5.966079235076904,5.904056498523199,5.522853805462468,0.4327732074965058,0.2069481163243742,25385.457044273615,25500.0,172,0.18752579967990896,0.0,0.0,0.0,4254,0,0,0,0.0,0.9601765600883926,0.0,0.0,0.0,0.7426799817551422
2018-03-09,6.0687384605407715,5.919740494905826,5.6299687646742615,0.3882275833468316,0.1564804146077868,25385.457044273615,25500.0,172,0.13602476949830072,0.0,0.0,0.0,4182,0,0,0,0.0,0.9600707699951451,0.0,0.0,0.0,1.0
2018-03-12,6.178322792053223,5.944367380348434,5.655979555013338,0.3197875998294887,0.1518062855101176,25385.457044273615,25500.0,172,0.18487488821556664,0.0,0.0,0.0,4108,0,0,0,0.0,0.959904659238434,0.0,0.0,0.0,0.7554587125894263
2018-03-13,6.127613544464111,5.961819395978498,5.713019778301973,0.31321728989322617,0.14965114157614973,25385.457044273615,25500.0,172,0.18709493625397022,0.0,0.0,0.0,4142,0,0,0,0.0,0.9597869436820274,0.0,0.0,0.0,0.7441524701736968
2018-03-14,6.153091907501221,5.980035825647329,5.7509768676290305,0.3076053262751143,0.15214863484193603,25385.457044273615,25500.0,172,0.19892538034518722,0.0,0.0,0.0,4125,0,0,0,0.0,0.9596640720779867,0.0,0.0,0.0,0.6847852244105406
2018-03-15,6.167933464050293,5.997930838828564,5.760703915413321,0.2797775040146902,0.14580811844630706,25385.457044273615,25500.0,172,0.2160391658258057,0.0,0.0,0.0,4115,0,0,0,0.0,0.9595433684596661,0.0,0.0,0.0,0.5990050656753871
2018-03-16,6.196134567260742,6.016807384393533,5.769395733387525,0.2707112954419325,0.13982945469853333,25385.457044273615,25500.0,172,0.21312719534169344,0.0,0.0,0.0,4096,0,0,0,0.0,0.9594160443091887,0.0,0.0,0.0,0.6133421008326128
2018-03-19,5.961627960205078,6.01155220113749,5.762090933322943,0.30157956356296484,0.14915250719169382,25385.457044273615,25500.0,172,0.36334888212068683,0.0,0.0,0.0,4258,0,0,0,0.0,0.9594514910354648,0.04152358597415583,0.0,1.0,0.6849619741634017
2018-03-20,6.1738691329956055,6.027010956552549,5.7757011068514235,0.31882018775999427,0.14781127532811564,25385.457044273615,25500.0,172,0.17628137422957524,0.0,0.0,0.0,4111,0,0,0,0.0,0.9593472202146259,0.0,0.0,0.0,0.7974507642277189
2018-03-21,6.14863920211792,6.038594598987346,5.78362062880075,0.29821425855235156,0.14655554075203714,25385.457044273615,25500.0,172,0.1966073852849781,0.0,0.0,0.0,4128,0,0,0,0.0,0.959269087410752,0.0,0.0,0.0,0.6956839765439256
2018-03-22,5.98265266418457,6.0332667956727954,5.777969776157391,0.3149033702230315,0.17197266696719726,25385.457044273615,25500.0,172,0.39525039191042055,0.0,0.0,0.0,4243,0,0,0,0.0,0.9593050239664423,0.04194587542898551,0.0,1.0,0.5259371143898961
2018-03-23,5.762988090515137,6.007525966610161,5.725204767915615,0.33492034427424294,0.1733193044839951,25385.457044273615,25500.0,172,0.43498686399150077,0.0,0.0,0.0,4404,0,0,0,0.0,0.9594786483820805,0.20352627475450477,0.0,1.0,0.6103242955315202
2018-03-26,6.047712802886963,6.011353284350808,5.731056907478034,0.38222037067756715,0.19754429876245116,25385.457044273615,25500.0,172,0.21333198613129742,0.0,0.0,0.0,4197,0,0,0,0.0,0.9594528327486926,0.0,0.0,0.0,0.6123825266537248
2018-03-27,5.578697681427002,5.970147988834255,5.62959893516149,0.4708758254697172,0.20141101206459336,25385.457044273615,25500.0,172,0.5610021295817875,0.20182205378506818,1.0,0.4412754376495478,4550,2,2,2,11.157395362854004,0.9597307665066865,0.3278397019130582,1.0,1.0,0.9482376718256156
2018-03-28,5.475544452667236,5.923042890151682,5.510736498999074,0.4716333852285112,0.19879147268928984,25374.29964891076,25500.0,174,0.5726534037003177,0.22300618854603213,1.0,0.45610433198222256,4634,2,2,2,10.951088905334473,0.9595839426319062,0.3777605917969181,1.0,1.0,0.9770859167488539
2018-03-29,5.728851318359375,5.904548454742891,5.490425514502151,0.4831007392645402,0.201511732745174,25363.348560005426,25500.0,176,0.3382460949426854,0.0,0.0,0.0,4427,0,0,0,0.0,0.9592470381162843,0.14878117923004341,0.0,1.0,0.9978189056426461
2018-04-02,5.468123435974121,5.862984167241104,5.3941708136336155,0.5040313879368513,0.2143319956644261,25863.348560005426,26000.0,176,0.4120286170832312,0.0,0.0,0.0,4729,0,0,0,0.0,0.9603121071755987,0.3367404038656895,0.0,1.0,0.9596988089060978
2018-04-03,5.574491500854492,5.8355086752042835,5.339868279948713,0.5102005584185515,0.21567647119252967,25863.348560005426,26000.0,176,0.3701864892303501,0.0,0.0,0.0,4639,0,0,0,0.0,0.960498095121694,0.22364560561693783,0.0,1.0,0.971319030140855
2018-04-04,5.596508502960205,5.812746754038181,5.29526776573711,0.49892676318254264,0.2204472503438778,25863.348560005426,26000.0,176,0.3741215140719343,0.0,0.0,0.0,4621,0,0,0,0.0,0.9606521758188185,0.18600350249884248,0.0,1.0,0.886039866696235
2018-04-05,5.476287841796875,5.780703048110437,5.228364630338029,0.5031843203530928,0.22241246847888332,25863.348560005426,26000.0,176,0.4013947733789953,0.0,0.0,0.0,4722,0,0,0,0.0,0.9608690870589447,0.26330292680668643,0.0,1.0,0.885327157369878
2018-04-06,5.299909591674805,5.734913195116567,5.124200473904323,0.513036916060574,0.23313019546018948,25863.348560005426,26000.0,176,0.4523791018521176,0.004325639731122897,1.0,0.30302794781178605,4879,2,2,2,10.59981918334961,0.9611790491407494,0.3792591000437283,0.0,1.0,0.8338712518122477
2018-04-09,5.328606605529785,5.696217329441636,5.050480325257405,0.5078257237388777,0.22240141679733977,25852.748740822077,26000.0,178,0.4187264604946884,0.0,0.0,0.0,4851,0,0,0,0.0,0.9610028198215149,0.3226796860539422,0.0,1.0,0.9028120828086079
2018-04-10,5.637819766998291,5.690655656827984,5.062824514406276,0.5509232532984244,0.23328911568541896,25852.748740822077,26000.0,178,0.30902129859208666,0.0,0.0,0.0,4585,0,0,0,0.0,0.96104089588787,0.04642337633476113,0.0,1.0,0.9679559834291709
2018-04-11,5.596508502960205,5.681689261221528,5.068450182562982,0.5508427878258467,0.2331102706538729,25852.748740822077,26000.0,178,0.3187864329723229,0.0,0.0,0.0,4619,0,0,0,0.0,0.9611022812116372,0.07496076813166827,0.0,1.0,0.9691781714891698
2018-04-12,5.803309440612793,5.693272135449268,5.106938489004983,0.5692360396808143,0.23555111208945673,25852.748740822077,26000.0,178,0.13635804407544272,0.0,0.0,0.0,4454,0,0,0,0.0,0.9610229830726935,0.0,0.0,0.0,1.0
2018-04-13,5.726625442504883,5.696448640883136,5.144056021191502,0.5702188979293152,0.23558765749814709,25852.748740822077,26000.0,178,0.13635043267973002,0.0,0.0,0.0,4514,0,0,0,0.0,0.9610012362278001,0.0,0.0,0.0,1.0
2018-04-16,5.726377487182617,5.699299007197372,5.192616653860492,0.5696314126809561,0.23785751897022903,25852.748740822077,26000.0,178,0.13720310390024304,0.0,0.0,0.0,4514,0,0,0,0.0,0.9609817221814949,0.0,0.0,0.0,0.9957024943164008
2018-04-17,5.87603759765625,5.716131253907742,5.217197348501233,0.5634374059930589,0.23627887833473052,25852.748740822077,26000.0,178,0.13886514532363625,0.0,0.0,0.0,4399,0,0,0,0.0,0.9608664860309393,0.0,0.0,0.0,0.9871906239359622
2018-04-18,5.8470940589904785,5.7286039020108594,5.275660431497258,0.5474975456033195,0.23623550691205963,25852.748740822077,26000.0,178,0.15000803299024487,0.0,0.0,0.0,4421,0,0,0,0.0,0.9607810963631565,0.0,0.0,0.0,0.9313267536842993
2018-04-19,5.665772914886475,5.722619998475204,5.325944693785637,0.5570206578859439,0.23702766538555628,25852.748740822077,26000.0,178,0.3120011513531885,0.0,0.0,0.0,4562,0,0,0,0.0,0.9608220630873621,0.04966875627236833,0.0,1.0,0.9583531771135854
2018-04-20,5.657609462738037,5.716428518881188,5.349927460891428,0.5500628508175129,0.2206218513866577,25852.748740822077,26000.0,178,0.3043091414587789,0.0,0.0,0.0,4569,0,0,0,0.0,0.960864450909198,0.051447381830170405,0.0,1.0,1.0
2018-04-23,5.538130283355713,5.699447734545429,5.334556591501654,0.5397771834041941,0.20547856356695543,25852.748740822077,26000.0,178,0.33587533313419765,0.0,0.0,0.0,4668,0,0,0,0.0,0.960980703971189,0.1415202478408045,0.0,1.0,1.0
2018-04-24,5.4718337059021,5.677770208007969,5.363454720878142,0.5060130730391291,0.18838524256084355,25852.748740822077,26000.0,178,0.3498688531195347,0.0,0.0,0.0,4724,0,0,0,0.0,0.9611291116528685,0.18135332583151642,0.0,1.0,1.0
2018-04-25,5.359528541564941,5.647461477870538,5.314731633302408,0.4318850704433249,0.17756272493938655,25852.748740822077,26000.0,178,0.37569066880880425,0.0,0.0,0.0,4823,0,0,0,0.0,0.961336609882271,0.2549224438571698,0.0,1.0,1.0
2018-04-26,5.5712761878967285,5.64020573596827,5.311849543356125,0.4505620885821458,0.18038771291879283,25852.748740822077,26000.0,178,0.307872133563791,0.0,0.0,0.0,4640,0,0,0,0.0,0.9613862838076018,0.06110552637465838,0.0,1.0,1.0
2018-04-27,5.5987348556518555,5.636256128319088,5.313750974767288,0.4185416587762644,0.17421410385082944,25852.748740822077,26000.0,178,0.29814463539324015,0.0,0.0,0.0,4617,0,0,0,0.0,0.9614133234292,0.03328563483720066,0.0,1.0,1.0
2018-04-30,5.563361644744873,5.629313796550115,5.311673943777804,0.38479723060035653,0.1557633135393886,25852.748740822077,26000.0,178,0.3070140218427813,0.0,0.0,0.0,4646,0,0,0,0.0,0.9614608517005415,0.05857921070740512,0.0,1.0,1.0
2018-05-01,5.618772506713867,5.628309864184758,5.310677824666432,0.38025392274425446,0.15006952850245436,26352.748740822077,26500.0,178,0.2897335950517617,0.0,0.0,0.0,4690,0,0,0,0.0,0.9621947488367967,0.008472665596808315,0.0,1.0,1.0
2018-05-02,5.598239898681641,5.625446057946366,5.3078147922698715,0.3803406410782401,0.1469834202707006,26352.748740822077,26500.0,178,0.29523836203105286,0.0,0.0,0.0,4707,0,0,0,0.0,0.9622139849692659,0.024181335119456637,0.0,1.0,1.0
2018-05-03,5.763482570648193,5.6385923924893975,5.318191475248554,0.3846875477431348,0.1447765898533357,26352.748740822077,26500.0,178,0.1367439884508645,0.0,0.0,0.0,4572,0,0,0,0.0,0.9621256812881844,0.0,0.0,0.0,1.0
2018-05-04,5.913636684417725,5.664787086958762,5.352978606584465,0.36959039427673096,0.1284676478896456,26352.748740822077,26500.0,178,0.1366824062068856,0.0,0.0,0.0,4456,0,0,0,0.0,0.9619497320196733,0.0,0.0,0.0,1.0
2018-05-07,6.151609420776367,5.711151118750916,5.359444552221543,0.3893226200279698,0.12849576225947662,26352.748740822077,26500.0,178,0.1365734069925214,0.0,0.0,0.0,4283,0,0,0,0.0,0.9616383056929184,0.0,0.0,0.0,1.0
2018-05-08,6.194155216217041,5.757151508985785,5.339163108713617,0.34053763286850863,0.11459119885088563,26352.748740822077,26500.0,178,0.13646526267887488,0.0,0.0,0.0,4254,0,0,0,0.0,0.9613293219396426,0.0,0.0,0.0,1.0
2018-05-09,6.327239990234375,5.81144565005708,5.315520511355884,0.34213358150648054,0.1170140500935401,26352.748740822077,26500.0,178,0.13633762022646956,0.0,0.0,0.0,4164,0,0,0,0.0,0.9609646292184845,0.0,0.0,0.0,1.0
2018-05-10,6.434847354888916,5.870817240993445,5.287510641686017,0.3254074178713965,0.11798931398505567,26352.748740822077,26500.0,178,0.13619804097683424,0.0,0.0,0.0,4095,0,0,0,0.0,0.9605658313623836,0.0,0.0,0.0,1.0
2018-05-11,6.296319484710693,5.911341264204612,5.285001524528962,0.33295767260988157,0.11704148962498628,26352.748740822077,26500.0,178,0.13610277129207743,0.0,0.0,0.0,4185,0,0,0,0.0,0.9602936322630784,0.0,0.0,0.0,1.0
2018-05-14,6.316850662231445,5.949961206873834,5.285457337183123,0.33250529175199917,0.11428771808913603,26352.748740822077,26500.0,178,0.1360119779928966,0.0,0.0,0.0,4171,0,0,0,0.0,0.9600342228368475,0.0,0.0,0.0,1.0
2018-05-15,6.074426651000977,5.961815058695467,5.289062898653439,0.35643636474632584,0.11150078235877182,26352.748740822077,26500.0,178,0.13598411025823665,0.0,0.0,0.0,4338,0,0,0,0.0,0.9599546007378191,0.0,0.0,0.0,1.0
2018-05-16,6.0855584144592285,5.973600140196778,5.292525337515383,0.3555258569243837,0.11236111359416649,26352.748740822077,26500.0,178,0.1359564041987072,0.0,0.0,0.0,4330,0,0,0,0.0,0.9598754405677349,0.0,0.0,0.0,1.0
2018-05-17,6.127613544464111,5.9882680834603335,5.303622544623352,0.3332750889506979,0.11021875743453304,26352.748740822077,26500.0,178,0.1359219206943555,0.0,0.0,0.0,4300,0,0,0,0.0,0.9597769162695872,0.0,0.0,0.0,1.0
2018-05-18,6.083829402923584,5.997369161504452,5.315757521953237,0.33515066554540096,0.10568210127886903,26352.748740822077,26500.0,178,0.13590052457502916,0.0,0.0,0.0,4331,0,0,0,0.0,0.9597157845000833,0.0,0.0,0.0,1.0
2018-05-21,6.041775226593018,6.001598310560506,5.340055267974925,0.324746410710391,0.10815660283212901,26352.748740822077,26500.0,178,0.1358905820849841,0.0,0.0,0.0,4361,0,0,0,0.0,0.959687377385669,0.0,0.0,0.0,1.0
2018-05-22,6.003679275512695,6.00179649769881,5.375945853911739,0.3215282037951949,0.095196641968419,26352.748740822077,26500.0,178,0.1358901161582401,0.0,0.0,0.0,4389,0,0,0,0.0,0.9596860461664004,0.0,0.0,0.0,1.0
2018-05-23,6.127193927764893,6.013739110086055,5.451000038072874,0.31146035409971823,0.09535611025109833,26352.748740822077,26500.0,178,0.1358620397525146,0.0,0.0,0.0,4300,0,0,0,0.0,0.9596058278643276,0.0,0.0,0.0,1.0
2018-05-24,6.130906581878662,6.024897916923446,5.496167384765804,0.28709564845627644,0.09046469155687795,26352.748740822077,26500.0,178,0.13583580602927048,0.0,0.0,0.0,4298,0,0,0,0.0,0.9595308743693444,0.0,0.0,0.0,1.0
2018-05-25,6.170263767242432,6.038742283620492,5.545911958939555,0.28714277111912617,0.09131483165523263,26352.748740822077,26500.0,178,0.13580325870680915,0.0,0.0,0.0,4270,0,0,0,0.0,0.9594378820194548,0.0,0.0,0.0,1.0
2018-05-29,6.1531829833984375,6.0496413978850585,5.612251521392993,0.2855546251091573,0.09644847145826525,26352.748740822077,26500.0,178,0.13577763550610417,0.0,0.0,0.0,4282,0,0,0,0.0,0.9593646728745834,0.0,0.0,0.0,1.0
2018-05-30,6.262094497680664,6.069875026437021,5.683915489424657,0.28857000738663974,0.10521419839484793,26352.748740822077,26500.0,178,0.13573006739067822,0.0,0.0,0.0,4208,0,0,0,0.0,0.9592287639733664,0.0,0.0,0.0,1.0
2018-05-31,6.242291450500488,6.08629563825259,5.782363469449563,0.28836617488285854,0.10486978796767486,26352.748740822077,26500.0,178,0.1356914634617684,0.0,0.0,0.0,4221,0,0,0,0.0,0.9591184670336241,0.0,0.0,0.0,1.0
2018-06-01,6.376697063446045,6.113952916842443,5.8511550903121545,0.28088389229193367,0.10916572704154481,26852.748740822077,27000.0,178,0.1358926197511376,0.0,0.0,0.0,4211,0,0,0,0.0,0.9596931992889647,0.0,0.0,0.0,1.0
2018-06-04,6.555658340454102,6.156020100043554,5.872019223325092,0.28294685496137856,0.10197062863948626,26852.748740822077,27000.0,178,0.1357955536210106,0.0,0.0,0.0,4096,0,0,0,0.0,0.9594158674886017,0.0,0.0,0.0,1.0
2018-06-05,6.56110143661499,6.194599274955118,5.8713295358453,0.25123533779831525,0.10176045951412321,26852.748740822077,27000.0,178,0.13570653574704794,0.0,0.0,0.0,4092,0,0,0,0.0,0.9591615307058514,0.0,0.0,0.0,1.0
2018-06-06,6.563082695007324,6.229692934007709,5.87413240881024,0.25108602251535744,0.10460408185239747,26852.748740822077,27000.0,178,0.135625560378197,0.0,0.0,0.0,4091,0,0,0,0.0,0.9589301725091344,0.0,0.0,0.0,1.0
2018-06-07,6.50739049911499,6.256140321160784,5.883285132425441,0.2442925840190309,0.1007406409008099,26852.748740822077,27000.0,178,0.13556453548117342,0.0,0.0,0.0,4126,0,0,0,0.0,0.9587558156604956,0.0,0.0,0.0,1.0
2018-06-08,6.492042064666748,6.278607153875638,5.899148930538661,0.23758654755316322,0.09649343998889459,26852.748740822077,27000.0,178,0.1355126953449462,0.0,0.0,0.0,4136,0,0,0,0.0,0.9586077009855606,0.0,0.0,0.0,1.0
2018-06-11,6.450954437255859,6.2950211808642305,5.906142062319829,0.2246267910609303,0.09646103264605056,26852.748740822077,27000.0,178,0.14736163751854844,0.0,0.0,0.0,4162,0,0,0,0.0,0.958499489992821,0.0,0.0,0.0,0.9405659198946943
2018-06-12,6.499468803405762,6.314492383011043,5.91227167211255,0.2256242995312218,0.09649516481840843,26852.748740822077,27000.0,178,0.145731093643043,0.0,0.0,0.0,4131,0,0,0,0.0,0.958371124289779,0.0,0.0,0.0,0.9484939992918979
2018-06-13,6.49501371383667,6.331684890708722,5.929740560188782,0.17004146759489575,0.09392543464742667,26852.748740822077,27000.0,178,0.23365891167128358,0.0,0.0,0.0,4134,0,0,0,0.0,0.9582577810908832,0.0,0.0,0.0,0.5086565585526277
2018-06-14,6.6066460609436035,6.35787166882633,5.946063194638318,0.17675849796114104,0.09344880586207648,26852.748740822077,27000.0,178,0.22007965415153669,0.0,0.0,0.0,4064,0,0,0,0.0,0.9580851423314413,0.0,0.0,0.0,0.5762507283223386
2018-06-15,6.565805435180664,6.3776748846696,5.96291765042464,0.1801475889534668,0.09349547643724873,26852.748740822077,27000.0,178,0.21414987225562443,0.0,0.0,0.0,4089,0,0,0,0.0,0.9579545877973634,0.0,0.0,0.0,0.6056711673672637
2018-06-18,6.56159782409668,6.395191355091226,5.988685016921979,0.17648234859462233,0.09324449876046949,26852.748740822077,27000.0,178,0.21979639461675005,0.0,0.0,0.0,4092,0,0,0,0.0,0.9578391088442134,0.0,0.0,0.0,0.577236467393623
2018-06-19,6.439815998077393,6.399441321089909,6.022342765203895,0.1902079184089977,0.09186755234850152,26852.748740822077,27000.0,178,0.19015753074567068,0.0,0.0,0.0,4169,0,0,0,0.0,0.9578110905498517,0.0,0.0,0.0,0.7253817547338868
2018-06-20,6.492786407470703,6.408331329316651,6.075388079206462,0.1874870135690387,0.09089139659127625,26852.748740822077,27000.0,178,0.19142026224898412,0.0,0.0,0.0,4135,0,0,0,0.0,0.957752482347468,0.0,0.0,0.0,0.7189655328631483
2018-06-21,6.364073276519775,6.404116276669329,6.098179018191934,0.19478914036557723,0.09379257652616524,26852.748740822077,27000.0,178,0.3500307066341384,0.0,0.0,0.0,4219,0,0,0,0.0,0.9577802704723282,0.03126348618577835,0.0,1.0,0.7306730409809945
2018-06-22,6.211600303649902,6.385781422096051,6.094365570373295,0.2154861571229324,0.09352036668018572,26852.748740822077,27000.0,178,0.34897195179963014,0.0,0.0,0.0,4323,0,0,0,0.0,0.9579011446987742,0.13638199222059816,0.0,1.0,0.9201357306107503
2018-06-25,5.918780326843262,6.341305127310071,5.987858756867614,0.2729702698709051,0.10601491766177681,26852.748740822077,27000.0,178,0.5519715300559156,0.1854027819198465,1.0,0.4297819473438926,4536,2,2,2,11.837560653686523,0.9581943587903262,0.33315286994086096,1.0,1.0,1.0
2018-06-26,5.9898176193237305,6.307830126549467,5.922680479349765,0.27737298138209404,0.09708286056081611,26840.91118016839,27000.0,180,0.3735088817490722,0.0,0.0,0.0,4481,0,0,0,0.0,0.9579477991563369,0.25207757726958385,0.0,1.0,1.0
2018-06-27,5.834620952606201,6.262762586173918,5.803285918225844,0.2811357134816023,0.09124169367311855,26840.91118016839,27000.0,180,0.40502224764255484,0.0,0.0,0.0,4600,0,0,0,0.0,0.9582482494255072,0.3418153152675067,0.0,1.0,1.0
2018-06-28,5.961847305297852,6.234103987995245,5.74026947115834,0.29501736359583813,0.09077889943544708,26840.91118016839,27000.0,180,0.36188000813257254,0.0,0.0,0.0,4502,0,0,0,0.0,0.9584393067466984,0.2183607164892234,0.0,1.0,1.0
2018-06-29,5.863830089569092,6.198839807192754,5.65518573020638,0.2852533698545703,0.08172170846403203,26840.91118016839,27000.0,180,0.3801129329130733,0.0,0.0,0.0,4577,0,0,0,0.0,0.9586744012853816,0.2702196927519706,0.0,1.0,1.0
2018-07-02,5.996006488800049,6.17952234829821,5.623658129175032,0.27758113348470576,0.08077821658654705,27340.91118016839,27500.0,180,0.3378137579374108,0.0,0.0,0.0,4559,0,0,0,0.0,0.9595522173565936,0.14848709103600874,0.0,1.0,1.0
2018-07-03,5.862343788146973,6.1493148663790445,5.57021797343215,0.2839682608200503,0.08227208109110447,27340.91118016839,27500.0,180,0.36758001364211984,0.0,0.0,0.0,4663,0,0,0,0.0,0.959749939056428,0.23333581420677152,0.0,1.0,1.0
2018-07-05,6.008135795593262,6.135869240589923,5.559929558086102,0.3033124224357719,0.08235152747442365,27340.91118016839,27500.0,180,0.3223739026914076,0.0,0.0,0.0,4550,0,0,0,0.0,0.9598379467888659,0.10408748947229865,0.0,1.0,1.0
2018-07-06,6.1219964027404785,6.134548017937594,5.568297444075482,0.3136688846845449,0.08847628163913551,27340.91118016839,27500.0,180,0.28952690230247874,0.0,0.0,0.0,4466,0,0,0,0.0,0.9598465947916812,0.010230268929686743,0.0,1.0,1.0
2018-07-09,6.169518947601318,6.137878582667472,5.583992034945919,0.31593317076506927,0.09346654115429254,27340.91118016839,27500.0,180,0.13593867815607086,0.0,0.0,0.0,4431,0,0,0,0.0,0.9598247947316311,0.0,0.0,0.0,1.0
2018-07-10,6.268530368804932,6.150321609918659,5.606480938082065,0.3221246035577202,0.09418103576302118,27340.91118016839,27500.0,180,0.13591017231182267,0.0,0.0,0.0,4361,0,0,0,0.0,0.9597433494623506,0.0,0.0,0.0,1.0
2018-07-11,6.126946449279785,6.148095404143528,5.6204909607619635,0.32892562155707705,0.09746372156430771,27340.91118016839,27500.0,180,0.29193513192592163,0.0,0.0,0.0,4462,0,0,0,0.0,0.9597579209910605,0.017199598797287288,0.0,1.0,1.0
2018-07-12,6.218529224395752,6.1548033870246925,5.64637961315064,0.33484914450213177,0.10130791320740219,27340.91118016839,27500.0,180,0.135899904967907,0.0,0.0,0.0,4396,0,0,0,0.0,0.9597140141940201,0.0,0.0,0.0,1.0
2018-07-13,6.171253681182861,6.156370081706423,5.6894222986310075,0.3275305613989148,0.10105528461050511,27340.91118016839,27500.0,180,0.13589631581281802,0.0,0.0,0.0,4430,0,0,0,0.0,0.9597037594651944,0.0,0.0,0.0,1.0
2018-07-16,6.143529415130615,6.155147161080156,5.729603360883818,0.3273813942984377,0.10105728104492784,27340.91118016839,27500.0,180,0.289202215597071,0.0,0.0,0.0,4450,0,0,0,0.0,0.9597117640365662,0.009437423383636689,0.0,1.0,1.0
2018-07-17,6.279419898986816,6.166982659928409,5.784256373749123,0.33941019554156937,0.10138933897140162,27340.91118016839,27500.0,180,0.13587200336089122,0.0,0.0,0.0,4354,0,0,0,0.0,0.9596342953168322,0.0,0.0,0.0,1.0
2018-07-18,6.23016357421875,6.172999889860822,5.816306667312483,0.3345629967552938,0.099966238234925,27340.91118016839,27500.0,180,0.13585821843413698,0.0,0.0,0.0,4388,0,0,0,0.0,0.95959490981182,0.0,0.0,0.0,1.0
2018-07-19,6.2383317947387695,6.179221976039674,5.864025361357155,0.33280901467599877,0.10142044512459164,27340.91118016839,27500.0,180,0.13584396420034545,0.0,0.0,0.0,4382,0,0,0,0.0,0.9595541834295584,0.0,0.0,0.0,1.0
2018-07-20,6.2101149559021,6.182164164598,5.8873694330921085,0.32617601555586123,0.09821585389025905,27340.91118016839,27500.0,180,0.13583722391383002,0.0,0.0,0.0,4402,0,0,0,0.0,0.9595349254680858,0.0,0.0,0.0,1.0
2018-07-23,6.17348051071167,6.181337149942159,5.88933862780583,0.31545581485677854,0.09821297036513109,27340.91118016839,27500.0,180,0.28806341374558847,0.0,0.0,0.0,4428,0,0,0,0.0,0.959540338654924,0.006355129189614588,0.0,1.0,1.0
2018-07-24,6.156154155731201,6.178938769541116,5.897010568438642,0.2626381699487201,0.08218580838870608,27340.91118016839,27500.0,180,0.29229767487013086,0.0,0.0,0.0,4441,0,0,0,0.0,0.9595560371448217,0.01843731962698079,0.0,1.0,1.0
2018-07-25,6.234371662139893,6.184218092645762,5.901423384200359,0.26300167882406184,0.08609954268548711,27340.91118016839,27500.0,180,0.13583251855139328,0.0,0.0,0.0,4385,0,0,0,0.0,0.9595214815754095,0.0,0.0,0.0,1.0
2018-07-26,6.30788516998291,6.195995909535014,5.9329267639805305,0.24296917742839044,0.07876298140782186,27340.91118016839,27500.0,180,0.13580553664361067,0.0,0.0,0.0,4334,0,0,0,0.0,0.9594443904103163,0.0,0.0,0.0,1.0
2018-07-27,6.238083362579346,6.200004238396379,5.946862471129739,0.23903768134270562,0.08370836817837025,27340.91118016839,27500.0,180,0.1357963539265828,0.0,0.0,0.0,4382,0,0,0,0.0,0.959418154075951,0.0,0.0,0.0,1.0
2018-07-30,6.042789459228516,6.185031402285153,5.964005174879269,0.2595058030113924,0.0879376821188583,27340.91118016839,27500.0,180,0.3260767566311789,0.0,0.0,0.0,4524,0,0,0,0.0,0.9595161580941335,0.11498886085209209,0.0,1.0,1.0
2018-07-31,6.060859203338623,6.17320547857596,5.960557902046807,0.24761968715435517,0.08859000361049078,27340.91118016839,27500.0,180,0.3177060282729827,0.0,0.0,0.0,4511,0,0,0,0.0,0.9595935641402301,0.09099508806829208,0.0,1.0,1.0
2018-08-01,6.1007080078125,6.166300957550868,6.003834856370761,0.23290481919952732,0.0857823864321735,27840.91118016839,28000.0,180,0.30474114227807586,0.0,0.0,0.0,4563,0,0,0,0.0,0.9603594938443158,0.05318662695018686,0.0,1.0,1.0
2018-08-02,6.203431129455566,6.169837164398935,6.027363269301844,0.22406695312778205,0.08285453615827579,27840.91118016839,28000.0,180,0.13611786638010237,0.0,0.0,0.0,4487,0,0,0,0.0,0.9603367610860069,0.0,0.0,0.0,1.0
2018-08-03,6.240063667297363,6.1765254027702134,6.03522990151704,0.2153580046064953,0.07971420517831611,27840.91118016839,28000.0,180,0.136102817843767,0.0,0.0,0.0,4461,0,0,0,0.0,0.9602937652679058,0.0,0.0,0.0,1.0
2018-08-06,6.28783655166626,6.187126464569837,6.039787999475898,0.21531415626203684,0.07531816321930711,27840.91118016839,28000.0,180,0.13607896545471782,0.0,0.0,0.0,4427,0,0,0,0.0,0.9602256155849082,0.0,0.0,0.0,1.0
2018-08-07,6.360113143920898,6.203601386412795,6.041864274055931,0.21167965081755924,0.07509172507230133,27840.91118016839,28000.0,180,0.13604189688057117,0.0,0.0,0.0,4377,0,0,0,0.0,0.9601197053730606,0.0,0.0,0.0,1.0
2018-08-08,6.396499156951904,6.221972602654614,6.042354159444698,0.19322606684961938,0.06878967680347901,27840.91118016839,28000.0,180,0.13600056164402707,0.0,0.0,0.0,4352,0,0,0,0.0,0.9600016046972203,0.0,0.0,0.0,1.0
2018-08-09,6.347984790802002,6.233973763430557,6.044700686692874,0.19007766373437043,0.06387392411713355,27840.91118016839,28000.0,180,0.1359735590322812,0.0,0.0,0.0,4385,0,0,0,0.0,0.9599244543779464,0.0,0.0,0.0,1.0
2018-08-10,6.306649208068848,6.24089523434849,6.049463896832359,0.189453798284373,0.07003940124324769,27840.91118016839,28000.0,180,0.1359579857227159,0.0,0.0,0.0,4414,0,0,0,0.0,0.9598799592077597,0.0,0.0,0.0,1.0
2018-08-13,6.339568138122559,6.250292653755544,6.056989552005725,0.18875023324867804,0.07172186711520005,27840.91118016839,28000.0,180,0.13593684152905,0.0,0.0,0.0,4391,0,0,0,0.0,0.9598195472258573,0.0,0.0,0.0,1.0
2018-08-14,6.471004009246826,6.271312782849952,6.052063255720281,0.18680888665507142,0.07378851913807483,27840.91118016839,28000.0,180,0.13588954623858757,0.0,0.0,0.0,4302,0,0,0,0.0,0.9596844178245361,0.0,0.0,0.0,1.0
2018-08-15,6.41283655166626,6.284791237022934,6.053650935712032,0.1876165396879471,0.07891918868205373,27840.91118016839,28000.0,180,0.13963842977293153,0.0,0.0,0.0,4341,0,0,0,0.0,0.9595977706191383,0.0,0.0,0.0,0.9811039497188343
2018-08-16,6.372241020202637,6.293119787801953,6.056495015542551,0.1896748950648863,0.08209913501796329,27840.91118016839,28000.0,180,0.15078791562523883,0.0,0.0,0.0,4369,0,0,0,0.0,0.9595442299355589,0.0,0.0,0.0,0.9252628242610337
2018-08-17,6.059866905212402,6.270905227555329,6.018199336452071,0.2599979048631168,0.08239283886245351,27840.91118016839,28000.0,180,0.34478420356711365,0.0,0.0,0.0,4594,0,0,0,0.0,0.9596870378228586,0.16826782951175193,0.0,1.0,1.0
2018-08-20,6.13461971282959,6.257925654724306,6.0019836234038895,0.26356100730738596,0.08251151663475564,27840.91118016839,28000.0,180,0.32040160429906067,0.0,0.0,0.0,4538,0,0,0,0.0,0.9597704779339151,0.09851982006340124,0.0,1.0,1.0
2018-08-21,6.270262241363525,6.2591005677375655,6.007257641290032,0.2748693155675459,0.08137211673464907,27840.91118016839,28000.0,180,0.13591702372259046,0.0,0.0,0.0,4440,0,0,0,0.0,0.9597629249216871,0.0,0.0,0.0,1.0
2018-08-22,6.505410671234131,6.282558672832477,6.008217867096859,0.30159299309202797,0.07521231934039871,27840.91118016839,28000.0,180,0.13586424298612693,0.0,0.0,0.0,4279,0,0,0,0.0,0.9596121228175055,0.0,0.0,0.0,1.0
2018-08-23,6.604913711547852,6.313259152710132,6.001363298831875,0.3033066081732221,0.07457539104769276,27840.91118016839,28000.0,180,0.1357951669064022,0.0,0.0,0.0,4215,0,0,0,0.0,0.9594147625897206,0.0,0.0,0.0,1.0
2018-08-24,6.738082408905029,6.353718510442979,5.983833497960773,0.3050618186944777,0.07261040072116762,27840.91118016839,28000.0,180,0.13570413335150328,0.0,0.0,0.0,4131,0,0,0,0.0,0.9591546667185809,0.0,0.0,0.0,1.0
2018-08-27,6.8291707038879395,6.398999671723452,5.985362507897026,0.2763172665114011,0.07169924802838523,27840.91118016839,28000.0,180,0.1356022507386222,0.0,0.0,0.0,4076,0,0,0,0.0,0.9588635735389207,0.0,0.0,0.0,1.0
2018-08-28,6.791546821594238,6.436385114568289,6.002481695336612,0.2792909373671543,0.07081489877839092,27840.91118016839,28000.0,180,0.1355181334922213,0.0,0.0,0.0,4099,0,0,0,0.0,0.9586232385492038,0.0,0.0,0.0,1.0
2018-08-29,6.897049903869629,6.4802579516446075,6.012753954872141,0.2813995881101587,0.07173048573013778,27840.91118016839,28000.0,180,0.1354194196087996,0.0,0.0,0.0,4036,0,0,0,0.0,0.9583411988822846,0.0,0.0,0.0,1.0
2018-08-30,6.880208492279053,6.518348479324079,6.022322032750785,0.2801464063291501,0.07392411515373812,27840.91118016839,28000.0,180,0.13533371592152083,0.0,0.0,0.0,4046,0,0,0,0.0,0.9580963312043452,0.0,0.0,0.0,1.0
2018-08-31,6.951286315917969,6.559580654237783,6.029807614326362,0.2807047114480308,0.07294620970439962,27840.91118016839,28000.0,180,0.13524094352796495,0.0,0.0,0.0,4005,0,0,0,0.0,0.9578312672227571,0.0,0.0,0.0,1.0
2018-09-04,7.0260796546936035,6.60400913047167,6.0344678249624,0.2812276052333244,0.0729501754379167,28340.91118016839,28500.0,180,0.1354016640273784,0.0,0.0,0.0,4033,0,0,0,0.0,0.9582904686496526,0.0,0.0,0.0,1.0
2018-09-05,6.895315170288086,6.631752562835138,6.046682480614111,0.29307810262849193,0.07362752937159792,28340.91118016839,28500.0,180,0.13534033644004861,0.0,0.0,0.0,4110,0,0,0,0.0,0.9581152469715676,0.0,0.0,0.0,1.0
2018-09-06,6.754150867462158,6.643409544228188,6.057715121446641,0.3057623159729102,0.0750833336489911,28340.91118016839,28500.0,180,0.1353145683759166,0.0,0.0,0.0,4196,0,0,0,0.0,0.9580416239311904,0.0,0.0,0.0,1.0
2018-09-07,6.732852458953857,6.651927917059204,6.072998000487592,0.3041470795335491,0.07537905287030909,28340.91118016839,28500.0,180,0.13529573828860592,0.0,0.0,0.0,4209,0,0,0,0.0,0.9579878236817313,0.0,0.0,0.0,1.0
2018-09-10,6.803930759429932,6.6664043782373685,6.097654161495963,0.3030082695723016,0.07018945208663396,28340.91118016839,28500.0,180,0.1352637376902121,0.0,0.0,0.0,4165,0,0,0,0.0,0.9578963934006061,0.0,0.0,0.0,1.0
2018-09-11,6.756130695343018,6.67494974177124,6.119631775685136,0.3054496136235711,0.06855421720576617,28340.91118016839,28500.0,180,0.13524484793924246,0.0,0.0,0.0,4194,0,0,0,0.0,0.95784242268355,0.0,0.0,0.0,1.0
2018-09-12,6.642208576202393,6.671831535526588,6.122518738036046,0.3062469940660036,0.06574334442995465,28340.91118016839,28500.0,180,0.2930217479786003,0.0,0.0,0.0,4266,0,0,0,0.0,0.9578621166177268,0.022200020463988647,0.0,1.0,1.0
2018-09-13,6.719973564147949,6.676416490633384,6.138304130904072,0.30567049391365686,0.05933507415111113,28340.91118016839,28500.0,180,0.13524160565228405,0.0,0.0,0.0,4217,0,0,0,0.0,0.957833159006526,0.0,0.0,0.0,1.0
2018-09-14,6.8460307121276855,6.692570226013794,6.167778554530252,0.3089918172634772,0.05437577136047285,28340.91118016839,28500.0,180,0.1352058973951274,0.0,0.0,0.0,4139,0,0,0,0.0,0.9577311354146497,0.0,0.0,0.0,1.0
2018-09-17,6.784116744995117,6.701288942107254,6.268206440444132,0.24418580769772952,0.05860615569107199,28340.91118016839,28500.0,180,0.1351866244437629,0.0,0.0,0.0,4177,0,0,0,0.0,0.9576760698393226,0.0,0.0,0.0,1.0
2018-09-18,6.7120490074157715,6.702313710231875,6.3707457223842185,0.24954206989583227,0.060662948025401314,28340.91118016839,28500.0,180,0.13518435916685584,0.0,0.0,0.0,4222,0,0,0,0.0,0.9576695976195881,0.0,0.0,0.0,1.0
2018-09-19,6.735823154449463,6.705505085871645,6.464951355778874,0.24083742715805473,0.06051058549800764,28340.91118016839,28500.0,180,0.13517730454702054,0.0,0.0,0.0,4207,0,0,0,0.0,0.9576494415629159,0.0,0.0,0.0,1.0
2018-09-20,6.594658374786377,6.694948256244476,6.47329825967176,0.2205448455954909,0.06525192506698824,28340.91118016839,28500.0,180,0.31141552479055806,0.0,0.0,0.0,4297,0,0,0,0.0,0.9577161162763507,0.07489966883952957,0.0,1.0,1.0
2018-09-21,6.524569988250732,6.678721754530787,6.441015229814118,0.21707457218920945,0.06464098265733845,28340.91118016839,28500.0,180,0.32562830945023263,0.0,0.0,0.0,4343,0,0,0,0.0,0.9578185994450688,0.11540514184131041,0.0,1.0,1.0
2018-09-24,6.58029317855835,6.669347604438173,6.415734927705275,0.20602535300115649,0.06400086468037228,28340.91118016839,28500.0,180,0.3086246214269988,0.0,0.0,0.0,4306,0,0,0,0.0,0.9578778046035483,0.06676397090216275,0.0,1.0,1.0
2018-09-25,6.647409439086914,6.667258255357101,6.409153157497457,0.20321891182477198,0.0589104842648787,28340.91118016839,28500.0,180,0.290471702129868,0.0,0.0,0.0,4263,0,0,0,0.0,0.9578910004924814,0.014885291307141646,0.0,1.0,1.0
2018-09-26,6.610507965087891,6.661853465807653,6.395288283575356,0.2032305776003346,0.06029735587864125,28340.91118016839,28500.0,180,0.2987617295596892,0.0,0.0,0.0,4287,0,0,0,0.0,0.9579251360054254,0.038536948450829646,0.0,1.0,1.0
2018-09-27,6.622395038604736,6.658095520359756,6.3941147429074645,0.1937944533809489,0.057550549941633854,28340.91118016839,28500.0,180,0.2946655451260885,0.0,0.0,0.0,4279,0,0,0,0.0,0.9579488703977278,0.02680982996252529,0.0,1.0,1.0
2018-09-28,6.959706783294678,6.6868204025440345,6.411848433189893,0.2697607416199512,0.055119075861953436,28340.91118016839,28500.0,180,0.13521860753121845,0.0,0.0,0.0,4072,0,0,0,0.0,0.9577674500891956,0.0,0.0,0.0,1.0
2018-10-01,7.166254043579102,6.732480749309278,6.410726711420799,0.28709646088434726,0.05643108425038137,28840.91118016839,29000.0,180,0.13537426595839702,0.0,0.0,0.0,4024,0,0,0,0.0,0.9582121884525631,0.0,0.0,0.0,1.0
2018-10-02,7.094930648803711,6.766999787356367,6.431870903779019,0.28781903075311666,0.055998165403628945,28840.91118016839,29000.0,180,0.1352992763240189,0.0,0.0,0.0,4065,0,0,0,0.0,0.9579979323543398,0.0,0.0,0.0,1.0
2018-10-03,7.101120471954346,6.798820804937127,6.43470464703169,0.27869760669971444,0.05465121824145904,28840.91118016839,29000.0,180,0.13523014790651583,0.0,0.0,0.0,4061,0,0,0,0.0,0.9578004225900454,0.0,0.0,0.0,1.0
2018-10-04,6.916863441467285,6.810062960797142,6.440161466587094,0.2850580044769111,0.06130463817993574,28840.91118016839,29000.0,180,0.13520572529206137,0.0,0.0,0.0,4169,0,0,0,0.0,0.957730643691604,0.0,0.0,0.0,1.0
2018-10-05,6.68332052230835,6.797992252369638,6.426171260207863,0.31099035137380365,0.06424774501201845,28840.91118016839,29000.0,180,0.3147517708011009,0.0,0.0,0.0,4315,0,0,0,0.0,0.9578055653301195,0.08434235124445465,0.0,1.0,1.0
2018-10-08,6.582029342651367,6.777424356205993,6.3961022526162035,0.3125963222580011,0.06398230897247836,28840.91118016839,29000.0,180,0.3357296125359995,0.0,0.0,0.0,4381,0,0,0,0.0,0.9579332281338938,0.14415137911181916,0.0,1.0,1.0
2018-10-09,6.57633113861084,6.75827262119693,6.367799380403877,0.3119093856806204,0.0627347374875599,28840.91118016839,29000.0,180,0.332430509788369,0.0,0.0,0.0,4385,0,0,0,0.0,0.9580521009718811,0.13460649842345915,0.0,1.0,1.0
2018-10-10,6.084728240966797,6.6941255373654895,6.203097498539387,0.40449809479079746,0.1319782534057933,28840.91118016839,29000.0,180,0.5947682062101207,0.26321492038203764,1.0,0.48425044426742636,4739,2,2,2,12.169456481933594,0.9584502552853177,0.4551731910293128,1.0,1.0,1.0
2018-10-11,5.8232011795043945,6.611180360426338,5.975051028953933,0.422407989211147,0.14489510642379785,28828.741723686457,29000.0,182,0.6440587399266817,0.3528340725939667,1.0,0.5469838508157767,4950,3,3,3,17.469603538513184,0.9585091439449106,0.5959443987027517,1.0,1.0,1.0
2018-10-12,6.105778217315674,6.563046822987227,5.882438185522346,0.45800771375346183,0.15709472244623604,28811.272120147943,29000.0,185,0.40727443576217753,0.0,0.0,0.0,4718,0,0,0,0.0,0.9581322875085297,0.3483661003834064,0.0,1.0,1.0
2018-10-15,5.829392433166504,6.4931749763376345,5.725238301374118,0.4794726041283271,0.15718946570484535,28811.272120147943,29000.0,185,0.46440083640235813,0.026183338913378398,1.0,0.31832833723936493,4942,2,2,2,11.658784866333008,0.9585780217026737,0.5111386537326351,0.0,1.0,1.0
2018-10-16,6.08819580078125,6.454605531046551,5.6561732965024865,0.512757185447811,0.17693986966781408,28799.61333528161,29000.0,187,0.384775181596501,0.0,0.0,0.0,4730,0,0,0,0.0,0.9583789229549757,0.28383588160645573,0.0,1.0,1.0
2018-10-17,6.019594192504883,6.413175879756868,5.583121384514266,0.5124222457157875,0.17669936563768313,28799.61333528161,29000.0,187,0.3929250126381954,0.0,0.0,0.0,4784,0,0,0,0.0,0.9586460727753608,0.3068539633337691,0.0,1.0,1.0
2018-10-18,5.932170391082764,6.367365833216477,5.496222960867037,0.5102871660885993,0.17844859234114072,28799.61333528161,29000.0,187,0.40523816280865516,0.0,0.0,0.0,4854,0,0,0,0.0,0.9589414685927076,0.3417389965748786,0.0,1.0,1.0
2018-10-19,5.675596714019775,6.301483059959648,5.3563148517817005,0.528070772400305,0.1784499129074625,28799.61333528161,29000.0,187,0.4595946054446212,0.017444737172038555,1.0,0.312211316020427,5074,2,2,2,11.35119342803955,0.9593662988892258,0.49661828809540637,0.0,1.0,1.0
2018-10-22,5.726365566253662,6.246709965320983,5.249649689259325,0.5282246979806328,0.1785145850125632,28788.26214185357,29000.0,189,0.4315242067083987,0.0,0.0,0.0,5027,0,0,0,0.0,0.9592886833294598,0.4164947644088223,0.0,1.0,1.0
2018-10-23,5.474746227264404,6.173189609315594,5.09937940998201,0.54048085044128,0.17866653939188615,28788.26214185357,29000.0,189,0.4839162106791966,0.06166583759853925,1.0,0.3431660863189775,5258,2,2,2,10.949492454528809,0.9597678332358397,0.5657070544190077,0.0,1.0,1.0
2018-10-24,4.938564777374268,6.055606291987849,4.818135757542418,0.6252657873364119,0.2041918307832868,28777.312649399042,29000.0,191,0.6088528283843624,0.2888233243352043,1.0,0.5021763270346431,5827,3,3,3,14.815694332122803,0.9601165240769076,0.9223201284498425,0.0,1.0,1.0
2018-10-25,5.147339820861816,5.969104723309179,4.647111246383481,0.6544194989552556,0.21881707110912893,28762.49695506692,29000.0,194,0.5269460501624537,0.13990190938627936,1.0,0.3979313365703956,5587,2,2,2,10.294679641723633,0.9600687477130352,0.6883485384654042,0.0,1.0,1.0
2018-10-26,4.910826206207275,5.8683162931089985,4.479547692893862,0.6209402780378236,0.2236159119905081,28752.202275425196,29000.0,196,0.5716530488862583,0.22118736161137875,1.0,0.4548311531279652,5854,2,2,2,9.82165241241455,0.960338276087953,0.8158132921584997,0.0,1.0,1.0
2018-10-29,4.597042560577393,5.747242604296464,4.301985313303771,0.6173860516766417,0.22162577140119014,28742.38062301278,29000.0,198,0.636266071983526,0.33866558542459274,1.0,0.5370659097972149,6252,3,3,3,13.791127681732178,0.9607602056672172,1.0,0.0,1.0,1.0
2018-10-30,5.0274739265441895,5.6786932064152955,4.278555882080568,0.7398149110626079,0.23307942269428353,28728.58949533105,29000.0,201,0.4869101881337992,0.067109432970544,1.0,0.34697660307938083,5714,2,2,2,10.054947853088379,0.9606407815693284,0.5733883273843838,0.0,1.0,1.0
2018-10-31,5.221390724182129,5.635140589059756,4.33653842162137,0.7629867035050982,0.23861839210560604,28718.53454747796,29000.0,203,0.41468444666975574,0.0,0.0,0.0,5500,0,0,0,0.0,0.9605540158765817,0.36711583175129187,0.0,1.0,1.0
2018-11-01,5.401686191558838,5.612906836916812,4.424373844589645,0.780589489758495,0.2431602328452126,29218.53454747796,29500.0,203,0.35233612692112976,0.0,0.0,0.0,5409,0,0,0,0.0,0.9613755902408775,0.18815620096235047,0.0,1.0,1.0
2018-11-02,5.322683334350586,5.585266503339076,4.482943778595984,0.7761740620842359,0.24329614552413112,29218.53454747796,29500.0,203,0.3688217285227438,0.0,0.0,0.0,5489,0,0,0,0.0,0.9615657932143108,0.2350677168506716,0.0,1.0,1.0
2018-11-05,5.244670391082764,5.552828778362285,4.536216304247369,0.7761336178688134,0.2450010345417671,29218.53454747796,29500.0,203,0.38374371228417664,0.0,0.0,0.0,5571,0,0,0,0.0,0.961789008745507,0.2774787406378549,0.0,1.0,1.0
2018-11-06,5.227086544036865,5.52180570842653,4.616969265102483,0.7757890889691569,0.24695114006476954,29218.53454747796,29500.0,203,0.3801048346256983,0.0,0.0,0.0,5589,0,0,0,0.0,0.9620024895318445,0.2668684665415791,0.0,1.0,1.0
2018-11-07,5.294697284698486,5.500176334738145,4.63663639141505,0.7407807646242,0.2317250501907618,29218.53454747796,29500.0,203,0.3521305668104348,0.0,0.0,0.0,5518,0,0,0,0.0,0.9621513289507849,0.1867931476504576,0.0,1.0,1.0
2018-11-08,5.101523399353027,5.462209388510991,4.603960210441231,0.736815063701024,0.21831142961195832,29218.53454747796,29500.0,203,0.40240213083960047,0.0,0.0,0.0,5727,0,0,0,0.0,0.9624125930214329,0.33016492366314004,0.0,1.0,1.0
2018-11-09,5.093597888946533,5.427103531409614,4.622854802095601,0.7089697314469807,0.216052918032724,29218.53454747796,29500.0,203,0.3944697257448471,0.0,0.0,0.0,5736,0,0,0,0.0,0.9626541689194524,0.3072593332086824,0.0,1.0,1.0
2018-11-12,4.694125652313232,5.357296114352816,4.531467270904606,0.7410873204613373,0.22663201423699614,29218.53454747796,29500.0,203,0.5037265754382134,0.09768468261493346,1.0,0.36837927783045343,6224,2,2,2,9.388251304626465,0.9631345386029281,0.6189413912205386,0.0,1.0,1.0
2018-11-13,4.936089038848877,5.317181154781012,4.5631970800825465,0.7484114296550638,0.21142010421068688,29209.146296173334,29500.0,205,0.4124932404624117,0.0,0.0,0.0,5917,0,0,0,0.0,0.9630500970599963,0.35835916140403723,0.0,1.0,1.0
2018-11-14,4.8835835456848145,5.275886144390897,4.598996871223877,0.748393576329799,0.21243949165216985,29209.146296173334,29500.0,205,0.4172938936134423,0.0,0.0,0.0,5981,0,0,0,0.0,0.9633370623864361,0.37178834793768495,0.0,1.0,1.0
2018-11-15,5.01236629486084,5.250789015864226,4.6668819456666695,0.7586444117611383,0.21141113509541734,29209.146296173334,29500.0,205,0.36669131120245574,0.0,0.0,0.0,5827,0,0,0,0.0,0.9635114661609435,0.2270351372746443,0.0,1.0,1.0
2018-11-16,4.072253704071045,5.1385475575982085,4.432892168519527,0.9877089571400804,0.21165149463851812,29209.146296173334,29500.0,205,0.7875020072116043,0.6136400131120079,1.0,0.7295480091784056,7172,3,3,3,12.216761112213135,0.9642914491760125,1.0,1.0,1.0,1.0
2018-11-19,3.5836219787597656,4.990459407232643,4.084480077140123,1.0511009427989726,0.21900750437450606,29196.92953506112,29500.0,208,0.7876845611916428,0.6139719294393504,1.0,0.7297803506075453,8147,3,3,3,10.750865936279297,0.9648130319761223,1.0,1.0,1.0,1.0
2018-11-20,3.6920979022979736,4.866805930572198,3.832661963260774,1.0625257212044275,0.22683647491349992,29186.17866912484,29500.0,211,0.7878164875263471,0.6142117955024493,1.0,0.7299482568517146,7905,3,3,3,11.076293706893921,0.965189964360992,1.0,1.0,1.0,1.0
2018-11-21,3.5838699340820312,4.744621549954087,3.5624786753200066,1.0204967555827584,0.1993554714707545,29175.102375417948,29500.0,214,0.6379534863019809,0.34173361145814707,1.0,0.539213528020703,8140,3,3,3,10.751609802246094,0.9655813894342313,1.0,0.0,1.0,1.0
2018-11-23,3.5910520553588867,4.634757788564068,3.347964441116983,1.0009646188303323,0.18778580974899642,29164.3507656157,29500.0,217,0.6380674625748664,0.3419408410452115,1.0,0.5393585887316481,8121,3,3,3,10.77315616607666,0.9659070359281897,1.0,0.0,1.0,1.0
2018-11-26,3.7904181480407715,4.554344489466612,3.205626045513612,1.0249803697790545,0.18681176978360214,29153.577609449625,29500.0,220,0.581649933295038,0.23936351508188725,1.0,0.4675544605573211,7691,2,2,2,7.580836296081543,0.9660353970277066,0.8386786981009735,0.0,1.0,1.0
2018-11-27,3.8072588443756104,4.483193475648421,3.080489757650886,1.006527549652068,0.18524527998169446,29145.996773153543,29500.0,222,0.5520406104046383,0.1855283825538877,1.0,0.4298698677877214,7655,2,2,2,7.614517688751221,0.9662620694374933,0.7538539602900449,0.0,1.0,1.0
2018-11-28,3.964273691177368,4.433772543794035,3.0141566962135213,0.95255352635295,0.1945860542077324,29138.382255464792,29500.0,224,0.4735268216231859,0.04277603931488339,1.0,0.32994322752041844,7350,2,2,2,7.928547382354736,0.9663333881420385,0.5294575307813498,0.0,1.0,1.0
2018-11-29,3.9010579586029053,4.38303782139488,2.9670127089242406,0.9352143655932148,0.19148656813150378,29130.453708082438,29500.0,226,0.48068590969520314,0.0557925630821875,1.0,0.3390547941575313,7467,2,2,2,7.8021159172058105,0.9664214729615171,0.549823983310492,0.0,1.0,1.0
2018-11-30,4.051538944244385,4.351466499761499,2.9866435466551615,0.9380283154280872,0.1900132369347008,29122.65159216523,29500.0,228,0.40884876105750373,0.0,0.0,0.0,7188,0,0,0,0.0,0.9663683267137078,0.3446281334505886,0.0,1.0,1.0
2018-12-03,4.215404987335205,4.338508260482804,3.035610034851384,0.9565455814198024,0.19175549562820596,29622.65159216523,30000.0,228,0.33811505214144694,0.0,0.0,0.0,7027,0,0,0,0.0,0.9670273372203307,0.14187281175523198,0.0,1.0,1.0
2018-12-04,3.8948609828948975,4.296256138807766,3.0414619288092615,0.9851300029688043,0.22492523804809678,29622.65159216523,30000.0,228,0.4520728068865974,0.003768739793813435,1.0,0.30263811785566946,7605,2,2,2,7.789721965789795,0.967348453345061,0.46714528061664595,0.0,1.0,1.0
2018-12-06,3.9241137504577637,4.260814006583956,3.0707899520592337,0.9872638082949138,0.22346574034825922,29614.861870199442,30000.0,230,0.4268562241367739,0.0,0.0,0.0,7546,0,0,0,0.0,0.9673337592828564,0.3951125953936406,0.0,1.0,1.0
2018-12-07,3.659348726272583,4.203531598935254,3.092357298940554,1.0012115199123297,0.22066247185864774,29614.861870199442,30000.0,230,0.5152728890349816,0.11867798006360285,1.0,0.38307458604452205,8092,2,2,2,7.318697452545166,0.9677729244081631,0.6472924728346416,0.0,1.0,1.0
2018-12-10,3.76470947265625,4.161739015480111,3.1276823011736012,1.0105048495554398,0.22136545810620886,29607.543172746897,30000.0,232,0.45568540866654367,0.01033710666644301,1.0,0.30723597466651015,7864,2,2,2,7.5294189453125,0.9678158849469538,0.47699956838602803,0.0,1.0,1.0
2018-12-11,3.6737277507781982,4.115261752175167,3.176153810349507,1.0102922386427406,0.22030892516192505,29600.013753801584,30000.0,234,0.47652605368345796,0.04822918851537809,1.0,0.3337604319607647,8057,2,2,2,7.3474555015563965,0.9679009583330337,0.5364591950482748,0.0,1.0,1.0
2018-12-12,3.691328525543213,4.0748871591626,3.17786316635872,0.9828744854788823,0.21229625710487576,29592.666298300028,30000.0,236,0.45350347031569266,0.006369946028532085,1.0,0.3044589622199725,8016,2,2,2,7.382657051086426,0.9679442210145875,0.47063712274453423,0.0,1.0,1.0
2018-12-13,3.6910808086395264,4.038334173398498,3.253539382973201,0.9567500226626018,0.21233134855020283,29585.28364124894,30000.0,238,0.43926809605264344,0.0,0.0,0.0,8015,0,0,0,0.0,0.9679625488910386,0.42994629697365705,0.0,1.0,1.0
2018-12-14,3.6305923461914062,3.999501618426394,3.3492687626705044,0.9568143530304964,0.22065318276535045,29585.28364124894,30000.0,238,0.45031263570470476,0.0005684285540086265,1.0,0.3003978999878061,8148,2,2,2,7.2611846923828125,0.9682706204938173,0.46119405294819626,0.0,1.0,1.0
2018-12-17,3.5594422817230225,3.9575912054070255,3.583588457005161,0.945671814025823,0.2252854808887128,29578.02245655656,30000.0,240,0.6149754872957713,0.29995543144685693,1.0,0.5099688020127999,8309,3,3,3,10.678326845169067,0.9683392703567438,0.5030192647740315,1.0,1.0,1.0
2018-12-18,3.6427395343780518,3.9276053319756947,3.573761411386773,0.7001689802624941,0.2247060751003927,29567.34412971139,30000.0,243,0.4157912163330923,0.0,0.0,0.0,8116,0,0,0,0.0,0.9681863968109968,0.36264564985498116,0.0,1.0,1.0
2018-12-19,3.433753728866577,3.8805718459653025,3.5048291524412476,0.5898908602924435,0.22377997586527443,29567.34412971139,30000.0,243,0.6404976712083825,0.3463594021970591,1.0,0.5424515815379414,8610,3,3,3,10.301261186599731,0.9685673680476811,0.5757116925476973,1.0,1.0,1.0
2018-12-20,3.349217653274536,3.8299666847566582,3.412558553080119,0.5828561180275215,0.22185606554890558,29557.04286852479,30000.0,246,0.6586733019585731,0.3794060035610419,1.0,0.5655842024927293,8825,3,3,3,10.047652959823608,0.9685942731849954,0.627615160982356,1.0,1.0,1.0
2018-12-21,3.212125539779663,3.7711246709493254,3.295245164929745,0.5908964431466983,0.22862554261113208,29546.995215564966,30000.0,249,0.6984498521449003,0.4517270038998187,1.0,0.6162089027298732,9198,3,3,3,9.63637661933899,0.9686996652311206,0.7411570551828804,1.0,1.0,1.0
2018-12-24,3.1503970623016357,3.7120077558400215,3.1738003124924496,0.5924577695929134,0.24231354378756534,29537.358838945627,30000.0,252,0.7038541164323209,0.4615529389678561,1.0,0.6230870572774994,9375,3,3,3,9.451191186904907,0.9688191348509438,0.7564783406699728,1.0,1.0,1.0
2018-12-26,3.2996366024017334,3.6727343126554226,3.107727698166278,0.5818771501106316,0.30390970981026355,29527.907647758722,30000.0,255,0.5477424201924902,0.17771349125907304,1.0,0.42439944388135115,8948,2,2,2,6.599273204803467,0.9687817583424289,0.5079290774833314,0.0,1.0,0.5955318617326295
2018-12-27,3.2517902851104736,3.6326444052701894,3.040864994605382,0.5811395450111763,0.30612323539640546,29521.30837455392,30000.0,257,0.5561844374026582,0.19306261345937853,1.0,0.43514382942156504,9078,2,2,2,6.503580570220947,0.9688803462615188,0.5242105717905914,0.0,1.0,0.5819869195779013
2018-12-28,3.3132717609405518,3.6022279629530813,3.012069792762844,0.5615196103673147,0.28992592262475186,29514.804793983698,30000.0,259,0.5066983371326481,0.10308788569572382,1.0,0.3721615199870067,8908,2,2,2,6.6265435218811035,0.9689007652531717,0.40107983862249136,0.0,1.0,0.6139743711191694
2018-12-31,3.3095526695251465,3.574354125483754,2.9851644298180346,0.5613169056402387,0.29364149083366503,29508.178250461817,30000.0,261,0.5001672406743586,0.09121316486247012,1.0,0.3638492154037291,8916,2,2,2,6.619105339050293,0.9689031191082913,0.37041860803701043,0.0,1.0,0.5929768191324845
2019-01-02,3.376983165740967,3.5555568912225364,3.0024690172470363,0.5449454816175784,0.290782010254367,30001.559145122766,30500.0,263,0.464816141754945,0.026938439554445453,1.0,0.31885690768811187,8884,2,2,2,6.753966331481934,0.9693406077904417,0.2511192071239354,0.0,1.0,0.5617239673254348
2019-01-03,3.172957420349121,3.519118846377449,3.037299540188203,0.5424087564357013,0.293109036082461,29994.805178791285,30500.0,265,0.5530161799590148,0.1873021453800268,1.0,0.43111150176601876,9453,2,2,2,6.345914840698242,0.9694240493675402,0.49182968967453844,0.0,1.0,0.5421131435285635
2019-01-04,3.376239776611328,3.505511315923533,3.058592202506351,0.5561056130583547,0.3097873443852709,29988.459263950586,30500.0,267,0.4546067431241826,0.008375896589422867,1.0,0.30586312761259604,8882,2,2,2,6.752479553222656,0.9693124091360137,0.18438328629121542,0.0,1.0,0.4959337513767377
2019-01-07,3.554980993270874,3.510222713766137,3.1139232665274927,0.5934494989562147,0.31181224474858416,29981.706784397364,30500.0,269,0.22195983683904913,0.0,0.0,0.0,8433,0,0,0,0.0,0.9690409865572757,0.0,0.0,0.0,0.5860225422799867
2019-01-08,3.466477870941162,3.5060565382589965,3.12140797485825,0.5510300744938313,0.30466049886863783,29981.706784397364,30500.0,269,0.4074874801905352,0.0,0.0,0.0,8649,0,0,0,0.0,0.9690777308592895,0.05644328162700996,0.0,1.0,0.5072243708983479
2019-01-09,3.5346519947052,3.508779915063397,3.1514670756188736,0.5451583236262948,0.30504917019978794,29981.706784397364,30500.0,269,0.24131609371348872,0.0,0.0,0.0,8482,0,0,0,0.0,0.9690537115687852,0.0,0.0,0.0,0.48926352667793016
2019-01-10,3.6003472805023193,3.5175006165337708,3.169133800277056,0.5438350845334714,0.3056410312204143,29981.706784397364,30500.0,269,0.24258751809181534,0.0,0.0,0.0,8327,0,0,0,0.0,0.9689767978410628,0.0,0.0,0.0,0.482771805762783
2019-01-11,3.68959379196167,3.5338904427649993,3.185795909557327,0.5509772147695932,0.3048264820139441,29981.706784397364,30500.0,269,0.23783945489253017,0.0,0.0,0.0,8126,0,0,0,0.0,0.9688322449474169,0.0,0.0,0.0,0.5062591541953287
2019-01-14,3.7295069694519043,3.5525205881637523,3.1980118433011313,0.5521692626061558,0.30520732422264296,29981.706784397364,30500.0,269,0.2375069024808834,0.0,0.0,0.0,8039,0,0,0,0.0,0.9686679331732443,0.0,0.0,0.0,0.5076343706487605
2019-01-15,3.715376615524292,3.5680306860076128,3.2017273275637437,0.5486791201239883,0.30023897920387976,29981.706784397364,30500.0,269,0.23440679222418442,0.0,0.0,0.0,8069,0,0,0,0.0,0.9685311391955395,0.0,0.0,0.0,0.5228955324712719
2019-01-16,3.6898410320281982,3.5796316713429066,3.199757737393128,0.5439600431783829,0.28967370814932075,29981.706784397364,30500.0,269,0.2259772337108215,0.0,0.0,0.0,8125,0,0,0,0.0,0.9684288223084839,0.0,0.0,0.0,0.5648642704857392
2019-01-17,3.7612385749816895,3.596927566927553,3.2006260068083345,0.5420679427662844,0.29040626564804123,29981.706784397364,30500.0,269,0.22779921836719225,0.0,0.0,0.0,7971,0,0,0,0.0,0.9682762781802128,0.0,0.0,0.0,0.5554873949794108
2019-01-18,3.8903980255126953,3.624877134411852,3.182438472110795,0.5049746595962484,0.2855191186938588,29981.706784397364,30500.0,269,0.2440405160507298,0.0,0.0,0.0,7706,0,0,0,0.0,0.9680297721587938,0.0,0.0,0.0,0.47384952102424016
2019-01-22,3.6881062984466553,3.630898959558024,3.1823807851760093,0.5359294752980426,0.2841411233000834,29981.706784397364,30500.0,269,0.22443543648624148,0.0,0.0,0.0,8129,0,0,0,0.0,0.9679766616353735,0.0,0.0,0.0,0.5717819754306963
2019-01-23,3.700997829437256,3.637575042403665,3.199465560361362,0.5074632415915626,0.2697732691498262,29981.706784397364,30500.0,269,0.2252590387668199,0.0,0.0,0.0,8100,0,0,0,0.0,0.9679177807735546,0.0,0.0,0.0,0.567560922519621
2019-01-24,3.9129581451416016,3.663802004569183,3.2260604779797566,0.526150821649521,0.24307075589726385,29981.706784397364,30500.0,269,0.1779236906207167,0.0,0.0,0.0,7662,0,0,0,0.0,0.9676864675662586,0.0,0.0,0.0,0.803832865137369
2019-01-25,3.970224380493164,3.692985087990514,3.234322206966159,0.5090357107779594,0.18111344536604704,29981.706784397364,30500.0,269,0.1386001788185473,0.0,0.0,0.0,7551,0,0,0,0.0,0.9674290823387066,0.0,0.0,0.0,1.0
2019-01-28,3.421358585357666,3.6671158972635762,3.228581439672522,0.7292236717109847,0.18485084578174904,29981.706784397364,30500.0,269,0.40595892783296567,0.0,0.0,0.0,8763,0,0,0,0.0,0.9676572401192163,0.3350825536892572,0.0,1.0,1.0
2019-01-29,3.2624497413635254,3.628576263368333,3.182671569550672,0.7476881761852325,0.18491911840958067,29981.706784397364,30500.0,269,0.465375533696428,0.02795551581168721,1.0,0.3195688610681811,9189,2,2,2,6.524899482727051,0.9679971470542268,0.5045043777927104,0.0,1.0,1.0
2019-01-30,3.405989170074463,3.6073774925784408,3.1723438609683132,0.7635139452918831,0.18930360846756988,29975.181884914637,30500.0,271,0.3864785380093137,0.0,0.0,0.0,8800,0,0,0,0.0,0.9679475639184014,0.27913397325106637,0.0,1.0,1.0
2019-01-31,3.563656806945801,3.6032136177562846,3.1801221273712224,0.7769477020565017,0.18997902881658602,29975.181884914637,30500.0,271,0.30800645171697233,0.0,0.0,0.0,8411,0,0,0,0.0,0.9679845609700999,0.05489101536410677,0.0,1.0,1.0
2019-02-01,3.58795166015625,3.6017600979848527,3.230419932372896,0.7388743889589187,0.15796301617861838,30475.181884914637,31000.0,271,0.29568893079996744,0.0,0.0,0.0,8493,0,0,0,0.0,0.9685136455950356,0.019169013833442744,0.0,1.0,1.0
2019-02-04,3.698270797729492,3.610951593198628,3.257747796453879,0.7139312500149891,0.11461146705194221,30475.181884914637,31000.0,271,0.13895165294790673,0.0,0.0,0.0,8240,0,0,0,0.0,0.9684332941368765,0.0,0.0,0.0,1.0
2019-02-05,3.7173588275909424,3.6210856155217055,3.2688615148259887,0.6916861457165361,0.11402021402889602,30475.181884914637,31000.0,271,0.13892064610863758,0.0,0.0,0.0,8198,0,0,0,0.0,0.9683447031675361,0.0,0.0,0.0,1.0
2019-02-06,3.792970895767212,3.6374556422117537,3.290892508963871,0.6859422962061216,0.11340115028065803,30475.181884914637,31000.0,271,0.1388705591076198,0.0,0.0,0.0,8034,0,0,0,0.0,0.9682015974503424,0.0,0.0,0.0,1.0
2019-02-07,3.6546390056610107,3.6390921530164446,3.2980406819857624,0.699321567177747,0.121434104293315,30475.181884914637,31000.0,271,0.1388655519124642,0.0,0.0,0.0,8338,0,0,0,0.0,0.9681872911784691,0.0,0.0,0.0,1.0
2019-02-08,3.673231363296509,3.642343506376451,3.3029921608589494,0.6968766235098015,0.12127706826810909,30475.181884914637,31000.0,271,0.13885560382000622,0.0,0.0,0.0,8296,0,0,0,0.0,0.9681588680571607,0.0,0.0,0.0,1.0
2019-02-11,3.6305923461914062,3.6412243482635898,3.301333978927472,0.6930324715007212,0.12110226127685057,30475.181884914637,31000.0,271,0.2939688488042946,0.0,0.0,0.0,8393,0,0,0,0.0,0.9681686516651796,0.014599487775662121,0.0,1.0,1.0
2019-02-12,3.74760365486145,3.6513557107967194,3.3107403655521117,0.7015209845694124,0.1234498476994387,30475.181884914637,31000.0,271,0.1388280293816429,0.0,0.0,0.0,8131,0,0,0,0.0,0.9680800839475513,0.0,0.0,0.0,1.0
2019-02-13,3.7899959087371826,3.6645595391720014,3.320431324501312,0.7021394883116403,0.12010654763047589,30475.181884914637,31000.0,271,0.13878762992611404,0.0,0.0,0.0,8040,0,0,0,0.0,0.9679646569317545,0.0,0.0,0.0,1.0
2019-02-14,3.8309006690979004,3.6804015515458963,3.329534669566127,0.7019881827738034,0.12159645135545005,30475.181884914637,31000.0,271,0.13873915847857649,0.0,0.0,0.0,7955,0,0,0,0.0,0.9678261670816471,0.0,0.0,0.0,1.0
2019-02-15,3.900562047958374,3.701369217870894,3.338795772793104,0.7016370053953208,0.1239769968509663,30475.181884914637,31000.0,271,0.1386750041833853,0.0,0.0,0.0,7813,0,0,0,0.0,0.9676428690953867,0.0,0.0,0.0,1.0
2019-02-19,3.8832082748413086,3.7186872232966475,3.3569286419086755,0.6919514263598662,0.11753494753671151,30475.181884914637,31000.0,271,0.13862201667323587,0.0,0.0,0.0,7847,0,0,0,0.0,0.9674914762092455,0.0,0.0,0.0,1.0
2019-02-20,3.930558443069458,3.738865434703582,3.3616864510368707,0.6638645697481291,0.1008563857927436,30475.181884914637,31000.0,271,0.13856027785543107,0.0,0.0,0.0,7753,0,0,0,0.0,0.9673150795869461,0.0,0.0,0.0,1.0
2019-02-21,3.861640691757202,3.7505583163277367,3.3668430067873176,0.6682866070060898,0.10334539068437452,30475.181884914637,31000.0,271,0.13852450140955852,0.0,0.0,0.0,7891,0,0,0,0.0,0.9672128611701672,0.0,0.0,0.0,1.0
2019-02-22,3.946424722671509,3.7692122597890485,3.381532090906512,0.641478857644644,0.1041360941595513,30475.181884914637,31000.0,271,0.138467426359968,0.0,0.0,0.0,7722,0,0,0,0.0,0.9670497895999086,0.0,0.0,0.0,1.0
2019-02-25,3.9340298175811768,3.7849091700549655,3.401966385340741,0.6396599548562867,0.10203471984819626,30475.181884914637,31000.0,271,0.13841939887807375,0.0,0.0,0.0,7746,0,0,0,0.0,0.9669125682230679,0.0,0.0,0.0,1.0
2019-02-26,3.8946125507354736,3.795357111072157,3.429857109707859,0.3806343692005897,0.09547350691576256,30475.181884914637,31000.0,271,0.13838743154886468,0.0,0.0,0.0,7824,0,0,0,0.0,0.9668212329967563,0.0,0.0,0.0,1.0
2019-02-27,3.8527164459228516,3.800819904867461,3.507995547900728,0.33249036096558043,0.09499023423046547,30475.181884914637,31000.0,271,0.13837071716204258,0.0,0.0,0.0,7910,0,0,0,0.0,0.9667734776058361,0.0,0.0,0.0,1.0
2019-02-28,3.828148126602173,3.803422592651719,3.563417211649566,0.30848899319528067,0.0841196504303394,30475.181884914637,31000.0,271,0.13836275377699947,0.0,0.0,0.0,7960,0,0,0,0.0,0.9667507250771414,0.0,0.0,0.0,1.0
2019-03-01,3.8824963569641113,3.8109534273481374,3.591656012429356,0.2717985428093389,0.08252629533090786,30975.181884914637,31500.0,271,0.13852479579098503,0.0,0.0,0.0,7978,0,0,0,0.0,0.9672137022599573,0.0,0.0,0.0,1.0
2019-03-04,3.89068603515625,3.8185470090441482,3.620683020453368,0.27176453279391444,0.08494434767099604,30975.181884914637,31500.0,271,0.13850193067276706,0.0,0.0,0.0,7961,0,0,0,0.0,0.9671483733507631,0.0,0.0,0.0,1.0
2019-03-05,3.884232759475708,3.824802794799535,3.633054194631,0.25350659152036914,0.08315213962943464,30975.181884914637,31500.0,271,0.13848309380677026,0.0,0.0,0.0,7974,0,0,0,0.0,0.9670945537336294,0.0,0.0,0.0,1.0
2019-03-06,3.7733044624328613,3.8198981917169945,3.6332794176887555,0.2761900888042377,0.08634358043705678,30975.181884914637,31500.0,271,0.30984372583751557,0.0,0.0,0.0,8209,0,0,0,0.0,0.9671367488903078,0.060988182074022644,0.0,1.0,1.0
2019-03-07,3.7040677070617676,3.8088667169879256,3.6145453900261404,0.27419219844821763,0.09132548943452876,30975.181884914637,31500.0,271,0.3366814295919898,0.0,0.0,0.0,8362,0,0,0,0.0,0.9672316545935324,0.1375724299550099,0.0,1.0,1.0
2019-03-08,3.738313913345337,3.802147402355298,3.6200205797483074,0.2419766184943221,0.08450523740535544,30975.181884914637,31500.0,271,0.3179317101924049,0.0,0.0,0.0,8285,0,0,0,0.0,0.9672894620305306,0.08394399566205481,0.0,1.0,1.0
2019-03-11,3.9988842010498047,3.8208842403262033,3.639115325371812,0.34314587333237107,0.09798420659128408,30975.181884914637,31500.0,271,0.13849489300968443,0.0,0.0,0.0,7745,0,0,0,0.0,0.9671282657419555,0.0,0.0,0.0,1.0
2019-03-12,4.0331292152404785,3.8410980474608962,3.670563316016133,0.33804006125567376,0.09810035593990933,30975.181884914637,31500.0,271,0.1384340269904233,0.0,0.0,0.0,7680,0,0,0,0.0,0.9669543628297809,0.0,0.0,0.0,1.0
2019-03-13,4.184508323669434,3.873803788052186,3.6602334691831513,0.3440774778884905,0.09096255573023074,30975.181884914637,31500.0,271,0.13833554637153173,0.0,0.0,0.0,7402,0,0,0,0.0,0.9666729896329479,0.0,0.0,0.0,1.0
2019-03-14,4.108570098876953,3.8961624843212115,3.6662012710739402,0.3535192177411963,0.0909809522103377,30975.181884914637,31500.0,271,0.1382682218527661,0.0,0.0,0.0,7539,0,0,0,0.0,0.9664806338650461,0.0,0.0,0.0,1.0
2019-03-15,4.214041233062744,3.926436650868024,3.660725830061287,0.3610229740197056,0.09093931915185068,30975.181884914637,31500.0,271,0.13817706297349736,0.0,0.0,0.0,7350,0,0,0,0.0,0.9662201799242782,0.0,0.0,0.0,1.0
2019-03-18,4.192697525024414,3.951794829359109,3.6602327069522933,0.3592054832516967,0.08434305312363798,30975.181884914637,31500.0,271,0.13810070668048535,0.0,0.0,0.0,7387,0,0,0,0.0,0.966002019087101,0.0,0.0,0.0,1.0
2019-03-19,4.3604559898376465,3.990714939880874,3.644608365148911,0.37965970953927947,0.08442281776092543,30975.181884914637,31500.0,271,0.13798351390324753,0.0,0.0,0.0,7103,0,0,0,0.0,0.9656671825807074,0.0,0.0,0.0,1.0
2019-03-20,4.327946662902832,4.022832246835346,3.640296050355026,0.3818626380098814,0.0854699303065958,30975.181884914637,31500.0,271,0.137886805123418,0.0,0.0,0.0,7157,0,0,0,0.0,0.9653908717811943,0.0,0.0,0.0,1.0
2019-03-21,4.564693450927734,4.074438075796526,3.6161890603076268,0.41012558233484325,0.09105493159518242,30975.181884914637,31500.0,271,0.13773141423843488,0.0,0.0,0.0,6785,0,0,0,0.0,0.9649468978240997,0.0,0.0,0.0,1.0
2019-03-22,4.4048752784729,4.105908285575229,3.617384386281492,0.4348275671736814,0.11428815564162781,30975.181884914637,31500.0,271,0.13763665394010122,0.0,0.0,0.0,7032,0,0,0,0.0,0.964676154114575,0.0,0.0,0.0,1.0
2019-03-25,4.31256103515625,4.12558949982104,3.624946963865694,0.4442165489134035,0.11426898256898019,30975.181884914637,31500.0,271,0.1375773916172055,0.0,0.0,0.0,7182,0,0,0,0.0,0.9645068331920158,0.0,0.0,0.0,1.0
2019-03-26,4.389241695404053,4.150699232733708,3.635295502248206,0.4427337714590163,0.11695084794124944,30975.181884914637,31500.0,271,0.13750178342143515,0.0,0.0,0.0,7057,0,0,0,0.0,0.9642908097755291,0.0,0.0,0.0,1.0
2019-03-27,4.380060195922852,4.172543133989818,3.6526513682049586,0.4393459364751641,0.11831705482353229,30975.181884914637,31500.0,271,0.13743600900765285,0.0,0.0,0.0,7071,0,0,0,0.0,0.9641028828790082,0.0,0.0,0.0,1.0
2019-03-28,4.398674011230469,4.194079408012737,3.6763865694351634,0.4367327781410053,0.11829050966286517,30975.181884914637,31500.0,271,0.13737116089365053,0.0,0.0,0.0,7041,0,0,0,0.0,0.9639176025532873,0.0,0.0,0.0,1.0
2019-03-29,4.455997467041016,4.219023985063049,3.697210806710384,0.4365091162666135,0.1181777917466084,30975.181884914637,31500.0,271,0.13729605000053235,0.0,0.0,0.0,6951,0,0,0,0.0,0.9637030000015211,0.0,0.0,0.0,1.0
2019-04-01,4.523499011993408,4.248021606675464,3.71975703393757,0.43692000002833115,0.1230810087577989,31475.181884914637,32000.0,271,0.13740859845646347,0.0,0.0,0.0,6958,0,0,0,0.0,0.9640245670184672,0.0,0.0,0.0,1.0
2019-04-02,4.541366100311279,4.275959177497922,3.747987109106959,0.43574164400662013,0.12284188374289542,31475.181884914637,32000.0,271,0.1373257897504475,0.0,0.0,0.0,6930,0,0,0,0.0,0.9637879707155644,0.0,0.0,0.0,1.0
2019-04-03,4.680833339691162,4.314518621516326,3.7960272301113847,0.4199337349922253,0.11922503414789012,31475.181884914637,32000.0,271,0.13721149714841174,0.0,0.0,0.0,6724,0,0,0,0.0,0.9634614204240336,0.0,0.0,0.0,1.0
2019-04-04,4.671900272369385,4.348554969216617,3.8760935173002853,0.40850987459137184,0.11327158428661653,31475.181884914637,32000.0,271,0.13711061128655633,0.0,0.0,0.0,6737,0,0,0,0.0,0.9631731751044468,0.0,0.0,0.0,1.0
2019-04-05,4.7386555671691895,4.385707407116862,3.9654453187354632,0.40845384288468656,0.11226692738107978,31475.181884914637,32000.0,271,0.13700048913859264,0.0,0.0,0.0,6642,0,0,0,0.0,0.9628585403959791,0.0,0.0,0.0,1.0
2019-04-08,4.7595014572143555,4.42130684045948,4.0063949060986594,0.3478786693336891,0.1030150069988824,31475.181884914637,32000.0,271,0.13689497019320052,0.0,0.0,0.0,6613,0,0,0,0.0,0.9625570576948588,0.0,0.0,0.0,1.0
2019-04-09,4.696714878082275,4.447536177375937,4.054702770076246,0.3566760283587906,0.10681739437417698,31475.181884914637,32000.0,271,0.13681722479924657,0.0,0.0,0.0,6701,0,0,0,0.0,0.9623349279978475,0.0,0.0,0.0,1.0
2019-04-10,4.767192363739014,4.477979623696231,4.080198666419615,0.34043076875504796,0.10518897633162007,31475.181884914637,32000.0,271,0.13672698852163784,0.0,0.0,0.0,6602,0,0,0,0.0,0.9620771100618225,0.0,0.0,0.0,1.0
2019-04-11,4.753296375274658,4.5042002667037,4.1273256307265305,0.3297788710510172,0.10498131633347382,31475.181884914637,32000.0,271,0.13664926889697354,0.0,0.0,0.0,6621,0,0,0,0.0,0.9618550539913531,0.0,0.0,0.0,1.0
2019-04-12,4.715327739715576,4.524307645085783,4.163033413786208,0.32683442448695293,0.10586684417505732,31475.181884914637,32000.0,271,0.13658966937073785,0.0,0.0,0.0,6675,0,0,0,0.0,0.9616847696306797,0.0,0.0,0.0,1.0
2019-04-15,4.583552360534668,4.529949998938059,4.2054958195768135,0.34645791874282345,0.10578967737963804,31475.181884914637,32000.0,271,0.1365729450812726,0.0,0.0,0.0,6866,0,0,0,0.0,0.9616369859464933,0.0,0.0,0.0,1.0
2019-04-16,4.670657634735107,4.543350726156825,4.227776799602635,0.32543888630707424,0.10570022635812619,31475.181884914637,32000.0,271,0.13653322448825073,0.0,0.0,0.0,6738,0,0,0,0.0,0.9615234985378593,0.0,0.0,0.0,1.0
2019-04-17,4.647828102111816,4.553300952438252,4.256859345333885,0.32440377742296755,0.10536771448225744,31475.181884914637,32000.0,271,0.13650373139566346,0.0,0.0,0.0,6772,0,0,0,0.0,0.9614392325590385,0.0,0.0,0.0,1.0
2019-04-18,4.623258590698242,4.559963584653489,4.263119208056341,0.26368846263171314,0.09924331051279396,31475.181884914637,32000.0,271,0.13648398293736302,0.0,0.0,0.0,6808,0,0,0,0.0,0.9613828083924658,0.0,0.0,0.0,1.0
2019-04-22,4.677111625671387,4.571120540940908,4.2844042492914465,0.2295146511014837,0.06596245972664969,31475.181884914637,32000.0,271,0.13645091302161727,0.0,0.0,0.0,6729,0,0,0,0.0,0.9612883229189066,0.0,0.0,0.0,1.0
2019-04-23,4.731705665588379,4.586414362335905,4.3280975558831996,0.21276181856683726,0.06950707025431434,31475.181884914637,32000.0,271,0.1364055811791387,0.0,0.0,0.0,6651,0,0,0,0.0,0.9611588033689678,0.0,0.0,0.0,1.0
2019-04-24,4.744114875793457,4.601433458855672,4.361877678907266,0.207163219362076,0.06886591462834643,31475.181884914637,32000.0,271,0.1363610636383606,0.0,0.0,0.0,6634,0,0,0,0.0,0.961031610395316,0.0,0.0,0.0,1.0
2019-04-25,4.638397216796875,4.6049538167548345,4.398384751452267,0.22650355678295803,0.06503956059892826,31475.181884914637,32000.0,271,0.1363506290775251,0.0,0.0,0.0,6785,0,0,0,0.0,0.9610017973643575,0.0,0.0,0.0,1.0
2019-04-26,4.419519424438477,4.587293398438991,4.3859399827695595,0.287906982010807,0.0654831577249772,31475.181884914637,32000.0,271,0.3504068291319115,0.0,0.0,0.0,7121,0,0,0,0.0,0.9611513590319698,0.18286815277349186,0.0,1.0,1.0
2019-04-29,4.450290679931641,4.57424552048591,4.371709772143134,0.28516649663842975,0.06330017632736301,31475.181884914637,32000.0,271,0.33386389084134044,0.0,0.0,0.0,7072,0,0,0,0.0,0.961261858248385,0.13549211558401636,0.0,1.0,1.0
2019-04-30,4.491733551025391,4.5663872376801455,4.359173094071744,0.28181202509876413,0.05197447876912519,31475.181884914637,32000.0,271,0.3150748580295028,0.0,0.0,0.0,7007,0,0,0,0.0,0.9613284080808963,0.08174261486054028,0.0,1.0,1.0
2019-05-01,4.478581428527832,4.55802477966564,4.342150274921114,0.28152579161384367,0.060674425245002446,31975.181884914637,32500.0,271,0.3171989201994045,0.0,0.0,0.0,7139,0,0,0,0.0,0.9619930856834035,0.08714668631489511,0.0,1.0,1.0
2019-05-02,4.546081066131592,4.556887283138589,4.337082144869824,0.26338652712728583,0.06147596533731762,31975.181884914637,32500.0,271,0.2908508552989944,0.0,0.0,0.0,7033,0,0,0,0.0,0.9620025706544444,0.011857015914111058,0.0,1.0,1.0
2019-05-03,4.54161262512207,4.555432553803682,4.331883547631165,0.26337990864359684,0.0690055910213238,31975.181884914637,32500.0,271,0.29201416368853267,0.0,0.0,0.0,7040,0,0,0,0.0,0.9620147008590524,0.015168623965326948,0.0,1.0,1.0
2019-05-06,4.46319580078125,4.5466481011348785,4.31646713165754,0.2624556980792125,0.07045480013448513,31975.181884914637,32500.0,271,0.31885148369805455,0.0,0.0,0.0,7164,0,0,0,0.0,0.9620879496797676,0.09177343231467391,0.0,1.0,1.0
2019-05-07,4.295934677124023,4.522770632181464,4.260606197805683,0.28795076284790266,0.09318260942831329,31975.181884914637,32500.0,271,0.374570322589786,0.0,0.0,0.0,7443,0,0,0,0.0,0.9622870510362714,0.2507710135059745,0.0,1.0,1.0
2019-05-08,4.316034317016602,4.50308145930862,4.2172500890127,0.2881554124023128,0.09076209654265108,31975.181884914637,32500.0,271,0.35954870891945884,0.0,0.0,0.0,7408,0,0,0,0.0,0.9624512284469958,0.20768793989431522,0.0,1.0,1.0
2019-05-09,4.223470687866211,4.476451862028391,4.164264369086137,0.28520512087959266,0.0904253203341663,31975.181884914637,32500.0,271,0.3858347461689207,0.0,0.0,0.0,7570,0,0,0,0.0,0.9626732783197017,0.28256885359150036,0.0,1.0,1.0
2019-05-10,4.189472198486328,4.449120465500576,4.113089196495474,0.28507923242982414,0.09153932250396869,31975.181884914637,32500.0,271,0.38914446771604166,0.0,0.0,0.0,7632,0,0,0,0.0,0.9629011801184414,0.2917972990702491,0.0,1.0,1.0
2019-05-13,3.9321279525756836,4.399883083317253,3.985185648959585,0.34622849568678005,0.12170239698726146,31975.181884914637,32500.0,271,0.6232030264556225,0.3149145935556773,1.0,0.5204402154889741,8131,3,3,3,11.79638385772705,0.9633117441360315,0.5315540457371758,1.0,1.0,1.0
2019-05-14,4.021219730377197,4.363819906846771,3.903966644353527,0.3556008476135768,0.12643270940738324,31963.38550105691,32500.0,274,0.4245145413166134,0.0,0.0,0.0,7948,0,0,0,0.0,0.963209641400738,0.3925461909324435,0.0,1.0,1.0
2019-05-15,3.960170269012451,4.325377084195884,3.827437264620939,0.34387429478833403,0.1287867917826044,31963.38550105691,32500.0,274,0.43499547145555867,0.0,0.0,0.0,8071,0,0,0,0.0,0.963533743967087,0.422167603048795,0.0,1.0,1.0
2019-05-16,3.9753077030181885,4.292037143131341,3.7688046165484788,0.34629752438551614,0.1332793642063323,31963.38550105691,32500.0,274,0.4164758513745755,0.0,0.0,0.0,8040,0,0,0,0.0,0.9638148253163696,0.36897332146813194,0.0,1.0,1.0
2019-05-17,3.8844809532165527,4.253222267901362,3.6972386146533336,0.350359483871036,0.13442564834034354,31963.38550105691,32500.0,274,0.43916935069691126,0.0,0.0,0.0,8228,0,0,0,0.0,0.9641420645721547,0.4334846517047348,0.0,1.0,1.0
2019-05-20,3.7658588886260986,4.206806707970384,3.615779386430023,0.35029318716804514,0.1358879513919137,31963.38550105691,32500.0,274,0.4710176658082355,0.038213937833155444,1.0,0.32674975648320886,8487,2,2,2,7.531717777252197,0.9645333834466497,0.5240885188625947,0.0,1.0,1.0
2019-05-21,3.8480007648468018,4.172634713387185,3.584282886527991,0.36052104596525986,0.13555652353420863,31955.853783279657,32500.0,276,0.4237488904536943,0.0,0.0,0.0,8304,0,0,0,0.0,0.964564702126312,0.38900355631281475,0.0,1.0,1.0
2019-05-22,3.777027130126953,4.134957800695735,3.5554861000356137,0.35846169349269613,0.1356389608179809,31955.853783279657,32500.0,276,0.4391933250204812,0.0,0.0,0.0,8460,0,0,0,0.0,0.9648846660617839,0.43281054828244825,0.0,1.0,1.0
2019-05-23,3.655923843383789,4.089335519046978,3.4960355302780832,0.36414870193312815,0.14080285334657203,31955.853783279657,32500.0,276,0.4733204632712568,0.04240084231137601,1.0,0.32968058961796326,8740,2,2,2,7.311847686767578,0.9652721045151703,0.5299292191169921,0.0,1.0,1.0
2019-05-24,3.6020731925964355,4.042929583194545,3.4128935581845337,0.339435999584017,0.13926555195318194,31948.54193559289,32500.0,278,0.47872273463339304,0.052223153878896415,1.0,0.33655620771522754,8869,2,2,2,7.204146385192871,0.9654174023345206,0.5452189823323168,0.0,1.0,1.0
2019-05-28,3.5569067001342773,3.996641689569758,3.3388579357178063,0.33355381916159155,0.14059116766320356,31941.337789207697,32500.0,280,0.4850761262703422,0.06377477503698577,1.0,0.3446423425258901,8980,2,2,2,7.113813400268555,0.9655673946744759,0.5501306141392157,0.0,1.0,0.9770908840722494
2019-05-29,3.4827070236206055,3.947695530907934,3.2696163606918947,0.32638812499470415,0.14086965657333625,31934.22397580743,32500.0,282,0.5079804364428544,0.10541897535064433,1.0,0.3737932827454511,9169,2,2,2,6.965414047241211,0.9657461495471988,0.5889366386626901,0.0,1.0,0.9307926971530336
2019-05-30,3.456123113632202,3.900879110215007,3.212436510411605,0.32499441984325017,0.14074231055290573,31927.258561760187,32500.0,284,0.5027368139336849,0.09588511624306335,1.0,0.3671195813701444,9237,2,2,2,6.912246227264404,0.9659123179291981,0.5700714941641591,0.0,1.0,0.9242876014949508
2019-05-31,3.3654403686523438,3.849884944351896,3.165276554178473,0.31100126425798763,0.14592802179366854,31920.346315532923,32500.0,286,0.553151627011626,0.1875484127484109,1.0,0.4312838889238877,9484,2,2,2,6.7308807373046875,0.9661210124897033,0.6291676020218125,0.0,1.0,0.7759969403370226
2019-06-03,3.3237016201019287,3.79977224680428,3.1331720583463403,0.306917543755975,0.1382623819276689,32413.615434795618,33000.0,288,0.5376796844402614,0.15941760807320246,1.0,0.41159232565124176,9752,2,2,2,6.647403240203857,0.9668383513006172,0.6264462654343831,0.0,1.0,0.8498496570849439
2019-06-04,3.5527684688568115,3.77624807747595,3.162330738888123,0.42815263628378514,0.1640124868502393,32406.968031555414,33000.0,290,0.3919507544388144,0.0,0.0,0.0,9121,0,0,0,0.0,0.966814789622181,0.2959016516315746,0.0,1.0,1.0
2019-06-05,3.510035514831543,3.7508945000812446,3.168338489979136,0.4166555343467889,0.15875623707067402,32406.968031555414,33000.0,290,0.40083721264839006,0.0,0.0,0.0,9232,0,0,0,0.0,0.9670375937871648,0.32106872806537823,0.0,1.0,1.0
2019-06-06,3.5721468925476074,3.733870918411374,3.205665797607041,0.4251008222929979,0.16070861304406842,32406.968031555414,33000.0,290,0.3643127408623356,0.0,0.0,0.0,9072,0,0,0,0.0,0.9671871949594152,0.21656349321868673,0.0,1.0,1.0
2019-06-07,3.614880084991455,3.7225384580856673,3.24574693743141,0.428732636256961,0.16508841595753787,32406.968031555414,33000.0,290,0.3391615780330302,0.0,0.0,0.0,8964,0,0,0,0.0,0.9672867832471259,0.1446034397043893,0.0,1.0,1.0
2019-06-10,3.687674045562744,3.7192180378453887,3.3011714480983634,0.4397054421427132,0.16539538023029693,32406.968031555414,33000.0,290,0.3034029505628218,0.0,0.0,0.0,8787,0,0,0,0.0,0.9673159626977224,0.042406753196054366,0.0,1.0,1.0
2019-06-11,3.7453134059906006,3.721703311002076,3.319592842401408,0.39351671353780915,0.13845004936137334,32406.968031555414,33000.0,290,0.13855294284646325,0.0,0.0,0.0,8652,0,0,0,0.0,0.9672941224184666,0.0,0.0,0.0,1.0
2019-06-12,3.632270574569702,3.713185907532326,3.3470101822609926,0.39404729296685675,0.13660067129862843,32406.968031555414,33000.0,290,0.32671400245488763,0.0,0.0,0.0,8921,0,0,0,0.0,0.9673689723277462,0.108956748971933,0.0,1.0,1.0
2019-06-13,3.683450937271118,3.710354005602687,3.3740822604489225,0.39748851691918446,0.1358917819743612,32406.968031555414,33000.0,290,0.301276766362557,0.0,0.0,0.0,8797,0,0,0,0.0,0.967393858738643,0.03625404515437709,0.0,1.0,1.0
2019-06-14,3.5935134887695312,3.6992263373328624,3.4034863143460856,0.4033526210984537,0.132610441296741,32406.968031555414,33000.0,290,0.3386318537802497,0.0,0.0,0.0,9018,0,0,0,0.0,0.9674916473385899,0.14288507774783796,0.0,1.0,1.0
2019-06-17,3.6032025814056396,3.690081217720746,3.4228150514784335,0.3982975875446846,0.13067354484411992,32406.968031555414,33000.0,290,0.3298519031793799,0.0,0.0,0.0,8993,0,0,0,0.0,0.9675720135412419,0.1177191383998436,0.0,1.0,1.0
2019-06-18,3.798232078552246,3.7003812997046985,3.4285691898903057,0.43374991225014936,0.13153291740056913,32406.968031555414,33000.0,290,0.1386185241842416,0.0,0.0,0.0,8532,0,0,0,0.0,0.9674814976692617,0.0,0.0,0.0,1.0
2019-06-19,3.8041951656341553,3.710268334555123,3.4461698960424703,0.426622437483296,0.12900904624198564,32406.968031555414,33000.0,290,0.13858811406189864,0.0,0.0,0.0,8518,0,0,0,0.0,0.9673946116054247,0.0,0.0,0.0,1.0
2019-06-20,3.8285419940948486,3.721532492606525,3.4493203138348054,0.42164415326748017,0.13140419245663548,32406.968031555414,33000.0,290,0.13855346824243747,0.0,0.0,0.0,8464,0,0,0,0.0,0.9672956235498215,0.0,0.0,0.0,1.0
2019-06-21,3.770406484603882,3.7261871585110353,3.4446735891716114,0.408126449434523,0.12183701918566218,32406.968031555414,33000.0,290,0.13853915161851904,0.0,0.0,0.0,8595,0,0,0,0.0,0.9672547189100545,0.0,0.0,0.0,1.0
2019-06-24,3.7927663326263428,3.732528032236303,3.439352127629756,0.40355759154611104,0.12262843195064028,32406.968031555414,33000.0,290,0.13851964862812166,0.0,0.0,0.0,8544,0,0,0,0.0,0.9671989960803477,0.0,0.0,0.0,1.0
2019-06-25,3.7634499073028564,3.735472972718832,3.436961603742569,0.4014755182727175,0.12395528722403111,32406.968031555414,33000.0,290,0.13851059070512234,0.0,0.0,0.0,8610,0,0,0,0.0,0.9671731163003496,0.0,0.0,0.0,1.0
2019-06-26,3.956740617752075,3.756546081769617,3.4327508449338757,0.4253857568654996,0.12009411967546323,32406.968031555414,33000.0,290,0.13844577493031462,0.0,0.0,0.0,8190,0,0,0,0.0,0.9669879283723276,0.0,0.0,0.0,1.0
2019-06-27,4.055373191833496,3.7850058065376055,3.4285604978668927,0.42649911345944286,0.12020687829482284,32406.968031555414,33000.0,290,0.1383582397162555,0.0,0.0,0.0,7991,0,0,0,0.0,0.9667378277607301,0.0,0.0,0.0,1.0
2019-06-28,4.080219268798828,3.813121374372008,3.4474013171609252,0.4066862088956574,0.10549554678391494,32406.968031555414,33000.0,290,0.1382717630454921,0.0,0.0,0.0,7942,0,0,0,0.0,0.966490751558549,0.0,0.0,0.0,1.0
2019-07-01,4.128417491912842,3.843149576042564,3.4832676850965214,0.3980001164165388,0.10395325292099294,32906.968031555414,33500.0,290,0.13835583038900534,0.0,0.0,0.0,7970,0,0,0,0.0,0.9667309439685867,0.0,0.0,0.0,1.0
2019-07-02,4.030528545379639,3.860995192169904,3.4952844804810748,0.35309121684306727,0.08065745146083715,32906.968031555414,33500.0,290,0.13830176083566426,0.0,0.0,0.0,8164,0,0,0,0.0,0.9665764595304694,0.0,0.0,0.0,1.0
2019-07-03,4.043447494506836,3.8783716019162786,3.5185929112629517,0.34653406710438295,0.08025615411100388,32906.968031555414,33500.0,290,0.13824911290762676,0.0,0.0,0.0,8138,0,0,0,0.0,0.9664260368789337,0.0,0.0,0.0,1.0
2019-07-05,3.9808402061462402,3.8881305166048463,3.538777269105854,0.35330876094996544,0.08099834570609292,32906.968031555414,33500.0,290,0.13821954485267485,0.0,0.0,0.0,8266,0,0,0,0.0,0.9663415567219282,0.0,0.0,0.0,1.0
2019-07-08,3.905809164047241,3.8898141973136457,3.554159251025582,0.36282209842882773,0.0792726125087797,32906.968031555414,33500.0,290,0.13821444355142282,0.0,0.0,0.0,8425,0,0,0,0.0,0.9663269815754938,0.0,0.0,0.0,1.0
2019-07-09,3.9082937240600586,3.891574152241876,3.5631583493077823,0.35797685529622447,0.07854405550818826,32906.968031555414,33500.0,290,0.13820911115067008,0.0,0.0,0.0,8419,0,0,0,0.0,0.9663117461447718,0.0,0.0,0.0,1.0
2019-07-10,3.976616144180298,3.8996733895693447,3.5712677325642423,0.35889209371636305,0.07884084682988377,32906.968031555414,33500.0,290,0.13818457167040926,0.0,0.0,0.0,8275,0,0,0,0.0,0.9662416333440266,0.0,0.0,0.0,1.0
2019-07-11,4.1311492919921875,3.921718713609615,3.592539327985977,0.35728753276557357,0.07750314959660776,32906.968031555414,33500.0,290,0.13811777762891414,0.0,0.0,0.0,7965,0,0,0,0.0,0.966050793225469,0.0,0.0,0.0,1.0
2019-07-12,4.164191722869873,3.9448113811582113,3.6095262240954606,0.3562674551623301,0.07770775031174416,32906.968031555414,33500.0,290,0.13804781029290863,0.0,0.0,0.0,7902,0,0,0,0.0,0.9658508865511677,0.0,0.0,0.0,1.0
2019-07-15,4.155744552612305,3.96490025463003,3.6497127871164303,0.33903974367658757,0.0768351027470509,32906.968031555414,33500.0,290,0.13798694400462835,0.0,0.0,0.0,7918,0,0,0,0.0,0.9656769828703669,0.0,0.0,0.0,1.0
2019-07-16,4.15102481842041,3.9826264035624472,3.6984132437522113,0.34003235647475766,0.0792655411495189,32906.968031555414,33500.0,290,0.13793323641905703,0.0,0.0,0.0,7927,0,0,0,0.0,0.9655235326258773,0.0,0.0,0.0,1.0
2019-07-17,4.216364860534668,4.004887208988373,3.712869061113629,0.29414814806295336,0.07914367845606987,32906.968031555414,33500.0,290,0.1378657895011247,0.0,0.0,0.0,7804,0,0,0,0.0,0.9653308271460708,0.0,0.0,0.0,1.0
2019-07-18,4.228044033050537,4.026140239851436,3.730080710583307,0.2939718947403416,0.07935609328246071,32906.968031555414,33500.0,290,0.1378013959897038,0.0,0.0,0.0,7783,0,0,0,0.0,0.9651468456848682,0.0,0.0,0.0,1.0
2019-07-19,4.184813499450684,4.041251978860888,3.749178403566387,0.2991417152600836,0.07705502854372279,32906.968031555414,33500.0,290,0.1377556096759886,0.0,0.0,0.0,7863,0,0,0,0.0,0.9650160276456818,0.0,0.0,0.0,1.0
2019-07-22,4.256364822387695,4.061738916339632,3.7803608941029276,0.2926654107247315,0.07726096647096499,32906.968031555414,33500.0,290,0.1376935373131799,0.0,0.0,0.0,7731,0,0,0,0.0,0.9648386780376569,0.0,0.0,0.0,1.0
2019-07-23,4.364190578460693,4.090543836541638,3.8054777285304437,0.30039535919956906,0.07979595580620755,32906.968031555414,33500.0,290,0.13760626270420961,0.0,0.0,0.0,7540,0,0,0,0.0,0.9645893220120276,0.0,0.0,0.0,1.0
2019-07-24,4.438723087310791,4.1237037651863195,3.838576088692572,0.29691916100026094,0.07031732238442011,32906.968031555414,33500.0,290,0.13750579306965932,0.0,0.0,0.0,7413,0,0,0,0.0,0.9643022659133125,0.0,0.0,0.0,1.0
2019-07-25,4.3075456619262695,4.141212517256791,3.8546565163277013,0.28027303145269483,0.07393208404198363,32906.968031555414,33500.0,290,0.1374527441641324,0.0,0.0,0.0,7639,0,0,0,0.0,0.9641506976118069,0.0,0.0,0.0,1.0
2019-07-26,4.349532127380371,4.161052480125703,3.8618698433717498,0.27054043128221766,0.07643829594688532,32906.968031555414,33500.0,290,0.1373926320378281,0.0,0.0,0.0,7565,0,0,0,0.0,0.9639789486795088,0.0,0.0,0.0,1.0
2019-07-29,4.343321800231934,4.178411462992964,3.8691959724212173,0.2709500506261575,0.07573632450842746,32906.968031555414,33500.0,290,0.13734003691063323,0.0,0.0,0.0,7576,0,0,0,0.0,0.9638286768875236,0.0,0.0,0.0,1.0
2019-07-30,4.358972549438477,4.195607756940156,3.874883375263838,0.26907665834571226,0.07306295877071661,32906.968031555414,33500.0,290,0.1372879347065843,0.0,0.0,0.0,7549,0,0,0,0.0,0.9636798134473837,0.0,0.0,0.0,1.0
2019-07-31,4.191770553588867,4.195242309001938,3.8817606142798398,0.292280660535137,0.08350340152160395,32906.968031555414,33500.0,290,0.28873724721786315,0.0,0.0,0.0,7850,0,0,0,0.0,0.9636829770265504,0.0041377293102015465,0.0,1.0,1.0
2019-08-01,4.097361087799072,4.185920287934999,3.8765857140392934,0.30500932676750087,0.084512483643381,33406.968031555414,34000.0,290,0.32452757879417454,0.0,0.0,0.0,8153,0,0,0,0.0,0.9642965622499662,0.10578223430481835,0.0,1.0,1.0
2019-08-02,4.004689693450928,4.168660231317468,3.862480335425845,0.31106349001329714,0.0876439713278496,33406.968031555414,34000.0,290,0.3563900146990406,0.0,0.0,0.0,8341,0,0,0,0.0,0.9644437803799393,0.1966705473316053,0.0,1.0,1.0
2019-08-05,3.746307134628296,4.128436126870881,3.785361289355697,0.38270239967254127,0.13445222623196165,33406.968031555414,34000.0,290,0.5996558042107676,0.2721014622013956,1.0,0.49047102354097694,8917,2,2,2,7.492614269256592,0.9647868683296307,0.46280114370113407,1.0,1.0,1.0
2019-08-06,3.785064935684204,4.095734108662626,3.7286233499425814,0.38506746214894133,0.1445870167637764,33399.47541728616,34000.0,292,0.42042951257723266,0.0,0.0,0.0,8824,0,0,0,0.0,0.9648248717726622,0.3792594498765742,0.0,1.0,1.0
2019-08-07,3.8233258724212646,4.06979046711583,3.6797665423870907,0.3811632454461684,0.14308153059305773,33399.47541728616,34000.0,292,0.39374586478198254,0.0,0.0,0.0,8735,0,0,0,0.0,0.9650476818706523,0.30279764607786935,0.0,1.0,1.0
2019-08-08,3.931896209716797,4.056657680696874,3.6530580285086134,0.36798237968838415,0.16026721583015524,33399.47541728616,34000.0,292,0.3589510950764434,0.0,0.0,0.0,8494,0,0,0,0.0,0.9651604693304857,0.15377372309936355,0.0,1.0,0.9133793613700192
2019-08-09,3.8305306434631348,4.0351217723889,3.606330428626725,0.37502280476739536,0.1600116743593255,33399.47541728616,34000.0,292,0.38598017949211116,0.0,0.0,0.0,8719,0,0,0,0.0,0.9653454247783071,0.25351295508071064,0.0,1.0,0.9531012672927248
2019-08-12,3.762704372406006,4.009177258104815,3.5488862427325207,0.37810322839926486,0.164308124925923,33399.47541728616,34000.0,292,0.4120032714521536,0.0,0.0,0.0,8876,0,0,0,0.0,0.9655682423715705,0.3073858672631,0.0,1.0,0.9176533345999052
2019-08-13,3.8769893646240234,3.996587934916168,3.5242016690739786,0.3980387125091157,0.17528136664854216,33399.47541728616,34000.0,292,0.36187980213311677,0.0,0.0,0.0,8614,0,0,0,0.0,0.9656763624413082,0.14962584614649943,0.0,1.0,0.8923798543630796
2019-08-14,3.728419065475464,3.9710480425884818,3.4731808705170746,0.4101627237805579,0.20109495532855062,33399.47541728616,34000.0,292,0.4550464218477953,0.009175312450536911,1.0,0.3064227187153759,8958,2,2,2,7.456838130950928,0.9658957050460047,0.30549740838046247,0.0,1.0,0.6997058392573408
2019-08-15,3.6961216926574707,3.9448645806902904,3.423883479412778,0.408997132553137,0.20069346465327076,33392.01857915521,34000.0,294,0.458753734068869,0.015915880125216324,1.0,0.3111411160876515,9034,2,2,2,7.392243385314941,0.9658885239199134,0.3152743052960434,0.0,1.0,0.6982662807835793
2019-08-16,3.964193820953369,3.9467054607153456,3.428055261372503,0.4951010542643518,0.20877532401096813,33384.62633576989,34000.0,296,0.142731841300035,0.0,0.0,0.0,8421,0,0,0,0.0,0.9656404465773017,0.0,0.0,0.0,0.9762115750101028
2019-08-19,4.242948532104492,3.974919086561931,3.4573978980467723,0.5550831947416304,0.21381299610202276,33384.62633576989,34000.0,296,0.13788818772447597,0.0,0.0,0.0,7868,0,0,0,0.0,0.9653948220699314,0.0,0.0,0.0,1.0
2019-08-20,4.170652389526367,3.9935603535109245,3.4944780647176548,0.5502142607820898,0.2130911068076595,33384.62633576989,34000.0,296,0.13783138668753725,0.0,0.0,0.0,8004,0,0,0,0.0,0.9652325333929637,0.0,0.0,0.0,1.0
2019-08-21,4.2541303634643555,4.018376544935061,3.5447425018285283,0.5516408590757376,0.21487074965531602,33384.62633576989,34000.0,296,0.13775577029249192,0.0,0.0,0.0,7847,0,0,0,0.0,0.9650164865499771,0.0,0.0,0.0,1.0
2019-08-22,4.260341167449951,4.041420794698383,3.573312059344893,0.5416571169618243,0.21443244101199774,33384.62633576989,34000.0,296,0.13768555310791902,0.0,0.0,0.0,7836,0,0,0,0.0,0.9648158660226258,0.0,0.0,0.0,1.0
2019-08-23,4.035746097564697,4.040880347352318,3.5988311245255815,0.5713143950272342,0.22874222050940105,33384.62633576989,34000.0,296,0.2899107097014257,0.0,0.0,0.0,8272,0,0,0,0.0,0.9648205710936386,0.006352885196148984,0.0,1.0,1.0
2019-08-26,4.110528945922852,4.0475135472161785,3.6314471223747318,0.5764703879975086,0.234020846425619,33384.62633576989,34000.0,296,0.1376669881326001,0.0,0.0,0.0,8121,0,0,0,0.0,0.9647628232360004,0.0,0.0,0.0,1.0
2019-08-27,4.019845008850098,4.04487844832417,3.665476311924599,0.5802718145919629,0.2340408308065276,33384.62633576989,34000.0,296,0.29850563191080676,0.0,0.0,0.0,8304,0,0,0,0.0,0.9647857640969425,0.03094461279107701,0.0,1.0,1.0
2019-08-28,4.009399890899658,4.041499538093264,3.67532830991819,0.5654010389083727,0.23377999924664628,33384.62633576989,34000.0,296,0.3015847042420708,0.0,0.0,0.0,8326,0,0,0,0.0,0.964815180491894,0.039712545914022526,0.0,1.0,1.0
2019-08-29,4.153144359588623,4.0521323782356795,3.680982199015875,0.5746760264266224,0.23716648568433404,33384.62633576989,34000.0,296,0.1376529142827877,0.0,0.0,0.0,8038,0,0,0,0.0,0.9647226122365364,0.0,0.0,0.0,1.0
2019-08-30,4.16582727432251,4.062960463577283,3.68181029911685,0.5676905517318205,0.23577419442665865,33384.62633576989,34000.0,296,0.1376199204698057,0.0,0.0,0.0,8013,0,0,0,0.0,0.9646283441994449,0.0,0.0,0.0,1.0
2019-09-03,4.082764625549316,4.064846574241286,3.697374661729887,0.5176541053237239,0.21001606046539112,33884.62633576989,34500.0,296,0.1377936781132928,0.0,0.0,0.0,8299,0,0,0,0.0,0.9651247946094081,0.0,0.0,0.0,1.0
2019-09-04,4.196913719177246,4.07742439756852,3.713398321911053,0.5238911566757013,0.20852324515120046,33884.62633576989,34500.0,296,0.1377559081858522,0.0,0.0,0.0,8073,0,0,0,0.0,0.9650168805310063,0.0,0.0,0.0,1.0
2019-09-05,4.469976425170898,4.114810304959223,3.710168583991798,0.5647626559003127,0.21279119107099048,33884.62633576989,34500.0,296,0.1376436420987311,0.0,0.0,0.0,7580,0,0,0,0.0,0.964696120282089,0.0,0.0,0.0,1.0
2019-09-06,4.442867755889893,4.146053871714525,3.7090859291205245,0.5618484929663641,0.2029673036155412,33884.62633576989,34500.0,296,0.13754982083740214,0.0,0.0,0.0,7626,0,0,0,0.0,0.9644280595354348,0.0,0.0,0.0,1.0
2019-09-09,4.488877296447754,4.178703721689118,3.7202081250061374,0.5486166715163103,0.20113333363776542,33884.62633576989,34500.0,296,0.13745177665023206,0.0,0.0,0.0,7548,0,0,0,0.0,0.9641479332863774,0.0,0.0,0.0,1.0
2019-09-10,4.555525779724121,4.214591536740071,3.744351445823596,0.5400792681049909,0.19486400080916294,33884.62633576989,34500.0,296,0.1373440091824269,0.0,0.0,0.0,7438,0,0,0,0.0,0.9638400262355055,0.0,0.0,0.0,1.0
2019-09-11,4.5841264724731445,4.24978534014322,3.7589075982712044,0.5348584882240336,0.18959998436187495,33884.62633576989,34500.0,296,0.1372383257611931,0.0,0.0,0.0,7391,0,0,0,0.0,0.9635380736034089,0.0,0.0,0.0,1.0
2019-09-12,4.582634925842285,4.281485300685988,3.808308710179033,0.5065839385107989,0.15118776247201213,33884.62633576989,34500.0,296,0.13714313399562117,0.0,0.0,0.0,7394,0,0,0,0.0,0.9632660971303463,0.0,0.0,0.0,1.0
2019-09-13,4.524688720703125,4.304647531163811,3.8840228431441606,0.5088098980101167,0.15174255633877387,33884.62633576989,34500.0,296,0.13707358016728777,0.0,0.0,0.0,7488,0,0,0,0.0,0.9630673719065366,0.0,0.0,0.0,1.0
2019-09-16,4.481665134429932,4.321506350522489,3.9155813289242034,0.457183809694374,0.14657821571651286,33884.62633576989,34500.0,296,0.1370229548430687,0.0,0.0,0.0,7560,0,0,0,0.0,0.9629227281230535,0.0,0.0,0.0,1.0
2019-09-17,4.503053188323975,4.338796525551202,3.922894496202071,0.39020816916836815,0.14159612449811593,33884.62633576989,34500.0,296,0.13697103420153317,0.0,0.0,0.0,7524,0,0,0,0.0,0.962774383432952,0.0,0.0,0.0,1.0
2019-09-18,4.475944519042969,4.351858239217084,3.934255047689002,0.38452267101305393,0.13734371835545847,33884.62633576989,34500.0,296,0.1369318112004959,0.0,0.0,0.0,7570,0,0,0,0.0,0.9626623177157027,0.0,0.0,0.0,1.0
2019-09-19,4.400343418121338,4.356475875303204,3.9386014084795002,0.3862122500209209,0.13534032617966096,33884.62633576989,34500.0,296,0.13691794490778514,0.0,0.0,0.0,7700,0,0,0,0.0,0.962622699736529,0.0,0.0,0.0,1.0
2019-09-20,4.294651031494141,4.350587794940436,3.9335884084932733,0.3970949004870552,0.1370567616964363,33884.62633576989,34500.0,296,0.3094358815019343,0.0,0.0,0.0,7889,0,0,0,0.0,0.9626732177593517,0.0642864436747464,0.0,1.0,1.0
2019-09-23,4.348117828369141,4.350352560028885,3.9568513416205797,0.34476110185297854,0.09266305143217995,33884.62633576989,34500.0,296,0.2878352897214754,0.0,0.0,0.0,7792,0,0,0,0.0,0.9626752360067087,0.002568448911792489,0.0,1.0,1.0
2019-09-24,4.290670871734619,4.344668589715145,3.965744444836599,0.34537331555662965,0.09466588646420755,33884.62633576989,34500.0,296,0.30870327776618994,0.0,0.0,0.0,7897,0,0,0,0.0,0.962724002824473,0.06214250507892694,0.0,1.0,1.0
2019-09-25,4.4324235916137695,4.353026208943585,4.007111387971047,0.3490423260844096,0.0942929510254355,33884.62633576989,34500.0,296,0.1369283039058969,0.0,0.0,0.0,7644,0,0,0,0.0,0.9626522968739912,0.0,0.0,0.0,1.0
2019-09-26,4.4102911949157715,4.358480017131413,4.058103350133499,0.34984752808897396,0.0939297960165986,33884.62633576989,34500.0,296,0.13691192667319374,0.0,0.0,0.0,7683,0,0,0,0.0,0.9626055047805536,0.0,0.0,0.0,1.0
2019-09-27,4.271520614624023,4.3501981692735665,4.065571017884771,0.3527101337498493,0.08710043790573191,33884.62633576989,34500.0,296,0.318587244150957,0.0,0.0,0.0,7932,0,0,0,0.0,0.9626765606346384,0.09042985122523892,0.0,1.0,1.0
2019-09-30,4.3289690017700195,4.348176343797038,4.083147788273175,0.3551855988669807,0.08849017222490962,33884.62633576989,34500.0,296,0.2946731999763758,0.0,0.0,0.0,7827,0,0,0,0.0,0.9626939073111906,0.022086664049883173,0.0,1.0,1.0
2019-10-01,4.327228546142578,4.3461813154489946,4.125535767750982,0.3457098205148105,0.09641797727859036,34384.62633576989,35000.0,296,0.2947666798823773,0.0,0.0,0.0,7946,0,0,0,0.0,0.9632437237322028,0.021803933074589707,0.0,1.0,1.0
2019-10-02,4.303354740142822,4.342102593991264,4.139793991494794,0.33405159006092,0.1090742612758821,34384.62633576989,35000.0,296,0.3027639451998701,0.0,0.0,0.0,7990,0,0,0,0.0,0.9632782180622453,0.04461876822309781,0.0,1.0,1.0
2019-10-03,4.509021282196045,4.357999611915528,4.153160252268861,0.29361618047760835,0.10181531213346236,34384.62633576989,35000.0,296,0.13710032114873,0.0,0.0,0.0,7625,0,0,0,0.0,0.9631437747106573,0.0,0.0,0.0,1.0
2019-10-04,4.525434494018555,4.373945791163436,4.164550261024724,0.292715746539711,0.11534090996002115,34384.62633576989,35000.0,296,0.1370531204581562,0.0,0.0,0.0,7598,0,0,0,0.0,0.9630089155947321,0.0,0.0,0.0,1.0
2019-10-07,4.5841264724731445,4.3939629989072175,4.174999644214217,0.2939584304073036,0.11622062217265976,34384.62633576989,35000.0,296,0.1369938695232346,0.0,0.0,0.0,7500,0,0,0,0.0,0.9628396272092418,0.0,0.0,0.0,1.0
2019-10-08,4.407555103302002,4.395257485040054,4.183313833885691,0.3209242622109709,0.12758794300764492,34384.62633576989,35000.0,296,0.13699003784428138,0.0,0.0,0.0,7801,0,0,0,0.0,0.9628286795550898,0.0,0.0,0.0,1.0
2019-10-09,4.494099140167236,4.404670976004548,4.202998305130157,0.3286044547357581,0.12943742618699852,34384.62633576989,35000.0,296,0.13696217391102655,0.0,0.0,0.0,7651,0,0,0,0.0,0.9627490683172187,0.0,0.0,0.0,1.0
2019-10-10,4.551795959472656,4.418682879191986,4.221674043526663,0.3321535585159394,0.13155938780365573,34384.62633576989,35000.0,296,0.1369206986775917,0.0,0.0,0.0,7554,0,0,0,0.0,0.9626305676502621,0.0,0.0,0.0,1.0
2019-10-11,4.62540864944458,4.438371047787472,4.225901448068139,0.3335013370453952,0.13841631373591234,34384.62633576989,35000.0,296,0.13686242169854906,0.0,0.0,0.0,7433,0,0,0,0.0,0.9624640619958545,0.0,0.0,0.0,1.0
2019-10-14,4.6388397216796875,4.457463302443873,4.225910249655003,0.3310621326526071,0.13812776595207213,34384.62633576989,35000.0,296,0.13734225460524557,0.0,0.0,0.0,7412,0,0,0,0.0,0.9623025960707604,0.0,0.0,0.0,0.9973182700976027
2019-10-15,4.883551120758057,4.498043094664272,4.192605220505628,0.37712721092273427,0.14271176604274763,34384.62633576989,35000.0,296,0.13668579243979373,0.0,0.0,0.0,7040,0,0,0,0.0,0.9619594069708393,0.0,0.0,0.0,1.0
2019-10-16,4.829833030700684,4.529642136191549,4.1811659894436435,0.3793475806856793,0.14285131666174747,34384.62633576989,35000.0,296,0.13659225927687302,0.0,0.0,0.0,7119,0,0,0,0.0,0.9616921693624944,0.0,0.0,0.0,1.0
2019-10-17,4.831823825836182,4.558421344729132,4.176982164426868,0.37155254122932646,0.1432501775056036,34384.62633576989,35000.0,296,0.13650707281960173,0.0,0.0,0.0,7116,0,0,0,0.0,0.9614487794845765,0.0,0.0,0.0,1.0
2019-10-18,4.737319469451904,4.575459261369396,4.1914674781882315,0.3672531111063822,0.1428588628876048,34384.62633576989,35000.0,296,0.13645664058634654,0.0,0.0,0.0,7258,0,0,0,0.0,0.9613046873895617,0.0,0.0,0.0,1.0
2019-10-21,4.874597549438477,4.60394862213788,4.197077278126727,0.37617677501361463,0.1449607665317964,34384.62633576989,35000.0,296,0.13637231207847184,0.0,0.0,0.0,7053,0,0,0,0.0,0.9610637487956339,0.0,0.0,0.0,1.0
2019-10-22,4.864649772644043,4.628777303138467,4.215886605567525,0.3706610036837148,0.14209262486681726,34384.62633576989,35000.0,296,0.13629881918271008,0.0,0.0,0.0,7068,0,0,0,0.0,0.9608537690934575,0.0,0.0,0.0,1.0
2019-10-23,4.851718425750732,4.650009791006302,4.224485623414963,0.35828487478906124,0.1408338402887153,34384.62633576989,35000.0,296,0.13623597101862128,0.0,0.0,0.0,7087,0,0,0,0.0,0.9606742029103467,0.0,0.0,0.0,1.0
2019-10-24,4.895735263824463,4.673412216988985,4.236436988983225,0.3566767074994768,0.14053509310140747,34384.62633576989,35000.0,296,0.13616669983771257,0.0,0.0,0.0,7023,0,0,0,0.0,0.9604762852506075,0.0,0.0,0.0,1.0
2019-10-25,5.086731433868408,4.712775951929882,4.259636792101875,0.34748806476814836,0.13925358911550229,34384.62633576989,35000.0,296,0.1360501831822875,0.0,0.0,0.0,6759,0,0,0,0.0,0.9601433805208216,0.0,0.0,0.0,1.0
2019-10-28,5.1426873207092285,4.753719891813629,4.279197847378557,0.3471804868587849,0.1394693994671797,34384.62633576989,35000.0,296,0.13592898912023166,0.0,0.0,0.0,6686,0,0,0,0.0,0.9597971117720905,0.0,0.0,0.0,1.0
2019-10-29,5.04644250869751,4.781598236278761,4.316558576779157,0.3595358078264643,0.130591740838176,34384.62633576989,35000.0,296,0.13584646922061483,0.0,0.0,0.0,6813,0,0,0,0.0,0.9595613406303282,0.0,0.0,0.0,1.0
2019-10-30,5.048432350158691,4.807011009029231,4.36870152603846,0.35720190206608843,0.10826036398089717,34384.62633576989,35000.0,296,0.13577124741327345,0.0,0.0,0.0,6810,0,0,0,0.0,0.9593464211807814,0.0,0.0,0.0,1.0
2019-10-31,4.999191761016846,4.825313937789956,4.394038721954028,0.3300977231404011,0.10820505630646732,34384.62633576989,35000.0,296,0.1357170707441417,0.0,0.0,0.0,6878,0,0,0,0.0,0.9591916306975478,0.0,0.0,0.0,1.0
2019-11-01,5.03823709487915,4.8455923337032125,4.421125327192355,0.3301386140081001,0.10253230134702915,34884.62633576989,35500.0,296,0.13585906011910837,0.0,0.0,0.0,6923,0,0,0,0.0,0.9595973146260239,0.0,0.0,0.0,1.0
2019-11-04,5.234951019287109,4.882674113282631,4.4356831454709695,0.3502362954784625,0.09982664623515453,34884.62633576989,35500.0,296,0.13575084399616671,0.0,0.0,0.0,6663,0,0,0,0.0,0.9592881257033335,0.0,0.0,0.0,1.0
2019-11-05,5.212818622589111,4.914116447502296,4.4921461941915695,0.3101270143027135,0.07578359891991572,34884.62633576989,35500.0,296,0.13565908552221861,0.0,0.0,0.0,6692,0,0,0,0.0,0.9590259586349105,0.0,0.0,0.0,1.0
2019-11-06,5.163578033447266,4.937874693782769,4.5443674304440025,0.3135679102872328,0.07269934116234385,34884.62633576989,35500.0,296,0.13558975159786207,0.0,0.0,0.0,6755,0,0,0,0.0,0.9588278617081775,0.0,0.0,0.0,1.0
2019-11-07,5.181234359741211,4.961051804826431,4.594439814927608,0.3130835769588717,0.07132379790711456,34884.62633576989,35500.0,296,0.13552211360619665,0.0,0.0,0.0,6732,0,0,0,0.0,0.958634610303419,0.0,0.0,0.0,1.0
2019-11-08,5.167307376861572,4.980695192639302,4.638742576359099,0.3126558353847489,0.06392095138752865,34884.62633576989,35500.0,296,0.13546478811387513,0.0,0.0,0.0,6751,0,0,0,0.0,0.9584708231825004,0.0,0.0,0.0,1.0
2019-11-11,5.177254676818848,4.999415143513544,4.6894177135256605,0.3127926802079549,0.06436065487527932,34884.62633576989,35500.0,296,0.1354101574966759,0.0,0.0,0.0,6738,0,0,0,0.0,0.9583147357047884,0.0,0.0,0.0,1.0
2019-11-12,5.212818622589111,5.019739284377884,4.7038610586846845,0.258999963845134,0.05709765393428823,34884.62633576989,35500.0,296,0.13535084535601272,0.0,0.0,0.0,6692,0,0,0,0.0,0.9581452724457507,0.0,0.0,0.0,1.0
2019-11-13,5.186954021453857,5.035664497432739,4.727107355023348,0.25541176513708885,0.05563106586555892,34884.62633576989,35500.0,296,0.13530437064974554,0.0,0.0,0.0,6725,0,0,0,0.0,0.9580124875707017,0.0,0.0,0.0,1.0
2019-11-14,5.217294692993164,5.052962611295637,4.753156539551718,0.2552141719606056,0.05557346586773771,34884.62633576989,35500.0,296,0.13525388939351468,0.0,0.0,0.0,6686,0,0,0,0.0,0.9578682554100421,0.0,0.0,0.0,1.0
2019-11-15,5.078028678894043,5.055349855828818,4.798823555209879,0.26500512176356306,0.055493844938562645,34884.62633576989,35500.0,296,0.13524692267425725,0.0,0.0,0.0,6869,0,0,0,0.0,0.957848350497878,0.0,0.0,0.0,1.0
2019-11-18,5.2792181968688965,5.076670650213588,4.825934767599381,0.28074125619026974,0.052939695139946515,34884.62633576989,35500.0,296,0.1351847019897992,0.0,0.0,0.0,6607,0,0,0,0.0,0.9576705771137121,0.0,0.0,0.0,1.0
2019-11-19,5.172529697418213,5.085800083280694,4.86049052397021,0.2931797142366588,0.04983352574148088,34884.62633576989,35500.0,296,0.135158059475271,0.0,0.0,0.0,6744,0,0,0,0.0,0.9575944556436314,0.0,0.0,0.0,1.0
2019-11-20,5.251861095428467,5.101615417770958,4.907593684307179,0.2953342687374909,0.05376779214784395,34884.62633576989,35500.0,296,0.13511190542870222,0.0,0.0,0.0,6642,0,0,0,0.0,0.9574625869391492,0.0,0.0,0.0,1.0
2019-11-21,5.226993560791016,5.113556193296677,4.9536557050166055,0.29633652863156995,0.05500732811718222,34884.62633576989,35500.0,296,0.13507705854575952,0.0,0.0,0.0,6673,0,0,0,0.0,0.9573630244164558,0.0,0.0,0.0,1.0
2019-11-22,5.244651794433594,5.12604148864305,4.964998335877353,0.26493827280185983,0.05425213858122461,34884.62633576989,35500.0,296,0.13504062258525573,0.0,0.0,0.0,6651,0,0,0,0.0,0.9572589216721593,0.0,0.0,0.0,1.0
2019-11-25,5.501298904418945,5.161780290145517,4.941738267435714,0.3126054368347844,0.056583951837587895,34884.62633576989,35500.0,296,0.1349363256884767,0.0,0.0,0.0,6341,0,0,0,0.0,0.956960930538505,0.0,0.0,0.0,1.0
2019-11-26,5.396600246429443,5.184144095505891,4.954042821969868,0.31290662265730196,0.05592162147680915,34884.62633576989,35500.0,296,0.1348710611748053,0.0,0.0,0.0,6464,0,0,0,0.0,0.9567744604994438,0.0,0.0,0.0,1.0
2019-11-27,5.431442737579346,5.207696347131935,4.967043978571936,0.3128377517378424,0.05635809934180312,34884.62633576989,35500.0,296,0.13480232840667972,0.0,0.0,0.0,6422,0,0,0,0.0,0.9565780811619422,0.0,0.0,0.0,1.0
2019-11-29,5.3941121101379395,5.225450229322983,4.996095809912392,0.31134053778599885,0.05756022721017369,34884.62633576989,35500.0,296,0.13475051707724334,0.0,0.0,0.0,6467,0,0,0,0.0,0.9564300487921239,0.0,0.0,0.0,1.0
2019-12-02,5.207703590393066,5.22376007323442,5.013854113624668,0.3394935603511044,0.060473645262204494,35384.62633576989,36000.0,296,0.29034622520036263,0.0,0.0,0.0,6794,0,0,0,0.0,0.9570490838422948,0.015368702444455538,0.0,1.0,1.0
2019-12-03,5.1681342124938965,5.218462372211512,5.005646744075472,0.31092471796927823,0.06479968827087723,35384.62633576989,36000.0,296,0.301859863787245,0.0,0.0,0.0,6846,0,0,0,0.0,0.957092642717372,0.04822125381761364,0.0,1.0,1.0
2019-12-04,5.211935997009277,5.217840812668443,5.00499795123713,0.31215117494650657,0.06799667101844066,35384.62633576989,36000.0,296,0.2869646166238739,0.0,0.0,0.0,6789,0,0,0,0.0,0.9570977533180595,0.005658294178723195,0.0,1.0,1.0
2019-12-05,5.195012092590332,5.21566664885148,5.004855656233167,0.31038804026139616,0.06806760637306004,35384.62633576989,36000.0,296,0.29192064366516196,0.0,0.0,0.0,6811,0,0,0,0.0,0.9571156297761101,0.01980049498149581,0.0,1.0,1.0
2019-12-06,5.280375003814697,5.2218293493241665,5.012687602634773,0.31541646973062754,0.07416914940127346,35384.62633576989,36000.0,296,0.1349727355391671,0.0,0.0,0.0,6701,0,0,0,0.0,0.9570649586833346,0.0,0.0,0.0,1.0
2019-12-09,5.280375003814697,5.227405125942312,5.021597668102802,0.3151286482957127,0.07533040692097,35384.62633576989,36000.0,296,0.13495668969312152,0.0,0.0,0.0,6701,0,0,0,0.0,0.9570191134089188,0.0,0.0,0.0,1.0
2019-12-10,5.325422763824463,5.236740139073945,5.032163316806072,0.31618189007408865,0.07498664100100749,35384.62633576989,36000.0,296,0.13492982559977607,0.0,0.0,0.0,6644,0,0,0,0.0,0.9569423588565031,0.0,0.0,0.0,1.0
2019-12-11,5.409043312072754,5.253149965073832,5.040088809248579,0.3196700185571251,0.07533283512949321,35384.62633576989,36000.0,296,0.13488260176717637,0.0,0.0,0.0,6541,0,0,0,0.0,0.956807433620504,0.0,0.0,0.0,1.0
2019-12-12,5.576536655426025,5.283948697488326,5.035667103174973,0.3343341279970656,0.08021033391930066,35384.62633576989,36000.0,296,0.13479396985945025,0.0,0.0,0.0,6345,0,0,0,0.0,0.9565541995984294,0.0,0.0,0.0,1.0
2019-12-13,5.574547290802002,5.311624753994391,5.036183575747865,0.3345643267346787,0.08030243655556864,35384.62633576989,36000.0,296,0.13471432431906055,0.0,0.0,0.0,6347,0,0,0,0.0,0.9563266409116017,0.0,0.0,0.0,1.0
2019-12-16,5.6034159660339355,5.339414393236252,5.057112961271109,0.3149342190186835,0.07973317253182324,35384.62633576989,36000.0,296,0.13463435191279788,0.0,0.0,0.0,6314,0,0,0,0.0,0.9560981483222797,0.0,0.0,0.0,1.0
2019-12-17,5.681561470031738,5.3719998291215365,5.0520687567353315,0.28981648595731024,0.07975310495492312,35384.62633576989,36000.0,296,0.13454057826952798,0.0,0.0,0.0,6227,0,0,0,0.0,0.9558302236272229,0.0,0.0,0.0,1.0
2019-12-18,5.711925506591797,5.404373703166323,5.059811850309312,0.2755396597247692,0.07970923047278737,35384.62633576989,36000.0,296,0.13444741345422134,0.0,0.0,0.0,6194,0,0,0,0.0,0.9555640384406324,0.0,0.0,0.0,1.0
2019-12-19,5.860004901885986,5.447767150663434,5.049087632950859,0.2832059629692689,0.07834308197670635,35384.62633576989,36000.0,296,0.13432253675531297,0.0,0.0,0.0,6038,0,0,0,0.0,0.9552072478723229,0.0,0.0,0.0,1.0
2019-12-20,5.957315921783447,5.496295605055817,5.040118616844041,0.28296447843897427,0.0783100089744425,35384.62633576989,36000.0,296,0.13418288264767264,0.0,0.0,0.0,5939,0,0,0,0.0,0.9548082361362077,0.0,0.0,0.0,1.0
2019-12-23,5.943626403808594,5.538898538270367,5.043714188902535,0.2845638646084078,0.07838110177771097,35384.62633576989,36000.0,296,0.1340602808731997,0.0,0.0,0.0,5953,0,0,0,0.0,0.9544579453519992,0.0,0.0,0.0,1.0
2019-12-24,5.9386491775512695,5.576970027725691,5.041836092232002,0.23678614895468955,0.0756757114697372,35384.62633576989,36000.0,296,0.13395071958687826,0.0,0.0,0.0,5958,0,0,0,0.0,0.9541449131053665,0.0,0.0,0.0,1.0
2019-12-26,5.952836513519287,5.61276683589651,5.045050975314831,0.22090150864961924,0.07678040904176282,35384.62633576989,36000.0,296,0.1338477043278089,0.0,0.0,0.0,5944,0,0,0,0.0,0.9538505837937398,0.0,0.0,0.0,1.0
2019-12-27,5.8950958251953125,5.639655311067824,5.052253722105323,0.22686135415046896,0.07632306365871673,35384.62633576989,36000.0,296,0.13377032527148258,0.0,0.0,0.0,6002,0,0,0,0.0,0.9536295007756646,0.0,0.0,0.0,1.0
2019-12-30,5.781858444213867,5.653198466605543,5.0630364658359674,0.23876173337470885,0.07821090491584849,35384.62633576989,36000.0,296,0.13373135107943512,0.0,0.0,0.0,6119,0,0,0,0.0,0.9535181459412433,0.0,0.0,0.0,1.0
2019-12-31,5.856022834777832,5.672515073098142,5.0968974566156655,0.19327556490452283,0.0690195248216153,35384.62633576989,36000.0,296,0.13367576217852867,0.0,0.0,0.0,6042,0,0,0,0.0,0.953359320510082,0.0,0.0,0.0,1.0
2020-01-02,5.970754146575928,5.700918794381741,5.1434364949837565,0.19208399110549026,0.06498082397056801,35884.62633576989,36500.0,296,0.13381876199731646,0.0,0.0,0.0,6010,0,0,0,0.0,0.9537678914209042,0.0,0.0,0.0,1.0
2020-01-03,5.875186443328857,5.717515713329086,5.191832020162478,0.2090292784852811,0.07182625314233698,35884.62633576989,36500.0,296,0.13377165403011249,0.0,0.0,0.0,6107,0,0,0,0.0,0.9536332972288929,0.0,0.0,0.0,1.0
2020-01-06,5.899824142456055,5.7348784208649874,5.254527847309589,0.20627183174316494,0.07202524859440808,35884.62633576989,36500.0,296,0.13372237248214758,0.0,0.0,0.0,6082,0,0,0,0.0,0.953492492806136,0.0,0.0,0.0,1.0
2020-01-07,5.97125244140625,5.757390232345108,5.311647456733865,0.20405859294842443,0.06881451768473372,35884.62633576989,36500.0,296,0.13365847594326152,0.0,0.0,0.0,6009,0,0,0,0.0,0.9533099312664616,0.0,0.0,0.0,1.0
2020-01-08,5.98245096206665,5.7788245875566835,5.381989655293726,0.2034048939611209,0.06760424079817674,35884.62633576989,36500.0,296,0.13359763760901716,0.0,0.0,0.0,5998,0,0,0,0.0,0.9531361074543349,0.0,0.0,0.0,1.0
2020-01-09,6.048155784606934,5.804475177751945,5.456525797334177,0.20394086204276943,0.06872375611713086,35884.62633576989,36500.0,296,0.13352483209821636,0.0,0.0,0.0,5933,0,0,0,0.0,0.9529280917091897,0.0,0.0,0.0,1.0
2020-01-10,6.080507755279541,5.830763994659335,5.524525407563059,0.20100904995057287,0.0709783036995628,35884.62633576989,36500.0,296,0.1334502150726929,0.0,0.0,0.0,5901,0,0,0,0.0,0.9527149002076941,0.0,0.0,0.0,1.0
2020-01-13,6.271145820617676,5.872705120941081,5.54416691483605,0.20165148572481084,0.06920121275902003,35884.62633576989,36500.0,296,0.13333117121836996,0.0,0.0,0.0,5722,0,0,0,0.0,0.9523747749096285,0.0,0.0,0.0,1.0
2020-01-14,6.1541748046875,5.8995117574883595,5.587328262024232,0.21897020102624454,0.06997077555556282,35884.62633576989,36500.0,296,0.1332550844362796,0.0,0.0,0.0,5830,0,0,0,0.0,0.952157384103656,0.0,0.0,0.0,1.0
2020-01-15,6.111616611480713,5.919712219773346,5.635129967201506,0.22304497421051697,0.06705115017925717,35884.62633576989,36500.0,296,0.1331977483296296,0.0,0.0,0.0,5871,0,0,0,0.0,0.9519935666560847,0.0,0.0,0.0,1.0
2020-01-16,6.195239067077637,5.945952871897564,5.6697162855355705,0.2228979925198327,0.07110768514861893,35884.62633576989,36500.0,296,0.13312326801291535,0.0,0.0,0.0,5792,0,0,0,0.0,0.9517807657511869,0.0,0.0,0.0,1.0
2020-01-17,6.203950881958008,5.97052411095094,5.704700065100558,0.22312206302841553,0.0708561845567689,35884.62633576989,36500.0,296,0.1330535260850817,0.0,0.0,0.0,5784,0,0,0,0.0,0.9515815031002335,0.0,0.0,0.0,1.0
2020-01-21,6.170603275299072,5.989579269460286,5.721293063384804,0.21004277373415703,0.07224592189367801,35884.62633576989,36500.0,296,0.13299944075846337,0.0,0.0,0.0,5815,0,0,0,0.0,0.9514269735956097,0.0,0.0,0.0,1.0
2020-01-22,6.224606513977051,6.011962816557121,5.729123709096033,0.2049181808339838,0.0714265924358393,35884.62633576989,36500.0,296,0.1329359082795803,0.0,0.0,0.0,5764,0,0,0,0.0,0.9512454522273723,0.0,0.0,0.0,1.0
2020-01-23,6.293047904968262,6.038732824977229,5.735018752111538,0.20641030288088205,0.07139848385616464,35884.62633576989,36500.0,296,0.1328599254611605,0.0,0.0,0.0,5702,0,0,0,0.0,0.9510283584604586,0.0,0.0,0.0,1.0
2020-01-24,6.233815670013428,6.057312143552105,5.7465186531090975,0.2106917204342657,0.08059830298647758,35884.62633576989,36500.0,296,0.13280719073775343,0.0,0.0,0.0,5756,0,0,0,0.0,0.9508776878221528,0.0,0.0,0.0,1.0
2020-01-27,5.977972030639648,6.0497559423223475,5.7405641884465775,0.26133951125984156,0.09879180854869996,35884.62633576989,36500.0,296,0.303593416977428,0.0,0.0,0.0,6002,0,0,0,0.0,0.9509389655088379,0.059327940140956346,0.0,1.0,1.0
2020-01-28,6.171347141265869,6.061336056507445,5.75852050366808,0.2817392348338682,0.10494590944512895,35884.62633576989,36500.0,296,0.1327957694396117,0.0,0.0,0.0,5814,0,0,0,0.0,0.9508450555417478,0.0,0.0,0.0,1.0
2020-01-29,6.110871315002441,6.066053700173635,5.7960146794054035,0.2740228019573274,0.10241671803975823,35884.62633576989,36500.0,296,0.13278237908663043,0.0,0.0,0.0,5872,0,0,0,0.0,0.9508067973903728,0.0,0.0,0.0,1.0
2020-01-30,6.117589950561523,6.070961914496291,5.824341158945464,0.2715461318619247,0.10247067832051376,35884.62633576989,36500.0,296,0.13276844782625158,0.0,0.0,0.0,5865,0,0,0,0.0,0.9507669937892903,0.0,0.0,0.0,1.0
2020-01-31,5.884145259857178,6.053169852149708,5.794032606673759,0.2988511232706384,0.11769227214698136,35884.62633576989,36500.0,296,0.3316847561559267,0.0,0.0,0.0,6098,0,0,0,0.0,0.9509112801031147,0.13961659462810463,0.0,1.0,1.0
2020-02-03,5.98120641708374,6.046316191667234,5.80256489252672,0.29884113566445897,0.11803347062679947,36384.62633576989,37000.0,296,0.3019151950680555,0.0,0.0,0.0,6083,0,0,0,0.0,0.9516294704666621,0.053842515442068084,0.0,1.0,1.0
2020-02-04,6.150440216064453,6.056232765419351,5.831705197586501,0.3140466389725118,0.12877082830680026,36384.62633576989,37000.0,296,0.13304254825682582,0.0,0.0,0.0,5915,0,0,0,0.0,0.9515501378766452,0.0,0.0,0.0,1.0
2020-02-05,6.240783214569092,6.073808998671707,5.853729813078736,0.31525083255084657,0.1331217582801846,36384.62633576989,37000.0,296,0.1383034951867042,0.0,0.0,0.0,5830,0,0,0,0.0,0.9514095280106264,0.0,0.0,0.0,0.973449198085075
2020-02-06,6.327640056610107,6.09798338514203,5.872607946094635,0.3178730017865879,0.13270715805166733,36384.62633576989,37000.0,296,0.13370954990026132,0.0,0.0,0.0,5750,0,0,0,0.0,0.9512161329188638,0.0,0.0,0.0,0.9960804831067047
2020-02-07,6.261439800262451,6.113550662772547,5.887772596224331,0.3198389039986324,0.13332146970137654,36384.62633576989,37000.0,296,0.1330478520019558,0.0,0.0,0.0,5810,0,0,0,0.0,0.9510915946978197,0.0,0.0,0.0,0.9991710307114055
2020-02-10,6.544659614562988,6.15460865818116,5.873721340679045,0.3549065384249566,0.13447547823085115,36384.62633576989,37000.0,296,0.13276709575709272,0.0,0.0,0.0,5559,0,0,0,0.0,0.9507631307345508,0.0,0.0,0.0,1.0
2020-02-11,6.667106628417969,6.203417988679903,5.8495375861132155,0.34463530727515723,0.132839075004784,36384.62633576989,37000.0,296,0.13263042963169624,0.0,0.0,0.0,5457,0,0,0,0.0,0.9503726560905608,0.0,0.0,0.0,1.0
2020-02-12,6.782832145690918,6.258600289347618,5.820594627916656,0.3378645545436817,0.13378598674361789,36384.62633576989,37000.0,296,0.13247591918982665,0.0,0.0,0.0,5364,0,0,0,0.0,0.949931197685219,0.0,0.0,0.0,1.0
2020-02-13,6.739030838012695,6.304355579696673,5.815855513388447,0.337652693564961,0.13422703745437278,36384.62633576989,37000.0,296,0.1323478043768493,0.0,0.0,0.0,5399,0,0,0,0.0,0.9495651553624266,0.0,0.0,0.0,1.0
2020-02-14,7.212141513824463,6.390811382946938,5.745795958855756,0.4087917528294705,0.13164805467419127,36384.62633576989,37000.0,296,0.13210572812774857,0.0,0.0,0.0,5044,0,0,0,0.0,0.9488735089364245,0.0,0.0,0.0,1.0
2020-02-18,7.38087797164917,6.485103439013818,5.686251541029577,0.41157318563589335,0.13187915529176558,36384.62633576989,37000.0,296,0.13184171037076126,0.0,0.0,0.0,4929,0,0,0,0.0,0.9481191724878895,0.0,0.0,0.0,1.0
2020-02-19,7.832087993621826,6.613387682309819,5.589544817629866,0.4468731339039931,0.1320291975582672,36384.62633576989,37000.0,296,0.13148251448953246,0.0,0.0,0.0,4645,0,0,0,0.0,0.9470928985415215,0.0,0.0,0.0,1.0
2020-02-20,7.682764053344727,6.715233050979809,5.561537461792403,0.46055556620703053,0.1331249890494552,36384.62633576989,37000.0,296,0.13119734745725653,0.0,0.0,0.0,4735,0,0,0,0.0,0.9462781355921616,0.0,0.0,0.0,1.0
2020-02-21,7.318659782409668,6.772702263496939,5.573018166119096,0.5050077329224736,0.13903389663195195,36384.62633576989,37000.0,296,0.13103643366220852,0.0,0.0,0.0,4971,0,0,0,0.0,0.9458183818920245,0.0,0.0,0.0,1.0
2020-02-24,6.801249980926514,6.775421093728327,5.583481491910396,0.5751099274912748,0.18135116560092954,36384.62633576989,37000.0,296,0.13102882093756069,0.0,0.0,0.0,5349,0,0,0,0.0,0.9457966312501734,0.0,0.0,0.0,1.0
2020-02-25,6.521763801574707,6.751263256380363,5.5957014260523055,0.5751652587971272,0.2030741877496753,36384.62633576989,37000.0,296,0.34058518827442924,0.0,0.0,0.0,5578,0,0,0,0.0,0.945989893948957,0.1699677868351265,0.0,1.0,1.0
2020-02-26,6.661133766174316,6.742679495408359,5.608047929884967,0.5695314341962777,0.198307378305168,36384.62633576989,37000.0,296,0.3022849360098199,0.0,0.0,0.0,5462,0,0,0,0.0,0.9460585640367332,0.06046982456275238,0.0,1.0,1.0
2020-02-27,6.290335655212402,6.699599129675411,5.580552059328943,0.6067915492257465,0.2473022988305652,36384.62633576989,37000.0,296,0.3881446947921349,0.0,0.0,0.0,5784,0,0,0,0.0,0.9464032069625967,0.3054387781577888,0.0,1.0,1.0
2020-02-28,6.7253804206848145,6.702054490723926,5.613566100674371,0.6516713649470534,0.2458831778145132,36384.62633576989,37000.0,296,0.13123424742597295,0.0,0.0,0.0,5410,0,0,0,0.0,0.9463835640742085,0.0,0.0,0.0,1.0
2020-03-02,6.88375997543335,6.719359774981966,5.698993201959182,0.633332839170608,0.3007283584137372,36884.62633576989,37500.0,296,0.18043724929728627,0.0,0.0,0.0,5358,0,0,0,0.0,0.9469618535094757,0.0,0.0,0.0,0.7549969971551509
2020-03-03,6.621288776397705,6.710019679878703,5.7530341038188535,0.6536935889395185,0.312316801541051,36884.62633576989,37500.0,296,0.3557627435672688,0.0,0.0,0.0,5570,0,0,0,0.0,0.9470355779934908,0.06611821403972509,0.0,1.0,0.7442054182217837
2020-03-04,7.0849714279174805,6.74572937016811,5.828191969386086,0.6885137323092528,0.34697987233531347,36884.62633576989,37500.0,296,0.20064637674865246,0.0,0.0,0.0,5206,0,0,0,0.0,0.9467537095048064,0.0,0.0,0.0,0.6535871078901487
2020-03-05,6.805567264556885,6.751428217252756,5.876332797143647,0.708056648159485,0.36024693821710174,36884.62633576989,37500.0,296,0.203768750115757,0.0,0.0,0.0,5419,0,0,0,0.0,0.9467087266051516,0.0,0.0,0.0,0.6378965209802301
2020-03-06,6.625025272369385,6.739389841549578,5.89253300509702,0.7160254896226553,0.3615350847450398,36884.62633576989,37500.0,296,0.3809923098715503,0.0,0.0,0.0,5567,0,0,0,0.0,0.9468037495173687,0.08484786595599077,0.0,1.0,0.6504287777206275
2020-03-09,6.112035274505615,6.679641787545391,5.8078356225448555,0.7704423856279801,0.43929698919838056,36884.62633576989,37500.0,296,0.5379523998566751,0.15991345428486375,1.0,0.41193941799940464,6034,2,2,2,12.22407054901123,0.9472753608236417,0.4248779583495879,0.0,1.0,0.4615063092697764
2020-03-10,6.501507759094238,6.6626766419786145,5.787329808960471,0.7874751867088807,0.4834306052849337,36872.40226522088,37500.0,298,0.4523125129469076,0.004204568994377448,1.0,0.30294319829606425,5671,2,2,2,13.003015518188477,0.94705392961841,0.1209490506179765,0.0,1.0,0.35744265067913816
2020-03-11,6.137684345245361,6.612677375623067,5.682171939615489,0.8093008688663115,0.5041361958114426,36859.39924970269,37500.0,300,0.5396345238774959,0.16297186159544702,1.0,0.41408030311681293,6005,2,2,2,12.275368690490723,0.9470985809950154,0.3591533378966261,0.0,1.0,0.33776823867289285
2020-03-12,5.386630058288574,6.495910964448353,5.361461613234187,0.9087842514670174,0.5838299670531645,36847.1238810122,37500.0,302,0.7210989689720722,0.4929072163128584,1.0,0.6450350514190009,6840,3,3,3,16.159890174865723,0.9476862636996426,0.8538301342419808,0.0,1.0,0.29715885153748034
2020-03-13,5.9974846839904785,6.448441794880936,5.262931410337874,1.008858517437611,0.6972145717409667,36830.963990837336,37500.0,305,0.5628616607364588,0.2052030195208342,1.0,0.44364211366458395,6141,2,2,2,11.994969367980957,0.9475526734016351,0.34966362823375996,0.0,1.0,0.20582022417964718
2020-03-16,4.890823841094971,6.300097227853701,4.881988689125071,1.1552899388347524,0.7966029362692534,36818.969021469355,37500.0,307,0.7902363295340394,0.618611508243708,1.0,0.7330280557705957,7528,3,3,3,14.672471523284912,0.948423204027971,1.0,0.0,1.0,0.2085589593787518
2020-03-17,5.410536766052246,6.215377183872611,4.7489261462489365,1.2284921834649467,0.840402553640014,36804.29654994607,37500.0,310,0.6649958095272059,0.3909014718676471,1.0,0.5736310303073531,6802,3,3,3,16.23161029815674,0.9486195486133198,0.6474590310534405,0.0,1.0,0.21815846678080053
2020-03-18,5.050695896148682,6.104455156470332,4.6365642264267555,1.2104641314872213,0.8486144038772431,36788.06493964791,37500.0,313,0.7465207650988078,0.5391286638160142,1.0,0.67739006467121,7283,3,3,3,15.152087688446045,0.9490481476273276,0.86310672558937,0.0,1.0,0.18866720263518122
2020-03-19,5.303455352783203,6.028169460881082,4.622020479035703,1.234923403988096,0.8507378910436066,36772.91285195947,37500.0,316,0.650676296883872,0.3648659943343126,1.0,0.5554061960340189,6933,3,3,3,15.91036605834961,0.9492026253429754,0.601106283425511,0.0,1.0,0.20965910592549086
2020-03-20,5.123661518096924,5.94202584728259,4.542311768451258,1.2312121912207175,0.8562580593713967,36757.00248590112,37500.0,319,0.6836772583237716,0.4248677424068574,1.0,0.5974074196848003,7173,3,3,3,15.370984554290771,0.9494531667924494,0.6886240065414061,0.0,1.0,0.19824876171538874
2020-03-23,5.296483516693115,5.8805456253216875,4.467258067859124,1.224037417746059,0.8553054643071054,36741.63150134683,37500.0,322,0.6176203100987229,0.30476420017949607,1.0,0.5133349401256473,6936,3,3,3,15.889450550079346,0.9495057148972378,0.4966053712036473,0.0,1.0,0.1925928501829346
2020-03-24,6.205170631408691,5.9114622925680695,4.5123882310673675,1.3747502278901762,0.9386274113881917,36725.74205079675,37500.0,325,0.28796207952508746,0.0,0.0,0.0,5918,0,0,0,0.0,0.9487673267977434,0.0,0.0,0.0,0.2205324242706137
2020-03-25,6.116518020629883,5.930991409526337,4.560629372808049,1.3736098405804094,0.9416567732597373,36725.74205079675,37500.0,325,0.2888899858362124,0.0,0.0,0.0,6004,0,0,0,0.0,0.9485980744507717,0.0,0.0,0.0,0.21559670110778817
2020-03-26,6.4058837890625,5.976219255196448,4.600245575790973,1.3675418326997208,0.965701677773678,36725.74205079675,37500.0,325,0.2958534512794799,0.0,0.0,0.0,5733,0,0,0,0.0,0.9482060997882974,0.0,0.0,0.0,0.180093418232121
2020-03-27,6.293575286865234,6.006443639164904,4.6629651452933185,1.347641332937725,0.9712411616958646,36725.74205079675,37500.0,325,0.300522865879754,0.0,0.0,0.0,5835,0,0,0,0.0,0.9479441551272375,0.0,0.0,0.0,0.15628794207389562
2020-03-30,6.613818168640137,6.06428883244826,4.7526117735839986,1.3573937708245525,0.9633775660594087,36725.74205079675,37500.0,325,0.29677256023825643,0.0,0.0,0.0,5552,0,0,0,0.0,0.9474428301187817,0.0,0.0,0.0,0.17416215151658587
2020-03-31,6.564264297485352,6.111905543404173,4.805686150226492,1.3498609531981314,0.9607042920880171,36725.74205079675,37500.0,325,0.29728149581444846,0.0,0.0,0.0,5594,0,0,0,0.0,0.9470301519571638,0.0,0.0,0.0,0.1708952868527942
2020-04-01,6.053016185760498,6.106297033152395,4.903735157066077,1.3546173778606294,0.9524256010341828,37225.74205079675,38000.0,325,0.4599440798588962,0.018080145197993037,1.0,0.3126561016385952,6149,2,2,2,12.106032371520996,0.9477750911638282,0.04362778874219838,0.0,1.0,0.18523464054106542
2020-04-02,6.361807823181152,6.130631394107515,4.979680324001516,1.3615731599777492,0.9548553572419191,37213.636018425226,38000.0,327,0.29387766803486737,0.0,0.0,0.0,5849,0,0,0,0.0,0.9472443035296537,0.0,0.0,0.0,0.18828919100255725
2020-04-03,6.073935031890869,6.1252317405630725,5.019602141340261,1.3680495743459324,0.9546173792972796,37213.636018425226,38000.0,327,0.4573596155421946,0.01338111916762656,1.0,0.30936678341733864,6126,2,2,2,12.147870063781738,0.9472907689693651,0.041873279938538156,0.0,1.0,0.19423900787785775
2020-04-06,6.683794021606445,6.178428148281489,5.020818633763788,1.3814339826621014,0.9559040369975986,37201.488148361444,38000.0,329,0.2904177883209421,0.0,0.0,0.0,5565,0,0,0,0.0,0.9465078194530366,0.0,0.0,0.0,0.20429974243810345
2020-04-07,6.450459003448486,6.204335848773583,5.051878489839599,1.373132684564605,0.9380708708615179,37201.488148361444,38000.0,329,0.2872353090887418,0.0,0.0,0.0,5767,0,0,0,0.0,0.9462835133093024,0.0,0.0,0.0,0.21981960284757007
2020-04-08,6.6476850509643555,6.2465595823155615,5.052109280077095,1.3579569137667225,0.9296688688431698,37201.488148361444,38000.0,329,0.2876231456265589,0.0,0.0,0.0,5596,0,0,0,0.0,0.9459179446688994,0.0,0.0,0.0,0.21724067503777933
2020-04-09,6.5480780601501465,6.275275627823618,5.082498378110525,1.2725314994699044,0.8566686984857501,37201.488148361444,38000.0,329,0.28341062896114294,0.0,0.0,0.0,5681,0,0,0,0.0,0.9456693241696323,0.0,0.0,0.0,0.23786817249114178
2020-04-13,6.719902515411377,6.317621045689119,5.082734922140881,1.2176548623437093,0.796050748947603,37201.488148361444,38000.0,329,0.2759193385479911,0.0,0.0,0.0,5536,0,0,0,0.0,0.9453027019991652,0.0,0.0,0.0,0.27468303575858344
2020-04-14,7.07102632522583,6.38937392945452,5.19771249259053,0.9881845618900224,0.6573430851976534,37201.488148361444,38000.0,329,0.28008833761252816,0.0,0.0,0.0,5261,0,0,0,0.0,0.9446814730844596,0.0,0.0,0.0,0.2527508898351636
2020-04-15,6.993578910827637,6.446917261013865,5.251683242341201,0.9394577178413592,0.6382767664751063,37201.488148361444,38000.0,329,0.2851531841776923,0.0,0.0,0.0,5319,0,0,0,0.0,0.9441832689770115,0.0,0.0,0.0,0.22655479982130844
2020-04-16,7.338726043701172,6.531851430793608,5.374009249230163,0.8959378973848078,0.6012644237592997,37201.488148361444,38000.0,329,0.28185849552799763,0.0,0.0,0.0,5069,0,0,0,0.0,0.9434479178754974,0.0,0.0,0.0,0.24174137864213208
2020-04-17,7.279458522796631,6.603052106222468,5.482154089801263,0.8941047999585213,0.6045499839037848,37201.488148361444,38000.0,329,0.283497803609632,0.0,0.0,0.0,5110,0,0,0,0.0,0.9428314699224423,0.0,0.0,0.0,0.2324660543161139
2020-04-20,7.148223400115967,6.654973181831373,5.679097789880596,0.8837398665182826,0.5812981731462178,37201.488148361444,38000.0,329,0.2764525675414239,0.0,0.0,0.0,5204,0,0,0,0.0,0.9423819427151968,0.0,0.0,0.0,0.2669055620444749
2020-04-21,6.711435317993164,6.660350528132496,5.879355391624594,0.9247912828516635,0.5825811499224013,37201.488148361444,38000.0,329,0.2652501562228404,0.0,0.0,0.0,5543,0,0,0,0.0,0.9423353862169581,0.0,0.0,0.0,0.3228361447654746
2020-04-22,7.1258111000061035,6.704680106406173,5.916654451067404,0.739327473467192,0.496472817184389,37201.488148361444,38000.0,329,0.2814897171809373,0.0,0.0,0.0,5220,0,0,0,0.0,0.941951585394536,0.0,0.0,0.0,0.24096668853575132
2020-04-23,7.072519302368164,6.739712410783506,5.974868656814078,0.737001200750587,0.4969244634194916,37201.488148361444,38000.0,329,0.2823893622543831,0.0,0.0,0.0,5260,0,0,0,0.0,0.941648279390848,0.0,0.0,0.0,0.2359376776620683
2020-04-24,7.211475372314453,6.784642216643595,6.00211062595732,0.72401081524839,0.45250711960536644,37201.488148361444,38000.0,329,0.26277429418036957,0.0,0.0,0.0,5158,0,0,0,0.0,0.9412592818611647,0.0,0.0,0.0,0.33333227235519014
2020-04-27,7.397994518280029,6.843056721561351,6.039982696592196,0.7209517540556556,0.4308975686910146,37201.488148361444,38000.0,329,0.2504071495769594,0.0,0.0,0.0,5028,0,0,0,0.0,0.940753535226482,0.0,0.0,0.0,0.3942829387615463
2020-04-28,7.255551815032959,6.882341968558647,6.060101132728531,0.7099287532918616,0.4206180701429115,37201.488148361444,38000.0,329,0.24784089886900867,0.0,0.0,0.0,5127,0,0,0,0.0,0.9404134076932685,0.0,0.0,0.0,0.4065189691181763
2020-04-29,7.432358741760254,6.934724518387371,6.08168274509315,0.7111524474186822,0.4200355272238485,37201.488148361444,38000.0,329,0.24680647680688472,0.0,0.0,0.0,5005,0,0,0,0.0,0.9399598850908041,0.0,0.0,0.0,0.4108974148744835
2020-04-30,7.278462886810303,6.967461505856222,6.191628612160361,0.6464663306869673,0.38028494922645467,37201.488148361444,38000.0,329,0.2455613499580583,0.0,0.0,0.0,5111,0,0,0,0.0,0.9396764516992975,0.0,0.0,0.0,0.4166270406834789
2020-05-01,7.041889667510986,6.974549902204295,6.2473492630416105,0.6442215855705147,0.39742180109412867,37701.488148361444,38500.0,329,0.25897273384034075,0.0,0.0,0.0,5353,0,0,0,0.0,0.9403993008357088,0.0,0.0,0.0,0.3508351072607865
2020-05-04,7.25380802154541,7.001145913570116,6.401112561446609,0.6199996648068001,0.38963698125660173,37701.488148361444,38500.0,329,0.2638562308795627,0.0,0.0,0.0,5197,0,0,0,0.0,0.9401720258294918,0.0,0.0,0.0,0.326019890803797
2020-05-05,7.314819812774658,7.031019618256263,6.442065725831811,0.5191416366051027,0.3100190247705325,37701.488148361444,38500.0,329,0.24987958062374524,0.0,0.0,0.0,5154,0,0,0,0.0,0.939916741443992,0.0,0.0,0.0,0.39545639440825964
2020-05-06,7.415672779083252,7.0676532526207385,6.535132776014878,0.49779300516320213,0.31186456682928515,37701.488148361444,38500.0,329,0.26283074605576484,0.0,0.0,0.0,5084,0,0,0,0.0,0.9396036903866956,0.0,0.0,0.0,0.3301527278978931
2020-05-07,7.591983318328857,7.1175894493548455,6.591339250960749,0.4941774134450702,0.29233759363039363,37701.488148361444,38500.0,329,0.24697293376427948,0.0,0.0,0.0,4965,0,0,0,0.0,0.9391769628873313,0.0,0.0,0.0,0.40869501623143223
2020-05-08,7.78198766708374,7.1808654700909305,6.6675865362310125,0.49083620298565905,0.29375389657292006,37701.488148361444,38500.0,329,0.2500377524603155,0.0,0.0,0.0,4844,0,0,0,0.0,0.9386362405283138,0.0,0.0,0.0,0.3924246586229716
2020-05-11,8.0339994430542,7.2621163246588605,6.686699466141306,0.4941511131074876,0.2901001229221691,37701.488148361444,38500.0,329,0.24438279348482128,0.0,0.0,0.0,4692,0,0,0,0.0,0.9379419150438243,0.0,0.0,0.0,0.41948438390258613
2020-05-12,7.772027492523193,7.310679293026893,6.70613027689104,0.4883934484918364,0.28255933313784515,37701.488148361444,38500.0,329,0.24005719963334704,0.0,0.0,0.0,4850,0,0,0,0.0,0.9375269224050429,0.0,0.0,0.0,0.44038611604208966
2020-05-13,7.749615669250488,7.35248275742914,6.740058423583953,0.48568911653825525,0.27814396641377204,37701.488148361444,38500.0,329,0.23697958107192318,0.0,0.0,0.0,4864,0,0,0,0.0,0.9371696928001509,0.0,0.0,0.0,0.455149057040648
2020-05-14,7.999135971069336,7.414068777775825,6.738593026923037,0.46870941605774674,0.2802395044954964,37701.488148361444,38500.0,329,0.2490699340360325,0.0,0.0,0.0,4713,0,0,0,0.0,0.9366434122626429,0.0,0.0,0.0,0.3937763012794626
2020-05-15,8.457588195800781,7.513451579492488,6.6904458222148175,0.5013432029100864,0.26368319893932285,37701.488148361444,38500.0,329,0.21064313902951137,0.0,0.0,0.0,4457,0,0,0,0.0,0.9357941410479733,0.0,0.0,0.0,0.5844240516863963
2020-05-18,8.716073989868164,7.627987047147314,6.644004207240929,0.49753687485666676,0.2773228665869101,37701.488148361444,38500.0,329,0.228173573533412,0.0,0.0,0.0,4325,0,0,0,0.0,0.9348153834152866,0.0,0.0,0.0,0.49505905330969124
2020-05-19,8.77110767364502,7.736855678242333,6.685108642437021,0.42057147649842025,0.2536221504446586,37701.488148361444,38500.0,329,0.25048309523741885,0.0,0.0,0.0,4298,0,0,0,0.0,0.9338850514768382,0.0,0.0,0.0,0.38188336389737243
2020-05-20,8.934967994689941,7.850961613142105,6.678826171582749,0.3814259247478451,0.24813596451579156,37701.488148361444,38500.0,329,0.27032431761261877,0.0,0.0,0.0,4219,0,0,0,0.0,0.9329099643967856,0.0,0.0,0.0,0.28097084963128105
2020-05-21,8.74098014831543,7.935725283158613,6.7221044918860375,0.3940299449779876,0.2508596829906974,37701.488148361444,38500.0,329,0.26447855044073537,0.0,0.0,0.0,4313,0,0,0,0.0,0.9321856203075537,0.0,0.0,0.0,0.30893208333454214
2020-05-22,8.990996360778809,8.036227290551013,6.74798289868031,0.39791838553258646,0.24736261455193884,37701.488148361444,38500.0,329,0.2578570415352365,0.0,0.0,0.0,4193,0,0,0,0.0,0.931326784971655,0.0,0.0,0.0,0.34053666602421373
2020-05-26,8.68370246887207,8.097891593248256,6.786293852702917,0.4250919533464644,0.24587656418997256,37701.488148361444,38500.0,329,0.23763267988877404,0.0,0.0,0.0,4341,0,0,0,0.0,0.9307998354758785,0.0,0.0,0.0,0.440736312638917
2020-05-27,8.491955757141113,8.135421513619004,6.847453106417653,0.4276405300613851,0.24829504949431386,37701.488148361444,38500.0,329,0.2386163739570034,0.0,0.0,0.0,4439,0,0,0,0.0,0.9304791252472557,0.0,0.0,0.0,0.43525659939768024
2020-05-28,8.453856468200684,8.165748652150594,6.895447725558747,0.4254693054112966,0.23261784929305068,37701.488148361444,38500.0,329,0.2207355878711477,0.0,0.0,0.0,4459,0,0,0,0.0,0.9302199660634404,0.0,0.0,0.0,0.524207001255282
2020-05-29,8.84083366394043,8.230042462797245,6.973577139094711,0.4338278634369551,0.22926283385069135,37701.488148361444,38500.0,329,0.21000586290740852,0.0,0.0,0.0,4264,0,0,0,0.0,0.9296705462270054,0.0,0.0,0.0,0.5768941413602167
2020-06-01,8.771855354309082,8.281643690560276,7.1117040193092524,0.4098342688984441,0.1992000031176578,38201.488148361444,39000.0,329,0.1826477634481583,0.0,0.0,0.0,4355,0,0,0,0.0,0.9301369032257863,0.0,0.0,0.0,0.7145007634043345
2020-06-02,8.790780067443848,8.330132869311093,7.232829834673311,0.4048629529765849,0.1997859136240424,38201.488148361444,39000.0,329,0.18765741906435143,0.0,0.0,0.0,4345,0,0,0,0.0,0.9297278534870936,0.0,0.0,0.0,0.6887366482806565
2020-06-03,8.735250473022461,8.368715498235986,7.364077782958588,0.40896572169731055,0.20195398767170916,38201.488148361444,39000.0,329,0.18778348888263297,0.0,0.0,0.0,4373,0,0,0,0.0,0.929402374386676,0.0,0.0,0.0,0.687536710763518
2020-06-04,8.736248970031738,8.403718686026057,7.4990493258376425,0.4098219029952638,0.19966474756950653,38201.488148361444,39000.0,329,0.18309579403453072,0.0,0.0,0.0,4372,0,0,0,0.0,0.9291070910845494,0.0,0.0,0.0,0.7104584392253075
2020-06-05,8.889220237731934,8.449956929045664,7.622242702546545,0.40732888218542884,0.21288023399459366,38201.488148361444,39000.0,329,0.20614795219171456,0.0,0.0,0.0,4297,0,0,0,0.0,0.9287170300088199,0.0,0.0,0.0,0.5945150415568621
2020-06-08,8.774613380432129,8.48087659108247,7.722635422480631,0.40882449735846427,0.2100549217116207,38201.488148361444,39000.0,329,0.200580616915564,0.0,0.0,0.0,4353,0,0,0,0.0,0.9284561949111249,0.0,0.0,0.0,0.6218952565166482
2020-06-09,9.014780044555664,8.531724539032298,7.7919171923813515,0.4049564049124849,0.21434058976640055,38201.488148361444,39000.0,329,0.20992408130668602,0.0,0.0,0.0,4237,0,0,0,0.0,0.9280272468373942,0.0,0.0,0.0,0.5744272754320097
2020-06-10,9.334423065185547,8.60817201771356,7.915014043615139,0.3905238005634854,0.19680206584835372,38201.488148361444,39000.0,329,0.1938591411101752,0.0,0.0,0.0,4092,0,0,0,0.0,0.9273823437480061,0.0,0.0,0.0,0.6536233960081346
2020-06-11,8.765894889831543,8.623193243629558,8.091246765790116,0.4625648165950272,0.292468879168372,38201.488148361444,39000.0,329,0.26094172736703847,0.0,0.0,0.0,4357,0,0,0,0.0,0.9272556262268173,0.0,0.0,0.0,0.31798870906173793
2020-06-12,8.901679039001465,8.649715700331644,8.246539605225044,0.4540172227654808,0.2930920953025936,38201.488148361444,39000.0,329,0.2662845037131753,0.0,0.0,0.0,4291,0,0,0,0.0,0.9270318855023305,0.0,0.0,0.0,0.2908832810632016
2020-06-15,9.14209270477295,8.696608748373674,8.29598294878048,0.41982386971749414,0.2936145758402587,38201.488148361444,39000.0,329,0.28601490064365354,0.0,0.0,0.0,4178,0,0,0,0.0,0.9266363005585914,0.0,0.0,0.0,0.19153902275926682
2020-06-16,9.037202835083008,8.72904628044123,8.320972762583295,0.41128819218120627,0.28090634270487935,38201.488148361444,39000.0,329,0.2802024234538185,0.0,0.0,0.0,4227,0,0,0,0.0,0.9263626608649957,0.0,0.0,0.0,0.22012253924464975
2020-06-17,9.20412826538086,8.774292183768813,8.336750930594668,0.41517327817452665,0.27757722938771134,38201.488148361444,39000.0,329,0.2748093963913548,0.0,0.0,0.0,4150,0,0,0,0.0,0.9259809710651298,0.0,0.0,0.0,0.24641971740720314
2020-06-18,9.186190605163574,8.813520604854029,8.353295320342001,0.4111048429335423,0.2731590836827748,38201.488148361444,39000.0,329,0.2731439246358603,0.0,0.0,0.0,4158,0,0,0,0.0,0.9256500441282827,0.0,0.0,0.0,0.2541679540451929
2020-06-19,9.229290962219238,8.853117781745954,8.371372419270799,0.4017322282053982,0.2722010180999734,38201.488148361444,39000.0,329,0.2778829353141806,0.0,0.0,0.0,4139,0,0,0,0.0,0.9253160064052713,0.0,0.0,0.0,0.22988833463832137
2020-06-22,9.493875503540039,8.914142326678725,8.364425816840043,0.4017873001318399,0.2725450933842858,38201.488148361444,39000.0,329,0.2779796140364805,0.0,0.0,0.0,4023,0,0,0,0.0,0.9248012096031462,0.0,0.0,0.0,0.22850404662310297
2020-06-23,9.417387008666992,8.96207039162999,8.38271989173982,0.3797997788903338,0.2703313665107861,38201.488148361444,39000.0,329,0.28938198162823936,0.0,0.0,0.0,4056,0,0,0,0.0,0.9243968933629162,0.0,0.0,0.0,0.1707846552439065
2020-06-24,9.203631401062012,8.985076202052086,8.440540214846568,0.380374660660822,0.2838067959982401,38201.488148361444,39000.0,329,0.3000944583218208,0.0,0.0,0.0,4150,0,0,0,0.0,0.9242028187057657,0.0,0.0,0.0,0.11688264112598601
2020-06-25,9.457247734069824,9.030044919387109,8.511619587617098,0.38748906650524195,0.2860637632939652,38201.488148361444,39000.0,329,0.29757906689229857,0.0,0.0,0.0,4039,0,0,0,0.0,0.9238234672185036,0.0,0.0,0.0,0.12879573317088844
2020-06-26,9.123407363891602,9.038936580768489,8.528755610286868,0.3837081944099367,0.2992547450161131,38201.488148361444,39000.0,329,0.309609866040192,0.0,0.0,0.0,4187,0,0,0,0.0,0.9237484580750556,0.0,0.0,0.0,0.06851047143038702
2020-06-29,9.16825008392334,9.051252152497522,8.557753028007914,0.3821151455406075,0.30375461539727744,38201.488148361444,39000.0,329,0.3136134087880539,0.0,0.0,0.0,4166,0,0,0,0.0,0.923644565175085,0.0,0.0,0.0,0.04831094511612921
2020-06-30,9.464975357055664,9.09065436245544,8.588391003782535,0.39653735162869946,0.3073463046309605,38201.488148361444,39000.0,329,0.30812638819096505,0.0,0.0,0.0,4036,0,0,0,0.0,0.9233121721731323,0.0,0.0,0.0,0.07516436034815621
2020-07-01,9.497111320495605,9.129364548935458,8.632512823951725,0.39467984783775933,0.3039567572385285,38701.488148361444,39500.0,329,0.30697388962607497,0.0,0.0,0.0,4075,0,0,0,0.0,0.9239604826177275,0.0,0.0,0.0,0.08206139645064803
2020-07-02,9.579082489013672,9.172194828942908,8.680905278173373,0.3945862543524302,0.30406830369584864,38701.488148361444,39500.0,329,0.30697972205196433,0.0,0.0,0.0,4040,0,0,0,0.0,0.9236037443361464,0.0,0.0,0.0,0.0814079423284344
2020-07-06,9.805293083190918,9.232489900776052,8.69252810461603,0.3977537302730665,0.2945266124925869,38701.488148361444,39500.0,329,0.2980047293678709,0.0,0.0,0.0,3946,0,0,0,0.0,0.9231015398137894,0.0,0.0,0.0,0.12540404783477688
2020-07-07,9.837681770324707,9.290127221685449,8.734017072309317,0.3920872725461717,0.2932486316217462,38701.488148361444,39500.0,329,0.30007630910081634,0.0,0.0,0.0,3934,0,0,0,0.0,0.9226214720016579,0.0,0.0,0.0,0.1142060304988195
2020-07-08,10.180745124816895,9.374947974364634,8.708256776610433,0.398357406758319,0.2938291605192039,38701.488148361444,39500.0,329,0.2967127514055737,0.0,0.0,0.0,3801,0,0,0,0.0,0.9219149902894692,0.0,0.0,0.0,0.12978747597870277
2020-07-09,10.472733497619629,9.479498976579396,8.645561142010767,0.39248442485615137,0.29390453267748107,38701.488148361444,39500.0,329,0.2997963487194118,0.0,0.0,0.0,3695,0,0,0,0.0,0.9210441730811488,0.0,0.0,0.0,0.11284555929495155
2020-07-10,10.44308853149414,9.5712694103808,8.674428910059302,0.3055661178197732,0.19838136147854146,38701.488148361444,39500.0,329,0.2653818481075514,0.0,0.0,0.0,3705,0,0,0,0.0,0.9202798066831573,0.0,0.0,0.0,0.28358042115776816
2020-07-13,10.017560005187988,9.613773276552914,8.73293155540772,0.3514117042265602,0.19931891267537566,38701.488148361444,39500.0,329,0.22813027236499456,0.0,0.0,0.0,3863,0,0,0,0.0,0.9199257871395973,0.0,0.0,0.0,0.4692187656693223
2020-07-14,10.341190338134766,9.683051091941662,8.756504409162833,0.3560543862175107,0.2022854327292996,38701.488148361444,39500.0,329,0.22841234851467732,0.0,0.0,0.0,3742,0,0,0,0.0,0.919348764322815,0.0,0.0,0.0,0.4667985949915394
2020-07-15,10.191953659057617,9.731518003095564,8.810839406095848,0.3581745750253724,0.19428935595592764,38701.488148361444,39500.0,329,0.21437893523466317,0.0,0.0,0.0,3797,0,0,0,0.0,0.9189450778982673,0.0,0.0,0.0,0.5362592101486519
2020-07-16,10.099776268005371,9.76659021880126,8.85335147242986,0.3590615341226918,0.1942206174766901,38701.488148361444,39500.0,329,0.21340682382831322,0.0,0.0,0.0,3831,0,0,0,0.0,0.9186529574180857,0.0,0.0,0.0,0.540608556340084
2020-07-17,10.166295051574707,9.804657345732064,8.904798167600221,0.3581802653374281,0.1942174192849997,38701.488148361444,39500.0,329,0.21404703328130198,0.0,0.0,0.0,3806,0,0,0,0.0,0.9183358919811178,0.0,0.0,0.0,0.536852644560446
2020-07-20,10.47447681427002,9.868449676069012,8.950927829891844,0.3689653347048836,0.19347567736130664,38701.488148361444,39500.0,329,0.20339204428874574,0.0,0.0,0.0,3694,0,0,0,0.0,0.9178045583942607,0.0,0.0,0.0,0.5891977557462273
2020-07-21,10.292854309082031,9.908869164927395,8.981935519433598,0.3686188626568514,0.19291158603436417,38701.488148361444,39500.0,329,0.2026441573346297,0.0,0.0,0.0,3760,0,0,0,0.0,0.9174678998668072,0.0,0.0,0.0,0.592348038093764
2020-07-22,10.402729034423828,9.95590343821277,9.02368380949831,0.36627693958509455,0.1931816818792036,38701.488148361444,39500.0,329,0.20497279400262342,0.0,0.0,0.0,3720,0,0,0,0.0,0.9170761460462784,0.0,0.0,0.0,0.5800192855678701
2020-07-23,10.094792366027832,9.969130955147538,9.095951367927315,0.37399957426582886,0.1717759743510903,38701.488148361444,39500.0,329,0.15806276622063264,0.0,0.0,0.0,3833,0,0,0,0.0,0.9169659725507965,0.0,0.0,0.0,0.8143766208607306
2020-07-24,10.159318923950195,9.987244095033505,9.142426258117474,0.3644145331991902,0.1720353776528046,38701.488148361444,39500.0,329,0.16784304455014287,0.0,0.0,0.0,3809,0,0,0,0.0,0.9168151061451639,0.0,0.0,0.0,0.7652112130033222
2020-07-27,10.385537147521973,10.025176766699074,9.269246628348585,0.3388051362476417,0.1416639653353056,38701.488148361444,39500.0,329,0.12217282764323423,0.0,0.0,0.0,3726,0,0,0,0.0,0.9164991606014178,0.0,0.0,0.0,0.9930093928363097
2020-07-28,10.180246353149414,10.039945298741964,9.408333554443127,0.35163063511320836,0.139865301795669,38701.488148361444,39500.0,329,0.12073165313543954,0.0,0.0,0.0,3801,0,0,0,0.0,0.9163761518155417,0.0,0.0,0.0,1.0
2020-07-29,10.429384231567383,10.077034720915814,9.50667303524311,0.3446756255361714,0.13662770289823994,38701.488148361444,39500.0,329,0.12062353042750745,0.0,0.0,0.0,3710,0,0,0,0.0,0.9160672297928785,0.0,0.0,0.0,1.0
2020-07-30,10.577372550964355,10.124685942825199,9.61423342664479,0.34609950313916127,0.13804306319876594,38701.488148361444,39500.0,329,0.1204846180679412,0.0,0.0,0.0,3658,0,0,0,0.0,0.9156703373369749,0.0,0.0,0.0,1.0
2020-07-31,10.578121185302734,10.167870251632584,9.72491293682045,0.346447779178399,0.13922272709021835,38701.488148361444,39500.0,329,0.12035872760821537,0.0,0.0,0.0,3658,0,0,0,0.0,0.9153106503091868,0.0,0.0,0.0,1.0
2020-08-03,10.972254753112793,10.244478299392604,9.747647056910504,0.35921728248380075,0.13110759650124404,39201.488148361444,40000.0,329,0.12050870809562353,0.0,0.0,0.0,3572,0,0,0,0.0,0.9157391659874958,0.0,0.0,0.0,1.0
2020-08-04,11.18900203704834,10.334432941074102,9.750887555196684,0.36238372305828154,0.12239060896694987,39201.488148361444,40000.0,329,0.12024975117088293,0.0,0.0,0.0,3503,0,0,0,0.0,0.9149992890596655,0.0,0.0,0.0,1.0
2020-08-05,11.247801780700684,10.421420449609966,9.730324139984672,0.3467625632092407,0.12168678970167646,39201.488148361444,40000.0,329,0.11999933588068529,0.0,0.0,0.0,3485,0,0,0,0.0,0.914283816801958,0.0,0.0,0.0,1.0
2020-08-06,11.29638385772705,10.504750298002069,9.71348917900582,0.3355048410366134,0.11852745623336847,39201.488148361444,40000.0,329,0.11975945007962652,0.0,0.0,0.0,3470,0,0,0,0.0,0.9135984287989329,0.0,0.0,0.0,1.0
2020-08-07,11.16085147857666,10.56723612472346,9.719368094268152,0.33953586765206434,0.1154827687051387,39201.488148361444,40000.0,329,0.11957956900595229,0.0,0.0,0.0,3512,0,0,0,0.0,0.9130844828741496,0.0,0.0,0.0,1.0
2020-08-10,11.126470565795898,10.62049654768274,9.76402707676038,0.2981684750110959,0.10653773828291799,39201.488148361444,40000.0,329,0.11942624556335829,0.0,0.0,0.0,3523,0,0,0,0.0,0.9126464158953095,0.0,0.0,0.0,1.0
2020-08-11,10.812560081481934,10.638788312806472,9.78269545100886,0.30316160106367274,0.10633658470278423,39201.488148361444,40000.0,329,0.11937358814450832,0.0,0.0,0.0,3625,0,0,0,0.0,0.9124959661271668,0.0,0.0,0.0,1.0
2020-08-12,11.400771141052246,10.711358105972735,9.804950204272286,0.34765631010972686,0.11189663669182968,39201.488148361444,40000.0,329,0.11916467785243096,0.0,0.0,0.0,3438,0,0,0,0.0,0.9118990795783742,0.0,0.0,0.0,1.0
2020-08-13,11.403510093688965,10.77727734289809,9.85089214714105,0.34392437200038645,0.11106967856672291,39201.488148361444,40000.0,329,0.11897491284913209,0.0,0.0,0.0,3437,0,0,0,0.0,0.9113568938546632,0.0,0.0,0.0,1.0
2020-08-14,11.524093627929688,10.848402703377289,9.893538570943925,0.34425805282758504,0.11143283926705068,39201.488148361444,40000.0,329,0.11877016071765262,0.0,0.0,0.0,3401,0,0,0,0.0,0.9107718877647218,0.0,0.0,0.0,1.0
2020-08-17,12.294428825378418,10.986119476901207,9.830294613157495,0.3979912098496795,0.10908257249116685,39201.488148361444,40000.0,329,0.11837370855587065,0.0,0.0,0.0,3188,0,0,0,0.0,0.9096391673024876,0.0,0.0,0.0,1.0
2020-08-18,12.218440055847168,11.103483341562725,9.836848226128076,0.39034087354096764,0.10908174504616754,39201.488148361444,40000.0,329,0.11803584733047628,0.0,0.0,0.0,3208,0,0,0,0.0,0.9086738495156466,0.0,0.0,0.0,1.0
2020-08-19,12.096612930297852,11.198067111918451,9.867015227338365,0.395930822192683,0.11042210633734267,39201.488148361444,40000.0,329,0.1177635643015647,0.0,0.0,0.0,3240,0,0,0,0.0,0.9078958980044707,0.0,0.0,0.0,1.0
2020-08-20,12.099102973937988,11.283880051158407,9.956179338366738,0.3719338907162208,0.09763897748557637,39201.488148361444,40000.0,329,0.11751653030272768,0.0,0.0,0.0,3240,0,0,0,0.0,0.9071900865792221,0.0,0.0,0.0,1.0
2020-08-21,12.639729499816895,11.413008570078263,10.016343074670012,0.3921769445005712,0.09239638084584986,39201.488148361444,40000.0,329,0.11714480157888718,0.0,0.0,0.0,3101,0,0,0,0.0,0.9061280045111063,0.0,0.0,0.0,1.0
2020-08-24,12.676356315612793,11.533327402986313,10.071852073726518,0.39099590434788684,0.09460832025327394,39201.488148361444,40000.0,329,0.11679843373865312,0.0,0.0,0.0,3092,0,0,0,0.0,0.9051383821104376,0.0,0.0,0.0,1.0
2020-08-25,12.705999374389648,11.645010447881868,10.18943961850754,0.3760391570550384,0.08789270655949687,39201.488148361444,40000.0,329,0.11647692617316002,0.0,0.0,0.0,3085,0,0,0,0.0,0.9042197890661716,0.0,0.0,0.0,1.0
2020-08-26,12.728919982910156,11.748239927408372,10.292934749256766,0.37419423495438725,0.08516637848187472,39201.488148361444,40000.0,329,0.11617975430897315,0.0,0.0,0.0,3079,0,0,0,0.0,0.9033707265970662,0.0,0.0,0.0,1.0
2020-08-27,12.584671020507812,11.82790003151308,10.403885531305052,0.3815427497512084,0.08130869885082014,39201.488148361444,40000.0,329,0.11595043278428169,0.0,0.0,0.0,3115,0,0,0,0.0,0.9027155222408049,0.0,0.0,0.0,1.0
2020-08-28,13.10238265991211,11.949279329455845,10.51065808531295,0.3963646516653179,0.08074618602169,39201.488148361444,40000.0,329,0.11560101213032897,0.0,0.0,0.0,2991,0,0,0,0.0,0.9017171775152257,0.0,0.0,0.0,1.0
2020-08-31,13.328346252441406,12.080619036406851,10.565626673984799,0.38501440328587805,0.08194890443908401,39201.488148361444,40000.0,329,0.11522291794894374,0.0,0.0,0.0,2941,0,0,0,0.0,0.9006369084255537,0.0,0.0,0.0,1.0
2020-09-01,13.777422904968262,12.242219404841272,10.577550433631764,0.39277703171047845,0.08347072496897429,39701.488148361444,40500.0,329,0.11519280087734635,0.0,0.0,0.0,2881,0,0,0,0.0,0.900550859649561,0.0,0.0,0.0,1.0
2020-09-02,14.301268577575684,12.438319326054074,10.5606201215425,0.40377192750062507,0.09343123457296866,39701.488148361444,40500.0,329,0.11463524764456473,0.0,0.0,0.0,2776,0,0,0,0.0,0.8989578504130422,0.0,0.0,0.0,1.0
2020-09-03,12.974465370178223,12.4893808540659,10.644028418866352,0.5500740461449295,0.16572794591343218,39701.488148361444,40500.0,329,0.11449006900381009,0.0,0.0,0.0,3059,0,0,0,0.0,0.8985430542966004,0.0,0.0,0.0,1.0
2020-09-04,12.5827054977417,12.498268915368357,10.737856906123728,0.5622972113349712,0.16929619382631195,39701.488148361444,40500.0,329,0.11446479838013168,0.0,0.0,0.0,3155,0,0,0,0.0,0.898470852514662,0.0,0.0,0.0,1.0
2020-09-08,11.87544059753418,12.438951932717483,10.764537862669012,0.6044921308604086,0.19776454679091324,39701.488148361444,40500.0,329,0.34391222120221804,0.0,0.0,0.0,3343,0,0,0,0.0,0.8989527114601469,0.22651077768904745,0.0,1.0,1.0
2020-09-09,12.674912452697754,12.461424363191794,10.975372668907312,0.6315655600674395,0.2083029118320862,39701.488148361444,40500.0,329,0.1145695551747769,0.0,0.0,0.0,3132,0,0,0,0.0,0.8987701576422198,0.0,0.0,0.0,1.0
2020-09-10,12.272933959960938,12.443472896217425,11.051119736066397,0.6229004065684791,0.21239946477366714,39701.488148361444,40500.0,329,0.2886045053180654,0.0,0.0,0.0,3234,0,0,0,0.0,0.8989159856085054,0.06852545815739611,0.0,1.0,1.0
2020-09-11,12.126148223876953,12.413251498851666,11.116664653268492,0.6254893092369638,0.21235190514111515,39701.488148361444,40500.0,329,0.30518187332856134,0.0,0.0,0.0,3274,0,0,0,0.0,0.8991614878241433,0.11564386454317503,0.0,1.0,1.0
2020-09-14,12.831665992736816,12.453100498269299,11.263708954860087,0.654462911495491,0.21742081116279985,39701.488148361444,40500.0,329,0.11459322166973551,0.0,0.0,0.0,3094,0,0,0,0.0,0.8988377761992444,0.0,0.0,0.0,1.0
2020-09-15,12.950042724609375,12.500428329349306,11.321381100726983,0.6143809342874132,0.2179794058353337,39701.488148361444,40500.0,329,0.1144586587129735,0.0,0.0,0.0,3065,0,0,0,0.0,0.8984533106084958,0.0,0.0,0.0,1.0
2020-09-16,12.475046157836914,12.498010979681458,11.336833288150778,0.6299768602203315,0.21855084371888642,39701.488148361444,40500.0,329,0.2676811184730474,0.0,0.0,0.0,3182,0,0,0,0.0,0.8984729478440692,0.009187390650351995,0.0,1.0,1.0
2020-09-17,12.424205780029297,12.49098191304792,11.359158861694173,0.6288629704170222,0.2200865178303948,39701.488148361444,40500.0,329,0.27384092491037043,0.0,0.0,0.0,3195,0,0,0,0.0,0.8985300481631416,0.02672973729505974,0.0,1.0,1.0
2020-09-18,12.1508207321167,12.458585610102089,11.33286760322169,0.6346610062941359,0.2230744226621314,39701.488148361444,40500.0,329,0.307807937821543,0.0,0.0,0.0,3267,0,0,0,0.0,0.8987932181302818,0.12351517564555545,0.0,1.0,1.0
2020-09-21,12.477785110473633,12.460414133946998,11.328764533853104,0.6214256930605198,0.22555966013657716,39701.488148361444,40500.0,329,0.11457242746854329,0.0,0.0,0.0,3181,0,0,0,0.0,0.898778364195838,0.0,0.0,0.0,1.0
2020-09-22,12.597906112670898,12.473508608111178,11.340225831256237,0.6222871583257649,0.22589151043923927,39701.488148361444,40500.0,329,0.1145351971302715,0.0,0.0,0.0,3151,0,0,0,0.0,0.8986719918007758,0.0,0.0,0.0,1.0
2020-09-23,12.085528373718262,12.436558109597568,11.265200557996746,0.6390384108955909,0.2380174012005585,39701.488148361444,40500.0,329,0.31403511443561766,0.0,0.0,0.0,3285,0,0,0,0.0,0.8989721575788246,0.14112816938008313,0.0,1.0,1.0
2020-09-24,12.309069633483887,12.424416349967695,11.239058792662258,0.6429949371896476,0.23406663959827007,39701.488148361444,40500.0,329,0.2809215563033734,0.0,0.0,0.0,3225,0,0,0,0.0,0.899070790638534,0.04641937022824735,0.0,1.0,1.0
2020-09-25,12.833162307739258,12.46334453642213,11.277653113312644,0.6596406607299371,0.24345082410492686,39701.488148361444,40500.0,329,0.11456409571928372,0.0,0.0,0.0,3093,0,0,0,0.0,0.8987545591979536,0.0,0.0,0.0,1.0
2020-09-28,12.993904113769531,12.513874019979024,11.334813287644362,0.6446624915402049,0.25040961149867264,39701.488148361444,40500.0,329,0.1144204297925781,0.0,0.0,0.0,3055,0,0,0,0.0,0.8983440851216519,0.0,0.0,0.0,1.0
2020-09-29,13.184050559997559,12.577700357123646,11.413096319694422,0.6438219587457902,0.2505869420915402,39701.488148361444,40500.0,329,0.11423895812042495,0.0,0.0,0.0,3011,0,0,0,0.0,0.8978255946297857,0.0,0.0,0.0,1.0
2020-09-30,13.487841606140137,12.664380476077596,11.550340042763198,0.6375627532904016,0.25097854116211915,39701.488148361444,40500.0,329,0.11399250835011515,0.0,0.0,0.0,2943,0,0,0,0.0,0.8971214524289005,0.0,0.0,0.0,1.0
2020-10-01,13.571576118469238,12.750780061067278,11.829044599138122,0.6220213512807283,0.24405086522193278,40201.488148361444,41000.0,329,0.11418896770653908,0.0,0.0,0.0,2962,0,0,0,0.0,0.897682764875826,0.0,0.0,0.0,1.0
2020-10-02,13.02106761932373,12.776521733282177,11.851040355431856,0.5434757892702987,0.21412296482932217,40201.488148361444,41000.0,329,0.11411667127835506,0.0,0.0,0.0,3087,0,0,0,0.0,0.8974762036524431,0.0,0.0,0.0,1.0
2020-10-05,13.599488258361816,12.854899497575476,11.837027606162543,0.5516351565364277,0.22322242199809364,40201.488148361444,41000.0,329,0.11389654445985808,0.0,0.0,0.0,2956,0,0,0,0.0,0.8968472698853089,0.0,0.0,0.0,1.0
2020-10-06,13.693193435668945,12.934737015489139,11.90129021116829,0.5029046075552676,0.20527452776614327,40201.488148361444,41000.0,329,0.11367231786991278,0.0,0.0,0.0,2935,0,0,0,0.0,0.8962066224854652,0.0,0.0,0.0,1.0
2020-10-07,13.91997241973877,13.02856895875101,11.88019904077668,0.4527591031316121,0.20199442570229492,40201.488148361444,41000.0,329,0.13983486200750228,0.0,0.0,0.0,2888,0,0,0,0.0,0.8954536783553882,0.0,0.0,0.0,0.867869627084418
2020-10-08,13.795120239257812,13.1015738426088,11.913240194010399,0.4350960273964291,0.19199159587262518,40201.488148361444,41000.0,329,0.13549969408366117,0.0,0.0,0.0,2914,0,0,0,0.0,0.8948678586776025,0.0,0.0,0.0,0.8885202822674985
2020-10-09,13.719359397888184,13.16041056215922,11.984406611367257,0.43210714717849275,0.19358261821467307,40201.488148361444,41000.0,329,0.14101203672169912,0.0,0.0,0.0,2930,0,0,0,0.0,0.894395729879259,0.0,0.0,0.0,0.8601323436802075
2020-10-12,14.18114948272705,13.25762379268949,11.97383007647823,0.4008781204666646,0.1966833434866643,40201.488148361444,41000.0,329,0.17306706334768726,0.0,0.0,0.0,2834,0,0,0,0.0,0.8936156529806136,0.0,0.0,0.0,0.6984920759776374
2020-10-13,14.203328132629395,13.347690872683765,11.970332815893965,0.40080966933432477,0.19862430269430179,40201.488148361444,41000.0,329,0.176191081579137,0.0,0.0,0.0,2830,0,0,0,0.0,0.8928929195826107,0.0,0.0,0.0,0.6816072013738839
2020-10-14,14.050813674926758,13.41465494908786,12.016415020602148,0.37482408788447,0.19959201359110568,40201.488148361444,41000.0,329,0.19933256204150707,0.0,0.0,0.0,2861,0,0,0,0.0,0.8923555737012218,0.0,0.0,0.0,0.5649594437696026
2020-10-15,13.925957679748535,13.463350447246018,12.082729168484319,0.3769612356122101,0.19649384367448094,40201.488148361444,41000.0,329,0.19244803873328514,0.0,0.0,0.0,2886,0,0,0,0.0,0.8919648220208795,0.0,0.0,0.0,0.5986982448701132
2020-10-16,13.767953872680664,13.492360297287412,12.206500008501381,0.3682615669960106,0.1904985358367521,40201.488148361444,41000.0,329,0.18991513860812742,0.0,0.0,0.0,2919,0,0,0,0.0,0.8917320356632302,0.0,0.0,0.0,0.6109553693700156
2020-10-19,13.455195426940918,13.48882078582584,12.273524685191687,0.37391195417691403,0.1958307302106519,40201.488148361444,41000.0,329,0.348251438880496,0.0,0.0,0.0,2987,0,0,0,0.0,0.8917604380844707,0.01246415806793736,0.0,1.0,0.591135848864234
2020-10-20,13.602477073669434,13.499645194191896,12.345893744434893,0.3742025526683673,0.19365460680871402,40201.488148361444,41000.0,329,0.1900325200819737,0.0,0.0,0.0,2955,0,0,0,0.0,0.8916735788075821,0.0,0.0,0.0,0.6102661625034003
2020-10-21,13.482109069824219,13.497975087109259,12.545553215465565,0.33909845829943386,0.16934091482543134,40201.488148361444,41000.0,329,0.3304040750808942,0.0,0.0,0.0,2981,0,0,0,0.0,0.8916869803985623,0.0058771842378758914,0.0,1.0,0.6687169127092956
2020-10-22,13.318877220153809,13.480918147399217,12.714270690261218,0.34117325706667445,0.16951754254231866,40201.488148361444,41000.0,329,0.34773783954522064,0.0,0.0,0.0,3018,0,0,0,0.0,0.8918238519391624,0.06010010797249373,0.0,1.0,0.6771777321192947
2020-10-23,13.547402381896973,13.487249979256145,12.807491876399236,0.3140725325348239,0.16263575494774238,40201.488148361444,41000.0,329,0.19026377461341823,0.0,0.0,0.0,2967,0,0,0,0.0,0.8917730428493836,0.0,0.0,0.0,0.60928395191933
2020-10-26,13.099818229675293,13.450351717391303,12.789954722734592,0.336396816124924,0.17062687658673162,40201.488148361444,41000.0,329,0.37924232418511383,0.0,0.0,0.0,3068,0,0,0,0.0,0.8920691289019088,0.1303064392222437,0.0,1.0,0.6429456232916975
2020-10-27,13.354513168334961,13.441224236528795,12.801042831053909,0.3394731698394662,0.16996575600516164,40201.488148361444,41000.0,329,0.34065541757367535,0.0,0.0,0.0,3010,0,0,0,0.0,0.8921423713702933,0.03225564378212735,0.0,1.0,0.6644194386483593
2020-10-28,12.587189674377441,13.359887611562,12.566341150144227,0.3866846766386122,0.21036792294733203,40201.488148361444,41000.0,329,0.4573374334830842,0.013340788151062159,1.0,0.30933855170574354,3193,2,2,2,25.174379348754883,0.8927950481901489,0.28918579244478265,0.0,1.0,0.531779303695709
2020-10-29,12.982939720153809,13.323987812380269,12.484477546152512,0.40474844310836944,0.2144216044209539,40176.31376901269,41000.0,331,0.3925407321325994,0.0,0.0,0.0,3094,0,0,0,0.0,0.8924331715634666,0.12798273948793615,0.0,1.0,0.5730241836769576
2020-10-30,12.494483947753906,13.244987444320616,12.306412027892652,0.40114191915696346,0.21596628862248143,40176.31376901269,41000.0,331,0.45216404969615426,0.003934635811189539,1.0,0.3027542450678327,3215,2,2,2,24.988967895507812,0.8930709550226799,0.28331604681457123,0.0,1.0,0.547857004734418
2020-11-02,12.54108715057373,13.177949321106627,12.139662191164847,0.36322525122478805,0.21020009362478145,40651.32480111718,41500.0,333,0.4595647730998167,0.017390496545121238,1.0,0.31217334758158494,3241,2,2,2,25.08217430114746,0.8942588644836504,0.2416393306023945,0.0,1.0,0.4399979759014949
2020-11-03,12.978452682495117,13.158949641238866,12.101640897183142,0.38694862071814623,0.2151490170229784,40626.242626816034,41500.0,335,0.3870737627838831,0.0,0.0,0.0,3130,0,0,0,0.0,0.8937771534984332,0.06858334580827377,0.0,1.0,0.4987620598673217
2020-11-04,13.750758171081543,13.21531235836674,12.171198838436041,0.44108858809555607,0.22063930040363988,40626.242626816034,41500.0,335,0.17947296067153073,0.0,0.0,0.0,2954,0,0,0,0.0,0.8933221773481239,0.0,0.0,0.0,0.665949007001563
2020-11-05,14.1153564453125,13.301030842837765,12.224785728043157,0.44968014942466383,0.2294171520577898,40626.242626816034,41500.0,335,0.18573754629255296,0.0,0.0,0.0,2878,0,0,0,0.0,0.892630232955406,0.0,0.0,0.0,0.6334151762091955
2020-11-06,14.516088485717773,13.416750618350147,12.245021582574068,0.4586571989392927,0.22759055705931075,40626.242626816034,41500.0,335,0.17621473596507944,0.0,0.0,0.0,2798,0,0,0,0.0,0.8916961094663302,0.0,0.0,0.0,0.6793945117406803
2020-11-09,13.587774276733398,13.433038585815218,12.30492616936543,0.5016065827958499,0.22381745820836535,40626.242626816034,41500.0,335,0.13852404492037998,0.0,0.0,0.0,2989,0,0,0,0.0,0.8915646282831784,0.0,0.0,0.0,0.867617874893662
2020-11-10,12.72973918914795,13.366057690894527,12.247679473528551,0.5466656067247164,0.22256331408207025,40626.242626816034,41500.0,335,0.34554918877646496,0.0,0.0,0.0,3191,0,0,0,0.0,0.8921053174349478,0.23803522192638088,0.0,1.0,1.0
2020-11-11,13.375697135925293,13.36697573327841,12.292104366277195,0.5804644344845218,0.22221201285324438,40626.242626816034,41500.0,335,0.11223426735597841,0.0,0.0,0.0,3037,0,0,0,0.0,0.892097906731367,0.0,0.0,0.0,1.0
2020-11-12,13.414324760437012,13.371485164436374,12.329405308686914,0.5800675768385464,0.2256286584790432,40626.242626816034,41500.0,335,0.11222152685469478,0.0,0.0,0.0,3028,0,0,0,0.0,0.8920615052991281,0.0,0.0,0.0,1.0
2020-11-13,13.255077362060547,13.360398707067247,12.338113262863434,0.5801920986957775,0.2300796128238888,40626.242626816034,41500.0,335,0.2760482725969114,0.0,0.0,0.0,3064,0,0,0,0.0,0.8921509983887342,0.03941549474529855,0.0,1.0,1.0
2020-11-16,13.472639083862305,13.371088266762014,12.348249712063712,0.5776161125409996,0.2225779670396107,40626.242626816034,41500.0,335,0.11222264821017236,0.0,0.0,0.0,3015,0,0,0,0.0,0.892064709171921,0.0,0.0,0.0,1.0
2020-11-17,13.379929542541504,13.371930293026727,12.357667143485727,0.576887869148216,0.22412023418474303,40626.242626816034,41500.0,335,0.11222026923235218,0.0,0.0,0.0,3036,0,0,0,0.0,0.8920579120924349,0.0,0.0,0.0,1.0
2020-11-18,13.38641357421875,13.373309653140254,12.361780189738225,0.5759806703748797,0.22911163306796367,40626.242626816034,41500.0,335,0.11221637212456154,0.0,0.0,0.0,3034,0,0,0,0.0,0.8920467774987474,0.0,0.0,0.0,1.0
2020-11-19,13.397876739501953,13.375649375650891,12.363101455895391,0.5741193959994526,0.22891819456439894,40626.242626816034,41500.0,335,0.11220976170373331,0.0,0.0,0.0,3032,0,0,0,0.0,0.8920278905820952,0.0,0.0,0.0,1.0
2020-11-20,13.046488761901855,13.344300745770031,12.332908528075846,0.5784863278057443,0.2308929823236637,40626.242626816034,41500.0,335,0.30135402841260966,0.0,0.0,0.0,3113,0,0,0,0.0,0.8922809457871576,0.11158770682029859,0.0,1.0,1.0
2020-11-23,13.098572731018066,13.320898077698414,12.30946072291357,0.5662992079737729,0.21875010442238096,40626.242626816034,41500.0,335,0.29157189251408683,0.0,0.0,0.0,3101,0,0,0,0.0,0.8924698588908683,0.08344983400652273,0.0,1.0,1.0
2020-11-24,12.916900634765625,13.282422130752435,12.259516076299427,0.5639432673799263,0.22274235469378015,40626.242626816034,41500.0,335,0.3106317389494088,0.0,0.0,0.0,3145,0,0,0,0.0,0.8927804478601912,0.1375959491381199,0.0,1.0,1.0
2020-11-25,13.193021774291992,13.273907811089535,12.299067091652818,0.5276363111839297,0.1708027250103482,40626.242626816034,41500.0,335,0.27316103232906136,0.0,0.0,0.0,3079,0,0,0,0.0,0.8928491779104821,0.03046805731540754,0.0,1.0,1.0
2020-11-27,13.219441413879395,13.26872053516476,12.303447272058493,0.5167380937924505,0.16920748978864034,40626.242626816034,41500.0,335,0.26901124829086903,0.0,0.0,0.0,3073,0,0,0,0.0,0.8928910511016821,0.018569658300800942,0.0,1.0,1.0
2020-11-30,13.359251022338867,13.2773424863242,12.388307649108963,0.4963713158114272,0.1611351294285986,40626.242626816034,41500.0,335,0.11248750827659004,0.0,0.0,0.0,3041,0,0,0,0.0,0.8928214522188288,0.0,0.0,0.0,1.0
2020-12-01,13.347785949707031,13.284051387598755,12.47765171574956,0.49664947378289565,0.1605608502690618,41126.242626816034,42000.0,335,0.11291535654295343,0.0,0.0,0.0,3081,0,0,0,0.0,0.89404387583701,0.0,0.0,0.0,1.0
2020-12-02,13.50179386138916,13.304788766054983,12.519156189190465,0.4838975363953973,0.1536983514321176,41126.242626816034,42000.0,335,0.11285746469476315,0.0,0.0,0.0,3045,0,0,0,0.0,0.8938784705564662,0.0,0.0,0.0,1.0
2020-12-03,13.357708930969238,13.309828781761103,12.541320582018434,0.43583007744009544,0.13941452056428638,41126.242626816034,42000.0,335,0.11284339465091692,0.0,0.0,0.0,3078,0,0,0,0.0,0.8938382704311912,0.0,0.0,0.0,1.0
2020-12-04,13.51949405670166,13.329796903184013,12.638404242766798,0.4266344081057613,0.1275591692543235,41126.242626816034,42000.0,335,0.1127876503119446,0.0,0.0,0.0,3041,0,0,0,0.0,0.8936790008912704,0.0,0.0,0.0,1.0
2020-12-07,13.56786060333252,13.35246963653149,12.912238706091301,0.41218977278034014,0.1281953372663663,41126.242626816034,42000.0,335,0.11272435559801619,0.0,0.0,0.0,3031,0,0,0,0.0,0.893498158851475,0.0,0.0,0.0,1.0
2020-12-08,13.311841011047363,13.348600243628239,12.928672693648254,0.35025019606429064,0.12359710844120217,41126.242626816034,42000.0,335,0.26755428893606975,0.0,0.0,0.0,3089,0,0,0,0.0,0.8935290218662986,0.013768946522472241,0.0,1.0,1.0
2020-12-09,12.893791198730469,13.305285096495117,12.927339461001806,0.28786428259073743,0.12817500567782264,41126.242626816034,42000.0,335,0.49266699208938564,0.0775763492534284,1.0,0.3543034444773999,3189,2,2,2,25.787582397460938,0.8938745117303366,0.1546355056582156,1.0,1.0,0.8715575699830382
2020-12-10,12.935172080993652,13.270036237875932,12.860448277808562,0.21989755929255725,0.12667668812013128,41100.45504441857,42000.0,337,0.41757787407592944,0.0,0.0,0.0,3177,0,0,0,0.0,0.8935237568532336,0.1261730378423892,0.0,1.0,0.4465800203376926
2020-12-11,12.976056098937988,13.242038129405652,12.81640500360678,0.21997321207079548,0.11993904630029573,41100.45504441857,42000.0,337,0.3922891507962786,0.0,0.0,0.0,3167,0,0,0,0.0,0.893748408342626,0.10043092606606223,0.0,1.0,0.5283680812338114
2020-12-14,13.270708084106445,13.244768601281919,12.819091826022719,0.2323851464288959,0.11321304359509445,41100.45504441857,42000.0,337,0.17069830800340427,0.0,0.0,0.0,3097,0,0,0,0.0,0.8937264995563808,0.0,0.0,0.0,0.7105298342066451
2020-12-15,13.322312355041504,13.252153720687593,12.837290239657586,0.22489960678488147,0.11489592616514704,41100.45504441857,42000.0,337,0.18654683495103347,0.0,0.0,0.0,3085,0,0,0,0.0,0.8936672427649591,0.0,0.0,0.0,0.6311835000835111
2020-12-16,13.204647064208984,13.24762927721344,12.83692717139068,0.22574284013427115,0.11289011941713119,41100.45504441857,42000.0,337,0.33519603375735274,0.0,0.0,0.0,3112,0,0,0,0.0,0.8937035460375969,0.016222605609286914,0.0,1.0,0.6663905965952828
2020-12-17,13.303118705749512,13.252913984693066,12.84674103127439,0.22752167375048035,0.10307260931915554,41100.45504441857,42000.0,337,0.14488270004542142,0.0,0.0,0.0,3089,0,0,0,0.0,0.8936611425513914,0.0,0.0,0.0,0.8394934992378278
2020-12-18,13.234065055847168,13.251118848612505,12.852044458306992,0.22815606609867414,0.10472930658931486,41100.45504441857,42000.0,337,0.30195009885754986,0.0,0.0,0.0,3105,0,0,0,0.0,0.8936755463813711,0.006434850128569467,0.0,1.0,0.8154426996046467
2020-12-21,13.294142723083496,13.255216360466886,12.864709921853013,0.20736171064248005,0.10206619229258858,41100.45504441857,42000.0,337,0.17416834620391827,0.0,0.0,0.0,3091,0,0,0,0.0,0.89364266872673,0.0,0.0,0.0,0.6930329392521859
2020-12-22,13.240297317504883,13.253795499232409,12.869100315224431,0.20779854045843635,0.10200774479181031,41100.45504441857,42000.0,337,0.32504687279641553,0.0,0.0,0.0,3104,0,0,0,0.0,0.8936540694466352,0.005092194808765326,0.0,1.0,0.6975715984648734
2020-12-23,12.972064018249512,13.226963929614989,12.851600486132421,0.21482628934824502,0.08612104468259471,41100.45504441857,42000.0,337,0.29657893505256067,0.0,0.0,0.0,3168,0,0,0,0.0,0.8938693608504702,0.09635616787113176,0.0,1.0,1.0
2020-12-24,12.956607818603516,13.201215728566277,12.80388702504732,0.19987620211740936,0.08619080371725296,41100.45504441857,42000.0,337,0.3088532037274675,0.0,0.0,0.0,3172,0,0,0,0.0,0.8940759595112658,0.09264597859477867,0.0,1.0,0.9324973730482398
2020-12-28,12.863127708435059,13.16901686950616,12.737441257656286,0.2008206658605851,0.09035925979966385,41100.45504441857,42000.0,337,0.3332543872897077,0.0,0.0,0.0,3195,0,0,0,0.0,0.8943343170232482,0.11613971039076235,0.0,1.0,0.8520576115259799
2020-12-29,12.906255722045898,13.14399199831947,12.695614772781303,0.19675612894095348,0.08867414687924824,41100.45504441857,42000.0,337,0.32492850888814395,0.0,0.0,0.0,3184,0,0,0,0.0,0.894535111823008,0.09043533969891603,0.0,1.0,0.8490557457226471
2020-12-30,13.108175277709961,13.140580882070946,12.696161968985258,0.20613417684232802,0.08073814674332971,41100.45504441857,42000.0,337,0.2674124927962948,0.0,0.0,0.0,3135,0,0,0,0.0,0.8945624819700498,0.012330354590792621,0.0,1.0,1.0
2020-12-31,13.017685890197754,13.128876597130642,12.704369187709839,0.20181345048019989,0.08303042840713613,41100.45504441857,42000.0,337,0.27795078827200753,0.0,0.0,0.0,3157,0,0,0,0.0,0.8946563949230232,0.04234585728271259,0.0,1.0,1.0
2021-01-04,13.076016426086426,13.12384229512643,12.707965042660817,0.20008599404730615,0.10044180510553358,41600.45504441857,42500.0,337,0.3379450023286448,0.0,0.0,0.0,3181,0,0,0,0.0,0.8959356505068798,0.018220985883746946,0.0,1.0,0.6600491020403727
2021-01-05,13.366436004638672,13.14694645793712,12.754847709113882,0.21172788674074355,0.09868418492918855,41600.45504441857,42500.0,337,0.15592838869400036,0.0,0.0,0.0,3112,0,0,0,0.0,0.895752448086475,0.0,0.0,0.0,0.7879248406813295
2021-01-06,12.578442573547363,13.09280323085238,12.678424055003708,0.2955644649560455,0.10001511057604888,41600.45504441857,42500.0,337,0.4824136911009634,0.058933983819933394,1.0,0.3412537886739534,3307,2,2,2,25.156885147094727,0.8961817720283,0.19642877397445277,1.0,1.0,1.0
2021-01-07,13.30585765838623,13.113094128712747,12.699376500027784,0.36116154080436363,0.11171230246935096,41575.29815927148,42500.0,339,0.1133913266265466,0.0,0.0,0.0,3124,0,0,0,0.0,0.8954037903615618,0.0,0.0,0.0,1.0
2021-01-08,13.238798141479492,13.125065939452437,12.717286201123082,0.34216408774871665,0.10691445538042176,41575.29815927148,42500.0,339,0.11335790414785807,0.0,0.0,0.0,3140,0,0,0,0.0,0.8953082975653088,0.0,0.0,0.0,1.0
2021-01-11,13.582565307617188,13.16863730784908,12.718236128893677,0.3529986326754545,0.11066478258946337,41575.29815927148,42500.0,339,0.11323626313938129,0.0,0.0,0.0,3060,0,0,0,0.0,0.8949607518268038,0.0,0.0,0.0,1.0
2021-01-12,13.446205139160156,13.195072339402515,12.731992110745495,0.35585845749324946,0.11021010563719018,41575.29815927148,42500.0,339,0.11316246275129155,0.0,0.0,0.0,3091,0,0,0,0.0,0.8947498935751188,0.0,0.0,0.0,1.0
2021-01-13,13.493072509765625,13.223453308008526,12.739420239779708,0.3474804047735385,0.1077247253081287,41575.29815927148,42500.0,339,0.1130832297648185,0.0,0.0,0.0,3081,0,0,0,0.0,0.8945235136137673,0.0,0.0,0.0,1.0
2021-01-14,13.162520408630371,13.217650174734416,12.7385711726354,0.3588385219247688,0.10181605625483485,41575.29815927148,42500.0,339,0.27039854136144154,0.0,0.0,0.0,3158,0,0,0,0.0,0.8945698021356479,0.020854601754185405,0.0,1.0,1.0
2021-01-15,12.822745323181152,13.180040188872201,12.677333496171228,0.36907306282109503,0.10621878828495789,41575.29815927148,42500.0,339,0.3106448013901489,0.0,0.0,0.0,3242,0,0,0,0.0,0.8948697970817018,0.13554392117586642,0.0,1.0,1.0
2021-01-19,12.988021850585938,13.161752728083032,12.659711242141334,0.37126201176820617,0.10797680950006847,41575.29815927148,42500.0,339,0.28635491704989674,0.0,0.0,0.0,3201,0,0,0,0.0,0.89501566647482,0.06599838223917075,0.0,1.0,1.0
2021-01-20,13.327546119689941,13.177542574902738,12.66981731944312,0.38297526004516685,0.11570932186173262,41575.29815927148,42500.0,339,0.11321140172912447,0.0,0.0,0.0,3119,0,0,0,0.0,0.89488971922607,0.0,0.0,0.0,1.0
2021-01-21,13.827863693237305,13.23947791950603,12.64787297551999,0.4047409006180756,0.11384943177658173,41575.29815927148,42500.0,339,0.11303849282001432,0.0,0.0,0.0,3006,0,0,0,0.0,0.8943956937714695,0.0,0.0,0.0,1.0
2021-01-22,13.67330551147461,13.280794833026846,12.647230851783005,0.40700339992675166,0.1143551474532934,41575.29815927148,42500.0,339,0.1129231457190909,0.0,0.0,0.0,3040,0,0,0,0.0,0.8940661306259741,0.0,0.0,0.0,1.0
2021-01-25,13.614224433898926,13.3125500331099,12.659769062401056,0.39934273955404664,0.11436638720853336,41575.29815927148,42500.0,339,0.1128344926722708,0.0,0.0,0.0,3053,0,0,0,0.0,0.8938128362064881,0.0,0.0,0.0,1.0
2021-01-26,13.396848678588867,13.320578475536468,12.675230119100851,0.40467046858800887,0.11498788589052272,41575.29815927148,42500.0,339,0.11281207915006108,0.0,0.0,0.0,3103,0,0,0,0.0,0.8937487975716032,0.0,0.0,0.0,1.0
2021-01-27,12.880826950073242,13.278697377873304,12.635478767545184,0.42864967238286816,0.14821898648854717,41575.29815927148,42500.0,339,0.3153643591597772,0.0,0.0,0.0,3227,0,0,0,0.0,0.8940828609153164,0.14981530811261834,0.0,1.0,1.0
2021-01-28,13.013696670532227,13.253459215269391,12.62028425533309,0.42999281087125696,0.15163321387309833,41575.29815927148,42500.0,339,0.29465794635247217,0.0,0.0,0.0,3194,0,0,0,0.0,0.8942841723770277,0.09045281720146413,0.0,1.0,1.0
2021-01-29,12.952622413635254,13.224808091304235,12.58077422010157,0.42670509285575514,0.16761904819432474,41575.29815927148,42500.0,339,0.299096978568185,0.0,0.0,0.0,3209,0,0,0,0.0,0.8945127072246556,0.10290723154158744,0.0,1.0,1.0
2021-02-01,13.199165344238281,13.222365924917002,12.586353661161775,0.43125224995733696,0.17592534494956932,42075.29815927148,43000.0,339,0.26658612667106113,0.0,0.0,0.0,3187,0,0,0,0.0,0.8957585570105381,0.008773233478208235,0.0,1.0,1.0
2021-02-02,13.518000602722168,13.250521608517493,12.608884093969488,0.43891893844519203,0.17278770332797533,42075.29815927148,43000.0,339,0.11343780491045113,0.0,0.0,0.0,3112,0,0,0,0.0,0.8955365854584318,0.0,0.0,0.0,1.0
2021-02-03,13.491825103759766,13.273502893778662,12.625456428880609,0.4325146687207833,0.17163227904470657,42075.29815927148,43000.0,339,0.1133743925965851,0.0,0.0,0.0,3118,0,0,0,0.0,0.8953554074188147,0.0,0.0,0.0,1.0
2021-02-04,13.625192642211914,13.30699715553421,12.730984219701643,0.37098406828352787,0.17428638582175776,42075.29815927148,43000.0,339,0.15851715322088178,0.0,0.0,0.0,3088,0,0,0,0.0,0.8950913480063698,0.0,0.0,0.0,0.7738240929067379
2021-02-05,13.552152633666992,13.330345296308762,12.7458607159233,0.3132886464650408,0.16751770317398698,42075.29815927148,43000.0,339,0.20152049418620266,0.0,0.0,0.0,3104,0,0,0,0.0,0.8949072777802635,0.0,0.0,0.0,0.5584852651844476
2021-02-08,14.397480010986328,13.431977173897103,12.683256672238858,0.3800408376002145,0.16831087398291916,42075.29815927148,43000.0,339,0.13660884669067982,0.0,0.0,0.0,2922,0,0,0,0.0,0.8941060404197414,0.0,0.0,0.0,0.881641337281148
2021-02-09,14.222482681274414,13.507263412694943,12.675319257224519,0.37550938156649344,0.1660666598123138,42075.29815927148,43000.0,339,0.13586326157328954,0.0,0.0,0.0,2958,0,0,0,0.0,0.8935125047231725,0.0,0.0,0.0,0.884330575399104
2021-02-10,14.722049713134766,13.622957346070164,12.609923998173219,0.3893661178777052,0.1661545591881266,42075.29815927148,43000.0,339,0.12184395303824463,0.0,0.0,0.0,2857,0,0,0,0.0,0.8926004060391213,0.0,0.0,0.0,0.952830945377239
2021-02-11,15.20715618133545,13.77383342561924,12.503745065331357,0.40186841866324413,0.16612903424385853,42075.29815927148,43000.0,339,0.11199382939651803,0.0,0.0,0.0,2766,0,0,0,0.0,0.8914109411329088,0.0,0.0,0.0,1.0
2021-02-12,14.918485641479492,13.882847922367835,12.496738232623827,0.3967063101016847,0.16533981440439247,42075.29815927148,43000.0,339,0.11180314659800361,0.0,0.0,0.0,2820,0,0,0,0.0,0.8905515012631932,0.0,0.0,0.0,0.9994493942205698
2021-02-16,15.286428451538086,14.016522258479288,12.513571436230398,0.38224737412003923,0.16217568577405778,42075.29815927148,43000.0,339,0.11849158131381932,0.0,0.0,0.0,2752,0,0,0,0.0,0.8894976501017563,0.0,0.0,0.0,0.9641629811089769
2021-02-17,14.863393783569336,14.097176689440245,12.57126978745746,0.40344225153230745,0.1608333244282393,42075.29815927148,43000.0,339,0.11110162757669567,0.0,0.0,0.0,2830,0,0,0,0.0,0.8888617930762734,0.0,0.0,0.0,1.0
2021-02-18,14.786613464355469,14.162837334670266,12.609781293334848,0.3990957759179644,0.15551683450792142,42075.29815927148,43000.0,339,0.11092045000561329,0.0,0.0,0.0,2845,0,0,0,0.0,0.888344142873181,0.0,0.0,0.0,1.0
2021-02-19,14.88383674621582,14.231503945293653,12.626086840034743,0.3808481396268911,0.15580565786947884,42075.29815927148,43000.0,339,0.11073097806723037,0.0,0.0,0.0,2826,0,0,0,0.0,0.8878027944778012,0.0,0.0,0.0,1.0
2021-02-22,14.314719200134277,14.239429207659427,12.63673225716753,0.40636764920353363,0.15819571033679217,42075.29815927148,43000.0,339,0.11070910987235366,0.0,0.0,0.0,2939,0,0,0,0.0,0.8877403139210106,0.0,0.0,0.0,1.0
2021-02-23,14.101578712463379,14.226300589069327,12.636242052282526,0.4104671885732614,0.15780083229352224,42075.29815927148,43000.0,339,0.2760875733180073,0.0,0.0,0.0,2983,0,0,0,0.0,0.8878438162861744,0.043834964622418086,0.0,1.0,1.0
2021-02-24,14.45755672454834,14.248324982924471,12.681758950439601,0.41250368403039744,0.16229859006796002,42075.29815927148,43000.0,339,0.11068456373897695,0.0,0.0,0.0,2910,0,0,0,0.0,0.8876701821113628,0.0,0.0,0.0,1.0
2021-02-25,13.269464492797852,14.155100174340983,12.644603128018915,0.49353410382455826,0.15971722661035512,42075.29815927148,43000.0,339,0.37043324915008463,0.0,0.0,0.0,3170,0,0,0,0.0,0.8884051404860095,0.31283271422851805,0.0,1.0,1.0
2021-02-26,13.675301551818848,14.109405067434114,12.67566349097455,0.5032381762840965,0.15755462113324945,42075.29815927148,43000.0,339,0.3149100675562319,0.0,0.0,0.0,3076,0,0,0,0.0,0.8887653879567403,0.15383480506106514,0.0,1.0,1.0
2021-03-01,13.802186965942383,14.080146200625377,12.752108865977284,0.5028614454878948,0.16043890266635816,42575.29815927148,43500.0,339,0.2961423188158249,0.0,0.0,0.0,3084,0,0,0,0.0,0.8902719640916781,0.09870608966782186,0.0,1.0,1.0
2021-03-02,13.36793041229248,14.012316125546054,12.709544911884212,0.5142096493942019,0.15624698625912672,42575.29815927148,43500.0,339,0.34225761611149735,0.0,0.0,0.0,3184,0,0,0,0.0,0.8908005708836756,0.22993547514917412,0.0,1.0,1.0
2021-03-03,12.768150329589844,13.893824144978796,12.468231139653389,0.531318684627387,0.1567457738269346,42575.29815927148,43500.0,339,0.40388791615044767,0.0,0.0,0.0,3334,0,0,0,0.0,0.8917239911460273,0.4050986264266805,0.0,1.0,1.0
2021-03-04,12.334893226623535,13.745354533706866,12.121156249328081,0.5430291931016744,0.1636769347312816,42575.29815927148,43500.0,339,0.44208228725727844,0.0,0.0,0.0,3451,0,0,0,0.0,0.8928810301855947,0.5130683619780579,0.0,1.0,1.0
2021-03-05,12.425882339477539,13.619690515208834,11.836570010948671,0.5422563735402558,0.17433876409945817,42575.29815927148,43500.0,339,0.41624405542043635,0.0,0.0,0.0,3426,0,0,0,0.0,0.893860342881476,0.43826552974834243,0.0,1.0,1.0
2021-03-08,11.560112953186035,13.423540271206663,11.324555440928018,0.5902696051216716,0.17445874801525704,42575.29815927148,43500.0,339,0.5063174156894545,0.10239530125355369,1.0,0.3716767108774876,3682,2,2,2,23.12022590637207,0.8953889620243894,0.6940893685169097,0.0,1.0,1.0
2021-03-09,12.488773345947266,13.334514849753388,11.146035865162876,0.6210056040212205,0.18021833696733944,42552.17793336511,43500.0,341,0.37440811962563597,0.0,0.0,0.0,3407,0,0,0,0.0,0.8954696652007837,0.3171249623010333,0.0,1.0,1.0
2021-03-10,12.43690299987793,13.249028006908107,10.976532196083557,0.6206637860335509,0.18164999058811282,42552.17793336511,43500.0,341,0.3709185936699742,0.0,0.0,0.0,3421,0,0,0,0.0,0.8961398034400997,0.30648474990268393,0.0,1.0,1.0
2021-03-11,12.960832595825195,13.221580824900212,10.965772501493788,0.6272727410701252,0.18541720467960993,42552.17793336511,43500.0,341,0.29823670662931184,0.0,0.0,0.0,3283,0,0,0,0.0,0.8963549641082535,0.09860705483263732,0.0,1.0,1.0
2021-03-12,12.823678970336914,13.183685410179898,11.013933778693797,0.6105957705302758,0.18537485088877256,42552.17793336511,43500.0,341,0.3116153995109066,0.0,0.0,0.0,3318,0,0,0,0.0,0.8966520293133025,0.13653482643214523,0.0,1.0,1.0
2021-03-15,13.158086776733398,13.181247445089754,11.099710956287817,0.6205007205891815,0.18602979353785296,42552.17793336511,43500.0,341,0.26690981077174253,0.0,0.0,0.0,3233,0,0,0,0.0,0.8966711407178022,0.008785461487176481,0.0,1.0,1.0
2021-03-16,13.257833480834961,13.188541353255966,11.285915634151536,0.6123863125877775,0.18613969459788277,42552.17793336511,43500.0,341,0.11381488711468735,0.0,0.0,0.0,3209,0,0,0,0.0,0.896613963184821,0.0,0.0,0.0,1.0
2021-03-17,13.307708740234375,13.19989062820629,11.428770590343511,0.6080408664839745,0.18631122506612796,42552.17793336511,43500.0,341,0.11378374835686383,0.0,0.0,0.0,3197,0,0,0,0.0,0.8965249953053254,0.0,0.0,0.0,1.0
2021-03-18,12.690513610839844,13.151378531314247,11.504688391533676,0.6257024828911808,0.1934902606944316,42552.17793336511,43500.0,341,0.32524225464026785,0.0,0.0,0.0,3353,0,0,0,0.0,0.8969052855361342,0.17521544200748818,0.0,1.0,1.0
2021-03-19,12.813454627990723,13.119195302426293,11.66841505953413,0.6266863840899533,0.1933743784671049,42552.17793336511,43500.0,341,0.3047886106200904,0.0,0.0,0.0,3320,0,0,0,0.0,0.8971575724568421,0.11652417217198766,0.0,1.0,1.0
2021-03-22,13.153097152709961,13.122424050072357,11.787923020209682,0.625632315207674,0.1924866651863896,42552.17793336511,43500.0,341,0.11399629171549108,0.0,0.0,0.0,3235,0,0,0,0.0,0.8971322620442603,0.0,0.0,0.0,1.0
2021-03-23,13.037888526916504,13.114373047867037,11.876253714718624,0.6245266962816302,0.19483312673471478,42552.17793336511,43500.0,341,0.27422458088090956,0.0,0.0,0.0,3263,0,0,0,0.0,0.8971953744983296,0.02916057087569765,0.0,1.0,1.0
2021-03-24,12.611212730407715,13.066453017632817,12.030370306485183,0.6234426330512612,0.1914643265727366,42552.17793336511,43500.0,341,0.3251205364523723,0.0,0.0,0.0,3374,0,0,0,0.0,0.8975710234709703,0.17420193782152205,0.0,1.0,1.0
2021-03-25,12.50373363494873,13.012860695472428,11.97810869312213,0.555281081834985,0.16970921244895978,42552.17793336511,43500.0,341,0.33276549846031084,0.0,0.0,0.0,3403,0,0,0,0.0,0.8979911379964115,0.19562457189019106,0.0,1.0,1.0
2021-03-26,12.806970596313477,12.993252114600146,12.032508867733963,0.5507302482053983,0.17677299400148286,42552.17793336511,43500.0,341,0.2894400792624368,0.0,0.0,0.0,3322,0,0,0,0.0,0.8981448512395712,0.07168394665310561,0.0,1.0,1.0
2021-03-29,12.915696144104004,12.985865831695753,12.14211954813959,0.5505096781438173,0.15735700914532014,42552.17793336511,43500.0,341,0.27382716419521164,0.0,0.0,0.0,3294,0,0,0,0.0,0.8982027529055574,0.027017716223618846,0.0,1.0,1.0
2021-03-30,12.83938980102539,12.97191573353667,12.175063673545774,0.5402046354392841,0.15456484501784695,42552.17793336511,43500.0,341,0.2822878912314826,0.0,0.0,0.0,3314,0,0,0,0.0,0.8983121088474482,0.0510818660996451,0.0,1.0,1.0
2021-03-31,13.31469440460205,13.004561321257183,12.167840089064326,0.531069196331846,0.14524459905146905,42552.17793336511,43500.0,341,0.11431966911052771,0.0,0.0,0.0,3195,0,0,0,0.0,0.8980561974586506,0.0,0.0,0.0,1.0
2021-04-01,13.777027130126953,13.078129493530495,12.155853071934187,0.5242530989192227,0.1370995570932401,43052.17793336511,44000.0,341,0.11452557374879851,0.0,0.0,0.0,3124,0,0,0,0.0,0.8986444964251387,0.0,0.0,0.0,1.0
2021-04-05,13.9523344039917,13.161387104050611,12.13778482727479,0.524774472563179,0.1301599720343845,43052.17793336511,44000.0,341,0.11429973748026268,0.0,0.0,0.0,3085,0,0,0,0.0,0.8979992499436078,0.0,0.0,0.0,1.0
2021-04-06,13.826651573181152,13.224745624920187,12.343302001107089,0.44660052342778844,0.12731672397976027,43052.17793336511,44000.0,341,0.114127877492404,0.0,0.0,0.0,3113,0,0,0,0.0,0.8975082214068686,0.0,0.0,0.0,1.0
2021-04-07,14.107942581176758,13.308859620754145,12.34465354398842,0.36312575642266387,0.12067663062589379,43052.17793336511,44000.0,341,0.11389971827870438,0.0,0.0,0.0,3051,0,0,0,0.0,0.8968563379391554,0.0,0.0,0.0,1.0
2021-04-08,14.281007766723633,13.401445158465524,12.360537861887773,0.3614928932920654,0.12016463535227517,43052.17793336511,44000.0,341,0.1136485800076622,0.0,0.0,0.0,3014,0,0,0,0.0,0.8961388000218922,0.0,0.0,0.0,1.0
2021-04-09,14.363799095153809,13.493097914340598,12.339086845906271,0.3370944886418051,0.11819556374599165,43052.17793336511,44000.0,341,0.11339997190735107,0.0,0.0,0.0,2997,0,0,0,0.0,0.8954284911638604,0.0,0.0,0.0,1.0
2021-04-12,15.170762062072754,13.65287545221985,12.243842311022867,0.37622836682643884,0.11845870092821581,43052.17793336511,44000.0,341,0.11296657533585364,0.0,0.0,0.0,2837,0,0,0,0.0,0.8941902152452962,0.0,0.0,0.0,1.0
2021-04-13,15.640081405639648,13.842133162069356,12.118654026219712,0.37958399661169173,0.11750401336625972,43052.17793336511,44000.0,341,0.11245321379788686,0.0,0.0,0.0,2752,0,0,0,0.0,0.8927234679939625,0.0,0.0,0.0,1.0
2021-04-14,15.238593101501465,13.975129346777175,12.094281108463754,0.39902561389966523,0.11889501386405021,43052.17793336511,44000.0,341,0.11209246164686687,0.0,0.0,0.0,2825,0,0,0,0.0,0.8916927475624769,0.0,0.0,0.0,1.0
2021-04-15,16.0966796875,14.177181760179348,12.002481171843172,0.4348585034854909,0.12317101285220772,43052.17793336511,44000.0,341,0.11154439447551351,0.0,0.0,0.0,2674,0,0,0,0.0,0.8901268413586101,0.0,0.0,0.0,1.0
2021-04-16,15.8724946975708,14.33864013516901,12.030965518735012,0.3923185447919192,0.10507328402936424,43052.17793336511,44000.0,341,0.11110643863335407,0.0,0.0,0.0,2712,0,0,0,0.0,0.8888755389524402,0.0,0.0,0.0,1.0
2021-04-19,15.323128700256348,14.432400950891614,12.104353625928134,0.4252195751588439,0.1086908891104406,43052.17793336511,44000.0,341,0.11085211242070647,0.0,0.0,0.0,2809,0,0,0,0.0,0.88814889263059,0.0,0.0,0.0,1.0
2021-04-20,15.133109092712402,14.499135059636451,12.161805571117487,0.426788576241936,0.11310358522302413,43052.17793336511,44000.0,341,0.11067109615073611,0.0,0.0,0.0,2844,0,0,0,0.0,0.8876317032878175,0.0,0.0,0.0,1.0
2021-04-21,15.321883201599121,14.577492025537657,12.243842486809461,0.4227784168017283,0.10901815407205022,43052.17793336511,44000.0,341,0.11045855288072909,0.0,0.0,0.0,2809,0,0,0,0.0,0.8870244368020832,0.0,0.0,0.0,1.0
2021-04-22,14.812915802001953,14.599913337581874,12.38819346766271,0.42341752901584445,0.11371095411485269,43052.17793336511,44000.0,341,0.11039773507180911,0.0,0.0,0.0,2906,0,0,0,0.0,0.8868506716337404,0.0,0.0,0.0,1.0
2021-04-23,15.226873397827148,14.659623819509996,12.600311853570036,0.4238597887528765,0.1168836889153194,43052.17793336511,44000.0,341,0.1102357703895791,0.0,0.0,0.0,2827,0,0,0,0.0,0.8863879153987976,0.0,0.0,0.0,1.0
2021-04-26,15.439087867736816,14.733858490769693,12.797667273586082,0.42090710176805696,0.10592336243142667,43052.17793336511,44000.0,341,0.11003440884378718,0.0,0.0,0.0,2788,0,0,0,0.0,0.8858125966965349,0.0,0.0,0.0,1.0
2021-04-27,15.343079566955566,14.791879545644537,13.010758459417092,0.4246983138357555,0.10566187928253486,43052.17793336511,44000.0,341,0.10987702673243915,0.0,0.0,0.0,2805,0,0,0,0.0,0.8853629335212548,0.0,0.0,0.0,1.0
2021-04-28,15.23834228515625,14.834399806550415,13.288634671427328,0.4251377053172545,0.10428060170945791,43052.17793336511,44000.0,341,0.10976169052473195,0.0,0.0,0.0,2825,0,0,0,0.0,0.8850334014992343,0.0,0.0,0.0,1.0
2021-04-29,15.286219596862793,14.877430262770641,13.509092731084216,0.4122724856791821,0.10520718255854151,43052.17793336511,44000.0,341,0.10964497041223459,0.0,0.0,0.0,2816,0,0,0,0.0,0.8846999154635276,0.0,0.0,0.0,1.0
2021-04-30,14.971763610839844,14.886414391158185,13.638857958736258,0.41010816103192255,0.10556675596744286,43052.17793336511,44000.0,341,0.1096206009639834,0.0,0.0,0.0,2875,0,0,0,0.0,0.8846302884685241,0.0,0.0,0.0,1.0
2021-05-03,14.799448013305664,14.878131878981755,13.731527115958256,0.41266056540414187,0.09490041318018717,43552.17793336511,44500.0,341,0.2693514927313477,0.0,0.0,0.0,2942,0,0,0,0.0,0.8859900456015106,0.026442790773768734,0.0,1.0,1.0
2021-05-04,14.315169334411621,14.824516398546505,13.77298388725372,0.43022972918967267,0.09887446546261652,43552.17793336511,44500.0,341,0.32036756109200565,0.0,0.0,0.0,3042,0,0,0,0.0,0.886400896811138,0.17179213488030673,0.0,1.0,1.0
2021-05-05,14.422148704528809,14.786195665782914,13.789031820086233,0.4253824282303088,0.09887566399983491,43552.17793336511,44500.0,341,0.3034293720056173,0.0,0.0,0.0,3019,0,0,0,0.0,0.8866945455723152,0.12310366015802003,0.0,1.0,1.0
2021-05-06,14.48648738861084,14.757652020337956,13.79295530375488,0.4236459473834034,0.10149356520583708,43552.17793336511,44500.0,341,0.2925750389911033,0.0,0.0,0.0,3006,0,0,0,0.0,0.8869132732823541,0.0918725524065128,0.0,1.0,1.0
2021-05-07,14.77501106262207,14.759305262460252,13.846811336971669,0.42867962581039804,0.10120888970555812,43552.17793336511,44500.0,341,0.11041521161630041,0.0,0.0,0.0,2947,0,0,0,0.0,0.8869006046180012,0.0,0.0,0.0,1.0
2021-05-10,14.229884147644043,14.708884203906328,13.709007931729984,0.3981798162777622,0.1093629282756199,43552.17793336511,44500.0,341,0.31753981571837525,0.0,0.0,0.0,3060,0,0,0,0.0,0.8872869772239987,0.16282678197135908,0.0,1.0,1.0
2021-05-11,14.270282745361328,14.66711263642585,13.636224467018774,0.3785193782289468,0.11382948201121443,43552.17793336511,44500.0,341,0.3080100557047128,0.0,0.0,0.0,3051,0,0,0,0.0,0.8876070694601974,0.13527880398183925,0.0,1.0,1.0
2021-05-12,13.723912239074707,14.577284027154313,13.398881463745985,0.39042751260254194,0.13677468793650996,43552.17793336511,44500.0,341,0.36335050727085655,0.0,0.0,0.0,3173,0,0,0,0.0,0.8882954190278737,0.2927060303174308,0.0,1.0,1.0
2021-05-13,13.63089370727539,14.487151615737272,13.296057787649632,0.31637087371342343,0.1380580489743516,43552.17793336511,44500.0,341,0.3826484867047017,0.0,0.0,0.0,3195,0,0,0,0.0,0.8889860966074964,0.29552320952164784,0.0,1.0,0.9096488522024939
2021-05-14,14.207192420959473,14.460488835282243,13.345522223956422,0.36220275210337954,0.14816552054746235,43552.17793336511,44500.0,341,0.29187042963301274,0.0,0.0,0.0,3065,0,0,0,0.0,0.8891904113970507,0.08758224469727154,0.0,1.0,1.0
2021-05-17,14.129887580871582,14.429003001528846,13.31595257991212,0.3452756174369575,0.14719547339125474,43552.17793336511,44500.0,341,0.3066297660404911,0.0,0.0,0.0,3082,0,0,0,0.0,0.889431684864689,0.1036507583460794,0.0,1.0,0.9547454454163895
2021-05-18,13.980514526367188,14.386289813418212,13.251102394684189,0.34473325576842645,0.1483741710572334,43552.17793336511,44500.0,341,0.3235414845864283,0.0,0.0,0.0,3115,0,0,0,0.0,0.8897589926657166,0.14102846957544082,0.0,1.0,0.9361706359898836
2021-05-19,14.030386924743652,14.352394300211111,13.23601430573262,0.3406059261938034,0.14445492378916,43552.17793336511,44500.0,341,0.3077908695026199,0.0,0.0,0.0,3104,0,0,0,0.0,0.8900187313174834,0.11217897471738307,0.0,1.0,0.9648916380479164
2021-05-20,14.575760841369629,14.37366730413097,13.263309439726367,0.3548976560631082,0.14596209646066427,43552.17793336511,44500.0,341,0.11144950128656106,0.0,0.0,0.0,2987,0,0,0,0.0,0.8898557179616031,0.0,0.0,0.0,1.0
2021-05-21,14.954061508178711,14.428942942611707,13.347045722707076,0.352839698186004,0.140502485935842,43552.17793336511,44500.0,341,0.11130125078200659,0.0,0.0,0.0,2912,0,0,0,0.0,0.8894321450914474,0.0,0.0,0.0,1.0
2021-05-24,15.572748184204102,14.537876775144316,13.431239221688553,0.38027588355025366,0.14495764479254364,43552.17793336511,44500.0,341,0.1110090877952028,0.0,0.0,0.0,2796,0,0,0,0.0,0.8885973937005796,0.0,0.0,0.0,1.0
2021-05-25,15.60841178894043,14.639832490743945,13.487597208041365,0.3794203559063366,0.145180247656213,43552.17793336511,44500.0,341,0.11073564027482491,0.0,0.0,0.0,2790,0,0,0,0.0,0.8878161150709284,0.0,0.0,0.0,1.0
2021-05-26,15.660531044006348,14.737041876768936,13.518927080650068,0.3783079456208328,0.14527744336536536,43552.17793336511,44500.0,341,0.11047492251702529,0.0,0.0,0.0,2781,0,0,0,0.0,0.8870712071915009,0.0,0.0,0.0,1.0
2021-05-27,15.44905948638916,14.804853077685147,13.56492441843449,0.3820251771780484,0.1432647601473474,43552.17793336511,44500.0,341,0.11029305135232081,0.0,0.0,0.0,2819,0,0,0,0.0,0.8865515752923453,0.0,0.0,0.0,1.0
2021-05-28,16.203657150268555,14.938072513169281,13.510094818151957,0.40901976752125546,0.14079214090287948,43552.17793336511,44500.0,341,0.10993575383265719,0.0,0.0,0.0,2687,0,0,0,0.0,0.8855307252361635,0.0,0.0,0.0,1.0
2021-06-01,16.223608016967773,15.060504465911995,13.468769696061706,0.4049789560880753,0.14051780315614262,44052.17793336511,45000.0,341,0.11005619537763112,0.0,0.0,0.0,2715,0,0,0,0.0,0.8858748439360891,0.0,0.0,0.0,1.0
2021-06-02,16.73606300354004,15.220081469495618,13.406085062124783,0.38976562327646913,0.13822292210926546,44052.17793336511,45000.0,341,0.10963296170257103,0.0,0.0,0.0,2632,0,0,0,0.0,0.8846656048644888,0.0,0.0,0.0,1.0
2021-06-03,16.927085876464844,15.3826533177784,13.357537289868471,0.38992885570713487,0.13901447096381708,44052.17793336511,45000.0,341,0.1092017850338477,0.0,0.0,0.0,2602,0,0,0,0.0,0.8834336715252792,0.0,0.0,0.0,1.0
2021-06-04,17.534055709838867,15.587548783688922,13.276754915027546,0.40155634124743467,0.13953306385050726,44052.17793336511,45000.0,341,0.10865835672592722,0.0,0.0,0.0,2512,0,0,0,0.0,0.8818810192169351,0.0,0.0,0.0,1.0
2021-06-07,17.574703216552734,15.776801586818808,13.227411788784655,0.4005884576233734,0.13708833309769797,44052.17793336511,45000.0,341,0.10815641623584826,0.0,0.0,0.0,2506,0,0,0,0.0,0.8804469035309952,0.0,0.0,0.0,1.0
2021-06-08,17.413116455078125,15.9326410980816,13.259854574442503,0.3693305981272214,0.13147166458361562,44052.17793336511,45000.0,341,0.10774309522097691,0.0,0.0,0.0,2529,0,0,0,0.0,0.8792659863456483,0.0,0.0,0.0,1.0
2021-06-09,17.318578720092773,16.064635157320758,13.321247714237165,0.3727259340633119,0.12731901618805694,44052.17793336511,45000.0,341,0.10739301764386144,0.0,0.0,0.0,2543,0,0,0,0.0,0.8782657646967471,0.0,0.0,0.0,1.0
2021-06-10,17.385175704956055,16.190400923762216,13.47801003776032,0.3276281408648766,0.09676789342581105,44052.17793336511,45000.0,341,0.10705945888331059,0.0,0.0,0.0,2533,0,0,0,0.0,0.8773127396666018,0.0,0.0,0.0,1.0
2021-06-11,17.784515380859375,16.34222134824766,13.679255164094808,0.3218690181875228,0.08922182347051849,44052.17793336511,45000.0,341,0.10665679737970313,0.0,0.0,0.0,2476,0,0,0,0.0,0.8761622782277233,0.0,0.0,0.0,1.0
2021-06-14,17.97756576538086,16.497968435593677,13.824689733886297,0.3035119487193831,0.07419865219325086,44052.17793336511,45000.0,341,0.10624372149359762,0.0,0.0,0.0,2450,0,0,0,0.0,0.874982061410279,0.0,0.0,0.0,1.0
2021-06-15,17.747848510742188,16.617004633226866,14.031661828190483,0.3101512906571808,0.07389604519401854,44052.17793336511,45000.0,341,0.10592801104498606,0.0,0.0,0.0,2482,0,0,0,0.0,0.8740800315571031,0.0,0.0,0.0,1.0
2021-06-16,17.76954460144043,16.726770344485303,14.317944912595895,0.3016570630438213,0.06924056154551218,44052.17793336511,45000.0,341,0.1056368879863484,0.0,0.0,0.0,2479,0,0,0,0.0,0.873248251389567,0.0,0.0,0.0,1.0
2021-06-17,18.61461067199707,16.906564661391187,14.627195009558452,0.32445147233877425,0.06782837755546271,44052.17793336511,45000.0,341,0.10516003350362135,0.0,0.0,0.0,2366,0,0,0,0.0,0.8718858100103468,0.0,0.0,0.0,1.0
2021-06-18,18.596155166625977,17.06747804284212,14.889154219298124,0.31535327324592516,0.0764317020959421,44052.17793336511,45000.0,341,0.1047332554574843,0.0,0.0,0.0,2368,0,0,0,0.0,0.8706664441642409,0.0,0.0,0.0,1.0
2021-06-21,18.385133743286133,17.192969061932025,15.14055616097524,0.32187849275233654,0.09083083105000107,44052.17793336511,45000.0,341,0.10440042538796468,0.0,0.0,0.0,2396,0,0,0,0.0,0.8697155011084706,0.0,0.0,0.0,1.0
2021-06-22,18.84358787536621,17.35017085368766,15.296990246910855,0.3059105411756685,0.08594711010938492,44052.17793336511,45000.0,341,0.10398349130249723,0.0,0.0,0.0,2337,0,0,0,0.0,0.8685242608642779,0.0,0.0,0.0,1.0
2021-06-23,19.013696670532227,17.508601883863335,15.477089065867602,0.3046633856959044,0.0855878781458881,44052.17793336511,45000.0,341,0.10356329700357575,0.0,0.0,0.0,2316,0,0,0,0.0,0.8673237057245022,0.0,0.0,0.0,1.0
2021-06-24,19.16160011291504,17.666030286630164,15.683870765482434,0.30376526145209404,0.08745426742924338,44052.17793336511,45000.0,341,0.10314576189534863,0.0,0.0,0.0,2298,0,0,0,0.0,0.8661307482724248,0.0,0.0,0.0,1.0
2021-06-25,18.987506866455078,17.791885198994443,16.0088168355986,0.2995471830736297,0.08789514711425893,44052.17793336511,45000.0,341,0.10281196670000026,0.0,0.0,0.0,2320,0,0,0,0.0,0.8651770477142865,0.0,0.0,0.0,1.0
2021-06-28,19.939327239990234,17.99640348861309,16.140625329112922,0.3017528475315042,0.08802270350736234,44052.17793336511,45000.0,341,0.10226953874742278,0.0,0.0,0.0,2209,0,0,0,0.0,0.8636272535640652,0.0,0.0,0.0,1.0
2021-06-29,19.980981826782227,18.185410949391102,16.324658035813968,0.3014149650922026,0.08788805215866208,44052.17793336511,45000.0,341,0.1017682489597816,0.0,0.0,0.0,2204,0,0,0,0.0,0.8621949970279474,0.0,0.0,0.0,1.0
2021-06-30,19.956783294677734,18.354113077513638,16.46394470327922,0.29356284624479967,0.08788234122577901,44052.17793336511,45000.0,341,0.10132081342663879,0.0,0.0,0.0,2207,0,0,0,0.0,0.8609166097903966,0.0,0.0,0.0,1.0
2021-07-01,20.16580581665039,18.526655243145708,16.59371976033669,0.29347919809983597,0.0872243612258061,44552.17793336511,45500.0,341,0.10140315816990236,0.0,0.0,0.0,2209,0,0,0,0.0,0.8611518804854355,0.0,0.0,0.0,1.0
2021-07-02,20.440174102783203,18.708895134539755,16.651179899107415,0.27656251819851824,0.08585618630555637,44552.17793336511,45500.0,341,0.1009251289163226,0.0,0.0,0.0,2179,0,0,0,0.0,0.8597860826180647,0.0,0.0,0.0,1.0
2021-07-06,20.651193618774414,18.893875942562104,16.718882657536252,0.2759022677874256,0.08638833029140051,44552.17793336511,45500.0,341,0.10043991002758706,0.0,0.0,0.0,2157,0,0,0,0.0,0.8583997429359631,0.0,0.0,0.0,1.0
2021-07-07,20.3251895904541,19.03019152807563,16.85810173892131,0.2823436163123669,0.08653820603817958,44552.17793336511,45500.0,341,0.1000823437609708,0.0,0.0,0.0,2191,0,0,0,0.0,0.8573781250313453,0.0,0.0,0.0,1.0
2021-07-08,19.857263565063477,19.108960293503042,17.044815016680253,0.2997371824554507,0.09306923057977196,44552.17793336511,45500.0,341,0.09987572723011895,0.0,0.0,0.0,2243,0,0,0,0.0,0.8567877920860542,0.0,0.0,0.0,1.0
2021-07-09,20.004425048828125,19.194242651153047,17.253993430468235,0.2995019249168904,0.09910230515448368,44552.17793336511,45500.0,341,0.0996520250458216,0.0,0.0,0.0,2227,0,0,0,0.0,0.8561486429880618,0.0,0.0,0.0,1.0
2021-07-12,20.465620040893555,19.315326212080716,17.419842796402346,0.29956106769540747,0.09932892045205581,44552.17793336511,45500.0,341,0.09933441355138822,0.0,0.0,0.0,2176,0,0,0,0.0,0.8552411815753951,0.0,0.0,0.0,1.0
2021-07-13,20.20371437072754,19.39993460814232,17.582512585089773,0.3074086768697429,0.10097194770241773,44552.17793336511,45500.0,341,0.09911247922018046,0.0,0.0,0.0,2205,0,0,0,0.0,0.85460708348623,0.0,0.0,0.0,1.0
2021-07-14,19.7961483001709,19.437669245478375,17.80384801785629,0.31444925564304205,0.10019892867400527,44552.17793336511,45500.0,341,0.09901349836378359,0.0,0.0,0.0,2250,0,0,0,0.0,0.8543242810393818,0.0,0.0,0.0,1.0
2021-07-15,18.922903060913086,19.388643894567394,17.950958838884823,0.36070752441553006,0.09852856439753117,44552.17793336511,45500.0,341,0.2911794069208245,0.0,0.0,0.0,2354,0,0,0,0.0,0.8546917018011543,0.12010660368691564,0.0,1.0,1.0
2021-07-16,18.119491577148438,19.2677722452894,17.743094416635298,0.3560191732520588,0.1035792834707985,44552.17793336511,45500.0,341,0.3537520162444519,0.0,0.0,0.0,2458,0,0,0,0.0,0.8555975750407981,0.2979796142290646,0.0,1.0,1.0
2021-07-19,18.736825942993164,19.217205930784996,17.710658407176,0.3772892523456804,0.1089518398091636,44552.17793336511,45500.0,341,0.2933372227718129,0.0,0.0,0.0,2377,0,0,0,0.0,0.8559765445626882,0.12498694907106318,0.0,1.0,1.0
2021-07-20,18.569461822509766,19.155516015711164,17.67823532348371,0.3763672771423953,0.11083370173189072,44552.17793336511,45500.0,341,0.3032940522804483,0.0,0.0,0.0,2399,0,0,0,0.0,0.8564388799701647,0.15297269797397336,0.0,1.0,1.0
2021-07-21,19.36564064025879,19.1755278847157,17.7371119296918,0.3964961023182442,0.11284176060482032,44552.17793336511,45500.0,341,0.09970111531778414,0.0,0.0,0.0,2300,0,0,0,0.0,0.8562889009079548,0.0,0.0,0.0,1.0
2021-07-22,19.54921531677246,19.2111171639592,17.80160919275521,0.39661067637989383,0.11249866647061481,44552.17793336511,45500.0,341,0.0996077619006916,0.0,0.0,0.0,2278,0,0,0,0.0,0.856022176859119,0.0,0.0,0.0,1.0
2021-07-23,19.5132999420166,19.239896476155145,17.84790094957718,0.39611982301809573,0.11571562326888575,44552.17793336511,45500.0,341,0.09953227155100841,0.0,0.0,0.0,2283,0,0,0,0.0,0.8558064901457384,0.0,0.0,0.0,1.0
2021-07-26,19.249900817871094,19.240849270604283,17.871475433968424,0.39794580880238095,0.11558738959517209,44552.17793336511,45500.0,341,0.0995297722978764,0.0,0.0,0.0,2314,0,0,0,0.0,0.8557993494225041,0.0,0.0,0.0,1.0
2021-07-27,19.164098739624023,19.23353969622521,17.84998800329125,0.3531921464302779,0.11772603234515575,44552.17793336511,45500.0,341,0.25586716269558046,0.0,0.0,0.0,2324,0,0,0,0.0,0.8558541310678506,0.01805204806237936,0.0,1.0,1.0
2021-07-28,19.458425521850586,19.25495739390382,17.877850276139768,0.3582076473302805,0.11779104980839503,44552.17793336511,45500.0,341,0.09949276560522152,0.0,0.0,0.0,2289,0,0,0,0.0,0.8556936160149187,0.0,0.0,0.0,1.0
2021-07-29,19.617061614990234,19.289443510197763,17.921174860624134,0.35970166995374325,0.11824905137919055,44552.17793336511,45500.0,341,0.0994023058694043,0.0,0.0,0.0,2271,0,0,0,0.0,0.8554351596268696,0.0,0.0,0.0,1.0
2021-07-30,19.454437255859375,19.305157200260773,17.961085160366782,0.3581941233819159,0.11972928956114089,44552.17793336511,45500.0,341,0.0993610876516236,0.0,0.0,0.0,2290,0,0,0,0.0,0.8553173932903533,0.0,0.0,0.0,1.0
2021-08-02,19.70486068725586,19.34322419902221,18.06015976887446,0.3577917907328057,0.11746134347216095,45052.17793336511,46000.0,341,0.09981274330101514,0.0,0.0,0.0,2286,0,0,0,0.0,0.8566078380029005,0.0,0.0,0.0,1.0
2021-08-03,19.769712448120117,19.383842127507727,18.205740952149863,0.3555502172718255,0.12021243502927455,45052.17793336511,46000.0,341,0.09970735743656417,0.0,0.0,0.0,2278,0,0,0,0.0,0.8563067355330406,0.0,0.0,0.0,1.0
2021-08-04,20.227663040161133,19.464206023950908,18.29989226581547,0.3622508697895735,0.12141669709995798,45052.17793336511,46000.0,341,0.09949884806611864,0.0,0.0,0.0,2227,0,0,0,0.0,0.8557109944746247,0.0,0.0,0.0,1.0
2021-08-05,20.589834213256836,19.57140870864671,18.315618229531076,0.35683171512292544,0.11789990763079852,45052.17793336511,46000.0,341,0.09922070370919595,0.0,0.0,0.0,2188,0,0,0,0.0,0.8549162963119885,0.0,0.0,0.0,1.0
2021-08-06,20.319454193115234,19.64265113573895,18.354021765774846,0.3601762995477579,0.11185524509593651,45052.17793336511,46000.0,341,0.09903586058585989,0.0,0.0,0.0,2217,0,0,0,0.0,0.854388173102457,0.0,0.0,0.0,1.0
2021-08-09,20.24861717224121,19.700362186834404,18.441235524141277,0.3508480677368356,0.11155231500583977,45052.17793336511,46000.0,341,0.09888612550002857,0.0,0.0,0.0,2224,0,0,0,0.0,0.8539603585715102,0.0,0.0,0.0,1.0
2021-08-10,19.890438079833984,19.718464652834367,18.48719105501076,0.35357812802580757,0.11050746108467689,45052.17793336511,46000.0,341,0.09883915747139604,0.0,0.0,0.0,2265,0,0,0,0.0,0.8538261642039887,0.0,0.0,0.0,1.0
2021-08-11,19.653974533081055,19.712322736667385,18.48629265383465,0.3486672497711168,0.11051314321944393,45052.17793336511,46000.0,341,0.25403506895149114,0.0,0.0,0.0,2292,0,0,0,0.0,0.8538716944955744,0.014799931080114563,0.0,1.0,1.0
2021-08-12,19.859512329101562,19.726340793089687,18.522787238870645,0.3089099453057226,0.11003285642176297,45052.17793336511,46000.0,341,0.0988187223118423,0.0,0.0,0.0,2268,0,0,0,0.0,0.8537677780338352,0.0,0.0,0.0,1.0
2021-08-13,20.141862869262695,19.765914324153783,18.74327637185108,0.26107919158021914,0.10511546341991788,45052.17793336511,46000.0,341,0.098716046204614,0.0,0.0,0.0,2236,0,0,0,0.0,0.8534744177274687,0.0,0.0,0.0,1.0
2021-08-16,19.90440559387207,19.779103968888858,18.84774099700839,0.24458742904757277,0.08232303085867688,45052.17793336511,46000.0,341,0.09868182481115467,0.0,0.0,0.0,2263,0,0,0,0.0,0.8533766423175848,0.0,0.0,0.0,1.0
2021-08-17,19.413530349731445,19.74428743373101,18.967330988992366,0.26072380467607553,0.07458975420379528,45052.17793336511,46000.0,341,0.2780882277968158,0.0,0.0,0.0,2320,0,0,0,0.0,0.8536347388064723,0.08376019775585863,0.0,1.0,1.0
2021-08-18,18.996482849121094,19.673067949482448,18.84156009162008,0.225797729988796,0.08172929655881596,45052.17793336511,46000.0,341,0.3091419590086448,0.0,0.0,0.0,2371,0,0,0,0.0,0.8541626919397062,0.17195719094213607,0.0,1.0,1.0
2021-08-19,19.75275421142578,19.680657117286575,18.853823220997267,0.26627112977620115,0.08158508824596071,45052.17793336511,46000.0,341,0.09893725158808359,0.0,0.0,0.0,2280,0,0,0,0.0,0.8541064331088104,0.0,0.0,0.0,1.0
2021-08-20,20.7684268951416,19.784254238987053,18.84858650211063,0.32112639655186115,0.0786849665969776,45052.17793336511,46000.0,341,0.0986684620994977,0.0,0.0,0.0,2169,0,0,0,0.0,0.853338463141422,0.0,0.0,0.0,1.0
2021-08-23,21.907817840576172,19.98649839151935,18.69716801813293,0.3626528282296021,0.08365275326881393,45052.17793336511,46000.0,341,0.09814372645591662,0.0,0.0,0.0,2056,0,0,0,0.0,0.8518392184454762,0.0,0.0,0.0,1.0
2021-08-24,21.74319076538086,20.153802427125207,18.688270470002486,0.36406352470335884,0.08123594083234256,45052.17793336511,46000.0,341,0.09770964522440445,0.0,0.0,0.0,2072,0,0,0,0.0,0.8505989863554414,0.0,0.0,0.0,1.0
2021-08-25,22.162235260009766,20.34508174454278,18.638512648954784,0.36557742215973615,0.08123202988020918,45052.17793336511,46000.0,341,0.09721335856062646,0.0,0.0,0.0,2032,0,0,0,0.0,0.8491810244589328,0.0,0.0,0.0,1.0
2021-08-26,22.017568588256836,20.504366205848882,18.64176469373519,0.36854532006042234,0.08388402026910415,45052.17793336511,46000.0,341,0.09680008463765077,0.0,0.0,0.0,2046,0,0,0,0.0,0.8480002418218594,0.0,0.0,0.0,1.0
2021-08-27,22.584260940551758,20.70245141867773,18.633772198651123,0.37078301599284197,0.08557489277835297,45052.17793336511,46000.0,341,0.0962861396343655,0.0,0.0,0.0,1994,0,0,0,0.0,0.8465318275267586,0.0,0.0,0.0,1.0
2021-08-30,22.636146545410156,20.886612859318912,18.642123778370397,0.37074244618546837,0.08536684429996795,45052.17793336511,46000.0,341,0.09580832076609319,0.0,0.0,0.0,1990,0,0,0,0.0,0.8451666307602663,0.0,0.0,0.0,1.0
2021-08-31,22.33777618408203,21.024818890248735,18.69519317494094,0.3776010592131103,0.08224911642317217,45052.17793336511,46000.0,341,0.09544973620540897,0.0,0.0,0.0,2016,0,0,0,0.0,0.8441421034440257,0.0,0.0,0.0,1.0
2021-09-01,22.393657684326172,21.155184489684682,18.729904920361548,0.3725155405611366,0.07948400166342728,45552.17793336511,46500.0,341,0.09570169314314259,0.0,0.0,0.0,2034,0,0,0,0.0,0.844861980408979,0.0,0.0,0.0,1.0
2021-09-02,22.348751068115234,21.268857497154258,18.759646634233782,0.3703179255250851,0.07781462379967098,45552.17793336511,46500.0,341,0.09540993242397072,0.0,0.0,0.0,2038,0,0,0,0.0,0.8440283783542021,0.0,0.0,0.0,1.0
2021-09-03,22.79481315612793,21.414186607532706,18.794985374532928,0.36820876852632034,0.07798394754112756,45552.17793336511,46500.0,341,0.09503692104066602,0.0,0.0,0.0,1998,0,0,0,0.0,0.8429626315447601,0.0,0.0,0.0,1.0
2021-09-07,22.614194869995117,21.528473108719602,18.85386989643347,0.3700598011573116,0.07931775070524406,45552.17793336511,46500.0,341,0.09474358568761965,0.0,0.0,0.0,2014,0,0,0,0.0,0.8421245305360563,0.0,0.0,0.0,1.0
2021-09-08,22.291872024536133,21.601177767368796,18.957941989531584,0.36735912043667923,0.07974056566612094,45552.17793336511,46500.0,341,0.09455697706375338,0.0,0.0,0.0,2043,0,0,0,0.0,0.8415913630392955,0.0,0.0,0.0,1.0
2021-09-09,22.130218505859375,21.651562599605995,19.10597669875752,0.36472965569636107,0.08204916365196897,45552.17793336511,46500.0,341,0.0944276559943446,0.0,0.0,0.0,2058,0,0,0,0.0,0.8412218742695561,0.0,0.0,0.0,1.0
2021-09-10,22.430583953857422,21.725755109534703,19.257729480622974,0.3653792441309312,0.08593540158310402,45552.17793336511,46500.0,341,0.09423722855219424,0.0,0.0,0.0,2030,0,0,0,0.0,0.8406777958634122,0.0,0.0,0.0,1.0
2021-09-13,22.105270385742188,21.761899421554464,19.37805302191792,0.3713541087493775,0.08613516862306916,45552.17793336511,46500.0,341,0.09414445815134348,0.0,0.0,0.0,2060,0,0,0,0.0,0.8404127375752672,0.0,0.0,0.0,1.0
2021-09-14,22.195079803466797,21.803154696022304,19.55984458098479,0.3661218056108746,0.08789000456194114,45552.17793336511,46500.0,341,0.09403856961354268,0.0,0.0,0.0,2052,0,0,0,0.0,0.8401101988958364,0.0,0.0,0.0,1.0
2021-09-15,22.29387092590332,21.84988957505859,19.895350291433324,0.34823845259541075,0.08954932176652852,45552.17793336511,46500.0,341,0.09391861675734958,0.0,0.0,0.0,2043,0,0,0,0.0,0.8397674764495703,0.0,0.0,0.0,1.0
2021-09-16,22.195079803466797,21.882764834906993,20.496391156418323,0.3346281596179342,0.07981084998496633,45552.17793336511,46500.0,341,0.09383423692373871,0.0,0.0,0.0,2052,0,0,0,0.0,0.8395263912106821,0.0,0.0,0.0,1.0
2021-09-17,21.853803634643555,21.880006625358092,21.018885832575734,0.32219296801388553,0.08723308429348463,45552.17793336511,46500.0,341,0.24593707591989672,0.0,0.0,0.0,2084,0,0,0,0.0,0.8395466180807073,0.005987884547568946,0.0,1.0,1.0
2021-09-20,21.068458557128906,21.80271633314579,21.04119314624465,0.3049490824494551,0.10173211054850163,45552.17793336511,46500.0,341,0.3029750626319117,0.0,0.0,0.0,2162,0,0,0,0.0,0.8401134135569309,0.16838676539138836,0.0,1.0,1.0
2021-09-21,21.20117950439453,21.745427111359955,20.868913861515026,0.23061690682278937,0.09542245342808833,45552.17793336511,46500.0,341,0.28798598311597506,0.0,0.0,0.0,2148,0,0,0,0.0,0.8405335345166937,0.125140702957521,0.0,1.0,1.0
2021-09-22,21.89471435546875,21.75964494413222,20.896138417129475,0.2592205968089945,0.10263119703507662,45552.17793336511,46500.0,341,0.09415024464339394,0.0,0.0,0.0,2080,0,0,0,0.0,0.8404292704096971,0.0,0.0,0.0,1.0
2021-09-23,22.434572219848633,21.82392373229569,20.95287305197781,0.26503900906781813,0.1123320888896029,45552.17793336511,46500.0,341,0.10074795494562008,0.0,0.0,0.0,2030,0,0,0,0.0,0.8399578926298316,0.0,0.0,0.0,0.9661865373741048
2021-09-24,22.034420013427734,21.843970997165407,20.97359472042376,0.27209951849058406,0.1107202023839165,45552.17793336511,46500.0,341,0.09393380777394211,0.0,0.0,0.0,2067,0,0,0,0.0,0.8398108793541204,0.0,0.0,0.0,1.0
2021-09-27,21.614307403564453,21.822098273965317,20.935819068315197,0.2625894805802563,0.10583221104873698,45552.17793336511,46500.0,341,0.2606535159793531,0.0,0.0,0.0,2107,0,0,0,0.0,0.8399712793242543,0.047610194902468844,0.0,1.0,1.0
2021-09-28,20.655332565307617,21.71097773028363,20.63427727185211,0.30165259464027133,0.12482262754950216,45552.17793336511,46500.0,341,0.32936478608574654,0.0,0.0,0.0,2205,0,0,0,0.0,0.8407861633112533,0.24311322550516534,0.0,1.0,1.0
2021-09-29,20.473716735839844,21.593143349860412,20.318794741866462,0.3003568671931826,0.1254379773403632,45552.17793336511,46500.0,341,0.33622315589220464,0.0,0.0,0.0,2224,0,0,0,0.0,0.8416502821010237,0.2592088136227292,0.0,1.0,0.9953876380555444
2021-09-30,20.672300338745117,21.50544401546848,20.128530987229013,0.30354912757456254,0.13011538793922636,45552.17793336511,46500.0,341,0.3237791157099,0.0,0.0,0.0,2203,0,0,0,0.0,0.8422934105532311,0.19370529530199374,0.0,1.0,0.9441021566971433
2021-10-01,20.6982421875,21.428567650900053,19.97783324638074,0.3040273569513776,0.13812782184531913,46052.17793336511,47000.0,341,0.3383853610168719,0.0,0.0,0.0,2224,0,0,0,0.0,0.8445289027881506,0.17040930483502886,0.0,1.0,0.8342150582562047
2021-10-04,19.690372467041016,21.263025252437288,19.6171073950872,0.32987536697568115,0.14332538857497185,46052.17793336511,47000.0,341,0.39184146347530646,0.0,0.0,0.0,2338,0,0,0,0.0,0.8457299657216784,0.36980927378055145,0.0,1.0,0.9179863517523694
2021-10-05,20.407852172851562,21.181580197238645,19.518481532811034,0.36418201923182986,0.15065310145350255,46052.17793336511,47000.0,341,0.31013690651328646,0.0,0.0,0.0,2256,0,0,0,0.0,0.8463208755902473,0.182641714447714,0.0,1.0,1.0
2021-10-06,20.656333923339844,21.131556742581616,19.46802936877034,0.36721922284674174,0.15216239254360295,46052.17793336511,47000.0,341,0.2856946898760397,0.0,0.0,0.0,2229,0,0,0,0.0,0.8466838117187164,0.11244387364139705,0.0,1.0,1.0
2021-10-07,21.030536651611328,21.121935781536823,19.482602767926554,0.3747864803661998,0.15569165729357423,46052.17793336511,47000.0,341,0.25393638917997147,0.0,0.0,0.0,2189,0,0,0,0.0,0.8467536148616158,0.02163606850973133,0.0,1.0,1.0
2021-10-08,20.787052154541016,21.09004210277532,19.50863687919838,0.3712951157215133,0.15372050714172603,46052.17793336511,47000.0,341,0.2715861180354093,0.0,0.0,0.0,2215,0,0,0,0.0,0.8469850136798641,0.07183246642130549,0.0,1.0,1.0
2021-10-11,20.65134048461914,21.048260996284256,19.489573822434185,0.36924430475335857,0.15478272853702796,46052.17793336511,47000.0,341,0.28195750566161853,0.0,0.0,0.0,2229,0,0,0,0.0,0.8472881489418526,0.09428819600231712,0.0,1.0,0.9879710753442041
2021-10-12,20.627395629882812,21.0081785804365,19.497884817388204,0.3683579927416716,0.15392635017744816,46052.17793336511,47000.0,341,0.27952561212392324,0.0,0.0,0.0,2232,0,0,0,0.0,0.8475789596610883,0.09062731190515601,0.0,1.0,0.9942329146213111
2021-10-13,20.894826889038086,20.9973831812557,19.5842697880345,0.37198599576354113,0.15065516507852486,46052.17793336511,47000.0,341,0.25522747208733304,0.0,0.0,0.0,2203,0,0,0,0.0,0.8476572837274853,0.024421207950609106,0.0,1.0,1.0
2021-10-14,21.70012092590332,21.064310585507855,19.71787326466564,0.39997167876440337,0.1640971787888308,46052.17793336511,47000.0,341,0.09651009641743907,0.0,0.0,0.0,2122,0,0,0,0.0,0.847171704049826,0.0,0.0,0.0,1.0
2021-10-15,21.815879821777344,21.135888608009708,19.794104923196677,0.3967204889794513,0.16289765526706107,46052.17793336511,47000.0,341,0.0963283339283838,0.0,0.0,0.0,2110,0,0,0,0.0,0.8466523826525253,0.0,0.0,0.0,1.0
2021-10-18,22.175125122070312,21.234863514110717,19.801783600996274,0.37648376098489017,0.1494301444273439,46052.17793336511,47000.0,341,0.0960770008423592,0.0,0.0,0.0,2076,0,0,0,0.0,0.8459342881210264,0.0,0.0,0.0,1.0
2021-10-19,22.242982864379883,21.330874880803016,19.8101396010293,0.3762635640598613,0.1505811785454992,46052.17793336511,47000.0,341,0.09583319325481188,0.0,0.0,0.0,2070,0,0,0,0.0,0.8452376950137483,0.0,0.0,0.0,1.0
2021-10-20,22.056371688842773,21.399969814902043,19.861133711253284,0.36070178222977406,0.14806960888770454,46052.17793336511,47000.0,341,0.09565773622534979,0.0,0.0,0.0,2087,0,0,0,0.0,0.8447363892152852,0.0,0.0,0.0,1.0
2021-10-21,22.64413070678711,21.518461328414908,19.94088844015556,0.3625265705385659,0.14292336371781125,46052.17793336511,47000.0,341,0.0953568434139081,0.0,0.0,0.0,2033,0,0,0,0.0,0.8438766954683089,0.0,0.0,0.0,1.0
2021-10-22,22.678054809570312,21.62889880281066,19.95435180484854,0.3558391468860824,0.14313524725668977,46052.17793336511,47000.0,341,0.0950764027209478,0.0,0.0,0.0,2030,0,0,0,0.0,0.8430754363455653,0.0,0.0,0.0,1.0
2021-10-25,23.117130279541016,21.77063513392784,19.896465258947437,0.3522485288989408,0.1429713259069267,46052.17793336511,47000.0,341,0.09471648290990875,0.0,0.0,0.0,1992,0,0,0,0.0,0.8420470940283108,0.0,0.0,0.0,1.0
2021-10-26,24.664854049682617,22.04627503066639,19.665760316052836,0.3722462236454231,0.11759696234044792,46052.17793336511,47000.0,341,0.09401653351255246,0.0,0.0,0.0,1867,0,0,0,0.0,0.8400472386072928,0.0,0.0,0.0,1.0
2021-10-27,24.399423599243164,22.27038441814989,19.609787370495667,0.37356941588914705,0.12061519595429435,46052.17793336511,47000.0,341,0.09344743871688954,0.0,0.0,0.0,1887,0,0,0,0.0,0.8384212534768274,0.0,0.0,0.0,1.0
2021-10-28,24.888383865356445,22.51971769883623,19.54581947238085,0.37559820081060036,0.11123647060541972,46052.17793336511,47000.0,341,0.0928142913328488,0.0,0.0,0.0,1850,0,0,0,0.0,0.8366122609509967,0.0,0.0,0.0,1.0
2021-10-29,25.5130615234375,22.80479806308397,19.478862233747734,0.3781106778226018,0.10696189530166623,46052.17793336511,47000.0,341,0.0920903691738495,0.0,0.0,0.0,1805,0,0,0,0.0,0.8345439119252844,0.0,0.0,0.0,1.0
2021-11-01,25.77251434326172,23.087437708815187,19.5935268334223,0.30620759062392355,0.08947178204732464,46552.17793336511,47500.0,341,0.09198977493585064,0.0,0.0,0.0,1806,0,0,0,0.0,0.8342564998167162,0.0,0.0,0.0,1.0
2021-11-02,26.345306396484375,23.397710917164634,19.631103182750962,0.296216306275722,0.08559614699959725,46552.17793336511,47500.0,341,0.09121017267445053,0.0,0.0,0.0,1767,0,0,0,0.0,0.8320290647841444,0.0,0.0,0.0,1.0
2021-11-03,26.541889190673828,23.69715646702265,19.701041076624456,0.296864649456679,0.08633445600774921,46552.17793336511,47500.0,341,0.09045777632970198,0.0,0.0,0.0,1753,0,0,0,0.0,0.8298793609420058,0.0,0.0,0.0,1.0
2021-11-04,29.738134384155273,24.27248769722576,19.392685153648483,0.4842523456960483,0.08439595739342073,46552.17793336511,47500.0,341,0.08901218091233903,0.0,0.0,0.0,1565,0,0,0,0.0,0.8257490883209687,0.0,0.0,0.0,1.0
2021-11-05,29.689233779907227,24.788368276528757,19.34473453124203,0.477471139094634,0.08229530337660708,46552.17793336511,47500.0,341,0.08771596307781665,0.0,0.0,0.0,1567,0,0,0,0.0,0.822045608793762,0.0,0.0,0.0,1.0
2021-11-08,30.739015579223633,25.355096591071128,19.34229951554894,0.4715939193306157,0.07362722949073035,46552.17793336511,47500.0,341,0.08629198361801388,0.0,0.0,0.0,1514,0,0,0,0.0,0.8179770960514683,0.0,0.0,0.0,1.0
2021-11-09,30.592327117919922,25.853880450771012,19.51877177379114,0.4739611470116469,0.07492307069865158,46552.17793336511,47500.0,341,0.08503872354106273,0.0,0.0,0.0,1521,0,0,0,0.0,0.814396352974465,0.0,0.0,0.0,1.0
2021-11-10,29.396854400634766,26.191306541234226,19.849744733016383,0.5185495783056256,0.08611863924849601,46552.17793336511,47500.0,341,0.0841908960906041,0.0,0.0,0.0,1583,0,0,0,0.0,0.8119739888302975,0.0,0.0,0.0,1.0
2021-11-11,30.325889587402344,26.585076355155,20.11261961839632,0.5154269921616723,0.06900747847760957,46552.17793336511,47500.0,341,0.08320149762131052,0.0,0.0,0.0,1535,0,0,0,0.0,0.8091471360608873,0.0,0.0,0.0,1.0
2021-11-12,30.325889587402344,26.9413442820357,20.443663042392984,0.5174206955466802,0.06877820165383254,46552.17793336511,47500.0,341,0.08230632757766393,0.0,0.0,0.0,1535,0,0,0,0.0,0.8065895073647542,0.0,0.0,0.0,1.0
2021-11-15,29.961660385131836,27.228993434711523,20.812193557446736,0.5276457159942929,0.06913993675604294,46552.17793336511,47500.0,341,0.08158357123299326,0.0,0.0,0.0,1553,0,0,0,0.0,0.8045244892371236,0.0,0.0,0.0,1.0
2021-11-16,30.139284133911133,27.506163977492438,21.243528964582982,0.5268347303803435,0.06668380781083622,46552.17793336511,47500.0,341,0.08088714377444789,0.0,0.0,0.0,1544,0,0,0,0.0,0.8025346964984227,0.0,0.0,0.0,1.0
2021-11-17,29.199270248413086,27.667412193770595,21.782905255802962,0.5465686424349662,0.06827087277706315,46552.17793336511,47500.0,341,0.08048198641417853,0.0,0.0,0.0,1594,0,0,0,0.0,0.8013771040405101,0.0,0.0,0.0,1.0
2021-11-18,31.60818099975586,28.042723508626334,22.29828567595536,0.5964839107419572,0.06838542114353591,46552.17793336511,47500.0,341,0.07953896735253568,0.0,0.0,0.0,1472,0,0,0,0.0,0.7986827638643877,0.0,0.0,0.0,1.0
2021-11-19,32.91541290283203,28.506789165217352,22.853501100460473,0.5991131761369477,0.06856923513502852,46552.17793336511,47500.0,341,0.07837294132908018,0.0,0.0,0.0,1414,0,0,0,0.0,0.7953512609402291,0.0,0.0,0.0,1.0
2021-11-22,31.88858413696289,28.828864876812165,23.515761714231687,0.6255103156799027,0.06962491187869185,46552.17793336511,47500.0,341,0.07756368372531508,0.0,0.0,0.0,1459,0,0,0,0.0,0.7930390963580431,0.0,0.0,0.0,1.0
2021-11-23,31.679031372070312,29.10030930493199,23.995764026970274,0.6015018215371463,0.06961024037851078,46552.17793336511,47500.0,341,0.07688164388329188,0.0,0.0,0.0,1469,0,0,0,0.0,0.7910904110951198,0.0,0.0,0.0,1.0
2021-11-24,32.605072021484375,29.43409623031793,24.60282044017602,0.5970658423364961,0.06553963380298557,46552.17793336511,47500.0,341,0.07604296031392743,0.0,0.0,0.0,1427,0,0,0,0.0,0.7886941723255071,0.0,0.0,0.0,1.0
2021-11-26,31.436546325683594,29.6248057632099,25.240659397980284,0.6234786230038671,0.10279399743187613,46552.17793336511,47500.0,341,0.07556377751917681,0.0,0.0,0.0,1480,0,0,0,0.0,0.7873250786262195,0.0,0.0,0.0,1.0
2021-11-29,33.30559158325195,29.975356793690096,25.82421968650145,0.6442997055914335,0.11288555215907399,46552.17793336511,47500.0,341,0.07468297192995965,0.0,0.0,0.0,1397,0,0,0,0.0,0.7848084912284563,0.0,0.0,0.0,1.0
2021-11-30,32.60707092285156,30.225996234562615,26.510681254795966,0.6562375081447888,0.1322608954194476,46552.17793336511,47500.0,341,0.07405320735589366,0.0,0.0,0.0,1427,0,0,0,0.0,0.783009163873982,0.0,0.0,0.0,1.0
2021-12-01,31.372528076171875,30.33518974328731,27.18023841966236,0.6788362817517367,0.13715078606777023,47052.17793336511,48000.0,341,0.0745728146695554,0.0,0.0,0.0,1499,0,0,0,0.0,0.7844937561987297,0.0,0.0,0.0,1.0
2021-12-02,32.06214904785156,30.499662058007715,28.02109007834719,0.6801823465770107,0.14541535287647978,47052.17793336511,48000.0,341,0.07416386111201623,0.0,0.0,0.0,1467,0,0,0,0.0,0.7833253174629036,0.0,0.0,0.0,1.0
2021-12-03,30.632003784179688,30.512266031928853,28.104296379965717,0.569106582334028,0.14651074473004555,47052.17793336511,48000.0,341,0.07413252185602687,0.0,0.0,0.0,1536,0,0,0,0.0,0.7832357767315055,0.0,0.0,0.0,1.0
2021-12-06,29.97730255126953,30.46131712900892,28.086263643124227,0.5750978852322691,0.15290670610947346,47052.17793336511,48000.0,341,0.252065799261386,0.0,0.0,0.0,1569,0,0,0,0.0,0.7835977262293324,0.07944741451748494,0.0,1.0,1.0
2021-12-07,32.362552642822266,30.642387177943526,28.214429257311174,0.6289222854848644,0.17138283075516117,47052.17793336511,48000.0,341,0.07380898104817579,0.0,0.0,0.0,1453,0,0,0,0.0,0.7823113744233595,0.0,0.0,0.0,1.0
2021-12-08,31.762746810913086,30.7490880953692,28.32838546496033,0.6331501650571477,0.17124643873864095,47052.17793336511,48000.0,341,0.07354367366286846,0.0,0.0,0.0,1481,0,0,0,0.0,0.7815533533224813,0.0,0.0,0.0,1.0
2021-12-09,30.429401397705078,30.71864174321071,28.426238497898524,0.6357622132489009,0.1706015368333202,47052.17793336511,48000.0,341,0.2400970134955323,0.0,0.0,0.0,1546,0,0,0,0.0,0.7817696492826073,0.047078960704628,0.0,1.0,1.0
2021-12-10,30.13798713684082,30.663341304508815,28.35215092450165,0.6274885827225296,0.17375352644486014,47052.17793336511,48000.0,341,0.2537395804668063,0.0,0.0,0.0,1561,0,0,0,0.0,0.7821625128158853,0.08566485994641845,0.0,1.0,1.0
2021-12-13,28.10503387451172,30.419692977842427,27.725622214692507,0.6721738767621822,0.17533886089684197,47052.17793336511,48000.0,341,0.3575216198184901,0.0,0.0,0.0,1674,0,0,0,0.0,0.7838934311365777,0.3804540540591083,0.0,1.0,1.0
2021-12-14,28.280681610107422,30.21597760948671,27.265340364286494,0.6720369922791661,0.17728270479815458,47052.17793336511,48000.0,341,0.3369545665402334,0.0,0.0,0.0,1663,0,0,0,0.0,0.7853406590659382,0.32024381676330016,0.0,1.0,1.0
2021-12-15,30.398469924926758,30.23335783000481,27.29872182295737,0.7253475307645149,0.18661719043235725,47052.17793336511,48000.0,341,0.07482601547893591,0.0,0.0,0.0,1547,0,0,0,0.0,0.7852171870826742,0.0,0.0,0.0,1.0
2021-12-16,28.330585479736328,30.052141415693526,26.974442996905708,0.7583368159490061,0.18908019192522052,47052.17793336511,48000.0,341,0.32552645982388256,0.0,0.0,0.0,1660,0,0,0,0.0,0.7865045786926772,0.28642816366127316,0.0,1.0,1.0
2021-12-17,27.745750427246094,29.832485131079487,26.423515674197184,0.6944084683296335,0.1919011865331628,47052.17793336511,48000.0,341,0.34823247466011614,0.0,0.0,0.0,1695,0,0,0,0.0,0.7880650535479561,0.34974201690951867,0.0,1.0,1.0
2021-12-20,27.66391372680664,29.62595452114874,26.06447442205751,0.6721271465970549,0.19553542400179416,47052.17793336511,48000.0,341,0.3422337082386944,0.0,0.0,0.0,1700,0,0,0,0.0,0.7895322814226725,0.331135456402169,0.0,1.0,1.0
2021-12-21,29.01721954345703,29.567979761368576,25.987124109780215,0.6949315651310549,0.20673247639306416,47052.17793336511,48000.0,341,0.25907754992566195,0.0,0.0,0.0,1621,0,0,0,0.0,0.7899441437786108,0.09313457029470937,0.0,1.0,1.0
2021-12-22,29.341569900512695,29.54641691747754,25.975628740164076,0.6968477107462839,0.20998027130651323,47052.17793336511,48000.0,341,0.23866691662644696,0.0,0.0,0.0,1603,0,0,0,0.0,0.79009732981542,0.034665289117285794,0.0,1.0,1.0
2021-12-23,29.58109474182129,29.54971956741504,26.122666750866376,0.6879115852411674,0.21097453988249276,47052.17793336511,48000.0,341,0.07652585353393776,0.0,0.0,0.0,1590,0,0,0,0.0,0.7900738672398223,0.0,0.0,0.0,1.0
2021-12-27,30.883499145507812,29.676746193900065,26.281996621830352,0.6971940547121025,0.1974404621355988,47052.17793336511,48000.0,341,0.0762100071199589,0.0,0.0,0.0,1523,0,0,0,0.0,0.7891714489141683,0.0,0.0,0.0,1.0
2021-12-28,30.261737823486328,29.73245968243209,26.66701438901783,0.6636410570870211,0.19331158079200186,47052.17793336511,48000.0,341,0.07607147785211937,0.0,0.0,0.0,1554,0,0,0,0.0,0.7887756510060554,0.0,0.0,0.0,1.0
2021-12-29,29.941373825073242,29.75235626744553,26.93358545559007,0.6611281524395525,0.17766109273910421,47052.17793336511,48000.0,341,0.07602200582250779,0.0,0.0,0.0,1571,0,0,0,0.0,0.7886343023500224,0.0,0.0,0.0,1.0
2021-12-30,29.52720069885254,29.730912879960485,26.99347543667404,0.6499415337920875,0.1708764715379722,47052.17793336511,48000.0,341,0.23806608646876076,0.0,0.0,0.0,1593,0,0,0,0.0,0.7887866397486141,0.034259321590702635,0.0,1.0,1.0
2021-12-31,29.35255241394043,29.69487854986334,27.16380589970752,0.643668125631543,0.16653168588325942,47052.17793336511,48000.0,341,0.24633913251578726,0.0,0.0,0.0,1603,0,0,0,0.0,0.7890426336353459,0.057640602124046335,0.0,1.0,1.0
2022-01-03,30.061138153076172,29.72976041683599,27.230906093240606,0.6317720633259875,0.16236434650067325,47552.17793336511,48500.0,341,0.07684026998454896,0.0,0.0,0.0,1581,0,0,0,0.0,0.7909721999558542,0.0,0.0,0.0,1.0
2022-01-04,29.23179054260254,29.682334714528043,27.181288934577406,0.6349131793065027,0.1592648501658643,47552.17793336511,48500.0,341,0.2535199912794662,0.0,0.0,0.0,1626,0,0,0,0.0,0.791305646646308,0.07589432843788138,0.0,1.0,1.0
2022-01-05,27.54914093017578,29.479173401732588,27.169987903233785,0.5905803740698434,0.1610631020304779,47552.17793336511,48500.0,341,0.3420312603374253,0.0,0.0,0.0,1726,0,0,0,0.0,0.7927340591754471,0.32735525607433963,0.0,1.0,1.0
2022-01-06,28.121999740600586,29.349918767339062,27.26882665886288,0.5971745051384338,0.16074075788889944,47552.17793336511,48500.0,341,0.3009901298041551,0.0,0.0,0.0,1690,0,0,0,0.0,0.793642839182214,0.209186103115372,0.0,1.0,1.0
2022-01-07,27.192852020263672,29.144483839046167,26.965484304699146,0.5907198455584104,0.15926465074109092,47552.17793336511,48500.0,341,0.3454675692748576,0.0,0.0,0.0,1748,0,0,0,0.0,0.7950872373378404,0.33482010344746727,0.0,1.0,1.0
2022-01-10,27.34554672241211,28.97315649460483,26.734354323851818,0.5916015927485858,0.15539333383150272,47552.17793336511,48500.0,341,0.3270109691168796,0.0,0.0,0.0,1738,0,0,0,0.0,0.7962918275327784,0.2808823699440207,0.0,1.0,1.0
2022-01-11,27.761714935302734,28.85778110800463,26.588366608151766,0.5453131754764384,0.1553210455231998,47552.17793336511,48500.0,341,0.2954539476151626,0.0,0.0,0.0,1712,0,0,0,0.0,0.7971030235499056,0.18990825535055894,0.0,1.0,1.0
2022-01-12,27.9433536529541,28.7706927789522,26.477648758791915,0.5453591033229137,0.15257389640420574,47552.17793336511,48500.0,341,0.27952391992596287,0.0,0.0,0.0,1701,0,0,0,0.0,0.7977153353067484,0.14378157876743147,0.0,1.0,1.0
2022-01-13,26.52218246459961,28.556548939490046,26.1572808597623,0.49671945178402416,0.15046585817310226,47552.17793336511,48500.0,341,0.3543972108668226,0.0,0.0,0.0,1792,0,0,0,0.0,0.7992209651883277,0.3561996372883084,0.0,1.0,1.0
2022-01-14,26.888460159301758,28.397683341376876,25.872251407290104,0.4440462116841879,0.14731274492206092,47552.17793336511,48500.0,341,0.32312377224605277,0.0,0.0,0.0,1768,0,0,0,0.0,0.8003379377441338,0.26572998295887446,0.0,1.0,1.0
2022-01-18,25.851520538330078,28.15519164584861,25.366980079535363,0.45823009826939937,0.1572695081980342,47552.17793336511,48500.0,341,0.3739008361243699,0.0,0.0,0.0,1839,0,0,0,0.0,0.8020428793559923,0.40910236671363603,0.0,1.0,1.0
2022-01-19,25.017179489135742,27.85633334520929,24.676847241963106,0.4697541689916888,0.15580811471187264,47552.17793336511,48500.0,341,0.40981272999157353,0.0,0.0,0.0,1900,0,0,0,0.0,0.8041441305006934,0.5096065266180883,0.0,1.0,1.0
2022-01-20,24.102005004882812,27.498778265178196,23.810848597324895,0.4374964219420534,0.14452812195365633,47552.17793336511,48500.0,341,0.44849822807636736,0.0,0.0,0.0,1972,0,0,0,0.0,0.8066580744654481,0.617622577181316,0.0,1.0,1.0
2022-01-21,23.327545166015625,27.101517970019856,22.8883121018136,0.4381816750546051,0.14940579740388524,47552.17793336511,48500.0,341,0.47700099477235997,0.04909271776792719,1.0,0.33436490243754907,2038,2,2,2,46.65509033203125,0.8094511829324377,0.6962659449885908,0.0,1.0,1.0
2022-01-24,23.325551986694336,26.74190216208409,22.165078958366916,0.4343490749853506,0.1469895797481092,47505.522843033075,48500.0,343,0.45737412301136565,0.013407496384301163,1.0,0.30938524746901086,2036,2,2,2,46.65110397338867,0.8108768568743331,0.6387634945867118,0.0,1.0,1.0
2022-01-25,22.27963638305664,26.316924468843382,21.465841243768992,0.3967193430163611,0.13501712135137514,47458.87173905969,48500.0,345,0.5029470760535382,0.096267411006433,1.0,0.3673871877045031,2130,2,2,2,44.55927276611328,0.8127971352216296,0.7670516535027655,0.0,1.0,1.0
2022-01-26,22.726741790771484,25.975002309027012,20.995597122766117,0.41620738622537967,0.13485124421615632,47414.31246629357,48500.0,347,0.45379870715394405,0.0069067402798982476,1.0,0.30483471819592883,2086,2,2,2,45.45348358154297,0.8141582309024253,0.6252666466802718,0.0,1.0,1.0
2022-01-27,21.900388717651367,25.58694387175314,20.41360071483109,0.4234908015623673,0.13289277552608886,47368.85898271203,48500.0,349,0.4876970295446779,0.0685400537175962,1.0,0.3479780376023174,2162,2,2,2,43.800777435302734,0.8158795172939826,0.7203977099765256,0.0,1.0,1.0
2022-01-28,22.794607162475586,25.32100704229813,20.15528439027841,0.4679076062779243,0.16908030870317242,47325.05820527673,48500.0,351,0.4104681515483735,0.0,0.0,0.0,2076,0,0,0,0.0,0.8167490005804816,0.49887428955772867,0.0,1.0,1.0
2022-01-31,24.437335968017578,25.23684789236665,20.28655716105916,0.5559274026765544,0.18717848475930213,47325.05820527673,48500.0,351,0.29151591964196594,0.0,0.0,0.0,1936,0,0,0,0.0,0.8173580698923568,0.15840170051326016,0.0,1.0,1.0
2022-02-01,24.589040756225586,25.17515197463893,20.64858996779835,0.5454919475166156,0.18749826044064052,47825.05820527673,49000.0,351,0.2776246387775306,0.0,0.0,0.0,1944,0,0,0,0.0,0.8196637072837089,0.11640668922352143,0.0,1.0,1.0
2022-02-02,25.191835403442383,25.17674087262021,21.0158174699919,0.5537864958612151,0.1922394195685303,47825.05820527673,49000.0,351,0.08687831395507356,0.0,0.0,0.0,1898,0,0,0,0.0,0.8196523255859246,0.0,0.0,0.0,1.0
2022-02-03,23.900407791137695,25.05518534105045,21.00134105163856,0.5465375983778715,0.19890454005255195,47825.05820527673,49000.0,351,0.31783945752384263,0.0,0.0,0.0,2001,0,0,0,0.0,0.8205230601079856,0.2304468185315647,0.0,1.0,1.0
2022-02-04,24.270668029785156,24.980469406644232,21.18093798434019,0.5433381469163286,0.2006509274431401,47825.05820527673,49000.0,351,0.28709533724460073,0.0,0.0,0.0,1970,0,0,0,0.0,0.8210582701687321,0.14207126481584154,0.0,1.0,1.0
2022-02-07,24.678857803344727,24.95174449204428,21.313061374823192,0.5401944367404469,0.2006086158183209,47825.05820527673,49000.0,351,0.2565814227398418,0.0,0.0,0.0,1937,0,0,0,0.0,0.8212640343529073,0.05468288776092636,0.0,1.0,1.0
2022-02-08,25.058103561401367,24.961873927221145,21.52972708884103,0.5436638011013949,0.204005704512645,47825.05820527673,49000.0,351,0.08741701608246694,0.0,0.0,0.0,1908,0,0,0,0.0,0.8211914745213342,0.0,0.0,0.0,1.0
2022-02-09,26.65192985534668,25.122831634661672,21.872938186501255,0.5911704044921031,0.2085672399334852,47825.05820527673,49000.0,351,0.08701347211595534,0.0,0.0,0.0,1794,0,0,0,0.0,0.8200384917598725,0.0,0.0,0.0,1.0
2022-02-10,25.772676467895508,25.18472161877918,22.28236836987934,0.6007196850015291,0.21622084747151102,47825.05820527673,49000.0,351,0.08685830508434644,0.0,0.0,0.0,1855,0,0,0,0.0,0.8195951573838471,0.0,0.0,0.0,1.0
2022-02-11,23.90140724182129,25.062501201926047,22.319046600477435,0.6278740631471855,0.22029052537101174,47825.05820527673,49000.0,351,0.318238617717527,0.0,0.0,0.0,2000,0,0,0,0.0,0.820470654655591,0.23163968168020033,0.0,1.0,1.0
2022-02-14,24.21877098083496,24.982145942774515,22.516424546697973,0.6276716324360053,0.21996481097490883,47825.05820527673,49000.0,351,0.29084062800540317,0.0,0.0,0.0,1974,0,0,0,0.0,0.8210462606956356,0.15278410503408782,0.0,1.0,1.0
2022-02-15,26.442344665527344,25.121212487798594,22.559867270343798,0.700173535114063,0.221242581760511,47825.05820527673,49000.0,351,0.08701753154844777,0.0,0.0,0.0,1808,0,0,0,0.0,0.8200500901384223,0.0,0.0,0.0,1.0
2022-02-16,26.458309173583984,25.248555029301965,22.518370523988807,0.688426448440988,0.21895614074883166,47825.05820527673,49000.0,351,0.08669826560510718,0.0,0.0,0.0,1807,0,0,0,0.0,0.8191379017288778,0.0,0.0,0.0,1.0
2022-02-17,24.458293914794922,25.17329206601558,22.44393645615474,0.7312846484844278,0.22815738626132254,47825.05820527673,49000.0,351,0.28659228962505573,0.0,0.0,0.0,1955,0,0,0,0.0,0.8196770303026231,0.1420152257689648,0.0,1.0,1.0
2022-02-18,23.59501838684082,25.022980287046558,22.31152174750748,0.7333113245962043,0.2196126035315148,47825.05820527673,49000.0,351,0.33712934917646215,0.0,0.0,0.0,2026,0,0,0,0.0,0.8207537534540135,0.28533010133587855,0.0,1.0,1.0
2022-02-22,23.343515396118164,24.86303124981528,22.152965728895456,0.7345895347752189,0.2218574956692072,47825.05820527673,49000.0,351,0.3446169022270093,0.0,0.0,0.0,2048,0,0,0,0.0,0.8218995108431599,0.30557735266258096,0.0,1.0,1.0
2022-02-23,22.342510223388672,24.62298162825084,21.92281986198105,0.732997968019784,0.22702765009272716,47825.05820527673,49000.0,351,0.40034390974849104,0.0,0.0,0.0,2140,0,0,0,0.0,0.8236190499690603,0.4630778350266284,0.0,1.0,1.0
2022-02-24,23.700803756713867,24.53515516429494,21.923572516353545,0.7606715351007305,0.23435538501369318,47825.05820527673,49000.0,351,0.2979979972867695,0.0,0.0,0.0,2017,0,0,0,0.0,0.824248174231275,0.17003181801663797,0.0,1.0,1.0
2022-02-25,24.10898780822754,24.494567797050426,22.1525392010464,0.7473862778734359,0.2472066229319432,47825.05820527673,49000.0,351,0.26613615499227844,0.0,0.0,0.0,1983,0,0,0,0.0,0.8245389123109245,0.0787072448098711,0.0,1.0,1.0
2022-02-28,24.33654022216797,24.479517551823523,22.27584918788361,0.7361298351906381,0.23110210279090623,47825.05820527673,49000.0,351,0.2488475639474203,0.0,0.0,0.0,1965,0,0,0,0.0,0.824646721210407,0.02920346149650811,0.0,1.0,1.0
2022-03-01,23.430341720581055,24.379596044086146,22.117644024389808,0.7042217546162006,0.22486196769651476,48325.05820527673,49500.0,351,0.3076330197835904,0.0,0.0,0.0,2062,0,0,0,0.0,0.8271265007782982,0.1946821271748174,0.0,1.0,1.0
2022-03-02,24.175983428955078,24.360204366454617,22.0932723703193,0.713588323071144,0.23487553422435592,48325.05820527673,49500.0,351,0.25277655361497303,0.0,0.0,0.0,1998,0,0,0,0.0,0.8272640054015036,0.03781186206984819,0.0,1.0,1.0
2022-03-03,23.670900344848633,24.294556364396904,22.023042145499982,0.7111922632702743,0.23142187302808118,48325.05820527673,49500.0,351,0.2846288913292389,0.0,0.0,0.0,2041,0,0,0,0.0,0.8277295094160947,0.1283530372388738,0.0,1.0,1.0
2022-03-04,22.894319534301758,24.161200475816415,21.797984019627293,0.6971695442862563,0.2176625335116089,48325.05820527673,49500.0,351,0.33179670278088264,0.0,0.0,0.0,2110,0,0,0,0.0,0.8286751238987563,0.2621725983323369,0.0,1.0,1.0
2022-03-07,21.313196182250977,23.889961971667326,21.1578053688296,0.7339003319820291,0.2373075259073052,48325.05820527673,49500.0,351,0.4294640544787765,0.0,0.0,0.0,2267,0,0,0,0.0,0.8305984514736316,0.5392988470371582,0.0,1.0,1.0
2022-03-08,21.47490119934082,23.659956183826704,20.67515473552733,0.7309086409972222,0.2377116908584366,48325.05820527673,49500.0,351,0.4028970827969392,0.0,0.0,0.0,2250,0,0,0,0.0,0.8322294016055924,0.4617622635285198,0.0,1.0,1.0
2022-03-09,22.97217559814453,23.594453270904594,20.6096290292429,0.7759849215477902,0.25639886344971075,48325.05820527673,49500.0,351,0.28759717607014296,0.0,0.0,0.0,2103,0,0,0,0.0,0.8326938768063129,0.1318694833940955,0.0,1.0,1.0
2022-03-10,22.616823196411133,23.50134564476236,20.745012860828723,0.7353881157866136,0.24826729901630185,48325.05820527673,49500.0,351,0.30753885452112834,0.0,0.0,0.0,2136,0,0,0,0.0,0.8333540945189578,0.18818548982712324,0.0,1.0,1.0
2022-03-11,22.05984115600586,23.364059502976026,20.678885604710135,0.7320838010083314,0.2449170812942201,48325.05820527673,49500.0,351,0.339702389633399,0.0,0.0,0.0,2190,0,0,0,0.0,0.8343275780698064,0.2791078208827623,0.0,1.0,1.0
2022-03-14,21.291234970092773,23.16664764270143,20.300490972364415,0.6985242446724053,0.23847903252930702,48325.05820527673,49500.0,351,0.38417257276145506,0.0,0.0,0.0,2269,0,0,0,0.0,0.8357274076244807,0.4047656574082482,0.0,1.0,1.0
2022-03-15,22.931249618530273,23.14422878325656,20.293429867430426,0.7548542152537382,0.25332352755068244,48325.05820527673,49500.0,351,0.25866418372058825,0.0,0.0,0.0,2107,0,0,0,0.0,0.8358863777187262,0.04601129005438331,0.0,1.0,1.0
2022-03-16,24.451486587524414,23.268729526520165,20.748123758363384,0.7174515585889305,0.2602933161825638,48325.05820527673,49500.0,351,0.09225124399327261,0.0,0.0,0.0,1976,0,0,0,0.0,0.8350035542664933,0.0,0.0,0.0,1.0
2022-03-17,24.720991134643555,23.40704015586525,21.254568453828618,0.7190857731965034,0.26462872630310247,48325.05820527673,49500.0,351,0.09190798215862533,0.0,0.0,0.0,1954,0,0,0,0.0,0.834022806167501,0.0,0.0,0.0,1.0
2022-03-18,26.404924392700195,23.692552940325722,21.157421172043406,0.7059564308455741,0.2562756514345694,48325.05820527673,49500.0,351,0.09119939133900978,0.0,0.0,0.0,1830,0,0,0,0.0,0.8319982609685994,0.0,0.0,0.0,1.0
2022-03-21,26.685413360595703,23.97758726606572,21.02266401699359,0.6900340009035837,0.2545173697861691,48325.05820527673,49500.0,351,0.09049198796694596,0.0,0.0,0.0,1810,0,0,0,0.0,0.8299771084769886,0.0,0.0,0.0,1.0
2022-03-22,26.475801467895508,24.215512428144745,20.966166775612873,0.689150170615442,0.25300047820182847,48325.05820527673,49500.0,351,0.08990150097378619,0.0,0.0,0.0,1825,0,0,0,0.0,0.8282900027822464,0.0,0.0,0.0,1.0
2022-03-23,25.587413787841797,24.346169700496844,21.0382914337165,0.6809064139025496,0.2471505398533759,48325.05820527673,49500.0,351,0.08957723337967599,0.0,0.0,0.0,1888,0,0,0,0.0,0.8273635239419315,0.0,0.0,0.0,1.0
2022-03-24,28.098844528198242,24.70356730313507,20.87062798099359,0.7306597715688903,0.24675917050494092,48325.05820527673,49500.0,351,0.08869023751131022,0.0,0.0,0.0,1719,0,0,0,0.0,0.824829250032315,0.0,0.0,0.0,1.0
2022-03-25,27.641674041748047,24.983386992526786,20.81544725961745,0.7356407670070886,0.23591086391568486,48325.05820527673,49500.0,351,0.08799577591854713,0.0,0.0,0.0,1748,0,0,0,0.0,0.8228450740529919,0.0,0.0,0.0,1.0
2022-03-28,28.16771697998047,25.286656515141424,20.749108760567495,0.7367010413471661,0.23603509217617,48325.05820527673,49500.0,351,0.0872431161033308,0.0,0.0,0.0,1715,0,0,0,0.0,0.8206946174380881,0.0,0.0,0.0,1.0
2022-03-29,28.60392189025879,25.602586550866885,20.710543649797724,0.716947271598561,0.2286553340790968,48325.05820527673,49500.0,351,0.08645903519648485,0.0,0.0,0.0,1689,0,0,0,0.0,0.8184543862756711,0.0,0.0,0.0,1.0
2022-03-30,27.639678955078125,25.796595351267957,20.727500573469097,0.7293039620424485,0.22419872839652577,48325.05820527673,49500.0,351,0.08597754062821678,0.0,0.0,0.0,1748,0,0,0,0.0,0.8170786875091909,0.0,0.0,0.0,1.0
2022-03-31,27.23641014099121,25.93372056933684,20.77954321525689,0.7263645002384855,0.23187540788310976,48325.05820527673,49500.0,351,0.08563722076882763,0.0,0.0,0.0,1774,0,0,0,0.0,0.8161063450537933,0.0,0.0,0.0,1.0
2022-04-01,26.6634521484375,26.00321881496547,20.89213502463027,0.7187525287070669,0.2289199466010693,48825.05820527673,50000.0,351,0.08611009137162978,0.0,0.0,0.0,1831,0,0,0,0.0,0.8174574039189424,0.0,0.0,0.0,1.0
2022-04-04,27.310283660888672,26.12770118124387,21.267328177410334,0.6588486456182033,0.1955423563198411,48825.05820527673,50000.0,351,0.08580423819768379,0.0,0.0,0.0,1787,0,0,0,0.0,0.816583537707668,0.0,0.0,0.0,1.0
2022-04-05,25.883872985839844,26.10447944834825,21.618005973723413,0.6986985701665847,0.20059461462170236,48825.05820527673,50000.0,351,0.2506503768481652,0.0,0.0,0.0,1886,0,0,0,0.0,0.8167465542725952,0.04225452243644826,0.0,1.0,1.0
2022-04-06,24.362646102905273,25.93859055830606,21.587224187927934,0.7025655316091782,0.18923415769984256,48825.05820527673,50000.0,351,0.3425931950595325,0.0,0.0,0.0,2004,0,0,0,0.0,0.8179110942806914,0.30378374874654435,0.0,1.0,1.0
2022-04-07,24.164003372192383,25.769582254866663,21.600953002702223,0.700373676747068,0.18765602052585523,48825.05820527673,50000.0,351,0.3457182300413128,0.0,0.0,0.0,2020,0,0,0,0.0,0.8190975325708361,0.3115259818329149,0.0,1.0,1.0
2022-04-08,23.076984405517578,25.513144364452465,21.51634197329667,0.7150683662939393,0.17955064115370056,48825.05820527673,50000.0,351,0.4044155175347505,0.0,0.0,0.0,2115,0,0,0,0.0,0.8208977265615437,0.4774323235377438,0.0,1.0,1.0
2022-04-11,21.877164840698242,25.166860600285396,21.305060254624763,0.7296132718696117,0.18990237559657186,48825.05820527673,50000.0,351,0.46691693939611917,0.030758071629307555,1.0,0.32153065014051535,2231,2,2,2,43.754329681396484,0.8233286385859965,0.6535769025457725,0.0,1.0,1.0
2022-04-12,21.46491813659668,24.814294651362662,20.66990734399433,0.6769157712744557,0.17780434386135724,48781.30387559533,50000.0,353,0.4748948596587583,0.04526338119774229,1.0,0.3316843668384196,2272,2,2,2,42.92983627319336,0.8248110797613796,0.6748885192636441,0.0,1.0,1.0
2022-04-13,22.162649154663086,24.561756985010323,20.14041855865497,0.6410794626177412,0.16438856887416545,48738.37403932214,50000.0,355,0.4098980068026527,0.0,0.0,0.0,2199,0,0,0,0.0,0.8256115254064267,0.4883827797440095,0.0,1.0,1.0
2022-04-14,21.21936798095703,24.243434222719536,19.39980029373203,0.6523875106741748,0.165069308995612,48738.37403932214,50000.0,355,0.4580457534254369,0.014628642591703447,1.0,0.31024004981419245,2296,2,2,2,42.43873596191406,0.8278716170186913,0.623687678482557,0.0,1.0,1.0
2022-04-18,21.743412017822266,24.005336869872178,18.896329564713486,0.6025390765590923,0.1590569427713379,48695.935303360224,50000.0,357,0.40490601591415526,0.0,0.0,0.0,2239,0,0,0,0.0,0.8286018947491126,0.47112957929133115,0.0,1.0,1.0
2022-04-19,22.157657623291016,23.82936741781683,18.57892539564121,0.6069050291234949,0.16990575705135333,48695.935303360224,50000.0,357,0.36321876170376527,0.0,0.0,0.0,2197,0,0,0,0.0,0.8298583166367879,0.3507667168025416,0.0,1.0,1.0
2022-04-20,21.44295883178711,23.602090409623525,18.1551987546653,0.6126772671495864,0.16463548111237306,48695.935303360224,50000.0,357,0.40110929155886527,0.0,0.0,0.0,2270,0,0,0,0.0,0.8314810744752881,0.45740261569289864,0.0,1.0,1.0
2022-04-21,20.14632225036621,23.2729696325514,17.45544255969999,0.6336151902096503,0.16719724384982765,48695.935303360224,50000.0,357,0.47694762749080194,0.04899568634691259,1.0,0.33429698044283884,2417,2,2,2,40.29264450073242,0.833830996823583,0.6717336531501369,0.0,1.0,1.0
2022-04-22,19.479534149169922,22.911690062705546,16.92551276203254,0.48788976439288917,0.18310506539205487,48655.64265885949,50000.0,359,0.5045717574738473,0.09922137722517689,1.0,0.36945496405762385,2497,2,2,2,38.959068298339844,0.8354940653497742,0.7489966702897898,0.0,1.0,1.0
2022-04-25,19.865833282470703,22.62160846458794,16.58801342112641,0.5057906131784354,0.18347648483550671,48616.68359056115,50000.0,361,0.4560210339083633,0.01094733437884233,1.0,0.3076631340651897,2447,2,2,2,39.731666564941406,0.836671986885675,0.6091023957096487,0.0,1.0,1.0
2022-04-26,18.753854751586914,22.25325096811165,16.207414039003257,0.5071752141147575,0.20028783449818452,48576.95192399621,50000.0,363,0.5186476908448818,0.12481398335433057,1.0,0.38736978834803143,2590,2,2,2,37.50770950317383,0.8384413979715094,0.7862662901567244,0.0,1.0,1.0
2022-04-27,18.38153648376465,21.884516255316697,16.014057115479293,0.48993131485927294,0.1921001566728128,48539.444214493036,50000.0,365,0.5242015839329286,0.13491197078714287,1.0,0.39443837955100003,2640,2,2,2,36.7630729675293,0.8402430313361882,0.8003329227578936,0.0,1.0,1.0
2022-04-28,19.746047973632812,21.68085260944204,16.14207326823111,0.5929766411852199,0.2190364251351343,48502.68114152551,50000.0,367,0.4004723213936438,0.0,0.0,0.0,2456,0,0,0,0.0,0.8408625418466954,0.44620123356371577,0.0,1.0,1.0
2022-04-29,18.513296127319336,21.379180563525594,16.090051822733216,0.6153491402031461,0.24499052444291158,48502.68114152551,50000.0,367,0.4796648174648172,0.053936031754213076,1.0,0.3377552222279492,2619,2,2,2,37.02659225463867,0.8430768146637221,0.6702512352357557,0.0,1.0,1.0
2022-05-02,19.49750328063965,21.199973203250742,16.30760268925279,0.6654633411315315,0.2460873679010447,48965.65454927087,50500.0,369,0.3863168942235236,0.0,0.0,0.0,2511,0,0,0,0.0,0.8450932651089204,0.4015264326725758,0.0,1.0,1.0
2022-05-03,19.566377639770508,21.044392673395482,16.898587204111728,0.6533283512769112,0.24416644349884742,48965.65454927087,50500.0,369,0.3690886279509061,0.0,0.0,0.0,2502,0,0,0,0.0,0.8462300812577637,0.3511659986019683,0.0,1.0,1.0
2022-05-04,20.297042846679688,20.97321649942255,17.458387792994863,0.6642340385119038,0.2706603038739186,48965.65454927087,50500.0,369,0.3027823186502528,0.0,0.0,0.0,2412,0,0,0,0.0,0.8467501606279818,0.16119932122988334,0.0,1.0,1.0
2022-05-05,18.80975341796875,20.767172396426947,17.539849432268834,0.6798099714532188,0.2945483917055512,48965.65454927087,50500.0,369,0.4271742189560538,0.0,0.0,0.0,2603,0,0,0,0.0,0.8482557106082863,0.4712772016076142,0.0,1.0,0.9233115015975568
2022-05-06,18.641063690185547,20.564685852975387,17.68877527702642,0.6797553546148042,0.2930955666401771,48965.65454927087,50500.0,369,0.4245645175402615,0.0,0.0,0.0,2626,0,0,0,0.0,0.849735265747566,0.4677003520847663,0.0,1.0,0.9326897435052739
2022-05-09,16.91919708251953,20.217496446265304,17.257121834857717,0.7292434691107682,0.30915654048757163,48965.65454927087,50500.0,369,0.6906556846923302,0.43755579034969116,1.0,0.6062890532447838,2894,3,3,3,50.757591247558594,0.8522721546797644,0.8157042026721993,1.0,1.0,0.9656802019042854
2022-05-10,17.563020706176758,19.964689232923536,16.94167595969105,0.7376553903237757,0.30747370138489194,48914.89695802331,50500.0,372,0.4591969393109777,0.016721707838141277,1.0,0.31170519548669895,2785,2,2,2,35.126041412353516,0.8529333783238108,0.601479066046822,0.0,1.0,0.9992370810937188
2022-05-11,16.599775314331055,19.644221240676636,16.403848790726144,0.7543355977968289,0.31022505740182005,48879.770916610956,50500.0,374,0.5202942433980411,0.1278077152691656,1.0,0.38946540068841595,2944,2,2,2,33.19955062866211,0.8545160644749888,0.7748960595194143,0.0,1.0,1.0
2022-05-12,16.145605087280273,19.311019702257937,15.966475728593178,0.7375666109132119,0.30451764408767357,48846.571365982294,50500.0,376,0.5365323040467702,0.15733146190321853,1.0,0.410132023332253,3025,2,2,2,32.29121017456055,0.8562189424148716,0.8195876405759008,0.0,1.0,1.0
2022-05-13,17.67382049560547,19.155095968291036,15.869266783843397,0.8244644958818386,0.321221766530274,48814.28015580773,50500.0,378,0.3851460289626117,0.0,0.0,0.0,2761,0,0,0,0.0,0.8566212618611087,0.38665310660349633,0.0,1.0,1.0
2022-05-16,17.23262596130371,18.972003586673193,15.835097198934223,0.8173031556815358,0.32088231419763974,48814.28015580773,50500.0,378,0.410739352266782,0.0,0.0,0.0,2832,0,0,0,0.0,0.8579917355294561,0.4584064138042068,0.0,1.0,1.0
2022-05-17,18.143966674804688,18.893142928400003,16.15291686253371,0.8418726507233474,0.32466317682277485,48814.28015580773,50500.0,378,0.3198970548365127,0.0,0.0,0.0,2690,0,0,0,0.0,0.8585820192686099,0.1982667088357122,0.0,1.0,1.0
2022-05-18,16.907217025756836,18.704007128148273,16.188157588709327,0.8645920138074995,0.34871958343179843,48814.28015580773,50500.0,378,0.41911198742615813,0.0,0.0,0.0,2887,0,0,0,0.0,0.8599977288229693,0.48032223525176826,0.0,1.0,1.0
2022-05-19,17.092878341674805,18.550566291341276,16.0998903837993,0.846731937701093,0.34723472952968293,48814.28015580773,50500.0,378,0.38891472280629596,0.0,0.0,0.0,2855,0,0,0,0.0,0.8611462562747129,0.39289580888613274,0.0,1.0,1.0
2022-05-20,16.66366195678711,18.370861116621832,15.884283689608244,0.8439159939936529,0.3377405867452271,48814.28015580773,50500.0,378,0.4144990088257547,0.0,0.0,0.0,2929,0,0,0,0.0,0.8624913761963752,0.4646486490200669,0.0,1.0,1.0
2022-05-23,16.86728858947754,18.227663733084277,15.816047447534302,0.8412025137753235,0.3457805390534075,48814.28015580773,50500.0,378,0.38285391233454774,0.0,0.0,0.0,2894,0,0,0,0.0,0.863563229879092,0.37316223393390174,0.0,1.0,1.0
2022-05-24,16.12464141845703,18.027375893595966,15.504528253310163,0.8329715773685823,0.334084903559741,48814.28015580773,50500.0,378,0.4374790009386276,0.0,0.0,0.0,3027,0,0,0,0.0,0.8650624141033807,0.5277347314355555,0.0,1.0,1.0
2022-05-25,16.944150924682617,17.924211610842313,15.380990786223256,0.8551099630652491,0.3364858530005791,48814.28015580773,50500.0,378,0.34872867777518574,0.0,0.0,0.0,2880,0,0,0,0.0,0.8658346140812199,0.2733901795621682,0.0,1.0,1.0
2022-05-26,17.818557739257812,17.914149337358076,15.541475708755373,0.831563887077382,0.33171040061226154,48814.28015580773,50500.0,378,0.26240664189227275,0.0,0.0,0.0,2739,0,0,0,0.0,0.8659099316926465,0.026680473713847262,0.0,1.0,1.0
2022-05-27,18.77681541442871,17.996308011364803,15.601816555479493,0.8252040833421973,0.31989203797050075,48814.28015580773,50500.0,378,0.102853236635573,0.0,0.0,0.0,2599,0,0,0,0.0,0.8652949618159229,0.0,0.0,0.0,1.0
2022-05-31,18.638065338134766,18.057427756771467,15.769194375318143,0.8031054741368152,0.32014584119449285,48814.28015580773,50500.0,378,0.10269311500552741,0.0,0.0,0.0,2619,0,0,0,0.0,0.8648374714443641,0.0,0.0,0.0,1.0
2022-06-01,18.286701202392578,18.079263323021095,15.947966849365962,0.8053463046320922,0.3206196445774147,49314.28015580773,51000.0,378,0.1031002639679276,0.0,0.0,0.0,2696,0,0,0,0.0,0.866000754194079,0.0,0.0,0.0,1.0
2022-06-02,19.55638885498047,18.219941945112467,16.26716749089295,0.8337706770800603,0.3085051029462752,49314.28015580773,51000.0,378,0.10273532707179645,0.0,0.0,0.0,2521,0,0,0,0.0,0.8649580773479899,0.0,0.0,0.0,1.0
2022-06-03,18.685983657836914,18.264326870133843,16.327371164919025,0.806286844726023,0.28682490809282457,49314.28015580773,51000.0,378,0.1026201873545351,0.0,0.0,0.0,2639,0,0,0,0.0,0.8646291067272432,0.0,0.0,0.0,1.0
2022-06-06,18.751861572265625,18.31075874652735,16.360246965455644,0.8054793091813653,0.2863435254399392,49314.28015580773,51000.0,378,0.10249973760459669,0.0,0.0,0.0,2629,0,0,0,0.0,0.864284964584562,0.0,0.0,0.0,1.0
2022-06-07,18.891605377197266,18.366077473257818,16.355501882911888,0.7250808032788082,0.26132587872738355,49314.28015580773,51000.0,378,0.10235623431937235,0.0,0.0,0.0,2610,0,0,0,0.0,0.8638749551982068,0.0,0.0,0.0,1.0
2022-06-08,18.618045806884766,18.390074457412766,16.336226141113126,0.7187202099011842,0.26536181529245995,49314.28015580773,51000.0,378,0.10229398331929979,0.0,0.0,0.0,2648,0,0,0,0.0,0.8636970951979995,0.0,0.0,0.0,1.0
2022-06-09,18.019010543823242,18.354735037070906,16.366988676218778,0.6983681501310613,0.27312913224215707,49314.28015580773,51000.0,378,0.2843947205536977,0.0,0.0,0.0,2736,0,0,0,0.0,0.8639590226664157,0.09145446462986362,0.0,1.0,1.0
2022-06-10,16.946735382080078,18.220639831833687,16.343365860776284,0.7268765275486206,0.29355555376568665,49314.28015580773,51000.0,378,0.37508557497708034,0.0,0.0,0.0,2909,0,0,0,0.0,0.8649529047758209,0.3495773094444086,0.0,1.0,1.0
2022-06-13,15.621865272521973,17.973137492851617,15.851127435884818,0.6974285531484942,0.30919571028917675,49314.28015580773,51000.0,378,0.6563761850646674,0.3752294273903044,1.0,0.5626605991732131,3156,3,3,3,46.86559581756592,0.8667873338765115,0.6541073369256776,1.0,1.0,0.879684748580494
2022-06-14,15.810564041137695,17.76717811649791,15.485768337171205,0.6959226767066432,0.30919183758111535,49267.41455999017,51000.0,381,0.4711332267216486,0.038424048584815594,1.0,0.326896834009371,3116,2,2,2,31.62112808227539,0.8672687281885156,0.5506260089618222,0.0,1.0,0.8756496564048484
2022-06-15,16.50045394897461,17.646537719590928,15.3208176948302,0.6867175017925943,0.3041619790730928,49235.79343190789,51000.0,383,0.39098458836499295,0.0,0.0,0.0,2983,0,0,0,0.0,0.8674779618313073,0.3247333241307593,0.0,1.0,0.8814468086086518
2022-06-16,15.575939178466797,17.449337858531486,14.971762041806887,0.6728551742749213,0.2925843358517514,49235.79343190789,51000.0,383,0.4587366500032656,0.015884818187755573,1.0,0.3111193727314289,3161,2,2,2,31.151878356933594,0.8689588941212243,0.5368108220647266,0.0,1.0,0.9164137533090859
2022-06-17,15.854491233825684,17.2974477037976,14.71629068684009,0.6752314443273861,0.2930212140564299,49204.64155355096,51000.0,385,0.4162198828982836,0.0,0.0,0.0,3103,0,0,0,0.0,0.8694212281183906,0.4171009777515099,0.0,1.0,0.9203144457809074
2022-06-21,16.539390563964844,17.225251785718292,14.635564201129139,0.6888179102233536,0.3085975683307049,49204.64155355096,51000.0,385,0.3521530787500572,0.0,0.0,0.0,2974,0,0,0,0.0,0.8699662365195776,0.1990859786218353,0.0,1.0,0.8600759827471867
2022-06-22,16.333723068237305,17.140344288815342,14.515005100018142,0.6888252449221842,0.2993069246345139,49204.64155355096,51000.0,385,0.3535003490927865,0.0,0.0,0.0,3012,0,0,0,0.0,0.8706072048785508,0.23529901353976454,0.0,1.0,0.9178341367681191
2022-06-23,16.19894027709961,17.050686763890035,14.432834490243938,0.6704444531775278,0.3015332694169531,49204.64155355096,51000.0,385,0.37179338095124437,0.0,0.0,0.0,3037,0,0,0,0.0,0.8712840312922027,0.24976896783836736,0.0,1.0,0.8528758437222754
2022-06-24,17.098487854003906,17.055239248662783,14.442368848723898,0.6752681112481721,0.32060700119988556,49204.64155355096,51000.0,385,0.1539011145354912,0.0,0.0,0.0,2877,0,0,0,0.0,0.8712496644953888,0.0,0.0,0.0,0.755181340189474
2022-06-27,16.841907501220703,17.034921939382585,14.416428597898474,0.6504112984012655,0.3113191789087084,49204.64155355096,51000.0,385,0.3266177147795025,0.0,0.0,0.0,2921,0,0,0,0.0,0.8714030402615236,0.05665257488373243,0.0,1.0,0.7410087526066855
2022-06-28,15.956329345703125,16.932198835222636,14.327286775740557,0.6388739753231034,0.30117473181654597,49204.64155355096,51000.0,385,0.4025763038093447,0.0,0.0,0.0,3083,0,0,0,0.0,0.8721784989890056,0.28816974659235955,0.0,1.0,0.7677279107206654
2022-06-29,15.517033576965332,16.797421191579083,14.172220069528784,0.6428855628139107,0.3012748914440452,49204.64155355096,51000.0,385,0.43336549046601724,0.0,0.0,0.0,3171,0,0,0,0.0,0.8731959380635697,0.38112624551429286,0.0,1.0,0.7782363689311731
2022-06-30,15.134649276733398,16.639061961593782,13.94135552941318,0.6444681135166731,0.3015179090472144,49204.64155355096,51000.0,385,0.4580269883533363,0.014594524278793201,1.0,0.3102161669951553,3251,2,2,2,30.269298553466797,0.8743913949958116,0.45207256524822825,0.0,1.0,0.7811769886603883
2022-07-01,14.499670028686523,16.43531034893595,13.830673521439394,0.5839695807398335,0.2950322880817402,49674.37225499749,51500.0,387,0.5329865588711766,0.1508846524930484,1.0,0.4056192567451339,3425,2,2,2,28.999340057373047,0.8764958232031415,0.5888663734222527,0.0,1.0,0.6494510497385566
2022-07-05,14.939962387084961,16.292896257331094,13.760969711307919,0.5928404310490227,0.2921083463946612,49645.37291494012,51500.0,389,0.4639898788268978,0.025436143321632333,1.0,0.31780530032514265,3322,2,2,2,29.879924774169922,0.8769332690465671,0.4151913351922841,0.0,1.0,0.6912686632835001
2022-07-06,15.105697631835938,16.17982972156965,13.816437987292304,0.5958087172424645,0.292240256916918,49615.49299016595,51500.0,391,0.4333891873626742,0.0,0.0,0.0,3284,0,0,0,0.0,0.8771589626964323,0.3319355358547951,0.0,1.0,0.6989694356512772
2022-07-07,15.832525253295898,16.146753105543578,14.117115322880537,0.6282759925598971,0.29602128106732234,49615.49299016595,51500.0,391,0.3374162624178759,0.0,0.0,0.0,3133,0,0,0,0.0,0.877410088072475,0.09730372731710289,0.0,1.0,0.7686678648423817
2022-07-08,15.812561988830566,16.11492538014234,14.449104521983164,0.6282320238960104,0.29466507302163786,49615.49299016595,51500.0,391,0.33467647558539715,0.0,0.0,0.0,3137,0,0,0,0.0,0.8776517315798902,0.09381470412651123,0.0,1.0,0.7766838845592166
2022-07-11,15.127660751342773,16.020900177399522,14.607573087065054,0.6352670143892087,0.2860110528267377,49615.49299016595,51500.0,391,0.3848106505604515,0.0,0.0,0.0,3279,0,0,0,0.0,0.8783655928278987,0.27877317009840363,0.0,1.0,0.8509395823187713
2022-07-12,15.057772636413574,15.929173744924668,14.569495912096912,0.6053443083903538,0.2691571638068777,49615.49299016595,51500.0,391,0.37856554276102306,0.0,0.0,0.0,3295,0,0,0,0.0,0.8790620012763972,0.27352363734143414,0.0,1.0,0.8741971537760893
2022-07-13,15.139640808105469,15.853980131894268,14.466572633386193,0.540978282485085,0.22986064894421365,49615.49299016595,51500.0,391,0.34447108019501005,0.0,0.0,0.0,3277,0,0,0,0.0,0.8796328887073659,0.22528706288452005,0.0,1.0,0.9612545143107496
2022-07-14,15.347306251525879,15.805725476621088,14.407579536796266,0.5415348929889646,0.22967292458074073,49615.49299016595,51500.0,391,0.31578019947954333,0.0,0.0,0.0,3232,0,0,0,0.0,0.879999249294003,0.14501682500220453,0.0,1.0,0.9648771326206464
2022-07-15,15.736681938171387,15.79914990153064,14.44980775303941,0.5252346217990939,0.23388007245424278,49615.49299016595,51500.0,391,0.29064594122323684,0.0,0.0,0.0,3152,0,0,0,0.0,0.8800491725922626,0.01976940650243516,0.0,1.0,0.8714528072995362
2022-07-18,16.075138092041016,15.825434491103056,14.465963150578615,0.49008017031010315,0.2013520176219254,49615.49299016595,51500.0,391,0.10794736485228246,0.0,0.0,0.0,3086,0,0,0,0.0,0.8798496138636642,0.0,0.0,0.0,1.0
2022-07-19,16.964704513549805,15.933936398002746,14.463086530935863,0.5230718896374232,0.22055513940829347,49615.49299016595,51500.0,391,0.1123898684807485,0.0,0.0,0.0,2924,0,0,0,0.0,0.879025842104484,0.0,0.0,0.0,0.9763458812791042
2022-07-20,17.77839469909668,16.109599093345025,14.413879991638584,0.5280688397263668,0.20657756198854835,49615.49299016595,51500.0,391,0.10719225949661615,0.0,0.0,0.0,2790,0,0,0,0.0,0.877692169990332,0.0,0.0,0.0,1.0
2022-07-21,18.02100372314453,16.29163762951641,14.3406625722615,0.5253179400997502,0.20757244478861853,49615.49299016595,51500.0,391,0.10670853185244034,0.0,0.0,0.0,2753,0,0,0,0.0,0.8763100910069725,0.0,0.0,0.0,1.0
2022-07-22,17.291179656982422,16.386832108322697,14.342791449590454,0.5484324080971305,0.21067840752994707,49615.49299016595,51500.0,391,0.10645557331992306,0.0,0.0,0.0,2869,0,0,0,0.0,0.8755873523426374,0.0,0.0,0.0,1.0
2022-07-25,16.99665641784668,16.44491061399165,14.412294131009244,0.5173141258432453,0.1821466626947612,49615.49299016595,51500.0,391,0.10630124237816002,0.0,0.0,0.0,2919,0,0,0,0.0,0.875146406794743,0.0,0.0,0.0,1.0
2022-07-26,16.506444931030273,16.450771025138184,14.443458512727643,0.5249844148492867,0.18695432184966349,49615.49299016595,51500.0,391,0.106285669615725,0.0,0.0,0.0,3005,0,0,0,0.0,0.8751019131877859,0.0,0.0,0.0,1.0
2022-07-27,17.761423110961914,16.575595033311874,14.409532116244714,0.5534393599448428,0.19186850494545524,49615.49299016595,51500.0,391,0.10595397708138388,0.0,0.0,0.0,2793,0,0,0,0.0,0.8741542202325254,0.0,0.0,0.0,1.0
2022-07-28,17.95511245727539,16.706977645117924,14.393599789462474,0.5392392531047272,0.19428739036039502,49615.49299016595,51500.0,391,0.10560485649059437,0.0,0.0,0.0,2763,0,0,0,0.0,0.8731567328302697,0.0,0.0,0.0,1.0
2022-07-29,18.133825302124023,16.842867898166123,14.421459864699777,0.5253817549241868,0.19249092254441244,49615.49299016595,51500.0,391,0.10524375782788281,0.0,0.0,0.0,2736,0,0,0,0.0,0.8721250223653796,0.0,0.0,0.0,1.0
2022-08-01,18.411378860473633,16.99224989457636,14.552692968438583,0.488913728238902,0.1927112138871098,50115.49299016595,52000.0,391,0.1052809731139851,0.0,0.0,0.0,2721,0,0,0,0.0,0.8722313517542432,0.0,0.0,0.0,1.0
2022-08-02,18.496238708496094,17.13548692447348,14.656523652771172,0.48493422484751947,0.19614447319936518,50115.49299016595,52000.0,391,0.10490401181511161,0.0,0.0,0.0,2709,0,0,0,0.0,0.8711543194717475,0.0,0.0,0.0,1.0
2022-08-03,18.862651824951172,17.29997881975707,14.754060971710809,0.48590181542874306,0.20093730221231615,50115.49299016595,52000.0,391,0.10447111343300469,0.0,0.0,0.0,2656,0,0,0,0.0,0.869917466951442,0.0,0.0,0.0,1.0
2022-08-04,19.184133529663086,17.479422125462403,14.782991976020465,0.46709060163212,0.19723936311011042,50115.49299016595,52000.0,391,0.10930871801090042,0.0,0.0,0.0,2612,0,0,0,0.0,0.8685681913258501,0.0,0.0,0.0,0.9734507447657352
2022-08-05,18.958498001098633,17.620286494570614,14.857402796626948,0.4719263666421123,0.19747362355273573,50115.49299016595,52000.0,391,0.10532485738278463,0.0,0.0,0.0,2643,0,0,0,0.0,0.8675089996273633,0.0,0.0,0.0,0.9915164624339625
2022-08-08,17.764415740966797,17.63401308946549,15.039005940934402,0.5051352676776291,0.19059908391499583,50115.49299016595,52000.0,391,0.10359202516743549,0.0,0.0,0.0,2821,0,0,0,0.0,0.867405786192673,0.0,0.0,0.0,1.0
2022-08-09,17.058551788330078,17.57920725126212,15.207053085621922,0.5319404339126198,0.1869066470231824,50115.49299016595,52000.0,391,0.3055672121115837,0.0,0.0,0.0,2937,0,0,0,0.0,0.8678178839376253,0.14808843638118543,0.0,1.0,1.0
2022-08-10,18.067930221557617,17.625752296052166,15.49788572716169,0.5633954002322712,0.19385694415578547,50115.49299016595,52000.0,391,0.10361376535163958,0.0,0.0,0.0,2773,0,0,0,0.0,0.8674679010046846,0.0,0.0,0.0,1.0
2022-08-11,17.913179397583008,17.65312630572177,15.797119547089821,0.5667127821328924,0.1927405568556029,50115.49299016595,52000.0,391,0.10354172432811487,0.0,0.0,0.0,2797,0,0,0,0.0,0.8672620695088997,0.0,0.0,0.0,1.0
2022-08-12,18.678945541381836,17.750823375784634,16.09318634519212,0.5768961192907246,0.19105127460077456,50115.49299016595,52000.0,391,0.10328461194276672,0.0,0.0,0.0,2682,0,0,0,0.0,0.8665274626936194,0.0,0.0,0.0,1.0
2022-08-15,19.001426696777344,17.869928453974413,16.3596461539782,0.5758942552714098,0.1843302601110906,50115.49299016595,52000.0,391,0.10297115944372309,0.0,0.0,0.0,2637,0,0,0,0.0,0.8656318841249232,0.0,0.0,0.0,1.0
2022-08-16,18.848674774169922,17.96314238923113,16.48758711426707,0.5517186630080917,0.16564528344839446,50115.49299016595,52000.0,391,0.10272584546218688,0.0,0.0,0.0,2658,0,0,0,0.0,0.8649309870348197,0.0,0.0,0.0,1.0
2022-08-17,18.3055477142334,17.995752420183727,16.524393243315835,0.5412008769549793,0.17069812260022899,50115.49299016595,52000.0,391,0.10264002464034339,0.0,0.0,0.0,2737,0,0,0,0.0,0.8646857846866954,0.0,0.0,0.0,1.0
2022-08-18,18.74284553527832,18.066904145430833,16.56964052640819,0.5453270476418194,0.16929051721600563,50115.49299016595,52000.0,391,0.1024527724557267,0.0,0.0,0.0,2673,0,0,0,0.0,0.8641507784449336,0.0,0.0,0.0,1.0
2022-08-19,17.820329666137695,18.04342086168863,16.59182450429074,0.5552408714900591,0.1733030705065909,50115.49299016595,52000.0,391,0.2741518010902933,0.0,0.0,0.0,2812,0,0,0,0.0,0.8643273546746105,0.06182064844051338,0.0,1.0,1.0
2022-08-22,17.00663948059082,17.944679777774553,16.49478131407566,0.577181132625549,0.19427780971555755,50115.49299016595,52000.0,391,0.3442539444690074,0.0,0.0,0.0,2946,0,0,0,0.0,0.8650698116709644,0.26137002966905704,0.0,1.0,1.0
2022-08-23,17.153406143188477,17.869320384004453,16.55338267583125,0.567018864637431,0.18827173169852737,50115.49299016595,52000.0,391,0.3230845431850569,0.0,0.0,0.0,2921,0,0,0,0.0,0.8656364563433512,0.20031938132824018,0.0,1.0,1.0
2022-08-24,17.1943359375,17.80503615100403,16.425824650655237,0.4962479966757937,0.16661559335220574,50115.49299016595,52000.0,391,0.3131657073269723,0.0,0.0,0.0,2914,0,0,0,0.0,0.8661198243261043,0.17149648232238796,0.0,1.0,1.0
2022-08-25,17.884225845336914,17.81257802665478,16.430594313264898,0.5161049390365652,0.1684103131126431,50115.49299016595,52000.0,391,0.10312209032792868,0.0,0.0,0.0,2802,0,0,0,0.0,0.8660631152226534,0.0,0.0,0.0,1.0
2022-08-26,16.2338809967041,17.66222592856424,16.029968996283493,0.6098327605657863,0.20305412808011433,50115.49299016595,52000.0,391,0.39504034801015914,0.0,0.0,0.0,3087,0,0,0,0.0,0.8671936473448343,0.40435020411276335,0.0,1.0,1.0
2022-08-29,15.775617599487305,17.482548944842627,15.56285115941976,0.6103714704117691,0.20401586346089687,50115.49299016595,52000.0,391,0.42485415819366296,0.0,0.0,0.0,3176,0,0,0,0.0,0.8685446800493564,0.48818148621825214,0.0,1.0,1.0
2022-08-30,15.443154335021973,17.28832088676447,15.08736868882836,0.6107117964682293,0.20619965514332436,50115.49299016595,52000.0,391,0.4412776808110425,0.0,0.0,0.0,3245,0,0,0,0.0,0.8700051256399056,0.5336453909630731,0.0,1.0,1.0
2022-08-31,15.069753646850586,17.077028768677433,14.62422893709546,0.6038134196406868,0.1973875103374516,50115.49299016595,52000.0,391,0.4607570759258332,0.019558319865151257,1.0,0.31369082390560593,3325,2,2,2,30.139507293701172,0.8715938798355216,0.5877120513811446,0.0,1.0,1.0
2022-09-01,13.914615631103516,16.775846565098966,13.935651768657644,0.6378383554639254,0.19824946381614003,50585.35348287225,52500.0,393,0.7045212883669698,0.462765978849036,1.0,0.6239361851943253,3635,3,3,3,41.74384689331055,0.8744208057126878,0.8527828753357972,1.0,1.0,1.0
2022-09-02,13.625078201293945,16.475773387593726,13.2937554097003,0.6380094432295377,0.20052232751310292,50543.60963597894,52500.0,396,0.5592949993001506,0.1987181805457283,1.0,0.43910272638200987,3709,2,2,2,27.25015640258789,0.875725595019293,0.8651172601239943,0.0,1.0,1.0
2022-09-06,13.443371772766113,16.18697323380062,12.636559028041084,0.6129536903607292,0.2005102835618315,50516.35947957635,52500.0,398,0.5536657800243476,0.18848323640790474,1.0,0.4319382654855334,3757,2,2,2,26.886743545532227,0.8772873267228067,0.8474720447753294,0.0,1.0,1.0
2022-09-07,13.696040153503418,15.949741511867554,12.130799172638966,0.6144538015912142,0.21393194855831316,50489.47273603082,52500.0,400,0.5047426722612651,0.09953213138411839,1.0,0.3696724919688829,3686,2,2,2,27.392080307006836,0.8784781599095806,0.7065009036940343,0.0,1.0,1.0
2022-09-08,13.9716796875,15.761354671451596,11.816073263476868,0.5700174811030334,0.19884778525937283,50462.08065572381,52500.0,402,0.45646908951866555,0.011761980943028251,1.0,0.30823338666011985,3611,2,2,2,27.943359375,0.8793130556585992,0.5677414858233024,0.0,1.0,1.0
2022-09-09,14.368158340454102,15.628669306594691,11.635097008363156,0.5878976156345842,0.20851242361531436,50434.13729634881,52500.0,404,0.3990508665502254,0.0,0.0,0.0,3510,0,0,0,0.0,0.8797336685740141,0.40326880728377273,0.0,1.0,1.0
2022-09-12,14.486002922058105,15.519843936638827,11.610809087265288,0.5586140244140988,0.20165836592364753,50434.13729634881,52500.0,404,0.3747746272397196,0.0,0.0,0.0,3481,0,0,0,0.0,0.8805711057066269,0.33307068640685794,0.0,1.0,1.0
2022-09-13,13.113802909851074,15.29069717218285,11.415280415679554,0.6189238705257122,0.24766750624267547,50434.13729634881,52500.0,404,0.5079597151158515,0.10538130021063902,1.0,0.37376691014744734,3845,2,2,2,26.22760581970215,0.8823344446178691,0.7118361699988497,0.0,1.0,1.0
2022-09-14,13.110807418823242,15.08308862424384,11.308199457364683,0.621145242314203,0.24822516208660111,50407.90969052911,52500.0,406,0.4880070254690439,0.06910368267098888,1.0,0.3483725778696922,3844,2,2,2,26.221614837646484,0.8833574479725143,0.6538054819390398,0.0,1.0,1.0
2022-09-15,12.912067413330078,14.876324699394912,11.16994061552409,0.6196579665342322,0.24930127173347716,50381.68807569146,52500.0,408,0.49060491139189927,0.07382711162163501,1.0,0.35167897813514454,3901,2,2,2,25.824134826660156,0.8843897051932739,0.6601957559264383,0.0,1.0,1.0
2022-09-16,13.180715560913086,14.714838114777596,11.288371992741164,0.6170807932222097,0.2481860992594793,50355.8639408648,52500.0,410,0.4422289161618787,0.0,0.0,0.0,3820,0,0,0,0.0,0.8850841213893559,0.5212842105017262,0.0,1.0,1.0
2022-09-19,13.36447525024414,14.586232127679171,11.366868905911728,0.6136602027185694,0.24964936091216366,50355.8639408648,52500.0,410,0.40671265411250207,0.0,0.0,0.0,3767,0,0,0,0.0,0.8860884729076484,0.4188048245566435,0.0,1.0,1.0
2022-09-20,13.158743858337402,14.450280863932337,11.341390134510126,0.6019456742686199,0.24273531595546038,50355.8639408648,52500.0,410,0.41691404172501384,0.0,0.0,0.0,3826,0,0,0,0.0,0.8871501875388141,0.44688993167551133,0.0,1.0,1.0
2022-09-21,13.243633270263672,14.335362045487702,11.42934891431267,0.6010026077878188,0.24748069277558973,50355.8639408648,52500.0,410,0.3940902805312158,0.0,0.0,0.0,3802,0,0,0,0.0,0.8880476487876199,0.3807817241587109,0.0,1.0,1.0
2022-09-22,12.544548988342285,14.164808420997662,11.477993256545577,0.6150569937646206,0.2464554540322938,50355.8639408648,52500.0,410,0.4614588087408867,0.02083419771070304,1.0,0.31458393839749216,4014,2,2,2,25.08909797668457,0.8893795913788755,0.5719312907379436,0.0,1.0,1.0
2022-09-23,12.499608993530273,14.006217999334101,11.885032308618765,0.5818682681334195,0.23973065210841496,50330.77484288812,52500.0,412,0.449772107059297,0.0,0.0,0.0,4026,0,0,0,0.0,0.890084536843321,0.5378357690403849,0.0,1.0,1.0
2022-09-26,12.21198558807373,13.835338722071208,11.908992260444904,0.5107497748115739,0.21764624954977527,50330.77484288812,52500.0,412,0.4762169734346338,0.04766722442660692,1.0,0.3333670570986249,4121,2,2,2,24.42397117614746,0.8914255323144126,0.5866690966545614,0.0,1.0,0.9555807335225355
2022-09-27,12.396743774414062,13.698329679437194,11.972175299811036,0.5174496905012943,0.21781629183263201,50306.35087171197,52500.0,414,0.43253646199271967,0.0,0.0,0.0,4058,0,0,0,0.0,0.8919788859564382,0.475089275657077,0.0,1.0,0.9796869728600532
2022-09-28,12.719320297241211,13.605090690656624,12.114837894612736,0.5326200292241097,0.23307486791317752,50306.35087171197,52500.0,414,0.3955203446507045,0.0,0.0,0.0,3955,0,0,0,0.0,0.8927141419822506,0.3255290293741743,0.0,1.0,0.9043238266202209
2022-09-29,12.203998565673828,13.471653345420167,12.133695704263108,0.5418306236191499,0.24110134798593272,50306.35087171197,52500.0,414,0.45293716157768404,0.005340293777607333,1.0,0.3037382056443252,4122,2,2,2,24.407997131347656,0.8937663907618295,0.4704896820171266,0.0,1.0,0.8727623194747531
2022-09-30,12.123101234436035,13.343219811040726,11.965096660058121,0.48104409476228716,0.24264595267032588,50281.94287458062,52500.0,416,0.49260108096715827,0.07745651084937864,1.0,0.3542195575945651,4147,2,2,2,24.24620246887207,0.8942708677829916,0.4572054548614699,0.0,1.0,0.6520781597920162
2022-10-03,12.495615005493164,13.26249554384572,11.879186784721016,0.4951703931272736,0.2648231576390199,50757.69667211175,53000.0,418,0.45294530347320366,0.005355097224006642,1.0,0.30374856805680467,4062,2,2,2,24.991230010986328,0.8954014502391036,0.2891162284719546,0.0,1.0,0.5581794203783332
2022-10-04,13.14975643157959,13.25175848553466,11.879291946329758,0.5319877935466617,0.2904574800145471,50732.70544210076,53000.0,420,0.3714567437982001,0.0,0.0,0.0,3858,0,0,0,0.0,0.8949860648316121,0.038486233380427816,0.0,1.0,0.5262928028800693
2022-10-05,13.191701889038086,13.246038809677845,11.905581814671379,0.5273228650509647,0.2809756085396861,50732.70544210076,53000.0,420,0.35764691847291064,0.0,0.0,0.0,3845,0,0,0,0.0,0.8950313905648171,0.020510630166680286,0.0,1.0,0.5639639439155668
2022-10-06,13.112805366516113,13.233349910329109,11.968027412842863,0.5213396205008644,0.2801911351881979,50732.70544210076,53000.0,420,0.369127675598547,0.0,0.0,0.0,3868,0,0,0,0.0,0.895131944106826,0.04554574035668244,0.0,1.0,0.5505475698184048
2022-10-07,12.060184478759766,13.121619869227265,11.974098859657822,0.5754494571007712,0.2843818410506012,50732.70544210076,53000.0,420,0.4679156067026411,0.03257383036843833,1.0,0.32280168125790687,4206,2,2,2,24.12036895751953,0.8960173519797084,0.4044605014647508,0.0,1.0,0.686258210014598
2022-10-10,11.654716491699219,12.981914785653167,11.988740460432826,0.5789000070568172,0.27808630471438733,50708.585073143244,53000.0,422,0.64577765845797,0.3559593790144908,1.0,0.5491715653101437,4350,3,3,3,34.964149475097656,0.8966345652915918,0.5111720096255323,1.0,1.0,0.7347732138151173
2022-10-11,11.570826530456543,12.847525428015395,11.748308946100025,0.4850992623122846,0.24152524849233473,50673.620923668146,53000.0,425,0.6530979732152582,0.3692690422095603,1.0,0.5584883295466923,4379,3,3,3,34.71247959136963,0.8969773904357256,0.49686568231064715,1.0,1.0,0.6737355112298615
2022-10-12,11.484939575195312,12.717755346794434,11.526844385556831,0.48467767975314663,0.23980665079363145,50638.90844407678,53000.0,428,0.6468402697771161,0.3578913995947564,1.0,0.5505239797163295,4409,3,3,3,34.45481872558594,0.8972981266334337,0.4846829247701551,1.0,1.0,0.6842654910707
2022-10-13,11.944336891174316,12.644096446259185,11.434247896245845,0.5099640818450003,0.2618487204950843,50604.45362535119,53000.0,431,0.4362698659898106,0.0,0.0,0.0,4236,0,0,0,0.0,0.8971772534275904,0.27671394237580976,0.0,1.0,0.6229602627068973
2022-10-14,11.212295532226562,12.507734454446556,11.20873269036863,0.5406381753125914,0.2717503967455333,50604.45362535119,53000.0,431,0.5140717887834131,0.1164941614243874,1.0,0.3815459129970712,4513,2,2,2,22.424591064453125,0.8982861594364818,0.5178551427270903,0.0,1.0,0.657888334869186
2022-10-17,11.872429847717285,12.447229253805672,11.207262200504825,0.5859017621699573,0.29020779941786706,50582.02903428674,53000.0,433,0.4087370089932997,0.0,0.0,0.0,4260,0,0,0,0.0,0.8983084855302291,0.23089452052658418,0.0,1.0,0.6824202156329244
2022-10-18,11.95132827758789,12.400000589403978,11.210818063843684,0.5860627075897215,0.29256120093701526,50582.02903428674,53000.0,433,0.3939946953557748,0.0,0.0,0.0,4232,0,0,0,0.0,0.8986943348073222,0.18091624616513577,0.0,1.0,0.669345039922927
2022-10-19,12.035216331481934,12.365259231506641,11.262071964854613,0.5862023675772396,0.28753549921504085,50582.02903428674,53000.0,433,0.37156635344822087,0.0,0.0,0.0,4202,0,0,0,0.0,0.8989781651463703,0.13345571404753065,0.0,1.0,0.6989275213482222
2022-10-20,12.17802906036377,12.347427786635892,11.254689310268382,0.5593153169833813,0.2873795460402213,50582.02903428674,53000.0,433,0.3643255465591743,0.0,0.0,0.0,4153,0,0,0,0.0,0.8991238446865407,0.06859676735889458,0.0,1.0,0.62188333828364
2022-10-21,12.449673652648926,12.357165488160945,11.267051200941665,0.5651776974392667,0.2935670506467431,50582.02903428674,53000.0,433,0.19379746556015376,0.0,0.0,0.0,4062,0,0,0,0.0,0.8990442895023832,0.0,0.0,0.0,0.6043401788284017
2022-10-24,12.582499504089355,12.378625870630318,11.27520987909235,0.5592805156080662,0.2928168179364112,50582.02903428674,53000.0,433,0.19627057955774543,0.0,0.0,0.0,4020,0,0,0,0.0,0.8988689622267372,0.0,0.0,0.0,0.5916677861080628
2022-10-25,13.243633270263672,12.461007527738257,11.2676164456191,0.5859781829854983,0.29657454894232455,50582.02903428674,53000.0,433,0.1850650937207912,0.0,0.0,0.0,3819,0,0,0,0.0,0.8981959196318743,0.0,0.0,0.0,0.6465173907518238
2022-10-26,12.879109382629395,12.500826752013603,11.292493519266646,0.5900572484275286,0.2919068476170928,50582.02903428674,53000.0,433,0.17735656895394628,0.0,0.0,0.0,3927,0,0,0,0.0,0.8978706040826059,0.0,0.0,0.0,0.6844907123748287
2022-10-27,13.158743858337402,12.563485524044442,11.292296748188509,0.5726751646709719,0.28102759554075557,50582.02903428674,53000.0,433,0.17444391127800674,0.0,0.0,0.0,3843,0,0,0,0.0,0.8973586937375237,0.0,0.0,0.0,0.6981581576506326
2022-10-28,13.815881729125977,12.682761353099826,11.250828807949265,0.5930677654821306,0.2836314157088566,50582.02903428674,53000.0,433,0.16523772789803032,0.0,0.0,0.0,3661,0,0,0,0.0,0.8963842327190147,0.0,0.0,0.0,0.742483767768124
2022-10-31,13.479324340820312,12.75862449478749,11.247775316788177,0.5963430225754751,0.2746459869702831,50582.02903428674,53000.0,433,0.1516316791598908,0.0,0.0,0.0,3752,0,0,0,0.0,0.8957644451652267,0.0,0.0,0.0,0.8094293832396926
2022-11-01,13.52526569366455,12.831637942299592,11.275589190649196,0.5689018823601165,0.25483752200458204,51082.02903428674,53500.0,433,0.14158332134324556,0.0,0.0,0.0,3776,0,0,0,0.0,0.896147677962323,0.0,0.0,0.0,0.8603418297178373
2022-11-02,13.201687812805176,12.866880787109647,11.30985107955711,0.576259324514032,0.27096647007470226,51082.02903428674,53500.0,433,0.15910497138202384,0.0,0.0,0.0,3869,0,0,0,0.0,0.8958624414800285,0.0,0.0,0.0,0.7722344156799303
2022-11-03,13.403424263000488,12.917980165765917,11.330588686139432,0.5779446524887587,0.27113716283415135,51082.02903428674,53500.0,433,0.15814739880492917,0.0,0.0,0.0,3811,0,0,0,0.0,0.8954488708079132,0.0,0.0,0.0,0.7762985298892022
2022-11-04,14.13746166229248,13.034121260673208,11.298866011582748,0.5196456783675525,0.25423803246145266,51082.02903428674,53500.0,433,0.17242249666617934,0.0,0.0,0.0,3613,0,0,0,0.0,0.8945088877407197,0.0,0.0,0.0,0.7032780702153625
2022-11-07,14.282271385192871,13.152992701103653,11.320442574380241,0.4952608180082282,0.253114327944537,51082.02903428674,53500.0,433,0.186629975159629,0.0,0.0,0.0,3576,0,0,0,0.0,0.893546806736862,0.0,0.0,0.0,0.6305570359913635
2022-11-08,14.582878112792969,13.289172264121683,11.361795610769875,0.4918762183576751,0.250876852758335,51082.02903428674,53500.0,433,0.18558426766911373,0.0,0.0,0.0,3502,0,0,0,0.0,0.8924446431707534,0.0,0.0,0.0,0.6338567872032497
2022-11-09,13.75795841217041,13.333818563935848,11.484078221474952,0.5457213172887353,0.2643350526761048,51082.02903428674,53500.0,433,0.16814481226823907,0.0,0.0,0.0,3712,0,0,0,0.0,0.8920833002208557,0.0,0.0,0.0,0.720421714045302
2022-11-10,15.729372024536133,13.561966512564446,11.410488931544412,0.7179489551662775,0.3149232067307004,51082.02903428674,53500.0,433,0.13162307629250938,0.0,0.0,0.0,3247,0,0,0,0.0,0.8902367943936372,0.0,0.0,0.0,0.8997990087263181
2022-11-11,16.305620193481445,13.82326686312797,11.454634130958274,0.6622965352798692,0.29785488208728866,51082.02903428674,53500.0,433,0.14025028892340896,0.0,0.0,0.0,3132,0,0,0,0.0,0.8881219709956185,0.0,0.0,0.0,0.8529620046252875
2022-11-14,16.273656845092773,14.056637337600808,11.487438119976712,0.6496453605436134,0.29137759861482243,51082.02903428674,53500.0,433,0.13858741512400738,0.0,0.0,0.0,3138,0,0,0,0.0,0.8862331968751187,0.0,0.0,0.0,0.8579710189114207
2022-11-15,16.6441707611084,14.303069092220579,11.536927366957038,0.6488719503277596,0.2905963930395768,51082.02903428674,53500.0,433,0.13733397108435627,0.0,0.0,0.0,3069,0,0,0,0.0,0.8842387118330559,0.0,0.0,0.0,0.8607478902860664
2022-11-16,15.88916301727295,14.45412565651128,11.693107916632528,0.6856460779090721,0.29139651242651815,51082.02903428674,53500.0,433,0.11689465443432423,0.0,0.0,0.0,3214,0,0,0,0.0,0.8830161418828153,0.0,0.0,0.0,0.9608049761233055
2022-11-17,15.656466484069824,14.568634306754952,11.873572342319335,0.6935826769026091,0.28934220221865026,51082.02903428674,53500.0,433,0.109214334388858,0.0,0.0,0.0,3262,0,0,0,0.0,0.8820893709378524,0.0,0.0,0.0,0.9975847271969516
2022-11-18,15.38882064819336,14.646747291653849,12.046128977482711,0.7010191374784441,0.27973827458827494,51082.02903428674,53500.0,433,0.10851000837289454,0.0,0.0,0.0,3319,0,0,0,0.0,0.8814571667796988,0.0,0.0,0.0,1.0
2022-11-21,15.296940803527832,14.708670483260896,12.226097573398894,0.7037772177376078,0.27862295333338416,51082.02903428674,53500.0,433,0.10833459791143574,0.0,0.0,0.0,3339,0,0,0,0.0,0.8809559940326736,0.0,0.0,0.0,1.0
2022-11-22,16.016996383666992,14.833272949966238,12.344032488660755,0.6997196060717654,0.2769714999333895,51082.02903428674,53500.0,433,0.10798163522303955,0.0,0.0,0.0,3189,0,0,0,0.0,0.8799475292086845,0.0,0.0,0.0,1.0
2022-11-23,16.497365951538086,14.991757997734986,12.525105634489393,0.6880195179517666,0.2750213682695786,51082.02903428674,53500.0,433,0.10753269299893947,0.0,0.0,0.0,3096,0,0,0,0.0,0.8786648371398271,0.0,0.0,0.0,1.0
2022-11-25,16.248687744140625,15.111465592630761,12.705073392941065,0.6944248715887184,0.2733452567659312,51082.02903428674,53500.0,433,0.10719359606423934,0.0,0.0,0.0,3143,0,0,0,0.0,0.8776959887549697,0.0,0.0,0.0,1.0
2022-11-28,15.80627155303955,15.17763758886017,12.814355448589376,0.6917510688663503,0.2681311111876421,51082.02903428674,53500.0,433,0.10700614997024743,0.0,0.0,0.0,3231,0,0,0,0.0,0.8771604284864214,0.0,0.0,0.0,1.0
2022-11-29,15.61851978302002,15.219626369256346,12.975747305290621,0.6854891484389855,0.26650138459527084,51082.02903428674,53500.0,433,0.10688720792035888,0.0,0.0,0.0,3270,0,0,0,0.0,0.8768205940581683,0.0,0.0,0.0,1.0
2022-11-30,16.905162811279297,15.380153649449008,13.162569055058686,0.7337253229684425,0.2855665155934932,51082.02903428674,53500.0,433,0.10643248064347666,0.0,0.0,0.0,3021,0,0,0,0.0,0.8755213732670762,0.0,0.0,0.0,1.0
2022-12-01,17.11693572998047,15.54556146664248,13.450573204507576,0.7212327025962703,0.26640983956429953,51582.02903428674,54000.0,433,0.10637166962463573,0.0,0.0,0.0,3013,0,0,0,0.0,0.8753476274989593,0.0,0.0,0.0,1.0
2022-12-02,16.85820960998535,15.670575575532277,13.769791467571903,0.7285562294276307,0.26154477068442755,51582.02903428674,54000.0,433,0.10602081984311262,0.0,0.0,0.0,3059,0,0,0,0.0,0.8743451995517505,0.0,0.0,0.0,1.0
2022-12-05,16.59249496459961,15.758377422110119,13.983307953900898,0.71720333035392,0.2709710522764038,51582.02903428674,54000.0,433,0.10577440558665208,0.0,0.0,0.0,3108,0,0,0,0.0,0.873641158819006,0.0,0.0,0.0,1.0
2022-12-06,15.970148086547852,15.778546056818474,14.169239574982528,0.7358610047644006,0.2766377529822687,51582.02903428674,54000.0,433,0.10571780268683628,0.0,0.0,0.0,3229,0,0,0,0.0,0.8734794362481038,0.0,0.0,0.0,1.0
2022-12-07,16.103008270263672,15.80944722000373,14.335674423148676,0.7339258232809499,0.2765749468256926,51582.02903428674,54000.0,433,0.10563107914460063,0.0,0.0,0.0,3203,0,0,0,0.0,0.873231654698859,0.0,0.0,0.0,1.0
2022-12-08,17.150901794433594,15.93720479852086,14.831249805759844,0.723456295130892,0.26430421679864113,51582.02903428674,54000.0,433,0.10527252986637337,0.0,0.0,0.0,3007,0,0,0,0.0,0.8722072281896383,0.0,0.0,0.0,1.0
2022-12-09,16.983078002929688,16.03681177036932,14.902245780520257,0.5344256155934444,0.17906925167365217,51582.02903428674,54000.0,433,0.10499298474445423,0.0,0.0,0.0,3037,0,0,0,0.0,0.8714085278412979,0.0,0.0,0.0,1.0
2022-12-12,17.516517639160156,16.177736138825587,14.91257680056833,0.5305493300000736,0.18343921578325872,51582.02903428674,54000.0,433,0.10459748311409223,0.0,0.0,0.0,2944,0,0,0,0.0,0.8702785231831207,0.0,0.0,0.0,1.0
2022-12-13,18.052949905395508,16.35632792611796,14.875083737251018,0.5381595383548297,0.1819525912865887,51582.02903428674,54000.0,433,0.10409626857031151,0.0,0.0,0.0,2857,0,0,0,0.0,0.8688464816294615,0.0,0.0,0.0,1.0
2022-12-14,17.655370712280273,16.480046286704848,14.900207567016208,0.5428253284601885,0.18103032996031904,51582.02903428674,54000.0,433,0.10374905528240519,0.0,0.0,0.0,2921,0,0,0,0.0,0.8678544436640149,0.0,0.0,0.0,1.0
2022-12-15,16.93412971496582,16.523292327491607,14.954728315019945,0.5376520059680596,0.199922934467738,51582.02903428674,54000.0,433,0.10362768606978973,0.0,0.0,0.0,3046,0,0,0,0.0,0.8675076744851136,0.0,0.0,0.0,1.0
2022-12-16,16.55352783203125,16.526171899352523,15.010996171484983,0.541901802763102,0.20319865244030386,51582.02903428674,54000.0,433,0.1036196046046875,0.0,0.0,0.0,3116,0,0,0,0.0,0.8674845845848215,0.0,0.0,0.0,1.0
2022-12-19,16.23686981201172,16.49861931960578,15.07727522681484,0.5429659773547985,0.20378256358472824,51582.02903428674,54000.0,433,0.2814605650153064,0.0,0.0,0.0,3176,0,0,0,0.0,0.8677055154557537,0.07932467030226481,0.0,1.0,1.0
2022-12-20,16.06804656982422,16.457612391055154,15.148331829443435,0.5441869263855245,0.2038695470311734,51582.02903428674,54000.0,433,0.29523601872235344,0.0,0.0,0.0,3210,0,0,0,0.0,0.8680343302717244,0.11835429464928557,0.0,1.0,1.0
2022-12-21,16.483604431152344,16.460087823445363,15.181602799398206,0.5263240389757754,0.2051861873599831,51582.02903428674,54000.0,433,0.10380506833994174,0.0,0.0,0.0,3129,0,0,0,0.0,0.8680144809712622,0.0,0.0,0.0,1.0
2022-12-22,15.322831153869629,16.35177766443815,14.939469927710336,0.5738999896594685,0.20812971971589747,51582.02903428674,54000.0,433,0.36422895544591966,0.0,0.0,0.0,3366,0,0,0,0.0,0.8688829679870053,0.3146283332870509,0.0,1.0,1.0
2022-12-23,15.189970970153809,16.24112940783964,14.698616257140182,0.5725725790103503,0.21014435720773442,51582.02903428674,54000.0,433,0.36768307755996016,0.0,0.0,0.0,3395,0,0,0,0.0,0.8697702030815821,0.323610018518304,0.0,1.0,1.0
2022-12-27,14.10611629486084,16.037794825651183,14.168544382501802,0.617268641601411,0.20444788407634387,51582.02903428674,54000.0,433,0.6157696668591415,0.3013993942893481,1.0,0.5109795760025437,3656,3,3,3,42.31834888458252,0.8714006451943155,0.6022269744032316,1.0,1.0,1.0
2022-12-28,14.021203994750977,15.845738556041638,13.706190530128524,0.6167476517544815,0.20773458716772406,51539.710685402155,54000.0,436,0.4567223259599143,0.012222410836207795,1.0,0.3085556875853455,3675,2,2,2,28.042407989501953,0.8720603331401082,0.5757177410310755,0.0,1.0,1.0
2022-12-29,14.587607383728027,15.725916539630818,13.456510375098059,0.5528543598683974,0.18329653905721552,51511.66827741265,54000.0,438,0.3820283613632252,0.0,0.0,0.0,3531,0,0,0,0.0,0.8724453436229945,0.3619214031290775,0.0,1.0,1.0
2022-12-30,14.598594665527344,15.618552551620963,13.26779747566269,0.5489712173309357,0.18315340566964358,51511.66827741265,54000.0,438,0.36994310507179645,0.0,0.0,0.0,3528,0,0,0,0.0,0.8733161848590744,0.3265212582032014,0.0,1.0,1.0
2023-01-03,14.299910545349121,15.492967598642693,13.02895421540373,0.550299649375926,0.18307203308639983,52011.66827741265,54500.0,438,0.3911818299392556,0.0,0.0,0.0,3637,0,0,0,0.0,0.8754877099411835,0.3850318041709753,0.0,1.0,1.0
2023-01-04,14.733451843261719,15.420632764796885,12.907567096503962,0.5653606016627324,0.17794169882531224,52011.66827741265,54500.0,438,0.334608423645301,0.0,0.0,0.0,3530,0,0,0,0.0,0.8760690431012654,0.22281216731388043,0.0,1.0,1.0
2023-01-05,14.24996280670166,15.309140387835436,12.686724886057306,0.562052896956659,0.17560816997372128,52011.66827741265,54500.0,438,0.37801320651060905,0.0,0.0,0.0,3649,0,0,0,0.0,0.8769650735803317,0.3459298021642655,0.0,1.0,1.0
2023-01-06,14.843337059020996,15.264778166043584,12.608430157618056,0.5845840768996249,0.19594368057475423,52011.66827741265,54500.0,438,0.30537783361005216,0.0,0.0,0.0,3504,0,0,0,0.0,0.8773215993261084,0.13804363955975504,0.0,1.0,1.0
2023-01-09,15.611525535583496,15.297801725047385,12.720755042158048,0.565484170677875,0.19368176919879235,52011.66827741265,54500.0,438,0.10696966964312354,0.0,0.0,0.0,3331,0,0,0,0.0,0.8770561989803531,0.0,0.0,0.0,1.0
2023-01-10,15.892229080200195,15.354413854109557,12.846236776837557,0.5703382561904682,0.19397025078441507,52011.66827741265,54500.0,438,0.10681042855348633,0.0,0.0,0.0,3272,0,0,0,0.0,0.8766012244385324,0.0,0.0,0.0,1.0
2023-01-11,15.984130859375,15.414386902230076,13.057498009605114,0.5571149922957863,0.19262398596783978,52011.66827741265,54500.0,438,0.1066417337227179,0.0,0.0,0.0,3253,0,0,0,0.0,0.8761192392077656,0.0,0.0,0.0,1.0
2023-01-12,16.49359703063965,15.517168819221464,13.416729597913257,0.5581603620736939,0.1911129538467513,52011.66827741265,54500.0,438,0.1063526242204284,0.0,0.0,0.0,3153,0,0,0,0.0,0.875293212058367,0.0,0.0,0.0,1.0
2023-01-13,16.881187438964844,15.64707535443512,13.690817993842838,0.5619475510328946,0.19048963345612635,52011.66827741265,54500.0,438,0.10598721739752465,0.0,0.0,0.0,3081,0,0,0,0.0,0.8742491925643563,0.0,0.0,0.0,1.0
2023-01-17,17.683340072631836,15.841005327596713,13.741973005418826,0.5676762692939393,0.16639017103128884,52011.66827741265,54500.0,438,0.10544172262898022,0.0,0.0,0.0,2941,0,0,0,0.0,0.8726906360828007,0.0,0.0,0.0,1.0
2023-01-18,17.35868263244629,15.985546023296672,13.772980753105093,0.5654309975700308,0.17142808702380363,52011.66827741265,54500.0,438,0.10503515219502052,0.0,0.0,0.0,2996,0,0,0,0.0,0.8715290062714873,0.0,0.0,0.0,1.0
2023-01-19,16.747325897216797,16.058096487479542,13.800002511185859,0.5765532254370551,0.170429851584036,52011.66827741265,54500.0,438,0.10483107905448413,0.0,0.0,0.0,3105,0,0,0,0.0,0.8709459401556691,0.0,0.0,0.0,1.0
2023-01-20,17.8201961517334,16.225915503122767,13.758243968321413,0.6143473582380327,0.18177390540851002,52011.66827741265,54500.0,438,0.10435903033708771,0.0,0.0,0.0,2918,0,0,0,0.0,0.8695972295345363,0.0,0.0,0.0,1.0
2023-01-23,19.172773361206055,16.50656863246403,13.593706365109853,0.6598945636666839,0.17926180013958923,52011.66827741265,54500.0,438,0.10356959685583966,0.0,0.0,0.0,2712,0,0,0,0.0,0.8673417053023992,0.0,0.0,0.0,1.0
2023-01-24,19.244693756103516,16.76734245376303,13.480062832445906,0.591341804006157,0.16903028524952046,52011.66827741265,54500.0,438,0.10283608076767203,0.0,0.0,0.0,2702,0,0,0,0.0,0.8652459450504916,0.0,0.0,0.0,1.0
2023-01-25,19.302631378173828,17.00879854180215,13.427193858639068,0.5873357141422019,0.1688139893530802,52011.66827741265,54500.0,438,0.10215690245030695,0.0,0.0,0.0,2694,0,0,0,0.0,0.8633054355723057,0.0,0.0,0.0,1.0
2023-01-26,19.7811279296875,17.272829912076944,13.490018764009687,0.4970578892116054,0.1698354916641616,52011.66827741265,54500.0,438,0.1014142233849285,0.0,0.0,0.0,2629,0,0,0,0.0,0.8611834953855101,0.0,0.0,0.0,1.0
2023-01-27,20.34353256225586,17.565277783522554,13.590663014870389,0.4904288906712751,0.16037262698829238,52011.66827741265,54500.0,438,0.10059161313368792,0.0,0.0,0.0,2556,0,0,0,0.0,0.8588331803819655,0.0,0.0,0.0,1.0
2023-01-30,19.141803741455078,17.71542311284946,13.748206677701255,0.556180504491418,0.1621450959520492,52011.66827741265,54500.0,438,0.10016927773945278,0.0,0.0,0.0,2717,0,0,0,0.0,0.857626507827008,0.0,0.0,0.0,1.0
2023-01-31,19.516408920288086,17.88694557070076,13.939257469028277,0.5541279780131961,0.16689317755515534,52011.66827741265,54500.0,438,0.09968681181672606,0.0,0.0,0.0,2665,0,0,0,0.0,0.8562480337620746,0.0,0.0,0.0,1.0
2023-02-01,20.92092514038086,18.17589600590839,14.16175038198923,0.5720764028337184,0.16667671093775563,52511.66827741265,55000.0,438,0.0993388207689862,0.0,0.0,0.0,2510,0,0,0,0.0,0.855253773625675,0.0,0.0,0.0,1.0
2023-02-02,21.686113357543945,18.51020242034987,14.335254152279752,0.5740273917017225,0.17071018611201008,52511.66827741265,55000.0,438,0.09840701761746112,0.0,0.0,0.0,2421,0,0,0,0.0,0.8525914789070319,0.0,0.0,0.0,1.0
2023-02-03,21.077756881713867,18.75473141667025,14.734346222425724,0.5684221430430892,0.1691822597049031,52511.66827741265,55000.0,438,0.09772544861499,0.0,0.0,0.0,2491,0,0,0,0.0,0.8506441388999715,0.0,0.0,0.0,1.0
2023-02-06,21.0667724609375,18.97492580183856,15.112674716467655,0.5671973841469501,0.15771394184508136,52511.66827741265,55000.0,438,0.09711170681051179,0.0,0.0,0.0,2492,0,0,0,0.0,0.8488905908871766,0.0,0.0,0.0,1.0
2023-02-07,22.149625778198242,19.277278180539483,15.368695235736876,0.5669229667457472,0.16107621734145147,52511.66827741265,55000.0,438,0.09626896827133263,0.0,0.0,0.0,2370,0,0,0,0.0,0.8464827664895219,0.0,0.0,0.0,1.0
2023-02-08,22.181594848632812,19.553879767976944,15.656683903208727,0.5700554579856849,0.1683909187662329,52511.66827741265,55000.0,438,0.09549800421034788,0.0,0.0,0.0,2367,0,0,0,0.0,0.8442800120295654,0.0,0.0,0.0,1.0
2023-02-09,22.313453674316406,19.816696330485467,16.00144650429776,0.5700119727280747,0.168350460928173,52511.66827741265,55000.0,438,0.09476546277339226,0.0,0.0,0.0,2353,0,0,0,0.0,0.8421870364954066,0.0,0.0,0.0,1.0
2023-02-10,21.24258041381836,19.952494814612407,16.351544186078815,0.6121068919018833,0.16821654869533936,52511.66827741265,55000.0,438,0.09438695536218028,0.0,0.0,0.0,2472,0,0,0,0.0,0.8411055867490866,0.0,0.0,0.0,1.0
2023-02-13,21.765033721923828,20.125117567689685,16.693951515068786,0.6123580819492115,0.17179383131050646,52511.66827741265,55000.0,438,0.09390580867042125,0.0,0.0,0.0,2412,0,0,0,0.0,0.8397308819154894,0.0,0.0,0.0,1.0
2023-02-14,22.946786880493164,20.393847978432873,16.912138375548906,0.6178027459200878,0.1713941211248934,52511.66827741265,55000.0,438,0.09315678372556796,0.0,0.0,0.0,2288,0,0,0,0.0,0.83759081064448,0.0,0.0,0.0,1.0
2023-02-15,22.740005493164062,20.617291551264415,17.259542720189142,0.612209284909759,0.15857562818713616,52511.66827741265,55000.0,438,0.09253398554893022,0.0,0.0,0.0,2309,0,0,0,0.0,0.8358113872826579,0.0,0.0,0.0,1.0
2023-02-16,21.97880744934082,20.7469597320336,17.856605323939068,0.6103659368099228,0.16528555419089666,52511.66827741265,55000.0,438,0.09217256496507725,0.0,0.0,0.0,2389,0,0,0,0.0,0.8347787570430779,0.0,0.0,0.0,1.0
2023-02-17,21.365455627441406,20.805864103024817,18.277911889737968,0.5982623376746486,0.15418441248808995,52511.66827741265,55000.0,438,0.09200838241829629,0.0,0.0,0.0,2457,0,0,0,0.0,0.8343096640522751,0.0,0.0,0.0,1.0
2023-02-21,20.633224487304688,20.789422234860996,18.402913249270608,0.5635829431289937,0.1664645636055412,52511.66827741265,55000.0,438,0.25520253433642953,0.0,0.0,0.0,2545,0,0,0,0.0,0.8344406011114706,0.03756663984975659,0.0,1.0,1.0
2023-02-22,20.73212242126465,20.783965109756583,18.549059563172577,0.5635822697680735,0.16652588970209456,52511.66827741265,55000.0,438,0.24643455065602898,0.0,0.0,0.0,2532,0,0,0,0.0,0.834484059671393,0.012471799345832684,0.0,1.0,1.0
2023-02-23,23.639055252075195,21.05587845664407,18.733572530702506,0.7416405888576187,0.16770995225495425,52511.66827741265,55000.0,438,0.09131152422902661,0.0,0.0,0.0,2221,0,0,0,0.0,0.8323186406543618,0.0,0.0,0.0,1.0
2023-02-24,23.26145362854004,21.265933234919878,18.92065436741905,0.7458269801539011,0.16639401897880576,52511.66827741265,55000.0,438,0.09072604427430508,0.0,0.0,0.0,2257,0,0,0,0.0,0.8306458407837289,0.0,0.0,0.0,1.0
2023-02-27,23.476226806640625,21.476437384607568,19.049228781104624,0.7423486472885905,0.16657099427453112,52511.66827741265,55000.0,438,0.09013931179890289,0.0,0.0,0.0,2236,0,0,0,0.0,0.8289694622825797,0.0,0.0,0.0,1.0
2023-02-28,23.1915225982666,21.639778833527476,19.44356824137469,0.7036286641704685,0.1607701672081093,52511.66827741265,55000.0,438,0.08968403463309521,0.0,0.0,0.0,2264,0,0,0,0.0,0.8276686703802721,0.0,0.0,0.0,1.0
2023-03-01,22.674074172973633,21.738283151569966,19.82619704644754,0.7121497651247856,0.15089615300321343,53011.66827741265,55500.0,438,0.08995533680836615,0.0,0.0,0.0,2337,0,0,0,0.0,0.8284438194524748,0.0,0.0,0.0,1.0
2023-03-02,23.289426803588867,21.88601111842891,19.97553368583544,0.675972828666386,0.1481967739472474,53011.66827741265,55500.0,438,0.08954728820801522,0.0,0.0,0.0,2276,0,0,0,0.0,0.827277966308615,0.0,0.0,0.0,1.0
2023-03-03,23.864818572998047,22.074468971245018,20.036118337497907,0.6701870594176941,0.1503901743763578,53011.66827741265,55500.0,438,0.08902673705780428,0.0,0.0,0.0,2221,0,0,0,0.0,0.8257906773080123,0.0,0.0,0.0,1.0
2023-03-06,23.529176712036133,22.21301256560608,20.18413005586212,0.6626663115068572,0.1469193801971269,53011.66827741265,55500.0,438,0.0886440571836502,0.0,0.0,0.0,2253,0,0,0,0.0,0.8246973062390007,0.0,0.0,0.0,1.0
2023-03-07,23.26740074157715,22.313430487127132,20.35188384924806,0.6651795893446119,0.15457309261319047,53011.66827741265,55500.0,438,0.08836668660042174,0.0,0.0,0.0,2278,0,0,0,0.0,0.823904818858348,0.0,0.0,0.0,1.0
2023-03-08,24.159610748291016,22.48925717866655,20.403852115311967,0.654836651986358,0.14553540524668918,53011.66827741265,55500.0,438,0.08788102476595344,0.0,0.0,0.0,2194,0,0,0,0.0,0.8225172136170099,0.0,0.0,0.0,1.0
2023-03-09,23.415271759033203,22.577449043463375,20.47282845055567,0.6671323951807762,0.1537232129885063,53011.66827741265,55500.0,438,0.08763742453400114,0.0,0.0,0.0,2263,0,0,0,0.0,0.821821212954289,0.0,0.0,0.0,1.0
2023-03-10,22.94468879699707,22.612424258085632,20.511657959743815,0.672256521639595,0.15808489105220652,53011.66827741265,55500.0,438,0.08754081731955804,0.0,0.0,0.0,2310,0,0,0,0.0,0.8215451923415945,0.0,0.0,0.0,1.0
2023-03-13,22.94568634033203,22.64416350401386,20.658203876793472,0.6457839782906862,0.15710156363237443,53011.66827741265,55500.0,438,0.08745314837539953,0.0,0.0,0.0,2310,0,0,0,0.0,0.8212947096439988,0.0,0.0,0.0,1.0
2023-03-14,24.041717529296875,22.777263887374147,20.777962601762155,0.6603682451285308,0.164053813073326,53011.66827741265,55500.0,438,0.08708550353271244,0.0,0.0,0.0,2204,0,0,0,0.0,0.8202442958077499,0.0,0.0,0.0,1.0
2023-03-15,24.206571578979492,22.913388429431798,20.830872082473395,0.6351185470404704,0.16449262122736022,53011.66827741265,55500.0,438,0.0867095054732992,0.0,0.0,0.0,2189,0,0,0,0.0,0.8191700156379977,0.0,0.0,0.0,1.0
2023-03-16,25.518407821655273,23.161485514405463,20.792039706643056,0.6579575154553025,0.17909006910719535,53011.66827741265,55500.0,438,0.08602422109264218,0.0,0.0,0.0,2077,0,0,0,0.0,0.8172120602646921,0.0,0.0,0.0,1.0
2023-03-17,25.702247619628906,23.40346285776008,20.830769970238492,0.6407518566994125,0.17698045419140465,53011.66827741265,55500.0,438,0.08535584043072753,0.0,0.0,0.0,2062,0,0,0,0.0,0.8153024012306502,0.0,0.0,0.0,1.0
2023-03-20,25.877090454101562,23.63904643836403,20.987959664078677,0.6262104736282083,0.18121440232540434,53011.66827741265,55500.0,438,0.08470512037835659,0.0,0.0,0.0,2048,0,0,0,0.0,0.813443201081019,0.0,0.0,0.0,1.0
2023-03-21,26.17582893371582,23.880644771254676,21.34314028073979,0.6036451851268553,0.17423941132290868,53011.66827741265,55500.0,438,0.0840377866048046,0.0,0.0,0.0,2025,0,0,0,0.0,0.8115365331565847,0.0,0.0,0.0,1.0
2023-03-22,26.444591522216797,24.124830176108212,21.759050861283527,0.6030165976995726,0.1839136284510586,53011.66827741265,55500.0,438,0.08336330691896593,0.0,0.0,0.0,2004,0,0,0,0.0,0.8096094483399028,0.0,0.0,0.0,1.0
2023-03-23,27.166948318481445,24.414555713477093,21.68888539463238,0.37805227731400526,0.18309439053145649,53011.66827741265,55500.0,438,0.13843063338417758,0.0,0.0,0.0,1951,0,0,0,0.0,0.8073229657206673,0.0,0.0,0.0,0.7206620230902798
2023-03-24,26.755311965942383,24.63748488037855,21.73831211678095,0.3773937354149806,0.18059541845362445,53011.66827741265,55500.0,438,0.1336607178187421,0.0,0.0,0.0,1981,0,0,0,0.0,0.8055636328359315,0.0,0.0,0.0,0.7414327683691695
2023-03-27,26.507532119750977,24.81558461746164,21.81181166321906,0.3818123753722556,0.18035205282160516,53011.66827741265,55500.0,438,0.12861545546232733,0.0,0.0,0.0,1999,0,0,0,0.0,0.8041580889648974,0.0,0.0,0.0,0.7641993783769334
2023-03-28,26.386640548706055,24.965208991865868,21.933504921369746,0.3778769807216104,0.18009986945666248,53011.66827741265,55500.0,438,0.13134997085466585,0.0,0.0,0.0,2009,0,0,0,0.0,0.8029772695777072,0.0,0.0,0.0,0.7484603674876582
2023-03-29,26.960132598876953,25.155201716343115,22.133544514271442,0.365091466170271,0.1858815170780491,53011.66827741265,55500.0,438,0.15316583832984215,0.0,0.0,0.0,1966,0,0,0,0.0,0.8014778675358868,0.0,0.0,0.0,0.636757076538591
2023-03-30,27.358779907226562,25.365066305951064,22.269349409929237,0.359516273674707,0.18512440704021085,53011.66827741265,55500.0,438,0.15626669787852204,0.0,0.0,0.0,1937,0,0,0,0.0,0.7998216388827646,0.0,0.0,0.0,0.6183543786522276
2023-03-31,27.752431869506836,25.592434454861138,22.35456904709509,0.35511955864321515,0.1833498981441602,53011.66827741265,55500.0,438,0.15650275023644794,0.0,0.0,0.0,1910,0,0,0,0.0,0.7980272740319067,0.0,0.0,0.0,0.6140339783735969
2023-04-03,27.940265655517578,25.816037426352228,22.502018916283646,0.3456744452400746,0.1836270695466217,53511.66827741265,56000.0,438,0.1655817862377554,0.0,0.0,0.0,1915,0,0,0,0.0,0.7980817072724594,0.0,0.0,0.0,0.5687340565380268
2023-04-04,27.4287166595459,25.969625924751625,22.744656351749942,0.35206138454248925,0.17532005156480387,53511.66827741265,56000.0,438,0.14422368538845598,0.0,0.0,0.0,1950,0,0,0,0.0,0.7968804258028355,0.0,0.0,0.0,0.673422318212682
2023-04-05,26.857221603393555,26.05415884652705,22.89024854497608,0.3481531491892589,0.17588449870067469,53511.66827741265,56000.0,438,0.14876975407566942,0.0,0.0,0.0,1992,0,0,0,0.0,0.7962192575932349,0.0,0.0,0.0,0.6495349304098137
2023-04-06,27.013086318969727,26.14548527247397,23.17801151422232,0.32063343585521664,0.1597425918117577,53511.66827741265,56000.0,438,0.14389537727703453,0.0,0.0,0.0,1980,0,0,0,0.0,0.7955049544760072,0.0,0.0,0.0,0.6726567839478399
2023-04-10,27.554609298706055,26.27968756068655,23.646587274972184,0.30638128103594536,0.14702279743028582,53511.66827741265,56000.0,438,0.13074215190403088,0.0,0.0,0.0,1942,0,0,0,0.0,0.7944553008646302,0.0,0.0,0.0,0.7365860169929483
2023-04-11,27.144969940185547,26.362095406353124,24.24627654377799,0.3167954028157261,0.14649673699053778,53511.66827741265,56000.0,438,0.11742141002618842,0.0,0.0,0.0,1971,0,0,0,0.0,0.7938107537860238,0.0,0.0,0.0,0.8020617689945995
2023-04-12,26.471567153930664,26.372521287074797,24.61130100027942,0.30227639316419924,0.1398894663748304,53511.66827741265,56000.0,438,0.11766803633736495,0.0,0.0,0.0,2021,0,0,0,0.0,0.793729208504665,0.0,0.0,0.0,0.800685933196339
2023-04-13,26.439594268798828,26.37890919009613,25.040502186295594,0.30297264183157296,0.14073162530317188,53511.66827741265,56000.0,438,0.11898110541132426,0.0,0.0,0.0,2023,0,0,0,0.0,0.7936792459774624,0.0,0.0,0.0,0.7940331534039378
2023-04-14,26.734331130981445,26.412758898751875,25.210752423136164,0.24187433869956723,0.13109507672563825,53511.66827741265,56000.0,438,0.17019008613269287,0.0,0.0,0.0,2001,0,0,0,0.0,0.7934144928990479,0.0,0.0,0.0,0.5375249319098694
2023-04-17,26.978120803833008,26.466602889711982,25.38835466045664,0.24246927407890329,0.12140279323896531,53511.66827741265,56000.0,438,0.14467604452508334,0.0,0.0,0.0,1983,0,0,0,0.0,0.7929933559697527,0.0,0.0,0.0,0.6643581503216505
2023-04-18,27.642532348632812,26.578596171513965,25.564917802746635,0.254582267562195,0.11949673433556415,53511.66827741265,56000.0,438,0.12216546549193466,0.0,0.0,0.0,1935,0,0,0,0.0,0.7921174085156586,0.0,0.0,0.0,0.7753781374427291
2023-04-19,27.90629768371582,26.705043934580807,25.687011543632497,0.2538335844908857,0.11318498855048628,53511.66827741265,56000.0,438,0.103121017286051,0.0,0.0,0.0,1917,0,0,0,0.0,0.7911284063688144,0.0,0.0,0.0,0.8688696247151699
2023-04-20,27.080026626586914,26.740756571914723,25.766471144291614,0.27771545529768593,0.09532640930530079,53511.66827741265,56000.0,438,0.07679717888438342,0.0,0.0,0.0,1976,0,0,0,0.0,0.7908490825268099,0.0,0.0,0.0,1.0
2023-04-21,27.095014572143555,26.774495429079376,25.800658133725015,0.26020237734333157,0.09544644360897635,53511.66827741265,56000.0,438,0.07670481876289514,0.0,0.0,0.0,1974,0,0,0,0.0,0.7905851964654148,0.0,0.0,0.0,1.0
2023-04-24,27.018083572387695,26.797694299870646,25.836448958136362,0.2542992645701734,0.09473932667566036,53511.66827741265,56000.0,438,0.07664131185410406,0.0,0.0,0.0,1980,0,0,0,0.0,0.7904037481545831,0.0,0.0,0.0,1.0
2023-04-25,26.217790603637695,26.74246537641989,25.735138082747746,0.2742673667888784,0.11406274786450779,53511.66827741265,56000.0,438,0.2611266897257543,0.0,0.0,0.0,2041,0,0,0,0.0,0.7908357172344301,0.09809768198201081,0.0,1.0,1.0
2023-04-26,26.93215560913086,26.760531112868556,25.806276990903804,0.29063018188063994,0.11507203135717173,53511.66827741265,56000.0,438,0.07674304607852234,0.0,0.0,0.0,1986,0,0,0,0.0,0.7906944173672067,0.0,0.0,0.0,1.0
2023-04-27,27.20191764831543,26.80256792576826,25.851054515376035,0.2825034312424153,0.12433461855365471,53511.66827741265,56000.0,438,0.09794095815179579,0.0,0.0,0.0,1967,0,0,0,0.0,0.7903656294377411,0.0,0.0,0.0,0.893435060757068
2023-04-28,27.724456787109375,26.8903668649436,25.90748479975514,0.2858661562707366,0.12583446052857722,53511.66827741265,56000.0,438,0.09776034183366866,0.0,0.0,0.0,1930,0,0,0,0.0,0.789678916306334,0.0,0.0,0.0,0.8931363943677411
2023-05-01,28.884428024291992,27.08027745154821,25.852962019453642,0.3179546868785387,0.11621543113964893,54011.66827741265,56500.0,438,0.07652377817128597,0.0,0.0,0.0,1869,0,0,0,0.0,0.7900679376322457,0.0,0.0,0.0,1.0
2023-05-02,28.185047149658203,27.185493613272968,25.923266881281904,0.3307986853351946,0.12348015754743394,54011.66827741265,56500.0,438,0.07623829785991598,0.0,0.0,0.0,1916,0,0,0,0.0,0.78925227959976,0.0,0.0,0.0,1.0
2023-05-03,27.77741050720215,27.24186665079003,25.95836752861571,0.3281476101029451,0.12429510647007753,54011.66827741265,56500.0,438,0.07608534234396258,0.0,0.0,0.0,1944,0,0,0,0.0,0.7888152638398932,0.0,0.0,0.0,1.0
2023-05-04,27.53762435913086,27.270034051584396,25.99353145367308,0.32022250526290696,0.12661667072321894,54011.66827741265,56500.0,438,0.0760089164582674,0.0,0.0,0.0,1961,0,0,0,0.0,0.7885969041664784,0.0,0.0,0.0,1.0
2023-05-05,28.654632568359375,27.401900576991537,25.99264017884019,0.3489771652346739,0.14272727818653622,54011.66827741265,56500.0,438,0.0756511263990654,0.0,0.0,0.0,1884,0,0,0,0.0,0.7875746468544726,0.0,0.0,0.0,1.0
2023-05-08,29.125215530395508,27.56602581064906,25.950874598778693,0.346885196891854,0.14271106752240492,54011.66827741265,56500.0,438,0.07520580961464596,0.0,0.0,0.0,1854,0,0,0,0.0,0.7863023131847029,0.0,0.0,0.0,1.0
2023-05-09,28.545726776123047,27.659330664503724,25.977495505424198,0.3507594660531611,0.14379800659669256,54011.66827741265,56500.0,438,0.07495264794923145,0.0,0.0,0.0,1892,0,0,0,0.0,0.7855789941406613,0.0,0.0,0.0,1.0
2023-05-10,28.859455108642578,27.773628230612186,26.062687637177724,0.33617060708132573,0.14363567474439995,54011.66827741265,56500.0,438,0.08456927694786623,0.0,0.0,0.0,1871,0,0,0,0.0,0.7846929351325993,0.0,0.0,0.0,0.9503662517427176
2023-05-11,28.55272102355957,27.847827544226224,26.185327829586313,0.3399489005183983,0.13573413500965217,54011.66827741265,56500.0,438,0.07444120420301092,0.0,0.0,0.0,1891,0,0,0,0.0,0.7841177262943171,0.0,0.0,0.0,1.0
2023-05-12,28.31493377685547,27.892313852095675,26.28012014523547,0.3415954038582701,0.13565409908897957,54011.66827741265,56500.0,438,0.07432050064555273,0.0,0.0,0.0,1907,0,0,0,0.0,0.7837728589872937,0.0,0.0,0.0,1.0
2023-05-15,28.92738914489746,27.990892451410133,26.35536221689186,0.3473598622845142,0.13554278089326371,54011.66827741265,56500.0,438,0.07405302986192613,0.0,0.0,0.0,1867,0,0,0,0.0,0.7830086567483604,0.0,0.0,0.0,1.0
2023-05-16,29.18716049194336,28.104822740984723,26.37892040137921,0.33921368103110006,0.13725426008876865,54011.66827741265,56500.0,438,0.07374390573109807,0.0,0.0,0.0,1850,0,0,0,0.0,0.7821254449459946,0.0,0.0,0.0,1.0
2023-05-17,30.151309967041016,28.299726286323416,26.322086037679803,0.3551538008017396,0.14415409479460115,54011.66827741265,56500.0,438,0.07321507894347995,0.0,0.0,0.0,1791,0,0,0,0.0,0.7806145112670857,0.0,0.0,0.0,1.0
2023-05-18,31.649980545043945,28.618798120487273,26.143322654540444,0.36667407607199054,0.1459438223185919,54011.66827741265,56500.0,438,0.07234934952441235,0.0,0.0,0.0,1706,0,0,0,0.0,0.7781409986411782,0.0,0.0,0.0,1.0
2023-05-19,31.23634910583496,28.868088690520388,26.14602002788284,0.37350666679921235,0.14617262859593347,54011.66827741265,56500.0,438,0.07167295581846411,0.0,0.0,0.0,1729,0,0,0,0.0,0.7762084451956118,0.0,0.0,0.0,1.0
2023-05-22,31.148426055908203,29.085263677700176,26.224327341948143,0.37349775744901875,0.14618664941713738,54011.66827741265,56500.0,438,0.0710837004992666,0.0,0.0,0.0,1734,0,0,0,0.0,0.7745248585693332,0.0,0.0,0.0,1.0
2023-05-23,30.660856246948242,29.23532011286666,26.512574869978003,0.35811011137655696,0.14008974060391882,54011.66827741265,56500.0,438,0.07067655622473523,0.0,0.0,0.0,1761,0,0,0,0.0,0.7733615892135293,0.0,0.0,0.0,1.0
2023-05-24,30.510990142822266,29.356812496671953,26.727187030527695,0.35345462157142116,0.14219096706326695,54011.66827741265,56500.0,438,0.07034691405770244,0.0,0.0,0.0,1770,0,0,0,0.0,0.7724197544505785,0.0,0.0,0.0,1.0
2023-05-25,37.946407318115234,30.17486914633322,25.567514653728285,0.9136890355343018,0.12766863209349433,54011.66827741265,56500.0,438,0.06812730194455069,0.0,0.0,0.0,1423,0,0,0,0.0,0.7660780055558593,0.0,0.0,0.0,1.0
2023-05-26,38.91155242919922,31.006934220891885,24.91996287900601,0.914049699251527,0.13270523552709168,54011.66827741265,56500.0,438,0.0658696811316331,0.0,0.0,0.0,1388,0,0,0,0.0,0.7596276603760947,0.0,0.0,0.0,1.0
2023-05-30,40.07551956176758,31.870609015261,24.40606292393158,0.9109834501417501,0.13267876933659778,54011.66827741265,56500.0,438,0.06352629447717678,0.0,0.0,0.0,1347,0,0,0,0.0,0.7529322699347909,0.0,0.0,0.0,1.0
2023-05-31,37.800537109375,32.43536407184328,24.458374227008562,0.9378706145192726,0.12738938878253683,54011.66827741265,56500.0,438,0.06199395907586591,0.0,0.0,0.0,1428,0,0,0,0.0,0.7485541687881884,0.0,0.0,0.0,1.0
2023-06-01,39.73482894897461,33.130551202998646,24.49340251905399,0.938289892493228,0.12782738927858517,54511.66827741265,57000.0,438,0.06089625439614571,0.0,0.0,0.0,1371,0,0,0,0.0,0.7454178697032735,0.0,0.0,0.0,1.0
2023-06-02,39.292213439941406,33.717376177945575,24.730741088698498,0.9393299096070307,0.13120159488208014,54511.66827741265,57000.0,438,0.059318004068788455,0.0,0.0,0.0,1387,0,0,0,0.0,0.7409085830536813,0.0,0.0,0.0,1.0
2023-06-05,39.13634490966797,34.23346843810961,24.9641956447934,0.9393339786005575,0.11799016875938699,54511.66827741265,57000.0,438,0.057929987516452564,0.0,0.0,0.0,1392,0,0,0,0.0,0.7369428214755788,0.0,0.0,0.0,1.0
2023-06-06,38.61981201171875,34.65121544512,25.243508043411104,0.9455196945603511,0.11792439064844334,54511.66827741265,57000.0,438,0.056806467934440386,0.0,0.0,0.0,1411,0,0,0,0.0,0.7337327655269726,0.0,0.0,0.0,1.0
2023-06-07,37.44572448730469,34.917359163423306,25.648073878977087,0.9514829135417808,0.11740771071387551,54511.66827741265,57000.0,438,0.05609068140784568,0.0,0.0,0.0,1455,0,0,0,0.0,0.7316876611652735,0.0,0.0,0.0,1.0
2023-06-08,38.47991943359375,35.256650617725256,26.09261456592087,0.9523410091966819,0.11807924221669332,54511.66827741265,57000.0,438,0.05517816597022307,0.0,0.0,0.0,1416,0,0,0,0.0,0.7290804742006375,0.0,0.0,0.0,1.0
2023-06-09,38.73971939086914,35.588371453262766,26.660853699113567,0.9478793866096307,0.11736544371026747,54511.66827741265,57000.0,438,0.054286011512540644,0.0,0.0,0.0,1407,0,0,0,0.0,0.7265314614644018,0.0,0.0,0.0,1.0
2023-06-12,39.4511604309082,35.95625611780043,27.375244683142483,0.9431862264359892,0.11928723336242944,54511.66827741265,57000.0,438,0.05329659538844195,0.0,0.0,0.0,1381,0,0,0,0.0,0.7237045582526914,0.0,0.0,0.0,1.0
2023-06-13,40.989959716796875,36.435656460562,28.094210645689067,0.9460316063164748,0.12028909997543552,54511.66827741265,57000.0,438,0.05200726078238321,0.0,0.0,0.0,1329,0,0,0,0.0,0.7200207450925236,0.0,0.0,0.0,1.0
2023-06-14,42.96341323852539,37.0573475822728,28.83057975589674,0.9506843618970013,0.11565513259025786,54511.66827741265,57000.0,438,0.05033523887083474,0.0,0.0,0.0,1268,0,0,0,0.0,0.7152435396309564,0.0,0.0,0.0,1.0
2023-06-15,42.61968994140625,37.58709447361884,29.57809049348598,0.9549708937060569,0.11594798338085698,54511.66827741265,57000.0,438,0.04891049854726723,0.0,0.0,0.0,1279,0,0,0,0.0,0.7111728529921921,0.0,0.0,0.0,1.0
2023-06-16,42.65864944458008,38.07009970894848,30.204631116026043,0.9498518790215748,0.11583920563237497,54511.66827741265,57000.0,438,0.04761146867751223,0.0,0.0,0.0,1277,0,0,0,0.0,0.7074613390786064,0.0,0.0,0.0,1.0
2023-06-20,43.77378463745117,38.61330779737731,30.996565181442158,0.9438101103653462,0.11789034012680563,54511.66827741265,57000.0,438,0.04615052481863255,0.0,0.0,0.0,1245,0,0,0,0.0,0.7032872137675217,0.0,0.0,0.0,1.0
2023-06-21,43.011375427246094,39.03217138117434,32.01786602526638,0.9495928748252633,0.12073107168456196,54511.66827741265,57000.0,438,0.045024002232736365,0.0,0.0,0.0,1267,0,0,0,0.0,0.7000685778078183,0.0,0.0,0.0,1.0
2023-06-22,42.991397857666016,39.409240569411644,33.44425749155654,0.9440131048377621,0.11012584405858825,54511.66827741265,57000.0,438,0.0440098845738455,0.0,0.0,0.0,1267,0,0,0,0.0,0.6971710987824158,0.0,0.0,0.0,1.0
2023-06-23,42.176029205322266,39.67274424902217,35.50383570555501,0.9499520310664079,0.11054619565371915,54511.66827741265,57000.0,438,0.04330119836184032,0.0,0.0,0.0,1292,0,0,0,0.0,0.6951462810338296,0.0,0.0,0.0,1.0
2023-06-26,40.60026168823242,39.76107924323267,35.74701034275068,0.4624758466919726,0.11104562252502498,54511.66827741265,57000.0,438,0.0430636237195163,0.0,0.0,0.0,1342,0,0,0,0.0,0.6944674963414752,0.0,0.0,0.0,1.0
2023-06-27,41.843292236328125,39.959385242575095,35.971458753858684,0.46604460828071254,0.10909258266996222,54511.66827741265,57000.0,438,0.04253028495286382,0.0,0.0,0.0,1302,0,0,0,0.0,0.6929436712938967,0.0,0.0,0.0,1.0
2023-06-28,41.08488464355469,40.066575661716016,36.08212561966121,0.4618599966995473,0.10919164152758384,54511.66827741265,57000.0,438,0.042241999141384795,0.0,0.0,0.0,1326,0,0,0,0.0,0.6921199975468137,0.0,0.0,0.0,1.0
2023-06-29,40.79011154174805,40.13548384076669,36.387077976578865,0.4092188862145646,0.10512724766347799,54511.66827741265,57000.0,438,0.04205667240720115,0.0,0.0,0.0,1336,0,0,0,0.0,0.6915904925920033,0.0,0.0,0.0,1.0
2023-06-30,42.268959045410156,40.33867195549463,36.57345051425804,0.38942159009769733,0.10767093157043908,54511.66827741265,57000.0,438,0.04151020331969599,0.0,0.0,0.0,1289,0,0,0,0.0,0.6900291523419886,0.0,0.0,0.0,1.0
2023-07-03,42.3798713684082,40.53307189958164,36.80044540249824,0.3856620561385853,0.09817204066340413,55011.66827741265,57500.0,438,0.041935305700767506,0.0,0.0,0.0,1298,0,0,0,0.0,0.6912437305736215,0.0,0.0,0.0,1.0
2023-07-05,42.28395462036133,40.699822634894,37.05154561422743,0.38523847685921914,0.09815303219965689,55011.66827741265,57500.0,438,0.04149073374036083,0.0,0.0,0.0,1301,0,0,0,0.0,0.6899735249724596,0.0,0.0,0.0,1.0
2023-07-06,42.07011413574219,40.83032658735573,37.3868803660634,0.3814402839742825,0.10425634830248576,55011.66827741265,57500.0,438,0.04114279885492808,0.0,0.0,0.0,1307,0,0,0,0.0,0.6889794252997946,0.0,0.0,0.0,1.0
2023-07-07,42.46980285644531,40.98646718441188,38.07529959456181,0.35854291293050683,0.10367010781121856,55011.66827741265,57500.0,438,0.040726514445733164,0.0,0.0,0.0,1295,0,0,0,0.0,0.6877900412735234,0.0,0.0,0.0,1.0
2023-07-10,42.147056579589844,41.09699950776216,38.60304920752193,0.3528506003403606,0.10227955183942708,55011.66827741265,57500.0,438,0.04043182566017492,0.0,0.0,0.0,1305,0,0,0,0.0,0.6869480733147856,0.0,0.0,0.0,1.0
2023-07-11,42.37187957763672,41.21841665727403,39.199088313775455,0.3527821915174586,0.10404626734062392,55011.66827741265,57500.0,438,0.04010811698156333,0.0,0.0,0.0,1298,0,0,0,0.0,0.6860231913758953,0.0,0.0,0.0,1.0
2023-07-12,43.86770248413086,41.47072959316516,39.695591301260606,0.36633160377608337,0.102380938640028,55011.66827741265,57500.0,438,0.039435428754222235,0.0,0.0,0.0,1254,0,0,0,0.0,0.6841012250120636,0.0,0.0,0.0,1.0
2023-07-13,45.94109344482422,41.8964785314184,39.57498814820198,0.3773376810989004,0.10359480678827993,55011.66827741265,57500.0,438,0.0383003450631923,0.0,0.0,0.0,1197,0,0,0,0.0,0.680858128751978,0.0,0.0,0.0,1.0
2023-07-14,45.43349075317383,42.23333683825225,39.57340343309304,0.3468881148552965,0.10398742047058503,55011.66827741265,57500.0,438,0.03740225152514659,0.0,0.0,0.0,1210,0,0,0,0.0,0.6782921472147047,0.0,0.0,0.0,1.0
2023-07-17,46.42470932006836,42.63251516985378,39.479790819131594,0.35044863148436856,0.09660560808419726,55011.66827741265,57500.0,438,0.036338007381937626,0.0,0.0,0.0,1184,0,0,0,0.0,0.675251449662679,0.0,0.0,0.0,1.0
2023-07-18,47.45690155029297,43.091980539419424,39.323784316192466,0.35567553334582824,0.09712488534355357,55011.66827741265,57500.0,438,0.03511303275316521,0.0,0.0,0.0,1159,0,0,0,0.0,0.6717515221519007,0.0,0.0,0.0,1.0
2023-07-19,47.040225982666016,43.468003914966715,39.30842547051234,0.350463837457971,0.09416729242398642,55011.66827741265,57500.0,438,0.0341105217362713,0.0,0.0,0.0,1169,0,0,0,0.0,0.6688872049607753,0.0,0.0,0.0,1.0
2023-07-20,45.48444747924805,43.66004615918399,39.38279328086026,0.3670685024691712,0.09584683040674435,55011.66827741265,57500.0,438,0.033598520413862465,0.0,0.0,0.0,1209,0,0,0,0.0,0.6674243440396072,0.0,0.0,0.0,1.0
2023-07-21,44.274391174316406,43.71855520824422,39.4258895364524,0.3818198506908483,0.09576149465658162,55011.66827741265,57500.0,438,0.03344253020132451,0.0,0.0,0.0,1242,0,0,0,0.0,0.6669786577180701,0.0,0.0,0.0,1.0
2023-07-24,44.5771484375,43.80032599198287,39.519912717688825,0.37416573066880926,0.08929962426299504,55011.66827741265,57500.0,438,0.03322452218137431,0.0,0.0,0.0,1234,0,0,0,0.0,0.6663557776610696,0.0,0.0,0.0,1.0
2023-07-25,45.64331817626953,43.97584905715303,39.8327692006471,0.3487829900786166,0.08558507602435092,55011.66827741265,57500.0,438,0.03275656242675545,0.0,0.0,0.0,1205,0,0,0,0.0,0.66501874979073,0.0,0.0,0.0,1.0
2023-07-26,45.41649627685547,44.113053554267545,40.01600351147466,0.3383224354008793,0.07954162893063198,55011.66827741265,57500.0,438,0.0323907633066223,0.0,0.0,0.0,1211,0,0,0,0.0,0.6639736094474924,0.0,0.0,0.0,1.0
2023-07-27,45.8641471862793,44.2798243763639,40.33702861525804,0.3281281091235941,0.0847914900063929,55011.66827741265,57500.0,438,0.03194613779310285,0.0,0.0,0.0,1199,0,0,0,0.0,0.6627032508374368,0.0,0.0,0.0,1.0
2023-07-28,46.71348190307617,44.51160128366983,40.765563302719805,0.3274116588345988,0.08909834919669149,55011.66827741265,57500.0,438,0.03132820040371154,0.0,0.0,0.0,1177,0,0,0,0.0,0.6609377154391759,0.0,0.0,0.0,1.0
2023-07-31,46.692501068115234,44.71930602504559,41.007311672557854,0.3093425478099817,0.08056728008309541,55011.66827741265,57500.0,438,0.030774441501921934,0.0,0.0,0.0,1178,0,0,0,0.0,0.6593555471483484,0.0,0.0,0.0,1.0
2023-08-01,46.47066879272461,44.886102479110264,41.26920609689242,0.31124880657544085,0.08194340294001684,55511.66827741265,58000.0,438,0.031361387757799924,0.0,0.0,0.0,1194,0,0,0,0.0,0.661032536450857,0.0,0.0,0.0,1.0
2023-08-02,44.23442077636719,44.82403755503949,41.40819890476383,0.36326981499367195,0.09765675210682509,55511.66827741265,58000.0,438,0.2045449859885899,0.0,0.0,0.0,1254,0,0,0,0.0,0.6615012336360812,0.06577015490274722,0.0,1.0,1.0
2023-08-03,44.480224609375,44.79129346497621,41.65659382898561,0.362291157484445,0.0930740850307873,55511.66827741265,58000.0,438,0.19376546689892943,0.0,0.0,0.0,1248,0,0,0,0.0,0.6617485079713866,0.03472425459698339,0.0,1.0,1.0
2023-08-04,44.64510726928711,44.777370970148674,41.893328034639175,0.36150310941461544,0.09481075076499658,55511.66827741265,58000.0,438,0.1868179382060572,0.0,0.0,0.0,1243,0,0,0,0.0,0.6618536468116358,0.014769033777099084,0.0,1.0,1.0
2023-08-07,45.381534576416016,44.83491036122175,42.350558799276676,0.3624724683443286,0.09901473118073406,55511.66827741265,58000.0,438,0.031496693821115584,0.0,0.0,0.0,1223,0,0,0,0.0,0.6614191252031875,0.0,0.0,0.0,1.0
2023-08-08,44.629112243652344,44.81531054050085,42.74326158614745,0.36964010621442067,0.09857802344408344,55511.66827741265,58000.0,438,0.18881938429735828,0.0,0.0,0.0,1243,0,0,0,0.0,0.6615671376424246,0.020773960350027786,0.0,1.0,1.0
2023-08-09,42.5207633972168,44.59678224114047,42.23014006345103,0.38915415596209224,0.0988569225114776,55511.66827741265,58000.0,438,0.26359010696040847,0.0,0.0,0.0,1305,0,0,0,0.0,0.6632174030755255,0.23275433109707022,0.0,1.0,1.0
2023-08-10,42.35489273071289,44.38326895443308,41.65268348859869,0.34431508139428524,0.09365011407013747,55511.66827741265,58000.0,438,0.2626678273620963,0.0,0.0,0.0,1310,0,0,0,0.0,0.6648297965165226,0.22850685308946686,0.0,1.0,1.0
2023-08-11,40.823089599609375,44.04420425397368,40.66445721662666,0.3623701169749249,0.09365398521424648,55511.66827741265,58000.0,438,0.31157054846655613,0.0,0.0,0.0,1359,0,0,0,0.0,0.6673903195993022,0.36566839030514403,0.0,1.0,1.0
2023-08-14,43.71882629394531,44.01321587682812,40.64749369445751,0.44357548346569076,0.09503935278132891,55511.66827741265,58000.0,438,0.19537367816627432,0.0,0.0,0.0,1269,0,0,0,0.0,0.6676243352749877,0.03344331662865341,0.0,1.0,1.0
2023-08-15,43.90568161010742,44.00297451809282,40.83143901956499,0.43471676700190537,0.09861997715323444,55511.66827741265,58000.0,438,0.18756492903375505,0.0,0.0,0.0,1264,0,0,0,0.0,0.6677016751909542,0.011055264905488851,0.0,1.0,1.0
2023-08-16,43.452030181884766,43.95050362893015,40.923332414466955,0.435000390552164,0.10003329635012362,55511.66827741265,58000.0,438,0.20368224810274344,0.0,0.0,0.0,1277,0,0,0,0.0,0.6680979208711827,0.05670850227951282,0.0,1.0,1.0
2023-08-17,43.310142517089844,43.88951685637393,40.84538746207072,0.4208560262519299,0.10071949403969187,55511.66827741265,58000.0,438,0.2070967711649248,0.0,0.0,0.0,1281,0,0,0,0.0,0.66855847615359,0.06600372717476678,0.0,1.0,1.0
2023-08-18,43.26518249511719,43.83005644101614,40.7401794489964,0.4107886197018944,0.10059949582296814,55511.66827741265,58000.0,438,0.20670631439355575,0.0,0.0,0.0,1283,0,0,0,0.0,0.6690075048074988,0.06443910774551771,0.0,1.0,1.0
2023-08-21,46.93031311035156,44.12531898095285,40.835114840735315,0.5108941114381885,0.10327796586100141,55511.66827741265,58000.0,438,0.03337221724517117,0.0,0.0,0.0,1182,0,0,0,0.0,0.666777763557632,0.0,0.0,0.0,1.0
2023-08-22,45.63232421875,44.268843289314475,40.979423948570535,0.5157429995868115,0.10192872435653474,55511.66827741265,58000.0,438,0.03299286765082912,0.0,0.0,0.0,1216,0,0,0,0.0,0.6656939075737975,0.0,0.0,0.0,1.0
2023-08-23,47.07920455932617,44.536496743601305,41.07248284771557,0.5269149176887764,0.11186807980293892,55511.66827741265,58000.0,438,0.03228543188286068,0.0,0.0,0.0,1179,0,0,0,0.0,0.6636726625224592,0.0,0.0,0.0,1.0
2023-08-24,47.126155853271484,44.78313094452228,41.17939619558951,0.5261705782347692,0.11861717429588303,55511.66827741265,58000.0,438,0.03163355217594366,0.0,0.0,0.0,1177,0,0,0,0.0,0.6618101490741248,0.0,0.0,0.0,1.0
2023-08-25,45.98206329345703,44.89731497775416,41.36686917453642,0.5301249120634918,0.11497277435819951,55511.66827741265,58000.0,438,0.03133175196397045,0.0,0.0,0.0,1207,0,0,0,0.0,0.6609478627542014,0.0,0.0,0.0,1.0
2023-08-28,46.79841613769531,45.078372231081886,41.534618042731964,0.5339670188030472,0.11807564430823139,55511.66827741265,58000.0,438,0.030853198913364577,0.0,0.0,0.0,1186,0,0,0,0.0,0.6595805683238989,0.0,0.0,0.0,1.0
2023-08-29,48.74589157104492,45.42765978726884,41.509733322576864,0.5527898096149209,0.13121416045135323,55511.66827741265,58000.0,438,0.029929995769166967,0.0,0.0,0.0,1138,0,0,0,0.0,0.6569428450547629,0.0,0.0,0.0,1.0
2023-08-30,49.225521087646484,45.789360863495276,41.402192010554835,0.5190091428598407,0.12271038817727763,55511.66827741265,58000.0,438,0.028973982407347804,0.0,0.0,0.0,1127,0,0,0,0.0,0.6542113783067081,0.0,0.0,0.0,1.0
2023-08-31,49.31645584106445,46.12527467088282,41.343434561937215,0.5192045579921377,0.1224901112086304,55511.66827741265,58000.0,438,0.028086127464718308,0.0,0.0,0.0,1125,0,0,0,0.0,0.6516746498991952,0.0,0.0,0.0,1.0
2023-09-01,48.471107482910156,46.348687319647325,41.365528747278766,0.5254866433982784,0.12092716326057003,56011.66827741265,58500.0,438,0.028542670664924163,0.0,0.0,0.0,1155,0,0,0,0.0,0.6529790590426405,0.0,0.0,0.0,1.0
2023-09-05,48.510074615478516,46.5545337287741,41.385292590845395,0.5237359619843086,0.11754819611499605,56011.66827741265,58500.0,438,0.028003247510750923,0.0,0.0,0.0,1154,0,0,0,0.0,0.651437850030717,0.0,0.0,0.0,1.0
2023-09-06,47.02811050415039,46.59963627880994,41.412957732326106,0.5332229581293022,0.11918714950198607,56011.66827741265,58500.0,438,0.027885055700144157,0.0,0.0,0.0,1191,0,0,0,0.0,0.6511001591432691,0.0,0.0,0.0,1.0
2023-09-07,46.20869445800781,46.56240372444783,41.59553302776506,0.5056435489205197,0.11709481340778181,56011.66827741265,58500.0,438,0.19127642266096284,0.0,0.0,0.0,1212,0,0,0,0.0,0.6513789259605445,0.0379822816422065,0.0,1.0,1.0
2023-09-08,45.540157318115234,46.46504692384473,41.77973124142122,0.509387230355121,0.11722383334902796,56011.66827741265,58500.0,438,0.21307160604518732,0.0,0.0,0.0,1229,0,0,0,0.0,0.6521078538009574,0.09952530632814945,0.0,1.0,1.0
2023-09-11,45.14643478393555,46.33946481528195,42.31835946716271,0.48950747106032133,0.11960953354380106,56011.66827741265,58500.0,438,0.22362136289942486,0.0,0.0,0.0,1240,0,0,0,0.0,0.6530481095881454,0.12872721298164005,0.0,1.0,1.0
2023-09-12,44.838645935058594,46.196529683832104,42.29558474975281,0.4252071566499596,0.11957788666021275,56011.66827741265,58500.0,438,0.23038025601723106,0.0,0.0,0.0,1249,0,0,0,0.0,0.6541182905723341,0.14696815519118347,0.0,1.0,1.0
2023-09-13,45.453216552734375,46.12573795706089,42.36814285072427,0.4273078436263038,0.11197088137406375,56011.66827741265,58500.0,438,0.20464222134403615,0.0,0.0,0.0,1232,0,0,0,0.0,0.6546483209368774,0.07290088290322602,0.0,1.0,1.0
2023-09-14,45.549156188964844,46.07082540771841,42.55040006576891,0.42479379281102536,0.11136673542784079,56011.66827741265,58500.0,438,0.19908641320962012,0.0,0.0,0.0,1229,0,0,0,0.0,0.6550594610499032,0.056616005263297124,0.0,1.0,1.0
2023-09-15,43.869319915771484,45.86115821800918,42.44018626717613,0.4472106005465787,0.11703723252692691,56011.66827741265,58500.0,438,0.25582611255094584,0.0,0.0,0.0,1276,0,0,0,0.0,0.6566292769318287,0.21715961607087392,0.0,1.0,1.0
2023-09-18,43.935272216796875,45.67774050360801,42.38076236038546,0.44714723466722395,0.11697133286410615,56011.66827741265,58500.0,438,0.24705812700163993,0.0,0.0,0.0,1274,0,0,0,0.0,0.6580025582806784,0.19073494743829297,0.0,1.0,1.0
2023-09-19,43.489593505859375,45.46934555144147,41.90356294686139,0.3209644765610405,0.11530732414068504,56011.66827741265,58500.0,438,0.25704264133282245,0.0,0.0,0.0,1287,0,0,0,0.0,0.6595628486917715,0.21770184083057842,0.0,1.0,1.0
2023-09-20,42.2094841003418,45.158882556098646,41.138877688518015,0.32278747000023583,0.12011315704993648,56011.66827741265,58500.0,438,0.29595585309582745,0.0,0.0,0.0,1326,0,0,0,0.0,0.6618873408620306,0.3265579536974766,0.0,1.0,1.0
2023-09-21,40.98834228515625,44.76168824458032,40.1364925186152,0.3059032967299326,0.12656417175446696,56011.66827741265,58500.0,438,0.33022390588885137,0.0,0.0,0.0,1366,0,0,0,0.0,0.664861205963655,0.4214928108616347,0.0,1.0,1.0
2023-09-22,41.58092498779297,44.45875841060057,39.48583896408934,0.3140341724510699,0.11812066633773334,56011.66827741265,58500.0,438,0.29677346176413627,0.0,0.0,0.0,1347,0,0,0,0.0,0.6671292960026829,0.32365202332342075,0.0,1.0,1.0
2023-09-25,42.19249725341797,44.24292401467842,39.0406915119633,0.31451877779697357,0.1162730343494381,56011.66827741265,58500.0,438,0.2651641434628323,0.0,0.0,0.0,1327,0,0,0,0.0,0.668745286864459,0.23172369445791896,0.0,1.0,1.0
2023-09-26,41.8817138671875,44.01804685777452,38.62206591993134,0.30382193493818177,0.123147935257753,56011.66827741265,58500.0,438,0.2695830975250951,0.0,0.0,0.0,1337,0,0,0,0.0,0.6704289825007651,0.24266558185664933,0.0,1.0,1.0
2023-09-27,42.438323974609375,43.86759705937784,38.60637727640333,0.2590801843024571,0.10749628744899088,56011.66827741265,58500.0,438,0.24206206324380525,0.0,0.0,0.0,1319,0,0,0,0.0,0.671555427145171,0.16290761069427254,0.0,1.0,1.0
2023-09-28,43.05889129638672,43.7905774629025,38.88768991929325,0.26366494455853084,0.10934361402954053,56011.66827741265,58500.0,438,0.21448655704093406,0.0,0.0,0.0,1300,0,0,0,0.0,0.672132086688012,0.08354379057179961,0.0,1.0,1.0
2023-09-29,43.46860122680664,43.7599130594648,39.3748784849694,0.2682638379597094,0.10930440138570438,56011.66827741265,58500.0,438,0.19697642044104707,0.0,0.0,0.0,1288,0,0,0,0.0,0.6723616765804173,0.033285238965431625,0.0,1.0,1.0
2023-10-02,44.75070571899414,43.85427426513426,39.92340273606255,0.2928782417828481,0.10858127322870227,56511.66827741265,59000.0,438,0.0360532161890664,0.0,0.0,0.0,1262,0,0,0,0.0,0.6744377605401898,0.0,0.0,0.0,1.0
2023-10-03,43.48659133911133,43.819256843608265,40.47478883288805,0.3047080741764411,0.11555783451794222,56511.66827741265,59000.0,438,0.19942979104583985,0.0,0.0,0.0,1299,0,0,0,0.0,0.6746977203813488,0.03795882546390807,0.0,1.0,1.0
2023-10-04,44.01022720336914,43.83744449691883,40.84146548940053,0.2952090913748813,0.12101496627983112,56511.66827741265,59000.0,438,0.03609694506139563,0.0,0.0,0.0,1284,0,0,0,0.0,0.6745627001754162,0.0,0.0,0.0,1.0
2023-10-05,44.656776428222656,43.915476109423956,41.118788183330665,0.29661393999910757,0.12100987751460057,56511.66827741265,59000.0,438,0.035894195125852624,0.0,0.0,0.0,1265,0,0,0,0.0,0.6739834146452933,0.0,0.0,0.0,1.0
2023-10-06,45.730018615722656,44.0882896814524,41.263118149775025,0.3057020132852465,0.13037842507195385,56511.66827741265,59000.0,438,0.04465708399725504,0.0,0.0,0.0,1235,0,0,0,0.0,0.6727004935512517,0.0,0.0,0.0,0.9539404437284151
2023-10-09,45.24135971069336,44.19810587471345,41.36195768974833,0.3065858683347595,0.13002834971494934,56511.66827741265,59000.0,438,0.042186728716801514,0.0,0.0,0.0,1249,0,0,0,0.0,0.6718852479131443,0.0,0.0,0.0,0.9648655402639947
2023-10-10,45.7660026550293,44.34742937760067,41.40070475755097,0.30789408357304043,0.13132390791574347,56511.66827741265,59000.0,438,0.044015272818175744,0.0,0.0,0.0,1234,0,0,0,0.0,0.6707767107222188,0.0,0.0,0.0,0.9537828796730041
2023-10-11,46.77329635620117,44.57846432794357,41.414141483987514,0.3137215182932658,0.13249989100952267,56511.66827741265,59000.0,438,0.039552962861169855,0.0,0.0,0.0,1208,0,0,0,0.0,0.6690615699044189,0.0,0.0,0.0,0.9730929330268836
2023-10-12,46.91219711303711,44.80072459319057,41.422136123934564,0.31375417810055956,0.12885325319009175,56511.66827741265,59000.0,438,0.0335940494892184,0.0,0.0,0.0,1204,0,0,0,0.0,0.6674115699691955,0.0,0.0,0.0,1.0
2023-10-13,45.42923355102539,44.86058258917484,41.40622279947051,0.30562288557123496,0.12356700438304129,56511.66827741265,59000.0,438,0.033438520153889734,0.0,0.0,0.0,1243,0,0,0,0.0,0.666967200439685,0.0,0.0,0.0,1.0
2023-10-16,46.06278610229492,44.97507816185294,41.38767535229392,0.3085719953344529,0.13055164354958476,56511.66827741265,59000.0,438,0.03920752561158511,0.0,0.0,0.0,1226,0,0,0,0.0,0.6661172163577697,0.0,0.0,0.0,0.9696675005681712
2023-10-17,43.90729904174805,44.873384912319146,41.293794930302234,0.3528183075907624,0.13048835628363728,56511.66827741265,59000.0,438,0.2210812697081736,0.0,0.0,0.0,1287,0,0,0,0.0,0.6668721594644782,0.1076457539874464,0.0,1.0,1.0
2023-10-18,42.166507720947266,44.61558708456944,41.03135395440243,0.36600837998265245,0.13470565333054285,56511.66827741265,59000.0,438,0.28013768404013645,0.0,0.0,0.0,1340,0,0,0,0.0,0.6687859806264167,0.27446454520254465,0.0,1.0,1.0
2023-10-19,42.07158660888672,44.373301324980616,40.9533115435584,0.34973072932774796,0.12527785700154748,56511.66827741265,59000.0,438,0.27547994837837747,0.0,0.0,0.0,1343,0,0,0,0.0,0.6705846444009914,0.2593580652515156,0.0,1.0,1.0
2023-10-20,41.35807800292969,44.086137199071004,40.630607803056535,0.3521105205704571,0.13228164645838406,56511.66827741265,59000.0,438,0.2937411238465169,0.0,0.0,0.0,1366,0,0,0,0.0,0.6727164729967271,0.30940102370760697,0.0,1.0,1.0
2023-10-23,42.944969177246094,43.97745453032577,40.59224146982585,0.37455032660689286,0.13090062092746418,56511.66827741265,59000.0,438,0.2268189668884643,0.0,0.0,0.0,1315,0,0,0,0.0,0.6735233036562256,0.11738803031081553,0.0,1.0,1.0
2023-10-24,43.63248825073242,43.94460059893593,40.7145518503173,0.376685195683568,0.12424417528889507,56511.66827741265,59000.0,438,0.1982477294546262,0.0,0.0,0.0,1295,0,0,0,0.0,0.6737672023333231,0.03551202467989474,0.0,1.0,1.0
2023-10-25,41.74979782104492,43.73557176294631,40.41340299212582,0.40694354672382965,0.13385231922553012,56511.66827741265,59000.0,438,0.2658188032204684,0.0,0.0,0.0,1353,0,0,0,0.0,0.675318975725924,0.2270204620468429,0.0,1.0,1.0
2023-10-26,40.297821044921875,43.40816693265827,39.68791228203349,0.4201574713096063,0.13650270145523755,56511.66827741265,59000.0,438,0.3126059156979792,0.0,0.0,0.0,1402,0,0,0,0.0,0.6777495403982319,0.35826736159599437,0.0,1.0,1.0
2023-10-27,40.47169876098633,43.12850329726094,39.087043749510144,0.418509808276576,0.13687065622300773,56511.66827741265,59000.0,438,0.29574259105881334,0.0,0.0,0.0,1396,0,0,0,0.0,0.6798256873864357,0.30801028706731687,0.0,1.0,1.0
2023-10-30,41.132240295410156,42.93838301137039,38.74175069394448,0.40730882007507846,0.14554400654094396,56511.66827741265,59000.0,438,0.26204427083343457,0.0,0.0,0.0,1373,0,0,0,0.0,0.6812370888308436,0.2103179706932554,0.0,1.0,1.0
2023-10-31,40.75149917602539,42.73010836038515,38.332134525975505,0.3977118049876905,0.14039876577725618,56511.66827741265,59000.0,438,0.2700075447455386,0.0,0.0,0.0,1386,0,0,0,0.0,0.6827832633584967,0.2315240073430424,0.0,1.0,1.0
2023-11-01,42.29542541503906,42.68870998463791,38.261479780826086,0.420550726342286,0.14256289545887807,57011.66827741265,59500.0,438,0.2061362771759891,0.0,0.0,0.0,1347,0,0,0,0.0,0.6857536979282116,0.046064236860328664,0.0,1.0,1.0
2023-11-02,43.47560119628906,42.76365200479516,38.37184621832647,0.42987115032102385,0.1577699191819221,57011.66827741265,59500.0,438,0.03982070836411597,0.0,0.0,0.0,1311,0,0,0,0.0,0.6852020238974743,0.0,0.0,0.0,1.0
2023-11-03,44.97355270385742,42.97411873803919,38.654052388681905,0.4394031451921309,0.1557371423037945,57011.66827741265,59500.0,438,0.039278447016110773,0.0,0.0,0.0,1267,0,0,0,0.0,0.6836527057603166,0.0,0.0,0.0,1.0
2023-11-06,45.71902847290039,43.23553871278788,38.866918065599485,0.4416447927972717,0.1543663823694051,57011.66827741265,59500.0,438,0.03860490613999357,0.0,0.0,0.0,1247,0,0,0,0.0,0.6817283032571245,0.0,0.0,0.0,1.0
2023-11-07,45.922889709472656,43.491476902948335,39.104402543876695,0.4400749591377301,0.15361385621661428,57011.66827741265,59500.0,438,0.03794548892063895,0.0,0.0,0.0,1241,0,0,0,0.0,0.6798442540589685,0.0,0.0,0.0,1.0
2023-11-08,46.54145812988281,43.78195130551352,39.431305667478426,0.4355697409791037,0.15291496991208925,57011.66827741265,59500.0,438,0.03719709016579456,0.0,0.0,0.0,1224,0,0,0,0.0,0.6777059719022702,0.0,0.0,0.0,1.0
2023-11-09,46.917198181152344,44.08054624605056,39.72904794034963,0.43638985111837714,0.1540628620681829,57011.66827741265,59500.0,438,0.036427769083704986,0.0,0.0,0.0,1215,0,0,0,0.0,0.6755079116677286,0.0,0.0,0.0,1.0
2023-11-10,48.30122375488281,44.482515532606016,39.68148592578342,0.43087465259902574,0.16230580828462446,57011.66827741265,59500.0,438,0.03539210703952092,0.0,0.0,0.0,1180,0,0,0,0.0,0.6725488772557742,0.0,0.0,0.0,1.0
2023-11-13,48.586021423339844,44.873325617437814,39.67629280715701,0.42921129322655643,0.15841605122076247,57011.66827741265,59500.0,438,0.034385196350366104,0.0,0.0,0.0,1173,0,0,0,0.0,0.6696719895724746,0.0,0.0,0.0,1.0
2023-11-14,49.62129592895508,45.32551326615374,39.48324433698736,0.390730608194172,0.17156341697661948,57011.66827741265,59500.0,438,0.053641743988954466,0.0,0.0,0.0,1148,0,0,0,0.0,0.6663432804945321,0.0,0.0,0.0,0.8978920209206587
2023-11-15,48.85383987426758,45.66154437168839,39.49192712007072,0.3612284585522041,0.16237396895667505,57011.66827741265,59500.0,438,0.061576080576418085,0.0,0.0,0.0,1166,0,0,0,0.0,0.6638696397512687,0.0,0.0,0.0,0.8538914666826296
2023-11-16,49.44542694091797,46.02191414018645,39.53504239966496,0.3596093141488107,0.15750030785869873,57011.66827741265,59500.0,438,0.05088767885450751,0.0,0.0,0.0,1153,0,0,0,0.0,0.6612168337243417,0.0,0.0,0.0,0.9026910647450603
2023-11-17,49.263553619384766,46.33064170963391,39.72589660945067,0.350177304081211,0.147028213755798,57011.66827741265,59500.0,438,0.03368022922256622,0.0,0.0,0.0,1157,0,0,0,0.0,0.6589441837173168,0.0,0.0,0.0,0.9847511753924731
2023-11-20,50.37377166748047,46.715701705619296,39.78087496875612,0.3368300355770659,0.14642188309009466,57011.66827741265,59500.0,438,0.04623707580207559,0.0,0.0,0.0,1131,0,0,0,0.0,0.6561096244191386,0.0,0.0,0.0,0.9170064637231143
2023-11-21,49.90909957885742,47.01983483640388,39.86045041253533,0.34097885565969815,0.14723033320582954,57011.66827741265,59500.0,438,0.042862245289709805,0.0,0.0,0.0,1142,0,0,0,0.0,0.6538707956580689,0.0,0.0,0.0,0.9299626659530715
2023-11-22,48.68196105957031,47.17813257194354,40.16030029820957,0.3097328366053397,0.13155475909064884,57011.66827741265,59500.0,438,0.03604653399830424,0.0,0.0,0.0,1171,0,0,0,0.0,0.6527055114872055,0.0,0.0,0.0,0.9620019751110882
2023-11-24,47.742618560791016,47.231893142309964,40.73419319334663,0.28536093634722465,0.1180796595251131,57011.66827741265,59500.0,438,0.02830841649216606,0.0,0.0,0.0,1194,0,0,0,0.0,0.6523097614061888,0.0,0.0,0.0,1.0
2023-11-27,48.208290100097656,47.324883328765935,41.432512042947934,0.2849139920910888,0.11538140587395238,57011.66827741265,59500.0,438,0.028068830011767743,0.0,0.0,0.0,1182,0,0,0,0.0,0.6516252286050508,0.0,0.0,0.0,1.0
2023-11-28,47.78758239746094,47.36894990673689,42.11576426044256,0.29012920397087033,0.1131627771120934,57011.66827741265,59500.0,438,0.027955293769701406,0.0,0.0,0.0,1193,0,0,0,0.0,0.6513008393420041,0.0,0.0,0.0,1.0
2023-11-29,48.10635757446289,47.43917920842508,43.133080633124486,0.2832205160789034,0.11449134113688772,57011.66827741265,59500.0,438,0.027774350039469486,0.0,0.0,0.0,1185,0,0,0,0.0,0.6507838572556272,0.0,0.0,0.0,1.0
2023-11-30,46.73732376098633,47.372335832478534,43.810497458953364,0.2896967745947412,0.11197350021883544,57011.66827741265,59500.0,438,0.20140479951476892,0.0,0.0,0.0,1219,0,0,0,0.0,0.6512759143760404,0.0670235128090138,0.0,1.0,1.0
2023-12-01,46.73232650756836,47.31138256343947,44.32221238262354,0.27733403057264144,0.09730646311632417,57511.66827741265,60000.0,438,0.20053811307079056,0.0,0.0,0.0,1230,0,0,0,0.0,0.6546269072868919,0.061196272915366785,0.0,1.0,1.0
2023-12-04,45.47819137573242,47.13679292651499,44.2454701760262,0.27266822749946074,0.09884229471584621,57511.66827741265,60000.0,438,0.24114271504310109,0.0,0.0,0.0,1264,0,0,0,0.0,0.6559014116364406,0.175934917058134,0.0,1.0,1.0
2023-12-05,46.53755569458008,47.079722713949764,44.30014156222818,0.2788297620643793,0.09938282853379403,57511.66827741265,60000.0,438,0.1998641944474026,0.0,0.0,0.0,1235,0,0,0,0.0,0.6563180241881668,0.05757967423298363,0.0,1.0,1.0
2023-12-06,45.47520065307617,46.92691108910466,44.071159369070386,0.29094486806972103,0.10173024771847136,57511.66827741265,60000.0,438,0.23423897822419132,0.0,0.0,0.0,1264,0,0,0,0.0,0.657433549049536,0.15467781730529653,0.0,1.0,1.0
2023-12-07,46.56753158569336,46.89268446973215,44.03964650593176,0.2998559612276987,0.10386497032460627,57511.66827741265,60000.0,438,0.192323654230999,0.0,0.0,0.0,1235,0,0,0,0.0,0.6576834033709553,0.03466989443189908,0.0,1.0,1.0
2023-12-08,47.47697830200195,46.94833150137689,44.12783119517553,0.3065300982665287,0.09647396944453278,57511.66827741265,60000.0,438,0.03004701301398202,0.0,0.0,0.0,1211,0,0,0,0.0,0.6572771800399487,0.0,0.0,0.0,1.0
2023-12-11,46.59851837158203,46.91501596520595,44.0314372721384,0.2939603011926067,0.08416484590387191,57511.66827741265,60000.0,438,0.19193796604006846,0.0,0.0,0.0,1234,0,0,0,0.0,0.6575203834539965,0.033730948089056266,0.0,1.0,1.0
2023-12-12,47.62788772583008,46.98290851383682,44.11488263696108,0.30487667394414975,0.08368121852580551,57511.66827741265,60000.0,438,0.029958668747146894,0.0,0.0,0.0,1207,0,0,0,0.0,0.6570247678489912,0.0,0.0,0.0,1.0
2023-12-13,48.05862045288086,47.08535726993625,44.33655414747109,0.2960508911537606,0.0707102996558615,57511.66827741265,60000.0,438,0.02969691217531284,0.0,0.0,0.0,1196,0,0,0,0.0,0.6562768919294654,0.0,0.0,0.0,1.0
2023-12-14,48.320465087890625,47.20298658593191,44.48777794929608,0.29218533837119076,0.0706682042266575,57511.66827741265,60000.0,438,0.02939636927294395,0.0,0.0,0.0,1190,0,0,0,0.0,0.6554181979226971,0.0,0.0,0.0,1.0
2023-12-15,48.86013412475586,47.360810161058,44.71040551864166,0.29167029249266246,0.07108850100745126,57511.66827741265,60000.0,438,0.028993130038496767,0.0,0.0,0.0,1177,0,0,0,0.0,0.6542660858242766,0.0,0.0,0.0,1.0
2023-12-18,50.04640579223633,47.616581173551175,44.85006121151222,0.3041614546297701,0.07140602310569572,57511.66827741265,60000.0,438,0.02833963510157672,0.0,0.0,0.0,1149,0,0,0,0.0,0.6523989574330764,0.0,0.0,0.0,1.0
2023-12-19,49.573692321777344,47.80297271147748,45.1755636165209,0.29512764008156317,0.07020557218825481,57511.66827741265,60000.0,438,0.027863404722174995,0.0,0.0,0.0,1160,0,0,0,0.0,0.6510382992062144,0.0,0.0,0.0,1.0
2023-12-20,48.081607818603516,47.82950938834663,45.40223663316278,0.3120032089714476,0.09181108585478423,57511.66827741265,60000.0,438,0.027795603512774353,0.0,0.0,0.0,1196,0,0,0,0.0,0.6508445814650696,0.0,0.0,0.0,1.0
2023-12-21,48.9600715637207,47.9371819764775,45.48163218583545,0.3073211585781835,0.09644817618332899,57511.66827741265,60000.0,438,0.027520500050099983,0.0,0.0,0.0,1174,0,0,0,0.0,0.6500585715717143,0.0,0.0,0.0,1.0
2023-12-22,48.8001708984375,48.019371397616545,45.51035686886207,0.2988012870287898,0.09630746784437388,57511.66827741265,60000.0,438,0.02731050607908972,0.0,0.0,0.0,1178,0,0,0,0.0,0.6494585887973993,0.0,0.0,0.0,1.0
2023-12-26,49.248897552490234,48.13646912665213,45.54153764272693,0.29859731317405286,0.0953377038189042,57511.66827741265,60000.0,438,0.027011321381403774,0.0,0.0,0.0,1167,0,0,0,0.0,0.6486037753754395,0.0,0.0,0.0,1.0
2023-12-27,49.386810302734375,48.25554923865997,45.55963765895283,0.296290221278112,0.09526048683155303,57511.66827741265,60000.0,438,0.026707071695223794,0.0,0.0,0.0,1164,0,0,0,0.0,0.6477344905577823,0.0,0.0,0.0,1.0
2023-12-28,49.49174499511719,48.37328216784637,45.57849702400559,0.2957406900599095,0.09475151495795543,57511.66827741265,60000.0,438,0.026406264061152512,0.0,0.0,0.0,1162,0,0,0,0.0,0.6468750401747215,0.0,0.0,0.0,1.0
2023-12-29,49.49174499511719,48.47980243711026,45.655571024349726,0.273836641595033,0.09646665850852709,57511.66827741265,60000.0,438,0.026134104773183287,0.0,0.0,0.0,1162,0,0,0,0.0,0.6460974422090952,0.0,0.0,0.0,1.0
