threshold,score_mix_lambda,w_shortage,w_value,w_bb,w_trend,w_risk,shares,spent,cash,trades,avg_price
0.4,0.6,0.45,0.45,0.2,0.15,0.1,1781,6952.589307457209,53047.41069254279,668,3.9037559278254963
0.4,0.6,0.45,0.45,0.15,0.15,0.1,1776,6893.331251293421,53106.66874870658,668,3.8813802090616107
0.4,0.6,0.45,0.45,0.1,0.15,0.1,1769,6923.081379175186,53076.918620824814,671,3.913556460811298
0.4,0.6,0.45,0.35,0.2,0.15,0.1,1676,5712.551163166761,54287.44883683324,644,3.4084434147773037
0.4,0.6,0.45,0.35,0.15,0.15,0.1,1674,5771.748025983572,54228.25197401643,646,3.447878151722564
0.4,0.6,0.45,0.35,0.1,0.15,0.1,1666,5754.755699276924,54245.244300723076,647,3.454235113611599
0.4,0.7,0.45,0.45,0.2,0.15,0.1,1657,6895.948351442814,53104.051648557186,692,4.161706910949194
0.4,0.7,0.45,0.45,0.15,0.15,0.1,1648,6843.474311381578,53156.52568861842,692,4.152593635547074
0.4,0.7,0.45,0.45,0.1,0.15,0.1,1644,6865.612062484026,53134.387937515974,695,4.176163055038945
0.4,0.6,0.45,0.25,0.2,0.15,0.1,1582,4768.391736865044,55231.608263134956,624,3.014154068814819
0.4,0.6,0.45,0.25,0.15,0.15,0.1,1575,4798.380752772093,55201.61924722791,626,3.046590954141011
0.4,0.6,0.45,0.25,0.1,0.15,0.1,1569,4789.552837461233,55210.44716253877,626,3.0526149378338006
0.4,0.7,0.45,0.35,0.2,0.15,0.1,1566,6036.760137140751,53963.23986285925,679,3.85489153074122
0.4,0.7,0.45,0.35,0.15,0.15,0.1,1561,6040.231554895639,53959.76844510436,682,3.8694628794975268
0.4,0.7,0.45,0.35,0.1,0.15,0.1,1560,6090.146738797426,53909.853261202574,684,3.9039402171778375
0.4,0.6,0.45,0.45,0.2,0.1,0.1,1544,5752.737913012505,54247.262086987495,609,3.7258665239718294
0.4,0.6,0.45,0.45,0.15,0.1,0.1,1540,5791.056116074324,54208.943883925676,614,3.7604260493989115
0.4,0.6,0.45,0.45,0.1,0.1,0.1,1533,5747.354101210833,54252.64589878917,614,3.749089433275168
0.4,0.8,0.45,0.45,0.2,0.15,0.1,1494,6912.534849256277,53087.46515074372,728,4.626864022259891
0.4,0.8,0.45,0.45,0.15,0.15,0.1,1487,6901.769515931606,53098.230484068394,728,4.641405188925089
0.4,0.8,0.45,0.45,0.1,0.15,0.1,1479,6887.53675276041,53112.46324723959,729,4.656887594834625
0.45,0.6,0.45,0.45,0.2,0.15,0.1,1478,6339.563790261745,53660.436209738255,551,4.289285379067487
0.45,0.6,0.45,0.45,0.15,0.15,0.1,1474,6311.053651273251,53688.94634872675,552,4.28158320981903
0.45,0.6,0.45,0.45,0.1,0.15,0.1,1469,6346.611964970827,53653.38803502917,557,4.3203621272776225
0.4,0.7,0.45,0.25,0.2,0.15,0.1,1460,5027.031835734844,54972.968164265156,657,3.4431724902293452
0.4,0.7,0.45,0.25,0.15,0.15,0.1,1457,5045.2658224105835,54954.73417758942,658,3.4627768170285407
0.4,0.7,0.45,0.45,0.2,0.1,0.1,1448,5821.600767880678,54178.39923211932,641,4.020442519254612
0.4,0.7,0.45,0.25,0.1,0.15,0.1,1444,4983.124115258455,55016.875884741545,658,3.4509169773258
0.4,0.7,0.45,0.45,0.15,0.1,0.1,1443,5860.573070257902,54139.4269297421,643,4.061381199069925
0.4,0.7,0.45,0.45,0.1,0.1,0.1,1438,5844.629577130079,54155.37042286992,644,4.064415561286564
0.4,0.6,0.45,0.35,0.2,0.1,0.1,1433,4647.196924060583,55352.80307593942,587,3.2429845945991507
0.4,0.6,0.45,0.35,0.15,0.1,0.1,1426,4667.103803217411,55332.89619678259,589,3.2728638171230093
0.4,0.6,0.45,0.35,0.1,0.1,0.1,1420,4658.629168540239,55341.37083145976,590,3.280724766577633
0.4,0.8,0.45,0.35,0.2,0.15,0.1,1400,6002.606963932514,53997.393036067486,714,4.287576402808939
0.4,0.8,0.45,0.35,0.15,0.15,0.1,1395,5999.362402796745,54000.637597203255,715,4.30061820989014
0.4,0.8,0.45,0.35,0.1,0.15,0.1,1387,5987.2813988626,54012.7186011374,716,4.316713337319827
0.45,0.7,0.45,0.45,0.2,0.15,0.1,1381,6607.696271121502,53392.3037288785,579,4.784718516380523
0.45,0.6,0.45,0.35,0.2,0.15,0.1,1370,5211.014392912388,54788.98560708761,532,3.803660140811962
0.45,0.7,0.45,0.45,0.15,0.15,0.1,1367,6510.421159774065,53489.578840225935,580,4.762561199542111
0.45,0.6,0.45,0.35,0.15,0.15,0.1,1363,5227.614182621241,54772.38581737876,534,3.8353735749238744
0.45,0.7,0.45,0.45,0.1,0.15,0.1,1362,6501.229019492865,53498.770980507135,581,4.773295902711355
0.45,0.6,0.45,0.35,0.1,0.15,0.1,1359,5232.683476179838,54767.31652382016,535,3.8503925505370407
0.4,0.7,0.45,0.35,0.2,0.1,0.1,1349,4878.142631053925,55121.857368946075,618,3.6161175915892696
0.4,0.7,0.45,0.35,0.15,0.1,0.1,1348,4889.571961760521,55110.42803823948,620,3.627278903383176
0.4,0.7,0.45,0.35,0.1,0.1,0.1,1343,4889.239445060492,55110.76055493951,620,3.640535699970582
0.4,0.8,0.45,0.25,0.2,0.15,0.1,1317,5064.660802692175,54935.339197307825,694,3.845604254132251
0.4,0.6,0.45,0.25,0.2,0.1,0.1,1313,3695.598243445158,56304.40175655484,560,2.814621662943761
0.4,0.6,0.35,0.45,0.2,0.15,0.1,1311,6757.4231159091,53242.5768840909,528,5.154403597184668
0.4,0.8,0.45,0.25,0.15,0.15,0.1,1311,5112.283146619797,54887.7168533802,695,3.899529478733636
0.4,0.6,0.45,0.45,0.2,0.05,0.1,1307,4874.235854655504,55125.764145344496,549,3.7293311818328263
0.4,0.6,0.45,0.25,0.15,0.1,0.1,1305,3661.2980943620205,56338.70190563798,560,2.805592409472813
0.4,0.6,0.35,0.45,0.15,0.15,0.1,1304,6751.4607400894165,53248.53925991058,528,5.177500567553234
0.4,0.8,0.45,0.45,0.2,0.1,0.1,1302,5677.954305291176,54322.045694708824,680,4.36094800713608
0.4,0.6,0.45,0.45,0.15,0.05,0.1,1302,4855.351348251104,55144.648651748896,550,3.7291485009609096
0.4,0.8,0.45,0.25,0.1,0.15,0.1,1300,5045.275417268276,54954.724582731724,697,3.880981090206366
0.4,0.6,0.45,0.25,0.1,0.1,0.1,1300,3649.5911695361137,56350.408830463886,561,2.8073778227200874
0.4,0.6,0.35,0.45,0.1,0.15,0.1,1294,6696.273855060339,53303.72614493966,529,5.174863875626228
0.4,0.8,0.45,0.45,0.15,0.1,0.1,1294,5653.244658231735,54346.755341768265,681,4.368813491678312
0.4,0.6,0.45,0.45,0.1,0.05,0.1,1293,4831.122353732586,55168.877646267414,550,3.7363668629022317
0.4,0.8,0.45,0.45,0.1,0.1,0.1,1286,5633.3707620203495,54366.62923797965,682,4.380537139984719
0.4,0.6,0.45,0.45,0.2,0.15,0.2,1275,5231.15857860446,54768.84142139554,503,4.102869473415263
0.4,0.6,0.45,0.45,0.15,0.15,0.2,1267,5166.14990311861,54833.85009688139,503,4.077466379730553
0.45,0.7,0.45,0.35,0.2,0.15,0.1,1264,5358.723069101572,54641.27693089843,554,4.239496098972762
0.4,0.6,0.45,0.45,0.1,0.15,0.2,1264,5156.34256207943,54843.65743792057,504,4.0793849383539795
0.45,0.8,0.45,0.45,0.2,0.15,0.1,1261,6028.274123162031,53971.72587683797,603,4.780550454529763
0.45,0.7,0.45,0.35,0.15,0.15,0.1,1261,5417.528082728386,54582.471917271614,559,4.296215767429331
0.45,0.7,0.45,0.35,0.1,0.15,0.1,1256,5457.298561543226,54542.701438456774,560,4.3449829311649895
0.45,0.8,0.45,0.45,0.15,0.15,0.1,1254,6051.43498557806,53948.56501442194,603,4.825705730126045
0.45,0.8,0.45,0.45,0.1,0.15,0.1,1249,6065.9467079639435,53934.05329203606,604,4.856642680515567
0.5,0.6,0.45,0.45,0.2,0.15,0.1,1244,5423.525209248066,54576.474790751934,477,4.359746952771757
0.45,0.6,0.45,0.25,0.2,0.15,0.1,1244,4060.3530506789684,55939.64694932103,504,3.263949397651904
0.4,0.7,0.45,0.25,0.2,0.1,0.1,1243,3760.979984998703,56239.0200150013,583,3.02572806516388
0.45,0.6,0.45,0.25,0.15,0.15,0.1,1241,4094.250371813774,55905.749628186226,507,3.2991542077467964
0.4,0.7,0.45,0.25,0.15,0.1,0.1,1239,3790.739703208208,56209.26029679179,586,3.0595154989573916
0.45,0.6,0.45,0.25,0.1,0.15,0.1,1236,4117.366087704897,55882.6339122951,509,3.331202336330823
0.4,0.7,0.45,0.25,0.1,0.1,0.1,1235,3770.8256256878376,56229.17437431216,589,3.053300101771528
0.5,0.6,0.45,0.45,0.15,0.15,0.1,1234,5366.544019848108,54633.45598015189,478,4.348901150606246
0.4,0.7,0.45,0.45,0.2,0.05,0.1,1232,4766.626317679882,55233.37368232012,563,3.8690148682466576
0.5,0.6,0.45,0.45,0.1,0.15,0.1,1227,5335.538402527571,54664.46159747243,479,4.348442055849691
0.4,0.7,0.45,0.45,0.15,0.05,0.1,1226,4738.722301483154,55261.277698516846,563,3.8651894791869124
0.45,0.6,0.45,0.45,0.2,0.1,0.1,1222,5321.94781178236,54678.05218821764,480,4.355112775599313
0.4,0.7,0.45,0.45,0.1,0.05,0.1,1221,4732.934037178755,55267.065962821245,565,3.876276852726253
0.4,0.7,0.35,0.45,0.2,0.15,0.1,1214,6313.423405051231,53686.57659494877,538,5.200513513221773
0.4,0.8,0.45,0.35,0.2,0.1,0.1,1210,4726.013578057289,55273.98642194271,658,3.905796345501892
0.45,0.6,0.45,0.45,0.15,0.1,0.1,1209,5268.6264398396015,54731.3735601604,481,4.357838246352028
0.4,0.8,0.45,0.35,0.15,0.1,0.1,1206,4735.050377219915,55264.949622780085,661,3.926244093880527
0.4,0.7,0.35,0.45,0.15,0.15,0.1,1205,6269.0043196082115,53730.99568039179,539,5.202493211293121
0.45,0.6,0.45,0.45,0.1,0.1,0.1,1202,5243.460912853479,54756.53908714652,481,4.362280293555307
0.4,0.7,0.35,0.45,0.1,0.15,0.1,1201,6258.041249006987,53741.95875099301,540,5.210692130730214
0.4,0.8,0.45,0.35,0.1,0.1,0.1,1200,4712.468331843615,55287.531668156385,663,3.927056943203012
0.4,0.7,0.45,0.45,0.2,0.15,0.2,1196,5090.802782416344,54909.197217583656,518,4.256524065565505
0.4,0.7,0.45,0.45,0.15,0.15,0.2,1191,5063.512937903404,54936.487062096596,518,4.25148021654358
0.4,0.7,0.45,0.45,0.1,0.15,0.2,1188,5081.777503579855,54918.222496420145,519,4.2775904912288345
0.4,0.6,0.45,0.35,0.2,0.05,0.1,1173,3632.056436419487,56367.94356358051,510,3.0963822987378404
0.45,0.8,0.45,0.35,0.2,0.15,0.1,1169,5192.286847144365,54807.713152855635,588,4.441648286693212
0.4,0.6,0.35,0.35,0.2,0.15,0.1,1168,5284.013955414295,54715.986044585705,494,4.523984550868404
0.4,0.6,0.45,0.35,0.15,0.05,0.1,1167,3616.840106457472,56383.15989354253,511,3.0992631589181423
0.4,0.6,0.45,0.35,0.1,0.05,0.1,1166,3617.0494634211063,56382.950536578894,512,3.102100740498376
0.45,0.7,0.45,0.25,0.2,0.15,0.1,1162,4333.926520526409,55666.07347947359,529,3.729713012501213
0.4,0.6,0.35,0.35,0.15,0.15,0.1,1161,5300.96536269784,54699.03463730216,495,4.565861638843962
0.45,0.8,0.45,0.35,0.15,0.15,0.1,1161,5157.075490146875,54842.924509853125,588,4.441925486775948
0.4,0.6,0.45,0.35,0.2,0.15,0.2,1157,4157.905057042837,55842.09494295716,471,3.5936949499073787
0.5,0.7,0.45,0.45,0.2,0.15,0.1,1155,5312.090455442667,54687.90954455733,491,4.599212515534776
0.4,0.6,0.35,0.35,0.1,0.15,0.1,1155,5267.79274597764,54732.20725402236,495,4.560859520326961
0.45,0.8,0.45,0.35,0.1,0.15,0.1,1155,5161.164537370205,54838.835462629795,589,4.468540724995848
0.45,0.7,0.45,0.25,0.15,0.15,0.1,1154,4320.9803312420845,55679.019668757915,529,3.744350373693314
0.4,0.6,0.45,0.35,0.15,0.15,0.2,1154,4132.017082303762,55867.98291769624,472,3.5806040574556
0.4,0.6,0.45,0.35,0.1,0.15,0.2,1152,4143.267772167921,55856.73222783208,473,3.5965866077846536
0.45,0.7,0.45,0.25,0.1,0.15,0.1,1150,4313.374131470919,55686.62586852908,531,3.7507601143225378
0.5,0.7,0.45,0.45,0.15,0.15,0.1,1146,5323.895617723465,54676.104382276535,494,4.645633174278765
0.5,0.7,0.45,0.45,0.1,0.15,0.1,1142,5352.81754386425,54647.18245613575,497,4.68723077396169
0.45,0.7,0.45,0.45,0.2,0.1,0.1,1139,5320.339000284672,54679.66099971533,499,4.67106145766872
0.45,0.7,0.45,0.45,0.15,0.1,0.1,1133,5323.8603447675705,54676.13965523243,500,4.698905864755138
0.45,0.7,0.45,0.45,0.1,0.1,0.1,1129,5375.42651244998,54624.57348755002,503,4.7612280889725245
0.4,0.7,0.45,0.35,0.2,0.05,0.1,1120,3644.026118963957,56355.97388103604,522,3.2535947490749613
0.4,0.7,0.45,0.35,0.1,0.05,0.1,1115,3684.6891986727715,56315.31080132723,526,3.3046539898410505
0.4,0.7,0.45,0.35,0.15,0.05,0.1,1115,3661.3875359892845,56338.612464010715,523,3.283755637658551
0.5,0.6,0.45,0.35,0.2,0.15,0.1,1110,4275.809535175562,55724.19046482444,449,3.852080662320326
0.4,0.8,0.45,0.25,0.2,0.1,0.1,1110,3634.391779333353,56365.60822066665,626,3.274226828228246
0.4,0.7,0.35,0.35,0.2,0.15,0.1,1107,5386.1979386508465,54613.80206134915,511,4.865580793722535
0.5,0.6,0.45,0.35,0.15,0.15,0.1,1105,4315.695413827896,55684.304586172104,452,3.9056067093465123
0.4,0.7,0.35,0.35,0.15,0.15,0.1,1101,5399.59321564436,54600.40678435564,512,4.904262684508955
0.5,0.6,0.45,0.35,0.1,0.15,0.1,1101,4316.423487782478,55683.57651221752,454,3.920457300438218
0.4,0.7,0.35,0.35,0.1,0.15,0.1,1100,5431.123045861721,54568.87695413828,513,4.937384587147019
0.4,0.8,0.45,0.25,0.15,0.1,0.1,1100,3556.8534068763256,56443.146593123674,627,3.233503097160296
0.45,0.6,0.45,0.35,0.2,0.1,0.1,1095,4351.145532935858,55648.85446706414,456,3.9736488885258976
0.4,0.7,0.45,0.35,0.2,0.15,0.2,1095,4220.936014443636,55779.063985556364,487,3.854736086249896
0.4,0.8,0.35,0.45,0.2,0.15,0.1,1094,5851.444653183222,54148.55534681678,555,5.348669701264371
0.4,0.8,0.45,0.25,0.1,0.1,0.1,1092,3524.363893598318,56475.63610640168,629,3.227439463002123
0.45,0.6,0.45,0.35,0.15,0.1,0.1,1090,4358.816976934671,55641.18302306533,458,3.9989146577382306
0.4,0.7,0.45,0.35,0.15,0.15,0.2,1090,4212.699343055487,55787.30065694451,487,3.8648617826197125
0.4,0.8,0.45,0.45,0.2,0.05,0.1,1088,4760.050931870937,55239.94906812906,605,4.375046812381377
0.45,0.6,0.45,0.35,0.1,0.1,0.1,1086,4381.245838880539,55618.75416111946,460,4.034296352560349
0.4,0.8,0.35,0.45,0.15,0.15,0.1,1084,5832.2648503780365,54167.73514962196,557,5.380318127655015
0.4,0.7,0.45,0.35,0.1,0.15,0.2,1084,4218.6637588739395,55781.33624112606,490,3.8917562351235606
0.4,0.8,0.45,0.45,0.2,0.15,0.2,1082,5096.578226774931,54903.42177322507,555,4.7103310783502135
0.4,0.8,0.45,0.45,0.15,0.05,0.1,1082,4782.022222369909,55217.97777763009,608,4.419613883890859
0.4,0.8,0.45,0.45,0.15,0.15,0.2,1078,5103.407925516367,54896.59207448363,557,4.734144643336148
0.4,0.8,0.45,0.45,0.1,0.05,0.1,1078,4809.141724318266,55190.858275681734,611,4.461170430721953
0.4,0.8,0.35,0.45,0.1,0.15,0.1,1076,5791.169728457928,54208.83027154207,557,5.382128000425583
0.4,0.8,0.45,0.45,0.1,0.15,0.2,1068,5096.290647387505,54903.709352612495,558,4.7718077222729445
0.45,0.8,0.45,0.25,0.2,0.15,0.1,1066,4017.180821508169,55982.81917849183,555,3.7684623091071003
0.5,0.8,0.45,0.45,0.2,0.15,0.1,1064,5189.872602671385,54810.127397328615,520,4.877699814540775
0.45,0.8,0.45,0.25,0.15,0.15,0.1,1061,4050.290300488472,55949.70969951153,558,3.817427238914677
0.5,0.8,0.45,0.45,0.15,0.15,0.1,1059,5192.709836035967,54807.29016396403,522,4.90340872146928
0.45,0.8,0.45,0.25,0.1,0.15,0.1,1049,3962.0132743120193,56037.98672568798,560,3.7769430641677975
0.5,0.8,0.45,0.45,0.1,0.15,0.1,1048,5162.960137009621,54837.03986299038,523,4.9264886803526915
0.5,0.7,0.45,0.35,0.2,0.15,0.1,1042,4423.870658993721,55576.12934100628,467,4.245557254312592
0.45,0.8,0.45,0.45,0.2,0.1,0.1,1041,5127.659760653973,54872.34023934603,524,4.925705821953864
0.5,0.7,0.45,0.35,0.15,0.15,0.1,1037,4429.5649990439415,55570.43500095606,469,4.2715188033210625
0.45,0.8,0.45,0.45,0.15,0.1,0.1,1034,5092.608810424805,54907.391189575195,524,4.925153588418573
0.4,0.6,0.45,0.25,0.2,0.05,0.1,1033,2724.310707837343,57275.68929216266,465,2.6372804528919103
0.45,0.7,0.45,0.35,0.2,0.1,0.1,1032,4430.444043666124,55569.555956333876,471,4.293065933785004
0.5,0.7,0.45,0.35,0.1,0.15,0.1,1030,4420.991131335497,55579.0088686645,470,4.2922243993548514
0.4,0.6,0.35,0.25,0.2,0.15,0.1,1028,4066.977195739746,55933.022804260254,454,3.9562034978013094
0.45,0.7,0.45,0.35,0.15,0.1,0.1,1027,4412.193292498589,55587.80670750141,473,4.29619600048548
0.4,0.6,0.35,0.25,0.15,0.15,0.1,1026,4080.8995513617992,55919.1004486382,456,3.9774849428477577
0.4,0.6,0.45,0.25,0.1,0.05,0.1,1026,2693.1028854846954,57306.897114515305,466,2.6248566135328417
0.4,0.6,0.45,0.25,0.15,0.05,0.1,1026,2693.1028854846954,57306.897114515305,466,2.6248566135328417
0.45,0.8,0.45,0.45,0.1,0.1,0.1,1023,5066.363834172487,54933.63616582751,525,4.952457315906635
0.4,0.6,0.45,0.45,0.2,0.1,0.2,1022,4597.066768437624,55402.933231562376,411,4.498108383989847
0.45,0.7,0.45,0.35,0.1,0.1,0.1,1021,4390.59148389101,55609.40851610899,473,4.300285488629785
0.4,0.6,0.35,0.25,0.1,0.15,0.1,1021,4044.0793440043926,55955.92065599561,456,3.960900434872079
0.4,0.6,0.45,0.25,0.2,0.15,0.2,1019,3158.464619219303,56841.5353807807,424,3.09957273721227
0.4,0.6,0.45,0.45,0.15,0.1,0.2,1016,4552.82413366437,55447.17586633563,412,4.481126115811388
0.4,0.6,0.45,0.45,0.1,0.1,0.2,1012,4552.446525007486,55447.553474992514,412,4.498464945659571
0.4,0.6,0.45,0.25,0.1,0.15,0.2,1011,3168.0462259352207,56831.95377406478,427,3.133576880252444
0.4,0.6,0.45,0.25,0.15,0.15,0.2,1011,3119.60896140337,56880.39103859663,424,3.0856666284899803
0.45,0.6,0.35,0.45,0.2,0.15,0.1,1008,5818.017936170101,54181.9820638299,407,5.771843190644941
0.45,0.6,0.35,0.45,0.15,0.15,0.1,1002,5847.633164465427,54152.36683553457,409,5.835961241981464
0.4,0.7,0.45,0.25,0.2,0.05,0.1,1002,2718.3648631572723,57281.63513684273,475,2.7129389851868986
0.45,0.6,0.45,0.45,0.2,0.15,0.2,1001,4742.840885341167,55257.15911465883,390,4.738102782558609
0.4,0.7,0.45,0.25,0.15,0.05,0.1,998,2710.4516541957855,57289.548345804214,477,2.7158834210378613
0.45,0.6,0.35,0.45,0.1,0.15,0.1,996,5858.926778882742,54141.07322111726,411,5.8824566053039575
0.4,0.6,0.35,0.45,0.2,0.1,0.1,992,5842.156492829323,54157.84350717068,412,5.889270658094075
0.45,0.6,0.45,0.45,0.15,0.15,0.2,991,4651.165378272533,55348.83462172747,391,4.693406032565624
0.45,0.6,0.45,0.45,0.1,0.15,0.2,987,4630.007359743118,55369.99264025688,391,4.690990232769117
0.4,0.7,0.45,0.25,0.1,0.05,0.1,987,2622.280389249325,57377.719610750675,477,2.6568190367267728
0.4,0.6,0.35,0.45,0.15,0.1,0.1,984,5829.36011621356,54170.63988378644,412,5.924146459566626
0.4,0.7,0.35,0.25,0.2,0.15,0.1,982,4082.2432817816734,55917.75671821833,463,4.157070551712499
0.4,0.6,0.35,0.45,0.1,0.1,0.1,980,5776.022660404444,54223.977339595556,413,5.893900673882086
0.4,0.8,0.35,0.35,0.2,0.15,0.1,979,4965.108583003283,55034.89141699672,533,5.071612444334303
0.4,0.7,0.35,0.25,0.15,0.15,0.1,979,4070.8953081965446,55929.104691803455,463,4.158217883755408
0.4,0.7,0.45,0.25,0.2,0.15,0.2,977,3216.7546431720257,56783.245356827974,443,3.2924817227963414
0.4,0.8,0.45,0.35,0.2,0.05,0.1,974,3744.2158801853657,56255.784119814634,571,3.8441641480342565
0.4,0.8,0.35,0.35,0.15,0.15,0.1,973,4943.506774395704,55056.493225604296,533,5.080685276871227
0.4,0.7,0.35,0.25,0.1,0.15,0.1,971,4046.025131583214,55953.974868416786,464,4.166864193185596
0.4,0.8,0.45,0.35,0.2,0.15,0.2,969,4083.8036130070686,55916.19638699293,522,4.21445161301039
0.4,0.8,0.45,0.35,0.15,0.05,0.1,968,3740.1121251285076,56259.88787487149,573,3.8637521953806897
0.4,0.7,0.45,0.25,0.15,0.15,0.2,968,3201.704042673111,56798.29595732689,445,3.307545498629247
0.55,0.6,0.45,0.45,0.2,0.15,0.1,966,4846.890926033258,55153.10907396674,371,5.017485430676251
0.5,0.6,0.45,0.25,0.2,0.15,0.1,966,3110.6003496050835,56889.39965039492,407,3.220083177645014
0.4,0.8,0.45,0.35,0.15,0.15,0.2,965,4137.718338757753,55862.28166124225,526,4.287791024619434
0.4,0.8,0.35,0.35,0.1,0.15,0.1,963,4917.77552229166,55082.22447770834,535,5.106724322213562
0.5,0.6,0.45,0.25,0.15,0.15,0.1,959,3076.4709956645966,56923.5290043354,407,3.207998952726378
0.4,0.7,0.45,0.25,0.1,0.15,0.2,958,3131.5820405483246,56868.417959451675,445,3.268874781365683
0.4,0.8,0.45,0.35,0.1,0.15,0.2,956,4130.697172313929,55869.30282768607,530,4.3208129417509715
0.4,0.8,0.45,0.35,0.1,0.05,0.1,956,3723.8193619847298,56276.18063801527,576,3.8952085376409307
0.55,0.6,0.45,0.45,0.15,0.15,0.1,954,4791.666698008776,55208.333301991224,372,5.022711423489283
0.5,0.6,0.45,0.25,0.1,0.15,0.1,954,3078.2272706329823,56921.77272936702,408,3.2266533235146566
0.45,0.7,0.35,0.45,0.2,0.15,0.1,952,5514.665569752455,54485.334430247545,416,5.792715934613923
0.4,0.7,0.45,0.45,0.2,0.1,0.2,952,4346.539760559797,55653.4602394402,420,4.565693025798106
0.55,0.6,0.45,0.45,0.1,0.15,0.1,951,4782.668769448996,55217.331230551004,373,5.029094394793897
0.4,0.7,0.45,0.45,0.15,0.1,0.2,949,4332.075286895037,55667.92471310496,421,4.564884390827225
0.5,0.6,0.45,0.45,0.2,0.1,0.1,948,4867.480014115572,55132.51998588443,376,5.134472588729507
0.45,0.6,0.45,0.25,0.2,0.1,0.1,948,3129.1941222548485,56870.80587774515,411,3.3008376817034266
0.45,0.7,0.35,0.45,0.15,0.15,0.1,941,5481.882455646992,54518.11754435301,417,5.8255924077013725
0.5,0.6,0.45,0.45,0.15,0.1,0.1,940,4804.623559445143,55195.37644055486,378,5.111301658984194
0.4,0.7,0.45,0.45,0.1,0.1,0.2,940,4307.001071155071,55692.99892884493,422,4.581916033143693
0.45,0.6,0.45,0.25,0.15,0.1,0.1,938,3097.041254609823,56902.95874539018,411,3.3017497383900034
0.5,0.8,0.45,0.35,0.2,0.15,0.1,937,4064.8201318085194,55935.17986819148,482,4.3381218055587185
0.45,0.6,0.45,0.25,0.1,0.1,0.1,936,3111.395621329546,56888.604378670454,412,3.3241406210785747
0.45,0.7,0.35,0.45,0.1,0.15,0.1,935,5438.37891960144,54561.62108039856,417,5.816448042354482
0.45,0.7,0.45,0.45,0.2,0.15,0.2,934,4508.438518732786,55491.561481267214,398,4.827021968664654
0.4,0.7,0.35,0.45,0.2,0.1,0.1,930,5400.714004665613,54599.28599533439,417,5.807219359855498
0.5,0.8,0.45,0.35,0.15,0.15,0.1,930,4041.365848213434,55958.634151786566,484,4.345554675498317
0.5,0.6,0.45,0.45,0.1,0.1,0.1,929,4748.8044854700565,55251.19551452994,378,5.111737874564108
0.45,0.7,0.45,0.45,0.15,0.15,0.2,929,4498.247723609209,55501.75227639079,400,4.842031995273637
0.45,0.6,0.45,0.45,0.2,0.05,0.1,926,4697.859198272228,55302.14080172777,379,5.073282071568281
0.4,0.7,0.35,0.45,0.15,0.1,0.1,924,5378.297410428524,54621.702589571476,417,5.8206681931044635
0.5,0.8,0.45,0.35,0.1,0.15,0.1,924,4067.717798948288,55932.28220105171,487,4.402291990203775
0.45,0.7,0.45,0.45,0.1,0.15,0.2,921,4480.689074456692,55519.31092554331,400,4.865026139475235
0.4,0.7,0.35,0.45,0.1,0.1,0.1,920,5397.837551951408,54602.16244804859,419,5.867214730381965
0.45,0.8,0.45,0.35,0.2,0.1,0.1,918,4047.8804537951946,55952.119546204805,488,4.409455832020909
0.45,0.6,0.45,0.45,0.15,0.05,0.1,917,4658.62694555521,55341.37305444479,379,5.080291107475692
0.45,0.8,0.45,0.35,0.15,0.1,0.1,913,4062.7215383648872,55937.27846163511,492,4.449859297223315
0.5,0.7,0.45,0.25,0.2,0.15,0.1,911,3168.7800437510014,56831.219956249,419,3.478353505763997
0.45,0.6,0.45,0.45,0.1,0.05,0.1,910,4662.445783704519,55337.55421629548,380,5.123566795279691
0.55,0.7,0.45,0.45,0.2,0.15,0.1,906,4693.042276918888,55306.95772308111,379,5.17995836304513
0.45,0.8,0.45,0.35,0.1,0.1,0.1,906,4052.761632144451,55947.23836785555,495,4.473246834596525
0.5,0.7,0.45,0.25,0.15,0.15,0.1,904,3167.2647209763527,56832.73527902365,420,3.50361141700924
0.45,0.7,0.45,0.25,0.2,0.1,0.1,903,3153.4663957059383,56846.53360429406,421,3.4922108479578498
0.45,0.7,0.45,0.25,0.15,0.1,0.1,899,3168.657894194126,56831.342105805874,422,3.524647268291575
0.5,0.7,0.45,0.25,0.1,0.15,0.1,896,3140.5060708522797,56859.49392914772,421,3.505029096933348
0.55,0.7,0.45,0.45,0.15,0.15,0.1,894,4665.181686013937,55334.81831398606,381,5.218324033572636
0.45,0.7,0.45,0.25,0.1,0.1,0.1,892,3135.7239885926247,56864.276011407375,423,3.515385637435678
0.55,0.7,0.45,0.45,0.1,0.15,0.1,891,4685.723592191935,55314.276407808065,383,5.258949037252452
0.4,0.6,0.45,0.35,0.2,0.1,0.2,891,3456.0848633646965,56543.9151366353,368,3.8788831238661015
0.5,0.7,0.45,0.45,0.2,0.1,0.1,889,4640.994497328997,55359.005502671,383,5.220466251213719
0.4,0.6,0.45,0.35,0.15,0.1,0.2,884,3422.5232813358307,56577.47671866417,368,3.8716326711943787
0.5,0.7,0.45,0.45,0.15,0.1,0.1,883,4612.9357561171055,55387.064243882895,383,5.224162804209633
0.4,0.6,0.45,0.35,0.1,0.1,0.2,881,3478.5942893326283,56521.40571066737,369,3.948461168368477
0.45,0.7,0.45,0.45,0.2,0.05,0.1,880,4599.948217004538,55400.05178299546,385,5.227213882959702
0.5,0.7,0.45,0.45,0.1,0.1,0.1,873,4595.474901735783,55404.52509826422,385,5.264003323866876
0.45,0.7,0.45,0.45,0.15,0.05,0.1,870,4612.125424087048,55387.87457591295,386,5.301293590904653
0.45,0.7,0.45,0.45,0.1,0.05,0.1,868,4626.093023657799,55373.9069763422,388,5.3296002576702755
0.45,0.6,0.45,0.35,0.2,0.15,0.2,866,3686.305478543043,56313.69452145696,347,4.2567037858464705
0.45,0.6,0.45,0.35,0.15,0.15,0.2,861,3642.800355166197,56357.1996448338,347,4.230894721447383
0.4,0.8,0.45,0.45,0.2,0.1,0.2,856,4160.935823500156,55839.06417649984,443,4.8609063358646685
0.45,0.6,0.45,0.35,0.1,0.15,0.2,855,3658.0204711556435,56341.97952884436,348,4.278386515971513
0.4,0.8,0.35,0.25,0.2,0.15,0.1,853,3764.7439257204533,56235.25607427955,490,4.413533324408503
0.4,0.8,0.45,0.45,0.15,0.1,0.2,850,4211.351654201746,55788.648345798254,446,4.954531357884407
0.45,0.6,0.35,0.35,0.2,0.15,0.1,849,4401.226504415274,55598.773495584726,359,5.184012372691724
0.4,0.8,0.45,0.25,0.2,0.15,0.2,848,3113.9101046323776,56886.08989536762,486,3.672063802632521
0.45,0.8,0.45,0.45,0.2,0.15,0.2,847,4380.715514600277,55619.28448539972,415,5.17203720732028
0.4,0.8,0.35,0.25,0.15,0.15,0.1,846,3765.3685704171658,56234.631429582834,493,4.450790272360716
0.4,0.6,0.45,0.45,0.2,0.15,0.3,845,3736.6537823677063,56263.346217632294,328,4.4220754820919606
0.45,0.6,0.35,0.35,0.15,0.15,0.1,843,4404.123157918453,55595.87684208155,361,5.2243453830586635
0.4,0.8,0.45,0.45,0.1,0.1,0.2,841,4227.9918348789215,55772.00816512108,448,5.027338685944021
0.4,0.6,0.45,0.45,0.15,0.15,0.3,841,3705.7271015644073,56294.27289843559,328,4.406334246806668
0.4,0.8,0.45,0.25,0.2,0.05,0.1,841,2695.4149793684483,57304.58502063155,530,3.205011866074255
0.45,0.6,0.35,0.35,0.1,0.15,0.1,840,4415.998552441597,55584.0014475584,362,5.257141133859044
0.4,0.8,0.45,0.25,0.15,0.15,0.2,840,3095.030251532793,56904.96974846721,492,3.684559823253325
0.4,0.6,0.35,0.35,0.2,0.1,0.1,839,4395.730817019939,55604.26918298006,362,5.239250079880739
0.45,0.8,0.45,0.45,0.15,0.15,0.2,839,4370.68186044693,55629.31813955307,417,5.209394350949857
0.4,0.7,0.45,0.35,0.2,0.1,0.2,839,3479.318138986826,56520.681861013174,378,4.14698228723102
0.4,0.8,0.35,0.25,0.1,0.15,0.1,838,3758.0906648635864,56241.90933513641,499,4.484595065469674
0.45,0.8,0.35,0.45,0.2,0.15,0.1,835,4981.448078244925,55018.551921755075,428,5.965806081730449
0.4,0.6,0.35,0.35,0.1,0.1,0.1,833,4405.247100263834,55594.752899736166,363,5.288411885070629
0.4,0.6,0.35,0.35,0.15,0.1,0.1,833,4405.247100263834,55594.752899736166,363,5.288411885070629
0.4,0.6,0.45,0.45,0.1,0.15,0.3,832,3663.775509893894,56336.224490106106,327,4.403576334007084
0.4,0.7,0.45,0.35,0.15,0.1,0.2,832,3471.646279513836,56528.353720486164,379,4.172651778261822
0.4,0.8,0.45,0.25,0.15,0.05,0.1,831,2595.8691190183163,57404.130880981684,531,3.123789553571981
0.45,0.8,0.45,0.45,0.1,0.15,0.2,829,4387.371527343988,55612.62847265601,421,5.29236613672375
0.4,0.8,0.45,0.25,0.1,0.15,0.2,829,3053.8634216189384,56946.13657838106,493,3.6837918234245337
0.55,0.8,0.45,0.45,0.2,0.15,0.1,828,4537.087646573782,55462.91235342622,395,5.479574452383795
0.4,0.8,0.45,0.25,0.1,0.05,0.1,826,2621.847306728363,57378.15269327164,534,3.1741492817534662
0.45,0.8,0.35,0.45,0.15,0.15,0.1,825,4966.996356844902,55033.0036431551,428,6.020601644660488
0.4,0.7,0.45,0.35,0.1,0.1,0.2,822,3431.020108640194,56568.979891359806,380,4.1739903998055885
0.55,0.8,0.45,0.45,0.15,0.15,0.1,817,4472.628793865442,55527.37120613456,397,5.4744538480605165
0.55,0.6,0.45,0.35,0.2,0.15,0.1,816,3800.017533659935,56199.982466340065,327,4.656884232426391
0.4,0.8,0.35,0.45,0.2,0.1,0.1,814,4934.359796375036,55065.640203624964,428,6.061867071713804
0.45,0.8,0.35,0.45,0.1,0.15,0.1,813,4945.380234867334,55054.619765132666,428,6.082878517671998
0.5,0.8,0.45,0.25,0.2,0.15,0.1,813,3029.4861769378185,56970.51382306218,446,3.7263052606861238
0.45,0.7,0.45,0.35,0.2,0.15,0.2,810,3662.765731215477,56337.23426878452,355,4.521933001500589
0.4,0.8,0.35,0.45,0.15,0.1,0.1,809,4891.610399276018,55108.38960072398,428,6.046489986744151
0.5,0.8,0.45,0.25,0.15,0.15,0.1,807,3052.1728975772858,56947.827102422714,450,3.782122549662064
0.55,0.6,0.45,0.35,0.15,0.15,0.1,806,3742.329861342907,56257.67013865709,330,4.643089157993681
0.4,0.6,0.45,0.45,0.2,0.05,0.2,806,3698.3392380476,56301.6607619524,332,4.588510220902729
0.55,0.8,0.45,0.45,0.1,0.15,0.1,805,4442.423590421677,55557.57640957832,398,5.518538621641834
0.5,0.8,0.45,0.45,0.2,0.1,0.1,804,4398.951276391745,55601.048723608255,398,5.471332433323066
0.45,0.7,0.35,0.35,0.2,0.15,0.1,804,4337.8987917900085,55662.10120820999,367,5.395396507201503
0.45,0.7,0.45,0.35,0.15,0.15,0.2,804,3650.826856315136,56349.173143684864,355,4.540829423277533
0.4,0.6,0.35,0.45,0.2,0.15,0.2,802,4429.06448662281,55570.93551337719,324,5.522524297534677
0.4,0.8,0.35,0.45,0.1,0.1,0.1,800,4888.020176529884,55111.979823470116,428,6.110025220662355
0.4,0.6,0.45,0.45,0.15,0.05,0.2,800,3678.628288269043,56321.37171173096,332,4.598285360336304
0.45,0.8,0.45,0.25,0.2,0.1,0.1,800,3068.449670255184,56931.550329744816,455,3.83556208781898
0.45,0.7,0.35,0.35,0.15,0.15,0.1,799,4316.283793210983,55683.71620678902,367,5.4021073757333955
0.5,0.8,0.45,0.45,0.15,0.1,0.1,798,4417.4573274850845,55582.542672514915,400,5.535660811384818
0.4,0.6,0.35,0.45,0.15,0.15,0.2,797,4407.032802820206,55592.967197179794,325,5.5295267287581
0.4,0.7,0.35,0.35,0.2,0.1,0.1,797,4300.783466279507,55699.21653372049,368,5.39621513962297
0.55,0.6,0.45,0.35,0.1,0.15,0.1,797,3723.5878968536854,56276.412103146315,331,4.672004889402365
0.5,0.6,0.45,0.35,0.2,0.1,0.1,797,3722.6639099419117,56277.33609005809,330,4.670845558270906
0.45,0.7,0.35,0.35,0.1,0.15,0.1,796,4349.109088361263,55650.89091163874,369,5.463704884875959
0.4,0.7,0.35,0.35,0.15,0.1,0.1,795,4339.9906286001205,55660.00937139988,369,5.459107708930969
0.45,0.8,0.45,0.25,0.15,0.1,0.1,795,3064.9359697699547,56935.064030230045,458,3.8552653707798172
0.5,0.8,0.45,0.25,0.1,0.15,0.1,795,3009.1950143277645,56990.804985672235,456,3.7851509614185717
0.45,0.7,0.45,0.35,0.1,0.15,0.2,794,3648.632639080286,56351.367360919714,356,4.595255212947463
0.4,0.6,0.35,0.45,0.1,0.15,0.2,791,4423.71434661746,55576.28565338254,326,5.5925592245479905
0.5,0.6,0.45,0.35,0.15,0.1,0.1,791,3721.709781318903,56278.2902186811,332,4.70506925577611
0.4,0.6,0.45,0.45,0.1,0.05,0.2,790,3636.2619285285473,56363.73807147145,331,4.602863200669047
0.5,0.6,0.45,0.35,0.1,0.1,0.1,789,3766.7983835935593,56233.20161640644,335,4.774142438014651
0.4,0.7,0.35,0.35,0.1,0.1,0.1,788,4398.652890890837,55601.34710910916,371,5.5820468158513155
0.45,0.6,0.45,0.35,0.2,0.05,0.1,788,3699.9547248482704,56300.04527515173,334,4.695374016304911
0.5,0.6,0.45,0.45,0.2,0.15,0.2,786,4034.7979178726673,55965.20208212733,302,5.133330684316371
0.5,0.8,0.45,0.45,0.1,0.1,0.1,785,4366.171862900257,55633.82813709974,402,5.562002373121347
0.45,0.8,0.45,0.45,0.2,0.05,0.1,784,4362.908919274807,55637.09108072519,402,5.564934846013784
0.4,0.7,0.45,0.45,0.2,0.15,0.3,784,3676.1655441224575,56323.83445587754,336,4.688986663421502
0.45,0.8,0.45,0.25,0.1,0.1,0.1,783,3013.380978733301,56986.6190212667,460,3.84850699710511
0.45,0.6,0.45,0.35,0.15,0.05,0.1,781,3706.2765316069126,56293.72346839309,336,4.745552537268774
0.45,0.6,0.45,0.35,0.1,0.05,0.1,780,3704.246497243643,56295.75350275636,337,4.749033970825183
0.45,0.8,0.45,0.45,0.15,0.05,0.1,778,4365.120495170355,55634.879504829645,407,5.610694723869351
0.4,0.7,0.45,0.45,0.15,0.15,0.3,777,3695.3093933165073,56304.69060668349,337,4.75586794506629
0.5,0.6,0.45,0.45,0.15,0.15,0.2,775,3971.101237088442,56028.89876291156,303,5.124001596243151
0.45,0.8,0.45,0.45,0.1,0.05,0.1,772,4378.3403469622135,55621.65965303779,412,5.671425319899241
0.55,0.7,0.45,0.35,0.2,0.15,0.1,772,3676.3710147440434,56323.62898525596,337,4.762138620134771
0.5,0.6,0.45,0.45,0.1,0.15,0.2,769,3935.4019967615604,56064.59800323844,304,5.117557863148973
0.55,0.7,0.45,0.35,0.15,0.15,0.1,768,3701.9402313530445,56298.059768646955,341,4.820234676240943
0.45,0.6,0.45,0.45,0.2,0.1,0.2,767,3930.996408969164,56069.003591030836,305,5.125158290702951
0.5,0.7,0.45,0.35,0.2,0.1,0.1,766,3705.8714315593243,56294.128568440676,343,4.837952260521311
0.4,0.7,0.45,0.45,0.1,0.15,0.3,766,3679.184535384178,56320.81546461582,338,4.8031129704754285
0.4,0.6,0.25,0.45,0.2,0.15,0.1,765,5392.283149123192,54607.71685087681,315,7.048736142644695
0.45,0.6,0.45,0.45,0.15,0.1,0.2,763,3906.19695481658,56093.80304518342,306,5.119524187177693
0.4,0.6,0.25,0.45,0.15,0.15,0.1,760,5380.5036209225655,54619.496379077435,315,7.079610027529691
0.55,0.7,0.45,0.35,0.1,0.15,0.1,760,3678.043121099472,56321.95687890053,343,4.839530422499306
0.4,0.7,0.35,0.45,0.2,0.15,0.2,759,4393.781155407429,55606.21884459257,336,5.788907978138905
0.5,0.7,0.45,0.35,0.15,0.1,0.1,759,3719.2619438767433,56280.73805612326,344,4.900213364791493
0.45,0.6,0.45,0.45,0.1,0.1,0.2,758,3915.8398052453995,56084.1601947546,308,5.166015574202374
0.5,0.7,0.45,0.35,0.1,0.1,0.1,756,3766.4168124198914,56233.58318758011,346,4.982032820661232
0.4,0.6,0.25,0.45,0.1,0.15,0.1,755,5339.457758963108,54660.54224103689,315,7.072129482070342
0.4,0.7,0.45,0.45,0.2,0.05,0.2,755,3585.722631663084,56414.277368336916,337,4.749301498891502
0.45,0.7,0.45,0.35,0.15,0.05,0.1,754,3739.3556097745895,56260.64439022541,347,4.959357572645344
0.45,0.7,0.45,0.35,0.2,0.05,0.1,754,3672.720617890358,56327.27938210964,345,4.8709822518439765
0.4,0.7,0.35,0.45,0.15,0.15,0.2,753,4388.667192608118,55611.33280739188,338,5.8282432836761195
0.4,0.7,0.45,0.45,0.15,0.05,0.2,751,3633.449259519577,56366.55074048042,340,4.838148148494776
0.45,0.7,0.45,0.35,0.1,0.05,0.1,749,3749.960763514042,56250.03923648596,348,5.006623182261738
0.4,0.7,0.45,0.45,0.1,0.05,0.2,745,3623.156103938818,56376.84389606118,341,4.863296783810494
0.5,0.6,0.35,0.45,0.2,0.15,0.1,744,4893.8008461892605,55106.19915381074,295,6.5776893093941675
0.4,0.7,0.35,0.45,0.1,0.15,0.2,744,4368.581742703915,55631.418257296085,338,5.8717496541719285
0.4,0.8,0.45,0.35,0.2,0.1,0.2,737,3307.478872090578,56692.52112790942,401,4.48775966362358
0.4,0.6,0.45,0.25,0.2,0.1,0.2,736,2332.8721096515656,57667.127890348434,306,3.1696631924613663
0.5,0.6,0.35,0.45,0.15,0.15,0.1,733,4834.3395873606205,55165.66041263938,296,6.595279109632497
0.5,0.6,0.35,0.45,0.1,0.15,0.1,731,4834.588965296745,55165.411034703255,298,6.613664795207586
0.45,0.6,0.35,0.45,0.2,0.1,0.1,731,4807.007733255625,55192.992266744375,296,6.575933971621922
0.5,0.7,0.45,0.45,0.2,0.15,0.2,731,3803.5107122659683,56196.48928773403,311,5.2031610290916115
0.4,0.6,0.45,0.25,0.15,0.1,0.2,731,2358.4796566665173,57641.52034333348,309,3.2263743593249212
0.4,0.8,0.45,0.35,0.15,0.1,0.2,730,3347.849726587534,56652.150273412466,403,4.5860955158733345
0.4,0.6,0.45,0.25,0.1,0.1,0.2,729,2348.719601839781,57651.28039816022,310,3.221837588257587
0.5,0.7,0.45,0.45,0.15,0.15,0.2,725,3768.7304412722588,56231.26955872774,312,5.19824888451346
0.45,0.6,0.35,0.45,0.15,0.1,0.1,724,4763.193230509758,55236.80676949024,298,6.5789961747372345
0.45,0.8,0.45,0.35,0.2,0.15,0.2,724,3473.136721342802,56526.8632786572,373,4.797150167600555
0.45,0.6,0.35,0.45,0.1,0.1,0.1,720,4728.532144844532,55271.46785515547,298,6.567405756728517
0.45,0.7,0.45,0.45,0.2,0.1,0.2,720,3759.519364833832,56240.48063516617,312,5.2215546733803215
0.4,0.6,0.45,0.35,0.2,0.15,0.3,720,2767.881376296282,57232.11862370372,283,3.844279689300391
0.4,0.8,0.45,0.35,0.1,0.1,0.2,719,3298.3769249916077,56701.62307500839,405,4.587450521546047
0.5,0.7,0.45,0.45,0.1,0.15,0.2,718,3793.335539728403,56206.6644602716,315,5.283197130540952
0.4,0.7,0.25,0.45,0.2,0.15,0.1,716,4995.27127623558,55004.72872376442,319,6.976635860664219
0.4,0.6,0.45,0.35,0.15,0.15,0.3,716,2752.9521346390247,57247.047865360975,283,3.8449052159762913
0.4,0.6,0.35,0.45,0.2,0.05,0.1,715,4706.7891672849655,55293.210832715034,297,6.582921912286665
0.45,0.7,0.45,0.45,0.15,0.1,0.2,715,3774.1671360731125,56225.83286392689,314,5.2785554350672905
0.45,0.8,0.45,0.35,0.15,0.15,0.2,715,3499.964532494545,56500.035467505455,376,4.895055290202161
0.4,0.6,0.35,0.45,0.15,0.05,0.1,711,4671.539298355579,55328.46070164442,298,6.570378759993782
0.45,0.6,0.45,0.25,0.2,0.15,0.2,710,2524.070195823908,57475.92980417609,286,3.555028444822405
0.4,0.7,0.25,0.45,0.15,0.15,0.1,709,4948.754435241222,55051.24556475878,319,6.979907525022881
0.45,0.8,0.35,0.35,0.2,0.15,0.1,708,4014.37093475461,55985.62906524539,388,5.670015444568659
0.4,0.6,0.35,0.45,0.1,0.05,0.1,707,4647.4126334786415,55352.58736652136,298,6.573426638583651
0.4,0.8,0.45,0.45,0.2,0.15,0.3,706,3460.7068790197372,56539.29312098026,352,4.90185110342739
0.45,0.7,0.45,0.45,0.1,0.1,0.2,705,3759.724555581808,56240.27544441819,315,5.332942632030933
0.45,0.8,0.35,0.35,0.15,0.15,0.1,703,4044.423783928156,55955.576216071844,390,5.753092153525115
0.45,0.8,0.45,0.35,0.1,0.15,0.2,703,3459.9158361256123,56540.08416387439,377,4.9216441481160915
0.45,0.6,0.45,0.25,0.15,0.15,0.2,703,2544.0872781276703,57455.91272187233,288,3.6189008223722197
0.4,0.7,0.25,0.45,0.1,0.15,0.1,702,4955.0540054142475,55044.94599458575,320,7.058481489194085
0.4,0.6,0.45,0.35,0.1,0.15,0.3,702,2730.5791471004486,57269.42085289955,283,3.889713884758474
0.55,0.6,0.45,0.45,0.2,0.1,0.1,701,4166.542429924011,55833.45757007599,271,5.94371245352926
0.4,0.8,0.45,0.45,0.15,0.15,0.3,699,3471.8761815428734,56528.12381845713,353,4.96691871465361
0.5,0.7,0.35,0.45,0.2,0.15,0.1,698,4513.23620095849,55486.76379904151,297,6.46595444263394
0.45,0.6,0.45,0.25,0.1,0.15,0.2,697,2527.6007096767426,57472.39929032326,288,3.6263998704113956
0.45,0.8,0.35,0.35,0.1,0.15,0.1,694,4004.117804825306,55995.882195174694,391,5.76962219715462
0.4,0.7,0.45,0.25,0.2,0.1,0.2,693,2479.228536248207,57520.77146375179,319,3.5775303553365183
0.5,0.7,0.35,0.45,0.15,0.15,0.1,692,4516.458227992058,55483.54177200794,300,6.5266737398729155
0.55,0.6,0.45,0.45,0.15,0.1,0.1,691,4083.3406549096107,55916.65934509039,272,5.909320774109422
0.4,0.8,0.35,0.35,0.2,0.1,0.1,690,4035.5708737671375,55964.42912623286,394,5.848653440242228
0.4,0.8,0.45,0.45,0.1,0.15,0.3,689,3424.7302423119545,56575.269757688046,355,4.970580903210384
0.55,0.8,0.45,0.35,0.2,0.15,0.1,688,3480.7710350453854,56519.228964954615,355,5.059260225356665
0.5,0.6,0.45,0.45,0.2,0.05,0.1,687,4063.4672850072384,55936.53271499276,272,5.9147995414952526
0.4,0.7,0.45,0.25,0.15,0.1,0.2,684,2437.7227333784103,57562.27726662159,319,3.5639221248222372
0.4,0.8,0.35,0.35,0.15,0.1,0.1,683,4042.3814183473587,55957.61858165264,394,5.918567230376806
0.5,0.7,0.35,0.45,0.1,0.15,0.1,682,4467.26485016942,55532.73514983058,301,6.550241715790939
0.55,0.6,0.45,0.45,0.1,0.1,0.1,680,4064.0993649065495,55935.90063509345,273,5.976616713097867
0.45,0.7,0.35,0.45,0.2,0.1,0.1,679,4414.947445392609,55585.05255460739,300,6.502131731064225
0.5,0.6,0.45,0.45,0.15,0.05,0.1,679,4030.06108084321,55969.93891915679,274,5.93528877885598
0.45,0.7,0.35,0.45,0.15,0.1,0.1,677,4397.8754178881645,55602.124582111835,301,6.496123216969224
0.45,0.6,0.35,0.25,0.15,0.15,0.1,676,3219.243964612484,56780.756035387516,302,4.762195213923793
0.4,0.7,0.35,0.45,0.2,0.05,0.1,675,4380.300107717514,55619.699892282486,301,6.489333492914835
0.5,0.6,0.45,0.45,0.1,0.05,0.1,675,4012.4831406474113,55987.51685935259,275,5.944419467625795
0.55,0.8,0.45,0.35,0.15,0.15,0.1,675,3427.917898595333,56572.08210140467,355,5.078396886807901
0.45,0.6,0.35,0.25,0.2,0.15,0.1,675,3172.3627541065216,56827.63724589348,300,4.699796672750402
0.4,0.7,0.45,0.25,0.1,0.1,0.2,675,2399.6724584400654,57600.327541559935,322,3.555070308800097
0.4,0.6,0.35,0.25,0.2,0.1,0.1,674,3212.835267841816,56787.164732158184,303,4.766817904809816
0.45,0.6,0.35,0.25,0.1,0.15,0.1,674,3211.555339753628,56788.44466024637,302,4.764918901711614
0.4,0.6,0.35,0.25,0.15,0.1,0.1,673,3253.019779264927,56746.98022073507,305,4.833610370378792
0.4,0.6,0.35,0.25,0.1,0.1,0.1,672,3249.170252621174,56750.829747378826,305,4.835074780686271
0.4,0.8,0.35,0.35,0.1,0.1,0.1,671,3978.0793513655663,56021.920648634434,396,5.928583236014257
0.5,0.8,0.45,0.35,0.2,0.1,0.1,671,3427.8612291514874,56572.13877084851,356,5.108586034502962
0.4,0.7,0.45,0.35,0.2,0.15,0.3,670,2790.409365326166,57209.590634673834,290,4.164790097501741
0.4,0.7,0.35,0.45,0.15,0.05,0.1,668,4333.783266723156,55666.216733276844,301,6.487699501082568
0.45,0.7,0.35,0.45,0.1,0.1,0.1,667,4404.611898690462,55595.38810130954,302,6.603616040015686
0.55,0.8,0.45,0.35,0.1,0.15,0.1,667,3427.8635508716106,56572.13644912839,358,5.13922571345069
0.4,0.6,0.45,0.35,0.2,0.05,0.2,666,2656.9337878227234,57343.06621217728,283,3.989390071805891
0.45,0.7,0.45,0.25,0.2,0.15,0.2,666,2654.0502569377422,57345.94974306226,295,3.985060445852466
0.4,0.6,0.45,0.35,0.15,0.05,0.2,665,2708.65933278203,57291.34066721797,285,4.073171928995534
0.4,0.8,0.35,0.45,0.2,0.15,0.2,664,3894.60389649868,56105.39610350132,343,5.865367314004036
0.5,0.8,0.45,0.35,0.15,0.1,0.1,663,3415.541434943676,56584.458565056324,359,5.151646206551548
0.45,0.8,0.45,0.35,0.2,0.05,0.1,662,3414.9315267801285,56585.06847321987,360,5.158506838036448
0.4,0.7,0.45,0.35,0.15,0.15,0.3,662,2788.424883365631,57211.57511663437,292,4.212122180310621
0.4,0.7,0.35,0.45,0.1,0.05,0.1,661,4352.538914471865,55647.461085528135,302,6.584778993149568
0.55,0.7,0.45,0.45,0.2,0.1,0.1,661,3911.302479058504,56088.697520941496,276,5.917250346533289
0.45,0.7,0.35,0.25,0.2,0.15,0.1,661,3219.733052611351,56780.26694738865,305,4.87100310531218
0.4,0.8,0.45,0.45,0.2,0.05,0.2,660,3316.7953321635723,56683.20466783643,351,5.0254474729751095
0.4,0.6,0.45,0.45,0.2,0.1,0.3,660,3016.2644758820534,56983.73552411795,264,4.570097690730384
0.55,0.7,0.45,0.45,0.15,0.1,0.1,659,3913.199683755636,56086.800316244364,278,5.93808753225438
0.4,0.6,0.35,0.35,0.2,0.15,0.2,658,3302.4095248281956,56697.590475171804,275,5.0188594602252214
0.4,0.7,0.35,0.25,0.2,0.1,0.1,658,3227.1650597453117,56772.83494025469,306,4.9045061698257015
0.4,0.6,0.45,0.35,0.1,0.05,0.2,658,2714.3985044658184,57285.60149553418,286,4.125225690677536
0.45,0.7,0.35,0.25,0.15,0.15,0.1,657,3218.6127051115036,56781.3872948885,306,4.898953889058605
0.45,0.8,0.45,0.35,0.15,0.05,0.1,656,3438.2550773620605,56561.74492263794,364,5.241242495978751
0.4,0.6,0.45,0.45,0.15,0.1,0.3,655,3006.4027251005173,56993.59727489948,265,4.5899278245809425
0.45,0.7,0.45,0.25,0.15,0.15,0.2,655,2629.3619015812874,57370.63809841871,296,4.0142929795134155
0.4,0.8,0.35,0.45,0.15,0.15,0.2,654,3891.946727961302,56108.0532720387,346,5.950988880674774
0.5,0.7,0.45,0.45,0.2,0.05,0.1,654,3891.7163416445255,56108.283658355474,279,5.950636608019153
0.5,0.8,0.45,0.45,0.2,0.15,0.2,654,3452.7760527431965,56547.2239472568,317,5.279474086763297
0.4,0.7,0.35,0.25,0.15,0.1,0.1,653,3206.4605184793472,56793.53948152065,306,4.910353014516612
0.5,0.8,0.45,0.35,0.1,0.1,0.1,652,3385.6566012203693,56614.34339877963,362,5.192724848497499
0.4,0.8,0.45,0.45,0.15,0.05,0.2,652,3314.851919233799,56685.1480807662,353,5.084128710481287
0.4,0.6,0.35,0.35,0.15,0.15,0.2,651,3274.057130277157,56725.94286972284,275,5.029273625617752
0.4,0.7,0.45,0.35,0.1,0.15,0.3,651,2768.356508821249,57231.64349117875,292,4.25246775548579
0.45,0.6,0.45,0.45,0.2,0.15,0.3,650,3166.958011060953,56833.04198893905,251,4.872243093939928
0.55,0.7,0.45,0.45,0.1,0.1,0.1,649,3894.726066470146,56105.273933529854,280,6.001118746487128
0.4,0.8,0.35,0.45,0.1,0.15,0.2,648,3876.893442362547,56123.10655763745,347,5.982860250559486
0.45,0.7,0.45,0.25,0.1,0.15,0.2,648,2647.0216311514378,57352.97836884856,299,4.084909924616416
0.5,0.7,0.45,0.45,0.15,0.05,0.1,647,3935.2949716448784,56064.70502835512,281,6.082372444582502
0.4,0.6,0.35,0.35,0.1,0.15,0.2,647,3288.5160917043686,56711.48390829563,276,5.082714206652811
0.5,0.8,0.45,0.45,0.15,0.15,0.2,646,3491.8893872201443,56508.110612779856,320,5.405401528204558
0.45,0.7,0.35,0.25,0.1,0.15,0.1,646,3162.0498573482037,56837.950142651796,308,4.894814020662854
0.4,0.6,0.45,0.45,0.1,0.1,0.3,646,2999.4535823762417,57000.54641762376,265,4.643117000582418
0.45,0.6,0.45,0.45,0.15,0.15,0.3,644,3125.1430927813053,56874.856907218695,251,4.85270666580948
0.4,0.8,0.45,0.45,0.1,0.05,0.2,643,3250.718802034855,56749.281197965145,354,5.05555023644612
0.5,0.6,0.45,0.35,0.2,0.15,0.2,643,2895.62883451581,57104.37116548419,257,4.50331078462801
0.45,0.8,0.45,0.45,0.2,0.1,0.2,641,3447.264771670103,56552.7352283299,322,5.37794816173183
0.4,0.7,0.35,0.25,0.1,0.1,0.1,641,3147.717446833849,56852.28255316615,308,4.910635642486504
0.45,0.8,0.45,0.35,0.1,0.05,0.1,640,3364.5300469100475,56635.46995308995,365,5.2570781982969494
0.5,0.7,0.45,0.45,0.1,0.05,0.1,639,3933.115826934576,56066.884173065424,283,6.155110840273202
0.5,0.6,0.45,0.35,0.15,0.15,0.2,637,2887.538159698248,57112.46184030175,258,4.533026938301802
0.55,0.6,0.45,0.25,0.2,0.15,0.1,637,2564.532890200615,57435.467109799385,270,4.02595430172781
0.4,0.7,0.45,0.35,0.2,0.05,0.2,636,2719.6155327558517,57280.38446724415,291,4.276125051502912
0.45,0.6,0.45,0.35,0.2,0.1,0.2,635,2912.756044000387,57087.24395599961,260,4.587017392126594
0.5,0.8,0.45,0.45,0.1,0.15,0.2,633,3447.6204135119915,56552.37958648801,322,5.446477746464441
0.45,0.6,0.45,0.45,0.1,0.15,0.3,633,3092.9628935456276,56907.03710645437,250,4.886197304179507
0.55,0.6,0.45,0.25,0.15,0.15,0.1,633,2603.402997583151,57396.59700241685,274,4.112800944049211
0.4,0.7,0.45,0.35,0.15,0.05,0.2,632,2734.7540427446365,57265.24595725536,294,4.32714247269721
0.55,0.6,0.45,0.25,0.1,0.15,0.1,632,2643.050495952368,57356.94950404763,275,4.182041923975265
0.5,0.6,0.45,0.25,0.2,0.1,0.1,632,2561.99657151103,57438.00342848897,273,4.053792043530111
0.5,0.6,0.45,0.35,0.1,0.15,0.2,631,2931.5609654188156,57068.439034581184,259,4.645896934102719
0.45,0.8,0.45,0.45,0.15,0.1,0.2,628,3436.424946844578,56563.57505315542,324,5.472014246567799
0.5,0.6,0.45,0.25,0.15,0.1,0.1,628,2627.9248061180115,57372.07519388199,276,4.184593640315305
0.45,0.6,0.45,0.35,0.15,0.1,0.2,627,2920.090897500515,57079.909102499485,261,4.657242260766371
0.5,0.6,0.45,0.25,0.1,0.1,0.1,627,2641.370320081711,57358.62967991829,277,4.212711834261102
0.45,0.6,0.45,0.25,0.2,0.05,0.1,626,2630.4926549196243,57369.507345080376,277,4.202064943961061
0.45,0.6,0.45,0.25,0.15,0.05,0.1,625,2629.1987612843513,57370.80123871565,278,4.206718018054962
0.4,0.7,0.45,0.35,0.1,0.05,0.2,624,2701.5377433001995,57298.4622566998,295,4.329387409134935
0.4,0.7,0.45,0.45,0.2,0.1,0.3,623,2982.134855747223,57017.86514425278,270,4.786733315806137
0.45,0.6,0.45,0.35,0.1,0.1,0.2,623,2919.9111060500145,57080.088893949986,261,4.6868557079454485
0.45,0.8,0.45,0.45,0.1,0.1,0.2,622,3419.089137405157,56580.91086259484,326,5.496927873641732
0.4,0.7,0.35,0.35,0.2,0.15,0.2,621,3321.234944343567,56678.76505565643,282,5.348204419232797
0.45,0.6,0.45,0.25,0.1,0.05,0.1,621,2614.0012610554695,57385.99873894453,278,4.209341805242302
0.4,0.7,0.45,0.45,0.15,0.1,0.3,619,3008.465889543295,56991.534110456705,273,4.860203375675759
0.55,0.7,0.45,0.25,0.2,0.15,0.1,618,2604.4265197217464,57395.57348027825,277,4.214282394371758
0.4,0.8,0.25,0.45,0.2,0.15,0.1,614,4460.278335720301,55539.7216642797,330,7.264296963713845
0.4,0.7,0.35,0.35,0.15,0.15,0.2,613,3311.4062114953995,56688.5937885046,283,5.4019677185895585
0.55,0.7,0.45,0.25,0.15,0.15,0.1,613,2644.493930220604,57355.506069779396,279,4.314019462023824
0.45,0.7,0.45,0.45,0.2,0.15,0.3,612,3114.467808097601,56885.5321919024,256,5.088999686433988
0.5,0.7,0.45,0.25,0.2,0.1,0.1,612,2640.652046263218,57359.34795373678,279,4.314790925266696
0.5,0.7,0.45,0.25,0.15,0.1,0.1,610,2636.1873722076416,57363.81262779236,279,4.3216186429633465
0.45,0.7,0.45,0.25,0.2,0.05,0.1,610,2625.1320292949677,57374.86797070503,280,4.3034951299917505
0.5,0.8,0.35,0.45,0.2,0.15,0.1,609,4096.031813502312,55903.96818649769,310,6.725832206079329
0.45,0.7,0.45,0.25,0.15,0.05,0.1,609,2656.564295053482,57343.43570494652,283,4.362174540317705
0.55,0.7,0.45,0.25,0.1,0.15,0.1,608,2635.1534217000008,57364.8465783,282,4.334133917269738
0.4,0.7,0.45,0.45,0.1,0.1,0.3,606,2957.124629020691,57042.87537097931,272,4.879743612245364
0.4,0.7,0.35,0.35,0.1,0.15,0.2,605,3274.369332164526,56725.630667835474,283,5.41218071432153
0.4,0.8,0.25,0.45,0.15,0.15,0.1,604,4435.545477628708,55564.45452237129,330,7.3436183404448805
0.5,0.7,0.45,0.35,0.2,0.15,0.2,604,2875.2879832088947,57124.712016791105,263,4.760410568226647
0.4,0.8,0.45,0.25,0.2,0.1,0.2,601,2286.8451262414455,57713.154873758554,342,3.8050667657927546
0.45,0.7,0.45,0.45,0.15,0.15,0.3,600,3073.987151890993,56926.01284810901,256,5.123311919818322
0.5,0.7,0.45,0.35,0.15,0.15,0.2,598,2933.1055401563644,57066.894459843636,265,4.904858762803285
0.45,0.7,0.45,0.35,0.2,0.1,0.2,598,2926.4175578057766,57073.58244219422,266,4.893674845829058
0.5,0.7,0.45,0.25,0.1,0.1,0.1,598,2589.411002725363,57410.58899727464,283,4.330118733654452
0.55,0.8,0.45,0.45,0.2,0.1,0.1,597,3735.5437534451485,56264.45624655485,294,6.257192216826044
0.4,0.8,0.25,0.45,0.1,0.15,0.1,596,4397.864852547646,55602.135147452354,330,7.37896787340209
0.5,0.8,0.35,0.45,0.15,0.15,0.1,596,4093.6810941398144,55906.318905860186,310,6.868592439831903
0.45,0.7,0.45,0.25,0.1,0.05,0.1,595,2567.014562934637,57432.98543706536,284,4.314310189806113
0.4,0.6,0.25,0.35,0.2,0.15,0.1,594,4127.92146730423,55872.07853269577,255,6.94936273956941
0.45,0.7,0.45,0.35,0.15,0.1,0.2,594,2992.783850967884,57007.216149032116,269,5.0383566514610845
0.4,0.8,0.45,0.35,0.2,0.15,0.3,592,2521.8547900021076,57478.14520999789,305,4.259889847976533
0.4,0.8,0.45,0.25,0.15,0.1,0.2,592,2247.5054342746735,57752.49456572533,344,3.7964618822207323
0.55,0.6,0.45,0.45,0.2,0.15,0.2,591,3341.209020137787,56658.79097986221,222,5.653483959624005
0.5,0.7,0.45,0.35,0.1,0.15,0.2,591,2975.2015156447887,57024.79848435521,268,5.0341819215647865
0.4,0.6,0.45,0.25,0.2,0.15,0.3,591,1691.8473736345768,58308.15262636542,233,2.862685911395223
0.4,0.6,0.25,0.35,0.15,0.15,0.1,590,4085.3842208385468,55914.61577916145,255,6.924380035319571
0.45,0.8,0.35,0.45,0.2,0.1,0.1,589,4051.8391718566418,55948.16082814336,310,6.879183653406862
0.4,0.6,0.25,0.35,0.1,0.15,0.1,588,4103.719232797623,55896.28076720238,256,6.979114341492555
0.55,0.8,0.45,0.45,0.15,0.1,0.1,587,3725.2501298487186,56274.74987015128,295,6.346252350679248
0.5,0.8,0.35,0.45,0.1,0.15,0.1,586,4066.0474284887314,55933.95257151127,310,6.93864748888862
0.4,0.8,0.45,0.25,0.1,0.1,0.2,586,2199.72980928421,57800.27019071579,344,3.753805135297287
0.45,0.6,0.35,0.45,0.2,0.15,0.2,584,3511.4435972869396,56488.55640271306,234,6.012745885765308
0.45,0.7,0.45,0.45,0.1,0.15,0.3,584,2987.0577721893787,57012.94222781062,254,5.114824952379073
0.45,0.7,0.45,0.35,0.1,0.1,0.2,584,2973.384571760893,57026.61542823911,270,5.091411937946734
0.4,0.6,0.45,0.25,0.15,0.15,0.3,584,1701.2283796668053,58298.771620333195,234,2.913062293950009
0.4,0.8,0.45,0.35,0.15,0.15,0.3,581,2531.832505017519,57468.16749498248,307,4.357715154935489
0.5,0.8,0.45,0.45,0.2,0.05,0.1,578,3679.5071254968643,56320.492874503136,296,6.3659292828665475
0.55,0.6,0.45,0.45,0.15,0.15,0.2,577,3239.6378942131996,56760.3621057868,222,5.61462373347175
0.45,0.8,0.45,0.25,0.2,0.15,0.2,577,2397.120994925499,57602.8790050745,313,4.154455797097919
0.45,0.8,0.35,0.45,0.15,0.1,0.1,576,4015.8829443454742,55984.117055654526,310,6.972019000599782
0.55,0.8,0.45,0.45,0.1,0.1,0.1,576,3706.6309978067875,56293.36900219321,297,6.4351232600812285
0.45,0.6,0.35,0.45,0.15,0.15,0.2,576,3475.6097888946533,56524.39021110535,234,6.034044772386551
0.4,0.6,0.45,0.25,0.1,0.15,0.3,576,1694.943008184433,58305.05699181557,235,2.942609389209085
0.4,0.6,0.35,0.45,0.2,0.1,0.2,575,3478.852190077305,56521.147809922695,234,6.050177721873574
0.4,0.8,0.35,0.45,0.2,0.05,0.1,573,3900.416489005089,56099.58351099491,310,6.807009579415513
0.4,0.8,0.45,0.35,0.1,0.15,0.3,573,2457.4118459522724,57542.58815404773,308,4.288676869026653
0.45,0.8,0.35,0.45,0.1,0.1,0.1,572,4015.227495253086,55984.772504746914,312,7.019628488204696
0.45,0.8,0.45,0.25,0.15,0.15,0.2,571,2453.567483574152,57546.43251642585,318,4.2969658206202315
0.4,0.6,0.35,0.45,0.15,0.1,0.2,570,3468.4671144783497,56531.53288552165,236,6.085030025400614
0.4,0.8,0.35,0.45,0.15,0.05,0.1,568,3928.895750761032,56071.10424923897,312,6.917069983734211
0.4,0.7,0.25,0.35,0.2,0.15,0.1,567,3887.657573699951,56112.34242630005,256,6.856538930687744
0.5,0.8,0.45,0.45,0.15,0.05,0.1,567,3663.856051892042,56336.14394810796,298,6.461827252014183
0.45,0.6,0.35,0.45,0.1,0.15,0.2,567,3439.7637879252434,56560.23621207476,234,6.066602800573621
0.5,0.6,0.35,0.35,0.2,0.15,0.1,565,3474.430411309004,56525.569588690996,233,6.149434356299122
0.5,0.6,0.45,0.45,0.2,0.1,0.2,565,3204.9962733983994,56795.0037266016,222,5.672559775926371
0.55,0.6,0.45,0.45,0.1,0.15,0.2,564,3156.1071508824825,56843.89284911752,220,5.595934664685252
0.4,0.8,0.35,0.45,0.1,0.05,0.1,562,3926.3139477968216,56073.68605220318,313,6.986323750528152
0.4,0.6,0.35,0.45,0.1,0.1,0.2,562,3425.9831551611423,56574.01684483886,235,6.096055436229791
0.45,0.8,0.45,0.25,0.1,0.15,0.2,562,2359.113397747278,57640.88660225272,318,4.197710672148182
0.5,0.6,0.45,0.45,0.15,0.1,0.2,560,3171.7373366355896,56828.26266336441,223,5.663816672563553
0.45,0.6,0.45,0.45,0.2,0.05,0.2,559,3158.9592573940754,56841.040742605925,224,5.651089905892801
0.4,0.7,0.25,0.35,0.15,0.15,0.1,558,3864.957457393408,56135.04254260659,256,6.926447056260588
0.5,0.8,0.45,0.45,0.1,0.05,0.1,557,3649.203333735466,56350.796666264534,299,6.551532017478395
0.5,0.6,0.35,0.35,0.15,0.15,0.1,557,3426.5435346364975,56573.4564653635,233,6.151783724661575
0.45,0.6,0.35,0.35,0.2,0.1,0.1,555,3402.755875825882,56597.24412417412,233,6.131091668154742
0.45,0.8,0.35,0.25,0.2,0.15,0.1,554,2865.756987631321,57134.24301236868,327,5.172846548070977
0.5,0.6,0.35,0.35,0.1,0.15,0.1,553,3402.4168697595596,56597.58313024044,233,6.152652567377142
0.45,0.6,0.45,0.45,0.15,0.05,0.2,551,3122.104624569416,56877.895375430584,224,5.666251587240319
0.45,0.6,0.35,0.35,0.1,0.1,0.1,550,3372.003915011883,56627.99608498812,235,6.130916209112514
0.45,0.6,0.35,0.35,0.15,0.1,0.1,550,3370.506226480007,56629.49377351999,234,6.1281931390545585
0.4,0.7,0.25,0.35,0.1,0.15,0.1,548,3835.77613273263,56164.22386726737,257,6.99959148308874
0.45,0.7,0.35,0.45,0.2,0.15,0.2,548,3312.753573447466,56687.246426552534,237,6.045170754466179
0.4,0.8,0.45,0.45,0.2,0.1,0.3,548,2651.979675322771,57348.02032467723,275,4.8393789695671
0.4,0.6,0.45,0.35,0.2,0.1,0.3,548,1977.9331835210323,58022.06681647897,222,3.6093671232135627
0.4,0.6,0.35,0.35,0.2,0.05,0.1,547,3361.9652276039124,56638.03477239609,235,6.146188715912088
0.5,0.6,0.45,0.45,0.1,0.1,0.2,546,3094.774430423975,56905.225569576025,222,5.668085037406548
0.4,0.8,0.45,0.35,0.2,0.05,0.2,545,2409.4797594845295,57590.52024051547,307,4.421063778870696
0.4,0.6,0.35,0.35,0.15,0.05,0.1,544,3333.342596769333,56666.65740323067,235,6.127468008767156
0.55,0.7,0.45,0.45,0.2,0.15,0.2,544,3046.2408207952976,56953.7591792047,224,5.599707391167827
0.4,0.8,0.35,0.35,0.2,0.15,0.2,542,3000.820182621479,56999.17981737852,290,5.536568602622655
0.45,0.8,0.35,0.25,0.15,0.15,0.1,542,2861.403137356043,57138.59686264396,327,5.279341581837717
0.4,0.7,0.45,0.25,0.2,0.15,0.3,542,1776.1986654996872,58223.80133450031,239,3.2771193090400135
0.4,0.6,0.35,0.35,0.1,0.05,0.1,541,3347.754516839981,56652.24548316002,236,6.1880859830683566
0.55,0.6,0.45,0.35,0.2,0.1,0.1,541,3105.705272644758,56894.29472735524,218,5.7406751804893865
0.45,0.6,0.45,0.45,0.1,0.05,0.2,540,3057.6183404922485,56942.38165950775,223,5.662256186096757
0.4,0.8,0.35,0.25,0.2,0.1,0.1,540,2805.496118813753,57194.50388118625,327,5.195363182988432
0.4,0.8,0.45,0.45,0.15,0.1,0.3,540,2649.891872137785,57350.108127862215,275,4.907207170625528
0.4,0.8,0.45,0.35,0.15,0.05,0.2,538,2413.241336941719,57586.75866305828,308,4.485578693200221
0.5,0.7,0.35,0.35,0.2,0.15,0.1,537,3323.4827829003334,56676.51721709967,237,6.188980973743638
0.45,0.7,0.35,0.45,0.15,0.15,0.2,537,3295.6647050380707,56704.33529496193,239,6.137178221672385
0.4,0.7,0.35,0.45,0.2,0.1,0.2,537,3276.54633808136,56723.45366191864,238,6.10157604856864
0.45,0.8,0.45,0.45,0.2,0.15,0.3,537,2707.812257230282,57292.18774276972,258,5.042480925940935
0.5,0.8,0.45,0.35,0.2,0.15,0.2,537,2646.259991377592,57353.74000862241,272,4.927858456941513
0.4,0.6,0.45,0.35,0.15,0.1,0.3,537,1973.5320878624916,58026.46791213751,223,3.6751063088686995
0.4,0.8,0.35,0.35,0.15,0.15,0.2,533,2970.174718528986,57029.825281471014,291,5.57256044752155
0.5,0.7,0.35,0.35,0.15,0.15,0.1,532,3301.954909801483,56698.04509019852,238,6.206682161280983
0.55,0.7,0.45,0.45,0.15,0.15,0.2,532,2990.93557831645,57009.06442168355,224,5.6220593577376885
0.4,0.7,0.45,0.25,0.15,0.15,0.3,532,1793.9388051331043,58206.061194866896,241,3.372065423182527
0.45,0.7,0.35,0.35,0.2,0.1,0.1,531,3279.784559249878,56720.21544075012,238,6.176618755649487
0.4,0.7,0.35,0.45,0.15,0.1,0.2,530,3263.7463672459126,56736.25363275409,239,6.1580120136715335
0.45,0.7,0.35,0.45,0.1,0.15,0.2,530,3250.0998454988003,56749.9001545012,238,6.132263859431698
0.5,0.6,0.45,0.35,0.2,0.05,0.1,530,3050.017660588026,56949.982339411974,218,5.754750302996276
0.55,0.6,0.45,0.35,0.15,0.1,0.1,530,3043.3907316327095,56956.60926836729,219,5.7422466634579425
0.5,0.7,0.45,0.45,0.2,0.1,0.2,530,2969.8703806102276,57030.12961938977,224,5.603529020019297
0.45,0.8,0.35,0.25,0.1,0.15,0.1,530,2789.371497899294,57210.628502100706,327,5.262965090376026
0.55,0.8,0.45,0.25,0.2,0.15,0.1,530,2369.6188650131226,57630.38113498688,297,4.4709789905907975
0.4,0.6,0.45,0.25,0.2,0.05,0.2,530,1602.3476636707783,58397.65233632922,230,3.02329747862411
0.45,0.8,0.45,0.45,0.15,0.15,0.3,529,2713.063016653061,57286.93698334694,261,5.128663547548319
0.4,0.8,0.45,0.45,0.1,0.1,0.3,529,2559.8341715037823,57440.16582849622,275,4.839005995281252
0.4,0.8,0.45,0.35,0.1,0.05,0.2,529,2333.737008213997,57666.262991786,308,4.411601149742905
0.4,0.6,0.45,0.25,0.15,0.05,0.2,529,1625.2312345802784,58374.76876541972,231,3.0722707648020386
0.4,0.7,0.35,0.35,0.2,0.05,0.1,528,3268.909030497074,56731.090969502926,238,6.19111558806264
0.55,0.6,0.45,0.35,0.1,0.1,0.1,527,3050.200154542923,56949.79984545708,220,5.787856080726609
0.4,0.7,0.35,0.45,0.1,0.1,0.2,526,3301.332857877016,56698.667142122984,240,6.2762982088916655
0.4,0.8,0.35,0.25,0.15,0.1,0.1,526,2723.4373983740807,57276.56260162592,327,5.17763763949445
0.5,0.8,0.45,0.35,0.15,0.15,0.2,526,2662.448361724615,57337.551638275385,274,5.061688900617139
0.55,0.8,0.45,0.25,0.15,0.15,0.1,526,2390.53633210063,57609.46366789937,301,4.544745878518308
0.5,0.7,0.35,0.35,0.1,0.15,0.1,525,3327.3047653138638,56672.695234686136,239,6.337723362502597
0.45,0.7,0.35,0.35,0.15,0.1,0.1,525,3258.5831300616264,56741.41686993837,238,6.206825009641193
0.45,0.6,0.45,0.35,0.2,0.15,0.3,525,2019.9651663899422,57980.03483361006,206,3.8475526978856043
0.4,0.6,0.45,0.35,0.1,0.1,0.3,525,1887.4499610960484,58112.55003890395,222,3.595142783040092
0.5,0.6,0.45,0.35,0.15,0.05,0.1,524,3031.361861169338,56968.63813883066,220,5.785041719788813
0.45,0.7,0.45,0.45,0.2,0.05,0.2,524,2974.6220078766346,57025.377992123365,226,5.676759557016478
0.5,0.8,0.45,0.25,0.2,0.1,0.1,524,2405.4235536158085,57594.57644638419,302,4.5905029649156655
0.4,0.7,0.45,0.25,0.1,0.15,0.3,524,1724.7183714210987,58275.2816285789,242,3.291447273704387
0.4,0.7,0.35,0.35,0.15,0.05,0.1,523,3331.309129565954,56668.690870434046,240,6.369615926512341
0.4,0.8,0.35,0.35,0.1,0.15,0.2,523,2880.994908004999,57119.005091995,291,5.508594470372848
0.45,0.7,0.35,0.35,0.1,0.1,0.1,521,3382.5980237424374,56617.40197625756,242,6.492510602192778
0.5,0.6,0.45,0.35,0.1,0.05,0.1,521,3021.149811923504,56978.850188076496,220,5.79875203824089
0.45,0.8,0.45,0.45,0.1,0.15,0.3,521,2686.134919166565,57313.865080833435,260,5.15572921145214
0.5,0.7,0.45,0.45,0.15,0.1,0.2,519,2957.7403475642204,57042.25965243578,225,5.698921671607361
0.45,0.8,0.45,0.35,0.2,0.1,0.2,519,2573.638892173767,57426.36110782623,275,4.95884179609589
0.4,0.8,0.35,0.25,0.1,0.1,0.1,518,2754.6773405969143,57245.322659403086,328,5.317909923932267
0.45,0.6,0.45,0.35,0.15,0.15,0.3,518,2002.8451458215714,57997.15485417843,206,3.866496420504964
0.5,0.8,0.45,0.35,0.1,0.15,0.2,516,2603.5721691548824,57396.42783084512,275,5.045682498362175
0.45,0.8,0.45,0.25,0.2,0.05,0.1,516,2392.956526696682,57607.04347330332,305,4.637512648636981
0.4,0.6,0.45,0.45,0.2,0.05,0.3,516,2181.3197766542435,57818.68022334576,209,4.227363908244658
0.55,0.7,0.45,0.45,0.1,0.15,0.2,515,2959.9189868867397,57040.08101311326,224,5.747415508517941
0.4,0.6,0.45,0.25,0.1,0.05,0.2,515,1532.6703932583332,58467.32960674167,229,2.9760590160355984
0.4,0.7,0.35,0.35,0.1,0.05,0.1,514,3333.6533857882023,56666.3466142118,242,6.485706976241639
0.5,0.8,0.45,0.25,0.15,0.1,0.1,514,2400.102944612503,57599.8970553875,305,4.669460981736387
0.45,0.8,0.45,0.35,0.15,0.1,0.2,513,2595.8484970629215,57404.15150293708,276,5.060133522539808
0.55,0.8,0.45,0.25,0.1,0.15,0.1,512,2357.4677985310555,57642.532201468945,305,4.604429294005968
0.45,0.7,0.45,0.45,0.15,0.05,0.2,511,2959.915224313736,57040.084775686264,227,5.792397699244102
0.5,0.7,0.45,0.45,0.1,0.1,0.2,510,2959.618715852499,57040.3812841475,225,5.803173952651959
0.55,0.7,0.45,0.35,0.2,0.1,0.1,510,2928.176416784525,57071.823583215475,220,5.74152238585201
0.4,0.6,0.35,0.45,0.2,0.15,0.3,510,2658.7710455060005,57341.228954494,205,5.213276559815688
0.55,0.6,0.35,0.45,0.2,0.15,0.1,509,3777.4065468609333,56222.59345313907,187,7.421230936858415
0.4,0.7,0.45,0.25,0.2,0.05,0.2,507,1634.291201531887,58365.70879846811,234,3.2234540464139783
0.55,0.7,0.45,0.35,0.15,0.1,0.1,505,2936.849642395973,57063.15035760403,222,5.8155438463286595
0.4,0.7,0.45,0.35,0.2,0.1,0.3,505,1913.5401763021946,58086.459823697805,224,3.789188467925138
0.5,0.7,0.45,0.35,0.2,0.05,0.1,504,2922.6030450463295,57077.39695495367,222,5.798815565568114
0.45,0.7,0.45,0.45,0.1,0.05,0.2,504,2910.9662776887417,57089.03372231126,226,5.775726741445916
0.45,0.8,0.45,0.25,0.15,0.05,0.1,504,2337.824135810137,57662.17586418986,308,4.63853995200424
0.4,0.6,0.45,0.45,0.15,0.05,0.3,504,2135.659712821245,57864.340287178755,208,4.237420065121518
0.45,0.8,0.45,0.35,0.1,0.1,0.2,503,2569.0045596659184,57430.99544033408,277,5.107364929753317
0.4,0.6,0.35,0.25,0.2,0.15,0.2,503,2073.100529104471,57926.89947089553,214,4.121472224859784
0.5,0.8,0.45,0.25,0.1,0.1,0.1,502,2328.3707199692726,57671.62928003073,307,4.638188685197754
0.4,0.6,0.35,0.25,0.15,0.15,0.2,502,2087.579546123743,57912.42045387626,215,4.158524992278372
0.45,0.6,0.25,0.45,0.2,0.15,0.1,500,4036.5378086566925,55963.46219134331,199,8.073075617313386
0.45,0.6,0.45,0.35,0.1,0.15,0.3,500,1925.628330141306,58074.371669858694,205,3.851256660282612
0.4,0.6,0.35,0.45,0.15,0.15,0.3,499,2614.1048099696636,57385.89519003034,204,5.238686993927182
0.45,0.6,0.25,0.45,0.15,0.15,0.1,498,4011.9176728129387,55988.08232718706,200,8.056059583961725
0.5,0.7,0.45,0.35,0.15,0.05,0.1,498,2893.005401134491,57106.99459886551,222,5.809247793442753
0.4,0.6,0.25,0.45,0.2,0.1,0.1,497,4006.4810888171196,55993.51891118288,200,8.061330158585754
0.5,0.6,0.45,0.45,0.2,0.15,0.3,497,2281.9831512868404,57718.01684871316,190,4.5915153949433405
0.4,0.7,0.45,0.35,0.15,0.1,0.3,496,1911.9009494781494,58088.09905052185,225,3.854639011044656
0.4,0.7,0.45,0.25,0.15,0.05,0.2,495,1574.8072908818722,58425.19270911813,234,3.181428870468429
0.55,0.7,0.45,0.35,0.1,0.1,0.1,494,2906.1609856784344,57093.839014321566,222,5.88291697505756
0.45,0.8,0.45,0.25,0.1,0.05,0.1,494,2304.590754419565,57695.409245580435,309,4.665163470484949
0.4,0.6,0.45,0.45,0.1,0.05,0.3,494,2125.0348012447357,57874.965198755264,208,4.301689881062218
0.5,0.6,0.45,0.25,0.2,0.15,0.2,494,1772.921394854784,58227.078605145216,199,3.5889097061837734
0.4,0.6,0.25,0.45,0.15,0.1,0.1,493,3950.5664860606194,56049.43351393938,201,8.013319444342027
0.55,0.6,0.35,0.45,0.15,0.15,0.1,493,3725.7188366651535,56274.28116333485,188,7.557239019604774
0.5,0.7,0.45,0.35,0.1,0.05,0.1,493,2910.4521141946316,57089.54788580537,225,5.90355398416761
0.45,0.6,0.45,0.45,0.2,0.1,0.3,493,2247.385243266821,57752.61475673318,192,4.558590757133511
0.45,0.7,0.45,0.35,0.2,0.15,0.3,493,2042.3031573593616,57957.69684264064,210,4.142602753264425
0.45,0.6,0.25,0.45,0.1,0.15,0.1,492,3971.771352648735,56028.228647351265,201,8.072706001318567
0.55,0.6,0.35,0.45,0.1,0.15,0.1,491,3735.630405008793,56264.36959499121,189,7.608208564172695
0.4,0.6,0.35,0.25,0.1,0.15,0.2,491,2038.9348675310612,57961.06513246894,215,4.152616838148801
0.5,0.6,0.35,0.45,0.2,0.1,0.1,490,3739.7841734588146,56260.215826541185,189,7.63221259889554
0.4,0.7,0.45,0.35,0.1,0.1,0.3,490,1862.4286708831787,58137.57132911682,226,3.8008748385370996
0.55,0.8,0.45,0.45,0.2,0.15,0.2,489,2839.67443215847,57160.32556784153,229,5.807105178238181
0.45,0.6,0.45,0.25,0.2,0.1,0.2,488,1768.7807740569115,58231.21922594309,201,3.6245507665100645
0.5,0.6,0.45,0.45,0.15,0.15,0.3,487,2270.851632922888,57729.14836707711,191,4.662939697993609
0.4,0.6,0.35,0.45,0.1,0.15,0.3,486,2595.331683576107,57404.66831642389,203,5.3401886493335535
0.5,0.6,0.45,0.25,0.15,0.15,0.2,486,1781.6298530697823,58218.37014693022,201,3.6659050474686876
0.4,0.7,0.45,0.25,0.1,0.05,0.2,486,1500.8405412137508,58499.15945878625,234,3.088149261756689
0.4,0.6,0.25,0.45,0.1,0.1,0.1,484,3948.974478274584,56051.025521725416,201,8.159038178253272
0.45,0.6,0.45,0.45,0.15,0.1,0.3,484,2253.9636054039,57746.0363945961,193,4.656949597941942
0.5,0.6,0.35,0.45,0.15,0.1,0.1,482,3688.8177723884583,56311.18222761154,190,7.653148905370245
0.45,0.6,0.45,0.25,0.15,0.1,0.2,482,1769.5562436282635,58230.44375637174,202,3.671278513751584
0.45,0.8,0.35,0.45,0.2,0.15,0.2,481,3043.6497240662575,56956.35027593374,246,6.3277541040878535
0.45,0.6,0.35,0.45,0.2,0.05,0.1,480,3700.9082205295563,56299.091779470444,190,7.710225459436575
0.4,0.7,0.45,0.45,0.2,0.05,0.3,479,2153.30757984519,57846.69242015481,213,4.495422922432547
0.45,0.7,0.45,0.35,0.15,0.15,0.3,479,1999.744329661131,58000.25567033887,211,4.17483158593138
0.5,0.6,0.45,0.25,0.1,0.15,0.2,479,1746.8441014885902,58253.15589851141,201,3.6468561617715873
0.55,0.8,0.45,0.45,0.15,0.15,0.2,478,2854.017231106758,57145.98276889324,232,5.9707473454116275
0.45,0.6,0.35,0.45,0.15,0.05,0.1,477,3697.5022270083427,56302.49777299166,191,7.751576995824618
0.5,0.6,0.45,0.45,0.1,0.15,0.3,477,2284.1010358035564,57715.89896419644,192,4.788471773173074
0.55,0.6,0.45,0.45,0.2,0.05,0.1,476,3287.003850966692,56712.99614903331,175,6.905470275140109
0.4,0.7,0.35,0.25,0.2,0.15,0.2,476,2097.982112646103,57902.0178873539,217,4.4075254467355105
0.5,0.8,0.45,0.45,0.2,0.1,0.2,475,2814.4659076035023,57185.5340923965,231,5.925191384428426
0.4,0.8,0.45,0.25,0.2,0.15,0.3,475,1662.337559133768,58337.66244086623,253,3.4996580192289852
0.5,0.6,0.35,0.45,0.1,0.1,0.1,474,3658.961446404457,56341.03855359554,190,7.7193279460009645
0.45,0.6,0.45,0.45,0.1,0.1,0.3,474,2258.609530955553,57741.39046904445,193,4.764999010454753
0.45,0.8,0.35,0.45,0.15,0.15,0.2,473,3005.5615895688534,56994.43841043115,246,6.354252832069458
0.45,0.6,0.45,0.25,0.1,0.1,0.2,473,1746.3725330531597,58253.62746694684,203,3.692119520196955
0.45,0.7,0.45,0.35,0.1,0.15,0.3,472,1977.058182746172,58022.94181725383,211,4.188682590563924
0.55,0.7,0.35,0.45,0.2,0.15,0.1,471,3513.1595192849636,56486.84048071504,190,7.45893740824833
0.45,0.6,0.35,0.35,0.2,0.15,0.2,470,2534.5835579037666,57465.41644209623,197,5.392730974263333
0.4,0.7,0.45,0.45,0.15,0.05,0.3,470,2140.841277360916,57859.158722639084,214,4.554981441193439
0.55,0.6,0.45,0.45,0.15,0.05,0.1,469,3321.8173040151596,56678.18269598484,179,7.082766106642131
0.4,0.8,0.35,0.45,0.2,0.1,0.2,469,3032.217187911272,56967.78281208873,248,6.4652818505570835
0.45,0.7,0.25,0.45,0.2,0.15,0.1,468,3708.6958419680595,56291.30415803194,201,7.924563764889016
0.55,0.8,0.45,0.45,0.1,0.15,0.2,468,2800.9016902446747,57199.098309755325,232,5.98483267146298
0.4,0.7,0.35,0.45,0.2,0.15,0.3,468,2593.0661666095257,57406.933833390474,207,5.540739672242577
0.4,0.7,0.35,0.25,0.15,0.15,0.2,468,2122.970740944147,57877.02925905585,219,4.536262266974673
0.45,0.6,0.35,0.45,0.1,0.05,0.1,467,3635.8147748708725,56364.18522512913,190,7.785470610001869
0.5,0.7,0.45,0.45,0.2,0.15,0.3,466,2266.8369907438755,57733.163009256124,195,4.8644570616821365
0.4,0.8,0.45,0.25,0.15,0.15,0.3,466,1576.0199682414532,58423.98003175855,254,3.3820170992305862
0.5,0.8,0.35,0.35,0.2,0.15,0.1,465,3119.7050645649433,56880.29493543506,250,6.709043149602029
0.4,0.6,0.35,0.35,0.2,0.1,0.2,465,2524.6540872454643,57475.345912754536,197,5.42936362848487
0.45,0.6,0.35,0.35,0.15,0.15,0.2,465,2524.1391894221306,57475.86081057787,197,5.428256321337916
0.45,0.8,0.35,0.45,0.1,0.15,0.2,464,2958.5755718648434,57041.42442813516,248,6.376240456605266
0.5,0.8,0.45,0.45,0.15,0.1,0.2,464,2801.0524903833866,57198.94750961661,234,6.036751056860747
0.4,0.7,0.25,0.45,0.2,0.1,0.1,463,3655.5244485735893,56344.47555142641,202,7.895301184824167
0.4,0.8,0.35,0.45,0.15,0.1,0.2,463,2999.3369903862476,57000.66300961375,248,6.478049655261874
0.5,0.7,0.45,0.25,0.2,0.15,0.2,463,1794.742105513811,58205.25789448619,204,3.8763328412825295
0.4,0.8,0.45,0.25,0.1,0.15,0.3,463,1537.969291895628,58462.03070810437,253,3.3217479306601034
0.4,0.8,0.25,0.35,0.2,0.15,0.1,462,3335.2461159825325,56664.75388401747,265,7.219147437191629
0.55,0.6,0.45,0.45,0.1,0.05,0.1,461,3262.748834192753,56737.25116580725,177,7.077546278075386
0.55,0.7,0.35,0.45,0.15,0.15,0.1,460,3505.6797724962234,56494.32022750378,191,7.621042983687443
0.45,0.8,0.45,0.45,0.2,0.05,0.2,460,2784.2414149045944,57215.758585095406,235,6.052698728053466
0.4,0.7,0.35,0.45,0.15,0.15,0.3,460,2548.6946963071823,57451.30530369282,206,5.540640644146048
0.4,0.6,0.35,0.35,0.15,0.1,0.2,460,2504.600755393505,57495.399244606495,197,5.444784250855446
0.4,0.7,0.45,0.45,0.1,0.05,0.3,460,2055.986947774887,57944.01305222511,212,4.469536842988885
0.45,0.7,0.25,0.45,0.15,0.15,0.1,459,3692.827733784914,56307.172266215086,203,8.045376326328789
0.4,0.7,0.35,0.25,0.1,0.15,0.2,459,2029.1984077990055,57970.801592200994,219,4.420911563832256
0.45,0.7,0.45,0.45,0.2,0.1,0.3,458,2261.1146092116833,57738.88539078832,197,4.9369314611608806
0.5,0.8,0.35,0.35,0.15,0.15,0.1,457,3157.4830397367477,56842.51696026325,254,6.9091532598178285
0.45,0.8,0.35,0.35,0.2,0.1,0.1,457,3143.5218666791916,56856.47813332081,254,6.8786036470004195
0.4,0.7,0.25,0.45,0.15,0.1,0.1,455,3647.107735425234,56352.892264574766,203,8.015621396538975
0.5,0.7,0.35,0.45,0.2,0.1,0.1,455,3490.891390800476,56509.108609199524,192,7.672288770990058
0.45,0.7,0.45,0.25,0.2,0.1,0.2,455,1775.706529200077,58224.29347079992,205,3.902651712527642
0.45,0.7,0.25,0.45,0.1,0.15,0.1,454,3672.446175187826,56327.553824812174,203,8.08908849160314
0.4,0.8,0.25,0.35,0.15,0.15,0.1,454,3326.8789492845535,56673.12105071545,266,7.327927201067299
0.45,0.8,0.45,0.45,0.15,0.05,0.2,454,2763.2182931005955,57236.781706899405,235,6.08638390550792
0.45,0.6,0.35,0.35,0.1,0.15,0.2,454,2512.818897277117,57487.18110272288,197,5.534843386072945
0.5,0.7,0.45,0.45,0.15,0.15,0.3,454,2246.0531630814075,57753.94683691859,196,4.947253663174907
0.5,0.8,0.45,0.45,0.1,0.1,0.2,453,2700.855316787958,57299.14468321204,232,5.962153017191961
0.55,0.7,0.35,0.45,0.1,0.15,0.1,451,3552.6813820898533,56447.31861791015,193,7.877342310620517
0.5,0.7,0.35,0.45,0.15,0.1,0.1,450,3528.474920332432,56471.52507966757,194,7.841055378516515
0.4,0.8,0.35,0.45,0.1,0.1,0.2,450,2916.660604327917,57083.33939567208,249,6.481468009617593
0.4,0.7,0.35,0.45,0.1,0.15,0.3,450,2497.104344010353,57502.89565598965,205,5.549120764467451
0.45,0.7,0.45,0.45,0.15,0.1,0.3,450,2252.646186798811,57747.35381320119,198,5.005880415108469
0.4,0.7,0.25,0.45,0.1,0.1,0.1,449,3627.9037119448185,56372.09628805518,203,8.079963723707836
0.45,0.7,0.35,0.45,0.2,0.05,0.1,449,3452.53853482008,56547.46146517992,193,7.689395400490156
0.55,0.8,0.45,0.35,0.2,0.1,0.1,449,2781.0412765443325,57218.95872345567,230,6.1938558497646605
0.4,0.6,0.35,0.35,0.1,0.1,0.2,449,2490.18285420537,57509.81714579463,197,5.54606426326363
0.45,0.8,0.35,0.35,0.15,0.1,0.1,448,3115.754298478365,56884.245701521635,254,6.954808701960636
0.5,0.7,0.45,0.45,0.1,0.15,0.3,448,2241.680235773325,57758.319764226675,196,5.0037505262797435
0.5,0.7,0.45,0.25,0.15,0.15,0.2,448,1750.6031430363655,58249.396856963634,206,3.9075963014204587
0.45,0.7,0.35,0.35,0.2,0.15,0.2,447,2519.417023360729,57480.58297663927,199,5.636279694319304
0.45,0.7,0.45,0.25,0.15,0.1,0.2,447,1746.418378263712,58253.58162173629,207,3.906976237726425
0.55,0.7,0.45,0.45,0.2,0.05,0.1,446,3121.174428075552,56878.82557192445,180,6.998148941873435
0.5,0.7,0.35,0.45,0.1,0.1,0.1,445,3551.4908097684383,56448.50919023156,196,7.9808782241987375
0.5,0.8,0.35,0.35,0.1,0.15,0.1,445,3100.9060487747192,56899.09395122528,254,6.968328199493751
0.4,0.8,0.35,0.35,0.2,0.05,0.1,444,3091.163307964802,56908.8366920352,254,6.962079522443247
0.45,0.7,0.45,0.45,0.1,0.1,0.3,444,2275.3814394176006,57724.6185605824,199,5.124732971661262
0.45,0.7,0.35,0.45,0.15,0.05,0.1,443,3513.560375481844,56486.439624518156,196,7.931287529304388
0.4,0.7,0.35,0.35,0.2,0.1,0.2,443,2503.098200440407,57496.90179955959,199,5.6503345382401955
0.55,0.6,0.45,0.35,0.2,0.15,0.2,443,2040.442330032587,57959.55766996741,173,4.605964627613063
0.4,0.8,0.25,0.35,0.1,0.15,0.1,441,3258.9493145644665,56741.05068543553,267,7.389907742776568
0.45,0.8,0.45,0.45,0.1,0.05,0.2,441,2657.905096024275,57342.094903975725,234,6.026995682594728
0.4,0.6,0.45,0.25,0.2,0.1,0.3,441,1231.279615521431,58768.72038447857,184,2.792017268756079
0.55,0.8,0.45,0.35,0.15,0.1,0.1,440,2785.5691968798637,57214.430803120136,234,6.330839083817872
0.5,0.8,0.45,0.35,0.2,0.05,0.1,439,2723.9681061804295,57276.03189381957,234,6.204938738452003
0.55,0.6,0.45,0.35,0.15,0.15,0.2,439,2028.1265266239643,57971.873473376036,176,4.619878192765294
0.4,0.8,0.45,0.35,0.2,0.1,0.3,439,1744.8487918376923,58255.15120816231,235,3.974598614664447
0.45,0.7,0.35,0.45,0.1,0.05,0.1,438,3493.178816884756,56506.821183115244,196,7.975294102476612
0.45,0.7,0.35,0.35,0.15,0.15,0.2,438,2488.331722587347,57511.66827741265,200,5.681122654309012
0.55,0.7,0.45,0.45,0.15,0.05,0.1,437,3130.389690518379,56869.61030948162,182,7.163363136197664
0.4,0.7,0.35,0.35,0.15,0.1,0.2,436,2485.4303337037563,57514.569666296244,201,5.700528288311368
0.5,0.7,0.45,0.25,0.1,0.15,0.2,436,1665.4849437773228,58334.51505622268,206,3.8199195958195475
0.45,0.7,0.45,0.25,0.1,0.1,0.2,436,1651.6187178194523,58348.38128218055,207,3.788116325273973
0.5,0.6,0.45,0.35,0.2,0.1,0.2,435,2006.2044619321823,57993.79553806782,175,4.611964280303868
0.45,0.6,0.45,0.35,0.2,0.05,0.2,433,2027.2508253455162,57972.749174654484,179,4.681872575855696
0.4,0.8,0.45,0.35,0.15,0.1,0.3,433,1693.4472043514252,58306.552795648575,236,3.9109635204420905
0.5,0.6,0.45,0.35,0.15,0.1,0.2,432,2036.4799663126469,57963.52003368735,178,4.71407399609409
0.45,0.8,0.35,0.35,0.1,0.1,0.1,431,3027.7227462530136,56972.27725374699,254,7.02487876160792
0.4,0.8,0.35,0.35,0.15,0.05,0.1,430,3007.8320947885513,56992.16790521145,254,6.994958359973375
0.5,0.8,0.45,0.35,0.15,0.05,0.1,430,2730.486313223839,57269.51368677616,234,6.3499681702879975
0.45,0.7,0.35,0.35,0.1,0.15,0.2,429,2444.2563026845455,57555.743697315454,200,5.697567139124815
0.45,0.6,0.45,0.35,0.15,0.05,0.2,429,2030.2498286366463,57969.750171363354,179,4.732517083069106
0.55,0.8,0.45,0.35,0.1,0.1,0.1,428,2702.087340593338,57297.91265940666,235,6.313288178956397
0.45,0.8,0.45,0.35,0.2,0.15,0.3,428,1851.3361195027828,58148.66388049722,220,4.325551681081269
0.55,0.6,0.45,0.35,0.1,0.15,0.2,427,1988.4381465911865,58011.56185340881,176,4.656763809347041
0.4,0.6,0.45,0.25,0.15,0.1,0.3,427,1157.8648633360863,58842.135136663914,183,2.7116273146044176
0.55,0.7,0.45,0.45,0.1,0.05,0.1,425,3161.343253046274,56838.656746953726,183,7.438454713050057
0.4,0.7,0.35,0.35,0.1,0.1,0.2,425,2415.0501714646816,57584.94982853532,200,5.682470991681604
0.4,0.8,0.45,0.35,0.1,0.1,0.3,425,1636.041902065277,58363.95809793472,236,3.849510357800652
0.4,0.8,0.35,0.35,0.1,0.05,0.1,422,2997.9263958632946,57002.073604136705,256,7.104090985458044
0.55,0.7,0.45,0.35,0.2,0.15,0.2,422,2001.1971914470196,57998.80280855298,178,4.742173439447914
0.4,0.8,0.45,0.25,0.2,0.05,0.2,422,1415.672107219696,58584.327892780304,244,3.3546732398570995
0.55,0.8,0.35,0.45,0.2,0.15,0.1,418,3201.670985221863,56798.32901477814,198,7.659499964645605
0.5,0.6,0.45,0.35,0.1,0.1,0.2,418,1959.3227770328522,58040.67722296715,176,4.687375064671895
0.4,0.8,0.45,0.45,0.2,0.05,0.3,418,1954.4821222424507,58045.51787775755,224,4.67579455081926
0.45,0.6,0.45,0.25,0.2,0.15,0.3,418,1281.3404794037342,58718.659520596266,169,3.0654078454634788
0.4,0.6,0.25,0.45,0.2,0.15,0.2,417,2765.6797475218773,57234.32025247812,169,6.632325533625605
0.5,0.8,0.45,0.35,0.1,0.05,0.1,417,2666.778788089752,57333.22121191025,237,6.395152969040173
0.45,0.8,0.45,0.35,0.15,0.15,0.3,417,1806.0182710587978,58193.9817289412,220,4.330979067287285
0.4,0.6,0.45,0.25,0.1,0.1,0.3,417,1110.6502487957478,58889.34975120425,182,2.6634298532272127
0.5,0.6,0.35,0.45,0.2,0.15,0.2,416,2651.1563827097416,57348.84361729026,162,6.3729720738214946
0.45,0.6,0.45,0.35,0.1,0.05,0.2,416,2011.6816464960575,57988.31835350394,179,4.835773188692446
0.5,0.7,0.45,0.35,0.2,0.1,0.2,415,1998.9889993667603,58001.01100063324,179,4.816840962329543
0.4,0.8,0.45,0.25,0.15,0.05,0.2,415,1370.719075202942,58629.28092479706,247,3.3029375306094986
0.4,0.6,0.25,0.45,0.15,0.15,0.2,413,2780.291236937046,57219.708763062954,170,6.731940041009797
0.55,0.7,0.45,0.35,0.15,0.15,0.2,411,2034.8553664684296,57965.14463353157,181,4.950986293110534
0.45,0.7,0.45,0.35,0.2,0.05,0.2,411,2025.844442665577,57974.15555733442,182,4.929061904295808
0.4,0.6,0.45,0.35,0.2,0.05,0.3,411,1322.3679343163967,58677.6320656836,172,3.217440229480284
0.4,0.7,0.45,0.25,0.2,0.1,0.3,411,1209.6527017652988,58790.3472982347,188,2.94319392157007
0.45,0.6,0.35,0.45,0.2,0.1,0.2,410,2609.0160009264946,57390.983999073505,163,6.363453660796329
0.5,0.8,0.45,0.45,0.2,0.15,0.3,410,2063.7629073262215,57936.23709267378,204,5.0335680666493205
0.55,0.6,0.45,0.45,0.2,0.1,0.2,408,2474.3193114101887,57525.68068858981,156,6.064508116201443
0.45,0.8,0.25,0.45,0.2,0.15,0.1,407,3305.630576968193,56694.36942303181,210,8.1219424495533
0.4,0.6,0.25,0.25,0.2,0.15,0.1,407,2584.462367594242,57415.53763240576,177,6.35003038720944
0.4,0.8,0.35,0.45,0.2,0.15,0.3,407,2201.3109980225563,57798.689001977444,209,5.408626530767951
0.5,0.7,0.45,0.35,0.15,0.1,0.2,407,2018.6185477674007,57981.3814522326,181,4.959750731615236
0.45,0.8,0.45,0.35,0.1,0.15,0.3,407,1717.0497859418392,58282.95021405816,219,4.218795542854642
0.5,0.6,0.35,0.45,0.15,0.15,0.2,406,2622.9554277658463,57377.044572234154,163,6.460481349176961
0.4,0.8,0.45,0.45,0.15,0.05,0.3,406,1853.7157784104347,58146.284221589565,223,4.565802409877918
0.4,0.8,0.45,0.25,0.1,0.05,0.2,406,1329.1547859609127,58670.84521403909,246,3.2737802609874698
0.4,0.6,0.25,0.25,0.15,0.15,0.1,405,2558.9901338219643,57441.009866178036,177,6.318494157585097
0.4,0.8,0.35,0.25,0.2,0.15,0.2,405,1795.1009404361248,58204.899059563875,228,4.432348001076852
0.45,0.6,0.45,0.25,0.15,0.15,0.3,404,1220.654139816761,58779.34586018324,168,3.0214211381602993
0.5,0.6,0.45,0.45,0.2,0.05,0.2,403,2491.8378471434116,57508.16215285659,157,6.183220464375712
0.45,0.7,0.45,0.35,0.15,0.05,0.2,403,2018.1588291823864,57981.84117081761,183,5.007838285812373
0.55,0.8,0.35,0.45,0.15,0.15,0.1,402,3155.594007283449,56844.40599271655,198,7.849736336525993
0.5,0.8,0.45,0.45,0.15,0.15,0.3,402,2042.1625512242317,57957.83744877577,203,5.080006346328934
0.45,0.8,0.45,0.45,0.2,0.1,0.3,401,2023.0152212679386,57976.98477873206,206,5.04492573882279
0.4,0.7,0.45,0.25,0.15,0.1,0.3,401,1110.5671240389347,58889.432875961065,187,2.7694940749100616
0.45,0.8,0.25,0.45,0.15,0.15,0.1,400,3273.4274577498436,56726.57254225016,210,8.18356864437461
0.4,0.6,0.25,0.45,0.1,0.15,0.2,400,2695.2516680061817,57304.74833199382,168,6.738129170015454
0.4,0.6,0.35,0.45,0.2,0.05,0.2,400,2542.484462916851,57457.51553708315,163,6.356211157292128
0.45,0.6,0.35,0.45,0.15,0.1,0.2,399,2554.8590737581253,57445.140926241875,163,6.403155573328635
0.55,0.6,0.45,0.45,0.15,0.1,0.2,399,2466.881300508976,57533.118699491024,156,6.182659901025002
0.4,0.8,0.35,0.45,0.15,0.15,0.3,399,2170.829236328602,57829.1707636714,210,5.44067477776592
0.55,0.7,0.45,0.35,0.1,0.15,0.2,399,1961.1149831712246,58038.885016828775,180,4.915075145792543
0.5,0.8,0.45,0.25,0.2,0.15,0.2,399,1534.1947710812092,58465.80522891879,211,3.845099676895261
0.5,0.8,0.35,0.45,0.2,0.1,0.1,398,3090.4064289927483,56909.59357100725,198,7.764840273851126
0.4,0.8,0.25,0.45,0.2,0.1,0.1,397,3202.8856827020645,56797.114317297935,210,8.067722122675226
0.55,0.8,0.45,0.45,0.2,0.05,0.1,397,2904.7903382778168,57095.20966172218,187,7.316852237475609
0.4,0.6,0.25,0.25,0.1,0.15,0.1,397,2537.5684393942356,57462.431560605764,178,6.391860048851979
0.4,0.8,0.45,0.45,0.1,0.05,0.3,397,1816.9051749706268,58183.09482502937,223,4.576587342495282
0.4,0.6,0.45,0.35,0.15,0.05,0.3,397,1243.2053540349007,58756.7946459651,170,3.1314996323297244
0.4,0.7,0.25,0.25,0.2,0.15,0.1,396,2520.0388935804367,57479.96110641956,178,6.363734579748577
0.5,0.7,0.45,0.35,0.1,0.1,0.2,396,1954.819554656744,58045.180445343256,181,4.93641301680996
0.5,0.6,0.35,0.45,0.1,0.15,0.2,395,2552.241549998522,57447.75845000148,161,6.461371012654485
0.4,0.8,0.35,0.25,0.15,0.15,0.2,395,1698.1164817512035,58301.8835182488,228,4.2990290677245655
0.4,0.6,0.35,0.45,0.15,0.05,0.2,394,2524.0775933861732,57475.92240661383,163,6.406288308086734
0.45,0.7,0.45,0.35,0.1,0.05,0.2,394,1978.456316679716,58021.543683320284,184,5.021462732689635
0.5,0.6,0.45,0.35,0.2,0.15,0.3,393,1364.1162800192833,58635.88371998072,152,3.471033791397667
0.4,0.6,0.35,0.35,0.2,0.15,0.3,392,1564.4909503757954,58435.509049624205,161,3.991048342795396
0.45,0.6,0.45,0.35,0.2,0.1,0.3,392,1380.0487425625324,58619.95125743747,154,3.5205325065370725
0.4,0.7,0.45,0.25,0.1,0.1,0.3,392,1041.1626619398594,58958.83733806014,184,2.656027198826172
0.4,0.8,0.25,0.45,0.15,0.1,0.1,391,3183.681659221649,56816.31834077835,210,8.142408335605241
0.55,0.8,0.35,0.45,0.1,0.15,0.1,391,3066.534484475851,56933.46551552415,198,7.842799193032867
0.45,0.6,0.35,0.45,0.1,0.1,0.2,391,2517.6334383785725,57482.36656162143,162,6.438960200456707
0.45,0.8,0.45,0.45,0.15,0.1,0.3,391,1952.7720431387424,58047.22795686126,205,4.994301900610594
0.45,0.8,0.45,0.25,0.2,0.1,0.2,391,1506.2553431987762,58493.744656801224,215,3.852315455751346
0.5,0.7,0.35,0.45,0.2,0.15,0.2,390,2505.726336300373,57494.27366369963,164,6.42493932384711
0.5,0.8,0.45,0.25,0.15,0.15,0.2,390,1523.7807052135468,58476.21929478645,214,3.9071300133680684
0.45,0.6,0.45,0.25,0.1,0.15,0.3,390,1150.8531480133533,58849.14685198665,166,2.950905507726547
0.5,0.8,0.45,0.45,0.1,0.15,0.3,389,1976.4318807721138,58023.568119227886,202,5.080801750056848
0.4,0.8,0.35,0.25,0.1,0.15,0.2,389,1691.8515385389328,58308.14846146107,228,4.349232746886717
0.4,0.6,0.45,0.35,0.1,0.05,0.3,389,1220.0176755785942,58779.982324421406,168,3.1362922251377743
0.5,0.8,0.35,0.45,0.15,0.1,0.1,388,3073.8085113465786,56926.19148865342,198,7.922186884913862
0.5,0.6,0.45,0.45,0.15,0.05,0.2,388,2416.7756694555283,57583.22433054447,156,6.228803271792598
0.55,0.7,0.45,0.45,0.2,0.1,0.2,387,2395.15846952796,57604.84153047204,158,6.189039972940464
0.45,0.7,0.45,0.25,0.2,0.15,0.3,387,1211.1130199730396,58788.88698002696,170,3.129491007682273
0.45,0.8,0.25,0.45,0.1,0.15,0.1,386,3205.9731285870075,56794.02687141299,211,8.305629866805718
0.55,0.8,0.45,0.45,0.15,0.05,0.1,385,2895.2007282078266,57104.79927179217,189,7.5200018914489
0.4,0.7,0.25,0.45,0.2,0.15,0.2,385,2571.494664758444,57428.505335241556,170,6.679206921450503
0.4,0.6,0.35,0.45,0.1,0.05,0.2,385,2496.4265101253986,57503.5734898746,163,6.484224701624412
0.45,0.6,0.35,0.25,0.2,0.1,0.1,385,2322.7399179935455,57677.260082006454,164,6.0330906960871316
0.5,0.6,0.35,0.25,0.2,0.15,0.1,385,2283.249531149864,57716.750468850136,163,5.93051826272692
0.4,0.8,0.35,0.45,0.1,0.15,0.3,385,2071.5712146759033,57928.4287853241,207,5.380704453703645
0.45,0.8,0.35,0.45,0.2,0.05,0.1,384,3022.588148355484,56977.411851644516,198,7.871323303009073
0.4,0.7,0.25,0.25,0.15,0.15,0.1,383,2481.794509857893,57518.20549014211,178,6.479881226783011
0.55,0.6,0.45,0.45,0.1,0.1,0.2,383,2405.270091444254,57594.729908555746,155,6.280078567739566
0.5,0.7,0.35,0.45,0.15,0.15,0.2,382,2501.0558817088604,57498.94411829114,166,6.547266706044137
0.5,0.6,0.35,0.25,0.15,0.15,0.1,382,2291.8828073740005,57708.117192626,164,5.999693213020944
0.45,0.8,0.45,0.25,0.15,0.1,0.2,382,1425.4075632095337,58574.592436790466,215,3.731433411543282
0.4,0.7,0.45,0.35,0.2,0.05,0.3,382,1293.3122082650661,58706.687791734934,175,3.385634053049911
0.4,0.7,0.25,0.45,0.15,0.15,0.2,381,2553.4896398484707,57446.51036015153,170,6.702072545534044
0.5,0.6,0.45,0.45,0.1,0.05,0.2,381,2401.583018094301,57598.4169819057,156,6.303367501559846
0.45,0.8,0.45,0.45,0.1,0.1,0.3,381,1946.9523287713528,58053.04767122865,204,5.110111099137409
0.4,0.6,0.35,0.35,0.15,0.15,0.3,381,1511.6027998030186,58488.39720019698,160,3.967461416805823
0.45,0.7,0.35,0.45,0.2,0.1,0.2,380,2473.9362354278564,57526.06376457214,166,6.5103585142838325
0.4,0.6,0.35,0.25,0.2,0.05,0.1,380,2302.6907000541687,57697.30929994583,164,6.059712368563602
0.45,0.6,0.35,0.25,0.15,0.1,0.1,380,2285.919710636139,57714.08028936386,164,6.015578185884576
0.5,0.8,0.45,0.25,0.1,0.15,0.2,380,1444.1837682724,58555.8162317276,215,3.800483600716842
0.4,0.8,0.25,0.45,0.1,0.1,0.1,379,3162.451487571001,56837.548512429,213,8.344199175649079
0.4,0.6,0.35,0.25,0.15,0.05,0.1,378,2277.218466281891,57722.78153371811,164,6.024387476936219
0.45,0.7,0.45,0.25,0.15,0.15,0.3,378,1157.2646545767784,58842.73534542322,170,3.0615467052295724
0.5,0.8,0.35,0.45,0.1,0.1,0.1,377,2984.4287015497684,57015.57129845023,199,7.916256502784532
0.45,0.8,0.35,0.45,0.15,0.05,0.1,377,2970.6306114792824,57029.36938852072,199,7.879656794374754
0.4,0.7,0.35,0.45,0.2,0.05,0.2,376,2458.886941999197,57541.1130580008,166,6.5395929308489285
0.45,0.8,0.45,0.25,0.1,0.1,0.2,376,1416.1229047775269,58583.87709522247,216,3.7662843212168267
0.5,0.6,0.45,0.35,0.15,0.15,0.3,376,1306.450110167265,58693.549889832735,151,3.4746013568278324
0.45,0.7,0.35,0.45,0.15,0.1,0.2,375,2453.5282610356808,57546.47173896432,166,6.542742029428482
0.5,0.7,0.45,0.45,0.2,0.05,0.2,375,2336.0034878849983,57663.996512115,158,6.229342634359996
0.5,0.6,0.35,0.25,0.1,0.15,0.1,375,2270.176301240921,57729.82369875908,164,6.053803469975789
0.55,0.7,0.45,0.45,0.15,0.1,0.2,374,2367.9869602024555,57632.013039797544,160,6.331515936370202
0.55,0.8,0.45,0.45,0.1,0.05,0.1,373,2807.3006604611874,57192.69933953881,189,7.526275229118465
0.5,0.7,0.35,0.25,0.2,0.15,0.1,373,2255.3570097088814,57744.64299029112,164,6.046533538093516
0.55,0.8,0.45,0.35,0.2,0.15,0.2,373,1884.2770213782787,58115.72297862172,189,5.051681022461874
0.4,0.7,0.45,0.35,0.15,0.05,0.3,373,1202.4849863946438,58797.515013605356,173,3.223820338859635
0.4,0.7,0.35,0.45,0.15,0.05,0.2,372,2440.881917089224,57559.118082910776,166,6.561510529809741
0.5,0.7,0.35,0.45,0.1,0.15,0.2,372,2417.9136359393597,57582.08636406064,164,6.499767838546666
0.45,0.6,0.45,0.35,0.15,0.1,0.3,371,1285.1934099793434,58714.80659002066,152,3.464133180537314
0.4,0.7,0.25,0.25,0.1,0.15,0.1,370,2440.1750114560127,57559.82498854399,179,6.595067598529764
0.45,0.6,0.35,0.25,0.1,0.1,0.1,370,2257.7440498769283,57742.25595012307,164,6.10201094561332
0.5,0.7,0.45,0.45,0.15,0.05,0.2,369,2353.787458151579,57646.21254184842,161,6.378827799868778
0.4,0.6,0.35,0.25,0.1,0.05,0.1,369,2252.833223670721,57747.16677632928,164,6.105239088538539
0.45,0.7,0.35,0.25,0.2,0.1,0.1,369,2240.1595094799995,57759.84049052,164,6.070892979620595
0.4,0.6,0.35,0.35,0.1,0.15,0.3,369,1465.9395269155502,58534.06047308445,157,3.972735845299594
0.4,0.7,0.25,0.45,0.1,0.15,0.2,367,2453.044203430414,57546.955796569586,169,6.684044151036551
0.4,0.7,0.35,0.25,0.2,0.05,0.1,367,2229.9170477986336,57770.08295220137,164,6.076068250132517
0.55,0.8,0.45,0.35,0.15,0.15,0.2,367,1914.6787056028843,58085.321294397116,196,5.2171081896536355
0.45,0.8,0.35,0.35,0.2,0.15,0.2,366,2073.217469781637,57926.78253021836,202,5.664528605960757
0.45,0.7,0.45,0.25,0.1,0.15,0.3,366,1043.6335129141808,58956.36648708582,167,2.851457685557871
0.45,0.8,0.35,0.45,0.1,0.05,0.1,365,2905.988552004099,57094.0114479959,201,7.9616124712441065
0.55,0.7,0.45,0.45,0.1,0.1,0.2,362,2302.185265034437,57697.81473496556,158,6.359627803962534
0.5,0.7,0.35,0.25,0.15,0.15,0.1,362,2264.0373853743076,57735.96261462569,165,6.254246920923502
0.5,0.8,0.45,0.35,0.2,0.1,0.2,362,1934.68858101964,58065.31141898036,197,5.344443593976906
0.5,0.6,0.45,0.35,0.1,0.15,0.3,362,1266.3376739025116,58733.66232609749,148,3.498170369896441
0.45,0.7,0.35,0.45,0.1,0.1,0.2,361,2346.746061950922,57653.25393804908,164,6.500681612052415
0.5,0.7,0.45,0.45,0.1,0.05,0.2,361,2290.355018824339,57709.64498117566,159,6.34447373635551
0.55,0.6,0.45,0.25,0.2,0.1,0.1,361,1844.6564350128174,58155.34356498718,147,5.10985162053412
0.5,0.7,0.45,0.35,0.2,0.15,0.3,361,1335.6821326315403,58664.31786736846,154,3.699950505904544
0.4,0.7,0.45,0.35,0.1,0.05,0.3,361,1139.3732781112194,58860.62672188878,170,3.156158665128032
0.4,0.7,0.35,0.35,0.2,0.15,0.3,360,1545.5789828002453,58454.421017199755,163,4.2932749522229035
0.45,0.7,0.35,0.25,0.15,0.1,0.1,359,2249.5918027460575,57750.40819725394,165,6.266272431047514
0.45,0.6,0.45,0.35,0.1,0.1,0.3,359,1247.9821354448795,58752.01786455512,149,3.4762733577851797
0.45,0.6,0.25,0.35,0.2,0.15,0.1,358,2696.323074400425,57303.676925599575,146,7.531628699442527
0.4,0.7,0.35,0.45,0.1,0.05,0.2,358,2347.603589206934,57652.396410793066,165,6.557551925159033
0.55,0.6,0.45,0.45,0.2,0.15,0.3,358,1592.0347439348698,58407.96525606513,132,4.4470244243990775
0.4,0.7,0.35,0.25,0.15,0.05,0.1,357,2255.6504825651646,57744.349517434835,166,6.318348690658724
0.5,0.6,0.45,0.25,0.2,0.05,0.1,357,1896.4099484682083,58103.59005153179,149,5.312072684784897
0.55,0.6,0.45,0.25,0.15,0.1,0.1,357,1875.4442712068558,58124.555728793144,149,5.253345297498195
0.5,0.6,0.25,0.45,0.2,0.15,0.1,356,2758.1818324923515,57241.81816750765,138,7.7477017766639085
0.4,0.8,0.35,0.35,0.2,0.1,0.2,356,2022.854114919901,57977.1458850801,203,5.6821744801120815
0.4,0.8,0.45,0.25,0.2,0.1,0.3,356,998.5999678075314,59001.40003219247,192,2.8050560893469982
0.45,0.8,0.35,0.35,0.15,0.15,0.2,355,2007.106142371893,57992.89385762811,202,5.653820119357444
0.45,0.8,0.45,0.35,0.2,0.05,0.2,355,1883.7537580430508,58116.24624195695,198,5.306348614205777
0.45,0.6,0.25,0.35,0.15,0.15,0.1,354,2653.0866983532906,57346.91330164671,146,7.494595193088392
0.5,0.7,0.35,0.25,0.1,0.15,0.1,354,2251.7325460612774,57748.26745393872,168,6.3608264013030436
0.5,0.6,0.45,0.25,0.15,0.05,0.1,354,1889.7292484045029,58110.2707515955,150,5.338218215831929
0.4,0.6,0.25,0.35,0.2,0.1,0.1,353,2628.86455398798,57371.13544601202,146,7.447208368237903
0.55,0.6,0.35,0.35,0.2,0.15,0.1,353,2553.239660024643,57446.76033997536,139,7.232973541146297
0.45,0.7,0.35,0.25,0.1,0.1,0.1,353,2271.669886857271,57728.33011314273,169,6.4353254585191815
0.5,0.8,0.45,0.35,0.15,0.1,0.2,353,1897.4456374943256,58102.554362505674,198,5.37520010621622
0.4,0.7,0.35,0.35,0.15,0.15,0.3,353,1489.7776808440685,58510.22231915593,162,4.2203333734959445
0.55,0.6,0.35,0.45,0.2,0.1,0.1,352,2679.8492273688316,57320.15077263117,135,7.613208032297817
0.4,0.8,0.45,0.25,0.15,0.1,0.3,352,950.0719679296017,59049.9280320704,192,2.699068090709096
0.45,0.6,0.25,0.45,0.2,0.1,0.1,351,2745.0261976718903,57254.97380232811,138,7.820587457754673
0.55,0.6,0.45,0.25,0.1,0.1,0.1,351,1873.5312636494637,58126.468736350536,150,5.33769590783323
0.55,0.8,0.45,0.35,0.1,0.15,0.2,351,1793.101031690836,58206.898968309164,195,5.1085499478371394
0.45,0.7,0.45,0.35,0.2,0.1,0.3,351,1342.8264371454716,58657.17356285453,157,3.8257163451437934
0.5,0.6,0.25,0.45,0.15,0.15,0.1,350,2741.9970992207527,57258.00290077925,138,7.8342774263450075
0.55,0.6,0.35,0.45,0.15,0.1,0.1,350,2699.0398627519608,57300.96013724804,136,7.711542465005603
0.5,0.6,0.35,0.45,0.2,0.05,0.1,349,2638.9777557253838,57361.022244274616,135,7.56154084735067
0.4,0.8,0.35,0.35,0.15,0.1,0.2,349,1971.9520324766636,58028.04796752334,204,5.650292356666657
0.55,0.7,0.45,0.25,0.2,0.1,0.1,349,1870.099076807499,58129.9009231925,150,5.358450076812318
0.5,0.6,0.35,0.35,0.2,0.1,0.1,348,2509.056357085705,57490.943642914295,139,7.209932060591106
0.4,0.7,0.35,0.25,0.1,0.05,0.1,348,2247.938593149185,57752.061406850815,169,6.45959365847467
0.45,0.6,0.35,0.45,0.2,0.15,0.3,348,1717.0878046453,58282.9121953547,137,4.9341603581761495
0.4,0.6,0.45,0.25,0.2,0.05,0.3,348,950.5382463634014,59049.4617536366,148,2.7314317424235672
0.4,0.6,0.25,0.35,0.15,0.1,0.1,347,2596.2327795624733,57403.76722043753,146,7.481938846001364
0.55,0.6,0.35,0.35,0.15,0.15,0.1,347,2503.870559155941,57496.12944084406,139,7.215765300161213
0.5,0.6,0.45,0.25,0.1,0.05,0.1,347,1868.0227422714233,58131.97725772858,150,5.383350842280759
0.45,0.8,0.35,0.35,0.1,0.15,0.2,345,1950.6142477095127,58049.38575229049,204,5.653954341186993
0.5,0.7,0.45,0.25,0.2,0.05,0.1,345,1853.2034507393837,58146.796549260616,150,5.371604205041692
0.45,0.8,0.45,0.35,0.15,0.05,0.2,345,1838.5498174130917,58161.45018258691,200,5.3291299055451935
0.5,0.6,0.45,0.45,0.2,0.1,0.3,345,1534.4671803414822,58465.53281965852,132,4.447730957511543
0.5,0.6,0.35,0.45,0.15,0.05,0.1,344,2648.5002177357674,57351.49978226423,136,7.699128539929556
0.45,0.7,0.45,0.35,0.15,0.1,0.3,344,1321.7020482718945,58678.297951728106,157,3.8421571170694606
0.5,0.7,0.45,0.35,0.15,0.15,0.3,344,1258.5419607460499,58741.45803925395,153,3.658552211471075
0.45,0.6,0.25,0.45,0.15,0.1,0.1,343,2698.1259111762047,57301.874088823795,138,7.8662563008052615
0.4,0.6,0.25,0.45,0.2,0.05,0.1,342,2652.812209367752,57347.18779063225,138,7.756760846104538
0.5,0.6,0.35,0.35,0.15,0.1,0.1,342,2461.2921161055565,57538.70788389444,139,7.19676057340806
0.55,0.6,0.45,0.35,0.2,0.05,0.1,342,2407.6455841064453,57592.354415893555,135,7.039899368732296
0.55,0.7,0.45,0.25,0.15,0.1,0.1,342,1881.3040037155151,58118.695996284485,151,5.500888899752968
0.55,0.6,0.45,0.45,0.15,0.15,0.3,342,1518.948420971632,58481.05157902837,130,4.441369651963837
0.45,0.8,0.45,0.25,0.2,0.15,0.3,342,1097.9530110955238,58902.046988904476,175,3.210388921331941
0.5,0.8,0.45,0.35,0.1,0.1,0.2,341,1803.5565615594387,58196.44343844056,197,5.289022174661111
0.4,0.6,0.35,0.45,0.2,0.1,0.3,340,1687.199676334858,58312.80032366514,137,4.962351989220171
0.45,0.6,0.25,0.35,0.1,0.15,0.1,339,2590.855951935053,57409.14404806495,145,7.642642926062103
0.45,0.6,0.35,0.35,0.2,0.05,0.1,339,2431.4053006768227,57568.59469932318,139,7.172287022645494
0.4,0.7,0.35,0.35,0.1,0.15,0.3,339,1359.0506987273693,58640.94930127263,159,4.008999111290175
0.4,0.8,0.45,0.25,0.1,0.1,0.3,339,919.7636928260326,59080.23630717397,193,2.7131672354750225
0.45,0.7,0.25,0.35,0.2,0.15,0.1,338,2521.102826178074,57478.897173821926,146,7.458884101118562
0.45,0.6,0.35,0.35,0.15,0.05,0.1,337,2414.9773314595222,57585.02266854048,139,7.166104841126179
0.55,0.6,0.45,0.35,0.15,0.05,0.1,337,2369.3610855937004,57630.6389144063,136,7.030745061108903
0.5,0.8,0.35,0.45,0.2,0.15,0.2,337,2239.48890042305,57760.51109957695,167,6.6453676570416915
0.4,0.8,0.35,0.35,0.1,0.1,0.2,337,1923.386179447174,58076.613820552826,204,5.707377387083603
0.45,0.6,0.45,0.45,0.2,0.05,0.3,337,1505.8289722502232,58494.17102774978,133,4.468335229229149
0.4,0.6,0.25,0.35,0.1,0.1,0.1,336,2550.205838352442,57449.79416164756,145,7.589898328429887
0.5,0.7,0.45,0.25,0.15,0.05,0.1,336,1885.3775054514408,58114.62249454856,152,5.611242575748336
0.5,0.6,0.25,0.45,0.1,0.15,0.1,335,2640.0207336246967,57359.9792663753,136,7.880658906342378
0.55,0.7,0.35,0.45,0.2,0.1,0.1,335,2517.5755694508553,57482.424430549145,136,7.515150953584643
0.55,0.6,0.35,0.35,0.1,0.15,0.1,335,2448.5606425106525,57551.43935748935,138,7.309136246300455
0.55,0.7,0.35,0.35,0.2,0.15,0.1,335,2393.44501465559,57606.55498534441,139,7.144611984046538
0.55,0.8,0.45,0.45,0.2,0.1,0.2,335,2088.94280692935,57911.05719307065,162,6.235650169938358
0.45,0.8,0.45,0.35,0.1,0.05,0.2,335,1770.1920885145664,58229.80791148543,200,5.284155488103183
0.45,0.6,0.35,0.45,0.15,0.15,0.3,335,1647.2368503808975,58352.7631496191,135,4.917124926510142
0.4,0.6,0.45,0.25,0.15,0.05,0.3,335,844.4549520611763,59155.545047938824,146,2.5207610509288845
0.45,0.6,0.25,0.45,0.1,0.1,0.1,334,2636.361384898424,57363.638615101576,136,7.89329755957612
0.5,0.7,0.45,0.35,0.1,0.15,0.3,334,1206.036830574274,58793.963169425726,151,3.6108887142942336
0.45,0.8,0.45,0.25,0.15,0.15,0.3,333,1000.5739594101906,58999.42604058981,175,3.0047266048354073
0.4,0.6,0.25,0.45,0.15,0.05,0.1,332,2618.793861478567,57381.20613852143,138,7.887933317706527
0.55,0.6,0.35,0.45,0.1,0.1,0.1,332,2585.803869456053,57414.19613054395,134,7.788565871855581
0.55,0.7,0.45,0.25,0.1,0.1,0.1,332,1858.7927314341068,58141.20726856589,153,5.598773287452129
0.5,0.6,0.45,0.45,0.15,0.1,0.3,332,1491.885314911604,58508.114685088396,130,4.493630466601217
0.5,0.7,0.25,0.45,0.2,0.15,0.1,331,2555.4712626338005,57444.5287373662,138,7.720456986809065
0.4,0.7,0.25,0.35,0.2,0.1,0.1,331,2498.0444347560406,57501.95556524396,146,7.546962038537887
0.5,0.6,0.35,0.35,0.1,0.1,0.1,331,2434.101516276598,57565.8984837234,138,7.353781015941384
0.5,0.6,0.35,0.45,0.1,0.05,0.1,330,2563.443049222231,57436.55695077777,134,7.768009240067366
0.4,0.8,0.25,0.45,0.2,0.15,0.2,330,2293.858392685652,57706.14160731435,172,6.951086038441369
0.45,0.8,0.35,0.45,0.2,0.1,0.2,330,2193.624486863613,57806.37551313639,169,6.6473469298897365
0.45,0.7,0.45,0.35,0.1,0.1,0.3,330,1227.4288438260555,58772.571156173944,154,3.719481344927441
0.5,0.7,0.35,0.35,0.2,0.1,0.1,329,2374.8323332071304,57625.16766679287,140,7.2183353592921895
0.55,0.7,0.45,0.35,0.2,0.05,0.1,329,2311.527488410473,57688.47251158953,136,7.025919417661012
0.5,0.8,0.35,0.45,0.15,0.15,0.2,329,2199.67267537117,57800.32732462883,168,6.685935183498997
0.55,0.6,0.45,0.25,0.2,0.15,0.2,329,1114.4262242615223,58885.57377573848,131,3.387313751554779
0.4,0.8,0.45,0.35,0.2,0.05,0.3,327,1125.4802663624287,58874.51973363757,180,3.441835676949323
0.5,0.7,0.35,0.45,0.2,0.05,0.1,326,2484.648361861706,57515.351638138294,136,7.621620741907073
0.45,0.7,0.35,0.35,0.2,0.05,0.1,326,2368.9779086709023,57631.0220913291,140,7.266803400830988
0.5,0.8,0.45,0.45,0.2,0.05,0.2,326,2047.9798004627228,57952.02019953728,163,6.2821466271862665
0.5,0.7,0.45,0.25,0.1,0.05,0.1,326,1851.6838950812817,58148.31610491872,154,5.680011948102091
0.45,0.7,0.25,0.35,0.15,0.15,0.1,325,2476.068504065275,57523.931495934725,146,7.618672320200846
0.45,0.6,0.35,0.35,0.1,0.05,0.1,325,2402.628516346216,57597.371483653784,139,7.392703127219127
0.55,0.7,0.35,0.35,0.15,0.15,0.1,325,2389.025977343321,57610.97402265668,141,7.350849161056372
0.4,0.6,0.35,0.45,0.15,0.1,0.3,325,1600.3589678108692,58399.64103218913,135,4.924181439418059
0.55,0.6,0.45,0.35,0.1,0.05,0.1,324,2295.7165017426014,57704.2834982574,134,7.0855447584648195
0.55,0.8,0.45,0.45,0.15,0.1,0.2,324,2026.2356277406216,57973.76437225938,163,6.253813665866116
0.55,0.7,0.45,0.45,0.2,0.15,0.3,324,1495.8594857156277,58504.14051428437,133,4.616850264554406
0.45,0.6,0.45,0.45,0.15,0.05,0.3,323,1447.3511216044426,58552.64887839556,131,4.480963224781556
0.45,0.6,0.35,0.25,0.2,0.15,0.2,323,1225.4088975787163,58774.591102421284,137,3.7938355962189356
0.4,0.6,0.25,0.45,0.1,0.05,0.1,322,2545.95089712739,57454.04910287261,136,7.906679804743447
0.45,0.7,0.25,0.45,0.2,0.1,0.1,322,2502.783793359995,57497.216206640005,138,7.772620476273276
0.55,0.7,0.35,0.45,0.15,0.1,0.1,322,2473.4393435418606,57526.56065645814,136,7.6814886445399395
0.4,0.7,0.25,0.35,0.15,0.1,0.1,322,2465.5458462536335,57534.45415374637,146,7.656974677806315
0.5,0.7,0.35,0.35,0.15,0.1,0.1,322,2379.5556766688824,57620.44432333112,141,7.389924461704604
0.45,0.8,0.35,0.45,0.15,0.1,0.2,322,2130.8668169379234,57869.13318306208,169,6.617598810366222
0.55,0.6,0.45,0.45,0.1,0.15,0.3,322,1462.8725828826427,58537.12741711736,125,4.543082555536158
0.4,0.6,0.35,0.25,0.2,0.1,0.2,322,1224.7422843575478,58775.25771564245,137,3.803547466948906
0.4,0.8,0.35,0.45,0.2,0.05,0.2,321,2146.990934818983,57853.00906518102,169,6.688445279809916
0.45,0.7,0.35,0.45,0.2,0.15,0.3,321,1651.6174680888653,58348.382531911135,138,5.145225757286185
0.5,0.7,0.25,0.45,0.15,0.15,0.1,320,2499.078806847334,57500.921193152666,138,7.809621271397918
0.4,0.7,0.45,0.25,0.2,0.05,0.3,320,847.972883015871,59152.02711698413,149,2.649915259424597
0.45,0.6,0.35,0.45,0.1,0.15,0.3,319,1604.8358199596405,58395.16418004036,131,5.0308332914095315
0.4,0.8,0.45,0.35,0.15,0.05,0.3,319,1052.7611699402332,58947.23883005977,181,3.300191755298537
0.45,0.8,0.45,0.25,0.1,0.15,0.3,319,935.3370974063873,59064.66290259361,172,2.9320912144400855
0.4,0.8,0.25,0.45,0.15,0.15,0.2,318,2207.06655600667,57792.93344399333,173,6.940460867945503
0.4,0.7,0.35,0.45,0.2,0.1,0.3,318,1653.0247384607792,58346.97526153922,139,5.198191001448992
0.5,0.6,0.45,0.25,0.2,0.1,0.2,318,1089.533473432064,58910.466526567936,131,3.426205891295799
0.5,0.6,0.45,0.25,0.2,0.15,0.3,318,934.5876943171024,59065.4123056829,128,2.938955013575794
0.45,0.7,0.35,0.35,0.15,0.05,0.1,317,2390.977976053953,57609.02202394605,142,7.542517274618149
0.5,0.8,0.45,0.45,0.15,0.05,0.2,317,1985.6952412128448,58014.304758787155,163,6.264022842942728
0.45,0.6,0.45,0.25,0.2,0.1,0.3,317,933.762738108635,59066.237261891365,129,2.9456237795225078
0.45,0.7,0.25,0.45,0.15,0.1,0.1,316,2468.4876191318035,57531.5123808682,138,7.811669680796847
0.4,0.7,0.25,0.45,0.2,0.05,0.1,316,2446.0038203299046,57553.996179670095,138,7.740518418765521
0.4,0.6,0.35,0.45,0.1,0.1,0.3,316,1591.242978721857,58408.75702127814,132,5.035579046588155
0.5,0.7,0.45,0.45,0.2,0.1,0.3,316,1468.1799758970737,58531.820024102926,133,4.646139164231246
0.5,0.7,0.35,0.45,0.15,0.05,0.1,315,2428.255906075239,57571.74409392476,136,7.708748908175362
0.45,0.6,0.35,0.25,0.15,0.15,0.2,315,1198.2268469929695,58801.77315300703,137,3.8038947523586333
0.55,0.6,0.45,0.25,0.15,0.15,0.2,315,1078.996660709381,58921.00333929062,131,3.425386224474226
0.55,0.7,0.35,0.35,0.1,0.15,0.1,314,2331.950205594301,57668.0497944057,140,7.426593011446819
0.55,0.7,0.45,0.35,0.15,0.05,0.1,314,2245.5403449237347,57754.459655076265,136,7.151402372368581
0.5,0.8,0.35,0.45,0.1,0.15,0.2,314,2117.3343892097473,57882.66561079025,167,6.743103150349514
0.45,0.7,0.35,0.45,0.15,0.15,0.3,314,1618.3980450928211,58381.60195490718,139,5.154133901569494
0.5,0.6,0.45,0.45,0.1,0.1,0.3,314,1446.09414640069,58553.90585359931,126,4.605395370702834
0.5,0.8,0.45,0.35,0.2,0.15,0.3,314,1226.5250374376774,58773.47496256232,161,3.9061306924766797
0.55,0.8,0.45,0.45,0.1,0.1,0.2,313,1957.4449016153812,58042.55509838462,161,6.253817577045947
0.45,0.7,0.45,0.45,0.2,0.05,0.3,313,1489.4771300852299,58510.52286991477,135,4.758712875671661
0.45,0.6,0.45,0.25,0.2,0.05,0.2,313,1080.1559378504753,58919.844062149525,132,3.4509774372219657
0.45,0.7,0.25,0.35,0.1,0.15,0.1,312,2407.8559871315956,57592.144012868404,146,7.717487138242293
0.4,0.6,0.35,0.25,0.15,0.1,0.2,312,1192.4389236569405,58807.56107634306,137,3.8219196271055784
0.5,0.6,0.45,0.25,0.15,0.1,0.2,312,1086.3799893260002,58913.620010674,132,3.481987145275642
0.4,0.7,0.25,0.45,0.15,0.05,0.1,311,2430.3592391312122,57569.64076086879,138,7.814659932897788
0.4,0.7,0.35,0.45,0.15,0.1,0.3,311,1611.9814383089542,58388.018561691046,139,5.183220058871235
0.55,0.7,0.35,0.45,0.1,0.1,0.1,310,2377.8912973105907,57622.10870268941,134,7.6706170880986795
0.4,0.8,0.35,0.45,0.15,0.05,0.2,310,2074.0334291756153,57925.966570824385,169,6.690430416695533
0.45,0.6,0.45,0.45,0.1,0.05,0.3,310,1432.5629976391792,58567.43700236082,127,4.621170960126385
0.4,0.8,0.35,0.35,0.2,0.15,0.3,310,1305.5105366706848,58694.489463329315,165,4.211324311840919
0.4,0.6,0.35,0.25,0.2,0.15,0.3,310,942.1760379374027,59057.8239620626,129,3.0392775417335574
0.5,0.7,0.25,0.45,0.1,0.15,0.1,309,2445.028658658266,57554.971341341734,137,7.912714105690181
0.55,0.7,0.45,0.45,0.15,0.15,0.3,309,1435.7464934885502,58564.25350651145,131,4.646428781516343
0.4,0.7,0.45,0.25,0.15,0.05,0.3,309,748.2563569843769,59251.74364301562,146,2.4215416083636794
0.4,0.6,0.45,0.25,0.1,0.05,0.3,308,703.4710095524788,59296.52899044752,136,2.2839967842612947
0.5,0.7,0.35,0.35,0.1,0.1,0.1,307,2317.5615151822567,57682.43848481774,141,7.549060310039924
0.4,0.8,0.25,0.45,0.1,0.15,0.2,307,2175.1507575511932,57824.84924244881,172,7.0851816206879255
0.45,0.8,0.35,0.45,0.1,0.1,0.2,307,2075.0543247163296,57924.94567528367,167,6.759134608196513
0.4,0.8,0.25,0.25,0.2,0.15,0.1,307,2042.56416746974,57957.43583253026,183,6.65330347710013
0.5,0.7,0.45,0.45,0.15,0.1,0.3,307,1466.1351337730885,58533.86486622691,132,4.775684474830907
0.45,0.8,0.45,0.35,0.2,0.1,0.3,307,1204.9017853438854,58795.098214656115,162,3.9247615157781284
0.4,0.7,0.25,0.35,0.1,0.1,0.1,306,2377.4782317876816,57622.52176821232,146,7.769536705188502
0.5,0.8,0.35,0.25,0.2,0.15,0.1,306,1905.420315116644,58094.579684883356,174,6.226863774890993
0.55,0.8,0.45,0.25,0.2,0.1,0.1,306,1763.9718728363514,58236.02812716365,163,5.764613963517488
0.45,0.6,0.45,0.25,0.15,0.05,0.2,306,1076.713326871395,58923.286673128605,133,3.5186710028476966
0.4,0.8,0.45,0.35,0.1,0.05,0.3,305,1053.8056018352509,58946.19439816475,179,3.4551003338860684
0.45,0.7,0.35,0.25,0.2,0.15,0.2,304,1164.7500204741955,58835.249979525805,137,3.8314145410335376
0.5,0.8,0.45,0.35,0.15,0.15,0.3,304,1145.1128701865673,58854.88712981343,160,3.7668186519294977
0.55,0.7,0.45,0.25,0.2,0.15,0.2,304,1075.8520951271057,58924.147904872894,132,3.5389871550233742
0.5,0.8,0.45,0.45,0.1,0.05,0.2,303,1930.203628063202,58069.7963719368,162,6.370309003508917
0.45,0.8,0.35,0.25,0.2,0.1,0.1,303,1900.6867199838161,58099.313280016184,177,6.272893465293123
0.45,0.7,0.35,0.45,0.1,0.15,0.3,302,1601.538464218378,58398.46153578162,136,5.3031074974118475
0.45,0.7,0.35,0.35,0.1,0.05,0.1,301,2301.4685569405556,57698.531443059444,141,7.646074940001846
0.45,0.7,0.45,0.45,0.15,0.05,0.3,301,1435.28608456254,58564.71391543746,133,4.768392307516744
0.4,0.7,0.35,0.25,0.2,0.1,0.2,301,1141.9608003795147,58858.039199620485,137,3.7938897022575238
0.45,0.6,0.35,0.25,0.1,0.15,0.2,301,1100.9885452091694,58899.01145479083,135,3.657769253186609
0.55,0.6,0.45,0.25,0.1,0.15,0.2,301,1001.5818416178226,58998.41815838218,129,3.327514423979477
0.45,0.6,0.45,0.25,0.15,0.1,0.3,301,850.0221842229366,59149.97781577706,127,2.823993967518062
0.5,0.7,0.35,0.45,0.1,0.05,0.1,300,2305.174458771944,57694.825541228056,134,7.683914862573147
0.5,0.6,0.45,0.25,0.15,0.15,0.3,300,849.7074235081673,59150.29257649183,126,2.8323580783605578
0.55,0.7,0.45,0.35,0.1,0.05,0.1,299,2122.6126377880573,57877.38736221194,134,7.099038922368084
0.4,0.7,0.35,0.45,0.1,0.1,0.3,299,1595.1218574345112,58404.87814256549,136,5.334855710483315
0.4,0.8,0.35,0.35,0.15,0.15,0.3,299,1189.1924579143524,58810.80754208565,165,3.977232300716898
0.4,0.6,0.35,0.25,0.1,0.1,0.2,299,1096.9727143347263,58903.027285665274,135,3.6688050646646366
0.5,0.7,0.45,0.25,0.2,0.1,0.2,299,1063.3385425806046,58936.661457419395,132,3.556316195921754
0.45,0.7,0.25,0.45,0.1,0.1,0.1,298,2392.9562066197395,57607.04379338026,137,8.030054384629999
0.4,0.8,0.35,0.45,0.1,0.05,0.2,297,2017.077466726303,57982.9225332737,167,6.791506621974085
0.5,0.8,0.35,0.25,0.15,0.15,0.1,297,1866.8272229731083,58133.17277702689,177,6.285613545364001
0.45,0.7,0.35,0.25,0.15,0.15,0.2,296,1103.2695796191692,58896.73042038083,137,3.727262093308004
0.45,0.8,0.45,0.35,0.15,0.1,0.3,296,1098.6167397201061,58901.383260279894,161,3.711543039594953
0.45,0.7,0.45,0.25,0.2,0.05,0.2,296,1043.7432632148266,58956.25673678517,133,3.526159673023063
0.5,0.6,0.45,0.25,0.1,0.1,0.2,296,985.5345998704433,59014.46540012956,129,3.3295087833460926
0.4,0.6,0.35,0.25,0.15,0.15,0.3,296,845.0955035686493,59154.90449643135,126,2.8550523769211127
0.55,0.8,0.35,0.45,0.2,0.1,0.1,295,2251.04465469718,57748.95534530282,136,7.630659846431118
0.55,0.7,0.45,0.45,0.1,0.15,0.3,295,1443.550216048956,58556.449783951044,128,4.8933905628778165
0.55,0.8,0.35,0.35,0.2,0.15,0.1,294,2136.114453613758,57863.88554638624,144,7.26569542045496
0.4,0.8,0.25,0.25,0.15,0.15,0.1,294,1989.872438788414,58010.127561211586,186,6.768273601321136
0.55,0.8,0.45,0.45,0.2,0.15,0.3,294,1425.0833342969418,58574.91666570306,136,4.847222225499802
0.4,0.7,0.25,0.45,0.1,0.05,0.1,293,2349.7431924939156,57650.256807506084,137,8.019601339569677
0.4,0.8,0.35,0.25,0.2,0.05,0.1,293,1850.7232749164104,58149.27672508359,177,6.316461689134506
0.4,0.7,0.35,0.25,0.15,0.1,0.2,293,1075.0901519954205,58924.90984800458,137,3.6692496655133806
0.55,0.7,0.45,0.25,0.15,0.15,0.2,293,1032.1118814647198,58967.88811853528,132,3.5225661483437536
0.5,0.8,0.25,0.45,0.2,0.15,0.1,292,2292.978445202112,57707.02155479789,139,7.852665908226411
0.45,0.8,0.25,0.35,0.2,0.15,0.1,292,2238.98037225008,57761.01962774992,149,7.667741000856439
0.4,0.6,0.25,0.35,0.2,0.15,0.2,292,1618.2173478603363,58381.782652139664,121,5.541840232398412
0.55,0.8,0.45,0.25,0.15,0.1,0.1,291,1736.1109484434128,58263.88905155659,164,5.9660170049601815
0.5,0.6,0.35,0.35,0.2,0.15,0.2,291,1476.864844918251,58523.13515508175,117,5.075136924117701
0.45,0.6,0.45,0.25,0.1,0.05,0.2,291,972.2827346622944,59027.717265337706,130,3.3411777823446545
0.5,0.7,0.45,0.25,0.15,0.1,0.2,290,1017.5514712035656,58982.448528796434,132,3.5087981765640195
0.5,0.8,0.45,0.25,0.2,0.05,0.1,289,1724.472107231617,58275.52789276838,164,5.967031512912169
0.45,0.6,0.35,0.35,0.2,0.1,0.2,289,1468.1836029291153,58531.816397070885,117,5.080220079339499
0.45,0.7,0.45,0.45,0.1,0.05,0.3,289,1429.354138404131,58570.64586159587,130,4.945862070602529
0.5,0.7,0.45,0.45,0.1,0.1,0.3,289,1397.4374791681767,58602.56252083182,128,4.835423803350092
0.55,0.6,0.45,0.35,0.2,0.1,0.2,289,1363.4871684014797,58636.51283159852,113,4.717948679589895
0.5,0.8,0.45,0.35,0.1,0.15,0.3,289,1077.2012793719769,58922.79872062802,158,3.727340067031062
0.55,0.8,0.35,0.35,0.15,0.15,0.1,288,2118.612243771553,57881.38775622845,144,7.356292513095671
0.45,0.8,0.35,0.25,0.15,0.1,0.1,288,1809.79149004817,58190.20850995183,177,6.283998229333924
0.55,0.8,0.35,0.45,0.15,0.1,0.1,287,2199.645749717951,57800.35425028205,137,7.6642709049405955
0.5,0.8,0.35,0.35,0.2,0.1,0.1,287,2079.470613539219,57920.52938646078,144,7.245542207453725
0.4,0.8,0.25,0.25,0.1,0.15,0.1,287,1926.5887222886086,58073.41127771139,186,6.712852690901075
0.45,0.7,0.45,0.25,0.15,0.05,0.2,287,970.777882784605,59029.222117215395,133,3.382501333744268
0.5,0.7,0.45,0.25,0.2,0.15,0.3,287,894.1191166937351,59105.880883306265,129,3.1153976191419344
0.5,0.8,0.35,0.45,0.2,0.05,0.1,286,2192.103971630335,57807.896028369665,137,7.664699201504667
0.45,0.7,0.45,0.25,0.2,0.1,0.3,286,885.498389929533,59114.50161007047,130,3.096148216536829
0.4,0.7,0.45,0.25,0.1,0.05,0.3,286,705.8520667254925,59294.14793327451,138,2.4680142193199037
0.45,0.7,0.35,0.25,0.1,0.15,0.2,285,1016.2651660144329,58983.73483398557,136,3.56584268776994
0.5,0.8,0.35,0.25,0.1,0.15,0.1,284,1822.068665444851,58177.93133455515,178,6.41573473748187
0.4,0.6,0.25,0.35,0.15,0.15,0.2,284,1598.7470453679562,58401.252954632044,121,5.629391004816747
0.45,0.8,0.35,0.45,0.2,0.15,0.3,284,1481.8243491649628,58518.17565083504,144,5.217691370299165
0.4,0.6,0.35,0.35,0.2,0.05,0.2,284,1451.3131844997406,58548.68681550026,117,5.110257691900495
0.4,0.8,0.35,0.35,0.1,0.15,0.3,284,1141.3252233862877,58858.67477661371,162,4.018750786571435
0.45,0.8,0.25,0.45,0.2,0.1,0.1,283,2238.641231507063,57761.35876849294,139,7.910393044194569
0.4,0.7,0.35,0.25,0.1,0.1,0.2,283,1010.6810729801655,58989.318927019835,136,3.5713112119440478
0.4,0.7,0.35,0.25,0.2,0.15,0.3,283,869.1288373172283,59130.87116268277,129,3.071126633629782
0.55,0.8,0.45,0.35,0.2,0.05,0.1,282,1976.7172411084175,58023.28275889158,138,7.009635606767438
0.55,0.6,0.35,0.45,0.2,0.15,0.2,282,1777.2229233384132,58222.77707666159,106,6.302208948008557
0.5,0.8,0.45,0.45,0.2,0.1,0.3,282,1388.922780930996,58611.077219069004,137,4.925258088407787
0.5,0.6,0.45,0.35,0.2,0.05,0.2,282,1352.9816972017288,58647.01830279827,113,4.797807436885563
0.45,0.8,0.45,0.35,0.1,0.1,0.3,282,1052.1681997478008,58947.8318002522,159,3.731092906907095
0.4,0.8,0.25,0.35,0.2,0.1,0.1,281,2207.1846542954445,57792.815345704556,150,7.854749659414393
0.5,0.6,0.35,0.35,0.15,0.15,0.2,281,1427.868672966957,58572.13132703304,116,5.081383177818353
0.55,0.8,0.45,0.45,0.15,0.15,0.3,281,1378.3457738161087,58621.65422618389,134,4.905145102548429
0.5,0.8,0.25,0.45,0.15,0.15,0.1,280,2201.8670782744884,57798.13292172551,139,7.8638109938374585
0.45,0.6,0.25,0.45,0.2,0.15,0.2,280,1909.178141117096,58090.821858882904,111,6.818493361132486
0.4,0.8,0.35,0.25,0.15,0.05,0.1,280,1787.1698986291885,58212.83010137081,178,6.382749637961387
0.4,0.8,0.25,0.45,0.2,0.05,0.1,279,2215.432977706194,57784.567022293806,139,7.9406199917784726
0.45,0.8,0.35,0.35,0.2,0.05,0.1,279,2036.8180819153786,57963.18191808462,145,7.300423232671608
0.5,0.8,0.35,0.35,0.15,0.1,0.1,278,2014.394114613533,57985.60588538647,144,7.2460219950127085
0.45,0.8,0.35,0.25,0.1,0.1,0.1,278,1747.7365772128105,58252.26342278719,178,6.286822220189966
0.55,0.8,0.45,0.25,0.1,0.1,0.1,278,1678.8698248565197,58321.13017514348,165,6.039100089411941
0.5,0.8,0.45,0.25,0.15,0.05,0.1,278,1670.4473210573196,58329.55267894268,165,6.008803313155826
0.55,0.7,0.45,0.25,0.1,0.15,0.2,278,910.0965778529644,59089.903422147036,130,3.2737286973128215
0.45,0.8,0.25,0.35,0.15,0.15,0.1,277,2190.29389205575,57809.70610794425,150,7.907198166266245
0.4,0.6,0.25,0.45,0.2,0.1,0.2,277,1886.4144580364227,58113.58554196358,111,6.810160498326436
0.45,0.6,0.35,0.35,0.15,0.1,0.2,277,1454.0077004134655,58545.992299586535,117,5.249125272250778
0.4,0.8,0.35,0.45,0.2,0.1,0.3,277,1451.1748943924904,58548.82510560751,144,5.238898535712962
0.55,0.8,0.45,0.35,0.15,0.05,0.1,276,1957.4109681844711,58042.58903181553,139,7.092068725306055
0.5,0.7,0.35,0.35,0.2,0.15,0.2,276,1503.5049804747105,58496.49501952529,119,5.447481813314169
0.5,0.7,0.45,0.25,0.1,0.1,0.2,276,904.0240661799908,59095.97593382001,130,3.275449515144894
0.4,0.6,0.35,0.35,0.15,0.05,0.2,275,1448.726539939642,58551.27346006036,117,5.268096508871425
0.45,0.7,0.45,0.25,0.1,0.05,0.2,275,898.094822615385,59101.905177384615,131,3.2657993549650364
0.5,0.8,0.35,0.45,0.15,0.05,0.1,274,2110.4968228042126,57889.50317719579,137,7.702543148920483
0.4,0.8,0.35,0.25,0.1,0.05,0.1,274,1736.9969895482063,58263.003010451794,178,6.339405071343819
0.4,0.7,0.25,0.35,0.2,0.15,0.2,274,1595.8253370821476,58404.17466291785,122,5.824180062343604
0.4,0.7,0.35,0.25,0.15,0.15,0.3,274,771.3597261607647,59228.640273839235,128,2.8151814823385575
0.5,0.6,0.35,0.45,0.2,0.1,0.2,273,1749.9204189777374,58250.07958102226,106,6.409964904680357
0.45,0.8,0.45,0.45,0.2,0.05,0.3,273,1342.8078410625458,58657.192158937454,138,4.9187100405221456
0.55,0.6,0.45,0.35,0.15,0.1,0.2,273,1288.1878381371498,58711.81216186285,111,4.718636769733149
0.5,0.6,0.45,0.25,0.1,0.15,0.3,273,712.8081641793251,59287.191835820675,116,2.6110189164077844
0.45,0.6,0.45,0.25,0.1,0.1,0.3,273,701.6379853188992,59298.3620146811,117,2.570102510325638
0.45,0.6,0.25,0.45,0.15,0.15,0.2,272,1887.9659740030766,58112.03402599692,110,6.941051375011311
0.55,0.6,0.45,0.45,0.2,0.05,0.2,272,1682.2984381318092,58317.70156186819,102,6.1849207284257695
0.55,0.7,0.45,0.35,0.2,0.1,0.2,272,1341.787653684616,58658.212346315384,114,4.933042844428735
0.5,0.7,0.45,0.25,0.15,0.15,0.3,272,755.4458086192608,59244.55419138074,126,2.777374296394341
0.45,0.7,0.45,0.25,0.15,0.1,0.3,272,739.3261859118938,59260.673814088106,127,2.7181109776172567
0.4,0.6,0.25,0.35,0.1,0.15,0.2,271,1534.6691680848598,58465.33083191514,118,5.662985860091734
0.45,0.8,0.25,0.45,0.15,0.1,0.1,270,2169.6355586647987,57830.3644413352,140,8.03568725431407
0.55,0.8,0.35,0.35,0.1,0.15,0.1,270,2054.2899269759655,57945.710073024035,144,7.608481211022094
0.4,0.6,0.25,0.45,0.15,0.1,0.2,270,1905.839709430933,58094.16029056907,112,7.058665590484937
0.45,0.7,0.35,0.35,0.2,0.1,0.2,270,1477.7114242613316,58522.28857573867,119,5.473005275041968
0.5,0.8,0.45,0.45,0.15,0.1,0.3,270,1321.6464304327965,58678.3535695672,135,4.894986779380727
0.4,0.6,0.35,0.25,0.1,0.15,0.3,270,713.5718700885773,59286.42812991142,117,2.642858778105842
0.55,0.8,0.35,0.45,0.1,0.1,0.1,269,2096.371626138687,57903.62837386131,135,7.793203071147536
0.45,0.6,0.35,0.45,0.2,0.05,0.2,269,1702.4441132545471,58297.55588674545,106,6.32878852510984
0.5,0.6,0.35,0.35,0.1,0.15,0.2,269,1420.4739665687084,58579.52603343129,115,5.2805723664264255
0.45,0.8,0.35,0.45,0.15,0.15,0.3,269,1375.5232555270195,58624.47674447298,142,5.11346935140156
0.5,0.6,0.45,0.35,0.15,0.05,0.2,269,1294.3997425734997,58705.6002574265,112,4.811894953804831
0.45,0.8,0.25,0.35,0.1,0.15,0.1,268,2136.8293296396732,57863.17067036033,150,7.973243767312214
0.5,0.8,0.45,0.25,0.1,0.05,0.1,268,1655.3239420950413,58344.67605790496,168,6.17658187348896
0.4,0.7,0.35,0.35,0.2,0.05,0.2,268,1468.8485266268253,58531.151473373175,119,5.480778084428453
0.45,0.7,0.25,0.45,0.2,0.15,0.2,267,1911.0162530839443,58088.983746916056,114,7.1573642437600915
0.5,0.7,0.35,0.35,0.15,0.15,0.2,267,1471.2494970858097,58528.75050291419,119,5.510297741894418
0.45,0.6,0.35,0.35,0.1,0.1,0.2,267,1411.7927245795727,58588.20727542043,115,5.287613200672557
0.4,0.8,0.25,0.35,0.15,0.1,0.1,266,2122.6764821112156,57877.323517888784,150,7.979986774854194
0.5,0.8,0.25,0.45,0.1,0.15,0.1,266,2119.0213810801506,57880.97861891985,138,7.966245793534401
0.45,0.8,0.35,0.35,0.15,0.05,0.1,266,1997.0189949572086,58002.98100504279,146,7.507590206606047
0.4,0.7,0.25,0.45,0.2,0.1,0.2,266,1906.07768830657,58093.92231169343,114,7.1657055951374815
0.55,0.6,0.35,0.45,0.15,0.15,0.2,266,1706.2236336767673,58293.77636632323,105,6.414374562694614
0.4,0.7,0.25,0.35,0.15,0.15,0.2,266,1541.2722078859806,58458.72779211402,122,5.794256420623987
0.4,0.6,0.35,0.35,0.1,0.05,0.2,266,1442.1618009507656,58557.838199049234,116,5.421660905829946
0.4,0.8,0.35,0.45,0.15,0.1,0.3,266,1373.6711888313293,58626.32881116867,142,5.164177401621539
0.5,0.7,0.45,0.35,0.2,0.05,0.2,266,1323.9767707884312,58676.02322921157,114,4.977356281159516
0.4,0.8,0.25,0.45,0.15,0.05,0.1,265,2166.3561525940895,57833.64384740591,141,8.174928877713546
0.55,0.6,0.45,0.35,0.2,0.15,0.3,265,973.7989914417267,59026.20100855827,100,3.674713175251799
0.5,0.8,0.35,0.35,0.1,0.1,0.1,264,1970.0691168010235,58029.93088319898,144,7.462383018185695
0.45,0.7,0.35,0.35,0.15,0.1,0.2,264,1461.2234858572483,58538.77651414275,119,5.5349374464289705
0.55,0.6,0.45,0.35,0.1,0.1,0.2,264,1303.5087112486362,58696.491288751364,111,4.937532997153925
0.4,0.8,0.45,0.25,0.2,0.05,0.3,264,739.4996586441994,59260.5003413558,156,2.8011350706219673
0.55,0.7,0.45,0.35,0.15,0.1,0.2,263,1298.1138471066952,58701.886152893305,113,4.935794095462719
0.5,0.8,0.35,0.45,0.1,0.05,0.1,262,2060.4910454154015,57939.5089545846,136,7.864469638990082
0.55,0.6,0.25,0.45,0.2,0.15,0.1,262,1992.2156839370728,58007.78431606293,98,7.603876656248369
0.55,0.7,0.35,0.45,0.2,0.15,0.2,262,1702.4639421403408,58297.53605785966,107,6.4979539776348885
0.5,0.6,0.35,0.45,0.15,0.1,0.2,262,1673.5975123941898,58326.40248760581,105,6.38777676486332
0.45,0.8,0.25,0.45,0.1,0.1,0.1,261,2139.589349925518,57860.41065007448,140,8.197660344542214
0.45,0.6,0.35,0.45,0.15,0.05,0.2,261,1657.4519073069096,58342.54809269309,105,6.350390449451761
0.5,0.6,0.45,0.35,0.1,0.05,0.2,261,1284.7465343177319,58715.25346568227,111,4.922400514627325
0.55,0.8,0.45,0.45,0.1,0.15,0.3,261,1281.7905183434486,58718.20948165655,130,4.91107478292509
0.4,0.8,0.25,0.35,0.1,0.1,0.1,260,2092.252461761236,57907.747538238764,151,8.047124852927832
0.45,0.8,0.45,0.45,0.15,0.05,0.3,260,1256.0259887576103,58743.97401124239,136,4.83086918752927
0.45,0.6,0.25,0.45,0.1,0.15,0.2,259,1908.4735286533833,58091.52647134662,108,7.368623662754375
0.4,0.7,0.35,0.35,0.15,0.05,0.2,259,1417.8603302538395,58582.13966974616,119,5.474364209474284
0.5,0.7,0.45,0.35,0.15,0.05,0.2,259,1321.0535551607609,58678.94644483924,115,5.100592877068575
0.4,0.8,0.25,0.45,0.1,0.05,0.1,258,2127.0305876135826,57872.96941238642,140,8.24430460315342
0.5,0.7,0.35,0.45,0.2,0.1,0.2,258,1665.9642861187458,58334.035713881254,107,6.457225915188937
0.45,0.8,0.35,0.35,0.1,0.05,0.1,257,1953.387383133173,58046.61261686683,145,7.6007291172497
0.4,0.6,0.25,0.45,0.1,0.1,0.2,257,1891.6286258995533,58108.37137410045,108,7.360422668869857
0.55,0.8,0.45,0.35,0.1,0.05,0.1,257,1831.109737843275,58168.890262156725,139,7.124940614176167
0.55,0.8,0.45,0.25,0.2,0.15,0.2,257,995.0877456068993,59004.9122543931,137,3.8719367533342384
0.5,0.6,0.25,0.45,0.2,0.1,0.1,255,1940.2511708140373,58059.74882918596,98,7.608828120839362
0.45,0.7,0.25,0.45,0.15,0.15,0.2,255,1822.9233153760433,58177.07668462396,112,7.1487188838276206
0.45,0.7,0.35,0.45,0.2,0.05,0.2,255,1692.617736428976,58307.382263571024,108,6.6377166134469645
0.5,0.7,0.35,0.35,0.1,0.15,0.2,255,1413.3432871997356,58586.656712800264,117,5.542522694900924
0.55,0.6,0.45,0.45,0.15,0.05,0.2,254,1573.3494724333286,58426.65052756667,100,6.194289261548538
0.45,0.8,0.35,0.25,0.2,0.15,0.2,254,1040.7042620182037,58959.295737981796,141,4.097260874087416
0.55,0.6,0.35,0.45,0.1,0.15,0.2,253,1702.8551934063435,58297.14480659366,101,6.730652938364994
0.45,0.8,0.35,0.45,0.1,0.15,0.3,253,1341.483118623495,58658.516881376505,137,5.302304816693656
0.4,0.7,0.25,0.45,0.15,0.1,0.2,252,1823.6875032484531,58176.31249675155,113,7.236855171620846
0.55,0.7,0.35,0.45,0.15,0.15,0.2,252,1647.947537213564,58352.052462786436,106,6.539474354022079
0.55,0.7,0.45,0.45,0.2,0.05,0.2,252,1578.0145979821682,58421.98540201783,103,6.261962690405429
0.5,0.8,0.45,0.25,0.2,0.1,0.2,252,967.8381922245026,59032.1618077755,137,3.840627746922629
0.5,0.6,0.45,0.35,0.2,0.1,0.3,252,948.0243024230003,59051.975697577,100,3.7620012000912713
0.45,0.6,0.25,0.45,0.2,0.05,0.1,251,1921.1964690685272,58078.80353093147,99,7.654169199476204
0.45,0.7,0.35,0.35,0.1,0.1,0.2,251,1402.334506481886,58597.665493518114,117,5.586990065664884
0.5,0.8,0.45,0.45,0.1,0.1,0.3,251,1263.1271062791348,58736.872893720865,130,5.032378909478624
0.45,0.6,0.35,0.35,0.2,0.15,0.3,251,974.6313419938087,59025.36865800619,101,3.8829933943976442
0.4,0.7,0.35,0.25,0.1,0.15,0.3,251,709.564364105463,59290.43563589454,120,2.8269496577906894
0.5,0.7,0.35,0.45,0.15,0.1,0.2,250,1638.9647133648396,58361.03528663516,106,6.555858853459358
0.55,0.7,0.45,0.35,0.1,0.1,0.2,250,1231.4717150628567,58768.52828493714,112,4.925886860251427
0.5,0.6,0.35,0.45,0.1,0.1,0.2,249,1670.1042030155659,58329.895796984434,101,6.707245795243236
0.45,0.6,0.45,0.35,0.2,0.05,0.3,249,935.91289716959,59064.08710283041,101,3.758686334014418
0.4,0.7,0.25,0.35,0.1,0.15,0.2,248,1419.5746361017227,58580.42536389828,118,5.724091274603721
0.4,0.8,0.35,0.45,0.1,0.1,0.3,248,1326.4402988553047,58673.559701144695,138,5.348549592158487
0.55,0.6,0.45,0.45,0.2,0.1,0.3,248,1080.040540665388,58919.95945933461,95,4.355002180102371
0.4,0.8,0.35,0.25,0.2,0.1,0.2,248,982.7537845373154,59017.246215462685,142,3.9627168731343363
0.55,0.8,0.45,0.25,0.15,0.15,0.2,248,915.6386546492577,59084.36134535074,137,3.692091349392168
0.4,0.8,0.45,0.25,0.15,0.05,0.3,248,663.4992505908012,59336.5007494092,153,2.6754002039951663
0.55,0.6,0.25,0.45,0.15,0.15,0.1,247,1928.0203476846218,58071.97965231538,97,7.805750395484298
0.5,0.6,0.35,0.45,0.2,0.15,0.3,247,1165.1089480221272,58834.89105197787,98,4.717040275393227
0.45,0.8,0.45,0.25,0.2,0.05,0.2,247,918.1640603542328,59081.83593964577,138,3.7172634022438573
0.5,0.7,0.45,0.25,0.1,0.15,0.3,247,662.8281507194042,59337.171849280596,116,2.683514780240503
0.45,0.7,0.45,0.25,0.1,0.1,0.3,247,657.6346935927868,59342.36530640721,117,2.662488638027477
0.55,0.6,0.35,0.45,0.2,0.05,0.1,246,1723.2361030578613,58276.76389694214,91,7.005024809178298
0.55,0.6,0.45,0.45,0.1,0.05,0.2,246,1589.1523793041706,58410.84762069583,98,6.459969021561669
0.4,0.7,0.35,0.35,0.1,0.05,0.2,246,1375.8203064203262,58624.179693579674,117,5.592765473253358
0.45,0.6,0.35,0.45,0.1,0.05,0.2,245,1654.9489705860615,58345.05102941394,101,6.754893757494129
0.45,0.8,0.45,0.45,0.1,0.05,0.3,245,1227.9953764379025,58772.0046235621,134,5.012226026277153
0.45,0.6,0.35,0.45,0.2,0.1,0.3,244,1157.6648177206516,58842.33518227935,98,4.74452794147808
0.45,0.8,0.35,0.25,0.15,0.15,0.2,244,953.5779218673706,59046.42207813263,143,3.908106237161355
0.55,0.6,0.45,0.35,0.15,0.15,0.3,244,892.1160145998001,59107.8839854002,97,3.656213174589345
0.45,0.7,0.35,0.45,0.15,0.05,0.2,243,1604.524798721075,58395.475201278925,106,6.602982710786317
0.55,0.7,0.45,0.45,0.15,0.05,0.2,243,1537.5206158459187,58462.47938415408,102,6.3272453326992535
0.5,0.7,0.45,0.35,0.1,0.05,0.2,243,1213.0425870120525,58786.95741298795,112,4.991944802518734
0.4,0.6,0.35,0.35,0.2,0.1,0.3,243,944.7267608046532,59055.27323919535,101,3.8877644477557745
0.5,0.8,0.45,0.25,0.2,0.15,0.3,243,736.7354183793068,59263.26458162069,129,3.031832997445707
0.5,0.6,0.25,0.45,0.15,0.1,0.1,242,1873.4008466303349,58126.599153369665,97,7.741325812522045
0.4,0.6,0.25,0.45,0.2,0.15,0.3,242,1184.1865588724613,58815.81344112754,100,4.893332887902733
0.5,0.8,0.45,0.25,0.15,0.1,0.2,242,864.3818488121033,59135.6181511879,137,3.5718258215376166
0.5,0.6,0.45,0.45,0.2,0.05,0.3,240,1065.29844263196,58934.70155736804,95,4.4387435109665
0.55,0.7,0.45,0.35,0.2,0.15,0.3,240,947.783033400774,59052.216966599226,101,3.949095972503225
0.5,0.6,0.45,0.35,0.15,0.1,0.3,240,899.8643842637539,59100.135615736246,98,3.749434934432308
0.55,0.7,0.25,0.45,0.2,0.15,0.1,239,1870.1602243483067,58129.83977565169,99,7.824938177189567
0.45,0.6,0.25,0.45,0.15,0.05,0.1,239,1850.5508041083813,58149.44919589162,97,7.742890393758917
0.4,0.8,0.35,0.25,0.15,0.1,0.2,239,933.5366642773151,59066.463335722685,143,3.906011147603829
0.4,0.6,0.35,0.45,0.2,0.05,0.3,238,1130.5668727457523,58869.43312725425,98,4.750280977923329
0.45,0.6,0.35,0.35,0.15,0.15,0.3,238,894.9029265940189,59105.09707340598,98,3.7600963302269705
0.45,0.6,0.45,0.35,0.15,0.05,0.3,238,888.4756919443607,59111.52430805564,99,3.7330911426233646
0.45,0.8,0.45,0.25,0.15,0.05,0.2,238,856.9231441020966,59143.0768558979,138,3.600517412193683
0.45,0.8,0.45,0.25,0.2,0.1,0.3,237,707.026851773262,59292.97314822674,130,2.983235661490557
0.45,0.7,0.25,0.45,0.1,0.15,0.2,236,1764.4311508536339,58235.568849146366,108,7.476403181583194
0.55,0.8,0.45,0.35,0.2,0.1,0.2,236,1216.0060310661793,58783.99396893382,117,5.152567928246523
0.4,0.8,0.35,0.25,0.2,0.15,0.3,236,717.1276144981384,59282.87238550186,131,3.0386763326192305
0.5,0.7,0.25,0.45,0.2,0.1,0.1,235,1833.7423186004162,58166.257681399584,99,7.803158802554963
0.5,0.8,0.35,0.35,0.2,0.15,0.2,235,1286.9409945309162,58713.059005469084,121,5.476344657578367
0.4,0.7,0.25,0.45,0.1,0.1,0.2,234,1759.0914362072945,58240.908563792706,108,7.517484770116643
0.55,0.8,0.35,0.45,0.2,0.15,0.2,234,1502.6943609118462,58497.305639088154,108,6.421770773127547
0.5,0.7,0.35,0.45,0.2,0.15,0.3,234,1121.242276698351,58878.75772330165,98,4.791633661104064
0.5,0.7,0.45,0.35,0.2,0.1,0.3,234,920.9069329202175,59079.09306707978,101,3.935499713334263
0.55,0.7,0.35,0.45,0.1,0.15,0.2,233,1550.8867432773113,58449.11325672269,101,6.656166280160134
0.45,0.7,0.25,0.45,0.2,0.05,0.1,232,1819.296735972166,58180.703264027834,99,7.841796275742095
0.5,0.6,0.25,0.35,0.2,0.15,0.1,232,1584.2141821980476,58415.78581780195,90,6.828509406026067
0.55,0.6,0.35,0.35,0.2,0.1,0.1,232,1546.013685286045,58453.986314713955,88,6.663852091750194
0.55,0.7,0.45,0.45,0.2,0.1,0.3,232,1040.2650093734264,58959.73499062657,95,4.483900902471666
0.55,0.8,0.45,0.25,0.1,0.15,0.2,232,821.9576808810234,59178.04231911898,135,3.5429210382802734
0.5,0.8,0.45,0.25,0.15,0.15,0.3,232,655.8413691520691,59344.15863084793,126,2.826902453241677
0.55,0.6,0.35,0.45,0.15,0.05,0.1,231,1671.1927004754543,58328.807299524546,90,7.2346004349586766
0.5,0.6,0.35,0.45,0.15,0.15,0.3,231,1111.2036192119122,58888.79638078809,93,4.810405277973645
0.45,0.7,0.45,0.35,0.2,0.05,0.3,231,901.5491108000278,59098.45088919997,102,3.902810003463324
0.5,0.7,0.35,0.45,0.1,0.1,0.2,230,1576.282148808241,58423.71785119176,102,6.853400646992352
0.45,0.6,0.25,0.35,0.2,0.1,0.1,230,1566.798685848713,58433.20131415129,90,6.8121681993422305
0.5,0.8,0.45,0.35,0.2,0.05,0.2,230,1181.2092764675617,58818.79072353244,117,5.135692506380703
0.55,0.6,0.45,0.45,0.15,0.1,0.3,230,1037.7177242934704,58962.28227570653,91,4.511816192580306
0.4,0.6,0.35,0.35,0.15,0.1,0.3,230,866.4406659901142,59133.559334009886,98,3.767133330391801
0.45,0.8,0.35,0.35,0.2,0.1,0.2,229,1244.7689867913723,58755.23101320863,121,5.435672431403373
0.4,0.6,0.25,0.45,0.15,0.15,0.3,229,1141.7032184898853,58858.296781510115,95,4.985603574191639
0.45,0.7,0.35,0.35,0.2,0.15,0.3,229,900.8014234602451,59099.198576539755,101,3.9336306701320747
0.45,0.8,0.25,0.45,0.2,0.15,0.2,228,1561.6866703629494,58438.31332963705,115,6.8495029401883745
0.55,0.7,0.45,0.45,0.1,0.05,0.2,228,1474.7609722316265,58525.23902776837,99,6.468249878208888
0.5,0.8,0.35,0.45,0.2,0.1,0.2,228,1472.4294093251228,58527.57059067488,109,6.458023725110188
0.55,0.8,0.45,0.45,0.2,0.05,0.2,228,1413.3989116549492,58586.60108834505,106,6.199118033574338
0.4,0.7,0.35,0.35,0.2,0.1,0.3,228,897.4522058069706,59102.54779419303,101,3.9361938851182923
0.55,0.7,0.25,0.45,0.15,0.15,0.1,227,1769.1779206097126,58230.82207939029,97,7.793735333082434
0.55,0.7,0.35,0.45,0.2,0.05,0.1,227,1689.3004516661167,58310.69954833388,93,7.441852209982893
0.4,0.6,0.25,0.35,0.2,0.05,0.1,227,1591.8354478478432,58408.16455215216,91,7.012490959682128
0.5,0.6,0.35,0.35,0.2,0.05,0.1,227,1504.410183250904,58495.589816749096,88,6.627357635466538
0.4,0.8,0.25,0.35,0.2,0.15,0.2,227,1280.7806198000908,58719.21938019991,122,5.6422053735686815
0.4,0.7,0.25,0.45,0.2,0.15,0.3,227,1120.6606155335903,58879.33938446641,100,4.936830905434318
0.45,0.8,0.35,0.25,0.1,0.15,0.2,227,891.8629889786243,59108.137011021376,142,3.928911845720812
0.45,0.7,0.35,0.45,0.1,0.05,0.2,226,1598.7988123297691,58401.20118767023,103,7.074331028007828
0.45,0.6,0.35,0.45,0.15,0.1,0.3,226,1093.134228259325,58906.865771740675,93,4.836877116191704
0.45,0.7,0.35,0.45,0.2,0.1,0.3,226,1078.416201621294,58921.583798378706,98,4.771753104519
0.55,0.7,0.45,0.35,0.15,0.15,0.3,226,865.8017590939999,59134.198240906,98,3.8309812349292027
0.5,0.8,0.45,0.25,0.1,0.1,0.2,226,813.6044366061687,59186.39556339383,135,3.600019631000747
0.5,0.6,0.25,0.35,0.15,0.15,0.1,225,1611.0735510885715,58388.92644891143,91,7.160326893726984
0.5,0.7,0.45,0.45,0.2,0.05,0.3,225,1004.6813917458057,58995.318608254194,95,4.465250629981359
0.4,0.8,0.35,0.25,0.1,0.1,0.2,225,886.1281181871891,59113.87188181281,142,3.9383471919430626
0.5,0.8,0.35,0.35,0.15,0.15,0.2,224,1211.564612954855,58788.435387045145,120,5.40877059354846
0.4,0.6,0.35,0.45,0.15,0.05,0.3,224,1073.9774160683155,58926.022583931684,93,4.794542036019266
0.4,0.8,0.45,0.25,0.1,0.05,0.3,224,589.0941371917725,59410.90586280823,143,2.6298845410346985
0.55,0.6,0.25,0.45,0.1,0.15,0.1,223,1881.400395065546,58118.599604934454,88,8.436773072042808
0.5,0.7,0.25,0.45,0.15,0.1,0.1,223,1747.9925306141376,58252.00746938586,97,7.838531527417658
0.4,0.8,0.35,0.35,0.2,0.05,0.2,223,1205.5734578967094,58794.42654210329,121,5.406159004021118
0.4,0.7,0.35,0.45,0.2,0.05,0.3,223,1067.0409294068813,58932.95907059312,98,4.784936903169871
0.5,0.6,0.45,0.45,0.15,0.05,0.3,223,1010.3398198783398,58989.66018012166,91,4.530671838019461
0.45,0.6,0.25,0.25,0.2,0.15,0.1,222,1333.4936038851738,58666.506396114826,88,6.006727945428711
0.55,0.6,0.45,0.35,0.1,0.15,0.3,222,833.6746336817741,59166.325366318226,89,3.7552911427106945
0.5,0.7,0.45,0.35,0.15,0.1,0.3,222,826.3409400880337,59173.659059911966,98,3.7222564868830346
0.45,0.8,0.45,0.25,0.15,0.1,0.3,222,630.9955032467842,59369.004496753216,127,2.842322086697226
0.55,0.6,0.35,0.35,0.15,0.1,0.1,221,1497.0547427237034,58502.9452572763,87,6.774003360740739
0.55,0.8,0.35,0.45,0.15,0.15,0.2,221,1420.5977358818054,58579.402264118195,107,6.428044053763825
0.55,0.8,0.45,0.35,0.15,0.1,0.2,221,1100.4834254086018,58899.5165745914,116,4.979563010898651
0.45,0.8,0.45,0.25,0.1,0.05,0.2,221,795.7809269726276,59204.21907302737,137,3.600818674084288
0.4,0.8,0.35,0.25,0.15,0.15,0.3,221,656.4553800821304,59343.54461991787,130,2.97038633521326
0.45,0.8,0.35,0.45,0.2,0.05,0.2,220,1421.6039186120033,58578.396081388,109,6.461835993690924
0.4,0.6,0.25,0.25,0.2,0.1,0.1,220,1363.2530681490898,58636.74693185091,89,6.196604855223136
0.55,0.7,0.45,0.45,0.15,0.1,0.3,220,1032.5063690245152,58967.493630975485,92,4.693210768293251
0.45,0.6,0.35,0.35,0.1,0.15,0.3,220,849.1842829287052,59150.815717071295,91,3.8599285587668417
0.5,0.6,0.25,0.45,0.1,0.1,0.1,219,1836.9854985773563,58163.014501422644,88,8.388061637339527
0.45,0.6,0.25,0.35,0.15,0.1,0.1,219,1577.0066258013248,58422.993374198675,91,7.200943496809702
0.5,0.7,0.25,0.35,0.2,0.15,0.1,219,1572.8818363249302,58427.11816367507,91,7.182108841666348
0.4,0.8,0.25,0.45,0.2,0.1,0.2,219,1515.1714769601822,58484.82852303982,115,6.918591218996266
0.45,0.7,0.35,0.35,0.15,0.15,0.3,219,837.4725064337254,59162.527493566275,99,3.8240753718434948
0.5,0.6,0.45,0.35,0.1,0.1,0.3,219,827.8927503526211,59172.10724964738,89,3.7803321933909637
0.4,0.6,0.25,0.35,0.15,0.05,0.1,218,1571.5960890352726,58428.40391096473,91,7.209156371721434
0.55,0.6,0.35,0.25,0.2,0.15,0.1,218,1267.321179330349,58732.67882066965,83,5.813399905185087
0.5,0.7,0.35,0.45,0.15,0.15,0.3,218,1048.462747246027,58951.53725275397,93,4.809462143330399
0.45,0.7,0.45,0.35,0.15,0.05,0.3,218,798.3067237436771,59201.69327625632,99,3.6619574483654915
0.55,0.7,0.35,0.45,0.15,0.05,0.1,217,1599.2676403820515,58400.73235961795,92,7.369896960285952
0.45,0.8,0.35,0.35,0.15,0.1,0.2,217,1178.3372897207737,58821.662710279226,121,5.430125759081906
0.5,0.8,0.45,0.35,0.15,0.05,0.2,217,1075.141065210104,58924.858934789896,116,4.9545671207838895
0.4,0.7,0.35,0.35,0.15,0.1,0.3,217,817.4029122889042,59182.597087711096,99,3.7668336971838903
0.5,0.8,0.35,0.45,0.15,0.1,0.2,216,1421.276535332203,58578.7234646678,108,6.57998395987131
0.4,0.8,0.25,0.35,0.15,0.15,0.2,216,1249.0634234249592,58750.93657657504,125,5.782701034374811
0.5,0.7,0.35,0.35,0.2,0.05,0.1,215,1503.8061412870884,58496.19385871291,89,6.994447168777155
0.55,0.7,0.35,0.35,0.2,0.1,0.1,215,1466.2964123785496,58533.70358762145,88,6.819983313388603
0.5,0.6,0.35,0.35,0.15,0.05,0.1,215,1453.5274104177952,58546.472589582205,87,6.760592606594396
0.45,0.6,0.25,0.25,0.15,0.15,0.1,215,1357.4485779106617,58642.55142208934,89,6.3137143158635425
0.55,0.8,0.45,0.45,0.15,0.05,0.2,215,1323.639003276825,58676.360996723175,104,6.1564604803573255
0.5,0.6,0.35,0.25,0.2,0.1,0.1,215,1236.438408792019,58763.56159120798,83,5.750876319962878
0.4,0.6,0.35,0.35,0.1,0.1,0.3,215,826.5210233032703,59173.47897669673,92,3.8442838293175363
0.45,0.6,0.45,0.35,0.1,0.05,0.3,215,789.2274762690067,59210.77252373099,90,3.670825471018636
0.4,0.6,0.25,0.45,0.1,0.15,0.3,213,1112.0329812467098,58887.96701875329,90,5.220812118529154
0.4,0.7,0.25,0.45,0.15,0.15,0.3,213,1078.765308111906,58921.234691888094,96,5.06462585968031
0.55,0.6,0.45,0.45,0.1,0.1,0.3,213,1036.0884831249714,58963.91151687503,86,4.864265178990476
0.5,0.7,0.45,0.45,0.15,0.05,0.3,213,1020.1551472246647,58979.844852775335,93,4.789460785092323
0.55,0.8,0.45,0.35,0.2,0.15,0.3,213,815.0838835537434,59184.91611644626,101,3.8266848993133493
0.55,0.6,0.35,0.45,0.1,0.05,0.1,212,1726.2570931017399,58273.74290689826,83,8.142722137272358
0.45,0.7,0.25,0.45,0.15,0.05,0.1,212,1693.7309644818306,58306.26903551817,97,7.989297002272786
0.4,0.6,0.25,0.25,0.15,0.1,0.1,212,1347.35277608037,58652.64722391963,90,6.355437623020613
0.45,0.6,0.35,0.25,0.2,0.05,0.1,212,1225.09043520689,58774.90956479311,83,5.778728467957029
0.55,0.6,0.45,0.25,0.2,0.05,0.1,212,1204.5848025679588,58795.41519743204,80,5.682003785697919
0.5,0.6,0.35,0.45,0.1,0.15,0.3,212,1052.8665530979633,58947.13344690204,87,4.966351665556431
0.45,0.6,0.25,0.45,0.1,0.05,0.1,211,1786.9980966746807,58213.00190332532,88,8.469185292297064
0.55,0.8,0.25,0.45,0.2,0.15,0.1,211,1595.4674564301968,58404.5325435698,99,7.5614571394796055
0.45,0.7,0.25,0.35,0.2,0.1,0.1,211,1539.0626226961613,58460.93737730384,91,7.294135652588442
0.55,0.7,0.35,0.35,0.15,0.1,0.1,210,1485.3406848609447,58514.659315139055,89,7.0730508802902134
0.45,0.8,0.25,0.45,0.15,0.15,0.2,210,1453.6892403364182,58546.31075966358,113,6.922329715887705
0.45,0.7,0.25,0.25,0.2,0.15,0.1,210,1336.9154501259327,58663.08454987407,90,6.366264048218727
0.55,0.6,0.35,0.25,0.15,0.15,0.1,210,1221.293908715248,58778.70609128475,83,5.815685279596419
0.4,0.8,0.35,0.35,0.15,0.05,0.2,210,1134.0789864361286,58865.92101356387,121,5.400376125886327
0.45,0.6,0.35,0.45,0.1,0.1,0.3,210,1046.145135730505,58953.854864269495,87,4.981643503478595
0.5,0.6,0.45,0.45,0.1,0.05,0.3,210,1026.6389472782612,58973.36105272174,86,4.888756891801243
0.45,0.7,0.35,0.45,0.15,0.1,0.3,210,1002.5187808573246,58997.481219142675,93,4.773898956463451
0.4,0.7,0.35,0.45,0.15,0.05,0.3,209,1007.5724503695965,58992.4275496304,94,4.820920815165533
0.4,0.7,0.25,0.35,0.2,0.05,0.1,208,1529.469253987074,58470.530746012926,91,7.353217567245547
0.5,0.6,0.25,0.35,0.1,0.15,0.1,208,1508.9728090465069,58491.02719095349,87,7.254676966569745
0.55,0.6,0.45,0.25,0.15,0.05,0.1,208,1209.0698381662369,58790.93016183376,82,5.8128357604146
0.5,0.7,0.25,0.35,0.15,0.15,0.1,207,1526.268110781908,58473.73188921809,91,7.37327589749714
0.55,0.6,0.35,0.35,0.1,0.1,0.1,207,1462.1834399402142,58537.816560059786,85,7.063688115653209
0.5,0.8,0.45,0.35,0.2,0.1,0.3,207,773.5248692929745,59226.475130707026,101,3.7368351173573644
0.4,0.8,0.25,0.45,0.15,0.1,0.2,206,1447.1415759027004,58552.8584240973,113,7.024959106323789
0.4,0.7,0.25,0.25,0.2,0.1,0.1,206,1321.7008111774921,58678.29918882251,90,6.416023355230545
0.55,0.8,0.45,0.35,0.1,0.1,0.2,206,1110.3785412311554,58889.621458768845,116,5.390187093355124
0.4,0.6,0.35,0.45,0.1,0.05,0.3,206,1017.1857274472713,58982.81427255273,87,4.937794793433356
0.55,0.8,0.45,0.45,0.2,0.1,0.3,206,958.8846520185471,59041.11534798145,98,4.654779864167704
0.5,0.8,0.25,0.45,0.2,0.1,0.1,205,1559.5672351419926,58440.43276485801,99,7.607645049473135
0.45,0.8,0.35,0.45,0.15,0.05,0.2,205,1363.3560899496078,58636.64391005039,109,6.650517511949307
0.45,0.6,0.35,0.25,0.15,0.05,0.1,205,1246.1910963356495,58753.80890366435,84,6.078980957734876
0.5,0.6,0.35,0.25,0.15,0.1,0.1,205,1203.3839290738106,58796.61607092619,83,5.870165507677124
0.55,0.7,0.35,0.25,0.2,0.15,0.1,205,1198.5334211587906,58801.46657884121,83,5.846504493457515
0.5,0.8,0.35,0.45,0.2,0.15,0.3,205,981.4783728718758,59018.521627128124,99,4.787699379862809
0.5,0.8,0.45,0.25,0.1,0.15,0.3,205,580.2612555027008,59419.7387444973,119,2.830542709769272
0.55,0.8,0.35,0.45,0.2,0.05,0.1,204,1460.701253503561,58539.29874649644,96,7.160300262272358
0.5,0.8,0.35,0.35,0.1,0.15,0.2,204,1147.3831642270088,58852.61683577299,118,5.624427275622592
0.4,0.6,0.25,0.25,0.2,0.15,0.2,204,846.7281810641289,59153.27181893587,84,4.150628338549652
0.45,0.6,0.25,0.35,0.1,0.1,0.1,203,1474.030350714922,58525.96964928508,87,7.26123325475331
0.55,0.7,0.45,0.25,0.2,0.05,0.1,203,1186.3093506097794,58813.69064939022,82,5.843888426649159
0.45,0.8,0.35,0.35,0.2,0.15,0.3,203,762.4461520314217,59237.55384796858,103,3.755892374539023
0.5,0.6,0.35,0.35,0.1,0.05,0.1,202,1420.968580454588,58579.03141954541,85,7.034497923042514
0.45,0.6,0.25,0.25,0.1,0.15,0.1,202,1261.112484306097,58738.8875156939,88,6.243131110426223
0.5,0.6,0.25,0.45,0.2,0.15,0.2,202,1201.540378779173,58798.45962122083,79,5.948219696926598
0.5,0.6,0.35,0.25,0.2,0.15,0.2,202,801.0725101232529,59198.92748987675,81,3.965705495659668
0.45,0.8,0.45,0.35,0.2,0.05,0.3,202,741.1251874566078,59258.87481254339,102,3.6689365715673654
0.55,0.8,0.35,0.45,0.1,0.15,0.2,201,1397.730243742466,58602.269756257534,105,6.95388180966401
0.4,0.6,0.25,0.25,0.1,0.1,0.1,201,1318.7089656293392,58681.29103437066,91,6.560741122534026
0.45,0.6,0.25,0.45,0.2,0.1,0.2,201,1196.649554938078,58803.35044506192,79,5.953480372826259
0.4,0.8,0.25,0.35,0.1,0.15,0.2,201,1186.519516825676,58813.480483174324,121,5.903082173262069
0.55,0.6,0.45,0.25,0.2,0.1,0.2,201,800.8283104896545,59199.171689510345,80,3.984220450197286
0.5,0.7,0.35,0.35,0.15,0.05,0.1,200,1419.8607564270496,58580.13924357295,89,7.099303782135248
0.45,0.7,0.25,0.25,0.15,0.15,0.1,200,1354.4836615622044,58645.516338437796,93,6.772418307811022
0.5,0.8,0.45,0.35,0.1,0.05,0.2,200,1072.5345333218575,58927.46546667814,117,5.362672666609288
0.5,0.8,0.45,0.45,0.2,0.05,0.3,200,938.6350598931313,59061.36494010687,98,4.693175299465656
0.4,0.7,0.35,0.35,0.1,0.1,0.3,200,772.528985708952,59227.47101429105,93,3.8626449285447597
0.55,0.7,0.45,0.35,0.1,0.15,0.3,200,718.9076145589352,59281.092385441065,89,3.5945380727946756
0.45,0.8,0.45,0.25,0.1,0.1,0.3,200,577.0832853317261,59422.916714668274,121,2.8854164266586304
0.55,0.7,0.25,0.45,0.1,0.15,0.1,199,1698.7379558086395,58301.26204419136,89,8.536371637229344
0.45,0.7,0.25,0.35,0.15,0.1,0.1,199,1509.5425345897675,58490.45746541023,92,7.585640877335515
0.4,0.6,0.25,0.35,0.1,0.05,0.1,199,1469.6484759151936,58530.35152408481,88,7.385168220679365
0.45,0.8,0.35,0.35,0.1,0.1,0.2,199,1129.4732318222523,58870.52676817775,118,5.675744883528906
0.55,0.7,0.45,0.45,0.1,0.1,0.3,199,959.2995245158672,59040.70047548413,86,4.8206006257078755
0.5,0.6,0.45,0.25,0.2,0.05,0.2,199,794.7527248859406,59205.24727511406,80,3.993732285858998
0.45,0.6,0.35,0.25,0.2,0.1,0.2,199,789.5131910443306,59210.48680895567,81,3.9674029700720133
0.45,0.7,0.35,0.35,0.1,0.15,0.3,199,760.8833848536015,59239.1166151464,92,3.8235345972542785
0.4,0.8,0.35,0.35,0.2,0.1,0.3,199,733.4624782204628,59266.53752177954,103,3.6857410965852404
0.4,0.7,0.25,0.25,0.15,0.1,0.1,198,1380.3661659955978,58619.6338340044,94,6.9715462929070595
0.45,0.7,0.35,0.25,0.2,0.05,0.1,198,1213.3825998604298,58786.61740013957,84,6.128194948790049
0.5,0.7,0.35,0.25,0.2,0.1,0.1,198,1213.3825998604298,58786.61740013957,84,6.128194948790049
0.55,0.6,0.35,0.45,0.2,0.1,0.2,198,1126.438394278288,58873.56160572171,76,5.689082799385292
0.4,0.8,0.35,0.25,0.1,0.15,0.3,198,582.975643992424,59417.024356007576,121,2.944321434305172
0.4,0.7,0.25,0.35,0.15,0.05,0.1,197,1544.915724337101,58455.0842756629,93,7.842211798665487
0.55,0.6,0.35,0.25,0.1,0.15,0.1,197,1181.3461046516895,58818.65389534831,82,5.996680734272536
0.5,0.7,0.35,0.45,0.1,0.15,0.3,197,980.6499076187611,59019.35009238124,87,4.977918312785589
0.4,0.6,0.35,0.25,0.2,0.05,0.2,197,783.7029728293419,59216.29702717066,81,3.9781876793367608
0.45,0.8,0.25,0.45,0.1,0.15,0.2,196,1485.7880851626396,58514.21191483736,109,7.580551454911427
0.5,0.8,0.35,0.45,0.1,0.1,0.2,196,1395.8534135818481,58604.14658641815,106,7.121701089703307
0.4,0.6,0.25,0.45,0.2,0.05,0.2,196,1180.0257869064808,58819.97421309352,79,6.020539729114698
0.5,0.6,0.35,0.45,0.2,0.05,0.2,196,1107.2272951304913,58892.77270486951,76,5.649118852706588
0.4,0.8,0.35,0.35,0.1,0.05,0.2,196,1104.4795855283737,58895.520414471626,118,5.635099926165172
0.45,0.8,0.35,0.45,0.2,0.1,0.3,196,925.5401461720467,59074.45985382795,99,4.722143602918606
0.5,0.7,0.45,0.35,0.1,0.1,0.3,196,716.1728664338589,59283.82713356614,89,3.6539431960911166
0.55,0.8,0.45,0.35,0.15,0.15,0.3,196,701.2909741103649,59298.709025889635,98,3.578015174032474
0.55,0.7,0.35,0.45,0.1,0.05,0.1,195,1633.4724071025848,58366.527592897415,87,8.376781574885051
0.55,0.8,0.45,0.45,0.1,0.05,0.2,195,1296.2592111229897,58703.74078887701,101,6.64748313396405
0.45,0.8,0.25,0.45,0.2,0.05,0.1,194,1507.70766466856,58492.29233533144,100,7.771688993136907
0.55,0.8,0.25,0.45,0.15,0.15,0.1,194,1498.2043024897575,58501.79569751024,98,7.722702590153389
0.45,0.6,0.25,0.35,0.2,0.15,0.2,194,1036.5812712013721,58963.41872879863,78,5.343202428873052
0.4,0.7,0.25,0.45,0.1,0.15,0.3,194,1027.4862694740295,58972.51373052597,91,5.2963209766702555
0.4,0.8,0.25,0.45,0.2,0.15,0.3,194,934.7164612412453,59065.283538758755,101,4.818126088872399
0.45,0.7,0.45,0.35,0.1,0.05,0.3,194,705.6115677058697,59294.38843229413,90,3.6371730294116995
0.55,0.6,0.45,0.25,0.2,0.15,0.3,194,702.521854609251,59297.47814539075,78,3.621246673243562
0.5,0.7,0.25,0.45,0.1,0.1,0.1,193,1663.2952377796173,58336.70476222038,89,8.618110040308897
0.55,0.7,0.35,0.25,0.15,0.15,0.1,193,1195.7270865738392,58804.27291342616,84,6.195477132506939
0.5,0.6,0.35,0.25,0.1,0.1,0.1,193,1152.9587588608265,58847.04124113917,82,5.973879579589775
0.5,0.6,0.35,0.35,0.2,0.1,0.2,193,991.3783494234085,59008.62165057659,75,5.136675385613516
0.55,0.6,0.35,0.35,0.2,0.15,0.2,193,964.642667889595,59035.357332110405,74,4.998148538288057
0.5,0.7,0.45,0.45,0.1,0.05,0.3,193,944.7745633423328,59055.22543665767,86,4.895204991411051
0.4,0.6,0.25,0.25,0.15,0.15,0.2,193,775.7842245399952,59224.215775460005,83,4.019607381036245
0.45,0.7,0.25,0.45,0.1,0.05,0.1,192,1662.680090367794,58337.319909632206,89,8.65979213733226
0.55,0.6,0.45,0.25,0.1,0.05,0.1,192,1120.3826918900013,58879.61730811,80,5.835326520260423
0.45,0.7,0.35,0.45,0.1,0.1,0.3,192,946.9080500900745,59053.091949909925,87,4.931812760885805
0.5,0.8,0.25,0.45,0.15,0.1,0.1,191,1489.4975482225418,58510.50245177746,98,7.798416482840533
0.5,0.7,0.25,0.35,0.1,0.15,0.1,191,1477.482122182846,58522.517877817154,89,7.735508493103906
0.55,0.8,0.35,0.45,0.15,0.05,0.1,191,1452.460720717907,58547.53927928209,96,7.6045063911932305
0.5,0.7,0.25,0.45,0.2,0.15,0.2,191,1157.6295416653156,58842.370458334684,79,6.060887652697987
0.4,0.6,0.25,0.35,0.2,0.1,0.2,191,1024.8093066513538,58975.190693348646,78,5.365493752101329
0.45,0.8,0.35,0.45,0.1,0.05,0.2,190,1376.1115772128105,58623.88842278719,107,7.242692511646371
0.5,0.8,0.25,0.35,0.2,0.15,0.1,190,1362.121472209692,58637.87852779031,93,7.16906038005101
0.55,0.8,0.35,0.35,0.2,0.1,0.1,190,1288.815389484167,58711.18461051583,90,6.783238892021932
0.55,0.7,0.45,0.25,0.15,0.05,0.1,190,1137.8201928436756,58862.179807156324,83,5.988527330756187
0.45,0.6,0.35,0.35,0.2,0.05,0.2,190,991.1576500236988,59008.8423499763,76,5.2166192106510465
0.4,0.8,0.35,0.45,0.2,0.05,0.3,190,880.060419023037,59119.93958097696,99,4.63189694222651
0.5,0.6,0.45,0.25,0.2,0.1,0.3,190,686.9002232253551,59313.099776774645,78,3.615264332765027
0.4,0.8,0.25,0.45,0.1,0.1,0.2,189,1389.0858048796654,58610.914195120335,109,7.349660343278653
0.4,0.7,0.25,0.25,0.2,0.15,0.2,189,764.7128918468952,59235.287108153105,84,4.046099956861879
0.5,0.8,0.45,0.35,0.15,0.1,0.3,189,667.0652752816677,59332.93472471833,98,3.5294459009612047
0.4,0.7,0.25,0.25,0.1,0.1,0.1,188,1290.8875027894974,58709.1124972105,92,6.866422887178177
0.45,0.7,0.25,0.25,0.1,0.15,0.1,188,1290.8875027894974,58709.1124972105,92,6.866422887178177
0.5,0.7,0.35,0.25,0.15,0.1,0.1,188,1147.353857845068,58852.64614215493,85,6.102946052367383
0.45,0.6,0.35,0.25,0.1,0.05,0.1,188,1114.3540910184383,58885.64590898156,82,5.927415377757651
0.55,0.7,0.35,0.45,0.2,0.1,0.2,188,1077.549946576357,58922.45005342364,76,5.7316486520018985
0.55,0.6,0.45,0.35,0.2,0.05,0.2,188,897.4262262582779,59102.57377374172,72,4.773543756692968
0.45,0.7,0.25,0.35,0.1,0.1,0.1,187,1462.498032093048,58537.50196790695,89,7.8208450914066745
0.5,0.6,0.25,0.45,0.15,0.15,0.2,187,1151.5208345353603,58848.47916546464,74,6.1578654253227825
0.5,0.6,0.35,0.25,0.15,0.15,0.2,187,701.5318441689014,59298.4681558311,79,3.7515071880689916
0.45,0.8,0.35,0.35,0.15,0.15,0.3,187,687.0410717129707,59312.95892828703,101,3.674016426272571
0.55,0.7,0.35,0.35,0.1,0.1,0.1,186,1343.5539460778236,58656.446053922176,86,7.223408312246364
0.4,0.7,0.35,0.45,0.1,0.05,0.3,186,921.0037293434143,59078.996270656586,87,4.9516329534592165
0.55,0.8,0.45,0.45,0.15,0.1,0.3,186,876.8614063858986,59123.1385936141,93,4.7143086364833255
0.55,0.7,0.45,0.25,0.2,0.1,0.2,186,735.8975705206394,59264.10242947936,80,3.9564385511862334
0.5,0.7,0.35,0.25,0.2,0.15,0.2,186,727.3817031681538,59272.618296831846,81,3.9106543181083535
0.55,0.6,0.45,0.25,0.15,0.1,0.2,186,714.896872907877,59285.10312709212,78,3.843531574773532
0.4,0.6,0.35,0.25,0.2,0.1,0.3,186,681.9963368475437,59318.003663152456,79,3.666646972298622
0.45,0.6,0.35,0.25,0.2,0.15,0.3,186,681.9963368475437,59318.003663152456,79,3.666646972298622
0.45,0.6,0.45,0.25,0.2,0.05,0.3,186,676.2404436171055,59323.759556382895,79,3.6357013097693844
0.4,0.7,0.25,0.35,0.1,0.05,0.1,185,1453.9610049724579,58546.03899502754,89,7.859248675526799
0.5,0.7,0.35,0.35,0.1,0.05,0.1,185,1342.9387986660004,58657.061201334,86,7.25912864143784
0.5,0.7,0.35,0.45,0.2,0.05,0.2,185,1063.316458016634,58936.683541983366,76,5.747656529819643
0.5,0.6,0.45,0.25,0.15,0.05,0.2,185,700.7907566130161,59299.209243386984,78,3.7880581438541414
0.45,0.6,0.35,0.25,0.15,0.1,0.2,185,692.2748892605305,59307.72511073947,79,3.7420264284352998
0.45,0.8,0.45,0.35,0.15,0.05,0.3,185,659.6670909523964,59340.3329090476,99,3.5657680592021426
0.45,0.7,0.25,0.45,0.2,0.1,0.2,184,1131.075849801302,58868.9241501987,79,6.147151357615772
0.55,0.6,0.35,0.45,0.15,0.1,0.2,184,1089.8963147103786,58910.10368528962,72,5.923349536469449
0.55,0.7,0.35,0.35,0.2,0.15,0.2,184,962.0146420300007,59037.98535797,76,5.228340445815221
0.5,0.7,0.45,0.25,0.2,0.05,0.2,184,726.6406156122684,59273.35938438773,80,3.949133780501459
0.45,0.7,0.35,0.25,0.2,0.1,0.2,184,718.6458554565907,59281.35414454341,81,3.905683997046688
0.4,0.6,0.35,0.25,0.15,0.05,0.2,184,686.9714339077473,59313.02856609225,79,3.7335404016725393
0.4,0.8,0.35,0.35,0.15,0.1,0.3,184,677.6665605306625,59322.33343946934,101,3.6829704376666443
0.5,0.8,0.35,0.35,0.2,0.05,0.1,183,1236.208329051733,58763.79167094827,90,6.755236770774498
0.45,0.7,0.35,0.25,0.15,0.05,0.1,183,1121.1763457357883,58878.82365426421,85,6.126646698009773
0.5,0.6,0.35,0.45,0.15,0.05,0.2,183,1084.5998311936855,58915.400168806314,72,5.926775033845276
0.45,0.6,0.25,0.45,0.15,0.1,0.2,182,1131.349909156561,58868.65009084344,74,6.216208292069016
0.55,0.6,0.35,0.35,0.15,0.15,0.2,182,943.9547223746777,59056.04527762532,73,5.1865644086520755
0.55,0.6,0.45,0.35,0.2,0.1,0.3,182,687.1546479165554,59312.845352083445,73,3.7755749885525023
0.45,0.8,0.25,0.45,0.15,0.05,0.1,181,1431.6431599259377,58568.35684007406,98,7.90963071782286
0.4,0.6,0.25,0.45,0.15,0.05,0.2,181,1130.6886619627476,58869.31133803725,74,6.246898684877058
0.5,0.7,0.35,0.35,0.2,0.1,0.2,181,965.8279748260975,59034.1720251739,77,5.336066159260207
0.45,0.6,0.25,0.35,0.15,0.15,0.2,181,946.2889342606068,59053.71106573939,74,5.22811565889838
0.5,0.8,0.35,0.45,0.15,0.15,0.3,181,876.9700510203838,59123.029948979616,94,4.845138403427535
0.5,0.6,0.35,0.35,0.15,0.1,0.2,180,934.7261109054089,59065.27388909459,73,5.1929228383633825
0.45,0.6,0.35,0.35,0.2,0.1,0.3,180,689.1337560713291,59310.86624392867,74,3.8285208670629394
0.5,0.6,0.35,0.35,0.2,0.15,0.3,180,689.1337560713291,59310.86624392867,74,3.8285208670629394
0.4,0.7,0.35,0.25,0.2,0.05,0.2,180,674.8336382210255,59325.166361778975,81,3.749075767894586
0.4,0.7,0.25,0.45,0.2,0.05,0.2,179,1094.077499717474,58905.922500282526,79,6.112164802890916
0.45,0.7,0.25,0.35,0.2,0.15,0.2,179,962.9023726284504,59037.09762737155,78,5.379342863846092
0.45,0.6,0.35,0.35,0.15,0.05,0.2,179,934.0648637115955,59065.935136288404,73,5.218239462075953
0.5,0.8,0.45,0.45,0.15,0.05,0.3,179,845.4747116267681,59154.52528837323,93,4.723322411322727
0.55,0.7,0.45,0.25,0.2,0.15,0.3,179,642.7096089422703,59357.29039105773,78,3.5905564745378227
0.4,0.7,0.25,0.35,0.2,0.1,0.2,178,959.5531549751759,59040.446845024824,78,5.390748061658291
0.55,0.7,0.45,0.35,0.2,0.05,0.2,178,887.0746786892414,59112.92532131076,73,4.983565610613716
0.45,0.8,0.35,0.45,0.15,0.1,0.3,178,864.0144467055798,59135.98555329442,95,4.854013745536965
0.5,0.6,0.45,0.35,0.2,0.05,0.3,178,676.9096855223179,59323.09031447768,73,3.8028634018107748
0.45,0.7,0.35,0.35,0.2,0.05,0.2,177,950.6783020794392,59049.32169792056,77,5.371063853556153
0.4,0.6,0.25,0.35,0.2,0.15,0.3,177,670.9326388537884,59329.06736114621,74,3.790579880529878
0.4,0.6,0.35,0.35,0.2,0.05,0.3,177,670.9326388537884,59329.06736114621,74,3.790579880529878
0.55,0.8,0.45,0.35,0.1,0.15,0.3,177,650.4333727359772,59349.56662726402,90,3.674764817717385
0.45,0.8,0.25,0.35,0.2,0.1,0.1,176,1278.9528704881668,58721.04712951183,93,7.26677767322822
0.55,0.7,0.35,0.25,0.1,0.15,0.1,176,1073.1343945860863,58926.865605413914,83,6.097354514693672
0.4,0.6,0.25,0.35,0.15,0.1,0.2,176,916.977099686861,59083.02290031314,74,5.2100971573117105
0.4,0.8,0.25,0.45,0.15,0.15,0.3,176,890.871676325798,59109.1283236742,97,5.061770888214761
0.55,0.6,0.45,0.35,0.15,0.05,0.2,176,860.972093552351,59139.02790644765,70,4.891886895183813
0.4,0.7,0.25,0.25,0.15,0.15,0.2,176,661.1861580312252,59338.813841968775,83,3.756739534268325
0.55,0.6,0.25,0.45,0.2,0.1,0.1,175,1127.4138974249363,58872.586102575064,67,6.442365128142493
0.55,0.7,0.45,0.25,0.15,0.1,0.2,174,618.8024570047855,59381.197542995214,78,3.556335959797618
0.5,0.7,0.45,0.25,0.2,0.1,0.3,174,591.6601459085941,59408.339854091406,78,3.4003456661413454
0.45,0.7,0.35,0.25,0.2,0.15,0.3,174,581.5551253855228,59418.44487461448,79,3.3422708355489816
0.55,0.8,0.35,0.25,0.2,0.15,0.1,173,1010.921374052763,58989.07862594724,85,5.843476150594006
0.5,0.7,0.35,0.35,0.2,0.15,0.3,173,651.1602811515331,59348.83971884847,74,3.763932260991521
0.5,0.7,0.35,0.25,0.15,0.15,0.2,173,598.7048940956593,59401.29510590434,79,3.460721931188782
0.45,0.7,0.45,0.25,0.2,0.05,0.3,173,564.2284056246281,59435.77159437537,79,3.26143587066259
0.5,0.8,0.25,0.35,0.15,0.15,0.1,172,1248.048922240734,58751.951077759266,93,7.256098385120547
0.5,0.6,0.25,0.45,0.2,0.05,0.1,172,1099.4137720763683,58900.58622792363,67,6.3919405353277226
0.55,0.7,0.45,0.25,0.1,0.05,0.1,172,1019.9453658461571,58980.05463415384,81,5.9299149177102155
0.4,0.8,0.35,0.45,0.15,0.05,0.3,172,837.9792430400848,59162.020756959915,95,4.871972343256307
0.55,0.7,0.45,0.35,0.2,0.1,0.3,172,644.2396659553051,59355.760334044695,73,3.745579453228518
0.4,0.7,0.35,0.25,0.2,0.1,0.3,172,564.5976687967777,59435.40233120322,79,3.2825445860277775
0.55,0.8,0.35,0.35,0.15,0.1,0.1,171,1201.449821650982,58798.55017834902,90,7.026022348836151
0.5,0.7,0.35,0.25,0.1,0.1,0.1,171,1044.1868315935135,58955.81316840649,83,6.106355740312944
0.55,0.7,0.35,0.45,0.15,0.1,0.2,171,1007.8812329471111,58992.11876705289,72,5.8940422979363225
0.45,0.8,0.35,0.35,0.1,0.15,0.3,171,693.2444004714489,59306.75559952855,97,4.054060821470461
0.55,0.6,0.45,0.25,0.15,0.15,0.3,171,600.425224095583,59399.57477590442,69,3.5112586204420055
0.55,0.8,0.25,0.45,0.1,0.15,0.1,170,1446.1615980267525,58553.83840197325,89,8.506832929569132
0.4,0.8,0.25,0.35,0.2,0.05,0.1,170,1233.7719539999962,58766.228046000004,93,7.257482082352919
0.5,0.7,0.25,0.45,0.15,0.15,0.2,170,1057.9187779128551,58942.081222087145,74,6.223051634781501
0.45,0.7,0.35,0.25,0.1,0.05,0.1,170,1030.27221596241,58969.72778403759,83,6.0604247997788825
0.55,0.8,0.45,0.25,0.2,0.05,0.1,170,965.9453231990337,59034.054676800966,83,5.682031312935493
0.5,0.8,0.45,0.35,0.1,0.1,0.3,170,635.9416855275631,59364.05831447244,91,3.740833444279783
0.5,0.7,0.45,0.25,0.15,0.05,0.2,170,584.0491909086704,59415.95080909133,78,3.4355834759333552
0.55,0.6,0.35,0.45,0.2,0.15,0.3,169,791.432084530592,59208.56791546941,64,4.683030085979834
0.5,0.7,0.45,0.35,0.2,0.05,0.3,169,611.6596288383007,59388.3403711617,73,3.6192877446053298
0.45,0.7,0.35,0.25,0.15,0.1,0.2,169,578.137254267931,59421.86274573207,79,3.4209304986268108
0.5,0.8,0.25,0.45,0.1,0.1,0.1,168,1421.0723076462746,58578.927692353725,89,8.458763735989729
0.55,0.8,0.35,0.45,0.1,0.05,0.1,168,1409.2146795392036,58590.785320460796,88,8.388182616304784
0.45,0.8,0.25,0.35,0.15,0.1,0.1,168,1228.7004336118698,58771.29956638813,93,7.313693057213511
0.45,0.8,0.25,0.25,0.2,0.15,0.1,168,1064.8808947503567,58935.11910524964,94,6.338576754466409
0.5,0.6,0.35,0.45,0.2,0.1,0.3,168,786.3813886344433,59213.61861136556,64,4.680841599014544
0.45,0.7,0.35,0.35,0.2,0.1,0.3,168,603.7760975062847,59396.223902493715,74,3.5939053422993137
0.5,0.7,0.35,0.45,0.15,0.05,0.2,167,1029.3880152404308,58970.61198475957,73,6.164000091260065
0.5,0.8,0.35,0.25,0.2,0.1,0.1,167,976.1038935482502,59023.89610645175,86,5.844933494300899
0.55,0.6,0.45,0.45,0.2,0.05,0.3,167,762.4327444732189,59237.56725552678,63,4.565465535767778
0.4,0.8,0.35,0.35,0.1,0.1,0.3,167,673.2981202602386,59326.70187973976,97,4.031725271019393
0.4,0.7,0.35,0.25,0.15,0.05,0.2,167,572.6261268556118,59427.37387314439,79,3.4288989632072564
0.5,0.8,0.35,0.35,0.15,0.05,0.1,166,1153.6225690245628,58846.37743097544,91,6.94953354834074
0.55,0.7,0.35,0.35,0.15,0.15,0.2,166,849.3870792686939,59150.612920731306,73,5.116789634148758
0.5,0.8,0.35,0.45,0.1,0.15,0.3,166,840.634450763464,59159.365549236536,89,5.06406295640641
0.45,0.6,0.25,0.45,0.2,0.15,0.3,166,803.3924972712994,59196.6075027287,65,4.839713838983731
0.45,0.6,0.35,0.45,0.2,0.05,0.3,166,803.3924972712994,59196.6075027287,65,4.839713838983731
0.55,0.8,0.45,0.45,0.1,0.1,0.3,166,795.7915849387646,59204.208415061235,86,4.793925210474486
0.4,0.7,0.25,0.35,0.2,0.15,0.3,166,589.0548739135265,59410.94512608647,74,3.548523336828473
0.4,0.7,0.35,0.35,0.2,0.05,0.3,166,589.0548739135265,59410.94512608647,74,3.548523336828473
0.5,0.6,0.45,0.25,0.15,0.1,0.3,166,577.6480340659618,59422.35196593404,69,3.4798074341323004
0.55,0.7,0.25,0.45,0.2,0.1,0.1,165,1070.6079538166523,58929.39204618335,67,6.4885330534342565
0.45,0.8,0.45,0.35,0.1,0.05,0.3,165,621.3740436434746,59378.625956356525,93,3.765903294808937
0.5,0.6,0.35,0.25,0.1,0.15,0.2,165,610.4751677811146,59389.524832218885,72,3.6998495017037247
0.55,0.6,0.35,0.45,0.1,0.1,0.2,164,1037.1188788115978,58962.8811211884,67,6.323895602509743
0.45,0.7,0.25,0.35,0.15,0.15,0.2,164,880.4859445989132,59119.51405540109,75,5.368816735359227
0.4,0.8,0.25,0.35,0.15,0.05,0.1,163,1181.8506582975388,58818.14934170246,93,7.250617535567723
0.55,0.6,0.25,0.35,0.2,0.15,0.1,163,970.475727468729,59029.52427253127,62,5.953838818826559
0.4,0.8,0.25,0.45,0.1,0.15,0.3,163,862.1511379778385,59137.84886202216,92,5.289270785140114
0.5,0.7,0.35,0.35,0.15,0.1,0.2,163,832.6601215302944,59167.339878469706,73,5.108344303866837
0.45,0.8,0.35,0.45,0.1,0.1,0.3,163,815.8544277250767,59184.14557227492,89,5.005241887883906
0.5,0.8,0.45,0.45,0.1,0.05,0.3,163,802.0998276174068,59197.90017238259,87,4.920857838143601
0.4,0.6,0.25,0.25,0.1,0.15,0.2,163,616.2420127689838,59383.757987231016,73,3.78062584520849
0.5,0.7,0.25,0.45,0.2,0.05,0.1,162,1054.5462253391743,58945.453774660826,67,6.5095446008591
0.5,0.6,0.25,0.45,0.1,0.15,0.2,162,1039.3779160678387,58960.62208393216,68,6.415913062147152
0.45,0.7,0.25,0.45,0.15,0.1,0.2,162,1023.3515275716782,58976.64847242832,74,6.316984738096779
0.55,0.8,0.35,0.45,0.2,0.1,0.2,162,938.964573174715,59061.035426825285,78,5.796077612189599
0.4,0.6,0.25,0.45,0.2,0.1,0.3,162,786.7297088801861,59213.270291119814,65,4.8563562276554695
0.45,0.6,0.35,0.35,0.15,0.1,0.3,162,624.4545568525791,59375.54544314742,67,3.8546577583492536
0.5,0.6,0.35,0.35,0.15,0.15,0.3,162,624.4545568525791,59375.54544314742,67,3.8546577583492536
0.55,0.6,0.45,0.35,0.15,0.1,0.3,162,620.8155838549137,59379.184416145086,66,3.8321949620673688
0.45,0.6,0.35,0.25,0.1,0.1,0.2,162,589.636517316103,59410.3634826839,72,3.639731588371006
0.45,0.6,0.35,0.25,0.15,0.15,0.3,162,575.4975220263004,59424.5024779737,69,3.5524538396685212
0.45,0.6,0.45,0.25,0.15,0.05,0.3,162,547.6712957918644,59452.328704208136,70,3.3806870110608913
0.45,0.8,0.25,0.45,0.1,0.05,0.1,161,1387.1920770406723,58612.80792295933,89,8.616099857395481
0.45,0.6,0.25,0.45,0.1,0.1,0.2,161,1034.4870922267437,58965.512907773256,68,6.425385666004619
0.4,0.8,0.25,0.25,0.2,0.1,0.1,161,1024.9220546483994,58975.0779453516,94,6.365975494710555
0.5,0.6,0.25,0.35,0.2,0.1,0.1,161,964.2311266958714,59035.76887330413,62,5.989013209291127
0.55,0.6,0.35,0.35,0.2,0.05,0.1,161,925.9164547026157,59074.083545297384,61,5.75103388014047
0.4,0.7,0.25,0.35,0.15,0.1,0.2,161,876.1943969726562,59123.805603027344,75,5.442201223432647
0.55,0.6,0.45,0.25,0.1,0.1,0.2,161,587.7710928022861,59412.228907197714,69,3.6507521292067464
0.4,0.7,0.25,0.45,0.15,0.05,0.2,160,1017.8267161846161,58982.173283815384,74,6.36141697615385
0.5,0.6,0.35,0.45,0.1,0.05,0.2,160,1016.2576901614666,58983.74230983853,67,6.351610563509166
0.55,0.6,0.35,0.35,0.1,0.15,0.2,160,862.6850587427616,59137.31494125724,66,5.39178161714226
0.45,0.7,0.35,0.35,0.15,0.05,0.2,160,823.7026012837887,59176.29739871621,73,5.14814125802368
0.4,0.8,0.35,0.45,0.1,0.05,0.3,160,819.7140690386295,59180.28593096137,90,5.123212931491435
0.55,0.7,0.35,0.45,0.2,0.15,0.3,160,770.298486739397,59229.7015132606,65,4.814365542121232
0.55,0.7,0.45,0.35,0.15,0.05,0.2,160,766.4044504463673,59233.59554955363,70,4.790027815289795
0.55,0.8,0.45,0.25,0.2,0.1,0.2,160,638.4371403157711,59361.56285968423,81,3.990232126973569
0.5,0.6,0.45,0.35,0.15,0.05,0.3,160,615.2254623472691,59384.77453765273,66,3.8451591396704314
0.4,0.6,0.25,0.35,0.15,0.15,0.3,160,612.1385931670666,59387.86140683293,67,3.8258662072941663
0.4,0.6,0.35,0.25,0.1,0.05,0.2,160,575.0772407352924,59424.92275926471,72,3.594232754595578
0.55,0.8,0.35,0.25,0.15,0.15,0.1,159,947.2404039502144,59052.759596049786,87,5.957486817296946
0.45,0.8,0.35,0.25,0.2,0.05,0.1,159,936.5088189542294,59063.49118104577,87,5.889992572039178
0.4,0.6,0.35,0.35,0.15,0.05,0.3,159,596.5167278945446,59403.483272105455,67,3.7516775339279533
0.4,0.6,0.35,0.25,0.15,0.1,0.3,159,533.0089928209782,59466.99100717902,69,3.3522578164841392
0.5,0.8,0.25,0.35,0.1,0.15,0.1,158,1208.4441690146923,58791.55583098531,92,7.648380816548685
0.4,0.6,0.25,0.45,0.1,0.05,0.2,158,1032.4655447900295,58967.53445520997,68,6.534592055633098
0.45,0.8,0.25,0.25,0.15,0.15,0.1,158,1009.299367249012,58990.70063275099,94,6.387970678791215
0.45,0.6,0.25,0.35,0.2,0.05,0.1,158,952.8831531107426,59047.11684688926,62,6.030906032346472
0.5,0.8,0.25,0.45,0.2,0.15,0.2,158,922.8035595119,59077.1964404881,79,5.840528857670253
0.5,0.6,0.35,0.35,0.1,0.1,0.2,158,845.817748695612,59154.18225130439,66,5.353276890478557
0.55,0.7,0.45,0.45,0.2,0.05,0.3,158,738.0072765648365,59261.99272343516,64,4.670932130157193
0.5,0.8,0.35,0.25,0.2,0.15,0.2,158,635.3751743137836,59364.624825686216,83,4.021361862745466
0.5,0.6,0.45,0.25,0.1,0.05,0.2,158,576.1120866835117,59423.88791331649,69,3.6462790296424794
0.5,0.7,0.35,0.45,0.2,0.1,0.3,157,758.9505131542683,59241.04948684573,65,4.834079701619543
0.4,0.8,0.25,0.25,0.15,0.1,0.1,156,987.1105719208717,59012.88942807913,94,6.32763187128764
0.5,0.8,0.35,0.45,0.2,0.05,0.2,156,894.6436712443829,59105.35632875562,78,5.734895328489634
0.45,0.6,0.25,0.35,0.1,0.15,0.2,156,872.9888165295124,59127.01118347049,67,5.596082157240464
0.55,0.8,0.35,0.35,0.2,0.15,0.2,156,805.1179094016552,59194.882090598345,77,5.1610122397542
0.55,0.8,0.45,0.25,0.2,0.15,0.3,156,519.0767393410206,59480.92326065898,79,3.327414995775773
0.55,0.8,0.35,0.35,0.1,0.1,0.1,155,1145.298130005598,58854.7018699944,87,7.3890201935845035
0.55,0.8,0.45,0.25,0.15,0.05,0.1,155,900.0403788685799,59099.95962113142,84,5.806712121732773
0.5,0.8,0.45,0.25,0.2,0.1,0.3,155,512.9390549957752,59487.060945004225,79,3.309284225779195
0.55,0.7,0.45,0.25,0.15,0.15,0.3,155,499.35328784585,59500.64671215415,69,3.221634115134516
0.45,0.8,0.25,0.35,0.1,0.1,0.1,154,1184.9612509906292,58815.03874900937,92,7.694553577861228
0.5,0.8,0.35,0.25,0.15,0.1,0.1,154,942.3786152005196,59057.62138479948,89,6.119341657146231
0.55,0.7,0.25,0.35,0.2,0.15,0.1,154,939.200042694807,59060.79995730519,63,6.098701575940305
0.45,0.6,0.35,0.35,0.1,0.05,0.2,154,828.4295437633991,59171.5704562366,66,5.379412621840254
0.5,0.8,0.45,0.25,0.2,0.05,0.2,154,590.6417364180088,59409.35826358199,81,3.8353359507662907
0.55,0.7,0.35,0.45,0.1,0.1,0.2,153,1009.9660369157791,58990.03396308422,68,6.601085208599864
0.45,0.8,0.25,0.45,0.2,0.1,0.2,153,910.0952856838703,59089.90471431613,79,5.948335200548172
0.55,0.6,0.45,0.35,0.1,0.05,0.2,153,768.1829015314579,59231.81709846854,63,5.020803277983385
0.5,0.7,0.35,0.25,0.1,0.15,0.2,153,583.2501309514046,59416.749869048595,73,3.812092359159507
0.5,0.7,0.45,0.25,0.15,0.1,0.3,153,493.3210178911686,59506.67898210883,69,3.224320378373651
0.4,0.8,0.25,0.35,0.1,0.05,0.1,152,1159.7050978839397,58840.29490211606,92,7.629638801868024
0.55,0.6,0.25,0.45,0.15,0.1,0.1,152,1069.10727545619,58930.89272454381,59,7.033600496422303
0.45,0.8,0.35,0.25,0.15,0.05,0.1,152,911.5448024868965,59088.4551975131,89,5.997005279519056
0.4,0.6,0.25,0.35,0.1,0.1,0.2,152,860.595118790865,59139.404881209135,67,5.661809992045164
0.55,0.6,0.35,0.45,0.15,0.15,0.3,152,750.745168954134,59249.254831045866,59,4.939112953645618
0.45,0.7,0.25,0.45,0.2,0.15,0.3,152,724.8475215733051,59275.152478426695,65,4.7687336945612175
0.45,0.7,0.35,0.45,0.2,0.05,0.3,152,724.8475215733051,59275.152478426695,65,4.7687336945612175
0.45,0.8,0.35,0.25,0.2,0.1,0.2,152,610.8117784559727,59389.18822154403,84,4.0184985424735045
0.4,0.7,0.25,0.25,0.1,0.15,0.2,152,602.5012103319168,59397.49878966808,75,3.963823752183663
0.5,0.8,0.35,0.35,0.1,0.05,0.1,151,1106.0899197757244,58893.910080224276,87,7.325098806461751
0.5,0.6,0.25,0.45,0.15,0.05,0.1,150,1054.8375363051891,58945.16246369481,59,7.0322502420345945
0.45,0.6,0.25,0.45,0.15,0.15,0.3,150,742.3452554047108,59257.65474459529,59,4.948968369364739
0.45,0.6,0.35,0.45,0.15,0.05,0.3,150,742.3452554047108,59257.65474459529,59,4.948968369364739
0.5,0.6,0.35,0.45,0.15,0.1,0.3,150,742.3452554047108,59257.65474459529,59,4.948968369364739
0.55,0.8,0.45,0.35,0.2,0.05,0.2,150,727.0435671508312,59272.95643284917,74,4.846957114338875
0.4,0.8,0.25,0.25,0.2,0.15,0.2,150,627.2272152602673,59372.77278473973,86,4.181514768401782
0.55,0.7,0.45,0.35,0.15,0.1,0.3,150,521.7390484511852,59478.260951548815,66,3.4782603230079014
0.45,0.7,0.45,0.25,0.15,0.05,0.3,150,476.95240917801857,59523.04759082198,70,3.179682727853457
0.5,0.7,0.25,0.45,0.1,0.15,0.2,149,998.0975430607796,59001.90245693922,68,6.698641228595836
0.55,0.7,0.35,0.35,0.2,0.05,0.1,149,878.9971069991589,59121.00289300084,61,5.8993094429473745
0.5,0.6,0.25,0.25,0.2,0.15,0.1,149,767.1991004347801,59232.80089956522,57,5.148987251240135
0.5,0.8,0.35,0.35,0.2,0.1,0.2,149,744.0276737511158,59255.972326248884,77,4.993474320477287
0.4,0.7,0.25,0.45,0.2,0.1,0.3,149,692.2442930042744,59307.755706995726,65,4.64593485237768
0.45,0.8,0.45,0.25,0.2,0.05,0.3,149,495.2122805118561,59504.787719488144,80,3.323572352428564
0.5,0.7,0.35,0.45,0.1,0.05,0.2,148,992.6870062947273,59007.31299370527,68,6.707344637126536
0.55,0.8,0.35,0.25,0.1,0.15,0.1,148,881.0057260990143,59118.994273900986,88,5.952741392560907
0.45,0.8,0.25,0.35,0.2,0.15,0.2,148,767.3034246265888,59232.69657537341,79,5.1844825988283025
0.55,0.6,0.45,0.45,0.15,0.05,0.3,148,706.2845022976398,59293.71549770236,57,4.772192583092161
0.45,0.7,0.35,0.25,0.1,0.1,0.2,148,565.79281437397,59434.20718562603,73,3.8229244214457436
0.4,0.7,0.25,0.35,0.15,0.15,0.3,148,546.7576089203358,59453.242391079664,68,3.694308168380647
0.5,0.7,0.35,0.35,0.15,0.15,0.3,148,523.6292371451855,59476.370762854815,67,3.538035386116118
0.45,0.8,0.35,0.25,0.2,0.15,0.3,148,494.8384368419647,59505.161563158035,79,3.3435029516348966
0.45,0.7,0.35,0.25,0.15,0.15,0.3,148,476.20472183823586,59523.795278161764,69,3.217599471879972
0.55,0.6,0.25,0.35,0.15,0.15,0.1,147,876.6554796397686,59123.34452036023,59,5.963642718637882
0.4,0.8,0.25,0.45,0.2,0.05,0.2,147,867.8760228157043,59132.123977184296,79,5.903918522555812
0.55,0.6,0.35,0.25,0.2,0.1,0.1,147,732.205112695694,59267.794887304306,54,4.9809871611951975
0.4,0.8,0.35,0.25,0.2,0.05,0.2,147,596.2945747077465,59403.70542529225,84,4.05642567828399
0.4,0.7,0.35,0.25,0.1,0.05,0.2,147,560.7421184778214,59439.25788152218,73,3.8145722345430024
0.55,0.7,0.45,0.25,0.1,0.1,0.2,147,525.9270074367523,59474.07299256325,69,3.577734744467703
0.45,0.7,0.35,0.35,0.15,0.1,0.3,147,518.2187003791332,59481.78129962087,67,3.5252972814907024
0.5,0.7,0.25,0.35,0.2,0.1,0.1,146,906.0010776817799,59093.99892231822,63,6.205486833436848
0.5,0.6,0.25,0.35,0.15,0.1,0.1,146,872.7233516871929,59127.27664831281,59,5.9775572033369375
0.5,0.8,0.35,0.25,0.1,0.1,0.1,146,870.196121931076,59129.803878068924,88,5.960247410486822
0.45,0.6,0.25,0.25,0.2,0.1,0.1,146,760.6267925798893,59239.37320742011,57,5.20977255191705
0.55,0.8,0.45,0.35,0.2,0.1,0.3,146,547.9140248596668,59452.08597514033,74,3.7528357867100466
0.4,0.7,0.35,0.35,0.15,0.05,0.3,146,517.7582688629627,59482.24173113704,67,3.5462895127600187
0.5,0.7,0.45,0.35,0.15,0.05,0.3,146,514.4001426398754,59485.599857360125,66,3.5232886482183248
0.4,0.8,0.35,0.25,0.2,0.1,0.3,146,493.454233109951,59506.54576689005,79,3.3798235144517195
0.45,0.7,0.25,0.45,0.1,0.1,0.2,145,980.915041744709,59019.08495825529,68,6.764931322377303
0.45,0.8,0.25,0.25,0.1,0.15,0.1,145,930.879117667675,59069.120882332325,92,6.419855983915
0.45,0.6,0.25,0.35,0.15,0.05,0.1,145,871.9847846329212,59128.01521536708,59,6.013688169882215
0.45,0.8,0.35,0.35,0.2,0.05,0.2,145,728.3682909309864,59271.63170906901,78,5.023229592627493
0.4,0.6,0.25,0.45,0.15,0.1,0.3,145,724.9134106934071,59275.08658930659,59,4.999402832368324
0.5,0.7,0.45,0.25,0.1,0.05,0.2,145,524.7872905135155,59475.212709486485,69,3.6192226931966585
0.4,0.7,0.35,0.25,0.15,0.1,0.3,145,469.4338880479336,59530.56611195207,69,3.237475089985749
0.55,0.6,0.45,0.25,0.1,0.15,0.3,145,421.32239815592766,59578.67760184407,60,2.9056717114201907
0.4,0.6,0.25,0.25,0.2,0.05,0.1,144,750.1005522310734,59249.89944776893,57,5.209031612715787
0.4,0.7,0.25,0.45,0.1,0.05,0.2,143,958.8721831440926,59041.12781685591,68,6.705399882126521
0.55,0.6,0.35,0.35,0.15,0.05,0.1,143,821.5032398402691,59178.49676015973,57,5.744777900980902
0.55,0.8,0.45,0.25,0.15,0.1,0.2,143,525.6575933396816,59474.34240666032,79,3.67592722615162
0.5,0.6,0.45,0.25,0.1,0.1,0.3,143,420.5295960009098,59579.47040399909,60,2.940766405600768
0.4,0.8,0.25,0.25,0.1,0.1,0.1,142,920.9863982796669,59079.01360172033,92,6.485819706194837
0.45,0.8,0.35,0.25,0.1,0.05,0.1,142,885.4539653658867,59114.54603463411,91,6.2355913053935685
0.55,0.8,0.45,0.25,0.1,0.05,0.1,142,805.5518901348114,59194.44810986519,83,5.672900634752193
0.55,0.7,0.35,0.35,0.1,0.15,0.2,142,780.4978337883949,59219.502166211605,66,5.496463618228133
0.5,0.6,0.35,0.25,0.2,0.05,0.1,142,714.3190397620201,59285.68096023798,54,5.030415772971972
0.5,0.8,0.35,0.35,0.2,0.15,0.3,142,511.1874943077564,59488.81250569224,74,3.5999119317447636
0.5,0.8,0.45,0.35,0.2,0.05,0.3,142,511.1874943077564,59488.81250569224,74,3.5999119317447636
0.55,0.8,0.25,0.45,0.2,0.1,0.1,141,896.7844389081001,59103.2155610919,68,6.360173325589362
0.4,0.8,0.25,0.35,0.2,0.1,0.2,141,740.9045339226723,59259.09546607733,79,5.254642084557959
0.5,0.8,0.35,0.25,0.15,0.15,0.2,141,559.839702129364,59440.160297870636,83,3.970494341343007
0.55,0.6,0.45,0.35,0.1,0.1,0.3,141,476.50287041068077,59523.49712958932,59,3.379452981636034
0.45,0.6,0.45,0.25,0.1,0.05,0.3,141,419.1267713010311,59580.87322869897,61,2.9725302929151143
0.4,0.7,0.25,0.35,0.1,0.1,0.2,140,804.6809690594673,59195.31903094053,67,5.747721207567624
0.45,0.7,0.25,0.35,0.1,0.15,0.2,140,804.6809690594673,59195.31903094053,67,5.747721207567624
0.55,0.7,0.45,0.35,0.1,0.05,0.2,140,768.2737632393837,59231.726236760616,65,5.487669737424169
0.55,0.7,0.35,0.45,0.15,0.15,0.3,140,673.5141559541225,59326.48584404588,59,4.810815399672304
0.45,0.7,0.25,0.35,0.2,0.05,0.1,139,858.6087300777435,59141.39126992226,63,6.177041223580889
0.5,0.7,0.35,0.35,0.1,0.1,0.2,139,765.245357811451,59234.75464218855,66,5.505362286413316
0.5,0.6,0.25,0.45,0.2,0.1,0.2,139,726.8524394333363,59273.147560566664,52,5.229154240527599
0.55,0.6,0.25,0.45,0.2,0.15,0.2,139,726.8524394333363,59273.147560566664,52,5.229154240527599
0.55,0.6,0.35,0.45,0.2,0.05,0.2,139,726.8524394333363,59273.147560566664,52,5.229154240527599
0.45,0.6,0.35,0.25,0.1,0.15,0.3,139,418.3790839612484,59581.62091603875,60,3.0099214673471106
0.55,0.8,0.35,0.45,0.15,0.1,0.2,138,859.0783580243587,59140.92164197564,74,6.225205492930136
0.45,0.7,0.35,0.35,0.1,0.05,0.2,138,760.121696293354,59239.878303706646,66,5.508128234009812
0.55,0.6,0.35,0.45,0.1,0.15,0.3,138,661.6493358910084,59338.35066410899,55,4.794560405007307
0.55,0.7,0.45,0.45,0.15,0.05,0.3,138,641.222945779562,59358.77705422044,58,4.646543085359145
0.5,0.8,0.45,0.25,0.15,0.05,0.2,138,518.8211627006531,59481.17883729935,80,3.7595736427583555
0.4,0.6,0.25,0.35,0.1,0.15,0.3,138,511.5130082666874,59488.48699173331,61,3.706616001932517
0.5,0.6,0.35,0.35,0.1,0.15,0.3,138,470.1436925828457,59529.856307417154,59,3.4068383520496064
0.55,0.7,0.25,0.45,0.15,0.1,0.1,137,980.6214487552643,59019.378551244736,59,7.157820793834046
0.5,0.8,0.25,0.45,0.15,0.15,0.2,137,877.4231559336185,59122.57684406638,74,6.4045485834570695
0.5,0.8,0.25,0.45,0.2,0.05,0.1,137,865.7980482578278,59134.20195174217,68,6.319693782903852
0.5,0.6,0.45,0.35,0.1,0.05,0.3,137,456.2290769517422,59543.77092304826,59,3.3301392478229355
0.55,0.6,0.45,0.45,0.1,0.05,0.3,136,629.3581257164478,59370.64187428355,54,4.627633277326822
0.5,0.6,0.35,0.25,0.2,0.15,0.3,136,535.7437629401684,59464.25623705983,56,3.9392923745600616
0.45,0.8,0.35,0.35,0.2,0.1,0.3,136,498.18774768710136,59501.8122523129,74,3.6631452035816277
0.5,0.7,0.25,0.45,0.15,0.05,0.1,135,1012.5793478488922,58987.42065215111,60,7.500587761843646
0.5,0.8,0.35,0.45,0.15,0.05,0.2,135,851.9931224882603,59148.00687751174,74,6.311060166579706
0.45,0.6,0.25,0.45,0.2,0.05,0.2,135,711.5723378956318,59288.42766210437,52,5.27090620663431
0.5,0.6,0.25,0.25,0.15,0.15,0.1,135,681.5005713999271,59318.49942860007,55,5.048152380740201
0.5,0.7,0.35,0.45,0.15,0.1,0.3,135,665.4248076975346,59334.575192302465,59,4.929072649611367
0.4,0.8,0.25,0.25,0.15,0.15,0.2,135,559.7282565534115,59440.27174344659,85,4.146135233728974
0.45,0.8,0.35,0.25,0.15,0.1,0.2,135,542.4498047232628,59457.55019527674,83,4.018146701653799
0.4,0.8,0.25,0.35,0.2,0.15,0.3,135,511.86021387577057,59488.13978612423,75,3.791557139820523
0.45,0.6,0.35,0.35,0.1,0.1,0.3,135,454.962682813406,59545.037317186594,59,3.3700939467659703
0.45,0.8,0.25,0.45,0.15,0.1,0.2,134,851.377975076437,59148.62202492356,74,6.353566978182366
0.5,0.7,0.25,0.25,0.2,0.15,0.1,134,704.5032176673412,59295.49678233266,57,5.257486699010009
0.55,0.8,0.35,0.35,0.15,0.15,0.2,134,695.2762369513512,59304.72376304865,74,5.188628633965307
0.5,0.6,0.35,0.45,0.1,0.1,0.3,134,652.2814219892025,59347.7185780108,55,4.8677718058895705
0.55,0.6,0.45,0.25,0.2,0.1,0.3,134,542.5047305524349,59457.495269447565,54,4.048542765316679
0.4,0.8,0.35,0.35,0.2,0.05,0.3,134,497.36054384708405,59502.639456152916,74,3.711645849605105
0.4,0.6,0.35,0.35,0.1,0.05,0.3,134,454.30143561959267,59545.69856438041,59,3.3903092210417363
0.4,0.6,0.35,0.25,0.1,0.1,0.3,134,405.76471623778343,59594.23528376222,60,3.0280948972968913
0.55,0.7,0.25,0.35,0.15,0.15,0.1,133,839.2813096642494,59160.71869033575,61,6.310385786949244
0.55,0.8,0.45,0.35,0.15,0.05,0.2,133,689.1642016768456,59310.835798323154,73,5.181685726893575
0.45,0.7,0.25,0.45,0.15,0.15,0.3,133,655.2305285036564,59344.76947149634,59,4.926545327095161
0.45,0.7,0.35,0.45,0.15,0.05,0.3,133,655.2305285036564,59344.76947149634,59,4.926545327095161
0.55,0.8,0.35,0.45,0.2,0.15,0.3,133,609.2491288483143,59390.750871151686,65,4.580820517656498
0.4,0.8,0.35,0.25,0.15,0.05,0.2,133,541.3740585744381,59458.62594142556,83,4.070481643416827
0.45,0.6,0.35,0.25,0.2,0.1,0.3,133,511.5609638392925,59488.43903616071,56,3.846323036385658
0.55,0.6,0.25,0.45,0.1,0.1,0.1,132,1011.1478463411331,58988.85215365887,56,7.660210957129796
0.55,0.7,0.35,0.25,0.2,0.1,0.1,132,679.1342841684818,59320.86571583152,54,5.144956698246075
0.45,0.6,0.25,0.25,0.15,0.1,0.1,132,663.5002698600292,59336.49973013997,55,5.026517195909312
0.45,0.6,0.25,0.45,0.1,0.15,0.3,132,648.5092917382717,59351.49070826173,55,4.912949179835392
0.45,0.6,0.35,0.45,0.1,0.05,0.3,132,648.5092917382717,59351.49070826173,55,4.912949179835392
0.4,0.6,0.25,0.25,0.2,0.15,0.3,132,499.9062473475933,59500.09375265241,56,3.7871685405120705
0.55,0.6,0.35,0.25,0.15,0.1,0.1,131,643.5179664194584,59356.48203358054,52,4.912350888698156
0.55,0.8,0.45,0.45,0.2,0.05,0.3,131,587.6929869949818,59412.30701300502,64,4.486206007595281
0.5,0.6,0.45,0.25,0.2,0.05,0.3,131,518.3672843873501,59481.63271561265,54,3.957002170895802
0.55,0.7,0.45,0.25,0.1,0.15,0.3,131,399.0840289890766,59600.91597101092,60,3.046442969382264
0.5,0.7,0.25,0.35,0.15,0.1,0.1,130,817.9936010837555,59182.006398916245,61,6.292258469875042
0.4,0.8,0.25,0.45,0.15,0.05,0.2,130,811.3502734601498,59188.64972653985,74,6.24115594969346
0.4,0.7,0.25,0.45,0.15,0.1,0.3,130,637.1701808571815,59362.82981914282,59,4.901309083516781
0.55,0.6,0.35,0.35,0.2,0.1,0.2,130,614.5710741579533,59385.42892584205,50,4.727469801215025
0.4,0.6,0.35,0.25,0.2,0.05,0.3,130,469.07243463397026,59530.92756536603,56,3.608249497184387
0.55,0.7,0.45,0.35,0.1,0.1,0.3,130,447.52678966522217,59552.47321033478,59,3.442513766655555
0.55,0.8,0.45,0.25,0.15,0.15,0.3,130,430.6206285357475,59569.37937146425,69,3.312466373351904
0.5,0.6,0.25,0.45,0.1,0.05,0.1,129,990.3831323385239,59009.616867661476,56,7.6773886227792545
0.45,0.7,0.25,0.35,0.15,0.05,0.1,129,814.7814755439758,59185.218524456024,61,6.316135469333146
0.45,0.8,0.25,0.35,0.15,0.15,0.2,129,694.1651282906532,59305.83487170935,76,5.38112502550894
0.5,0.8,0.35,0.35,0.15,0.1,0.2,129,658.0394968986511,59341.96050310135,74,5.101081371307373
0.5,0.6,0.35,0.25,0.15,0.05,0.1,129,634.1992084085941,59365.800791591406,52,4.916272933399955
0.4,0.6,0.25,0.45,0.1,0.1,0.3,128,631.8465033471584,59368.15349665284,55,4.936300807399675
0.45,0.6,0.25,0.35,0.2,0.1,0.2,128,605.2284094393253,59394.771590560675,50,4.728346948744729
0.5,0.6,0.25,0.35,0.2,0.15,0.2,128,605.2284094393253,59394.771590560675,50,4.728346948744729
0.5,0.6,0.35,0.35,0.2,0.05,0.2,128,605.2284094393253,59394.771590560675,50,4.728346948744729
0.55,0.8,0.25,0.35,0.2,0.15,0.1,127,745.9969691038132,59254.00303089619,64,5.87399188270719
0.45,0.7,0.25,0.25,0.2,0.1,0.1,127,659.2370882332325,59340.76291176677,57,5.190843214434902
0.55,0.7,0.25,0.45,0.2,0.15,0.2,127,653.6509898602962,59346.349010139704,52,5.146858187876348
0.55,0.7,0.35,0.45,0.2,0.05,0.2,127,653.6509898602962,59346.349010139704,52,5.146858187876348
0.5,0.7,0.35,0.25,0.2,0.05,0.1,127,645.7169151008129,59354.28308489919,54,5.0843851582741175
0.55,0.6,0.35,0.25,0.2,0.15,0.2,127,618.9377776682377,59381.06222233176,49,4.87352580841132
0.4,0.6,0.25,0.25,0.15,0.05,0.1,127,617.9158901870251,59382.084109812975,55,4.865479450291536
0.5,0.7,0.35,0.35,0.1,0.15,0.3,127,441.0836173892021,59558.9163826108,59,3.4730993495212763
0.5,0.7,0.45,0.35,0.1,0.05,0.3,127,441.0836173892021,59558.9163826108,59,3.4730993495212763
0.5,0.7,0.45,0.25,0.1,0.1,0.3,127,387.50702184438705,59612.49297815561,60,3.051236392475489
0.4,0.8,0.25,0.35,0.15,0.1,0.2,126,683.152040630579,59316.84795936942,76,5.4218415923061825
0.4,0.6,0.25,0.35,0.2,0.05,0.2,126,596.6709941923618,59403.32900580764,50,4.73548408089176
0.5,0.8,0.35,0.45,0.2,0.1,0.3,126,590.9933058619499,59409.00669413805,65,4.690423062396428
0.4,0.7,0.25,0.35,0.1,0.15,0.3,126,480.81396675109863,59519.1860332489,61,3.8159838631039573
0.55,0.8,0.45,0.35,0.15,0.1,0.3,126,471.12669545412064,59528.87330454588,67,3.739100757572386
0.5,0.7,0.35,0.25,0.2,0.15,0.3,126,435.5063769519329,59564.49362304807,56,3.456399817078833
0.5,0.8,0.45,0.25,0.15,0.1,0.3,126,423.0047817528248,59576.995218247175,69,3.3571808075621012
0.45,0.7,0.45,0.25,0.1,0.05,0.3,126,381.991330742836,59618.008669257164,61,3.031677228117746
0.55,0.7,0.25,0.45,0.1,0.1,0.1,125,964.0838933587074,59035.91610664129,56,7.71267114686966
0.55,0.7,0.35,0.35,0.15,0.05,0.1,125,759.3450499176979,59240.6549500823,58,6.074760399341583
0.5,0.8,0.25,0.35,0.2,0.1,0.1,125,725.4842799901962,59274.515720009804,64,5.80387423992157
0.5,0.6,0.35,0.25,0.2,0.1,0.2,125,609.8819881975651,59390.118011802435,49,4.879055905580521
0.55,0.6,0.45,0.25,0.2,0.05,0.2,125,593.1501952707767,59406.84980472922,48,4.745201562166214
0.55,0.8,0.35,0.35,0.2,0.05,0.1,124,698.9413150548935,59301.05868494511,61,5.636623508507205
0.45,0.8,0.35,0.35,0.15,0.05,0.2,124,633.000194221735,59366.999805778265,74,5.104840275981734
0.45,0.6,0.25,0.25,0.2,0.15,0.2,124,595.7758719027042,59404.224128097296,49,4.804644128247615
0.45,0.7,0.35,0.25,0.1,0.15,0.3,124,381.2436434030533,59618.75635659695,60,3.074545511314946
0.5,0.7,0.25,0.45,0.1,0.05,0.1,123,957.7213707566261,59042.278629243374,56,7.786352607777448
0.5,0.8,0.25,0.45,0.1,0.15,0.2,123,830.2097861766815,59169.79021382332,69,6.749673058347004
0.55,0.8,0.35,0.45,0.1,0.1,0.2,123,820.7968566417694,59179.20314335823,68,6.673145175949345
0.4,0.7,0.25,0.25,0.2,0.05,0.1,123,642.1897563934326,59357.81024360657,57,5.221054930027908
0.55,0.7,0.35,0.45,0.1,0.15,0.3,123,598.8046332001686,59401.19536679983,55,4.868330351220883
0.55,0.7,0.45,0.45,0.1,0.05,0.3,123,598.8046332001686,59401.19536679983,55,4.868330351220883
0.45,0.6,0.35,0.25,0.2,0.05,0.2,123,592.3421181738377,59407.65788182616,49,4.8157895786490865
0.45,0.8,0.25,0.45,0.2,0.15,0.3,123,584.5342230200768,59415.46577697992,65,4.752310756260787
0.45,0.8,0.35,0.45,0.2,0.05,0.3,123,584.5342230200768,59415.46577697992,65,4.752310756260787
0.45,0.7,0.35,0.35,0.1,0.1,0.3,123,424.3251070380211,59575.67489296198,59,3.4497976181952934
0.4,0.8,0.35,0.25,0.15,0.1,0.3,123,416.8855772614479,59583.11442273855,70,3.3893136362719343
0.45,0.8,0.35,0.25,0.15,0.15,0.3,123,416.8855772614479,59583.11442273855,70,3.3893136362719343
0.45,0.8,0.45,0.25,0.15,0.05,0.3,123,416.75265806913376,59583.247341930866,70,3.388232992431982
0.4,0.7,0.35,0.25,0.1,0.1,0.3,123,375.8570133447647,59624.142986655235,60,3.055748075973697
0.45,0.8,0.25,0.45,0.1,0.1,0.2,122,807.9301497936249,59192.069850206375,69,6.622378276996925
0.45,0.8,0.25,0.35,0.2,0.05,0.1,122,716.1087797284126,59283.89122027159,64,5.8697440961345295
0.4,0.6,0.25,0.25,0.2,0.1,0.2,122,586.5189169943333,59413.48108300567,49,4.807532106510928
0.5,0.8,0.35,0.35,0.15,0.15,0.3,122,464.24673596024513,59535.753264039755,67,3.805301114428239
0.5,0.7,0.45,0.25,0.2,0.05,0.3,122,433.7517636716366,59566.24823632836,54,3.555342325177349
0.55,0.7,0.45,0.25,0.2,0.1,0.3,122,433.7517636716366,59566.24823632836,54,3.555342325177349
0.4,0.7,0.35,0.35,0.1,0.05,0.3,122,423.6023941040039,59576.397605895996,59,3.4721507713442943
0.5,0.8,0.35,0.45,0.1,0.05,0.2,121,784.6026046276093,59215.39739537239,68,6.484319046509167
0.55,0.6,0.25,0.45,0.2,0.05,0.1,121,723.4912301003933,59276.50876989961,45,5.97926636446606
0.5,0.7,0.25,0.45,0.2,0.1,0.2,121,626.7383111417294,59373.26168885827,52,5.179655463981234
0.5,0.7,0.35,0.45,0.1,0.1,0.3,121,597.7883359193802,59402.21166408062,55,4.940399470408101
0.5,0.8,0.45,0.35,0.15,0.05,0.3,121,460.31460800766945,59539.68539199233,67,3.8042529587410696
0.4,0.8,0.25,0.45,0.2,0.1,0.3,120,566.4738753736019,59433.5261246264,65,4.720615628113349
0.55,0.7,0.35,0.35,0.2,0.1,0.2,120,549.4837466776371,59450.51625332236,50,4.579031222313643
0.45,0.7,0.35,0.25,0.2,0.1,0.3,120,417.84131333231926,59582.15868666768,56,3.4820109444359937
0.4,0.8,0.25,0.45,0.1,0.05,0.2,119,794.804132938385,59205.195867061615,69,6.679026327213319
0.55,0.6,0.25,0.45,0.15,0.15,0.2,119,647.2323979437351,59352.767602056265,46,5.4389277138129
0.55,0.8,0.45,0.25,0.1,0.1,0.2,119,478.11143985390663,59521.88856014609,73,4.017743192049635
0.45,0.7,0.25,0.45,0.2,0.05,0.2,118,624.9754273891449,59375.024572610855,52,5.296401927026651
0.4,0.7,0.25,0.45,0.1,0.1,0.3,118,586.8713437914848,59413.128656208515,55,4.973485964334618
0.45,0.7,0.25,0.45,0.1,0.15,0.3,118,586.8713437914848,59413.128656208515,55,4.973485964334618
0.45,0.7,0.35,0.45,0.1,0.05,0.3,118,586.8713437914848,59413.128656208515,55,4.973485964334618
0.5,0.8,0.35,0.25,0.1,0.15,0.2,118,477.60715505480766,59522.39284494519,74,4.047518263176336
0.4,0.7,0.25,0.25,0.2,0.15,0.3,118,416.45710960030556,59583.542890399694,56,3.5292975389856402
0.4,0.7,0.35,0.25,0.2,0.05,0.3,118,416.45710960030556,59583.542890399694,56,3.5292975389856402
0.55,0.8,0.25,0.45,0.15,0.1,0.1,117,846.1921147704124,59153.80788522959,60,7.232411237353952
0.55,0.6,0.25,0.35,0.1,0.15,0.1,117,806.2495234012604,59193.75047659874,51,6.89102156753214
0.55,0.6,0.35,0.45,0.15,0.05,0.2,117,630.2742260992527,59369.72577390075,46,5.38695919742951
0.55,0.6,0.25,0.35,0.2,0.1,0.1,117,573.4997905194759,59426.500209480524,46,4.901707611277572
0.45,0.8,0.35,0.25,0.1,0.1,0.2,117,485.7313159406185,59514.26868405938,75,4.1515497088941755
0.5,0.8,0.45,0.25,0.1,0.05,0.2,117,472.6963288486004,59527.3036711514,73,4.04013956280855
0.5,0.8,0.25,0.45,0.15,0.05,0.1,116,842.9799892306328,59157.02001076937,60,7.267068872677869
0.5,0.6,0.25,0.35,0.1,0.1,0.1,116,790.6276581287384,59209.37234187126,51,6.815755673523607
0.45,0.6,0.25,0.45,0.15,0.05,0.2,116,651.4725939333439,59348.527406066656,47,5.616143051149516
0.5,0.6,0.25,0.45,0.15,0.1,0.2,116,651.4725939333439,59348.527406066656,47,5.616143051149516
0.55,0.8,0.35,0.35,0.1,0.15,0.2,116,641.5453312397003,59358.4546687603,67,5.530563200342244
0.55,0.7,0.35,0.25,0.15,0.1,0.1,116,579.9296088814735,59420.07039111853,54,4.999393180012703
0.5,0.6,0.25,0.35,0.2,0.05,0.1,116,568.4490946233273,59431.55090537667,46,4.900423229511442
0.55,0.7,0.35,0.25,0.2,0.15,0.2,116,533.970852047205,59466.029147952795,49,4.603197000406939
0.5,0.7,0.25,0.35,0.2,0.15,0.2,116,531.4211976230145,59468.578802376986,50,4.581217220888056
0.45,0.6,0.25,0.35,0.1,0.05,0.1,115,790.0125107169151,59209.987489283085,51,6.869674006234044
0.55,0.6,0.35,0.35,0.1,0.05,0.1,115,767.2904551029205,59232.70954489708,50,6.6720909139384394
0.5,0.8,0.35,0.35,0.1,0.1,0.2,115,636.1587011814117,59363.84129881859,67,5.531814792881841
0.55,0.8,0.45,0.35,0.1,0.05,0.2,115,619.2656948566437,59380.734305143356,66,5.384919085709945
0.5,0.7,0.25,0.25,0.15,0.15,0.1,115,583.5449059009552,59416.455094099045,55,5.074303529573523
0.55,0.8,0.35,0.45,0.15,0.15,0.3,115,548.1786512732506,59451.82134872675,59,4.766770880636962
0.55,0.8,0.45,0.45,0.15,0.05,0.3,115,548.1786512732506,59451.82134872675,59,4.766770880636962
0.55,0.7,0.45,0.25,0.2,0.05,0.2,115,522.4000255167484,59477.59997448325,49,4.542608917536943
0.5,0.7,0.35,0.35,0.2,0.05,0.2,115,515.7993323504925,59484.20066764951,50,4.485211585656456
0.4,0.8,0.25,0.25,0.1,0.15,0.2,115,484.6555697917938,59515.344430208206,75,4.214396259059077
0.4,0.8,0.35,0.25,0.1,0.05,0.2,115,484.6555697917938,59515.344430208206,75,4.214396259059077
0.45,0.8,0.35,0.35,0.15,0.1,0.3,115,442.8144393861294,59557.18556061387,67,3.8505603424880817
0.55,0.8,0.35,0.25,0.2,0.1,0.1,114,584.9238277077675,59415.07617229223,56,5.130910769366381
0.45,0.6,0.25,0.35,0.2,0.15,0.3,114,534.1981392204762,59465.801860779524,44,4.685948589653299
0.45,0.6,0.35,0.35,0.2,0.05,0.3,114,534.1981392204762,59465.801860779524,44,4.685948589653299
0.5,0.6,0.35,0.35,0.2,0.1,0.3,114,534.1981392204762,59465.801860779524,44,4.685948589653299
0.55,0.6,0.35,0.35,0.2,0.15,0.3,114,534.1981392204762,59465.801860779524,44,4.685948589653299
0.55,0.6,0.45,0.35,0.2,0.05,0.3,114,534.1981392204762,59465.801860779524,44,4.685948589653299
0.4,0.8,0.25,0.35,0.15,0.15,0.3,114,456.2246241569519,59543.77537584305,68,4.001970387341683
0.5,0.7,0.35,0.25,0.15,0.05,0.1,113,572.951938867569,59427.04806113243,54,5.070371140420964
0.4,0.7,0.25,0.25,0.15,0.05,0.1,113,552.7110931873322,59447.28890681267,55,4.891248612277276
0.45,0.7,0.25,0.25,0.15,0.1,0.1,113,552.7110931873322,59447.28890681267,55,4.891248612277276
0.4,0.6,0.25,0.35,0.2,0.1,0.3,113,528.894683867693,59471.10531613231,44,4.680483928032681
0.45,0.7,0.25,0.35,0.2,0.1,0.2,113,511.96547362208366,59488.034526377916,50,4.530667908160033
0.4,0.8,0.35,0.35,0.15,0.05,0.3,113,441.7249541282654,59558.275045871735,67,3.9090703905156228
0.55,0.6,0.35,0.45,0.2,0.1,0.3,112,550.6336811482906,59449.36631885171,42,4.916372153109738
0.5,0.7,0.35,0.25,0.2,0.1,0.2,112,515.2684465944767,59484.73155340552,49,4.600611130307827
0.55,0.8,0.45,0.25,0.1,0.15,0.3,112,355.503388941288,59644.49661105871,60,3.1741374012615
0.55,0.8,0.25,0.35,0.15,0.15,0.1,111,671.3755570948124,59328.62444290519,61,6.048428442295607
0.45,0.8,0.25,0.35,0.1,0.15,0.2,111,635.4473075866699,59364.55269241333,68,5.724750518798828
0.5,0.8,0.25,0.25,0.2,0.15,0.1,111,582.5199282765388,59417.48007172346,57,5.24792728177062
0.5,0.8,0.35,0.25,0.2,0.05,0.1,111,582.5199282765388,59417.48007172346,57,5.24792728177062
0.4,0.8,0.25,0.35,0.1,0.1,0.2,110,630.3966116905212,59369.60338830948,68,5.7308782880956475
0.45,0.8,0.35,0.35,0.1,0.05,0.2,110,615.9677734375,59384.0322265625,67,5.59970703125
0.45,0.6,0.25,0.45,0.2,0.1,0.3,110,542.3936396539211,59457.60636034608,42,4.930851269581101
0.5,0.6,0.25,0.45,0.2,0.15,0.3,110,542.3936396539211,59457.60636034608,42,4.930851269581101
0.5,0.6,0.35,0.45,0.2,0.05,0.3,110,542.3936396539211,59457.60636034608,42,4.930851269581101
0.5,0.8,0.45,0.25,0.1,0.1,0.3,110,351.56855046749115,59648.43144953251,60,3.1960777315226467
0.55,0.7,0.25,0.35,0.1,0.15,0.1,109,766.491393506527,59233.50860649347,51,7.032031133087403
0.5,0.8,0.25,0.35,0.15,0.1,0.1,109,649.5655361711979,59350.4344638288,61,5.9593168456073204
0.55,0.8,0.35,0.35,0.15,0.05,0.1,109,646.5995394289494,59353.40046057105,59,5.9321058663206365
0.45,0.8,0.25,0.25,0.2,0.1,0.1,109,551.6861155629158,59448.313884437084,57,5.061340509751521
0.4,0.6,0.25,0.45,0.2,0.05,0.3,109,541.6245833337307,59458.37541666627,42,4.969032874621383
0.55,0.6,0.25,0.25,0.2,0.15,0.1,109,531.8307874500751,59468.169212549925,42,4.879181536239222
0.5,0.8,0.35,0.45,0.15,0.1,0.3,109,522.2078106999397,59477.79218930006,59,4.790897345871007
0.4,0.7,0.25,0.35,0.2,0.05,0.2,109,502.62323009967804,59497.37676990032,50,4.6112222944924595
0.5,0.6,0.35,0.25,0.15,0.15,0.3,109,358.83953681588173,59641.16046318412,46,3.2921058423475387
0.4,0.8,0.25,0.25,0.2,0.05,0.1,108,546.2755787968636,59453.72442120314,57,5.05810721108207
0.55,0.6,0.35,0.25,0.2,0.05,0.1,108,526.9399636089802,59473.06003639102,42,4.879073737120187
0.55,0.6,0.45,0.25,0.15,0.1,0.3,108,363.4019046127796,59636.59809538722,45,3.36483245011833
0.45,0.6,0.35,0.25,0.15,0.1,0.3,108,353.4290000498295,59646.57099995017,46,3.272490741202125
0.55,0.8,0.25,0.45,0.2,0.15,0.2,107,575.8241850435734,59424.17581495643,53,5.381534439659564
0.45,0.8,0.25,0.45,0.15,0.15,0.3,107,534.0292845964432,59465.97071540356,60,4.990927893424702
0.5,0.6,0.25,0.25,0.2,0.1,0.1,107,523.0078356564045,59476.992164343596,42,4.887923697723407
0.45,0.7,0.25,0.25,0.2,0.15,0.2,107,478.2774159014225,59521.72258409858,49,4.46988239160208
0.45,0.7,0.35,0.25,0.2,0.05,0.2,107,478.2774159014225,59521.72258409858,49,4.46988239160208
0.5,0.6,0.45,0.25,0.15,0.05,0.3,107,358.0984492599964,59641.90155074,45,3.346714479065387
0.4,0.8,0.35,0.25,0.1,0.1,0.3,107,342.8472348153591,59657.15276518464,61,3.2041797646295245
0.45,0.8,0.35,0.25,0.1,0.15,0.3,107,339.94461569190025,59660.0553843081,60,3.1770524831018716
0.45,0.8,0.45,0.25,0.1,0.05,0.3,107,324.69659408926964,59675.30340591073,61,3.0345476083109313
0.45,0.7,0.25,0.35,0.1,0.05,0.1,106,730.6068848967552,59269.393115103245,51,6.892517782044861
0.5,0.7,0.25,0.35,0.1,0.1,0.1,106,730.6068848967552,59269.393115103245,51,6.892517782044861
0.55,0.7,0.35,0.35,0.1,0.05,0.1,106,710.6131281256676,59289.38687187433,50,6.703897435147807
0.55,0.8,0.35,0.45,0.2,0.05,0.2,106,557.4426485598087,59442.55735144019,52,5.258892910941592
0.4,0.8,0.25,0.45,0.15,0.1,0.3,106,530.0971566438675,59469.90284335613,60,5.000916572111957
0.45,0.6,0.25,0.25,0.2,0.05,0.1,106,522.547404140234,59477.452595859766,42,4.929692491889
0.55,0.6,0.35,0.35,0.15,0.1,0.2,106,521.077339977026,59478.922660022974,42,4.915823962047415
0.45,0.8,0.35,0.45,0.15,0.05,0.3,106,515.6477481126785,59484.35225188732,59,4.86460139728942
0.4,0.7,0.25,0.25,0.2,0.1,0.2,106,477.816984385252,59522.18301561475,49,4.507707399860868
0.55,0.8,0.25,0.45,0.1,0.1,0.1,105,807.0566848516464,59192.94331514835,56,7.686254141444252
0.45,0.8,0.25,0.35,0.15,0.05,0.1,105,624.4954935610294,59375.50450643897,61,5.947576129152662
0.55,0.7,0.25,0.45,0.15,0.15,0.2,105,610.6578192710876,59389.34218072891,47,5.81578875496274
0.55,0.7,0.35,0.35,0.2,0.15,0.3,105,461.66561511158943,59538.33438488841,44,4.396815382015138
0.55,0.7,0.45,0.35,0.2,0.05,0.3,105,461.66561511158943,59538.33438488841,44,4.396815382015138
0.5,0.8,0.35,0.35,0.1,0.15,0.3,105,395.66628259420395,59604.333717405796,60,3.76825031042099
0.55,0.8,0.45,0.35,0.1,0.1,0.3,105,386.29027408361435,59613.709725916386,59,3.6789549912725175
0.55,0.7,0.25,0.45,0.2,0.05,0.1,104,636.483417391777,59363.51658260822,45,6.120032859536318
0.5,0.8,0.25,0.45,0.2,0.1,0.2,104,566.502716511488,59433.49728348851,53,5.447141504918154
0.5,0.6,0.25,0.35,0.15,0.15,0.2,104,504.0959766805172,59495.90402331948,42,4.847076698851127
0.5,0.6,0.35,0.35,0.15,0.05,0.2,104,504.0959766805172,59495.90402331948,42,4.847076698851127
0.45,0.8,0.35,0.35,0.1,0.1,0.3,104,404.02135372161865,59595.97864627838,61,3.8848207088617177
0.5,0.8,0.45,0.35,0.1,0.05,0.3,104,381.1666125655174,59618.83338743448,59,3.6650635823607445
0.5,0.8,0.25,0.45,0.1,0.05,0.1,103,773.662535071373,59226.33746492863,56,7.511286748265757
0.55,0.7,0.35,0.45,0.15,0.05,0.2,103,573.8947463035583,59426.10525369644,46,5.571793653432605
0.55,0.7,0.25,0.35,0.2,0.1,0.1,103,504.38362711668015,59495.61637288332,47,4.896928418608545
0.55,0.8,0.35,0.45,0.1,0.15,0.3,103,500.7937318086624,59499.20626819134,55,4.862075066103519
0.55,0.7,0.35,0.45,0.2,0.1,0.3,103,480.5782433450222,59519.42175665498,42,4.66580818781575
0.4,0.8,0.25,0.35,0.1,0.15,0.3,103,403.65458139777184,59596.34541860223,61,3.9189765184249694
0.4,0.8,0.35,0.35,0.1,0.05,0.3,103,403.65458139777184,59596.34541860223,61,3.9189765184249694
0.4,0.6,0.25,0.25,0.15,0.15,0.3,103,340.8146323263645,59659.185367673635,46,3.3088799254986845
0.4,0.6,0.35,0.25,0.15,0.05,0.3,103,340.8146323263645,59659.185367673635,46,3.3088799254986845
0.45,0.7,0.25,0.45,0.15,0.05,0.2,102,603.6801492571831,59396.31985074282,47,5.918432835854736
0.5,0.7,0.25,0.45,0.15,0.1,0.2,102,603.6801492571831,59396.31985074282,47,5.918432835854736
0.55,0.6,0.25,0.45,0.1,0.15,0.2,102,602.806826531887,59397.19317346811,42,5.909870848351834
0.45,0.6,0.25,0.35,0.15,0.1,0.2,102,502.99088421463966,59497.00911578536,42,4.9312831785748985
0.55,0.8,0.45,0.45,0.1,0.05,0.3,102,487.16865360736847,59512.83134639263,55,4.776163270660475
0.55,0.6,0.35,0.25,0.1,0.1,0.1,101,549.4994041919708,59450.50059580803,45,5.440588160316543
0.55,0.6,0.35,0.25,0.15,0.15,0.2,101,495.47343507409096,59504.52656492591,39,4.9056775749909995
0.55,0.8,0.35,0.25,0.15,0.1,0.1,101,491.0376968383789,59508.96230316162,55,4.861759374637415
0.5,0.7,0.25,0.35,0.2,0.05,0.1,101,488.1466144323349,59511.853385567665,47,4.833134796359752
0.55,0.8,0.35,0.35,0.2,0.1,0.2,101,483.4774569272995,59516.5225430727,50,4.7869055141316785
0.5,0.6,0.25,0.25,0.1,0.15,0.1,100,544.1127741336823,59455.88722586632,45,5.441127741336823
0.5,0.8,0.25,0.25,0.15,0.15,0.1,100,485.11891651153564,59514.881083488464,55,4.851189165115357
0.5,0.8,0.35,0.25,0.15,0.05,0.1,100,485.11891651153564,59514.881083488464,55,4.851189165115357
0.5,0.7,0.35,0.35,0.2,0.1,0.3,100,428.7963519394398,59571.20364806056,44,4.287963519394398
0.55,0.8,0.45,0.25,0.2,0.1,0.3,100,386.5261670053005,59613.4738329947,56,3.8652616700530054
0.5,0.6,0.25,0.45,0.1,0.1,0.2,99,593.568532705307,59406.43146729469,42,5.995641744498051
0.55,0.6,0.35,0.45,0.1,0.05,0.2,99,560.7402982115746,59439.259701788425,41,5.664043416278531
0.5,0.6,0.35,0.25,0.1,0.05,0.1,99,540.9006485939026,59459.0993514061,45,5.463642915089925
0.45,0.8,0.25,0.45,0.2,0.05,0.2,99,538.7649144232273,59461.23508557677,53,5.442069842658862
0.4,0.6,0.25,0.35,0.15,0.05,0.2,99,481.6236242353916,59518.37637576461,42,4.864885093286784
0.5,0.8,0.35,0.45,0.1,0.1,0.3,99,473.5180753469467,59526.48192465305,55,4.783010862090371
0.5,0.8,0.25,0.35,0.2,0.15,0.2,99,470.39779418706894,59529.60220581293,51,4.751492870576454
0.55,0.6,0.45,0.25,0.15,0.05,0.2,99,468.3666302263737,59531.633369773626,39,4.730976062892664
0.55,0.8,0.35,0.25,0.2,0.15,0.2,99,453.8586971461773,59546.14130285382,49,4.584431284304821
0.55,0.8,0.45,0.25,0.2,0.05,0.2,99,453.8586971461773,59546.14130285382,49,4.584431284304821
0.45,0.7,0.25,0.35,0.2,0.15,0.3,99,423.4097218811512,59576.59027811885,44,4.276865877587386
0.45,0.7,0.35,0.35,0.2,0.05,0.3,99,423.4097218811512,59576.59027811885,44,4.276865877587386
0.55,0.6,0.25,0.45,0.15,0.05,0.1,98,615.0862925052643,59384.913707494736,41,6.276390739849636
0.45,0.6,0.25,0.45,0.1,0.05,0.2,98,590.4181356430054,59409.581864356995,42,6.024674853500055
0.55,0.6,0.25,0.45,0.2,0.1,0.2,98,514.0284326374531,59485.97156736255,38,5.245188088137276
0.5,0.7,0.25,0.45,0.2,0.15,0.3,98,472.4888950884342,59527.511104911566,42,4.821315256004431
0.5,0.7,0.35,0.45,0.2,0.05,0.3,98,472.4888950884342,59527.511104911566,42,4.821315256004431
0.55,0.6,0.35,0.45,0.15,0.1,0.3,98,461.537848085165,59538.462151914835,38,4.7095698784200515
0.4,0.7,0.25,0.35,0.2,0.1,0.3,98,422.9492903649807,59577.05070963502,44,4.315809085356946
0.45,0.6,0.25,0.25,0.1,0.1,0.1,97,537.1351041197777,59462.86489588022,45,5.5374753002038934
0.45,0.7,0.25,0.45,0.2,0.1,0.3,97,467.3652335703373,59532.63476642966,42,4.818198284230282
0.5,0.8,0.35,0.35,0.2,0.05,0.2,97,460.24547904729843,59539.7545209527,50,4.7447987530649325
0.55,0.7,0.45,0.25,0.15,0.1,0.3,97,328.17904946208,59671.82095053792,45,3.3832891697121648
0.5,0.7,0.35,0.25,0.15,0.15,0.3,97,328.0571219921112,59671.94287800789,46,3.3820321854856825
0.4,0.8,0.25,0.45,0.1,0.1,0.3,96,480.8263238668442,59519.173676133156,57,5.008607540279627
0.45,0.8,0.25,0.45,0.1,0.15,0.3,96,480.8263238668442,59519.173676133156,57,5.008607540279627
0.45,0.8,0.25,0.25,0.15,0.1,0.1,96,473.2658659815788,59526.73413401842,55,4.929852770641446
0.5,0.6,0.35,0.25,0.15,0.1,0.2,96,448.46001663804054,59551.53998336196,39,4.671458506646256
0.4,0.6,0.25,0.25,0.1,0.05,0.1,95,515.1652111411095,59484.83478885889,45,5.4227916962222045
0.45,0.8,0.25,0.35,0.2,0.1,0.2,95,445.57315826416016,59554.42684173584,51,4.690243771201686
0.5,0.7,0.45,0.25,0.15,0.05,0.3,95,327.3160344362259,59672.683965563774,45,3.4454319414339567
0.5,0.6,0.25,0.45,0.2,0.05,0.2,94,486.894897967577,59513.10510203242,38,5.179732957101883
0.55,0.7,0.35,0.35,0.15,0.1,0.2,94,473.71880120038986,59526.28119879961,42,5.039561714897764
0.45,0.8,0.35,0.45,0.1,0.05,0.3,94,456.3327521085739,59543.667247891426,55,4.854603745835893
0.5,0.6,0.25,0.45,0.15,0.15,0.3,94,452.32980623841286,59547.67019376159,38,4.812019215302264
0.5,0.6,0.35,0.45,0.15,0.05,0.3,94,452.32980623841286,59547.67019376159,38,4.812019215302264
0.4,0.7,0.25,0.45,0.2,0.05,0.3,94,449.30488592386246,59550.69511407614,42,4.779839211955983
0.5,0.8,0.35,0.25,0.2,0.1,0.2,94,445.7824689745903,59554.21753102541,49,4.742366691219046
0.4,0.6,0.25,0.25,0.15,0.1,0.2,94,444.5405632555485,59555.45943674445,39,4.729154928250516
0.45,0.6,0.25,0.25,0.15,0.15,0.2,94,444.5405632555485,59555.45943674445,39,4.729154928250516
0.45,0.6,0.35,0.25,0.15,0.05,0.2,94,444.5405632555485,59555.45943674445,39,4.729154928250516
0.55,0.6,0.35,0.35,0.15,0.15,0.3,94,425.78776094317436,59574.212239056826,37,4.529657031310365
0.5,0.8,0.35,0.25,0.2,0.15,0.3,94,375.8606376647949,59624.139362335205,56,3.998517421965903
0.5,0.8,0.45,0.25,0.2,0.05,0.3,94,375.8606376647949,59624.139362335205,56,3.998517421965903
0.4,0.7,0.25,0.25,0.15,0.15,0.3,94,321.8667091727257,59678.133290827274,46,3.424113927369422
0.4,0.7,0.35,0.25,0.15,0.05,0.3,94,321.8667091727257,59678.133290827274,46,3.424113927369422
0.45,0.7,0.35,0.25,0.15,0.1,0.3,94,321.8667091727257,59678.133290827274,46,3.424113927369422
0.55,0.8,0.25,0.35,0.1,0.15,0.1,93,606.8821018338203,59393.11789816618,51,6.525613998213122
0.5,0.7,0.25,0.25,0.1,0.15,0.1,93,496.359771668911,59503.64022833109,45,5.3372018459022685
0.5,0.7,0.35,0.25,0.1,0.05,0.1,93,496.359771668911,59503.64022833109,45,5.3372018459022685
0.55,0.7,0.35,0.25,0.1,0.1,0.1,93,496.359771668911,59503.64022833109,45,5.3372018459022685
0.4,0.8,0.25,0.25,0.15,0.05,0.1,93,461.7698686718941,59538.230131328106,55,4.96526740507413
0.5,0.6,0.35,0.35,0.15,0.1,0.3,93,425.01870462298393,59574.981295377016,37,4.5700935980966015
0.55,0.8,0.35,0.35,0.1,0.05,0.1,92,590.7364967465401,59409.26350325346,51,6.421048877679783
0.55,0.6,0.25,0.35,0.2,0.15,0.2,92,486.94768235087395,59513.052317649126,35,5.292909590770369
0.55,0.6,0.35,0.35,0.2,0.05,0.2,92,486.94768235087395,59513.052317649126,35,5.292909590770369
0.55,0.6,0.35,0.25,0.2,0.1,0.2,92,466.59839084744453,59533.401609152555,36,5.071721639646136
0.4,0.6,0.25,0.45,0.15,0.05,0.3,92,448.55767598748207,59551.44232401252,38,4.875626912907414
0.45,0.6,0.25,0.45,0.15,0.1,0.3,92,448.55767598748207,59551.44232401252,38,4.875626912907414
0.55,0.7,0.25,0.25,0.2,0.15,0.1,92,441.9713599085808,59558.02864009142,42,4.804036520745443
0.55,0.7,0.35,0.25,0.2,0.05,0.1,92,441.9713599085808,59558.02864009142,42,4.804036520745443
0.4,0.8,0.25,0.35,0.2,0.05,0.2,92,438.9495193064213,59561.05048069358,51,4.77119042724371
0.55,0.6,0.45,0.35,0.15,0.05,0.3,92,397.5755283534527,59602.42447164655,36,4.321473134276659
0.45,0.8,0.35,0.25,0.2,0.1,0.3,92,374.7209207415581,59625.27907925844,56,4.0730534863212835
0.5,0.6,0.35,0.25,0.1,0.15,0.3,92,270.864321321249,59729.13567867875,41,2.94417740566575
0.5,0.8,0.25,0.35,0.1,0.1,0.1,91,585.8456729054451,59414.154327094555,51,6.437864537422474
0.55,0.8,0.25,0.45,0.15,0.15,0.2,91,515.2630472779274,59484.73695272207,47,5.6622312887684325
0.4,0.8,0.25,0.25,0.2,0.15,0.3,91,374.3588627278805,59625.64113727212,56,4.113833656350335
0.4,0.8,0.35,0.25,0.2,0.05,0.3,91,374.3588627278805,59625.64113727212,56,4.113833656350335
0.4,0.6,0.25,0.25,0.1,0.15,0.3,91,287.9002025127411,59712.09979748726,42,3.163738489151001
0.4,0.6,0.35,0.25,0.1,0.05,0.3,91,287.9002025127411,59712.09979748726,42,3.163738489151001
0.55,0.7,0.25,0.45,0.15,0.05,0.1,90,573.2907716631889,59426.70922833681,41,6.369897462924322
0.45,0.7,0.25,0.45,0.1,0.05,0.2,90,536.6630126833916,59463.33698731661,42,5.962922363148795
0.5,0.7,0.25,0.45,0.1,0.1,0.2,90,536.6630126833916,59463.33698731661,42,5.962922363148795
0.55,0.7,0.25,0.45,0.1,0.15,0.2,90,536.6630126833916,59463.33698731661,42,5.962922363148795
0.55,0.8,0.25,0.45,0.2,0.05,0.1,90,532.4126768708229,59467.58732312918,45,5.91569640967581
0.55,0.8,0.35,0.45,0.15,0.05,0.2,90,496.88151079416275,59503.11848920584,46,5.520905675490697
0.4,0.7,0.25,0.25,0.1,0.05,0.1,90,485.0117980837822,59514.98820191622,45,5.389019978708691
0.45,0.7,0.25,0.25,0.1,0.1,0.1,90,485.0117980837822,59514.98820191622,45,5.389019978708691
0.5,0.6,0.25,0.35,0.2,0.1,0.2,90,463.8080262839794,59536.19197371602,35,5.153422514266438
0.5,0.6,0.25,0.25,0.2,0.15,0.2,90,439.49158599972725,59560.50841400027,36,4.883239844441414
0.45,0.6,0.25,0.35,0.15,0.15,0.3,90,406.8331134021282,59593.16688659787,37,4.520367926690313
0.45,0.6,0.35,0.25,0.1,0.1,0.3,90,270.0013062953949,59729.998693704605,41,3.0000145143932766
0.5,0.8,0.25,0.45,0.15,0.1,0.2,89,495.9618015885353,59504.038198411465,47,5.5726045122307335
0.45,0.7,0.25,0.35,0.15,0.1,0.2,89,436.1604980826378,59563.83950191736,42,4.900679753737503
0.5,0.7,0.25,0.35,0.15,0.15,0.2,89,436.1604980826378,59563.83950191736,42,4.900679753737503
0.5,0.7,0.35,0.35,0.15,0.05,0.2,89,436.1604980826378,59563.83950191736,42,4.900679753737503
0.5,0.7,0.25,0.25,0.2,0.1,0.1,89,434.9936898946762,59565.006310105324,42,4.887569549378385
0.55,0.8,0.35,0.45,0.2,0.1,0.3,89,430.3484996557236,59569.65150034428,42,4.8353764006261075
0.4,0.8,0.25,0.25,0.2,0.1,0.2,89,428.4152989387512,59571.58470106125,49,4.813655044255632
0.45,0.8,0.25,0.25,0.2,0.15,0.2,89,428.4152989387512,59571.58470106125,49,4.813655044255632
0.45,0.8,0.35,0.25,0.2,0.05,0.2,89,428.4152989387512,59571.58470106125,49,4.813655044255632
0.45,0.6,0.35,0.35,0.15,0.05,0.3,89,392.9184977710247,59607.081502228975,37,4.414814581696906
0.55,0.6,0.45,0.25,0.1,0.1,0.3,89,241.58829495310783,59758.41170504689,39,2.7144752241922228
0.45,0.8,0.25,0.35,0.1,0.05,0.1,88,574.4976993203163,59425.502300679684,51,6.528382946821776
0.55,0.7,0.35,0.45,0.1,0.05,0.2,88,499.8999397158623,59500.10006028414,41,5.680681133134798
0.55,0.8,0.25,0.35,0.2,0.1,0.1,88,447.46073910593987,59552.53926089406,47,5.084781126203862
0.4,0.7,0.25,0.35,0.15,0.05,0.2,88,431.1098021864891,59568.89019781351,42,4.898975024846467
0.5,0.6,0.35,0.25,0.2,0.05,0.2,88,424.70863392949104,59575.29136607051,36,4.826234476471489
0.55,0.8,0.35,0.35,0.2,0.15,0.3,88,396.279420375824,59603.720579624176,44,4.503175231543454
0.55,0.8,0.45,0.35,0.2,0.05,0.3,88,396.279420375824,59603.720579624176,44,4.503175231543454
0.4,0.6,0.25,0.35,0.15,0.1,0.3,88,387.6150424182415,59612.38495758176,37,4.404716391116381
0.5,0.6,0.45,0.25,0.1,0.05,0.3,88,236.28483960032463,59763.715160399675,39,2.6850549954582346
0.5,0.8,0.25,0.35,0.2,0.05,0.1,87,430.54154202342033,59569.45845797658,47,4.948753356591038
0.45,0.7,0.25,0.25,0.2,0.05,0.1,87,404.15987718105316,59595.84012281895,42,4.645515829667278
0.45,0.8,0.25,0.45,0.15,0.05,0.2,86,471.98954397439957,59528.0104560256,47,5.488250511330228
0.55,0.7,0.25,0.45,0.2,0.1,0.2,86,451.4288295507431,59548.57117044926,38,5.249172436636548
0.45,0.6,0.25,0.35,0.2,0.05,0.2,86,445.74547722935677,59554.25452277064,35,5.183086944527404
0.4,0.6,0.25,0.25,0.2,0.05,0.2,86,420.789180546999,59579.210819453,36,4.892897448220919
0.45,0.6,0.25,0.25,0.2,0.1,0.2,86,420.789180546999,59579.210819453,36,4.892897448220919
0.55,0.7,0.35,0.45,0.15,0.1,0.3,86,405.86872059106827,59594.13127940893,38,4.71940372780312
0.5,0.7,0.35,0.25,0.1,0.15,0.3,86,275.52748107910156,59724.4725189209,42,3.203807919524437
0.55,0.6,0.25,0.35,0.15,0.1,0.1,85,464.13476598262787,59535.86523401737,37,5.460409011560328
0.5,0.6,0.25,0.35,0.1,0.15,0.2,85,434.96815699338913,59565.03184300661,37,5.117272435216343
0.5,0.8,0.25,0.45,0.2,0.15,0.3,85,414.67901968955994,59585.32098031044,42,4.8785767022301165
0.5,0.8,0.35,0.45,0.2,0.05,0.3,85,414.67901968955994,59585.32098031044,42,4.8785767022301165
0.55,0.7,0.35,0.25,0.15,0.15,0.2,85,400.5248680114746,59599.475131988525,39,4.712057270723231
0.55,0.7,0.45,0.25,0.15,0.05,0.2,85,400.5248680114746,59599.475131988525,39,4.712057270723231
0.5,0.8,0.35,0.35,0.2,0.1,0.3,85,394.5231224000454,59605.476877599955,44,4.641448498824063
0.4,0.7,0.25,0.25,0.1,0.15,0.3,85,270.4767851829529,59729.52321481705,42,3.182079825681799
0.4,0.7,0.35,0.25,0.1,0.05,0.3,85,270.4767851829529,59729.52321481705,42,3.182079825681799
0.45,0.7,0.35,0.25,0.1,0.1,0.3,85,270.4767851829529,59729.52321481705,42,3.182079825681799
0.5,0.6,0.25,0.35,0.15,0.05,0.1,84,459.0840700864792,59540.91592991352,37,5.465286548648562
0.55,0.6,0.35,0.35,0.1,0.1,0.2,84,433.5111863017082,59566.48881369829,36,5.160847455972717
0.5,0.7,0.25,0.45,0.15,0.15,0.3,84,404.85242331027985,59595.14757668972,38,4.81967170607476
0.5,0.7,0.35,0.45,0.15,0.05,0.3,84,404.85242331027985,59595.14757668972,38,4.81967170607476
0.5,0.7,0.25,0.45,0.2,0.05,0.2,83,444.45115953683853,59555.54884046316,38,5.35483324743179
0.55,0.6,0.25,0.45,0.2,0.15,0.3,83,409.78015169501305,59590.21984830499,32,4.937110261385699
0.55,0.6,0.35,0.45,0.2,0.05,0.3,83,409.78015169501305,59590.21984830499,32,4.937110261385699
0.4,0.8,0.25,0.45,0.2,0.05,0.3,83,408.5696766972542,59591.430323302746,42,4.922526225268123
0.45,0.8,0.25,0.45,0.2,0.1,0.3,83,408.5696766972542,59591.430323302746,42,4.922526225268123
0.5,0.7,0.35,0.25,0.15,0.1,0.2,83,399.38515108823776,59600.61484891176,39,4.811869290219732
0.55,0.8,0.25,0.25,0.2,0.15,0.1,83,394.45592600107193,59605.54407399893,42,4.752481036157493
0.55,0.8,0.35,0.25,0.2,0.05,0.1,83,394.45592600107193,59605.54407399893,42,4.752481036157493
0.55,0.7,0.35,0.35,0.15,0.15,0.3,83,375.60268169641495,59624.397318303585,37,4.525333514414638
0.45,0.6,0.25,0.35,0.1,0.1,0.2,82,416.71109956502914,59583.28890043497,37,5.081842677622307
0.5,0.6,0.35,0.35,0.1,0.05,0.2,82,411.18145245313644,59588.81854754686,36,5.014407956745567
0.5,0.8,0.25,0.35,0.15,0.15,0.2,82,407.466914832592,59592.53308516741,42,4.969108717470634
0.5,0.8,0.35,0.35,0.15,0.05,0.2,82,407.466914832592,59592.53308516741,42,4.969108717470634
0.55,0.8,0.35,0.35,0.15,0.1,0.2,82,407.466914832592,59592.53308516741,42,4.969108717470634
0.4,0.7,0.25,0.45,0.15,0.05,0.3,82,399.00604885816574,59600.993951141834,38,4.865927425099582
0.45,0.7,0.25,0.45,0.15,0.1,0.3,82,399.00604885816574,59600.993951141834,38,4.865927425099582
0.5,0.8,0.25,0.25,0.2,0.1,0.1,82,389.06929594278336,59610.93070405722,42,4.744747511497358
0.55,0.6,0.35,0.35,0.1,0.15,0.3,82,345.90099599957466,59654.099004000425,34,4.218304829263106
0.55,0.6,0.45,0.35,0.1,0.05,0.3,82,345.90099599957466,59654.099004000425,34,4.218304829263106
0.5,0.7,0.45,0.25,0.1,0.05,0.3,82,251.4769605398178,59748.52303946018,40,3.0667922017050953
0.55,0.7,0.45,0.25,0.1,0.1,0.3,82,251.4769605398178,59748.52303946018,40,3.0667922017050953
0.5,0.7,0.35,0.35,0.15,0.1,0.3,81,374.4629647731781,59625.53703522682,37,4.622999565100964
0.55,0.7,0.45,0.35,0.15,0.05,0.3,81,347.39044910669327,59652.60955089331,36,4.288770976625843
0.5,0.6,0.25,0.45,0.2,0.1,0.3,80,405.46293368935585,59594.537066310644,32,5.068286671116948
0.4,0.6,0.25,0.35,0.1,0.05,0.2,80,397.6728224158287,59602.32717758417,37,4.970910280197859
0.55,0.6,0.35,0.45,0.1,0.1,0.3,80,380.42546182870865,59619.57453817129,33,4.755318272858858
0.45,0.7,0.25,0.35,0.15,0.15,0.3,80,369.98249864578247,59630.01750135422,38,4.624781233072281
0.5,0.6,0.35,0.35,0.1,0.1,0.3,80,344.8832650780678,59655.11673492193,34,4.311040813475847
0.55,0.8,0.45,0.25,0.15,0.1,0.3,80,306.9700365960598,59693.02996340394,46,3.8371254574507474
0.55,0.8,0.25,0.45,0.1,0.15,0.2,79,444.01619946956635,59555.983800530434,42,5.6204582211337515
0.55,0.7,0.25,0.35,0.15,0.1,0.1,79,431.5937109589577,59568.40628904104,37,5.4632115311260465
0.5,0.7,0.25,0.35,0.1,0.15,0.2,79,392.28619235754013,59607.71380764246,37,4.965648004525824
0.45,0.8,0.25,0.35,0.2,0.15,0.3,79,377.0240053832531,59622.97599461675,44,4.772455764344976
0.55,0.8,0.35,0.45,0.1,0.05,0.2,78,432.3614829778671,59567.63851702213,42,5.543095935613681
0.55,0.6,0.25,0.45,0.15,0.1,0.2,78,421.3548486828804,59578.64515131712,33,5.401985239524108
0.55,0.8,0.35,0.25,0.1,0.1,0.1,78,419.2068364620209,59580.79316353798,45,5.37444662130796
0.55,0.7,0.25,0.35,0.2,0.15,0.2,78,416.5463598370552,59583.453640162945,35,5.340337946628913
0.55,0.7,0.35,0.35,0.2,0.05,0.2,78,416.5463598370552,59583.453640162945,35,5.340337946628913
0.5,0.7,0.25,0.35,0.15,0.05,0.1,78,414.67451387643814,59585.32548612356,37,5.316339921492797
0.45,0.6,0.25,0.45,0.2,0.05,0.3,78,401.69080343842506,59598.309196561575,32,5.149882095364424
0.5,0.6,0.25,0.35,0.2,0.15,0.3,78,396.9714731872082,59603.02852681279,31,5.089377861374464
0.55,0.6,0.35,0.35,0.2,0.1,0.3,78,395.9966835677624,59604.00331643224,30,5.076880558561056
0.55,0.7,0.35,0.35,0.1,0.1,0.2,78,390.80531495809555,59609.194685041904,36,5.010324550744815
0.4,0.7,0.25,0.25,0.15,0.1,0.2,78,382.4236407279968,59617.576359272,39,4.902867188820472
0.45,0.7,0.25,0.25,0.15,0.15,0.2,78,382.4236407279968,59617.576359272,39,4.902867188820472
0.45,0.7,0.35,0.25,0.15,0.05,0.2,78,382.4236407279968,59617.576359272,39,4.902867188820472
0.55,0.7,0.35,0.25,0.2,0.1,0.2,78,382.3199874162674,59617.68001258373,36,4.901538300208556
0.45,0.8,0.35,0.35,0.2,0.05,0.3,78,373.0918774306774,59626.90812256932,44,4.783229197829198
0.4,0.7,0.25,0.35,0.15,0.1,0.3,78,363.8731556534767,59636.12684434652,38,4.665040457095856
0.45,0.6,0.25,0.35,0.1,0.15,0.3,78,343.74354815483093,59656.25645184517,34,4.406968566087576
0.45,0.6,0.35,0.35,0.1,0.05,0.3,78,343.74354815483093,59656.25645184517,34,4.406968566087576
0.55,0.6,0.25,0.45,0.1,0.05,0.1,77,533.5110490322113,59466.48895096779,32,6.92871492249625
0.55,0.8,0.25,0.45,0.15,0.05,0.1,77,473.79771280288696,59526.20228719711,41,6.153217049388142
0.5,0.8,0.25,0.25,0.1,0.15,0.1,77,414.2682716846466,59585.73172831535,45,5.38010742447593
0.45,0.8,0.25,0.35,0.15,0.1,0.2,77,385.93163388967514,59614.068366110325,42,5.012099141424352
0.5,0.7,0.35,0.35,0.1,0.05,0.2,77,385.418684899807,59614.58131510019,36,5.0054374662312595
0.4,0.8,0.25,0.35,0.2,0.1,0.3,77,372.36916449666023,59627.63083550334,44,4.835963175281302
0.45,0.8,0.25,0.25,0.2,0.05,0.1,77,371.2974650859833,59628.70253491402,42,4.822045001116666
0.5,0.6,0.25,0.45,0.1,0.15,0.3,77,361.218872487545,59638.781127512455,33,4.691154188149936
0.5,0.6,0.35,0.45,0.1,0.05,0.3,77,361.218872487545,59638.781127512455,33,4.691154188149936
0.45,0.7,0.35,0.35,0.15,0.05,0.3,77,357.72836112976074,59642.27163887024,37,4.645822871815074
0.5,0.8,0.35,0.25,0.15,0.15,0.3,77,300.9920847117901,59699.00791528821,46,3.908988113140131
0.5,0.8,0.45,0.25,0.15,0.05,0.3,77,300.9920847117901,59699.00791528821,46,3.908988113140131
0.5,0.8,0.25,0.45,0.1,0.1,0.2,76,423.625635266304,59576.374364733696,42,5.574021516661895
0.5,0.6,0.25,0.45,0.15,0.05,0.2,76,417.42001020908356,59582.57998979092,33,5.492368555382678
0.45,0.8,0.25,0.25,0.1,0.1,0.1,76,410.3361437320709,59589.66385626793,45,5.399159785948302
0.5,0.8,0.35,0.25,0.1,0.05,0.1,76,410.3361437320709,59589.66385626793,45,5.399159785948302
0.5,0.6,0.35,0.35,0.2,0.05,0.3,76,390.103965729475,59609.896034270525,30,5.132946917493093
0.5,0.7,0.25,0.25,0.2,0.15,0.2,76,381.18027049303055,59618.81972950697,36,5.015529874908297
0.5,0.7,0.35,0.25,0.2,0.05,0.2,76,381.18027049303055,59618.81972950697,36,5.015529874908297
0.45,0.7,0.25,0.35,0.1,0.1,0.2,76,380.93821877241135,59619.06178122759,37,5.012344983847518
0.55,0.8,0.35,0.45,0.15,0.1,0.3,76,369.33850198984146,59630.66149801016,38,4.859717131445282
0.4,0.6,0.25,0.45,0.1,0.05,0.3,76,360.60372507572174,59639.39627492428,33,4.7447858562594964
0.45,0.6,0.25,0.45,0.1,0.1,0.3,76,360.60372507572174,59639.39627492428,33,4.7447858562594964
0.45,0.8,0.35,0.25,0.15,0.1,0.3,76,297.7799591720104,59702.22004082799,46,3.9181573575264528
0.4,0.8,0.25,0.25,0.1,0.05,0.1,75,409.8757122159004,59590.1242877841,45,5.465009496212006
0.55,0.6,0.25,0.25,0.15,0.15,0.1,75,400.7581852674484,59599.24181473255,33,5.343442470232645
0.5,0.7,0.25,0.35,0.2,0.1,0.2,75,398.2893024086952,59601.710697591305,35,5.310524032115937
0.55,0.8,0.25,0.45,0.2,0.1,0.2,75,398.0797124505043,59601.920287549496,38,5.3077294993400574
0.4,0.8,0.25,0.35,0.15,0.05,0.2,75,381.33825874328613,59618.661741256714,42,5.084510116577149
0.45,0.6,0.25,0.35,0.2,0.1,0.3,75,378.78588196635246,59621.21411803365,31,5.0504784262180324
0.4,0.7,0.25,0.35,0.1,0.05,0.2,75,375.88752287626266,59624.11247712374,37,5.0118336383501685
0.5,0.8,0.25,0.45,0.15,0.15,0.3,75,365.9892843365669,59634.01071566343,38,4.879857124487559
0.5,0.8,0.35,0.45,0.15,0.05,0.3,75,365.9892843365669,59634.01071566343,38,4.879857124487559
0.4,0.8,0.25,0.25,0.15,0.15,0.3,75,297.4179011583328,59702.58209884167,46,3.9655720154444376
0.5,0.6,0.25,0.25,0.15,0.1,0.1,74,395.86736142635345,59604.13263857365,33,5.349558938193965
0.5,0.8,0.25,0.45,0.2,0.05,0.2,74,384.1650968194008,59615.8349031806,38,5.1914202272892
0.55,0.7,0.25,0.45,0.2,0.15,0.3,74,378.5067942738533,59621.49320572615,32,5.114956679376396
0.4,0.6,0.25,0.35,0.2,0.05,0.3,74,364.87126633524895,59635.12873366475,31,4.930692788314175
0.4,0.6,0.25,0.35,0.1,0.1,0.3,74,327.09211921691895,59672.90788078308,34,4.420163773201607
0.4,0.8,0.35,0.25,0.15,0.05,0.3,74,294.2675040960312,59705.73249590397,46,3.9765878931896106
0.55,0.6,0.35,0.25,0.15,0.05,0.1,73,390.5108622312546,59609.489137768745,32,5.349463866181569
0.45,0.7,0.25,0.35,0.2,0.05,0.2,73,379.48386293649673,59620.5161370635,35,5.1984090813218735
0.55,0.7,0.35,0.45,0.2,0.05,0.3,73,364.5921786427498,59635.40782135725,32,4.994413406065066
0.5,0.7,0.25,0.45,0.1,0.15,0.3,73,349.1670200228691,59650.83297997713,33,4.783109863326974
0.5,0.7,0.35,0.45,0.1,0.05,0.3,73,349.1670200228691,59650.83297997713,33,4.783109863326974
0.55,0.7,0.35,0.45,0.1,0.1,0.3,73,349.1670200228691,59650.83297997713,33,4.783109863326974
0.55,0.6,0.25,0.35,0.2,0.05,0.1,72,404.5946148633957,59595.405385136604,31,5.619369650880496
0.55,0.7,0.25,0.45,0.15,0.1,0.2,72,391.34863859415054,59608.65136140585,33,5.4353977582520905
0.4,0.7,0.25,0.25,0.2,0.05,0.2,72,369.1095839738846,59630.890416026115,36,5.126521999637286
0.45,0.7,0.25,0.25,0.2,0.1,0.2,72,369.1095839738846,59630.890416026115,36,5.126521999637286
0.45,0.6,0.25,0.25,0.15,0.05,0.1,71,388.8896914124489,59611.11030858755,33,5.477319597358435
0.5,0.7,0.25,0.45,0.15,0.05,0.2,71,377.434022963047,59622.56597703695,33,5.315972154409113
0.5,0.7,0.25,0.45,0.2,0.1,0.3,71,363.57588136196136,59636.42411863804,32,5.120787061436076
0.55,0.8,0.35,0.25,0.15,0.15,0.2,71,362.57122364640236,59637.4287763536,39,5.10663695276623
0.55,0.8,0.45,0.25,0.15,0.05,0.2,71,362.57122364640236,59637.4287763536,39,5.10663695276623
0.4,0.8,0.25,0.45,0.15,0.05,0.3,71,349.25468069314957,59650.74531930685,38,4.91908000976267
0.45,0.8,0.25,0.45,0.15,0.1,0.3,71,349.25468069314957,59650.74531930685,38,4.91908000976267
0.55,0.6,0.35,0.25,0.1,0.15,0.2,71,325.12686014175415,59674.873139858246,30,4.5792515512923115
0.55,0.6,0.45,0.25,0.1,0.05,0.2,71,325.12686014175415,59674.873139858246,30,4.5792515512923115
0.45,0.7,0.25,0.35,0.1,0.15,0.3,71,315.8352079987526,59684.16479200125,34,4.448383211250037
0.45,0.7,0.35,0.35,0.1,0.05,0.3,71,315.8352079987526,59684.16479200125,34,4.448383211250037
0.5,0.7,0.35,0.35,0.1,0.1,0.3,71,315.8352079987526,59684.16479200125,34,4.448383211250037
0.55,0.7,0.35,0.35,0.1,0.15,0.3,71,315.8352079987526,59684.16479200125,34,4.448383211250037
0.55,0.7,0.45,0.35,0.1,0.05,0.3,71,315.8352079987526,59684.16479200125,34,4.448383211250037
0.45,0.8,0.25,0.45,0.1,0.05,0.2,70,401.2858213186264,59598.71417868137,42,5.732654590266091
0.5,0.6,0.25,0.35,0.15,0.1,0.2,70,383.1093800663948,59616.890619933605,30,5.47299114380564
0.55,0.6,0.25,0.35,0.15,0.15,0.2,70,383.1093800663948,59616.890619933605,30,5.47299114380564
0.55,0.6,0.35,0.35,0.15,0.05,0.2,70,383.1093800663948,59616.890619933605,30,5.47299114380564
0.5,0.8,0.35,0.25,0.15,0.1,0.2,70,358.6390956938267,59641.36090430617,39,5.123415652768952
0.55,0.7,0.35,0.35,0.2,0.1,0.3,70,358.006473839283,59641.99352616072,31,5.114378197704043
0.45,0.6,0.25,0.25,0.2,0.15,0.3,70,314.79394432902336,59685.20605567098,28,4.497056347557477
0.45,0.6,0.35,0.25,0.2,0.05,0.3,70,314.79394432902336,59685.20605567098,28,4.497056347557477
0.5,0.6,0.35,0.25,0.2,0.1,0.3,70,314.79394432902336,59685.20605567098,28,4.497056347557477
0.55,0.6,0.35,0.25,0.2,0.15,0.3,70,314.79394432902336,59685.20605567098,28,4.497056347557477
0.55,0.6,0.45,0.25,0.2,0.05,0.3,70,314.79394432902336,59685.20605567098,28,4.497056347557477
0.4,0.7,0.25,0.35,0.1,0.1,0.3,70,310.448577940464,59689.551422059536,34,4.434979684863772
0.55,0.7,0.25,0.45,0.1,0.05,0.1,69,488.0200388431549,59511.979961156845,32,7.07275418613268
0.5,0.8,0.25,0.35,0.15,0.05,0.1,69,366.82167875766754,59633.17832124233,37,5.31625621387924
0.55,0.8,0.25,0.35,0.15,0.1,0.1,69,366.82167875766754,59633.17832124233,37,5.31625621387924
0.5,0.7,0.25,0.25,0.15,0.1,0.1,69,358.05587869882584,59641.944121301174,33,5.189215633316317
0.55,0.7,0.25,0.25,0.15,0.15,0.1,69,358.05587869882584,59641.944121301174,33,5.189215633316317
0.45,0.7,0.25,0.45,0.2,0.05,0.3,69,357.4665383696556,59642.533461630344,32,5.180674469125444
0.4,0.8,0.25,0.25,0.15,0.1,0.2,69,353.34261217713356,59646.65738782287,39,5.120907422857008
0.45,0.8,0.25,0.25,0.15,0.15,0.2,69,353.34261217713356,59646.65738782287,39,5.120907422857008
0.45,0.8,0.35,0.25,0.15,0.05,0.2,69,353.34261217713356,59646.65738782287,39,5.120907422857008
0.4,0.7,0.25,0.45,0.1,0.05,0.3,69,332.6953849196434,59667.30461508036,33,4.821672245212223
0.45,0.7,0.25,0.45,0.1,0.1,0.3,69,332.6953849196434,59667.30461508036,33,4.821672245212223
0.5,0.8,0.35,0.35,0.15,0.1,0.3,69,328.9828690290451,59671.017130970955,38,4.76786766708761
0.55,0.8,0.35,0.35,0.15,0.15,0.3,69,328.9828690290451,59671.017130970955,38,4.76786766708761
0.5,0.6,0.25,0.25,0.2,0.05,0.1,68,364.7453864812851,59635.254613518715,30,5.36390274237184
0.55,0.6,0.25,0.25,0.2,0.1,0.1,68,364.7453864812851,59635.254613518715,30,5.36390274237184
0.5,0.7,0.25,0.35,0.2,0.15,0.3,68,356.86675691604614,59643.133243083954,31,5.2480405428830315
0.5,0.7,0.35,0.35,0.2,0.05,0.3,68,356.86675691604614,59643.133243083954,31,5.2480405428830315
0.55,0.8,0.25,0.35,0.2,0.15,0.2,68,356.1753826737404,59643.82461732626,35,5.237873274613829
0.55,0.8,0.35,0.35,0.2,0.05,0.2,68,356.1753826737404,59643.82461732626,35,5.237873274613829
0.55,0.8,0.45,0.35,0.15,0.05,0.3,68,325.5491153001785,59674.45088469982,37,4.7874869897085075
0.5,0.6,0.35,0.25,0.1,0.1,0.2,68,318.64948415756226,59681.35051584244,30,4.686021825846503
0.55,0.7,0.25,0.35,0.2,0.05,0.1,67,377.1042557358742,59622.895744264126,31,5.628421727401107
0.5,0.8,0.25,0.35,0.2,0.1,0.2,67,350.76484590768814,59649.23515409231,35,5.235296207577435
0.55,0.7,0.35,0.25,0.15,0.05,0.1,67,347.808555662632,59652.19144433737,32,5.191172472576596
0.4,0.8,0.25,0.35,0.15,0.1,0.3,67,323.23287546634674,59676.76712453365,38,4.824371275617115
0.45,0.8,0.25,0.35,0.15,0.15,0.3,67,323.23287546634674,59676.76712453365,38,4.824371275617115
0.45,0.8,0.35,0.35,0.15,0.05,0.3,67,323.23287546634674,59676.76712453365,38,4.824371275617115
0.45,0.6,0.25,0.25,0.1,0.15,0.2,67,318.2483342885971,59681.7516657114,30,4.749975138635778
0.45,0.6,0.35,0.25,0.1,0.05,0.2,67,318.2483342885971,59681.7516657114,30,4.749975138635778
0.55,0.8,0.45,0.25,0.1,0.1,0.3,67,193.38503494858742,59806.61496505141,42,2.8863438052027974
0.45,0.6,0.25,0.35,0.15,0.05,0.2,66,359.46569257974625,59640.534307420254,30,5.446449887571913
0.45,0.7,0.25,0.25,0.15,0.05,0.1,66,346.70790511369705,59653.2920948863,33,5.253150077480258
0.5,0.8,0.25,0.35,0.1,0.15,0.2,66,319.6286591887474,59680.37134081125,37,4.842858472556779
0.55,0.6,0.35,0.35,0.15,0.1,0.3,66,316.1099186241627,59683.89008137584,27,4.789544221578223
0.55,0.6,0.25,0.45,0.2,0.05,0.2,65,361.1191757321358,59638.880824267864,27,5.555679626648242
0.55,0.8,0.35,0.25,0.2,0.1,0.2,65,339.9037196338177,59660.09628036618,36,5.229287994366426
0.55,0.6,0.25,0.45,0.15,0.15,0.3,65,328.66776543855667,59671.33223456144,27,5.05642716059318
0.55,0.6,0.35,0.45,0.15,0.05,0.3,65,328.66776543855667,59671.33223456144,27,5.05642716059318
0.5,0.8,0.35,0.35,0.1,0.05,0.2,65,316.19490545988083,59683.80509454012,36,4.864537007075089
0.55,0.8,0.35,0.35,0.1,0.1,0.2,65,316.19490545988083,59683.80509454012,36,4.864537007075089
0.4,0.6,0.25,0.25,0.2,0.1,0.3,65,302.1795766055584,59697.82042339444,28,4.6489165631624365
0.45,0.8,0.35,0.25,0.1,0.1,0.3,65,188.12979599833488,59811.870204001665,42,2.8943045538205365
0.5,0.8,0.35,0.25,0.1,0.15,0.3,65,188.12979599833488,59811.870204001665,42,2.8943045538205365
0.5,0.8,0.45,0.25,0.1,0.05,0.3,65,188.12979599833488,59811.870204001665,42,2.8943045538205365
0.5,0.7,0.25,0.35,0.15,0.1,0.2,64,340.50038105249405,59659.499618947506,30,5.3203184539452195
0.55,0.7,0.25,0.35,0.15,0.15,0.2,64,340.50038105249405,59659.499618947506,30,5.3203184539452195
0.55,0.7,0.35,0.35,0.15,0.05,0.2,64,340.50038105249405,59659.499618947506,30,5.3203184539452195
0.45,0.7,0.25,0.35,0.2,0.1,0.3,64,340.4680874347687,59659.53191256523,31,5.319813866168261
0.45,0.8,0.25,0.35,0.2,0.05,0.2,64,339.41687232255936,59660.58312767744,35,5.30338863003999
0.5,0.8,0.25,0.25,0.2,0.15,0.2,64,334.78005811572075,59665.21994188428,36,5.230938408058137
0.55,0.8,0.25,0.45,0.2,0.15,0.3,64,328.14573645591736,59671.85426354408,32,5.127277132123709
0.55,0.8,0.35,0.45,0.2,0.05,0.3,64,328.14573645591736,59671.85426354408,32,5.127277132123709
0.45,0.8,0.25,0.35,0.1,0.1,0.2,64,313.8717441558838,59686.128255844116,37,4.904246002435684
0.4,0.6,0.25,0.25,0.1,0.1,0.2,64,306.9003607034683,59693.09963929653,30,4.7953181359916925
0.4,0.8,0.25,0.25,0.1,0.15,0.3,64,187.7677379846573,59812.23226201534,42,2.93387090601027
0.4,0.8,0.35,0.25,0.1,0.05,0.3,64,187.7677379846573,59812.23226201534,42,2.93387090601027
0.55,0.6,0.25,0.35,0.1,0.1,0.1,63,371.0037267804146,59628.996273219585,28,5.888948044133564
0.4,0.7,0.25,0.35,0.2,0.05,0.3,63,339.7453745007515,59660.25462549925,31,5.39278372223415
0.4,0.8,0.25,0.25,0.2,0.05,0.2,63,330.84793016314507,59669.152069836855,36,5.2515544470340485
0.45,0.8,0.25,0.25,0.2,0.1,0.2,63,330.84793016314507,59669.152069836855,36,5.2515544470340485
0.5,0.8,0.35,0.25,0.2,0.05,0.2,63,330.84793016314507,59669.152069836855,36,5.2515544470340485
0.5,0.7,0.25,0.25,0.2,0.05,0.1,63,326.9339037537575,59673.06609624624,30,5.189427043710436
0.55,0.7,0.25,0.25,0.2,0.1,0.1,63,326.9339037537575,59673.06609624624,30,5.189427043710436
0.55,0.8,0.25,0.45,0.15,0.1,0.2,63,326.83286464214325,59673.16713535786,33,5.187823248287988
0.5,0.8,0.25,0.45,0.2,0.1,0.3,63,323.0950405597687,59676.90495944023,32,5.128492707297916
0.5,0.6,0.25,0.45,0.15,0.1,0.3,63,314.351999938488,59685.64800006151,27,4.989714284737905
0.5,0.6,0.25,0.35,0.15,0.15,0.3,63,309.96852618455887,59690.03147381544,27,4.920135336262839
0.5,0.6,0.35,0.35,0.15,0.05,0.3,63,309.96852618455887,59690.03147381544,27,4.920135336262839
0.55,0.6,0.35,0.25,0.15,0.1,0.2,63,301.3025118112564,59698.69748818874,27,4.782579552559626
0.5,0.6,0.25,0.35,0.1,0.05,0.1,62,365.9530308842659,59634.046969115734,28,5.902468240068805
0.5,0.6,0.25,0.35,0.2,0.05,0.2,62,340.9967468380928,59659.00325316191,27,5.499947529646658
0.55,0.6,0.25,0.35,0.2,0.1,0.2,62,340.9967468380928,59659.00325316191,27,5.499947529646658
0.5,0.8,0.25,0.45,0.15,0.05,0.2,62,315.17814815044403,59684.821851849556,33,5.0835185185555485
0.45,0.6,0.25,0.45,0.15,0.05,0.3,62,313.73685252666473,59686.263147473335,27,5.060271814946206
0.55,0.7,0.35,0.25,0.2,0.15,0.3,62,295.744676977396,59704.255323022604,28,4.77007543511929
0.55,0.7,0.45,0.25,0.2,0.05,0.3,62,295.744676977396,59704.255323022604,28,4.77007543511929
0.5,0.8,0.25,0.45,0.1,0.15,0.3,62,276.0585613846779,59723.94143861532,33,4.452557441688353
0.5,0.8,0.35,0.45,0.1,0.05,0.3,62,276.0585613846779,59723.94143861532,33,4.452557441688353
0.55,0.8,0.35,0.45,0.1,0.1,0.3,62,276.0585613846779,59723.94143861532,33,4.452557441688353
0.45,0.6,0.25,0.35,0.15,0.1,0.3,61,308.828809261322,59691.17119073868,27,5.062767364939705
0.4,0.8,0.25,0.35,0.1,0.05,0.2,61,296.74884659051895,59703.25115340948,37,4.864735190008507
0.5,0.7,0.35,0.25,0.1,0.1,0.2,61,295.7403218150139,59704.259678184986,30,4.848201996967441
0.55,0.7,0.35,0.25,0.1,0.15,0.2,61,295.7403218150139,59704.259678184986,30,4.848201996967441
0.55,0.7,0.45,0.25,0.1,0.05,0.2,61,295.7403218150139,59704.259678184986,30,4.848201996967441
0.45,0.7,0.25,0.35,0.15,0.05,0.2,60,324.2615836262703,59675.73841637373,30,5.404359727104505
0.5,0.8,0.25,0.25,0.15,0.1,0.1,60,322.81016236543655,59677.18983763456,33,5.380169372757276
0.55,0.8,0.25,0.25,0.15,0.15,0.1,60,322.81016236543655,59677.18983763456,33,5.380169372757276
0.55,0.6,0.25,0.45,0.2,0.1,0.3,60,311.62864249944687,59688.37135750055,25,5.193810708324114
0.5,0.7,0.25,0.45,0.15,0.1,0.3,60,307.89047807455063,59692.10952192545,27,5.131507967909177
0.55,0.7,0.25,0.45,0.15,0.15,0.3,60,307.89047807455063,59692.10952192545,27,5.131507967909177
0.55,0.7,0.35,0.45,0.15,0.05,0.3,60,307.89047807455063,59692.10952192545,27,5.131507967909177
0.5,0.6,0.25,0.25,0.15,0.15,0.2,60,294.89810144901276,59705.10189855099,27,4.914968357483546
0.5,0.6,0.35,0.25,0.15,0.05,0.2,60,294.89810144901276,59705.10189855099,27,4.914968357483546
0.4,0.7,0.25,0.25,0.1,0.1,0.2,60,290.8494979739189,59709.15050202608,30,4.847491632898649
0.45,0.7,0.25,0.25,0.1,0.15,0.2,60,290.8494979739189,59709.15050202608,30,4.847491632898649
0.45,0.7,0.35,0.25,0.1,0.05,0.2,60,290.8494979739189,59709.15050202608,30,4.847491632898649
0.55,0.6,0.25,0.35,0.2,0.15,0.3,60,284.39974930882454,59715.600250691175,25,4.739995821813742
0.55,0.6,0.35,0.35,0.2,0.05,0.3,60,284.39974930882454,59715.600250691175,25,4.739995821813742
0.55,0.7,0.25,0.45,0.2,0.05,0.2,59,331.4488998055458,59668.551100194454,27,5.617777962805861
0.5,0.7,0.25,0.35,0.1,0.05,0.1,59,330.2283943295479,59669.77160567045,28,5.5970914293143705
0.55,0.7,0.25,0.35,0.1,0.1,0.1,59,330.2283943295479,59669.77160567045,28,5.5970914293143705
0.55,0.8,0.25,0.35,0.2,0.05,0.1,59,322.4183565378189,59677.58164346218,31,5.46471790742066
0.55,0.8,0.35,0.25,0.15,0.05,0.1,59,317.68650084733963,59682.31349915266,32,5.384516963514231
0.45,0.8,0.25,0.45,0.2,0.05,0.3,59,308.39784932136536,59691.602150678635,32,5.227082191887549
0.45,0.6,0.25,0.25,0.15,0.1,0.2,59,294.4969515800476,59705.50304841995,27,4.991473755594027
0.5,0.7,0.35,0.25,0.2,0.1,0.3,59,289.99083811044693,59710.00916188955,28,4.915098951024524
0.5,0.8,0.35,0.35,0.1,0.1,0.3,59,245.5757097005844,59754.424290299416,34,4.162300164416685
0.55,0.8,0.35,0.35,0.1,0.15,0.3,59,245.5757097005844,59754.424290299416,34,4.162300164416685
0.55,0.8,0.45,0.35,0.1,0.05,0.3,59,245.5757097005844,59754.424290299416,34,4.162300164416685
0.45,0.8,0.25,0.25,0.15,0.05,0.1,58,313.4914043545723,59686.50859564543,33,5.405024213009868
0.55,0.8,0.35,0.35,0.2,0.1,0.3,58,307.73660212755203,59692.26339787245,31,5.305803484957794
0.4,0.6,0.25,0.35,0.15,0.05,0.3,58,297.48083567619324,59702.51916432381,27,5.128979925451608
0.5,0.6,0.25,0.45,0.2,0.05,0.3,58,297.3128769993782,59702.68712300062,25,5.126084086196176
0.5,0.6,0.25,0.35,0.2,0.1,0.3,58,283.38201838731766,59716.61798161268,25,4.8858968687468565
0.4,0.8,0.25,0.45,0.1,0.05,0.3,58,266.3547133207321,59733.64528667927,33,4.592322643460898
0.45,0.8,0.25,0.45,0.1,0.1,0.3,58,266.3547133207321,59733.64528667927,33,4.592322643460898
0.5,0.7,0.25,0.35,0.2,0.05,0.2,57,303.93424993753433,59696.065750062466,27,5.3321798234655144
0.55,0.7,0.25,0.35,0.2,0.1,0.2,57,303.93424993753433,59696.065750062466,27,5.3321798234655144
0.4,0.8,0.25,0.35,0.2,0.05,0.3,57,302.84577828645706,59697.15422171354,31,5.313083829586966
0.45,0.8,0.25,0.35,0.2,0.1,0.3,57,302.84577828645706,59697.15422171354,31,5.313083829586966
0.5,0.8,0.25,0.35,0.2,0.15,0.3,57,302.84577828645706,59697.15422171354,31,5.313083829586966
0.5,0.8,0.35,0.35,0.2,0.05,0.3,57,302.84577828645706,59697.15422171354,31,5.313083829586966
0.4,0.7,0.25,0.25,0.2,0.1,0.3,57,288.8511211872101,59711.14887881279,28,5.067563529600177
0.45,0.7,0.25,0.25,0.2,0.15,0.3,57,288.8511211872101,59711.14887881279,28,5.067563529600177
0.45,0.7,0.35,0.25,0.2,0.05,0.3,57,288.8511211872101,59711.14887881279,28,5.067563529600177
0.5,0.7,0.25,0.35,0.15,0.15,0.3,56,291.3714926838875,59708.62850731611,27,5.203062369355133
0.5,0.7,0.35,0.35,0.15,0.05,0.3,56,291.3714926838875,59708.62850731611,27,5.203062369355133
0.55,0.7,0.35,0.35,0.15,0.1,0.3,56,291.3714926838875,59708.62850731611,27,5.203062369355133
0.45,0.7,0.25,0.45,0.15,0.05,0.3,56,291.15587443113327,59708.84412556887,27,5.199212043413094
0.4,0.6,0.25,0.25,0.15,0.05,0.2,56,283.1489779949188,59716.85102200508,27,5.056231749909265
0.45,0.6,0.25,0.35,0.2,0.05,0.3,56,282.2423014640808,59717.75769853592,25,5.040041097572872
0.55,0.8,0.35,0.25,0.1,0.15,0.2,56,274.48501896858215,59725.51498103142,30,4.9015181958675385
0.55,0.8,0.45,0.25,0.1,0.05,0.2,56,274.48501896858215,59725.51498103142,30,4.9015181958675385
0.4,0.8,0.25,0.35,0.1,0.1,0.3,56,239.05665981769562,59760.943340182304,34,4.268868925315993
0.45,0.8,0.25,0.35,0.1,0.15,0.3,56,239.05665981769562,59760.943340182304,34,4.268868925315993
0.45,0.8,0.35,0.35,0.1,0.05,0.3,56,239.05665981769562,59760.943340182304,34,4.268868925315993
0.55,0.8,0.25,0.45,0.1,0.05,0.1,55,364.09006839990616,59635.909931600094,32,6.619819425452839
0.55,0.7,0.25,0.45,0.2,0.1,0.3,55,290.5883865952492,59709.41161340475,25,5.283425210822712
0.4,0.7,0.25,0.35,0.15,0.05,0.3,55,286.3207967877388,59713.67920321226,27,5.205832668867978
0.45,0.7,0.25,0.35,0.15,0.1,0.3,55,286.3207967877388,59713.67920321226,27,5.205832668867978
0.55,0.8,0.35,0.25,0.2,0.15,0.3,55,280.20542001724243,59719.79457998276,28,5.094644000313499
0.55,0.8,0.45,0.25,0.2,0.05,0.3,55,280.20542001724243,59719.79457998276,28,5.094644000313499
0.5,0.8,0.35,0.25,0.1,0.1,0.2,55,263.00007939338684,59736.99992060661,30,4.781819625334307
0.55,0.6,0.25,0.25,0.2,0.15,0.2,55,259.685684800148,59740.31431519985,24,4.721557905457237
0.55,0.6,0.35,0.25,0.2,0.05,0.2,55,259.685684800148,59740.31431519985,24,4.721557905457237
0.5,0.6,0.35,0.25,0.15,0.1,0.3,55,250.12816181778908,59749.87183818221,24,4.547784760323438
0.55,0.6,0.35,0.25,0.15,0.15,0.3,55,250.12816181778908,59749.87183818221,24,4.547784760323438
0.55,0.6,0.45,0.25,0.15,0.05,0.3,55,250.12816181778908,59749.87183818221,24,4.547784760323438
0.5,0.8,0.25,0.25,0.2,0.05,0.1,54,291.92102509737015,59708.07897490263,30,5.405944909210558
0.55,0.8,0.25,0.25,0.2,0.1,0.1,54,291.92102509737015,59708.07897490263,30,5.405944909210558
0.55,0.8,0.25,0.35,0.15,0.15,0.2,54,291.4767830967903,59708.52321690321,30,5.397718205496117
0.5,0.7,0.25,0.45,0.2,0.05,0.3,54,285.5376906991005,59714.4623093009,25,5.287735012946306
0.45,0.8,0.25,0.25,0.2,0.15,0.3,54,279.48270708322525,59720.517292916775,28,5.175605686726393
0.5,0.8,0.35,0.25,0.2,0.1,0.3,54,279.48270708322525,59720.517292916775,28,5.175605686726393
0.4,0.7,0.25,0.25,0.15,0.05,0.2,54,277.53544121980667,59722.46455878019,27,5.139545207774198
0.45,0.7,0.25,0.25,0.15,0.1,0.2,54,277.53544121980667,59722.46455878019,27,5.139545207774198
0.5,0.7,0.25,0.25,0.15,0.15,0.2,54,277.53544121980667,59722.46455878019,27,5.139545207774198
0.5,0.7,0.35,0.25,0.15,0.05,0.2,54,277.53544121980667,59722.46455878019,27,5.139545207774198
0.55,0.7,0.35,0.25,0.15,0.1,0.2,54,277.53544121980667,59722.46455878019,27,5.139545207774198
0.55,0.8,0.35,0.35,0.15,0.05,0.2,53,279.8220666050911,59720.17793339491,30,5.279661634058322
0.45,0.8,0.35,0.25,0.2,0.05,0.3,53,276.2705815434456,59723.729418456554,28,5.212652481951803
0.5,0.6,0.25,0.25,0.2,0.1,0.2,53,258.33197033405304,59741.66802966595,24,4.874188119510435
0.4,0.6,0.25,0.25,0.15,0.1,0.3,53,249.26514679193497,59750.734853208065,24,4.70311597720632
0.45,0.6,0.25,0.25,0.15,0.15,0.3,53,249.26514679193497,59750.734853208065,24,4.70311597720632
0.45,0.6,0.35,0.25,0.15,0.05,0.3,53,249.26514679193497,59750.734853208065,24,4.70311597720632
0.45,0.8,0.25,0.25,0.1,0.15,0.2,53,242.08173060417175,59757.91826939583,30,4.567579822720222
0.55,0.8,0.25,0.45,0.2,0.05,0.2,52,283.6962960958481,59716.30370390415,27,5.455698001843232
0.4,0.8,0.25,0.25,0.2,0.1,0.3,52,270.9671261906624,59729.03287380934,28,5.210906272897353
0.5,0.8,0.25,0.35,0.15,0.1,0.2,52,268.3371270298958,59731.662872970104,30,5.160329365959535
0.45,0.6,0.25,0.25,0.2,0.05,0.2,52,257.9308204650879,59742.06917953491,24,4.960208085867075
0.45,0.8,0.35,0.25,0.1,0.05,0.2,52,238.8696050643921,59761.13039493561,30,4.59364625123831
0.55,0.6,0.25,0.45,0.1,0.1,0.2,51,268.9589403271675,59731.04105967283,22,5.273704712297402
0.55,0.7,0.25,0.35,0.2,0.15,0.3,51,265.12091904878616,59734.879080951214,25,5.198449393113454
0.55,0.7,0.35,0.35,0.2,0.05,0.3,51,265.12091904878616,59734.879080951214,25,5.198449393113454
0.4,0.8,0.25,0.25,0.1,0.1,0.2,51,227.29877853393555,59772.701221466064,30,4.45683879478305
0.55,0.6,0.25,0.35,0.15,0.05,0.1,50,311.4635756611824,59688.53642433882,22,6.229271513223648
0.45,0.8,0.25,0.35,0.15,0.05,0.2,50,262.46615874767303,59737.53384125233,30,5.249323174953461
0.45,0.7,0.25,0.35,0.2,0.05,0.3,50,260.2300952076912,59739.76990479231,25,5.204601904153824
0.5,0.7,0.25,0.35,0.2,0.1,0.3,50,260.2300952076912,59739.76990479231,25,5.204601904153824
0.5,0.6,0.25,0.45,0.1,0.05,0.2,50,255.044324696064,59744.955675303936,22,5.10088649392128
0.55,0.8,0.35,0.25,0.15,0.1,0.2,50,251.81751495599747,59748.182485044,27,5.036350299119949
0.55,0.8,0.25,0.45,0.15,0.15,0.3,50,234.86579585075378,59765.134204149246,27,4.697315917015076
0.55,0.8,0.35,0.45,0.15,0.05,0.3,50,234.86579585075378,59765.134204149246,27,4.697315917015076
0.55,0.8,0.25,0.35,0.2,0.1,0.2,49,265.10493117570877,59734.89506882429,27,5.4103047178716075
0.5,0.7,0.25,0.45,0.1,0.05,0.2,49,249.65769463777542,59750.342305362225,22,5.095054992607662
0.55,0.7,0.25,0.45,0.1,0.1,0.2,49,249.65769463777542,59750.342305362225,22,5.095054992607662
0.5,0.8,0.25,0.25,0.15,0.15,0.2,49,246.69385343790054,59753.3061465621,27,5.034568437508175
0.55,0.7,0.35,0.25,0.15,0.15,0.3,49,242.35202103853226,59757.64797896147,24,4.94595961303127
0.55,0.7,0.45,0.25,0.15,0.05,0.3,49,242.35202103853226,59757.64797896147,24,4.94595961303127
0.5,0.8,0.25,0.45,0.15,0.1,0.3,49,229.8150999546051,59770.184900045395,27,4.690104080706226
0.55,0.6,0.25,0.25,0.1,0.15,0.1,48,246.91739958524704,59753.08260041475,22,5.144112491359313
0.55,0.6,0.35,0.25,0.1,0.05,0.1,48,246.91739958524704,59753.08260041475,22,5.144112491359313
0.45,0.7,0.25,0.25,0.2,0.05,0.2,48,245.86013394594193,59754.13986605406,24,5.12208612387379
0.5,0.7,0.25,0.25,0.2,0.1,0.2,48,245.86013394594193,59754.13986605406,24,5.12208612387379
0.55,0.7,0.25,0.25,0.2,0.15,0.2,48,245.86013394594193,59754.13986605406,24,5.12208612387379
0.55,0.7,0.35,0.25,0.2,0.05,0.2,48,245.86013394594193,59754.13986605406,24,5.12208612387379
0.4,0.7,0.25,0.25,0.15,0.1,0.3,48,237.4611971974373,59762.53880280256,24,4.94710827494661
0.45,0.7,0.25,0.25,0.15,0.15,0.3,48,237.4611971974373,59762.53880280256,24,4.94710827494661
0.45,0.7,0.35,0.25,0.15,0.05,0.3,48,237.4611971974373,59762.53880280256,24,4.94710827494661
0.5,0.7,0.35,0.25,0.15,0.1,0.3,48,237.4611971974373,59762.53880280256,24,4.94710827494661
0.5,0.8,0.35,0.25,0.15,0.05,0.2,48,235.20891386270523,59764.791086137295,27,4.900185705473025
0.55,0.8,0.35,0.35,0.15,0.1,0.3,48,224.32944279909134,59775.67055720091,27,4.673530058314403
0.5,0.6,0.25,0.25,0.2,0.15,0.3,48,213.05651465058327,59786.94348534942,21,4.438677388553818
0.5,0.6,0.35,0.25,0.2,0.05,0.3,48,213.05651465058327,59786.94348534942,21,4.438677388553818
0.55,0.6,0.35,0.25,0.2,0.1,0.3,48,213.05651465058327,59786.94348534942,21,4.438677388553818
0.55,0.7,0.25,0.35,0.15,0.05,0.1,47,275.7389391064644,59724.261060893536,22,5.866785938435412
0.45,0.6,0.25,0.25,0.1,0.05,0.1,47,242.02657574415207,59757.97342425585,22,5.149501611577704
0.5,0.6,0.25,0.25,0.1,0.1,0.1,47,242.02657574415207,59757.97342425585,22,5.149501611577704
0.5,0.8,0.25,0.35,0.2,0.05,0.2,47,241.96527510881424,59758.034724891186,27,5.148197342740729
0.45,0.8,0.25,0.25,0.15,0.1,0.2,47,219.58704859018326,59780.41295140982,27,4.67206486362092
0.5,0.8,0.25,0.35,0.15,0.15,0.3,47,219.43861895799637,59780.561381042,27,4.668906786340348
0.5,0.8,0.35,0.35,0.15,0.05,0.3,47,219.43861895799637,59780.561381042,27,4.668906786340348
0.45,0.7,0.25,0.25,0.1,0.05,0.1,46,253.6484813094139,59746.351518690586,23,5.514097419769867
0.5,0.7,0.25,0.25,0.1,0.1,0.1,46,253.6484813094139,59746.351518690586,23,5.514097419769867
0.55,0.7,0.25,0.25,0.1,0.15,0.1,46,253.6484813094139,59746.351518690586,23,5.514097419769867
0.45,0.8,0.25,0.45,0.15,0.05,0.3,46,225.4978819489479,59774.50211805105,27,4.9021278684553895
0.4,0.8,0.25,0.35,0.15,0.05,0.3,46,218.66956263780594,59781.330437362194,27,4.753686144300129
0.45,0.8,0.25,0.35,0.15,0.1,0.3,46,218.66956263780594,59781.330437362194,27,4.753686144300129
0.55,0.8,0.25,0.25,0.2,0.15,0.2,45,232.07359033823013,59767.92640966177,24,5.157190896405114
0.55,0.8,0.25,0.45,0.2,0.1,0.3,45,213.1433771252632,59786.85662287474,25,4.7365194916725155
0.4,0.6,0.25,0.25,0.2,0.05,0.3,45,207.3026757836342,59792.697324216366,21,4.606726128525204
0.45,0.6,0.25,0.25,0.2,0.1,0.3,45,207.3026757836342,59792.697324216366,21,4.606726128525204
0.4,0.8,0.25,0.25,0.15,0.05,0.2,45,204.80409651994705,59795.19590348005,27,4.5512021448877125
0.55,0.7,0.35,0.25,0.1,0.05,0.1,44,230.67860215902328,59769.32139784098,22,5.242695503614166
0.5,0.8,0.25,0.25,0.2,0.1,0.2,44,220.41887384653091,59779.58112615347,24,5.00951986014843
0.55,0.8,0.35,0.25,0.2,0.05,0.2,44,220.41887384653091,59779.58112615347,24,5.00951986014843
0.5,0.8,0.25,0.45,0.2,0.05,0.3,44,208.25255328416824,59791.74744671583,25,4.733012574640187
0.5,0.8,0.25,0.35,0.1,0.05,0.1,43,251.32164630293846,59748.67835369706,28,5.844689448905545
0.55,0.8,0.25,0.35,0.1,0.1,0.1,43,251.32164630293846,59748.67835369706,28,5.844689448905545
0.5,0.6,0.25,0.25,0.15,0.05,0.1,43,233.87447994947433,59766.125520050526,20,5.438941394173821
0.55,0.6,0.25,0.25,0.15,0.1,0.1,43,233.87447994947433,59766.125520050526,20,5.438941394173821
0.45,0.8,0.25,0.25,0.2,0.05,0.2,43,208.9339342713356,59791.066065728664,24,4.858928703984549
0.55,0.8,0.25,0.35,0.2,0.15,0.3,43,198.1246879696846,59801.875312030315,25,4.607550883015921
0.55,0.8,0.35,0.35,0.2,0.05,0.3,43,198.1246879696846,59801.875312030315,25,4.607550883015921
0.45,0.6,0.25,0.45,0.1,0.05,0.3,43,196.1707473397255,59803.829252660275,18,4.56211040324943
0.5,0.6,0.25,0.45,0.1,0.1,0.3,43,196.1707473397255,59803.829252660275,18,4.56211040324943
0.55,0.6,0.25,0.45,0.1,0.15,0.3,43,196.1707473397255,59803.829252660275,18,4.56211040324943
0.55,0.6,0.35,0.45,0.1,0.05,0.3,43,196.1707473397255,59803.829252660275,18,4.56211040324943
0.4,0.7,0.25,0.25,0.2,0.05,0.3,42,205.44024592638016,59794.55975407362,21,4.891434426818575
0.45,0.7,0.25,0.25,0.2,0.1,0.3,42,205.44024592638016,59794.55975407362,21,4.891434426818575
0.5,0.7,0.25,0.25,0.2,0.15,0.3,42,205.44024592638016,59794.55975407362,21,4.891434426818575
0.5,0.7,0.35,0.25,0.2,0.05,0.3,42,205.44024592638016,59794.55975407362,21,4.891434426818575
0.55,0.7,0.35,0.25,0.2,0.1,0.3,42,205.44024592638016,59794.55975407362,21,4.891434426818575
0.5,0.8,0.25,0.35,0.2,0.1,0.3,42,193.00102645158768,59806.99897354841,25,4.595262534561611
0.5,0.6,0.25,0.35,0.1,0.1,0.2,42,191.8566696047783,59808.14333039522,18,4.568015942970912
0.55,0.6,0.25,0.35,0.1,0.15,0.2,42,191.8566696047783,59808.14333039522,18,4.568015942970912
0.55,0.6,0.35,0.35,0.1,0.05,0.2,42,191.8566696047783,59808.14333039522,18,4.568015942970912
0.45,0.8,0.25,0.25,0.15,0.15,0.3,42,166.62041836977005,59833.37958163023,24,3.9671528183278584
0.45,0.8,0.35,0.25,0.15,0.05,0.3,42,166.62041836977005,59833.37958163023,24,3.9671528183278584
0.5,0.8,0.35,0.25,0.15,0.1,0.3,42,166.62041836977005,59833.37958163023,24,3.9671528183278584
0.55,0.8,0.35,0.25,0.15,0.15,0.3,42,166.62041836977005,59833.37958163023,24,3.9671528183278584
0.55,0.8,0.45,0.25,0.15,0.05,0.3,42,166.62041836977005,59833.37958163023,24,3.9671528183278584
0.55,0.6,0.25,0.25,0.2,0.05,0.1,41,224.0928322672844,59775.907167732716,19,5.465678835787425
0.45,0.8,0.25,0.35,0.2,0.05,0.3,41,192.23197013139725,59807.7680298686,25,4.688584637351152
0.45,0.6,0.25,0.35,0.1,0.05,0.2,41,186.47003954648972,59813.52996045351,18,4.548049745036335
0.4,0.8,0.25,0.25,0.15,0.1,0.3,41,161.31696301698685,59838.68303698301,24,3.934560073585045
0.5,0.7,0.25,0.25,0.15,0.05,0.1,40,222.52650636434555,59777.473493635654,20,5.563162659108639
0.55,0.7,0.25,0.25,0.15,0.1,0.1,40,222.52650636434555,59777.473493635654,20,5.563162659108639
0.55,0.8,0.25,0.45,0.1,0.1,0.2,40,206.59140637516975,59793.40859362483,22,5.164785159379244
0.55,0.6,0.35,0.25,0.1,0.1,0.2,40,165.8506720662117,59834.14932793379,19,4.146266801655292
0.5,0.8,0.25,0.45,0.1,0.05,0.2,39,205.86869344115257,59794.13130655885,22,5.278684447209041
0.5,0.7,0.25,0.45,0.1,0.1,0.3,39,179.6991122364998,59820.3008877635,18,4.607669544525636
0.55,0.7,0.25,0.45,0.1,0.15,0.3,39,179.6991122364998,59820.3008877635,18,4.607669544525636
0.55,0.7,0.35,0.45,0.1,0.05,0.3,39,179.6991122364998,59820.3008877635,18,4.607669544525636
0.4,0.6,0.25,0.25,0.1,0.05,0.2,39,160.79997617006302,59839.20002382994,19,4.1230763120528975
0.45,0.6,0.25,0.25,0.1,0.1,0.2,39,160.79997617006302,59839.20002382994,19,4.1230763120528975
0.5,0.6,0.25,0.25,0.1,0.15,0.2,39,160.79997617006302,59839.20002382994,19,4.1230763120528975
0.5,0.6,0.35,0.25,0.1,0.05,0.2,39,160.79997617006302,59839.20002382994,19,4.1230763120528975
0.55,0.7,0.25,0.25,0.2,0.05,0.1,38,212.7448586821556,59787.255141317844,19,5.5985489126883055
0.55,0.6,0.25,0.45,0.15,0.05,0.2,38,208.72326737642288,59791.27673262358,16,5.492717562537444
0.5,0.6,0.25,0.35,0.15,0.05,0.2,38,191.23508995771408,59808.764910042286,17,5.032502367308266
0.55,0.6,0.25,0.35,0.15,0.1,0.2,38,191.23508995771408,59808.764910042286,17,5.032502367308266
0.5,0.6,0.25,0.45,0.15,0.05,0.3,38,179.1316244006157,59820.868375599384,16,4.713990115805676
0.55,0.6,0.25,0.45,0.15,0.1,0.3,38,179.1316244006157,59820.868375599384,16,4.713990115805676
0.45,0.7,0.25,0.45,0.1,0.05,0.3,38,174.3124821782112,59825.68751782179,18,4.587170583637137
0.4,0.7,0.25,0.25,0.1,0.05,0.2,38,155.90915232896805,59844.09084767103,19,4.102872429709685
0.45,0.7,0.25,0.25,0.1,0.1,0.2,38,155.90915232896805,59844.09084767103,19,4.102872429709685
0.5,0.7,0.25,0.25,0.1,0.15,0.2,38,155.90915232896805,59844.09084767103,19,4.102872429709685
0.5,0.7,0.35,0.25,0.1,0.05,0.2,38,155.90915232896805,59844.09084767103,19,4.102872429709685
0.55,0.7,0.35,0.25,0.1,0.1,0.2,38,155.90915232896805,59844.09084767103,19,4.102872429709685
0.45,0.7,0.25,0.35,0.1,0.05,0.2,37,170.07137006521225,59829.92862993479,18,4.596523515276007
0.5,0.7,0.25,0.35,0.1,0.1,0.2,37,170.07137006521225,59829.92862993479,18,4.596523515276007
0.55,0.7,0.25,0.35,0.1,0.15,0.2,37,170.07137006521225,59829.92862993479,18,4.596523515276007
0.55,0.7,0.35,0.35,0.1,0.05,0.2,37,170.07137006521225,59829.92862993479,18,4.596523515276007
0.55,0.7,0.25,0.45,0.15,0.05,0.2,36,189.75795584917068,59810.24204415083,16,5.27105432914363
0.55,0.6,0.35,0.35,0.1,0.1,0.3,36,122.75351697206497,59877.246483027935,16,3.4098199158906937
0.4,0.8,0.25,0.25,0.2,0.05,0.3,35,129.38565903902054,59870.61434096098,21,3.696733115400587
0.45,0.8,0.25,0.25,0.2,0.1,0.3,35,129.38565903902054,59870.61434096098,21,3.696733115400587
0.5,0.8,0.25,0.25,0.2,0.15,0.3,35,129.38565903902054,59870.61434096098,21,3.696733115400587
0.5,0.8,0.35,0.25,0.2,0.05,0.3,35,129.38565903902054,59870.61434096098,21,3.696733115400587
0.55,0.8,0.35,0.25,0.2,0.1,0.3,35,129.38565903902054,59870.61434096098,21,3.696733115400587
0.4,0.6,0.25,0.35,0.1,0.05,0.3,35,117.62985545396805,59882.37014454603,16,3.360853012970516
0.45,0.6,0.25,0.35,0.1,0.1,0.3,35,117.62985545396805,59882.37014454603,16,3.360853012970516
0.5,0.6,0.25,0.35,0.1,0.15,0.3,35,117.62985545396805,59882.37014454603,16,3.360853012970516
0.5,0.6,0.35,0.35,0.1,0.05,0.3,35,117.62985545396805,59882.37014454603,16,3.360853012970516
0.5,0.8,0.25,0.25,0.1,0.1,0.1,34,191.31184676289558,59808.688153237104,23,5.626819022438106
0.55,0.8,0.25,0.25,0.1,0.15,0.1,34,191.31184676289558,59808.688153237104,23,5.626819022438106
0.5,0.7,0.25,0.35,0.15,0.05,0.2,34,174.99629253149033,59825.00370746851,17,5.146949780337951
0.55,0.7,0.25,0.35,0.15,0.1,0.2,34,174.99629253149033,59825.00370746851,17,5.146949780337951
0.55,0.7,0.25,0.45,0.15,0.1,0.3,34,162.39702075719833,59837.6029792428,16,4.77638296344701
0.5,0.7,0.25,0.35,0.1,0.15,0.3,34,112.24322539567947,59887.75677460432,16,3.3012713351670433
0.5,0.7,0.35,0.35,0.1,0.05,0.3,34,112.24322539567947,59887.75677460432,16,3.3012713351670433
0.55,0.7,0.35,0.35,0.1,0.1,0.3,34,112.24322539567947,59887.75677460432,16,3.3012713351670433
0.55,0.8,0.25,0.35,0.15,0.05,0.1,33,206.91832408308983,59793.08167591691,22,6.270252244942116
0.45,0.8,0.25,0.25,0.1,0.05,0.1,33,185.925216704607,59814.07478329539,23,5.634097475897182
0.55,0.8,0.35,0.25,0.1,0.05,0.1,33,179.82690718770027,59820.1730928123,22,5.449300217809099
0.55,0.6,0.25,0.35,0.2,0.05,0.2,33,165.3236829638481,59834.67631703615,15,5.009808574662064
0.5,0.7,0.25,0.45,0.15,0.05,0.3,33,157.34632486104965,59842.65367513895,16,4.768070450334838
0.55,0.8,0.25,0.45,0.1,0.15,0.3,33,150.29440382122993,59849.70559617877,18,4.554375873370604
0.55,0.8,0.35,0.45,0.1,0.05,0.3,33,150.29440382122993,59849.70559617877,18,4.554375873370604
0.4,0.7,0.25,0.35,0.1,0.05,0.3,33,107.19252949953079,59892.80747050047,16,3.2482584696827512
0.45,0.7,0.25,0.35,0.1,0.1,0.3,33,107.19252949953079,59892.80747050047,16,3.2482584696827512
0.45,0.6,0.25,0.25,0.15,0.05,0.2,32,124.2338450551033,59875.7661549449,16,3.882307657971978
0.45,0.7,0.25,0.25,0.15,0.05,0.2,32,124.2338450551033,59875.7661549449,16,3.882307657971978
0.5,0.6,0.25,0.25,0.15,0.1,0.2,32,124.2338450551033,59875.7661549449,16,3.882307657971978
0.5,0.7,0.25,0.25,0.15,0.1,0.2,32,124.2338450551033,59875.7661549449,16,3.882307657971978
0.55,0.6,0.25,0.25,0.15,0.15,0.2,32,124.2338450551033,59875.7661549449,16,3.882307657971978
0.55,0.6,0.35,0.25,0.15,0.05,0.2,32,124.2338450551033,59875.7661549449,16,3.882307657971978
0.55,0.7,0.25,0.25,0.15,0.15,0.2,32,124.2338450551033,59875.7661549449,16,3.882307657971978
0.55,0.7,0.35,0.25,0.15,0.05,0.2,32,124.2338450551033,59875.7661549449,16,3.882307657971978
0.5,0.8,0.25,0.35,0.1,0.1,0.2,31,167.5941331088543,59832.405866891146,19,5.406262358350139
0.55,0.8,0.25,0.35,0.1,0.15,0.2,31,167.5941331088543,59832.405866891146,19,5.406262358350139
0.5,0.8,0.25,0.45,0.1,0.1,0.3,31,144.8425580561161,59855.157441943884,18,4.672340582455358
0.55,0.6,0.25,0.45,0.2,0.05,0.3,31,142.06968706846237,59857.93031293154,13,4.582893131240722
0.55,0.6,0.35,0.25,0.1,0.15,0.3,31,91.80810379981995,59908.19189620018,14,2.961551735478063
0.55,0.6,0.45,0.25,0.1,0.05,0.3,31,91.80810379981995,59908.19189620018,14,2.961551735478063
0.45,0.8,0.25,0.35,0.1,0.05,0.2,30,162.18359634280205,59837.8164036572,19,5.406119878093402
0.55,0.7,0.25,0.35,0.2,0.05,0.2,30,153.97570937871933,59846.02429062128,15,5.132523645957311
0.55,0.8,0.35,0.35,0.1,0.05,0.2,30,151.97226783633232,59848.02773216367,18,5.065742261211077
0.45,0.8,0.25,0.45,0.1,0.05,0.3,30,130.9279424250126,59869.07205757499,18,4.364264747500419
0.55,0.8,0.35,0.25,0.1,0.1,0.2,30,112.23193833231926,59887.76806166768,19,3.7410646110773085
0.55,0.8,0.35,0.35,0.1,0.1,0.3,30,101.03303095698357,59898.96696904302,16,3.367767698566119
0.4,0.6,0.25,0.25,0.1,0.1,0.3,30,91.08539086580276,59908.9146091342,14,3.036179695526759
0.45,0.6,0.25,0.25,0.1,0.15,0.3,30,91.08539086580276,59908.9146091342,14,3.036179695526759
0.45,0.6,0.35,0.25,0.1,0.05,0.3,30,91.08539086580276,59908.9146091342,14,3.036179695526759
0.5,0.6,0.35,0.25,0.1,0.1,0.3,30,91.08539086580276,59908.9146091342,14,3.036179695526759
0.45,0.6,0.25,0.35,0.15,0.05,0.3,30,91.04334765672684,59908.95665234327,14,3.0347782552242277
0.5,0.6,0.25,0.35,0.15,0.1,0.3,30,91.04334765672684,59908.95665234327,14,3.0347782552242277
0.55,0.6,0.25,0.35,0.15,0.15,0.3,30,91.04334765672684,59908.95665234327,14,3.0347782552242277
0.55,0.6,0.35,0.35,0.15,0.05,0.3,30,91.04334765672684,59908.95665234327,14,3.0347782552242277
0.55,0.8,0.25,0.25,0.15,0.1,0.1,29,165.31353333592415,59834.686466664076,20,5.7004666667560056
0.55,0.7,0.35,0.25,0.1,0.15,0.3,29,86.03469496965408,59913.965305030346,14,2.966713619643244
0.55,0.7,0.45,0.25,0.1,0.05,0.3,29,86.03469496965408,59913.965305030346,14,2.966713619643244
0.55,0.7,0.25,0.35,0.15,0.15,0.3,29,85.99265176057816,59914.00734823942,14,2.96526385381304
0.55,0.7,0.35,0.35,0.15,0.05,0.3,29,85.99265176057816,59914.00734823942,14,2.96526385381304
0.5,0.8,0.25,0.25,0.15,0.05,0.1,28,160.42270949482918,59839.57729050517,20,5.729382481958185
0.55,0.8,0.25,0.45,0.15,0.05,0.2,28,151.96989825367928,59848.03010174632,16,5.427496366202831
0.55,0.8,0.25,0.45,0.15,0.1,0.3,28,128.57198509573936,59871.42801490426,16,4.59185661056212
0.5,0.8,0.25,0.25,0.1,0.15,0.2,28,110.87822386622429,59889.121776133776,19,3.9599365666508675
0.5,0.6,0.25,0.25,0.2,0.05,0.2,28,103.35919314622879,59896.64080685377,14,3.6913997552224567
0.5,0.7,0.25,0.25,0.2,0.05,0.2,28,103.35919314622879,59896.64080685377,14,3.6913997552224567
0.55,0.6,0.25,0.25,0.2,0.1,0.2,28,103.35919314622879,59896.64080685377,14,3.6913997552224567
0.55,0.7,0.25,0.25,0.2,0.1,0.2,28,103.35919314622879,59896.64080685377,14,3.6913997552224567
0.45,0.8,0.25,0.35,0.1,0.1,0.3,28,95.52705970406532,59904.472940295935,16,3.411680703716619
0.5,0.8,0.25,0.35,0.1,0.15,0.3,28,95.52705970406532,59904.472940295935,16,3.411680703716619
0.5,0.8,0.35,0.35,0.1,0.05,0.3,28,95.52705970406532,59904.472940295935,16,3.411680703716619
0.4,0.7,0.25,0.25,0.1,0.1,0.3,28,81.14387112855911,59918.85612887144,14,2.8979953974485397
0.45,0.7,0.25,0.25,0.1,0.15,0.3,28,81.14387112855911,59918.85612887144,14,2.8979953974485397
0.45,0.7,0.35,0.25,0.1,0.05,0.3,28,81.14387112855911,59918.85612887144,14,2.8979953974485397
0.5,0.7,0.35,0.25,0.1,0.1,0.3,28,81.14387112855911,59918.85612887144,14,2.8979953974485397
0.45,0.7,0.25,0.35,0.15,0.05,0.3,28,81.10182791948318,59918.89817208052,14,2.8964938542672565
0.5,0.7,0.25,0.35,0.15,0.1,0.3,28,81.10182791948318,59918.89817208052,14,2.8964938542672565
0.55,0.8,0.25,0.25,0.2,0.05,0.1,27,155.5318856537342,59844.468114346266,19,5.760440209397563
0.5,0.8,0.25,0.35,0.15,0.05,0.2,27,146.34594270586967,59853.65405729413,17,5.420220100217396
0.55,0.8,0.25,0.35,0.15,0.1,0.2,27,146.34594270586967,59853.65405729413,17,5.420220100217396
0.55,0.7,0.25,0.45,0.2,0.05,0.3,27,125.6710175871849,59874.328982412815,13,4.6544821328587
0.5,0.8,0.35,0.25,0.1,0.05,0.2,27,105.75456234812737,59894.24543765187,19,3.916835642523236
0.4,0.8,0.25,0.35,0.1,0.05,0.3,27,94.78849264979362,59905.21150735021,16,3.5106849129553193
0.55,0.6,0.25,0.35,0.1,0.05,0.1,26,153.17779994010925,59846.82220005989,11,5.891453843850356
0.5,0.8,0.25,0.45,0.15,0.05,0.3,26,123.28001138567924,59876.71998861432,16,4.741538899449202
0.4,0.8,0.25,0.25,0.1,0.05,0.2,26,105.35341247916222,59894.64658752084,19,4.052054326121624
0.45,0.8,0.25,0.25,0.1,0.1,0.2,26,105.35341247916222,59894.64658752084,19,4.052054326121624
0.55,0.6,0.25,0.45,0.1,0.05,0.2,25,155.75077366828918,59844.24922633171,10,6.230030946731567
0.55,0.8,0.25,0.35,0.15,0.15,0.3,25,74.82827612757683,59925.17172387242,14,2.9931310451030733
0.55,0.8,0.35,0.35,0.15,0.05,0.3,25,74.82827612757683,59925.17172387242,14,2.9931310451030733
0.5,0.8,0.35,0.25,0.1,0.1,0.3,25,74.4631838798523,59925.53681612015,14,2.9785273551940916
0.55,0.8,0.35,0.25,0.1,0.15,0.3,25,74.4631838798523,59925.53681612015,14,2.9785273551940916
0.55,0.8,0.45,0.25,0.1,0.05,0.3,25,74.4631838798523,59925.53681612015,14,2.9785273551940916
0.5,0.6,0.25,0.35,0.2,0.05,0.3,25,64.92425519227982,59935.07574480772,12,2.5969702076911925
0.55,0.6,0.25,0.35,0.2,0.1,0.3,25,64.92425519227982,59935.07574480772,12,2.5969702076911925
0.55,0.8,0.25,0.25,0.15,0.15,0.2,24,80.8332972228527,59919.16670277715,16,3.368054050952196
0.55,0.8,0.35,0.25,0.15,0.05,0.2,24,80.8332972228527,59919.16670277715,16,3.368054050952196
0.45,0.8,0.25,0.25,0.1,0.15,0.3,24,74.0027523636818,59925.99724763632,14,3.083448015153408
0.45,0.8,0.35,0.25,0.1,0.05,0.3,24,74.0027523636818,59925.99724763632,14,3.083448015153408
0.5,0.7,0.25,0.35,0.2,0.05,0.3,24,60.033431351184845,59939.966568648815,12,2.5013929729660354
0.55,0.7,0.25,0.35,0.2,0.1,0.3,24,60.033431351184845,59939.966568648815,12,2.5013929729660354
0.55,0.6,0.35,0.25,0.15,0.1,0.3,24,54.736456632614136,59945.263543367386,11,2.280685693025589
0.55,0.8,0.25,0.35,0.2,0.05,0.2,23,125.39832517504692,59874.60167482495,15,5.452101094567257
0.55,0.8,0.25,0.45,0.2,0.05,0.3,23,102.7198460996151,59897.280153900385,13,4.466080265200657
0.5,0.6,0.25,0.45,0.1,0.05,0.3,23,101.80112969875336,59898.19887030125,10,4.426136073858841
0.55,0.6,0.25,0.45,0.1,0.1,0.3,23,101.80112969875336,59898.19887030125,10,4.426136073858841
0.45,0.8,0.25,0.35,0.15,0.05,0.3,23,69.08946719765663,59930.91053280234,14,3.003889878158984
0.5,0.8,0.25,0.35,0.15,0.1,0.3,23,69.08946719765663,59930.91053280234,14,3.003889878158984
0.5,0.6,0.25,0.25,0.15,0.15,0.3,23,54.013743698596954,59945.9862563014,11,2.348423639069433
0.5,0.6,0.35,0.25,0.15,0.05,0.3,23,54.013743698596954,59945.9862563014,11,2.348423639069433
0.55,0.7,0.25,0.35,0.1,0.05,0.1,22,136.9390025138855,59863.060997486115,11,6.2245001142675225
0.55,0.7,0.25,0.45,0.1,0.1,0.3,22,96.41449964046478,59903.585500359535,10,4.382477256384763
0.5,0.8,0.25,0.25,0.15,0.1,0.2,22,79.47958275675774,59920.52041724324,16,3.612708307125352
0.4,0.8,0.25,0.25,0.1,0.1,0.3,22,68.29671350121498,59931.703286498785,14,3.1043960682370444
0.4,0.6,0.25,0.25,0.15,0.05,0.3,22,49.122919857501984,59950.8770801425,11,2.2328599935228173
0.4,0.7,0.25,0.25,0.15,0.05,0.3,22,49.122919857501984,59950.8770801425,11,2.2328599935228173
0.45,0.6,0.25,0.25,0.15,0.1,0.3,22,49.122919857501984,59950.8770801425,11,2.2328599935228173
0.45,0.7,0.25,0.25,0.15,0.1,0.3,22,49.122919857501984,59950.8770801425,11,2.2328599935228173
0.5,0.7,0.25,0.25,0.15,0.15,0.3,22,49.122919857501984,59950.8770801425,11,2.2328599935228173
0.5,0.7,0.35,0.25,0.15,0.05,0.3,22,49.122919857501984,59950.8770801425,11,2.2328599935228173
0.55,0.7,0.35,0.25,0.15,0.1,0.3,22,49.122919857501984,59950.8770801425,11,2.2328599935228173
0.55,0.7,0.25,0.45,0.1,0.05,0.2,21,139.35210418701172,59860.64789581299,10,6.635814485095796
0.5,0.7,0.25,0.45,0.1,0.05,0.3,21,91.3638037443161,59908.636196255684,10,4.350657321157909
0.45,0.8,0.25,0.25,0.15,0.05,0.2,21,79.07843288779259,59920.92156711221,16,3.7656396613234566
0.55,0.8,0.25,0.25,0.2,0.1,0.2,21,65.50514742732048,59934.49485257268,14,3.1192927346343087
0.55,0.8,0.25,0.35,0.2,0.1,0.3,21,53.78378626704216,59946.21621373296,12,2.56113267938296
0.5,0.8,0.25,0.35,0.2,0.05,0.3,20,53.16863885521889,59946.83136114478,12,2.658431942760944
0.5,0.8,0.25,0.25,0.2,0.05,0.2,19,64.15143296122551,59935.848567038774,14,3.376391208485553
0.55,0.6,0.25,0.25,0.2,0.15,0.3,19,28.82504963874817,59971.17495036125,9,1.5171078757235879
0.55,0.6,0.35,0.25,0.2,0.05,0.3,19,28.82504963874817,59971.17495036125,9,1.5171078757235879
0.55,0.8,0.25,0.35,0.1,0.05,0.1,18,120.59280729293823,59879.40719270706,11,6.699600405163235
0.55,0.8,0.25,0.45,0.1,0.1,0.3,18,79.92709869146347,59920.07290130854,10,4.440394371747971
0.5,0.8,0.25,0.25,0.15,0.15,0.3,18,37.22842454910278,59962.7715754509,11,2.068245808283488
0.5,0.8,0.35,0.25,0.15,0.05,0.3,18,37.22842454910278,59962.7715754509,11,2.068245808283488
0.55,0.8,0.35,0.25,0.15,0.1,0.3,18,37.22842454910278,59962.7715754509,11,2.068245808283488
0.45,0.6,0.25,0.25,0.2,0.05,0.3,18,28.102336704730988,59971.89766329527,9,1.5612409280406103
0.45,0.7,0.25,0.25,0.2,0.05,0.3,18,28.102336704730988,59971.89766329527,9,1.5612409280406103
0.5,0.6,0.25,0.25,0.2,0.1,0.3,18,28.102336704730988,59971.89766329527,9,1.5612409280406103
0.5,0.7,0.25,0.25,0.2,0.1,0.3,18,28.102336704730988,59971.89766329527,9,1.5612409280406103
0.55,0.7,0.25,0.25,0.2,0.15,0.3,18,28.102336704730988,59971.89766329527,9,1.5612409280406103
0.55,0.7,0.35,0.25,0.2,0.05,0.3,18,28.102336704730988,59971.89766329527,9,1.5612409280406103
0.55,0.8,0.25,0.45,0.1,0.05,0.2,17,107.8213791847229,59892.17862081528,10,6.342434069689582
0.5,0.8,0.25,0.45,0.1,0.05,0.3,17,75.0362748503685,59924.96372514963,10,4.413898520609912
0.45,0.8,0.25,0.25,0.15,0.1,0.3,17,36.76799303293228,59963.23200696707,11,2.1628231195842518
0.55,0.6,0.25,0.45,0.15,0.05,0.3,16,64.73919236660004,59935.2608076334,7,4.046199522912502
0.4,0.8,0.25,0.25,0.15,0.05,0.3,16,36.36540952324867,59963.63459047675,11,2.272838095203042
0.5,0.6,0.25,0.35,0.1,0.05,0.2,15,68.49039363861084,59931.50960636139,7,4.566026242574056
0.55,0.6,0.25,0.35,0.1,0.1,0.2,15,68.49039363861084,59931.50960636139,7,4.566026242574056
0.55,0.7,0.25,0.45,0.15,0.05,0.3,15,59.688496470451355,59940.31150352955,7,3.9792330980300905
0.5,0.6,0.25,0.25,0.1,0.15,0.3,15,49.51930618286133,59950.48069381714,7,3.301287078857422
0.5,0.6,0.35,0.25,0.1,0.05,0.3,15,49.51930618286133,59950.48069381714,7,3.301287078857422
0.55,0.6,0.35,0.25,0.1,0.1,0.3,15,49.51930618286133,59950.48069381714,7,3.301287078857422
0.5,0.8,0.25,0.25,0.2,0.1,0.3,15,21.667437076568604,59978.33256292343,9,1.4444958051045735
0.55,0.8,0.25,0.25,0.2,0.15,0.3,15,21.667437076568604,59978.33256292343,9,1.4444958051045735
0.55,0.8,0.35,0.25,0.2,0.05,0.3,15,21.667437076568604,59978.33256292343,9,1.4444958051045735
0.5,0.7,0.25,0.35,0.1,0.05,0.2,14,63.59956979751587,59936.400430202484,7,4.542826414108276
0.55,0.7,0.25,0.35,0.1,0.1,0.2,14,63.59956979751587,59936.400430202484,7,4.542826414108276
0.45,0.6,0.25,0.35,0.1,0.05,0.3,14,63.11164176464081,59936.88835823536,6,4.507974411760058
0.5,0.6,0.25,0.35,0.1,0.1,0.3,14,63.11164176464081,59936.88835823536,6,4.507974411760058
0.55,0.6,0.25,0.35,0.1,0.15,0.3,14,63.11164176464081,59936.88835823536,6,4.507974411760058
0.55,0.6,0.35,0.35,0.1,0.05,0.3,14,63.11164176464081,59936.88835823536,6,4.507974411760058
0.4,0.6,0.25,0.25,0.1,0.05,0.3,14,44.62848234176636,59955.371517658234,7,3.187748738697597
0.4,0.7,0.25,0.25,0.1,0.05,0.3,14,44.62848234176636,59955.371517658234,7,3.187748738697597
0.45,0.6,0.25,0.25,0.1,0.1,0.3,14,44.62848234176636,59955.371517658234,7,3.187748738697597
0.45,0.7,0.25,0.25,0.1,0.1,0.3,14,44.62848234176636,59955.371517658234,7,3.187748738697597
0.5,0.7,0.25,0.25,0.1,0.15,0.3,14,44.62848234176636,59955.371517658234,7,3.187748738697597
0.5,0.7,0.35,0.25,0.1,0.05,0.3,14,44.62848234176636,59955.371517658234,7,3.187748738697597
0.55,0.7,0.35,0.25,0.1,0.1,0.3,14,44.62848234176636,59955.371517658234,7,3.187748738697597
0.45,0.8,0.25,0.25,0.2,0.05,0.3,14,21.207005560398102,59978.7929944396,9,1.5147861114570074
0.5,0.8,0.25,0.35,0.1,0.05,0.2,13,58.475908279418945,59941.52409172058,7,4.498146790724534
0.55,0.8,0.25,0.35,0.1,0.1,0.2,13,58.475908279418945,59941.52409172058,7,4.498146790724534
0.55,0.7,0.25,0.35,0.1,0.15,0.3,13,58.06094586849213,59941.93905413151,6,4.466226605268625
0.55,0.7,0.35,0.35,0.1,0.05,0.3,13,58.06094586849213,59941.93905413151,6,4.466226605268625
0.55,0.8,0.25,0.45,0.15,0.05,0.3,13,54.0749596953392,59945.92504030466,7,4.159612284256862
0.5,0.6,0.25,0.25,0.1,0.05,0.1,12,94.1452202796936,59905.85477972031,6,7.8454350233078
0.5,0.7,0.25,0.25,0.1,0.05,0.1,12,94.1452202796936,59905.85477972031,6,7.8454350233078
0.55,0.6,0.25,0.25,0.1,0.1,0.1,12,94.1452202796936,59905.85477972031,6,7.8454350233078
0.55,0.7,0.25,0.25,0.1,0.1,0.1,12,94.1452202796936,59905.85477972031,6,7.8454350233078
0.55,0.6,0.25,0.45,0.1,0.05,0.3,12,58.98964977264404,59941.010350227356,5,4.915804147720337
0.45,0.7,0.25,0.35,0.1,0.05,0.3,12,53.170122027397156,59946.8298779726,6,4.430843502283096
0.5,0.7,0.25,0.35,0.1,0.1,0.3,12,53.170122027397156,59946.8298779726,6,4.430843502283096
0.55,0.7,0.25,0.45,0.1,0.05,0.3,11,53.93895387649536,59946.061046123505,5,4.903541261499578
0.55,0.6,0.25,0.25,0.15,0.05,0.1,10,84.36357259750366,59915.636427402496,5,8.436357259750366
0.55,0.7,0.25,0.25,0.15,0.05,0.1,10,84.36357259750366,59915.636427402496,5,8.436357259750366
0.55,0.8,0.25,0.25,0.1,0.1,0.1,10,63.31140756607056,59936.68859243393,6,6.331140756607056
0.55,0.8,0.25,0.35,0.1,0.15,0.3,10,47.03687232732773,59952.96312767267,6,4.703687232732773
0.55,0.8,0.35,0.35,0.1,0.05,0.3,10,47.03687232732773,59952.96312767267,6,4.703687232732773
0.55,0.6,0.25,0.35,0.15,0.05,0.2,10,42.57898664474487,59957.421013355255,5,4.257898664474487
0.55,0.7,0.25,0.35,0.15,0.05,0.2,10,42.57898664474487,59957.421013355255,5,4.257898664474487
0.45,0.6,0.25,0.25,0.15,0.05,0.3,10,23.60789918899536,59976.392100811005,5,2.360789918899536
0.45,0.7,0.25,0.25,0.15,0.05,0.3,10,23.60789918899536,59976.392100811005,5,2.360789918899536
0.5,0.6,0.25,0.25,0.15,0.1,0.3,10,23.60789918899536,59976.392100811005,5,2.360789918899536
0.5,0.7,0.25,0.25,0.15,0.1,0.3,10,23.60789918899536,59976.392100811005,5,2.360789918899536
0.55,0.6,0.25,0.25,0.15,0.15,0.3,10,23.60789918899536,59976.392100811005,5,2.360789918899536
0.55,0.6,0.35,0.25,0.15,0.05,0.3,10,23.60789918899536,59976.392100811005,5,2.360789918899536
0.55,0.7,0.25,0.25,0.15,0.15,0.3,10,23.60789918899536,59976.392100811005,5,2.360789918899536
0.55,0.7,0.35,0.25,0.15,0.05,0.3,10,23.60789918899536,59976.392100811005,5,2.360789918899536
0.5,0.8,0.25,0.25,0.1,0.05,0.1,9,58.420583724975586,59941.579416275024,6,6.4911759694417315
0.45,0.8,0.25,0.35,0.1,0.05,0.3,9,41.913210809230804,59958.08678919077,6,4.6570234232478676
0.5,0.8,0.25,0.35,0.1,0.1,0.3,9,41.913210809230804,59958.08678919077,6,4.6570234232478676
0.55,0.8,0.25,0.35,0.15,0.05,0.2,9,37.52829074859619,59962.471709251404,5,4.169810083177355
0.5,0.6,0.25,0.35,0.15,0.05,0.3,9,36.99254930019379,59963.007450699806,4,4.110283255577087
0.55,0.6,0.25,0.35,0.15,0.1,0.3,9,36.99254930019379,59963.007450699806,4,4.110283255577087
0.4,0.8,0.25,0.25,0.1,0.05,0.3,9,32.25576090812683,59967.74423909187,7,3.5839734342363148
0.45,0.8,0.25,0.25,0.1,0.1,0.3,9,32.25576090812683,59967.74423909187,7,3.5839734342363148
0.5,0.8,0.25,0.25,0.1,0.15,0.3,9,32.25576090812683,59967.74423909187,7,3.5839734342363148
0.5,0.8,0.35,0.25,0.1,0.05,0.3,9,32.25576090812683,59967.74423909187,7,3.5839734342363148
0.55,0.8,0.35,0.25,0.1,0.1,0.3,9,32.25576090812683,59967.74423909187,7,3.5839734342363148
0.55,0.8,0.25,0.25,0.15,0.05,0.1,8,53.529759883880615,59946.47024011612,5,6.691219985485077
0.55,0.8,0.25,0.45,0.1,0.05,0.3,8,39.85221481323242,59960.14778518677,5,4.981526851654053
0.45,0.6,0.25,0.25,0.1,0.05,0.2,8,32.101725459098816,59967.8982745409,4,4.012715682387352
0.45,0.7,0.25,0.25,0.1,0.05,0.2,8,32.101725459098816,59967.8982745409,4,4.012715682387352
0.5,0.6,0.25,0.25,0.1,0.1,0.2,8,32.101725459098816,59967.8982745409,4,4.012715682387352
0.5,0.7,0.25,0.25,0.1,0.1,0.2,8,32.101725459098816,59967.8982745409,4,4.012715682387352
0.5,0.7,0.25,0.35,0.15,0.05,0.3,8,32.101725459098816,59967.8982745409,4,4.012715682387352
0.55,0.6,0.25,0.25,0.1,0.15,0.2,8,32.101725459098816,59967.8982745409,4,4.012715682387352
0.55,0.6,0.35,0.25,0.1,0.05,0.2,8,32.101725459098816,59967.8982745409,4,4.012715682387352
0.55,0.7,0.25,0.25,0.1,0.15,0.2,8,32.101725459098816,59967.8982745409,4,4.012715682387352
0.55,0.7,0.25,0.35,0.15,0.1,0.3,8,32.101725459098816,59967.8982745409,4,4.012715682387352
0.55,0.7,0.35,0.25,0.1,0.05,0.2,8,32.101725459098816,59967.8982745409,4,4.012715682387352
0.5,0.6,0.25,0.35,0.1,0.05,0.3,7,35.547123432159424,59964.45287656784,3,5.078160490308489
0.55,0.6,0.25,0.35,0.1,0.1,0.3,7,35.547123432159424,59964.45287656784,3,5.078160490308489
0.5,0.7,0.25,0.35,0.1,0.05,0.3,6,30.656299591064453,59969.343700408936,3,5.109383265177409
0.55,0.7,0.25,0.35,0.1,0.1,0.3,6,30.656299591064453,59969.343700408936,3,5.109383265177409
0.55,0.6,0.25,0.35,0.1,0.05,0.2,6,28.027546882629395,59971.97245311737,3,4.6712578137715655
0.55,0.7,0.25,0.35,0.1,0.05,0.2,6,28.027546882629395,59971.97245311737,3,4.6712578137715655
0.5,0.8,0.25,0.35,0.15,0.05,0.3,6,25.99238246679306,59974.00761753321,4,4.33206374446551
0.55,0.8,0.25,0.35,0.15,0.1,0.3,6,25.99238246679306,59974.00761753321,4,4.33206374446551
0.45,0.8,0.25,0.25,0.15,0.05,0.3,6,16.69477343559265,59983.30522656441,5,2.782462239265442
0.5,0.8,0.25,0.25,0.15,0.1,0.3,6,16.69477343559265,59983.30522656441,5,2.782462239265442
0.55,0.8,0.25,0.25,0.15,0.15,0.3,6,16.69477343559265,59983.30522656441,5,2.782462239265442
0.55,0.8,0.35,0.25,0.15,0.05,0.3,6,16.69477343559265,59983.30522656441,5,2.782462239265442
0.5,0.6,0.25,0.25,0.2,0.05,0.3,6,3.7248597145080566,59996.27514028549,3,0.6208099524180094
0.5,0.7,0.25,0.25,0.2,0.05,0.3,6,3.7248597145080566,59996.27514028549,3,0.6208099524180094
0.55,0.6,0.25,0.25,0.2,0.1,0.3,6,3.7248597145080566,59996.27514028549,3,0.6208099524180094
0.55,0.7,0.25,0.25,0.2,0.1,0.3,6,3.7248597145080566,59996.27514028549,3,0.6208099524180094
0.5,0.8,0.25,0.35,0.1,0.05,0.3,5,25.26966953277588,59974.730330467224,3,5.053933906555176
0.55,0.8,0.25,0.35,0.1,0.1,0.3,5,25.26966953277588,59974.730330467224,3,5.053933906555176
0.45,0.8,0.25,0.25,0.1,0.05,0.2,5,20.94168657064438,59979.058313429356,4,4.1883373141288756
0.5,0.8,0.25,0.25,0.1,0.1,0.2,5,20.94168657064438,59979.058313429356,4,4.1883373141288756
0.55,0.8,0.25,0.25,0.1,0.15,0.2,5,20.94168657064438,59979.058313429356,4,4.1883373141288756
0.55,0.8,0.35,0.25,0.1,0.05,0.2,5,20.94168657064438,59979.058313429356,4,4.1883373141288756
0.45,0.6,0.25,0.25,0.1,0.05,0.3,4,19.883039474487305,59980.11696052551,2,4.970759868621826
0.45,0.7,0.25,0.25,0.1,0.05,0.3,4,19.883039474487305,59980.11696052551,2,4.970759868621826
0.5,0.6,0.25,0.25,0.1,0.1,0.3,4,19.883039474487305,59980.11696052551,2,4.970759868621826
0.5,0.7,0.25,0.25,0.1,0.1,0.3,4,19.883039474487305,59980.11696052551,2,4.970759868621826
0.55,0.6,0.25,0.25,0.1,0.15,0.3,4,19.883039474487305,59980.11696052551,2,4.970759868621826
0.55,0.6,0.35,0.25,0.1,0.05,0.3,4,19.883039474487305,59980.11696052551,2,4.970759868621826
0.55,0.7,0.25,0.25,0.1,0.15,0.3,4,19.883039474487305,59980.11696052551,2,4.970759868621826
0.55,0.7,0.35,0.25,0.1,0.05,0.3,4,19.883039474487305,59980.11696052551,2,4.970759868621826
0.55,0.8,0.25,0.35,0.1,0.05,0.2,4,18.904597282409668,59981.09540271759,3,4.726149320602417
0.5,0.6,0.25,0.25,0.15,0.05,0.2,4,11.227073550224304,59988.772926449776,2,2.806768387556076
0.5,0.7,0.25,0.25,0.15,0.05,0.2,4,11.227073550224304,59988.772926449776,2,2.806768387556076
0.55,0.6,0.25,0.25,0.15,0.1,0.2,4,11.227073550224304,59988.772926449776,2,2.806768387556076
0.55,0.6,0.25,0.35,0.2,0.05,0.3,4,11.227073550224304,59988.772926449776,2,2.806768387556076
0.55,0.7,0.25,0.25,0.15,0.1,0.2,4,11.227073550224304,59988.772926449776,2,2.806768387556076
0.55,0.7,0.25,0.35,0.2,0.05,0.3,4,11.227073550224304,59988.772926449776,2,2.806768387556076
0.45,0.8,0.25,0.25,0.1,0.05,0.3,3,14.832343578338623,59985.16765642166,2,4.944114526112874
0.5,0.8,0.25,0.25,0.1,0.1,0.3,3,14.832343578338623,59985.16765642166,2,4.944114526112874
0.55,0.8,0.25,0.25,0.1,0.15,0.3,3,14.832343578338623,59985.16765642166,2,4.944114526112874
0.55,0.8,0.35,0.25,0.1,0.05,0.3,3,14.832343578338623,59985.16765642166,2,4.944114526112874
0.55,0.8,0.25,0.35,0.2,0.05,0.3,3,10.504360616207123,59989.49563938379,2,3.5014535387357077
0.5,0.8,0.25,0.25,0.2,0.05,0.3,3,1.8624298572540283,59998.137570142746,3,0.6208099524180094
0.55,0.8,0.25,0.25,0.2,0.1,0.3,3,1.8624298572540283,59998.137570142746,3,0.6208099524180094
0.5,0.6,0.25,0.25,0.1,0.05,0.2,2,9.781647682189941,59990.21835231781,1,4.890823841094971
0.5,0.7,0.25,0.25,0.1,0.05,0.2,2,9.781647682189941,59990.21835231781,1,4.890823841094971
0.55,0.6,0.25,0.25,0.1,0.1,0.2,2,9.781647682189941,59990.21835231781,1,4.890823841094971
0.55,0.6,0.25,0.35,0.1,0.05,0.3,2,9.781647682189941,59990.21835231781,1,4.890823841094971
0.55,0.6,0.25,0.35,0.15,0.05,0.3,2,9.781647682189941,59990.21835231781,1,4.890823841094971
0.55,0.7,0.25,0.25,0.1,0.1,0.2,2,9.781647682189941,59990.21835231781,1,4.890823841094971
0.55,0.7,0.25,0.35,0.1,0.05,0.3,2,9.781647682189941,59990.21835231781,1,4.890823841094971
0.55,0.7,0.25,0.35,0.15,0.05,0.3,2,9.781647682189941,59990.21835231781,1,4.890823841094971
0.55,0.8,0.25,0.35,0.1,0.05,0.3,2,9.781647682189941,59990.21835231781,1,4.890823841094971
0.55,0.8,0.25,0.35,0.15,0.05,0.3,2,9.781647682189941,59990.21835231781,1,4.890823841094971
0.55,0.6,0.25,0.25,0.1,0.05,0.1,2,8.14450740814209,59991.85549259186,1,4.072253704071045
0.55,0.7,0.25,0.25,0.1,0.05,0.1,2,8.14450740814209,59991.85549259186,1,4.072253704071045
0.5,0.8,0.25,0.25,0.15,0.05,0.2,2,5.613536775112152,59994.38646322489,2,2.806768387556076
0.55,0.8,0.25,0.25,0.15,0.1,0.2,2,5.613536775112152,59994.38646322489,2,2.806768387556076
0.55,0.6,0.25,0.25,0.2,0.05,0.2,2,1.4454258680343628,59998.554574131966,1,0.7227129340171814
0.55,0.7,0.25,0.25,0.2,0.05,0.2,2,1.4454258680343628,59998.554574131966,1,0.7227129340171814
0.5,0.8,0.25,0.25,0.1,0.05,0.2,1,4.890823841094971,59995.109176158905,1,4.890823841094971
0.55,0.8,0.25,0.25,0.1,0.1,0.2,1,4.890823841094971,59995.109176158905,1,4.890823841094971
0.55,0.8,0.25,0.25,0.1,0.05,0.1,1,4.072253704071045,59995.92774629593,1,4.072253704071045
0.55,0.8,0.25,0.25,0.2,0.05,0.2,1,0.7227129340171814,59999.27728706598,1,0.7227129340171814
0.5,0.6,0.25,0.25,0.1,0.05,0.3,0,0.0,60000.0,0,
0.5,0.6,0.25,0.25,0.15,0.05,0.3,0,0.0,60000.0,0,
0.5,0.7,0.25,0.25,0.1,0.05,0.3,0,0.0,60000.0,0,
0.5,0.7,0.25,0.25,0.15,0.05,0.3,0,0.0,60000.0,0,
0.5,0.8,0.25,0.25,0.1,0.05,0.3,0,0.0,60000.0,0,
0.5,0.8,0.25,0.25,0.15,0.05,0.3,0,0.0,60000.0,0,
0.55,0.6,0.25,0.25,0.1,0.05,0.2,0,0.0,60000.0,0,
0.55,0.6,0.25,0.25,0.1,0.05,0.3,0,0.0,60000.0,0,
0.55,0.6,0.25,0.25,0.1,0.1,0.3,0,0.0,60000.0,0,
0.55,0.6,0.25,0.25,0.15,0.05,0.2,0,0.0,60000.0,0,
0.55,0.6,0.25,0.25,0.15,0.05,0.3,0,0.0,60000.0,0,
0.55,0.6,0.25,0.25,0.15,0.1,0.3,0,0.0,60000.0,0,
0.55,0.6,0.25,0.25,0.2,0.05,0.3,0,0.0,60000.0,0,
0.55,0.7,0.25,0.25,0.1,0.05,0.2,0,0.0,60000.0,0,
0.55,0.7,0.25,0.25,0.1,0.05,0.3,0,0.0,60000.0,0,
0.55,0.7,0.25,0.25,0.1,0.1,0.3,0,0.0,60000.0,0,
0.55,0.7,0.25,0.25,0.15,0.05,0.2,0,0.0,60000.0,0,
0.55,0.7,0.25,0.25,0.15,0.05,0.3,0,0.0,60000.0,0,
0.55,0.7,0.25,0.25,0.15,0.1,0.3,0,0.0,60000.0,0,
0.55,0.7,0.25,0.25,0.2,0.05,0.3,0,0.0,60000.0,0,
0.55,0.8,0.25,0.25,0.1,0.05,0.2,0,0.0,60000.0,0,
0.55,0.8,0.25,0.25,0.1,0.05,0.3,0,0.0,60000.0,0,
0.55,0.8,0.25,0.25,0.1,0.1,0.3,0,0.0,60000.0,0,
0.55,0.8,0.25,0.25,0.15,0.05,0.2,0,0.0,60000.0,0,
0.55,0.8,0.25,0.25,0.15,0.05,0.3,0,0.0,60000.0,0,
0.55,0.8,0.25,0.25,0.15,0.1,0.3,0,0.0,60000.0,0,
0.55,0.8,0.25,0.25,0.2,0.05,0.3,0,0.0,60000.0,0,
