threshold,score_mix_lambda,w_shortage,w_value,w_bb,w_trend,w_risk,shares,spent,cash,trades,avg_price
0.4,0.6,0.45,0.45,0.2,0.15,0.1,973,32371.403458595276,27628.596541404724,401,33.26968495230758
0.4,0.6,0.45,0.45,0.15,0.15,0.1,961,30188.33410835266,29811.66589164734,401,31.413459009732218
0.4,0.6,0.45,0.45,0.1,0.15,0.1,951,28421.131455421448,31578.868544578552,400,29.885522035143477
0.4,0.7,0.45,0.45,0.2,0.15,0.1,933,29528.392780303955,30471.607219696045,419,31.648866859918495
0.4,0.7,0.45,0.45,0.15,0.15,0.1,922,28303.25678253174,31696.74321746826,418,30.69767546912336
0.4,0.7,0.45,0.45,0.1,0.15,0.1,912,27071.09946537018,32928.90053462982,419,29.683223097993615
0.4,0.8,0.45,0.45,0.2,0.15,0.1,870,26285.104105949402,33714.8958940506,461,30.212763340171726
0.4,0.8,0.45,0.45,0.15,0.15,0.1,861,25152.620777130127,34847.37922286987,462,29.213264549512342
0.4,0.8,0.45,0.45,0.1,0.15,0.1,849,23410.80344104767,36589.19655895233,461,27.574562356946608
0.4,0.6,0.45,0.35,0.2,0.15,0.1,844,21185.18135547638,38814.81864452362,363,25.10092577663078
0.4,0.6,0.45,0.35,0.15,0.15,0.1,829,18511.546033859253,41488.45396614075,360,22.329971090300667
0.4,0.7,0.45,0.35,0.2,0.15,0.1,826,20019.795362472534,39980.204637527466,378,24.237040390402584
0.4,0.7,0.45,0.35,0.15,0.15,0.1,815,18065.386701583862,41934.61329841614,377,22.166118652250137
0.4,0.6,0.45,0.35,0.1,0.15,0.1,814,15743.75534248352,44256.24465751648,356,19.341222779463784
0.45,0.6,0.45,0.45,0.2,0.15,0.1,802,23219.430070877075,36780.569929122925,328,28.95190781904872
0.4,0.7,0.45,0.35,0.1,0.15,0.1,800,15453.465342521667,44546.53465747833,375,19.316831678152084
0.4,0.6,0.45,0.45,0.2,0.1,0.1,798,22971.728070259094,37028.271929740906,334,28.78662665446002
0.4,0.6,0.35,0.45,0.2,0.15,0.1,796,29822.11013317108,30177.88986682892,329,37.46496247885814
0.45,0.6,0.45,0.45,0.15,0.15,0.1,790,21231.17942237854,38768.82057762146,329,26.87491066123866
0.4,0.6,0.45,0.45,0.15,0.1,0.1,786,21175.280751228333,38824.71924877167,333,26.940560752198895
0.45,0.7,0.45,0.45,0.2,0.15,0.1,783,22084.765407562256,37915.234592437744,344,28.20531980531578
0.4,0.6,0.35,0.45,0.15,0.15,0.1,781,27585.44411468506,32414.55588531494,329,35.32067108154297
0.4,0.7,0.45,0.45,0.2,0.1,0.1,780,22053.10607433319,37946.89392566681,349,28.273212915811783
0.4,0.6,0.35,0.45,0.1,0.15,0.1,772,25857.639464378357,34142.36053562164,329,33.4943516377958
0.45,0.7,0.45,0.45,0.15,0.15,0.1,772,20832.802750587463,39167.19724941254,345,26.985495790916403
0.4,0.7,0.45,0.45,0.15,0.1,0.1,769,20777.486083984375,39222.513916015625,348,27.01883756044782
0.45,0.6,0.45,0.45,0.1,0.15,0.1,769,17683.442717552185,42316.557282447815,322,22.99537414506136
0.4,0.7,0.35,0.45,0.2,0.15,0.1,765,27175.546113967896,32824.453886032104,340,35.523589691461304
0.4,0.6,0.45,0.45,0.1,0.1,0.1,765,17453.768721580505,42546.231278419495,325,22.81538394977844
0.4,0.7,0.35,0.45,0.15,0.15,0.1,756,25990.01945209503,34009.98054790497,341,34.378332608591315
0.4,0.8,0.45,0.35,0.2,0.15,0.1,755,17924.76870059967,42075.23129940033,422,23.741415497483008
0.45,0.7,0.45,0.45,0.1,0.15,0.1,749,17246.652052879333,42753.34794712067,338,23.02623772080018
0.4,0.7,0.45,0.45,0.1,0.1,0.1,744,17173.344720840454,42826.655279159546,340,23.082452581774803
0.4,0.7,0.35,0.45,0.1,0.15,0.1,742,24678.428129196167,35321.57187080383,341,33.259337101342545
0.4,0.8,0.45,0.35,0.15,0.15,0.1,739,15209.70668888092,44790.29331111908,423,20.581470485630476
0.4,0.6,0.45,0.25,0.2,0.15,0.1,729,14330.31936264038,45669.68063735962,325,19.65750255506225
0.45,0.8,0.45,0.45,0.2,0.15,0.1,726,19590.210737228394,40409.78926277161,373,26.98376134604462
0.4,0.8,0.45,0.35,0.1,0.15,0.1,726,13160.531350135803,46839.4686498642,428,18.1274536503248
0.4,0.7,0.45,0.25,0.2,0.15,0.1,721,14303.2506980896,45696.7493019104,335,19.838073090276836
0.4,0.6,0.45,0.25,0.15,0.15,0.1,715,11349.82002735138,48650.17997264862,320,15.873874164127804
0.4,0.8,0.45,0.45,0.2,0.1,0.1,713,19413.92873764038,40586.07126235962,378,27.22851155349282
0.45,0.8,0.45,0.45,0.15,0.15,0.1,712,17844.738735198975,42155.261264801025,376,25.06283530224575
0.4,0.6,0.45,0.25,0.1,0.15,0.1,711,10968.097367286682,49031.90263271332,321,15.426297281697162
0.4,0.7,0.45,0.25,0.15,0.15,0.1,706,11344.189360618591,48655.81063938141,332,16.068256884728882
0.4,0.7,0.45,0.25,0.1,0.15,0.1,703,10981.961365699768,49018.03863430023,340,15.621566665291278
0.4,0.8,0.45,0.45,0.15,0.1,0.1,702,17698.470734596252,42301.52926540375,378,25.211496772929134
0.4,0.8,0.35,0.45,0.2,0.15,0.1,693,23708.280108451843,36291.71989154816,367,34.21108240757842
0.45,0.8,0.45,0.45,0.1,0.15,0.1,692,14967.16804599762,45032.83195400238,370,21.62885555780003
0.4,0.8,0.35,0.45,0.15,0.15,0.1,683,22564.250114440918,37435.74988555908,368,33.03696942085054
0.45,0.6,0.45,0.35,0.2,0.15,0.1,680,14892.64337348938,45107.35662651062,287,21.900946137484382
0.4,0.8,0.45,0.45,0.1,0.1,0.1,679,14783.038043022156,45216.961956977844,374,21.771779150253543
0.4,0.6,0.45,0.35,0.2,0.1,0.1,673,14746.287371635437,45253.71262836456,290,21.91127395488178
0.45,0.7,0.45,0.35,0.2,0.15,0.1,668,14629.39269733429,45370.60730266571,299,21.90028846906331
0.4,0.8,0.35,0.45,0.1,0.15,0.1,666,20759.85944366455,39240.14055633545,369,31.17096012562245
0.4,0.8,0.45,0.25,0.2,0.15,0.1,665,12324.244020462036,47675.755979537964,398,18.53269777513088
0.4,0.7,0.45,0.35,0.2,0.1,0.1,662,14510.35069656372,45489.64930343628,300,21.91895875613855
0.4,0.6,0.45,0.45,0.2,0.15,0.2,660,15888.602049827576,44111.397950172424,271,24.073639469435722
0.45,0.6,0.45,0.35,0.15,0.15,0.1,660,12029.657346725464,47970.342653274536,281,18.226753555644642
0.5,0.6,0.45,0.45,0.2,0.15,0.1,658,17092.861377716064,42907.138622283936,265,25.976992975252376
0.4,0.6,0.45,0.35,0.15,0.1,0.1,658,11995.642017364502,48004.3579826355,285,18.23045899295517
0.4,0.6,0.35,0.35,0.2,0.15,0.1,653,18498.020038604736,41501.979961395264,280,28.32774891057387
0.45,0.6,0.45,0.45,0.2,0.1,0.1,652,16791.721385002136,43208.278614997864,269,25.75417390337751
0.45,0.7,0.45,0.35,0.15,0.15,0.1,652,12003.512671470642,47996.48732852936,294,18.410295508390554
0.4,0.6,0.45,0.35,0.1,0.1,0.1,652,10666.49069404602,49333.50930595398,285,16.359648303751566
0.4,0.8,0.45,0.25,0.15,0.15,0.1,652,10385.679359436035,49614.320640563965,401,15.928956072754655
0.45,0.6,0.45,0.35,0.1,0.15,0.1,651,10563.410028457642,49436.58997154236,279,16.226436295633857
0.4,0.7,0.45,0.35,0.15,0.1,0.1,649,11993.55267238617,48006.44732761383,298,18.480050342659737
0.4,0.8,0.45,0.25,0.1,0.15,0.1,649,10183.20869255066,49816.79130744934,405,15.690614318259875
0.4,0.6,0.45,0.45,0.2,0.05,0.1,646,16712.040051460266,43287.959948539734,271,25.870031039412176
0.4,0.7,0.45,0.45,0.2,0.15,0.2,646,15337.25606250763,44662.74393749237,281,23.741882449702214
0.5,0.7,0.45,0.45,0.2,0.15,0.1,643,16677.094049453735,43322.905950546265,275,25.936382658559463
0.45,0.7,0.45,0.35,0.1,0.15,0.1,643,10551.280018806458,49448.71998119354,297,16.40945570576432
0.4,0.6,0.35,0.35,0.15,0.15,0.1,640,15847.108716964722,44152.89128303528,277,24.761107370257378
0.4,0.6,0.45,0.45,0.15,0.15,0.2,640,11967.63802909851,48032.36197090149,266,18.699434420466424
0.4,0.7,0.45,0.35,0.1,0.1,0.1,640,10550.3626871109,49449.6373128891,300,16.484941698610783
0.45,0.7,0.45,0.45,0.2,0.1,0.1,636,16419.77471923828,43580.22528076172,277,25.817255847858934
0.5,0.6,0.45,0.45,0.15,0.15,0.1,635,13289.333353042603,46710.6666469574,258,20.928084020539533
0.4,0.7,0.35,0.35,0.2,0.15,0.1,634,17394.72871208191,42605.27128791809,285,27.436480618425723
0.4,0.7,0.45,0.45,0.2,0.05,0.1,633,16402.968720436096,43597.031279563904,279,25.9130627495041
0.4,0.6,0.45,0.45,0.1,0.15,0.2,632,10976.328700065613,49023.67129993439,265,17.36760870263546
0.45,0.6,0.45,0.45,0.15,0.1,0.1,630,13212.170686721802,46787.8293132782,262,20.971699502733017
0.4,0.6,0.45,0.45,0.15,0.05,0.1,625,12984.580023765564,47015.419976234436,264,20.775328038024902
0.5,0.6,0.45,0.45,0.1,0.15,0.1,624,11626.11803817749,48373.88196182251,257,18.631599420156235
0.4,0.7,0.45,0.45,0.15,0.15,0.2,622,11756.09336566925,48243.90663433075,274,18.900471648985935
0.45,0.6,0.35,0.45,0.2,0.15,0.1,620,20487.378742218018,39512.62125778198,255,33.044159261641965
0.4,0.6,0.35,0.35,0.1,0.15,0.1,620,12985.630027770996,47014.369972229004,271,20.944564560920963
0.45,0.6,0.45,0.45,0.1,0.1,0.1,619,11551.031372070312,48448.96862792969,260,18.660793815945578
0.4,0.7,0.35,0.35,0.15,0.15,0.1,618,15375.424715042114,44624.575284957886,283,24.8793280178675
0.5,0.7,0.45,0.45,0.15,0.15,0.1,616,12871.278687477112,47128.72131252289,268,20.89493293421609
0.4,0.6,0.45,0.45,0.1,0.05,0.1,616,11532.510705947876,48467.489294052124,262,18.72160828887642
0.4,0.7,0.45,0.45,0.1,0.15,0.2,615,10833.651371955872,49166.34862804413,276,17.615693287733123
0.4,0.6,0.35,0.45,0.2,0.1,0.1,614,20210.74940776825,39789.25059223175,257,32.91652998007858
0.45,0.7,0.45,0.45,0.15,0.1,0.1,614,12869.608689308167,47130.39131069183,271,20.960274738286916
0.4,0.7,0.45,0.45,0.15,0.05,0.1,610,12820.650689125061,47179.34931087494,272,21.017460146106657
0.45,0.8,0.45,0.35,0.2,0.15,0.1,608,12454.49135017395,47545.50864982605,342,20.484360773312417
0.5,0.7,0.45,0.45,0.1,0.15,0.1,607,11444.885372161865,48555.114627838135,268,18.854835868470946
0.45,0.6,0.35,0.45,0.15,0.15,0.1,606,18473.562755584717,41526.43724441528,254,30.484426989413723
0.4,0.8,0.45,0.35,0.2,0.1,0.1,604,12397.846017837524,47602.153982162476,345,20.526235128870074
0.4,0.6,0.35,0.45,0.15,0.1,0.1,602,18429.57342147827,41570.42657852173,256,30.613909338003772
0.45,0.7,0.45,0.45,0.1,0.1,0.1,602,11362.665370941162,48637.33462905884,270,18.874859420168043
0.45,0.7,0.35,0.45,0.2,0.15,0.1,601,19357.632081985474,40642.36791801453,260,32.20903840596585
0.4,0.7,0.35,0.35,0.1,0.15,0.1,597,12684.326687812805,47315.673312187195,279,21.246778371545737
0.4,0.7,0.45,0.45,0.1,0.05,0.1,597,11307.882700920105,48692.117299079895,272,18.941177053467513
0.45,0.8,0.45,0.35,0.15,0.15,0.1,594,10395.480676651001,49604.519323349,339,17.50080921995118
0.4,0.7,0.35,0.45,0.2,0.1,0.1,590,19182.33207988739,40817.66792011261,261,32.51242725404642
0.5,0.8,0.45,0.45,0.2,0.15,0.1,589,13898.107368469238,46101.89263153076,296,23.596107586535208
0.4,0.8,0.45,0.45,0.2,0.15,0.2,588,13362.809376716614,46637.190623283386,306,22.725866286933016
0.4,0.6,0.25,0.45,0.2,0.15,0.1,587,26769.394136428833,33230.60586357117,240,45.60373788148012
0.45,0.7,0.35,0.45,0.15,0.15,0.1,587,18053.338758468628,41946.66124153137,259,30.755261939469552
0.4,0.8,0.45,0.35,0.15,0.1,0.1,587,10284.031342506409,49715.96865749359,341,17.519644535786046
0.45,0.8,0.45,0.35,0.1,0.15,0.1,585,9469.651350975037,50530.34864902496,340,16.187438206794933
0.45,0.6,0.35,0.45,0.1,0.15,0.1,584,14911.378058433533,45088.62194156647,247,25.533181606906734
0.4,0.7,0.35,0.45,0.15,0.1,0.1,583,18038.03475666046,41961.96524333954,262,30.94002531159599
0.45,0.8,0.45,0.45,0.2,0.1,0.1,579,13738.037369728088,46261.96263027191,300,23.727180258597734
0.45,0.6,0.45,0.25,0.2,0.15,0.1,579,9386.940032958984,50613.059967041016,250,16.212331663141597
0.4,0.6,0.45,0.25,0.2,0.1,0.1,578,9359.26003074646,50640.73996925354,252,16.192491402675536
0.4,0.8,0.45,0.35,0.1,0.1,0.1,577,9334.486020088196,50665.513979911804,344,16.17761875231923
0.4,0.6,0.35,0.45,0.1,0.1,0.1,576,14648.429396629333,45351.57060337067,248,25.431301035814815
0.45,0.6,0.45,0.25,0.15,0.15,0.1,575,9006.364706993103,50993.6352930069,250,15.663242968683658
0.45,0.6,0.45,0.25,0.1,0.15,0.1,575,9002.387372016907,50997.61262798309,254,15.656325864377228
0.4,0.6,0.45,0.25,0.15,0.1,0.1,574,8980.547370910645,51019.452629089355,253,15.645552910994153
0.4,0.6,0.45,0.25,0.1,0.1,0.1,574,8971.34003829956,51028.65996170044,256,15.629512261845925
0.4,0.6,0.25,0.45,0.15,0.15,0.1,572,24541.23411655426,35458.76588344574,240,42.90425544852143
0.4,0.8,0.45,0.45,0.2,0.05,0.1,570,13636.930037498474,46363.069962501526,304,23.924438662278025
0.4,0.8,0.45,0.45,0.15,0.15,0.2,570,10557.984685897827,49442.01531410217,303,18.522780150697944
0.4,0.8,0.35,0.35,0.2,0.15,0.1,568,15219.821372032166,44780.178627967834,317,26.795460162028462
0.5,0.8,0.45,0.45,0.15,0.15,0.1,568,11042.483345985413,48957.51665401459,292,19.440991806312347
0.45,0.7,0.35,0.45,0.1,0.15,0.1,565,14481.025393486023,45518.97460651398,254,25.63013343979827
0.4,0.6,0.45,0.35,0.2,0.15,0.2,565,10794.446689605713,49205.55331039429,234,19.10521537983312
0.45,0.7,0.45,0.25,0.2,0.15,0.1,564,9132.824027061462,50867.17597293854,257,16.192950402591244
0.4,0.7,0.45,0.25,0.2,0.1,0.1,563,9128.889358520508,50871.11064147949,258,16.214723549769996
0.4,0.8,0.45,0.45,0.1,0.15,0.2,562,9818.700692176819,50181.29930782318,307,17.47099767291249
0.4,0.7,0.35,0.45,0.1,0.1,0.1,560,14482.019391059875,45517.980608940125,257,25.86074891260692
0.45,0.8,0.45,0.45,0.15,0.1,0.1,560,10938.511345863342,49061.48865413666,297,19.533055974755968
0.5,0.8,0.45,0.45,0.1,0.15,0.1,558,10021.40402507782,49978.59597492218,294,17.959505421286416
0.4,0.7,0.45,0.25,0.15,0.1,0.1,558,8765.510701179504,51234.489298820496,261,15.708800539748216
0.45,0.7,0.45,0.25,0.15,0.15,0.1,558,8759.498035430908,51240.50196456909,259,15.698025153101986
0.4,0.6,0.25,0.45,0.1,0.15,0.1,557,22723.026132583618,37276.97386741638,239,40.79537905311242
0.4,0.6,0.45,0.35,0.15,0.15,0.2,557,9345.390036582947,50654.60996341705,232,16.778079060292544
0.4,0.7,0.25,0.45,0.2,0.15,0.1,553,23952.009450912476,36047.990549087524,242,43.312856149932145
0.4,0.8,0.45,0.45,0.15,0.05,0.1,553,10821.499345779419,49178.50065422058,301,19.568714910993524
0.4,0.7,0.45,0.25,0.1,0.1,0.1,553,8694.236699104309,51305.76330089569,268,15.72194701465517
0.45,0.7,0.45,0.25,0.1,0.15,0.1,553,8691.569366455078,51308.43063354492,266,15.717123628309364
0.4,0.6,0.45,0.35,0.1,0.15,0.2,552,8978.581377029419,51021.41862297058,235,16.265545972879384
0.4,0.8,0.35,0.35,0.15,0.15,0.1,549,12442.970025062561,47557.02997493744,318,22.664790573884446
0.45,0.8,0.45,0.45,0.1,0.1,0.1,549,9886.986686706543,50113.01331329346,300,18.009083218044704
0.4,0.7,0.45,0.35,0.2,0.15,0.2,545,10522.396689414978,49477.60331058502,242,19.30714988883482
0.4,0.7,0.25,0.45,0.15,0.15,0.1,544,22836.158785820007,37163.84121417999,243,41.97823306216913
0.4,0.8,0.45,0.45,0.1,0.05,0.1,543,9813.568024635315,50186.431975364685,304,18.072869290304446
0.45,0.8,0.35,0.45,0.2,0.15,0.1,541,16897.46074104309,43102.53925895691,283,31.23375368030146
0.5,0.6,0.45,0.35,0.2,0.15,0.1,539,10225.463337898254,49774.536662101746,221,18.97117502392997
0.4,0.6,0.45,0.35,0.2,0.05,0.1,537,10264.614674568176,49735.385325431824,228,19.114738686346698
0.45,0.6,0.45,0.35,0.2,0.1,0.1,537,10224.27000617981,49775.72999382019,225,19.039608950055513
0.45,0.6,0.45,0.45,0.2,0.15,0.2,534,10482.61001777649,49517.38998222351,212,19.63035583853275
0.4,0.7,0.45,0.35,0.15,0.15,0.2,534,9051.98670387268,50948.01329612732,242,16.95128596230839
0.4,0.8,0.35,0.35,0.1,0.15,0.1,533,10360.682017326355,49639.317982673645,316,19.43842779986183
0.5,0.7,0.45,0.35,0.2,0.15,0.1,533,10212.417343139648,49787.58265686035,231,19.160257679436487
0.4,0.8,0.35,0.45,0.2,0.1,0.1,532,16775.51674079895,43224.48325920105,285,31.532926204509305
0.5,0.6,0.45,0.35,0.15,0.15,0.1,532,8843.17535686493,51156.82464313507,221,16.62251006929498
0.45,0.6,0.45,0.35,0.15,0.1,0.1,531,8838.435356140137,51161.56464385986,224,16.644887676346773
0.4,0.6,0.45,0.35,0.15,0.05,0.1,530,8849.015358924866,51150.984641075134,227,16.69625539419786
0.4,0.7,0.45,0.35,0.1,0.15,0.2,530,8684.998037338257,51315.00196266174,246,16.386788749694823
0.4,0.6,0.45,0.45,0.2,0.1,0.2,529,10295.50202178955,49704.49797821045,215,19.462196638543574
0.45,0.7,0.45,0.35,0.2,0.1,0.1,527,10097.936674118042,49902.06332588196,232,19.161170159616777
0.5,0.6,0.45,0.35,0.1,0.15,0.1,527,8462.74670124054,51537.25329875946,223,16.05834288660444
0.45,0.6,0.45,0.45,0.15,0.15,0.2,526,9388.438691139221,50611.56130886078,213,17.848742758819814
0.45,0.6,0.45,0.35,0.1,0.1,0.1,526,8470.289366722107,51529.71063327789,226,16.103211723806286
0.4,0.7,0.25,0.45,0.1,0.15,0.1,525,21446.76546573639,38553.23453426361,242,40.850981839497884
0.4,0.6,0.45,0.35,0.1,0.05,0.1,525,8465.44336605072,51534.55663394928,228,16.1246540305728
0.45,0.8,0.35,0.45,0.15,0.15,0.1,524,15064.570071220398,44935.4299287796,283,28.749179525229767
0.5,0.7,0.45,0.35,0.15,0.15,0.1,522,8715.384023666382,51284.61597633362,230,16.69613797637238
0.4,0.6,0.35,0.25,0.2,0.15,0.1,521,11470.35336303711,48529.64663696289,226,22.016033326366813
0.4,0.7,0.45,0.35,0.2,0.05,0.1,520,9984.26267337799,50015.73732662201,233,19.20050514111152
0.45,0.8,0.45,0.25,0.2,0.15,0.1,520,8336.141362190247,51663.85863780975,301,16.03104108113509
0.4,0.6,0.45,0.45,0.15,0.1,0.2,519,9266.479356765747,50733.52064323425,213,17.85448816332514
0.45,0.6,0.45,0.45,0.1,0.15,0.2,518,8495.853377342224,51504.146622657776,212,16.401261346220508
0.4,0.8,0.35,0.45,0.15,0.1,0.1,516,14957.28740310669,45042.71259689331,284,28.986991091292033
0.45,0.7,0.45,0.35,0.15,0.1,0.1,515,8604.744023323059,51395.25597667694,231,16.70824082198652
0.4,0.8,0.45,0.25,0.2,0.1,0.1,514,8263.776027679443,51736.22397232056,305,16.07738526785884
0.45,0.7,0.45,0.45,0.2,0.15,0.2,513,10060.446016311646,49939.553983688354,219,19.611005879749797
0.45,0.8,0.45,0.25,0.15,0.15,0.1,513,8117.832030296326,51882.167969703674,305,15.82423397718582
0.55,0.6,0.45,0.45,0.2,0.15,0.1,512,10003.385341644287,49996.61465835571,198,19.537861995399
0.4,0.6,0.45,0.45,0.1,0.1,0.2,512,8382.510039329529,51617.48996067047,214,16.372089920565486
0.5,0.7,0.45,0.35,0.1,0.15,0.1,512,8248.26003074646,51751.73996925354,233,16.10988287255168
0.4,0.7,0.45,0.45,0.2,0.1,0.2,510,10040.139348983765,49959.860651016235,221,19.68654774310542
0.4,0.7,0.45,0.35,0.15,0.05,0.1,510,8504.7113571167,51495.2886428833,232,16.67590462179745
0.45,0.7,0.45,0.35,0.1,0.1,0.1,510,8223.57336807251,51776.42663192749,235,16.124653662887273
0.4,0.8,0.45,0.35,0.2,0.15,0.2,508,9573.596020698547,50426.40397930145,275,18.845661458068008
0.45,0.8,0.45,0.25,0.1,0.15,0.1,508,8045.184025764465,51954.815974235535,316,15.836976428670207
0.4,0.8,0.45,0.25,0.15,0.1,0.1,508,8034.494695663452,51965.50530433655,315,15.815934440282387
0.4,0.7,0.35,0.25,0.2,0.15,0.1,506,11204.849358558655,48795.150641441345,230,22.143971064345166
0.5,0.6,0.45,0.45,0.2,0.1,0.1,505,9899.852675437927,50100.14732456207,198,19.60366866423352
0.4,0.6,0.35,0.25,0.15,0.15,0.1,505,8469.502694129944,51530.497305870056,220,16.771292463623652
0.4,0.8,0.45,0.25,0.1,0.1,0.1,505,7992.758025169373,52007.24197483063,319,15.827243614196778
0.45,0.7,0.45,0.45,0.15,0.15,0.2,504,9077.342685699463,50922.65731430054,219,18.010600566864014
0.4,0.7,0.45,0.35,0.1,0.05,0.1,503,8117.595366477966,51882.404633522034,237,16.1383605695387
0.45,0.8,0.35,0.45,0.1,0.15,0.1,502,12170.77804851532,47829.22195148468,276,24.244577785887092
0.4,0.7,0.45,0.45,0.15,0.1,0.2,502,9053.630018234253,50946.36998176575,221,18.035119558235564
0.45,0.6,0.45,0.45,0.2,0.05,0.1,501,9870.948008537292,50129.05199146271,203,19.702491035004577
0.4,0.6,0.35,0.25,0.1,0.15,0.1,501,8104.583366394043,51895.41663360596,222,16.176813106574937
0.55,0.7,0.45,0.45,0.2,0.15,0.1,500,9703.709342002869,50296.29065799713,204,19.407418684005737
0.55,0.6,0.45,0.45,0.15,0.15,0.1,500,8350.070693969727,51649.92930603027,197,16.700141387939453
0.5,0.7,0.45,0.45,0.2,0.1,0.1,497,9638.30934047699,50361.69065952301,207,19.39297654019515
0.4,0.6,0.35,0.45,0.2,0.15,0.2,496,13503.869366645813,46496.13063335419,199,27.225543077914946
0.4,0.8,0.45,0.35,0.15,0.15,0.2,496,8352.266706466675,51647.733293533325,278,16.839247392069908
0.5,0.6,0.45,0.45,0.15,0.1,0.1,495,8277.652027130127,51722.34797286987,199,16.72252934773763
0.45,0.7,0.45,0.45,0.1,0.15,0.2,495,8169.615370750427,51830.38462924957,220,16.50427347626349
0.4,0.8,0.35,0.45,0.1,0.1,0.1,494,12086.679379463196,47913.320620536804,278,24.46696230660566
0.55,0.6,0.45,0.45,0.1,0.15,0.1,494,7940.253366470337,52059.74663352966,198,16.073387381518902
0.45,0.6,0.35,0.35,0.2,0.15,0.1,492,12138.908031463623,47861.09196853638,204,24.67257729972281
0.4,0.7,0.45,0.45,0.1,0.1,0.2,492,8149.720703125,51850.279296875,222,16.5644729738313
0.45,0.6,0.45,0.45,0.15,0.05,0.1,491,8233.683359146118,51766.31664085388,203,16.76921254408578
0.4,0.6,0.35,0.35,0.2,0.1,0.1,490,12111.51136302948,47888.48863697052,205,24.717370128631593
0.55,0.7,0.45,0.45,0.15,0.15,0.1,489,8188.822691917419,51811.17730808258,204,16.746058674677748
0.4,0.8,0.45,0.35,0.1,0.15,0.2,489,8079.240043640137,51920.75995635986,280,16.521963279427684
0.5,0.6,0.45,0.45,0.1,0.1,0.1,489,7863.532698631287,52136.46730136871,201,16.080843964481158
0.45,0.7,0.45,0.45,0.2,0.05,0.1,488,9514.275337219238,50485.72466278076,209,19.496465854957457
0.4,0.7,0.35,0.25,0.15,0.15,0.1,487,8168.056023597717,51831.94397640228,227,16.772188960159585
0.4,0.8,0.25,0.45,0.2,0.15,0.1,486,20621.924107551575,39378.075892448425,253,42.43194260813081
0.5,0.8,0.45,0.35,0.2,0.15,0.1,486,8772.354021072388,51227.64597892761,259,18.050111154469935
0.5,0.7,0.45,0.45,0.15,0.1,0.1,484,8128.312689781189,51871.68731021881,207,16.794034483018986
0.45,0.6,0.45,0.45,0.1,0.05,0.1,484,7816.112698554993,52183.88730144501,203,16.14899317883263
0.45,0.7,0.45,0.45,0.15,0.05,0.1,481,8120.354021072388,51879.64597892761,210,16.882232892042385
0.55,0.7,0.45,0.45,0.1,0.15,0.1,481,7765.717360496521,52234.28263950348,207,16.144942537414806
0.4,0.7,0.35,0.25,0.1,0.15,0.1,480,7765.332026481628,52234.66797351837,233,16.17777505517006
0.5,0.7,0.45,0.45,0.1,0.1,0.1,479,7782.847363471985,52217.152636528015,210,16.248115581361137
0.45,0.7,0.35,0.35,0.2,0.15,0.1,478,11795.64136505127,48204.35863494873,208,24.677073985462908
0.45,0.8,0.45,0.35,0.2,0.1,0.1,477,8584.589352607727,51415.41064739227,263,17.99704266794073
0.5,0.6,0.35,0.45,0.2,0.15,0.1,476,14408.320032119751,45591.67996788025,189,30.26957989941124
0.5,0.8,0.45,0.35,0.15,0.15,0.1,476,7817.014698982239,52182.98530101776,260,16.422299787777813
0.4,0.6,0.45,0.25,0.2,0.15,0.2,476,7716.262041091919,52283.73795890808,198,16.210634540109073
0.45,0.6,0.35,0.35,0.15,0.15,0.1,473,9292.986674308777,50707.01332569122,198,19.64690628817923
0.45,0.8,0.45,0.45,0.2,0.15,0.2,473,9054.628680229187,50945.37131977081,239,19.14297818230272
0.4,0.6,0.45,0.25,0.15,0.15,0.2,473,7676.059369087219,52323.94063091278,199,16.22845532576579
0.4,0.6,0.35,0.45,0.15,0.15,0.2,472,9516.317345619202,50483.6826543808,191,20.161689291566105
0.4,0.6,0.45,0.45,0.2,0.15,0.3,472,8712.454694747925,51287.545305252075,182,18.458590454974416
0.4,0.8,0.25,0.45,0.15,0.15,0.1,471,19380.749445915222,40619.25055408478,255,41.14808799557372
0.45,0.6,0.35,0.45,0.2,0.1,0.1,471,14098.692705154419,45901.30729484558,191,29.93353015956352
0.4,0.6,0.35,0.35,0.15,0.1,0.1,471,9279.30600643158,50720.69399356842,199,19.70128663785898
0.4,0.6,0.45,0.25,0.1,0.15,0.2,471,7675.691369056702,52324.3086309433,203,16.29658464767877
0.4,0.7,0.35,0.45,0.2,0.15,0.2,470,12716.510039329529,47283.48996067047,205,27.056404338999
0.4,0.7,0.35,0.35,0.2,0.1,0.1,470,11662.232699394226,48337.767300605774,209,24.813261062540906
0.4,0.8,0.45,0.35,0.2,0.05,0.1,470,8461.792016983032,51538.20798301697,267,18.00381280209156
0.4,0.6,0.35,0.45,0.2,0.05,0.1,469,14076.246705055237,45923.75329494476,192,30.013319200544213
0.45,0.8,0.45,0.35,0.15,0.1,0.1,468,7652.03936290741,52347.96063709259,265,16.350511459203865
0.45,0.7,0.45,0.45,0.1,0.05,0.1,468,7613.052697181702,52386.9473028183,211,16.26720661790962
0.4,0.8,0.45,0.45,0.2,0.1,0.2,466,8930.683346748352,51069.31665325165,239,19.164556538086593
0.45,0.6,0.35,0.35,0.1,0.15,0.1,465,7872.095356941223,52127.90464305878,198,16.92923732675532
0.55,0.8,0.45,0.45,0.2,0.15,0.1,464,8691.639343261719,51308.36065673828,223,18.731981343236463
0.45,0.8,0.45,0.45,0.15,0.15,0.2,464,8272.910689353943,51727.08931064606,240,17.829548899469703
0.4,0.7,0.45,0.25,0.2,0.15,0.2,464,7528.554708480835,52471.445291519165,209,16.225333423450074
0.5,0.8,0.45,0.35,0.1,0.15,0.1,464,7472.970701217651,52527.02929878235,262,16.105540304348388
0.4,0.6,0.45,0.45,0.15,0.15,0.3,463,7836.18604850769,52163.81395149231,181,16.9248078801462
0.5,0.7,0.35,0.45,0.2,0.15,0.1,462,13979.094708442688,46020.90529155731,194,30.25778075420495
0.4,0.6,0.35,0.35,0.1,0.1,0.1,461,7833.788022041321,52166.21197795868,199,16.99303258577293
0.4,0.6,0.35,0.45,0.1,0.15,0.2,459,8444.242013931274,51555.757986068726,189,18.397041424686872
0.45,0.6,0.45,0.35,0.2,0.15,0.2,459,7814.890025138855,52185.109974861145,186,17.025904194202298
0.4,0.8,0.45,0.35,0.15,0.05,0.1,459,7475.837363243103,52524.1626367569,267,16.287227370900005
0.4,0.7,0.45,0.25,0.15,0.15,0.2,458,7475.106705665588,52524.89329433441,212,16.321193680492552
0.45,0.8,0.45,0.35,0.1,0.1,0.1,458,7361.21203327179,52638.78796672821,268,16.072515356488623
0.4,0.8,0.45,0.45,0.15,0.1,0.2,457,8171.1100215911865,51828.88997840881,242,17.879890638055112
0.4,0.6,0.45,0.45,0.1,0.15,0.3,457,7732.055376052856,52267.94462394714,181,16.919158372106907
0.45,0.7,0.35,0.45,0.2,0.1,0.1,456,13770.410707473755,46229.589292526245,196,30.19826909533718
0.5,0.8,0.45,0.45,0.2,0.1,0.1,456,8611.476677894592,51388.52332210541,228,18.884817276084632
0.4,0.8,0.25,0.45,0.1,0.15,0.1,455,17558.727442741394,42441.272557258606,257,38.5906097642668
0.45,0.7,0.35,0.35,0.15,0.15,0.1,455,9119.056674957275,50880.943325042725,203,20.041882802103903
0.45,0.8,0.45,0.45,0.1,0.15,0.2,455,7577.347371101379,52422.65262889862,241,16.653510705717316
0.4,0.6,0.45,0.35,0.2,0.1,0.2,453,7719.782024383545,52280.217975616455,186,17.041461422480232
0.4,0.7,0.45,0.25,0.1,0.15,0.2,453,7477.081370353699,52522.9186296463,216,16.505698389301763
0.4,0.7,0.35,0.45,0.2,0.05,0.1,451,13707.840706825256,46292.159293174744,197,30.39432529229547
0.45,0.6,0.35,0.45,0.15,0.1,0.1,451,10579.361342430115,49420.638657569885,185,23.457563952173203
0.5,0.6,0.35,0.45,0.15,0.15,0.1,451,10544.19533920288,49455.80466079712,182,23.379590552556277
0.4,0.7,0.45,0.45,0.2,0.15,0.3,451,8418.949354171753,51581.05064582825,192,18.66729346823005
0.55,0.8,0.45,0.45,0.15,0.15,0.1,451,7632.823355674744,52367.176644325256,223,16.924220300830918
0.45,0.6,0.45,0.35,0.15,0.15,0.2,451,7357.049364089966,52642.950635910034,185,16.3127480356762
0.4,0.8,0.45,0.35,0.1,0.05,0.1,451,7199.999364852905,52800.000635147095,270,15.964521873288039
0.4,0.8,0.35,0.25,0.2,0.15,0.1,450,9154.064022064209,50845.93597793579,272,20.34236449347602
0.4,0.7,0.35,0.35,0.15,0.1,0.1,449,9005.285341262817,50994.71465873718,204,20.05631479123122
0.4,0.8,0.45,0.45,0.1,0.1,0.2,448,7501.771368026733,52498.22863197327,245,16.745025375059672
0.4,0.6,0.35,0.45,0.15,0.05,0.1,447,10364.948679924011,49635.05132007599,185,23.18780465307385
0.45,0.8,0.45,0.45,0.2,0.05,0.1,447,8495.936010360718,51504.06398963928,231,19.00656825584053
0.4,0.6,0.45,0.35,0.15,0.1,0.2,445,7282.094698905945,52717.905301094055,186,16.364257750350436
0.45,0.6,0.45,0.35,0.1,0.15,0.2,444,7265.758700370789,52734.24129962921,187,16.364321397231507
0.5,0.6,0.45,0.25,0.2,0.15,0.1,444,7002.884030342102,52997.1159696579,185,15.77226132959933
0.4,0.7,0.35,0.45,0.15,0.15,0.2,443,9101.640674591064,50898.359325408936,198,20.545464276729266
0.5,0.6,0.45,0.45,0.2,0.15,0.2,443,8007.1026792526245,51992.897320747375,171,18.074723880931433
0.5,0.8,0.45,0.45,0.15,0.1,0.1,443,7533.4373569488525,52466.56264305115,227,17.00550193442179
0.5,0.6,0.35,0.45,0.1,0.15,0.1,442,8955.81136226654,51044.18863773346,183,20.26201665671163
0.45,0.6,0.45,0.25,0.2,0.1,0.1,441,6964.642031669617,53035.35796833038,187,15.792839074080764
0.45,0.6,0.45,0.45,0.2,0.1,0.2,440,8035.767351150513,51964.23264884949,174,18.263107616251165
0.55,0.8,0.45,0.45,0.1,0.15,0.1,440,7153.036695480347,52846.96330451965,226,16.25690158063715
0.5,0.6,0.45,0.25,0.15,0.15,0.1,440,6943.304029464722,53056.69597053528,186,15.78023643060164
0.45,0.7,0.45,0.35,0.2,0.15,0.2,439,7559.455360412598,52440.5446395874,191,17.219716082944412
0.4,0.6,0.45,0.35,0.1,0.1,0.2,439,7204.942032814026,52795.057967185974,188,16.412168639667485
0.45,0.6,0.45,0.25,0.15,0.1,0.1,439,6955.07336139679,53044.92663860321,189,15.842991711609999
0.4,0.6,0.45,0.25,0.2,0.05,0.1,439,6936.12802696228,53063.87197303772,189,15.799836052305878
0.45,0.7,0.35,0.35,0.1,0.15,0.1,438,7543.181355476379,52456.81864452362,203,17.221875240813652
0.4,0.7,0.45,0.45,0.15,0.15,0.3,438,7443.762707710266,52556.237292289734,191,16.994892026735766
0.5,0.7,0.35,0.45,0.15,0.15,0.1,437,10261.196676254272,49738.80332374573,188,23.480999259163095
0.45,0.6,0.35,0.45,0.1,0.1,0.1,436,8863.22336101532,51136.77663898468,183,20.328493947282844
0.4,0.7,0.45,0.35,0.2,0.1,0.2,436,7506.79469203949,52493.20530796051,192,17.217419018439198
0.4,0.6,0.45,0.25,0.15,0.05,0.1,436,6916.005359649658,53083.99464035034,189,15.862397613875363
0.4,0.6,0.35,0.45,0.1,0.05,0.1,435,8863.807360649109,51136.19263935089,184,20.376568645170366
0.4,0.7,0.35,0.35,0.1,0.1,0.1,435,7496.171354293823,52503.82864570618,204,17.232577825962814
0.45,0.7,0.35,0.45,0.15,0.1,0.1,434,10215.673342704773,49784.32665729523,188,23.53841784033358
0.4,0.6,0.45,0.45,0.2,0.05,0.2,434,7921.105350494385,52078.894649505615,174,18.251394816807338
0.45,0.8,0.45,0.45,0.15,0.05,0.1,434,7401.877356529236,52598.122643470764,230,17.05501695052819
0.4,0.8,0.35,0.25,0.15,0.15,0.1,434,7141.243363380432,52858.75663661957,272,16.45447779580745
0.5,0.6,0.45,0.25,0.1,0.15,0.1,434,6862.328693389893,53137.67130661011,188,15.811817265875328
0.5,0.6,0.45,0.45,0.15,0.15,0.2,433,7181.148703575134,52818.851296424866,171,16.584639038279757
0.5,0.8,0.45,0.45,0.1,0.1,0.1,433,7055.484028816223,52944.51597118378,231,16.294420389875803
0.45,0.6,0.45,0.25,0.1,0.1,0.1,432,6836.220027923584,53163.779972076416,190,15.82458339797126
0.4,0.6,0.25,0.35,0.2,0.15,0.1,431,15205.127356529236,44794.872643470764,178,35.278717764568995
0.4,0.7,0.35,0.45,0.1,0.15,0.2,431,8049.394679069519,51950.60532093048,196,18.676089742620693
0.45,0.7,0.45,0.35,0.15,0.15,0.2,430,7112.635365486145,52887.364634513855,193,16.541012477874755
0.45,0.6,0.45,0.45,0.15,0.1,0.2,430,7095.455370903015,52904.544629096985,172,16.501059002100035
0.4,0.6,0.45,0.25,0.1,0.05,0.1,430,6825.061361312866,53174.938638687134,191,15.87223572398341
0.4,0.8,0.35,0.25,0.1,0.15,0.1,429,6931.6320333480835,53068.36796665192,272,16.15765042738481
0.45,0.6,0.25,0.45,0.2,0.15,0.1,428,17598.2340631485,42401.7659368515,171,41.11736930642173
0.5,0.7,0.45,0.25,0.2,0.15,0.1,428,6684.014028549194,53315.985971450806,188,15.61685520689064
0.45,0.7,0.45,0.25,0.2,0.1,0.1,427,6674.73069190979,53325.26930809021,190,15.631687803067424
0.55,0.6,0.45,0.35,0.2,0.15,0.1,426,7136.250683784485,52863.749316215515,167,16.75176216850818
0.5,0.6,0.45,0.45,0.1,0.15,0.2,426,7088.922032356262,52911.07796764374,170,16.64066204778465
0.45,0.8,0.35,0.35,0.2,0.15,0.1,425,9800.925352096558,50199.07464790344,228,23.06100082846249
0.5,0.7,0.45,0.45,0.2,0.15,0.2,424,7831.020683288574,52168.979316711426,176,18.469388403982485
0.4,0.7,0.45,0.45,0.1,0.15,0.3,424,7240.606706619263,52759.39329338074,190,17.07690260995109
0.4,0.7,0.45,0.35,0.15,0.1,0.2,424,7018.58869934082,52981.41130065918,194,16.553275234294386
0.4,0.6,0.45,0.45,0.15,0.05,0.2,424,7000.266035079956,52999.733964920044,173,16.51006140349046
0.45,0.8,0.45,0.45,0.1,0.05,0.1,424,6938.9366979599,53061.0633020401,233,16.365416740471463
0.5,0.7,0.45,0.25,0.15,0.15,0.1,424,6685.9373598098755,53314.062640190125,193,15.768720188230839
0.4,0.7,0.45,0.25,0.2,0.05,0.1,424,6675.90002822876,53324.09997177124,191,15.745047236388585
0.5,0.6,0.45,0.35,0.2,0.1,0.1,423,7085.58668422699,52914.41331577301,169,16.75079594379903
0.4,0.6,0.25,0.45,0.2,0.1,0.1,422,17313.356060028076,42686.643939971924,171,41.026910094853264
0.4,0.8,0.35,0.45,0.2,0.15,0.2,422,10893.725365638733,49106.27463436127,214,25.814515084451973
0.45,0.7,0.45,0.35,0.1,0.15,0.2,422,7044.620036125183,52955.37996387482,196,16.69341240787958
0.45,0.6,0.45,0.45,0.1,0.1,0.2,422,7016.871367454529,52983.12863254547,172,16.627657268849596
0.45,0.7,0.45,0.25,0.15,0.1,0.1,422,6656.730025291443,53343.26997470856,194,15.774241766093466
0.4,0.7,0.35,0.45,0.15,0.05,0.1,421,10005.918675422668,49994.08132457733,188,23.767027732595412
0.4,0.7,0.45,0.25,0.15,0.05,0.1,420,6646.367359161377,53353.63264083862,196,15.82468418847947
0.5,0.7,0.35,0.45,0.1,0.15,0.1,419,8647.13535785675,51352.86464214325,186,20.6375545533574
0.4,0.7,0.45,0.35,0.1,0.1,0.2,419,6994.514701843262,53005.48529815674,197,16.69335251036578
0.55,0.6,0.45,0.35,0.15,0.15,0.1,419,6696.425358772278,53303.57464122772,168,15.981922097308539
0.45,0.6,0.45,0.35,0.2,0.05,0.1,418,7009.971348762512,52990.02865123749,170,16.77026638459931
0.5,0.7,0.45,0.25,0.1,0.15,0.1,418,6641.638030052185,53358.361969947815,199,15.889086196297093
0.45,0.7,0.45,0.25,0.1,0.1,0.1,418,6626.7486963272095,53373.25130367279,201,15.853465780687104
0.4,0.8,0.45,0.25,0.2,0.15,0.2,417,6845.388039588928,53154.61196041107,241,16.41579865608856
0.5,0.6,0.45,0.35,0.15,0.1,0.1,417,6670.625356674194,53329.374643325806,169,15.996703493223487
0.55,0.7,0.45,0.35,0.2,0.15,0.1,416,7046.622020721436,52953.377979278564,173,16.938995242118835
0.4,0.6,0.25,0.35,0.15,0.15,0.1,415,12527.006701469421,47472.99329853058,175,30.185558316793788
0.45,0.7,0.45,0.45,0.2,0.1,0.2,415,7682.124682426453,52317.87531757355,177,18.51114381307579
0.55,0.6,0.45,0.35,0.1,0.15,0.1,415,6685.975361824036,53314.024638175964,171,16.110784004395267
0.45,0.6,0.45,0.35,0.15,0.05,0.1,415,6685.808026313782,53314.19197368622,171,16.11038078629827
0.4,0.7,0.45,0.25,0.1,0.05,0.1,415,6580.5520305633545,53419.447969436646,202,15.856751880875553
0.4,0.8,0.35,0.35,0.2,0.1,0.1,414,9623.493353843689,50376.50664615631,231,23.245153028607945
0.45,0.7,0.35,0.45,0.1,0.1,0.1,414,8563.915355682373,51436.08464431763,186,20.685785883290755
0.5,0.7,0.45,0.45,0.15,0.15,0.2,414,6896.373369216919,53103.62663078308,176,16.657906688929756
0.4,0.6,0.45,0.45,0.1,0.05,0.2,414,6851.700699806213,53148.29930019379,172,16.550001690353174
0.45,0.6,0.25,0.45,0.15,0.15,0.1,412,15559.84874534607,44440.15125465393,169,37.766623168315704
0.5,0.8,0.35,0.45,0.2,0.15,0.1,412,11280.478031158447,48719.52196884155,206,27.379801046501086
0.4,0.7,0.35,0.45,0.1,0.05,0.1,412,8534.562690734863,51465.43730926514,188,20.714957987220544
0.4,0.8,0.45,0.25,0.15,0.15,0.2,412,6775.637375831604,53224.362624168396,247,16.445721785999037
0.5,0.6,0.45,0.35,0.1,0.1,0.1,412,6656.029360771179,53343.97063922882,172,16.155411069832958
0.4,0.7,0.25,0.35,0.2,0.15,0.1,410,14048.90403175354,45951.09596824646,180,34.26561958964278
0.4,0.7,0.45,0.45,0.2,0.05,0.2,410,7611.825347900391,52388.17465209961,177,18.565427677805832
0.45,0.6,0.45,0.35,0.1,0.05,0.1,410,6618.739360809326,53381.260639190674,173,16.143266733681283
0.5,0.7,0.45,0.35,0.2,0.1,0.1,409,6959.971355438232,53040.02864456177,174,17.017044878822084
0.45,0.8,0.35,0.35,0.15,0.15,0.1,408,7730.921346664429,52269.07865333557,224,18.948336633981445
0.4,0.8,0.45,0.25,0.1,0.15,0.2,408,6733.358708381653,53266.64129161835,250,16.50333016760209
0.4,0.6,0.25,0.45,0.15,0.1,0.1,407,15488.00940990448,44511.99059009552,169,38.05407717421248
0.55,0.7,0.45,0.35,0.15,0.15,0.1,405,6586.405361175537,53413.59463882446,173,16.26272928685318
0.45,0.8,0.35,0.45,0.2,0.1,0.1,404,11176.356032371521,48823.64396762848,209,27.664247604880003
0.45,0.7,0.45,0.35,0.2,0.05,0.1,404,6870.224688529968,53129.77531147003,174,17.00550665477715
0.45,0.7,0.25,0.45,0.2,0.15,0.1,402,16399.494731903076,43600.505268096924,172,40.79476301468427
0.4,0.8,0.35,0.45,0.15,0.15,0.2,402,8049.395344734192,51950.60465526581,210,20.02337150431391
0.45,0.7,0.45,0.45,0.15,0.1,0.2,402,6695.036033630371,53304.96396636963,176,16.65431849161784
0.4,0.7,0.25,0.45,0.2,0.1,0.1,401,16400.69806575775,43599.30193424225,174,40.89949642333604
0.55,0.6,0.45,0.45,0.2,0.1,0.1,400,6794.0073528289795,53205.99264717102,150,16.98501838207245
0.5,0.7,0.45,0.45,0.1,0.15,0.2,399,6653.079364776611,53346.92063522339,174,16.674384372873714
0.5,0.7,0.45,0.35,0.15,0.1,0.1,399,6474.301362991333,53525.69863700867,175,16.226319205492064
0.4,0.8,0.35,0.35,0.15,0.1,0.1,396,7514.268682479858,52485.73131752014,229,18.97542596585823
0.45,0.8,0.45,0.35,0.2,0.15,0.2,396,6739.868701934814,53260.131298065186,207,17.01987045943135
0.45,0.8,0.35,0.35,0.1,0.15,0.1,396,6726.508693695068,53273.49130630493,227,16.986133064886538
0.55,0.7,0.45,0.35,0.1,0.15,0.1,396,6435.520694732666,53564.479305267334,177,16.25131488568855
0.4,0.8,0.35,0.45,0.2,0.05,0.1,395,11038.142698287964,48961.857301712036,209,27.944665058956872
0.4,0.8,0.45,0.45,0.2,0.15,0.3,395,7301.029356956482,52698.97064304352,201,18.483618625206283
0.5,0.6,0.45,0.45,0.2,0.05,0.1,395,6751.300019264221,53248.69998073578,152,17.091898782947396
0.4,0.7,0.45,0.45,0.15,0.05,0.2,395,6602.132034301758,53397.86796569824,176,16.714258314687996
0.45,0.7,0.45,0.45,0.1,0.1,0.2,395,6588.571363449097,53411.4286365509,176,16.679927502402776
0.45,0.7,0.45,0.35,0.15,0.05,0.1,394,6397.696029663086,53602.303970336914,175,16.237807181886005
0.55,0.6,0.45,0.45,0.15,0.1,0.1,393,6408.456694602966,53591.543305397034,152,16.306505584231466
0.45,0.7,0.25,0.45,0.15,0.15,0.1,392,15173.5567445755,44826.4432554245,174,38.70805291983546
0.4,0.7,0.25,0.35,0.15,0.15,0.1,392,12031.938039779663,47968.06196022034,178,30.693719489233835
0.4,0.6,0.25,0.35,0.1,0.15,0.1,392,9628.439345359802,50371.5606546402,169,24.562345268775005
0.4,0.6,0.35,0.35,0.2,0.15,0.2,392,8167.720679283142,51832.27932071686,158,20.836022141028423
0.4,0.8,0.35,0.45,0.1,0.15,0.2,391,7210.253351211548,52789.74664878845,211,18.4405456552725
0.5,0.8,0.45,0.25,0.2,0.15,0.1,391,6209.818696022034,53790.181303977966,220,15.881889248138194
0.5,0.7,0.45,0.35,0.1,0.1,0.1,390,6344.2140283584595,53655.78597164154,177,16.26721545732938
0.4,0.8,0.45,0.35,0.2,0.1,0.2,389,6609.753364562988,53390.24663543701,210,16.99165389347812
0.5,0.8,0.35,0.45,0.15,0.15,0.1,388,8365.338677406311,51634.66132259369,200,21.560151230428637
0.4,0.8,0.45,0.45,0.15,0.15,0.3,388,6633.348705291748,53366.65129470825,201,17.096259549721
0.4,0.8,0.35,0.35,0.1,0.1,0.1,388,6571.918025016785,53428.081974983215,229,16.937933054166972
0.4,0.7,0.45,0.45,0.1,0.05,0.2,388,6558.329363822937,53441.67063617706,178,16.902910731502416
0.4,0.7,0.25,0.45,0.15,0.1,0.1,387,15085.124744415283,44914.87525558472,174,38.979650502365075
0.55,0.7,0.45,0.45,0.2,0.1,0.1,387,6635.884020805359,53364.11597919464,154,17.146987133863977
0.4,0.6,0.45,0.35,0.2,0.15,0.3,387,6562.470711708069,53437.52928829193,151,16.957288660744364
0.5,0.6,0.45,0.45,0.15,0.05,0.1,387,6325.114693641663,53674.88530635834,153,16.34396561664512
0.45,0.6,0.25,0.45,0.1,0.15,0.1,386,11935.632046699524,48064.367953300476,161,30.921326545853688
0.45,0.8,0.45,0.35,0.15,0.15,0.2,386,6424.79470539093,53575.20529460907,210,16.64454586888842
0.5,0.8,0.45,0.45,0.2,0.15,0.2,385,7036.80601978302,52963.19398021698,186,18.27741823320265
0.45,0.8,0.45,0.25,0.2,0.1,0.1,385,6122.066027641296,53877.9339723587,224,15.901470201665704
0.45,0.7,0.45,0.35,0.1,0.05,0.1,384,6266.190696716309,53733.80930328369,179,16.318204939365387
0.4,0.6,0.25,0.45,0.1,0.1,0.1,383,11792.92604637146,48207.07395362854,163,30.790929624990756
0.45,0.6,0.35,0.45,0.2,0.15,0.2,383,8325.711340904236,51674.288659095764,150,21.738149715154663
0.5,0.8,0.45,0.25,0.15,0.15,0.1,383,6112.4920263290405,53887.50797367096,226,15.959509207125432
0.4,0.6,0.45,0.35,0.15,0.15,0.3,382,6520.335382461548,53479.66461753845,153,17.068940791784158
0.4,0.8,0.45,0.35,0.15,0.1,0.2,382,6379.0500383377075,53620.94996166229,213,16.699083869994
0.55,0.6,0.45,0.45,0.1,0.1,0.1,382,6236.654692649841,53763.34530735016,152,16.32632118494723
0.45,0.8,0.35,0.45,0.15,0.1,0.1,380,8251.378677368164,51748.621322631836,200,21.714154414126746
0.4,0.8,0.45,0.45,0.1,0.15,0.3,380,6563.786036491394,53436.213963508606,203,17.273121148661563
0.5,0.7,0.45,0.45,0.2,0.05,0.1,380,6520.491354942322,53479.50864505768,157,17.159187776164003
0.4,0.6,0.35,0.35,0.15,0.15,0.2,379,6680.941361427307,53319.05863857269,156,17.62781361854171
0.45,0.8,0.45,0.35,0.1,0.15,0.2,379,6356.599369049072,53643.40063095093,215,16.772029997490957
0.4,0.8,0.45,0.25,0.2,0.05,0.1,379,6041.731358528137,53958.26864147186,227,15.941243690047855
0.4,0.6,0.35,0.45,0.2,0.1,0.2,378,8063.020677566528,51936.97932243347,150,21.330742533244784
0.5,0.6,0.45,0.45,0.1,0.05,0.1,378,6188.778693199158,53811.22130680084,153,16.372430405288778
0.45,0.8,0.45,0.45,0.2,0.1,0.2,377,6862.929352760315,53137.070647239685,189,18.204056638621527
0.45,0.6,0.45,0.45,0.2,0.15,0.3,377,6446.014710426331,53553.98528957367,141,17.09818225577276
0.5,0.8,0.45,0.25,0.1,0.15,0.1,377,6014.068025588989,53985.93197441101,231,15.952435081137903
0.4,0.7,0.35,0.35,0.2,0.15,0.2,376,8022.988673210144,51977.011326789856,164,21.337735833005702
0.5,0.8,0.45,0.45,0.15,0.15,0.2,376,6346.011364936829,53653.98863506317,186,16.877689800363907
0.4,0.8,0.45,0.35,0.1,0.1,0.2,376,6298.917368888855,53701.082631111145,218,16.752439810874613
0.45,0.8,0.45,0.25,0.15,0.1,0.1,376,5996.326026916504,54003.673973083496,231,15.94767560350134
0.55,0.7,0.45,0.45,0.15,0.1,0.1,375,6134.851360321045,53865.148639678955,155,16.359603627522787
0.55,0.8,0.45,0.35,0.2,0.15,0.1,374,6207.304690361023,53792.69530963898,189,16.597071364601664
0.4,0.8,0.45,0.25,0.15,0.05,0.1,374,5975.79002571106,54024.20997428894,236,15.978048197088395
0.4,0.7,0.25,0.35,0.1,0.15,0.1,373,9518.98733997345,50481.01266002655,175,25.52007329751595
0.5,0.8,0.35,0.45,0.1,0.15,0.1,373,7327.681351661682,52672.31864833832,200,19.64525831544687
0.45,0.6,0.35,0.45,0.15,0.15,0.2,373,7142.318015098572,52857.68198490143,149,19.148305670505554
0.5,0.7,0.45,0.45,0.15,0.05,0.1,373,6090.757358551025,53909.242641448975,157,16.3291081998687
0.4,0.8,0.35,0.45,0.15,0.05,0.1,372,8236.506002426147,51763.49399757385,206,22.141145167812223
0.45,0.6,0.35,0.25,0.2,0.15,0.1,372,6428.312688827515,53571.687311172485,156,17.280410453837405
0.45,0.8,0.45,0.25,0.1,0.1,0.1,372,5948.050024032593,54051.94997596741,236,15.989381785033851
0.4,0.6,0.35,0.25,0.2,0.1,0.1,371,6439.320687294006,53560.679312705994,157,17.356659534485193
0.45,0.6,0.45,0.45,0.15,0.15,0.3,371,6406.246040344238,53593.75395965576,141,17.267509542706843
0.4,0.6,0.45,0.35,0.1,0.15,0.3,371,6358.664042472839,53641.33595752716,154,17.139256179172072
0.4,0.6,0.35,0.35,0.1,0.15,0.2,370,6283.844033241272,53716.15596675873,158,16.983362252003438
0.4,0.8,0.45,0.25,0.1,0.05,0.1,370,5912.701357841492,54087.29864215851,239,15.98027394011214
0.45,0.8,0.35,0.45,0.1,0.1,0.1,369,7303.56001663208,52696.43998336792,202,19.792845573528673
0.4,0.8,0.45,0.45,0.2,0.05,0.2,369,6729.537352561951,53270.46264743805,189,18.237228597728862
0.5,0.8,0.45,0.35,0.2,0.1,0.1,369,6152.030022621155,53847.969977378845,192,16.67216808298416
0.45,0.6,0.45,0.25,0.2,0.15,0.2,369,6120.68270778656,53879.31729221344,148,16.58721601026168
0.4,0.7,0.45,0.35,0.2,0.15,0.3,368,6281.740042686462,53718.25995731354,158,17.069945768169735
0.45,0.8,0.45,0.45,0.15,0.1,0.2,368,6204.983365058899,53795.0166349411,189,16.861367839833964
0.45,0.6,0.35,0.25,0.15,0.15,0.1,368,6064.323360443115,53935.676639556885,156,16.47913956642151
0.55,0.7,0.45,0.45,0.1,0.1,0.1,368,6051.176695823669,53948.82330417633,159,16.44341493430345
0.55,0.8,0.45,0.35,0.15,0.15,0.1,368,5960.806023597717,54039.19397640228,191,16.197842455428578
0.4,0.6,0.35,0.45,0.15,0.1,0.2,367,7031.346014022827,52968.65398597717,150,19.158980964639856
0.5,0.8,0.45,0.45,0.1,0.15,0.2,367,6212.450032234192,53787.54996776581,187,16.927656763580906
0.4,0.6,0.45,0.45,0.2,0.1,0.3,366,6205.3507080078125,53794.64929199219,142,16.954510131168888
0.4,0.6,0.45,0.25,0.2,0.1,0.2,366,6097.224039077759,53902.77596092224,150,16.659082073982947
0.45,0.6,0.45,0.25,0.15,0.15,0.2,366,6079.174039840698,53920.8259601593,151,16.609765136176772
0.5,0.7,0.45,0.45,0.1,0.05,0.1,366,6054.0200300216675,53945.97996997833,161,16.541038333392535
0.4,0.6,0.35,0.25,0.15,0.1,0.1,365,6023.370694160461,53976.62930583954,156,16.50238546345332
0.4,0.7,0.35,0.35,0.15,0.15,0.2,364,6581.176022529602,53418.8239774704,165,18.080153908048356
0.4,0.8,0.35,0.45,0.1,0.05,0.1,363,7252.066685676575,52747.933314323425,207,19.978145139604887
0.4,0.6,0.45,0.25,0.15,0.1,0.2,363,6049.530705451965,53950.469294548035,152,16.66537384422029
0.45,0.7,0.25,0.45,0.1,0.15,0.1,362,11672.167379379272,48327.83262062073,165,32.24355629662782
0.4,0.6,0.45,0.45,0.15,0.1,0.3,362,6159.560038566589,53840.43996143341,142,17.01535922255964
0.4,0.7,0.45,0.35,0.15,0.15,0.3,361,6194.001375198364,53805.998624801636,162,17.157898546255858
0.45,0.6,0.35,0.25,0.1,0.15,0.1,361,5971.002695083618,54028.99730491638,158,16.54017367059174
0.4,0.7,0.25,0.45,0.1,0.1,0.1,360,11637.682711601257,48362.31728839874,166,32.326896421114604
0.45,0.7,0.35,0.45,0.2,0.15,0.2,360,7785.827344894409,52214.17265510559,153,21.627298180262247
0.45,0.6,0.45,0.45,0.1,0.15,0.3,359,6287.124708175659,53712.87529182434,140,17.512882195475374
0.45,0.7,0.35,0.25,0.2,0.15,0.1,359,6149.564018249512,53850.43598175049,158,17.12970478621034
0.4,0.8,0.45,0.45,0.15,0.05,0.2,359,6041.04336643219,53958.95663356781,189,16.82741884800053
0.4,0.6,0.35,0.25,0.1,0.1,0.1,359,5952.044025421143,54047.95597457886,160,16.579509820114602
0.5,0.8,0.45,0.35,0.15,0.1,0.1,359,5840.981357574463,54159.01864242554,195,16.27014305731048
0.55,0.8,0.45,0.35,0.1,0.15,0.1,359,5820.938689231873,54179.06131076813,196,16.214313897581818
0.55,0.8,0.45,0.45,0.2,0.1,0.1,358,6202.488684654236,53797.511315345764,171,17.325387387302335
0.4,0.6,0.45,0.25,0.1,0.1,0.2,358,5995.460701942444,54004.539298057556,157,16.747096932800122
0.45,0.6,0.45,0.25,0.1,0.15,0.2,358,5967.156036376953,54032.84396362305,154,16.668033621164675
0.45,0.8,0.45,0.35,0.2,0.05,0.1,358,5902.16868686676,54097.83131313324,196,16.486504711918325
0.5,0.6,0.35,0.35,0.2,0.15,0.1,357,7528.998669624329,52471.00133037567,141,21.08963212779924
0.4,0.7,0.35,0.25,0.2,0.1,0.1,357,6132.263353347778,53867.73664665222,159,17.17720827268285
0.45,0.6,0.35,0.45,0.1,0.15,0.2,357,6098.0186977386475,53901.98130226135,147,17.08128486761526
0.45,0.8,0.45,0.45,0.1,0.1,0.2,357,6047.706031799316,53952.29396820068,192,16.940353030250186
0.45,0.7,0.45,0.25,0.2,0.15,0.2,357,5950.078037261963,54049.92196273804,156,16.66688525843687
0.4,0.7,0.35,0.45,0.2,0.1,0.2,356,7722.552677154541,52277.44732284546,153,21.692563699872306
0.5,0.6,0.45,0.35,0.2,0.15,0.2,356,5881.670036315918,54118.32996368408,138,16.521545045831232
0.45,0.8,0.25,0.45,0.2,0.15,0.1,355,14408.10938835144,45591.89061164856,181,40.58622362915899
0.55,0.6,0.35,0.45,0.2,0.15,0.1,355,7746.360667228699,52253.6393327713,131,21.82073427388366
0.45,0.6,0.35,0.35,0.2,0.1,0.1,355,7499.342002868652,52500.65799713135,142,21.124907050334233
0.4,0.6,0.45,0.45,0.1,0.1,0.3,354,6197.774705886841,53802.22529411316,144,17.507838152222714
0.55,0.6,0.45,0.45,0.2,0.15,0.2,354,5955.855366706848,54044.14463329315,128,16.824450188437424
0.45,0.7,0.45,0.25,0.15,0.15,0.2,354,5923.03936958313,54076.96063041687,161,16.731749631590763
0.4,0.7,0.45,0.25,0.2,0.1,0.2,354,5871.594704627991,54128.40529537201,157,16.58642571928811
0.4,0.6,0.35,0.35,0.2,0.05,0.1,353,7486.35533618927,52513.64466381073,143,21.20780548495544
0.4,0.7,0.35,0.35,0.1,0.15,0.2,353,6083.769362449646,53916.230637550354,165,17.23447411458823
0.4,0.8,0.25,0.35,0.2,0.15,0.1,352,12194.74869632721,47805.25130367279,195,34.64417243274775
0.4,0.7,0.45,0.35,0.1,0.15,0.3,352,6093.738037109375,53906.261962890625,162,17.311755787242543
0.45,0.7,0.45,0.45,0.2,0.15,0.3,352,6086.992703437805,53913.007296562195,147,17.292592907493766
0.4,0.6,0.35,0.45,0.1,0.1,0.2,352,6015.7886962890625,53984.21130371094,148,17.090308796275746
0.45,0.6,0.45,0.35,0.2,0.1,0.2,352,5829.6507024765015,54170.3492975235,139,16.56150767749006
0.45,0.7,0.35,0.25,0.15,0.15,0.1,352,5750.972025871277,54249.02797412872,162,16.33798870986158
0.5,0.8,0.45,0.35,0.1,0.1,0.1,352,5731.501356124878,54268.49864387512,199,16.28267430717295
0.4,0.8,0.45,0.45,0.1,0.05,0.2,351,5925.280695915222,54074.71930408478,192,16.88114158380405
0.4,0.7,0.35,0.25,0.15,0.1,0.1,351,5732.356023788452,54267.64397621155,163,16.331498643271942
0.45,0.8,0.45,0.35,0.15,0.05,0.1,350,5641.815354347229,54358.18464565277,200,16.119472440992084
0.5,0.6,0.35,0.45,0.2,0.1,0.1,349,7650.82066822052,52349.17933177948,133,21.922122258511518
0.5,0.8,0.45,0.45,0.2,0.05,0.1,349,6070.709349632263,53929.29065036774,172,17.39458266370276
0.55,0.6,0.45,0.45,0.15,0.15,0.2,349,5930.8660345077515,54069.13396549225,132,16.993885485695564
0.4,0.7,0.45,0.25,0.15,0.1,0.2,349,5826.921371459961,54173.07862854004,162,16.696049774956908
0.4,0.7,0.45,0.45,0.2,0.1,0.3,348,6033.923371315002,53966.076628685,150,17.338860262399432
0.5,0.6,0.45,0.35,0.15,0.15,0.2,348,5756.848035812378,54243.15196418762,138,16.5426667695758
0.45,0.7,0.35,0.45,0.15,0.15,0.2,347,6716.865345954895,53283.134654045105,153,19.356960651166844
0.5,0.6,0.35,0.35,0.15,0.15,0.1,347,6050.6540184021,53949.3459815979,139,17.437043280697694
0.4,0.8,0.25,0.45,0.2,0.1,0.1,346,14260.204719543457,45739.79528045654,181,41.21446450735103
0.45,0.7,0.45,0.45,0.15,0.15,0.3,346,6047.1933698654175,53952.80663013458,149,17.477437485160166
0.5,0.6,0.45,0.45,0.2,0.1,0.2,346,5798.147368431091,54201.85263156891,132,16.757651353847084
0.4,0.6,0.45,0.35,0.2,0.05,0.2,346,5750.030035972595,54249.969964027405,140,16.61858391899594
0.55,0.8,0.45,0.45,0.15,0.1,0.1,346,5715.176023483276,54284.82397651672,172,16.5178497788534
0.45,0.7,0.35,0.25,0.1,0.15,0.1,346,5658.700023651123,54341.29997634888,166,16.354624345812493
0.45,0.7,0.45,0.25,0.1,0.15,0.2,345,5773.47536945343,54226.52463054657,163,16.734711215807042
0.45,0.6,0.35,0.45,0.2,0.05,0.1,344,7576.0,52424.0,133,22.023255813953487
0.5,0.7,0.35,0.35,0.2,0.15,0.1,344,7337.53533744812,52662.46466255188,144,21.330044585605002
0.45,0.8,0.45,0.35,0.1,0.05,0.1,344,5589.405358314514,54410.594641685486,201,16.24827139044917
0.4,0.7,0.35,0.45,0.15,0.1,0.2,343,6660.945344924927,53339.05465507507,153,19.4196657286441
0.45,0.6,0.45,0.35,0.15,0.1,0.2,343,5695.800702095032,54304.19929790497,139,16.60583295071438
0.45,0.6,0.35,0.35,0.15,0.1,0.1,342,5986.025353431702,54013.9746465683,140,17.502998109449422
0.4,0.7,0.45,0.45,0.15,0.1,0.3,342,5961.451372146606,54038.54862785339,151,17.431144363001774
0.4,0.7,0.45,0.25,0.1,0.1,0.2,342,5747.552701950073,54252.44729804993,164,16.805709654824774
0.45,0.7,0.35,0.35,0.2,0.1,0.1,341,7355.470672607422,52644.52932739258,145,21.570295227587746
0.4,0.6,0.35,0.35,0.15,0.05,0.1,341,5971.944685935974,54028.055314064026,141,17.513034269606962
0.5,0.8,0.45,0.45,0.15,0.05,0.1,340,5634.150690078735,54365.849309921265,174,16.571031441408046
0.55,0.8,0.45,0.45,0.1,0.1,0.1,340,5620.674024581909,54379.32597541809,175,16.53139418994679
0.4,0.7,0.35,0.25,0.1,0.1,0.1,340,5536.861355781555,54463.138644218445,166,16.284886340533987
0.4,0.7,0.35,0.35,0.2,0.05,0.1,339,7303.461338996887,52696.53866100311,146,21.54413374335365
0.5,0.6,0.45,0.45,0.15,0.1,0.2,339,5705.461366653442,54294.53863334656,133,16.83026951815175
0.45,0.6,0.45,0.45,0.2,0.05,0.2,339,5638.64870262146,54361.35129737854,133,16.633182013632624
0.5,0.6,0.35,0.35,0.1,0.15,0.1,339,5605.82602596283,54394.17397403717,141,16.536359958592417
0.55,0.6,0.35,0.45,0.15,0.15,0.1,338,6007.17202091217,53992.82797908783,129,17.7726982867224
0.4,0.6,0.45,0.25,0.2,0.15,0.3,338,5722.1567125320435,54277.84328746796,133,16.929457729384744
0.45,0.8,0.25,0.45,0.15,0.15,0.1,337,12579.309386253357,47420.69061374664,181,37.32732755564794
0.55,0.6,0.45,0.45,0.1,0.15,0.2,337,5719.525367736816,54280.47463226318,130,16.9718853642042
0.5,0.7,0.45,0.35,0.2,0.15,0.2,337,5641.161368370056,54358.838631629944,141,16.739351241454173
0.4,0.6,0.45,0.35,0.15,0.05,0.2,337,5635.7600355148315,54364.23996448517,141,16.723323547521755
0.5,0.6,0.45,0.35,0.1,0.15,0.2,337,5587.3553647994995,54412.6446352005,139,16.5796895097908
0.55,0.7,0.35,0.45,0.2,0.15,0.1,336,7272.430673599243,52727.56932640076,133,21.64413890952156
0.4,0.6,0.25,0.45,0.2,0.15,0.2,335,12418.68201828003,47581.31798171997,134,37.070692591880686
0.4,0.8,0.35,0.35,0.2,0.15,0.2,335,6959.1320152282715,53040.86798477173,178,20.773528403666482
0.45,0.7,0.35,0.45,0.1,0.15,0.2,335,5754.100700378418,54245.89929962158,152,17.176420001129607
0.45,0.7,0.45,0.35,0.2,0.1,0.2,335,5639.650036811829,54360.34996318817,142,16.83477622928904
0.45,0.6,0.35,0.35,0.1,0.1,0.1,335,5601.174027442932,54398.82597255707,143,16.7199224699789
0.4,0.8,0.25,0.45,0.15,0.1,0.1,334,12629.503383636475,47370.496616363525,182,37.812884382145135
0.45,0.7,0.45,0.45,0.1,0.15,0.3,334,5881.18803691864,54118.81196308136,150,17.608347415924072
0.55,0.7,0.45,0.45,0.2,0.15,0.2,334,5642.90336894989,54357.09663105011,133,16.894920266317037
0.4,0.6,0.35,0.35,0.1,0.05,0.1,334,5589.720028877258,54410.27997112274,144,16.73568870921335
0.5,0.6,0.35,0.45,0.15,0.1,0.1,333,5912.65602016449,54087.34397983551,130,17.755723784277748
0.4,0.8,0.45,0.35,0.2,0.15,0.3,333,5807.497376441956,54192.502623558044,173,17.439932061387253
0.4,0.7,0.45,0.35,0.2,0.05,0.2,333,5609.952705383301,54390.0472946167,144,16.846704820970874
0.45,0.6,0.45,0.35,0.1,0.1,0.2,333,5595.054701805115,54404.945298194885,141,16.80196607148683
0.45,0.6,0.45,0.45,0.15,0.05,0.2,333,5548.419367790222,54451.58063220978,134,16.66192002339406
0.5,0.7,0.35,0.35,0.15,0.15,0.1,332,5874.568687438965,54125.431312561035,145,17.694483998310137
0.4,0.6,0.35,0.45,0.2,0.15,0.3,331,6561.893353462219,53438.10664653778,129,19.82445121891909
0.45,0.6,0.35,0.45,0.15,0.05,0.1,331,6080.022683143616,53919.977316856384,131,18.36864858955775
0.4,0.7,0.45,0.45,0.1,0.1,0.3,331,5794.050036430359,54205.94996356964,150,17.5046828895177
0.5,0.7,0.45,0.35,0.15,0.15,0.2,331,5588.2387046813965,54411.7612953186,145,16.88289638876555
0.5,0.8,0.45,0.45,0.1,0.05,0.1,331,5495.966689109802,54504.0333108902,177,16.60412897012025
0.45,0.7,0.35,0.35,0.15,0.1,0.1,330,5859.414019584656,54140.585980415344,146,17.755800059347443
0.55,0.6,0.35,0.45,0.1,0.15,0.1,330,5734.420022010803,54265.5799779892,129,17.377030369729706
0.4,0.7,0.35,0.45,0.1,0.1,0.2,330,5670.212698936462,54329.78730106354,153,17.182462724049888
0.55,0.6,0.45,0.25,0.2,0.15,0.1,330,5308.576687812805,54691.423312187195,131,16.086596023675167
0.4,0.8,0.25,0.35,0.15,0.15,0.1,329,9418.297347068787,50581.70265293121,194,28.627043608111812
0.4,0.6,0.45,0.25,0.15,0.15,0.3,329,5616.352711677551,54383.64728832245,135,17.070980886557905
0.5,0.6,0.45,0.45,0.1,0.1,0.2,329,5592.193365097046,54407.806634902954,132,16.99754822217947
0.4,0.6,0.45,0.35,0.1,0.05,0.2,329,5545.371370315552,54454.62862968445,142,16.8552321286187
0.5,0.7,0.35,0.45,0.2,0.1,0.1,328,7370.11466884613,52629.88533115387,135,22.46986179526259
0.45,0.7,0.35,0.45,0.2,0.05,0.1,326,7343.33000087738,52656.66999912262,136,22.525552149930615
0.4,0.8,0.45,0.35,0.15,0.15,0.3,326,5697.8360414505005,54302.1639585495,174,17.478024667026077
0.55,0.7,0.45,0.45,0.15,0.15,0.2,326,5532.879366874695,54467.120633125305,136,16.972022597775137
0.45,0.7,0.45,0.35,0.15,0.1,0.2,326,5516.374037742615,54483.625962257385,146,16.921392753811702
0.4,0.7,0.45,0.35,0.15,0.05,0.2,326,5513.2693729400635,54486.73062705994,148,16.911869242147436
0.55,0.6,0.45,0.25,0.15,0.15,0.1,326,5242.24001789093,54757.75998210907,132,16.080490852426166
0.4,0.7,0.35,0.35,0.15,0.05,0.1,325,5768.16868686676,54231.83131313324,146,17.748211344205416
0.5,0.6,0.35,0.45,0.1,0.1,0.1,325,5676.584023475647,54323.41597652435,131,17.466412379925067
0.45,0.6,0.45,0.45,0.1,0.05,0.2,325,5500.135366439819,54499.86463356018,134,16.923493435199443
0.5,0.7,0.45,0.45,0.2,0.1,0.2,325,5479.1280336380005,54520.871966362,134,16.858855488116923
0.5,0.6,0.45,0.25,0.2,0.1,0.1,325,5212.938019752502,54787.0619802475,132,16.03980929154616
0.45,0.8,0.45,0.45,0.2,0.15,0.3,324,5612.249369621277,54387.75063037872,155,17.321757313645918
0.45,0.7,0.45,0.45,0.2,0.05,0.2,324,5471.689371109009,54528.31062889099,136,16.887930157743853
0.55,0.7,0.35,0.45,0.15,0.15,0.1,323,5976.299349784851,54023.70065021515,133,18.502474767135762
0.4,0.8,0.35,0.35,0.15,0.15,0.2,323,5718.767365455627,54281.23263454437,177,17.705162122153645
0.45,0.6,0.45,0.25,0.2,0.05,0.1,323,5195.576689720154,54804.423310279846,133,16.08537674835961
0.45,0.8,0.35,0.45,0.2,0.15,0.2,321,6764.422009468079,53235.57799053192,165,21.0729657615828
0.4,0.8,0.45,0.45,0.2,0.1,0.3,321,5554.977369308472,54445.02263069153,157,17.305225449559103
0.5,0.6,0.45,0.25,0.15,0.1,0.1,321,5178.239350318909,54821.76064968109,132,16.131586761118097
0.4,0.6,0.45,0.25,0.1,0.15,0.3,320,5548.930709838867,54451.06929016113,136,17.34040846824646
0.45,0.8,0.45,0.25,0.2,0.15,0.2,320,5302.948036193848,54697.05196380615,173,16.571712613105774
0.45,0.6,0.45,0.25,0.15,0.05,0.1,320,5159.174023628235,54840.825976371765,134,16.122418823838235
0.55,0.6,0.45,0.25,0.1,0.15,0.1,320,5152.180019378662,54847.81998062134,134,16.10056256055832
0.45,0.6,0.35,0.45,0.1,0.05,0.1,319,5585.931356430054,54414.068643569946,131,17.51075660322901
0.55,0.7,0.45,0.45,0.1,0.15,0.2,319,5453.078037261963,54546.92196273804,137,17.09428851806258
0.5,0.7,0.45,0.45,0.15,0.1,0.2,319,5442.452702522278,54557.54729747772,137,17.060980258690527
0.5,0.7,0.45,0.35,0.1,0.15,0.2,319,5408.470036506653,54591.52996349335,146,16.954451525099227
0.5,0.7,0.35,0.35,0.1,0.15,0.1,319,5353.994026184082,54646.00597381592,146,16.783680332865462
0.5,0.6,0.45,0.45,0.2,0.15,0.3,318,5488.966707229614,54511.033292770386,120,17.26090159506168
0.45,0.7,0.45,0.35,0.1,0.1,0.2,318,5379.326037406921,54620.67396259308,147,16.916119614487176
0.55,0.7,0.45,0.25,0.2,0.15,0.1,318,5031.200684547424,54968.799315452576,132,15.821385800463599
0.5,0.7,0.35,0.45,0.15,0.1,0.1,317,6057.824677467346,53942.175322532654,135,19.10985702671087
0.4,0.8,0.45,0.35,0.1,0.15,0.3,317,5570.7840394973755,54429.215960502625,175,17.573451228698346
0.45,0.8,0.45,0.45,0.15,0.15,0.3,317,5495.770035743713,54504.22996425629,159,17.336813992882377
0.4,0.6,0.45,0.35,0.2,0.1,0.3,317,5435.020708084106,54564.97929191589,126,17.145175735281093
0.45,0.6,0.45,0.35,0.2,0.15,0.3,317,5369.063370704651,54630.93662929535,124,16.937108424935808
0.4,0.7,0.35,0.35,0.1,0.05,0.1,317,5336.198027610779,54663.80197238922,148,16.8334322637564
0.45,0.7,0.35,0.35,0.1,0.1,0.1,317,5323.126026153564,54676.873973846436,147,16.792195666099573
0.55,0.6,0.45,0.35,0.2,0.1,0.1,317,5139.105358123779,54860.89464187622,119,16.211688826888892
0.45,0.7,0.45,0.45,0.15,0.05,0.2,316,5371.276036262512,54628.72396373749,138,16.99770897551428
0.4,0.8,0.35,0.35,0.1,0.15,0.2,315,5441.442697525024,54558.557302474976,178,17.274421261984205
0.4,0.8,0.45,0.25,0.2,0.1,0.2,315,5244.337371826172,54755.66262817383,174,16.648690069289433
0.45,0.8,0.25,0.45,0.1,0.15,0.1,314,9997.764706611633,50002.23529338837,174,31.840014989209024
0.4,0.8,0.25,0.35,0.1,0.15,0.1,314,7452.89400100708,52547.10599899292,191,23.735331213398343
0.4,0.8,0.35,0.45,0.2,0.1,0.2,314,6743.666006088257,53256.33399391174,167,21.476643331491264
0.45,0.7,0.35,0.45,0.15,0.05,0.1,314,6081.227339744568,53918.77266025543,137,19.366966050141937
0.4,0.6,0.35,0.45,0.15,0.15,0.3,314,5539.565371513367,54460.43462848663,125,17.641927934755945
0.4,0.7,0.45,0.35,0.1,0.05,0.2,314,5303.664035797119,54696.33596420288,147,16.890649795532227
0.5,0.6,0.45,0.25,0.1,0.1,0.1,314,5076.1006870269775,54923.89931297302,134,16.165925754862986
0.55,0.7,0.35,0.45,0.1,0.15,0.1,313,5917.652009010315,54082.347990989685,136,18.90623645051219
0.4,0.7,0.45,0.25,0.2,0.15,0.3,313,5473.60204410553,54526.39795589447,141,17.48754646679083
0.5,0.6,0.45,0.35,0.2,0.05,0.1,313,5079.465356826782,54920.53464317322,120,16.228323823727738
0.55,0.6,0.45,0.35,0.15,0.1,0.1,313,5074.402022361755,54925.597977638245,121,16.212147036299537
0.5,0.7,0.45,0.25,0.2,0.1,0.1,313,4942.686018943787,55057.31398105621,134,15.791329134005709
0.5,0.6,0.25,0.45,0.2,0.15,0.1,312,12318.948683738708,47681.05131626129,120,39.48380988377791
0.45,0.6,0.45,0.45,0.2,0.1,0.3,312,5354.030705451965,54645.969294548035,120,17.160354825166557
0.45,0.8,0.45,0.25,0.15,0.15,0.2,312,5216.15870475769,54783.84129524231,174,16.71845738704388
0.4,0.8,0.45,0.45,0.15,0.1,0.3,311,5417.279368400574,54582.720631599426,159,17.418904721545253
0.5,0.8,0.45,0.35,0.2,0.15,0.2,311,5230.296033859253,54769.70396614075,149,16.817672134595668
0.55,0.6,0.45,0.45,0.2,0.05,0.1,311,5097.69735622406,54902.30264377594,112,16.39130982708701
0.45,0.6,0.25,0.45,0.2,0.1,0.1,310,12065.821355819702,47934.1786441803,121,38.92200437361194
0.4,0.7,0.25,0.45,0.2,0.15,0.2,310,11607.628025054932,48392.37197494507,134,37.443961371144944
0.45,0.8,0.35,0.45,0.15,0.15,0.2,310,6143.081346511841,53856.91865348816,166,19.81639144036078
0.5,0.7,0.45,0.45,0.1,0.1,0.2,310,5299.4620361328125,54700.53796386719,138,17.09503882623488
0.5,0.7,0.35,0.45,0.1,0.1,0.1,309,5864.144011497498,54135.8559885025,137,18.97781233494336
0.45,0.6,0.45,0.35,0.15,0.15,0.3,309,5369.728039741516,54630.271960258484,125,17.377760646412675
0.45,0.8,0.35,0.25,0.2,0.15,0.1,309,5199.5593547821045,54800.440645217896,178,16.827052928097427
0.45,0.6,0.45,0.25,0.1,0.05,0.1,309,4984.688020706177,55015.31197929382,135,16.13167644241481
0.4,0.8,0.25,0.45,0.1,0.1,0.1,308,9910.122038841248,50089.87796115875,174,32.175720905328724
0.4,0.8,0.45,0.25,0.15,0.1,0.2,308,5151.01470375061,54848.98529624939,177,16.724073713476006
0.55,0.7,0.45,0.25,0.15,0.15,0.1,308,4879.540019989014,55120.459980010986,134,15.842662402561732
0.45,0.7,0.45,0.25,0.2,0.05,0.1,308,4878.406022071838,55121.59397792816,134,15.838980591142333
0.4,0.6,0.25,0.45,0.15,0.15,0.2,307,8387.13066291809,51612.86933708191,125,27.31964385315339
0.45,0.7,0.35,0.45,0.1,0.05,0.1,307,6004.222675323486,53995.777324676514,138,19.55772858411559
0.55,0.8,0.45,0.45,0.2,0.15,0.2,307,5191.838700294495,54808.161299705505,142,16.911526711056986
0.45,0.8,0.45,0.35,0.2,0.1,0.2,307,5163.981367111206,54836.018632888794,153,16.82078621208862
0.55,0.8,0.35,0.45,0.2,0.15,0.1,306,6658.354664802551,53341.64533519745,143,21.759328969942977
0.5,0.8,0.35,0.35,0.2,0.15,0.1,306,6091.781344413757,53908.21865558624,154,19.90778217128679
0.4,0.7,0.45,0.25,0.15,0.15,0.3,306,5373.386043548584,54626.613956451416,142,17.560085109635896
0.4,0.6,0.45,0.45,0.2,0.05,0.3,306,5235.206038475037,54764.79396152496,120,17.108516465604694
0.5,0.8,0.45,0.35,0.15,0.15,0.2,306,5167.782032966614,54832.217967033386,154,16.888176578322266
0.4,0.7,0.35,0.45,0.2,0.15,0.3,305,6145.1360206604,53854.8639793396,131,20.14798695298492
0.4,0.8,0.35,0.45,0.15,0.1,0.2,305,6054.77801322937,53945.22198677063,169,19.851731190915967
0.45,0.7,0.45,0.45,0.1,0.05,0.2,305,5202.048704147339,54797.95129585266,139,17.05589739064701
0.4,0.8,0.35,0.25,0.2,0.1,0.1,305,5171.066689491272,54828.93331050873,183,16.954317014725483
0.45,0.8,0.45,0.25,0.1,0.15,0.2,305,5118.275366783142,54881.72463321686,176,16.7812307107644
0.55,0.6,0.45,0.35,0.1,0.1,0.1,305,4991.212019920349,55008.78798007965,123,16.36462957350934
0.5,0.6,0.45,0.35,0.15,0.05,0.1,305,4949.210688591003,55050.789311409,121,16.226920290462306
0.45,0.8,0.45,0.45,0.1,0.15,0.3,304,5361.136034011841,54638.86396598816,158,17.63531590135474
0.4,0.6,0.35,0.25,0.2,0.15,0.2,304,5154.75803565979,54845.24196434021,123,16.956440906775626
0.55,0.6,0.45,0.45,0.15,0.05,0.1,304,5039.19135761261,54960.80864238739,115,16.576287360567797
0.55,0.7,0.45,0.35,0.2,0.1,0.1,304,4980.362690925598,55019.6373090744,122,16.38277200962368
0.5,0.7,0.45,0.25,0.15,0.1,0.1,304,4844.545352935791,55155.45464706421,136,15.936004450446681
0.4,0.6,0.25,0.45,0.2,0.05,0.1,303,11974.464022636414,48025.53597736359,121,39.51968324302447
0.4,0.6,0.45,0.35,0.15,0.1,0.3,303,5252.940707206726,54747.059292793274,126,17.336437977579955
0.4,0.8,0.45,0.25,0.1,0.1,0.2,303,5059.691368103027,54940.30863189697,178,16.69865137987798
0.5,0.7,0.45,0.35,0.2,0.05,0.1,303,4981.327354431152,55018.67264556885,124,16.440024272050007
0.45,0.7,0.45,0.25,0.15,0.05,0.1,303,4879.4093589782715,55120.59064102173,139,16.103661250753373
0.55,0.7,0.45,0.25,0.1,0.15,0.1,302,4897.167359352112,55102.83264064789,141,16.215785958119575
0.5,0.7,0.25,0.45,0.2,0.15,0.1,301,12199.852027893066,47800.14797210693,124,40.53106986010985
0.5,0.6,0.45,0.45,0.15,0.15,0.3,301,5207.218705177307,54792.78129482269,117,17.29972991753258
0.5,0.6,0.45,0.25,0.2,0.15,0.2,301,4983.617364883423,55016.38263511658,118,16.556868321871836
0.4,0.8,0.45,0.35,0.2,0.05,0.2,300,5070.759366035461,54929.24063396454,156,16.902531220118206
0.5,0.8,0.35,0.45,0.2,0.1,0.1,299,6748.192659378052,53251.80734062195,147,22.56920621865569
0.5,0.6,0.45,0.35,0.1,0.05,0.1,299,4895.2866859436035,55104.7133140564,123,16.372196274058876
0.45,0.8,0.35,0.25,0.15,0.15,0.1,299,4892.946692466736,55107.053307533264,183,16.36437020891885
0.5,0.7,0.45,0.25,0.1,0.1,0.1,299,4824.036691665649,55175.96330833435,141,16.13390197881488
0.4,0.8,0.45,0.45,0.1,0.1,0.3,298,5214.5773668289185,54785.42263317108,159,17.49858176788228
0.55,0.8,0.45,0.45,0.15,0.15,0.2,298,5134.3486976623535,54865.65130233765,146,17.229358045846823
0.5,0.8,0.45,0.45,0.2,0.1,0.2,298,5074.0413637161255,54925.958636283875,146,17.026984442000423
0.55,0.6,0.45,0.45,0.1,0.05,0.1,298,4942.66402053833,55057.33597946167,116,16.586120874289698
0.45,0.8,0.35,0.45,0.1,0.15,0.2,297,5524.042688369751,54475.95731163025,166,18.599470331211283
0.45,0.6,0.35,0.35,0.2,0.15,0.2,297,5415.144028663635,54584.855971336365,118,18.23280817731864
0.4,0.7,0.45,0.25,0.1,0.15,0.3,297,5269.360043525696,54730.639956474304,141,17.741953008504026
0.4,0.6,0.35,0.25,0.15,0.15,0.2,297,5051.272702217102,54948.7272977829,124,17.00765219601718
0.45,0.8,0.45,0.35,0.15,0.1,0.2,297,5022.342031478882,54977.65796852112,157,16.910242530231926
0.55,0.7,0.45,0.35,0.15,0.1,0.1,297,4896.16868686676,55103.83131313324,125,16.485416454096836
0.45,0.7,0.45,0.25,0.1,0.05,0.1,297,4786.370028495789,55213.62997150421,144,16.11572400166932
0.45,0.6,0.25,0.35,0.2,0.15,0.1,296,10034.412680625916,49965.587319374084,117,33.90004283995242
0.45,0.8,0.35,0.35,0.2,0.1,0.1,296,5961.475342750549,54038.52465724945,156,20.14011940118429
0.5,0.7,0.45,0.45,0.2,0.15,0.3,296,5113.004702568054,54886.995297431946,122,17.273664535702885
0.45,0.6,0.45,0.45,0.15,0.1,0.3,296,5090.288704872131,54909.71129512787,118,17.196921300243687
0.45,0.7,0.45,0.35,0.2,0.15,0.3,295,5149.060040473938,54850.93995952606,128,17.454440815165892
0.45,0.6,0.45,0.25,0.2,0.1,0.2,295,4922.976698875427,55077.02330112457,120,16.68805660635738
0.55,0.7,0.45,0.45,0.2,0.05,0.1,295,4881.947358131409,55118.05264186859,116,16.54897409536071
0.45,0.8,0.35,0.25,0.1,0.15,0.1,295,4846.521359443665,55153.478640556335,186,16.428885964215812
0.45,0.7,0.25,0.45,0.2,0.1,0.1,294,11932.546030044556,48067.453969955444,124,40.58689125865495
0.4,0.6,0.25,0.35,0.2,0.1,0.1,294,10006.387347221375,49993.612652778625,117,34.03533111299787
0.4,0.6,0.25,0.25,0.2,0.15,0.1,294,8673.082698822021,51326.91730117798,119,29.500281288510276
0.45,0.8,0.35,0.45,0.2,0.05,0.1,294,6918.6439962387085,53081.35600376129,150,23.532802708294927
0.55,0.8,0.35,0.45,0.15,0.15,0.1,294,5909.296676635742,54090.70332336426,145,20.099648559985518
0.4,0.6,0.35,0.45,0.1,0.15,0.3,294,5302.28604221344,54697.71395778656,120,18.034986538140952
0.5,0.8,0.45,0.35,0.1,0.15,0.2,294,4971.675363540649,55028.32463645935,156,16.91046042020629
0.4,0.6,0.45,0.25,0.2,0.05,0.2,294,4892.678698539734,55107.321301460266,120,16.641764280747395
0.5,0.7,0.45,0.35,0.15,0.05,0.1,294,4845.819353103638,55154.18064689636,127,16.48237875205319
0.4,0.8,0.35,0.25,0.15,0.1,0.1,293,4800.679358482361,55199.32064151764,185,16.384571189359594
0.4,0.7,0.25,0.45,0.15,0.15,0.2,292,8674.032670974731,51325.96732902527,131,29.70559133895456
0.4,0.8,0.35,0.45,0.1,0.1,0.2,292,5561.306691169739,54438.69330883026,168,19.04557086017034
0.4,0.6,0.35,0.35,0.2,0.1,0.2,292,5346.232029914856,54653.767970085144,118,18.309013801078272
0.4,0.6,0.45,0.45,0.15,0.05,0.3,292,5023.206706047058,54976.79329395294,120,17.20276269194198
0.45,0.8,0.45,0.45,0.2,0.05,0.2,292,4976.568696975708,55023.43130302429,147,17.04304348279352
0.4,0.8,0.45,0.35,0.15,0.05,0.2,292,4973.038697242737,55026.96130275726,158,17.030954442612114
0.4,0.7,0.25,0.45,0.2,0.05,0.1,290,12079.696695327759,47920.30330467224,125,41.65412653561296
0.5,0.6,0.25,0.45,0.15,0.15,0.1,290,9052.73333644867,50947.26666355133,114,31.216321849822997
0.4,0.7,0.45,0.35,0.2,0.1,0.3,290,5080.155373573303,54919.8446264267,128,17.51777715025277
0.45,0.8,0.45,0.35,0.1,0.1,0.2,290,4935.779363632202,55064.2206363678,159,17.019928840111042
0.5,0.6,0.45,0.25,0.15,0.15,0.2,290,4828.473364830017,55171.52663516998,119,16.649908154586267
0.55,0.8,0.45,0.25,0.2,0.15,0.1,290,4661.8706912994385,55338.12930870056,152,16.075416176894617
0.45,0.6,0.25,0.45,0.15,0.1,0.1,289,9091.77066898346,50908.22933101654,116,31.45941407952754
0.5,0.6,0.45,0.45,0.1,0.15,0.3,289,5045.807369232178,54954.19263076782,114,17.459541070007536
0.5,0.8,0.35,0.35,0.15,0.15,0.1,289,5033.210021972656,54966.789978027344,155,17.415951633123377
0.45,0.7,0.45,0.45,0.2,0.1,0.3,289,4980.584037780762,55019.41596221924,123,17.233854802009557
0.5,0.8,0.45,0.45,0.15,0.1,0.2,289,4960.742032051086,55039.25796794891,147,17.165197342737322
0.4,0.6,0.25,0.45,0.1,0.15,0.2,288,7498.083336830139,52501.91666316986,121,26.03501158621576
0.5,0.8,0.35,0.45,0.15,0.1,0.1,288,6016.334672927856,53983.66532707214,149,20.890050947666168
0.4,0.8,0.35,0.35,0.2,0.05,0.1,288,5783.3713455200195,54216.62865447998,160,20.081150505277847
0.5,0.6,0.35,0.45,0.2,0.15,0.2,288,5754.622015953064,54245.377984046936,108,19.98132644428147
0.45,0.6,0.45,0.35,0.1,0.15,0.3,288,5072.5047082901,54927.4952917099,119,17.612863570451736
0.4,0.7,0.35,0.25,0.2,0.15,0.2,288,4988.578038215637,55011.42196178436,127,17.321451521582073
0.45,0.6,0.35,0.35,0.15,0.15,0.2,288,4980.811370849609,55019.18862915039,119,17.294483926561142
0.55,0.7,0.45,0.35,0.1,0.1,0.1,288,4770.137354850769,55229.86264514923,129,16.56297692656517
0.4,0.8,0.35,0.25,0.1,0.1,0.1,288,4729.806691169739,55270.19330883026,186,16.422939899894928
0.55,0.7,0.45,0.45,0.15,0.05,0.1,287,4763.226687431335,55236.773312568665,119,16.596608667008137
0.5,0.8,0.45,0.25,0.2,0.1,0.1,287,4612.250692367554,55387.749307632446,157,16.0705599037197
0.4,0.6,0.25,0.45,0.15,0.05,0.1,286,9102.757338523865,50897.242661476135,117,31.827822861971555
0.4,0.7,0.45,0.45,0.2,0.05,0.3,286,4905.2147035598755,55094.785296440125,124,17.151100362097466
0.45,0.6,0.45,0.25,0.15,0.1,0.2,286,4774.012699127197,55225.9873008728,120,16.69235209485034
0.45,0.7,0.25,0.35,0.2,0.15,0.1,285,9910.504017829895,50089.495982170105,119,34.77369830817507
0.4,0.7,0.45,0.35,0.15,0.1,0.3,285,5013.498041152954,54986.501958847046,130,17.59122119702791
0.45,0.7,0.45,0.35,0.15,0.15,0.3,285,5013.498041152954,54986.501958847046,130,17.59122119702791
0.5,0.7,0.45,0.35,0.1,0.05,0.1,285,4729.149353981018,55270.85064601898,130,16.593506505196554
0.4,0.7,0.35,0.45,0.15,0.15,0.3,284,5051.987371444702,54948.0126285553,127,17.788687927622192
0.4,0.6,0.45,0.35,0.1,0.1,0.3,284,4981.302707672119,55018.69729232788,120,17.539798266451125
0.45,0.8,0.35,0.35,0.15,0.1,0.1,284,4966.484023094177,55033.51597690582,157,17.487619799627385
0.4,0.6,0.35,0.25,0.1,0.15,0.2,284,4930.432037353516,55069.567962646484,126,17.36067618786449
0.55,0.8,0.45,0.45,0.1,0.15,0.2,284,4925.598695755005,55074.401304244995,147,17.34365737941903
0.5,0.7,0.45,0.45,0.15,0.15,0.3,284,4915.64870262146,55084.35129737854,121,17.308622192329086
0.4,0.8,0.45,0.35,0.1,0.05,0.2,284,4837.373361587524,55162.626638412476,160,17.03300479432227
0.4,0.6,0.45,0.25,0.15,0.05,0.2,284,4794.416696548462,55205.58330345154,121,16.881748931508668
0.55,0.6,0.45,0.35,0.2,0.15,0.2,284,4787.22802734375,55212.77197265625,109,16.85643671599912
0.4,0.7,0.25,0.35,0.2,0.1,0.1,283,10107.493347167969,49892.50665283203,122,35.71552419493982
0.5,0.7,0.45,0.25,0.2,0.15,0.2,283,4745.33470249176,55254.66529750824,120,16.767967146613994
0.4,0.6,0.35,0.35,0.15,0.1,0.2,282,4881.084705352783,55118.91529464722,119,17.3088110118893
0.45,0.8,0.45,0.45,0.15,0.05,0.2,282,4839.185364723206,55160.814635276794,149,17.1602317897986
0.55,0.8,0.45,0.35,0.2,0.1,0.1,282,4650.872690200806,55349.127309799194,136,16.49245634822981
0.4,0.8,0.25,0.45,0.2,0.15,0.2,281,10471.29202079773,49528.70797920227,144,37.264384415650284
0.55,0.8,0.45,0.25,0.15,0.15,0.1,281,4551.687357902527,55448.31264209747,158,16.198175650898673
0.55,0.8,0.35,0.45,0.1,0.15,0.1,280,5849.160006523132,54150.83999347687,146,20.889857166154044
0.45,0.6,0.35,0.45,0.2,0.1,0.2,280,5585.142014503479,54414.85798549652,108,19.946935766083854
0.45,0.7,0.35,0.35,0.2,0.15,0.2,280,5153.854028701782,54846.14597129822,120,18.406621531077793
0.45,0.6,0.45,0.45,0.1,0.1,0.3,280,4876.191369056702,55123.8086309433,115,17.414969175202504
0.5,0.6,0.45,0.35,0.2,0.1,0.2,280,4729.090027809143,55270.90997219086,109,16.88960724217551
0.45,0.8,0.45,0.25,0.2,0.05,0.1,280,4540.648024559021,55459.35197544098,160,16.216600087710788
0.45,0.8,0.35,0.45,0.15,0.05,0.1,279,5879.538005828857,54120.46199417114,149,21.073612924117768
0.4,0.7,0.25,0.25,0.2,0.15,0.1,278,8316.522028923035,51683.477971076965,121,29.915546866629622
0.45,0.6,0.25,0.35,0.15,0.15,0.1,278,7714.398666381836,52285.601333618164,113,27.749635490582143
0.4,0.7,0.35,0.25,0.15,0.15,0.2,278,4821.882038116455,55178.117961883545,128,17.34489941768509
0.5,0.8,0.35,0.35,0.1,0.15,0.1,278,4729.009356498718,55270.99064350128,157,17.010825023376686
0.4,0.6,0.25,0.35,0.15,0.1,0.1,277,7926.004662513733,52073.99533748627,114,28.613735243731888
0.4,0.7,0.35,0.35,0.2,0.1,0.2,277,5118.937363624573,54881.06263637543,121,18.479918280233115
0.45,0.7,0.45,0.45,0.15,0.1,0.3,277,4787.7280349731445,55212.271965026855,122,17.284216732755034
0.45,0.6,0.45,0.35,0.2,0.05,0.2,277,4668.0253620147705,55331.97463798523,110,16.852077119186898
0.45,0.7,0.45,0.25,0.2,0.1,0.2,277,4654.400033950806,55345.599966049194,122,16.802888209208685
0.5,0.8,0.45,0.25,0.15,0.1,0.1,277,4485.200023651123,55514.79997634888,165,16.19205784711597
0.4,0.6,0.35,0.45,0.2,0.05,0.2,276,5502.346680641174,54497.653319358826,108,19.93603869797527
0.4,0.8,0.35,0.45,0.2,0.15,0.3,276,5421.114026069641,54578.88597393036,132,19.641717485759568
0.5,0.6,0.35,0.45,0.15,0.15,0.2,276,4962.55802822113,55037.44197177887,105,17.980282710946124
0.4,0.7,0.45,0.45,0.15,0.05,0.3,276,4788.7147035598755,55211.285296440125,124,17.350415592608243
0.55,0.7,0.45,0.45,0.1,0.05,0.1,276,4574.974015235901,55425.0259847641,120,16.575992808825728
0.5,0.7,0.25,0.45,0.15,0.15,0.1,275,9226.121335029602,50773.8786649704,119,33.549532127380374
0.5,0.8,0.35,0.45,0.1,0.1,0.1,275,5769.764005661011,54230.23599433899,148,20.980960020585492
0.4,0.8,0.35,0.35,0.15,0.05,0.1,275,4859.8680210113525,55140.13197898865,161,17.672247349132192
0.4,0.8,0.45,0.25,0.2,0.15,0.3,275,4833.457374572754,55166.542625427246,145,17.576208634810015
0.4,0.6,0.45,0.45,0.1,0.05,0.3,275,4762.692704200745,55237.307295799255,116,17.318882560729982
0.5,0.8,0.45,0.45,0.1,0.1,0.2,275,4753.618695259094,55246.381304740906,148,17.285886164578525
0.55,0.6,0.45,0.35,0.15,0.15,0.2,275,4644.873359680176,55355.126640319824,109,16.890448580655185
0.55,0.8,0.45,0.25,0.1,0.15,0.1,275,4466.5166873931885,55533.48331260681,166,16.24187886324796
0.5,0.8,0.45,0.45,0.2,0.15,0.3,274,4796.716037750244,55203.283962249756,125,17.50626291149724
0.45,0.8,0.35,0.35,0.1,0.1,0.1,274,4734.66268825531,55265.33731174469,158,17.279790833048576
0.5,0.6,0.45,0.25,0.1,0.15,0.2,274,4656.928031921387,55343.07196807861,119,16.996087707742287
0.55,0.8,0.45,0.45,0.2,0.05,0.1,274,4582.865354537964,55417.134645462036,124,16.725785965467022
0.5,0.8,0.45,0.35,0.2,0.05,0.1,274,4527.276688575745,55472.723311424255,137,16.522907622539215
0.45,0.8,0.45,0.25,0.15,0.05,0.1,274,4437.598689079285,55562.401310920715,168,16.19561565357403
0.5,0.7,0.35,0.45,0.2,0.15,0.2,273,5741.059346199036,54258.940653800964,111,21.02952141464848
0.55,0.6,0.45,0.45,0.2,0.1,0.2,273,4698.839365005493,55301.16063499451,99,17.211865805880926
0.4,0.7,0.25,0.45,0.1,0.15,0.2,271,7392.070001602173,52607.92999839783,125,27.277011076022777
0.4,0.6,0.35,0.35,0.2,0.15,0.3,271,4770.737370491028,55229.26262950897,110,17.604196939081284
0.45,0.7,0.35,0.35,0.15,0.15,0.2,271,4691.986705780029,55308.01329421997,121,17.31360408036911
0.5,0.6,0.45,0.35,0.15,0.1,0.2,271,4590.0093603134155,55409.990639686584,110,16.937303912595628
0.4,0.7,0.45,0.25,0.2,0.05,0.2,271,4525.965366363525,55474.034633636475,122,16.700979211673527
0.55,0.8,0.45,0.35,0.15,0.1,0.1,271,4496.794021606445,55503.205978393555,139,16.593335873086513
0.5,0.8,0.45,0.25,0.1,0.1,0.1,271,4409.097352981567,55590.90264701843,168,16.269731929821283
0.45,0.7,0.25,0.45,0.15,0.1,0.1,270,9141.612666130066,50858.387333869934,119,33.85782468937062
0.4,0.6,0.25,0.25,0.15,0.15,0.1,270,4952.362690925598,55047.6373090744,111,18.342084040465178
0.45,0.6,0.35,0.45,0.15,0.1,0.2,270,4863.414031982422,55136.58596801758,106,18.012644562897858
0.4,0.8,0.45,0.25,0.15,0.15,0.3,270,4742.117372512817,55257.88262748718,145,17.5633976759734
0.4,0.7,0.35,0.25,0.1,0.15,0.2,270,4716.997369766235,55283.002630233765,129,17.470360628763835
0.45,0.6,0.35,0.35,0.1,0.15,0.2,270,4691.243371009827,55308.75662899017,116,17.374975448184543
0.55,0.7,0.45,0.35,0.2,0.15,0.2,270,4567.166692733765,55432.833307266235,109,16.91543219531024
0.4,0.7,0.35,0.45,0.1,0.15,0.3,269,4995.654033660889,55004.34596633911,123,18.57120458609996
0.5,0.7,0.45,0.45,0.1,0.15,0.3,269,4789.907370567322,55210.09262943268,118,17.80634710248075
0.45,0.7,0.45,0.35,0.1,0.15,0.3,269,4771.601371765137,55228.39862823486,125,17.738295062323928
0.45,0.8,0.45,0.35,0.2,0.15,0.3,269,4688.282036781311,55311.71796321869,131,17.428557757551342
0.45,0.6,0.45,0.25,0.1,0.1,0.2,269,4583.904698371887,55416.09530162811,120,17.04053791216315
0.45,0.7,0.25,0.35,0.15,0.15,0.1,268,8021.032657623291,51978.96734237671,119,29.929226334415265
0.45,0.8,0.35,0.45,0.1,0.05,0.1,268,5781.275340080261,54218.72465991974,148,21.571922910747244
0.4,0.7,0.45,0.35,0.1,0.1,0.3,268,4752.989372253418,55247.01062774658,125,17.735034971094844
0.45,0.8,0.45,0.45,0.2,0.1,0.3,268,4666.669367790222,55333.33063220978,127,17.412945402202322
0.45,0.8,0.45,0.45,0.1,0.05,0.2,268,4624.649362564087,55375.35063743591,151,17.256154337925697
0.45,0.8,0.45,0.25,0.1,0.05,0.1,268,4363.390685081482,55636.60931491852,170,16.28130852642344
0.4,0.6,0.35,0.35,0.1,0.1,0.2,267,4632.768039703369,55367.23196029663,117,17.351191159937713
0.4,0.7,0.35,0.35,0.15,0.1,0.2,267,4625.728036880493,55374.27196311951,122,17.32482410816664
0.4,0.6,0.45,0.25,0.1,0.05,0.2,267,4556.043365478516,55443.956634521484,120,17.06383282950755
0.5,0.7,0.45,0.25,0.15,0.15,0.2,267,4548.089366912842,55451.91063308716,121,17.03404257270727
0.5,0.8,0.45,0.35,0.15,0.05,0.1,267,4426.546023368835,55573.453976631165,144,16.57882405756118
0.4,0.7,0.25,0.45,0.15,0.05,0.1,266,9076.66400051117,50923.33599948883,119,34.12279699440289
0.4,0.7,0.25,0.35,0.15,0.1,0.1,266,7980.923322677612,52019.07667732239,120,30.00347113788576
0.45,0.7,0.45,0.45,0.1,0.1,0.3,266,4758.951368331909,55241.04863166809,120,17.890794617789133
0.4,0.8,0.35,0.35,0.1,0.05,0.1,266,4551.511354446411,55448.48864555359,161,17.110944941527862
0.5,0.7,0.45,0.35,0.2,0.1,0.2,266,4488.548692703247,55511.45130729675,111,16.874243205651304
0.5,0.8,0.25,0.45,0.2,0.15,0.1,265,10660.510692596436,49339.489307403564,128,40.22834223621297
0.5,0.6,0.25,0.45,0.1,0.15,0.1,265,7180.275351524353,52819.72464847565,109,27.09537868499756
0.45,0.7,0.35,0.45,0.2,0.1,0.2,265,5589.800011634827,54410.19998836517,111,21.093584949565383
0.45,0.6,0.45,0.25,0.2,0.15,0.3,265,4625.506036758423,55374.49396324158,105,17.45473976135254
0.4,0.8,0.45,0.35,0.2,0.1,0.3,265,4606.654037475586,55393.345962524414,131,17.383600141417304
0.45,0.6,0.45,0.35,0.15,0.05,0.2,265,4493.916694641113,55506.08330535889,111,16.95817620619288
0.45,0.7,0.45,0.25,0.15,0.1,0.2,265,4487.9193687438965,55512.0806312561,122,16.935544787712818
0.45,0.6,0.25,0.35,0.1,0.15,0.1,264,6384.4593324661255,53615.540667533875,112,24.1835580775232
0.5,0.6,0.45,0.35,0.2,0.15,0.3,264,4562.281366348267,55437.71863365173,103,17.28136881192525
0.5,0.6,0.45,0.45,0.2,0.05,0.2,264,4506.218030929565,55493.781969070435,100,17.069007692915022
0.45,0.6,0.25,0.45,0.1,0.1,0.1,263,7147.588685035706,52852.411314964294,109,27.177143289109146
0.4,0.6,0.35,0.45,0.15,0.05,0.2,263,4785.521363258362,55214.47863674164,107,18.19589871961354
0.55,0.6,0.45,0.45,0.15,0.1,0.2,263,4525.4466943740845,55474.553305625916,98,17.20702165161249
0.55,0.8,0.45,0.45,0.15,0.05,0.1,263,4441.062686920166,55558.937313079834,128,16.88616991224398
0.55,0.8,0.45,0.35,0.1,0.1,0.1,263,4391.864688873291,55608.13531112671,145,16.69910528088704
0.4,0.8,0.25,0.45,0.15,0.15,0.2,262,8140.636010169983,51859.36398983002,142,31.071129809809094
0.5,0.8,0.45,0.45,0.15,0.15,0.3,262,4641.526036262512,55358.47396373749,125,17.715748230009588
0.45,0.6,0.35,0.45,0.2,0.15,0.3,262,4623.433365821838,55376.56663417816,102,17.646692235961215
0.45,0.7,0.45,0.35,0.2,0.05,0.2,262,4430.32602596283,55569.67397403717,112,16.909641320468815
0.4,0.6,0.25,0.35,0.1,0.1,0.1,261,6313.800665855408,53686.19933414459,113,24.190807148871293
0.4,0.7,0.35,0.45,0.2,0.05,0.2,261,5541.116011619568,54458.88398838043,111,21.230329546435126
0.5,0.6,0.35,0.45,0.1,0.15,0.2,261,5218.41268825531,54781.58731174469,103,19.993918345805785
0.4,0.8,0.35,0.45,0.15,0.15,0.3,261,4731.311369895935,55268.688630104065,131,18.127629769716226
0.4,0.7,0.45,0.45,0.1,0.05,0.3,261,4646.226700782776,55353.773299217224,120,17.801634868899523
0.45,0.8,0.45,0.35,0.15,0.15,0.3,261,4597.5773668289185,55402.42263317108,133,17.615238953367502
0.55,0.6,0.35,0.45,0.2,0.1,0.1,260,5271.420003890991,54728.57999610901,94,20.274692322657657
0.4,0.6,0.45,0.25,0.2,0.1,0.3,260,4559.7373695373535,55440.26263046265,106,17.537451421297515
0.55,0.7,0.45,0.35,0.15,0.15,0.2,260,4421.749359130859,55578.25064086914,112,17.00672830434946
0.4,0.7,0.45,0.25,0.15,0.05,0.2,260,4385.100699424744,55614.899300575256,122,16.8657719208644
0.4,0.6,0.25,0.45,0.1,0.05,0.1,259,7353.920699119568,52646.07930088043,110,28.393516212816863
0.4,0.8,0.45,0.25,0.1,0.15,0.3,259,4597.858704566956,55402.141295433044,144,17.752350210683225
0.4,0.8,0.45,0.45,0.2,0.05,0.3,259,4550.558035850525,55449.441964149475,128,17.56972214614102
0.45,0.8,0.25,0.45,0.2,0.1,0.1,258,10557.848024368286,49442.151975631714,128,40.92189156731894
0.45,0.6,0.35,0.45,0.1,0.1,0.2,258,5328.159349441528,54671.84065055847,105,20.65178042419197
0.4,0.6,0.35,0.45,0.2,0.1,0.3,258,4523.474700927734,55476.525299072266,104,17.532847678014473
0.4,0.8,0.45,0.35,0.15,0.1,0.3,258,4517.083369255066,55482.916630744934,133,17.50807507463204
0.55,0.7,0.45,0.45,0.2,0.1,0.2,258,4482.321365356445,55517.678634643555,102,17.37333862541258
0.5,0.6,0.45,0.45,0.15,0.05,0.2,258,4478.958030700684,55521.04196929932,100,17.36030244457629
0.5,0.8,0.45,0.35,0.1,0.05,0.1,258,4319.704689025879,55680.29531097412,148,16.743041430332863
0.4,0.6,0.25,0.45,0.2,0.1,0.2,257,8941.666004180908,51058.33399581909,104,34.79247472443933
0.45,0.6,0.25,0.45,0.2,0.15,0.2,257,8386.817333221436,51613.182666778564,102,32.63353047946084
0.5,0.6,0.35,0.45,0.2,0.05,0.1,257,5414.062000274658,54585.93799972534,95,21.066389106127076
0.5,0.7,0.35,0.45,0.15,0.15,0.2,257,5096.114020347595,54903.885979652405,109,19.829237433259124
0.4,0.7,0.35,0.35,0.1,0.1,0.2,257,4505.6427001953125,55494.35729980469,121,17.531683658347518
0.45,0.6,0.45,0.35,0.2,0.1,0.3,257,4443.431366920471,55556.56863307953,105,17.28961621369833
0.45,0.7,0.35,0.35,0.1,0.15,0.2,257,4442.86736869812,55557.13263130188,120,17.287421668086072
0.5,0.7,0.45,0.35,0.15,0.1,0.2,256,4365.838695526123,55634.16130447388,113,17.054057404398918
0.45,0.7,0.35,0.45,0.15,0.1,0.2,255,5550.827343940735,54449.172656059265,111,21.767950368395038
0.5,0.7,0.45,0.25,0.1,0.15,0.2,255,4339.752696990967,55660.24730300903,120,17.018638027415555
0.4,0.8,0.25,0.45,0.2,0.05,0.1,254,10585.528022766113,49414.47197723389,129,41.67530717624454
0.55,0.6,0.35,0.35,0.2,0.15,0.1,254,4576.271350860596,55423.728649139404,94,18.01681634197085
0.4,0.6,0.25,0.25,0.1,0.15,0.1,254,4382.270696640015,55617.729303359985,111,17.253034238740216
0.5,0.6,0.45,0.35,0.1,0.1,0.2,254,4327.998028755188,55672.00197124481,108,17.03936231793381
0.45,0.7,0.45,0.35,0.15,0.05,0.2,254,4325.682028770447,55674.31797122955,115,17.030244207757665
0.55,0.6,0.45,0.35,0.1,0.15,0.2,254,4319.634695053101,55680.3653049469,107,17.00643580729567
0.5,0.6,0.35,0.35,0.2,0.1,0.1,253,4564.515350341797,55435.4846496582,95,18.04156264957232
0.4,0.6,0.35,0.35,0.15,0.15,0.3,253,4484.941368103027,55515.05863189697,108,17.727040980644375
0.45,0.8,0.45,0.45,0.15,0.1,0.3,253,4481.39670085907,55518.60329914093,126,17.71303043817814
0.45,0.7,0.45,0.25,0.1,0.1,0.2,253,4291.824029922485,55708.175970077515,120,16.963731343567137
0.5,0.6,0.35,0.25,0.2,0.15,0.1,253,4214.540024757385,55785.459975242615,97,16.658260967420496
0.4,0.7,0.35,0.45,0.15,0.05,0.2,252,5510.908009529114,54489.091990470886,112,21.868682577496482
0.4,0.6,0.35,0.45,0.1,0.05,0.2,252,5425.38268661499,54574.61731338501,106,21.529296375456312
0.55,0.6,0.35,0.45,0.15,0.1,0.1,252,5363.140665054321,54636.85933494568,95,21.282304226406037
0.55,0.6,0.45,0.45,0.2,0.15,0.3,252,4429.097358703613,55570.90264129639,94,17.575783169458784
0.4,0.6,0.45,0.35,0.2,0.05,0.3,252,4366.536030769348,55633.46396923065,106,17.3275239316244
0.45,0.6,0.35,0.25,0.2,0.1,0.1,252,4203.700024604797,55796.2999753952,97,16.68134930398729
0.5,0.6,0.35,0.45,0.15,0.05,0.1,251,5362.553332328796,54637.4466676712,96,21.364754312066918
0.5,0.7,0.45,0.45,0.2,0.05,0.2,251,4333.315365791321,55666.68463420868,103,17.264204644586936
0.4,0.7,0.35,0.35,0.2,0.15,0.3,250,4461.369367599487,55538.63063240051,112,17.84547747039795
0.55,0.8,0.45,0.45,0.1,0.05,0.1,250,4337.222021102905,55662.777978897095,130,17.34888808441162
0.45,0.6,0.45,0.35,0.1,0.05,0.2,250,4256.696029663086,55743.303970336914,109,17.026784118652344
0.4,0.6,0.35,0.25,0.2,0.05,0.1,250,4183.9506912231445,55816.049308776855,97,16.73580276489258
0.5,0.7,0.35,0.45,0.2,0.05,0.1,249,5861.900012969971,54138.09998703003,100,23.541767120361328
0.55,0.7,0.35,0.45,0.2,0.1,0.1,249,5802.265344619751,54197.73465538025,98,23.302270460320287
0.5,0.8,0.35,0.45,0.2,0.15,0.2,249,5423.435346603394,54576.56465339661,117,21.78086484579676
0.4,0.8,0.35,0.45,0.1,0.15,0.3,249,4850.287360191345,55149.712639808655,129,19.4790657035797
0.45,0.6,0.35,0.35,0.2,0.05,0.1,249,4492.618016242981,55507.38198375702,95,18.042642635513978
0.45,0.8,0.35,0.35,0.2,0.15,0.2,249,4476.9853620529175,55523.01463794708,128,17.979860891778785
0.45,0.8,0.45,0.35,0.1,0.15,0.3,249,4421.559366226196,55578.440633773804,131,17.7572665310289
0.4,0.8,0.35,0.25,0.2,0.15,0.2,249,4290.168702125549,55709.83129787445,130,17.229593181227106
0.45,0.8,0.25,0.35,0.2,0.15,0.1,248,8615.288676261902,51384.7113237381,126,34.73906724299154
0.45,0.7,0.25,0.45,0.1,0.1,0.1,248,7629.278698921204,52370.7213010788,113,30.763220560166143
0.5,0.7,0.25,0.45,0.1,0.15,0.1,248,7140.731365203857,52859.26863479614,111,28.793271633886523
0.5,0.7,0.35,0.45,0.1,0.15,0.2,248,5584.452684402466,54415.547315597534,110,22.517954372590587
0.4,0.7,0.45,0.25,0.1,0.05,0.2,248,4175.8260288238525,55824.17397117615,120,16.83800818074134
0.4,0.6,0.25,0.35,0.2,0.15,0.2,247,6842.893350601196,53157.106649398804,100,27.70402166235302
0.45,0.7,0.25,0.35,0.1,0.15,0.1,247,6062.942663192749,53937.05733680725,114,24.546326571630562
0.5,0.6,0.45,0.45,0.2,0.1,0.3,247,4351.049362182617,55648.95063781738,95,17.615584462277802
0.45,0.7,0.25,0.45,0.2,0.15,0.2,246,8584.263340950012,51415.73665904999,105,34.895379434756144
0.4,0.7,0.25,0.25,0.15,0.15,0.1,246,4758.756025314331,55241.24397468567,115,19.34453668826964
0.45,0.7,0.35,0.45,0.2,0.15,0.3,246,4665.414026260376,55334.585973739624,105,18.965097667725107
0.55,0.7,0.35,0.35,0.2,0.15,0.1,246,4481.711352348328,55518.28864765167,96,18.21833883068426
0.4,0.8,0.45,0.35,0.1,0.1,0.3,246,4378.224034309387,55621.77596569061,131,17.797658676054418
0.55,0.6,0.45,0.45,0.1,0.1,0.2,246,4373.7580308914185,55626.24196910858,94,17.779504190615523
0.45,0.6,0.45,0.25,0.15,0.15,0.3,246,4340.7040338516235,55659.29596614838,105,17.64513834899034
0.4,0.6,0.45,0.25,0.15,0.1,0.3,246,4337.588035583496,55662.411964416504,107,17.632471689363804
0.55,0.7,0.45,0.35,0.1,0.15,0.2,246,4302.0193700790405,55697.98062992096,111,17.487883618207483
0.55,0.8,0.45,0.35,0.2,0.15,0.2,246,4212.800026893616,55787.199973106384,114,17.12520336135616
0.55,0.6,0.35,0.35,0.15,0.15,0.1,246,4171.98736000061,55828.01263999939,95,16.959298211384596
0.5,0.6,0.35,0.25,0.15,0.15,0.1,246,4146.522693634033,55853.47730636597,98,16.855783307455418
0.4,0.7,0.25,0.45,0.1,0.05,0.1,245,7576.009365081787,52423.99063491821,113,30.922487204415457
0.4,0.7,0.25,0.35,0.1,0.1,0.1,245,6032.547995567322,53967.45200443268,114,24.62264487986662
0.45,0.8,0.35,0.45,0.2,0.1,0.2,245,5472.299347877502,54527.7006521225,119,22.335915705622458
0.4,0.8,0.35,0.35,0.2,0.1,0.2,245,4411.209362030029,55588.79063796997,128,18.00493617155114
0.4,0.8,0.45,0.45,0.15,0.05,0.3,245,4342.291366577148,55657.70863342285,126,17.723638230927136
0.5,0.8,0.25,0.45,0.15,0.15,0.1,244,8465.943345069885,51534.056654930115,124,34.696489119138874
0.45,0.7,0.35,0.45,0.1,0.1,0.2,244,5518.753352165222,54481.24664783478,111,22.617841607234517
0.55,0.7,0.45,0.45,0.15,0.1,0.2,244,4245.072030067444,55754.927969932556,101,17.397836188800998
0.45,0.6,0.35,0.25,0.15,0.1,0.1,244,4121.493359565735,55878.506640434265,98,16.891366227728422
0.55,0.6,0.45,0.25,0.2,0.1,0.1,244,4059.3046894073486,55940.69531059265,91,16.63649462871864
0.4,0.8,0.25,0.45,0.1,0.15,0.2,243,6960.220011711121,53039.77998828888,136,28.642880706630127
0.55,0.7,0.35,0.45,0.15,0.1,0.1,243,5704.830002784729,54295.16999721527,101,23.476666678126456
0.45,0.7,0.45,0.25,0.2,0.15,0.3,243,4267.550037384033,55732.44996261597,110,17.56193431022236
0.45,0.6,0.45,0.45,0.2,0.05,0.3,243,4243.854696273804,55756.145303726196,97,17.464422618410715
0.5,0.6,0.45,0.35,0.15,0.15,0.3,243,4230.066030502319,55769.93396949768,99,17.40767913786963
0.4,0.8,0.35,0.25,0.15,0.15,0.2,243,4220.933365821838,55779.06663417816,134,17.370096155645424
0.5,0.8,0.45,0.35,0.2,0.1,0.2,243,4197.226698875427,55802.77330112457,117,17.272537855454434
0.4,0.6,0.35,0.25,0.15,0.05,0.1,243,4102.1486921310425,55897.85130786896,98,16.88127033798783
0.55,0.6,0.45,0.35,0.2,0.05,0.1,243,4081.4100227355957,55918.589977264404,90,16.795926019488046
0.4,0.7,0.25,0.45,0.2,0.1,0.2,242,8498.9000082016,51501.0999917984,105,35.11942152149421
0.4,0.7,0.35,0.45,0.1,0.05,0.2,242,5487.9806842803955,54512.019315719604,111,22.677606133390064
0.5,0.8,0.45,0.45,0.1,0.15,0.3,242,4353.0100355148315,55646.98996448517,119,17.987644774854676
0.45,0.6,0.35,0.45,0.15,0.15,0.3,242,4330.057368278503,55669.9426317215,99,17.892799042473154
0.5,0.7,0.45,0.35,0.1,0.1,0.2,242,4226.357368469238,55773.64263153076,111,17.4642866465671
0.5,0.6,0.35,0.35,0.15,0.1,0.1,242,4111.908692359924,55888.091307640076,95,16.99135823289225
0.5,0.8,0.45,0.25,0.2,0.15,0.2,242,4061.4540300369263,55938.545969963074,121,16.78286789271457
0.5,0.6,0.45,0.25,0.2,0.05,0.1,242,4044.543356895447,55955.45664310455,92,16.71298907808036
0.4,0.8,0.35,0.45,0.2,0.05,0.2,241,5518.769346237183,54481.23065376282,121,22.899457868204077
0.4,0.7,0.35,0.45,0.2,0.1,0.3,241,4580.621359825134,55419.378640174866,106,19.006727634129188
0.5,0.7,0.35,0.35,0.2,0.1,0.1,241,4408.434018135071,55591.56598186493,96,18.292257336660043
0.4,0.7,0.35,0.35,0.15,0.15,0.3,241,4345.598701477051,55654.40129852295,111,18.031529881647515
0.4,0.7,0.45,0.25,0.2,0.1,0.3,241,4236.7773694992065,55763.22263050079,110,17.579989085058948
0.5,0.7,0.45,0.35,0.2,0.15,0.3,241,4213.886697769165,55786.113302230835,105,17.485007044685332
0.45,0.6,0.35,0.35,0.15,0.05,0.1,241,4099.575359344482,55900.42464065552,95,17.01068613835885
0.55,0.7,0.45,0.45,0.2,0.15,0.3,240,4300.634030342102,55699.3659696579,98,17.91930845975876
0.45,0.7,0.45,0.35,0.1,0.05,0.2,240,4181.4673681259155,55818.532631874084,112,17.422780700524648
0.5,0.6,0.25,0.45,0.2,0.1,0.1,239,8942.026662826538,51057.97333717346,91,37.41433750136627
0.45,0.8,0.25,0.45,0.15,0.1,0.1,239,8373.448677062988,51626.55132293701,124,35.03535011323426
0.45,0.7,0.45,0.35,0.2,0.1,0.3,239,4181.1093645095825,55818.89063549042,106,17.49418144146269
0.5,0.7,0.35,0.25,0.2,0.15,0.1,239,3942.218026161194,56057.781973838806,98,16.49463609272466
0.4,0.8,0.25,0.35,0.2,0.1,0.1,238,8692.37933921814,51307.62066078186,128,36.52260226562244
0.55,0.6,0.25,0.45,0.2,0.15,0.1,238,8529.431992530823,51470.56800746918,90,35.83794954844883
0.55,0.6,0.35,0.45,0.1,0.1,0.1,238,5514.563342094421,54485.43665790558,95,23.170434210480764
0.5,0.8,0.35,0.45,0.15,0.15,0.2,238,5057.86801815033,54942.13198184967,120,21.251546294749286
0.55,0.6,0.35,0.45,0.2,0.15,0.2,238,4542.891354560852,55457.10864543915,89,19.08777880067585
0.45,0.7,0.35,0.35,0.2,0.05,0.1,238,4364.676684379578,55635.32331562042,96,18.338977665460412
0.55,0.6,0.45,0.45,0.15,0.15,0.3,238,4293.393365859985,55706.606634140015,93,18.03946792378145
0.45,0.8,0.45,0.45,0.1,0.1,0.3,238,4262.687368392944,55737.312631607056,121,17.910451127701446
0.5,0.7,0.45,0.45,0.2,0.1,0.3,238,4219.72269821167,55780.27730178833,100,17.729927303410378
0.5,0.6,0.45,0.45,0.1,0.05,0.2,238,4162.392029762268,55837.60797023773,95,17.48904214185827
0.45,0.8,0.35,0.35,0.15,0.15,0.2,238,4147.830028533936,55852.169971466064,128,17.42785726274763
0.55,0.8,0.45,0.45,0.2,0.1,0.2,238,4134.616028785706,55865.383971214294,104,17.372336255402125
0.5,0.7,0.45,0.45,0.15,0.05,0.2,238,4130.763363838196,55869.236636161804,101,17.356148587555445
0.5,0.7,0.35,0.45,0.15,0.05,0.1,237,5612.5406675338745,54387.459332466125,102,23.681606192126054
0.5,0.6,0.35,0.45,0.1,0.05,0.1,237,5498.242009162903,54501.7579908371,96,23.19933337199537
0.4,0.6,0.35,0.45,0.15,0.1,0.3,237,4219.756034851074,55780.243965148926,99,17.80487778418175
0.45,0.6,0.45,0.35,0.15,0.1,0.3,237,4135.454700469971,55864.54529953003,101,17.44917595135009
0.45,0.8,0.45,0.25,0.2,0.1,0.2,237,3985.72403049469,56014.27596950531,123,16.817400972551436
0.45,0.6,0.25,0.45,0.2,0.05,0.1,236,9118.460001945496,50881.539998054504,92,38.63754238112498
0.4,0.8,0.35,0.25,0.1,0.15,0.2,236,4127.3300313949585,55872.66996860504,137,17.48868657370745
0.45,0.8,0.45,0.35,0.2,0.05,0.2,236,4114.6546993255615,55885.34530067444,120,17.434977539515092
0.4,0.7,0.45,0.35,0.2,0.05,0.3,236,4114.546697616577,55885.45330238342,106,17.43451990515499
0.55,0.8,0.45,0.35,0.15,0.15,0.2,236,4097.604697227478,55902.39530277252,119,17.362731767913044
0.5,0.6,0.35,0.25,0.1,0.15,0.1,236,3989.680690765381,56010.31930923462,100,16.90542665578551
0.55,0.6,0.45,0.25,0.15,0.1,0.1,236,3966.3120222091675,56033.68797779083,92,16.80640687376766
0.4,0.8,0.25,0.45,0.15,0.05,0.1,235,8634.765340805054,51365.234659194946,126,36.7436823012981
0.45,0.7,0.45,0.45,0.2,0.05,0.3,235,4171.762031555176,55828.237968444824,100,17.7521788576816
0.45,0.6,0.35,0.25,0.1,0.1,0.1,235,3968.687357902527,56031.31264209747,101,16.888031310223518
0.45,0.7,0.35,0.25,0.2,0.1,0.1,235,3867.5373582839966,56132.462641716,99,16.4576057799319
0.45,0.6,0.25,0.45,0.15,0.15,0.2,234,6629.28000164032,53370.71999835968,96,28.330256417266323
0.55,0.8,0.35,0.45,0.2,0.1,0.1,234,5645.065340042114,54354.934659957886,106,24.12421085488083
0.4,0.6,0.35,0.35,0.1,0.15,0.3,234,4217.294034957886,55782.705965042114,102,18.022624081016605
0.5,0.6,0.45,0.45,0.15,0.1,0.3,234,4194.318697929382,55805.68130207062,93,17.924438880040096
0.4,0.6,0.45,0.35,0.15,0.05,0.3,234,4081.86203289032,55918.13796710968,101,17.443854841411625
0.4,0.8,0.35,0.35,0.15,0.1,0.2,234,4066.251362800598,55933.7486371994,128,17.37714257607093
0.5,0.8,0.45,0.25,0.15,0.15,0.2,234,3969.6533632278442,56030.346636772156,124,16.964330612084805
0.4,0.7,0.25,0.25,0.1,0.15,0.1,234,3960.122024536133,56039.87797546387,113,16.92359839545356
0.45,0.8,0.25,0.35,0.15,0.15,0.1,233,7293.260670661926,52706.739329338074,127,31.301547942755047
0.4,0.8,0.25,0.25,0.2,0.15,0.1,233,7060.771355628967,52939.22864437103,135,30.303739723729475
0.5,0.6,0.35,0.45,0.2,0.1,0.2,233,4409.8053550720215,55590.19464492798,89,18.926203240652452
0.4,0.8,0.45,0.45,0.1,0.05,0.3,233,4160.803367614746,55839.196632385254,121,17.857525182895905
0.55,0.7,0.45,0.35,0.2,0.05,0.1,233,3930.3200216293335,56069.67997837067,90,16.86832627308727
0.55,0.7,0.25,0.45,0.2,0.15,0.1,232,9390.830005645752,50609.16999435425,94,40.477715541576515
0.4,0.6,0.25,0.45,0.15,0.1,0.2,232,6832.369340896606,53167.63065910339,97,29.449867848692268
0.4,0.7,0.25,0.35,0.2,0.15,0.2,232,6819.867350578308,53180.13264942169,102,29.39597995938926
0.45,0.6,0.45,0.45,0.15,0.05,0.3,232,4173.598698616028,55826.40130138397,96,17.98964956300012
0.4,0.7,0.45,0.25,0.15,0.1,0.3,232,4134.355365753174,55865.644634246826,109,17.820497266177473
0.45,0.7,0.45,0.25,0.15,0.15,0.3,232,4083.3227005004883,55916.67729949951,108,17.60052888146762
0.45,0.6,0.35,0.25,0.2,0.15,0.2,232,4080.360023498535,55919.639976501465,92,17.587758721976446
0.5,0.8,0.45,0.45,0.2,0.05,0.2,232,4020.807361602783,55979.19263839722,104,17.3310662138051
0.4,0.6,0.35,0.25,0.1,0.05,0.1,232,3942.68736076355,56057.31263923645,102,16.99434207225668
0.5,0.6,0.45,0.25,0.15,0.05,0.1,232,3921.5333547592163,56078.466645240784,92,16.903161011893175
0.55,0.6,0.45,0.35,0.15,0.05,0.1,232,3915.5840215682983,56084.4159784317,90,16.877517334346113
0.45,0.8,0.35,0.45,0.15,0.1,0.2,231,5024.80535030365,54975.19464969635,121,21.752404113868614
0.4,0.8,0.45,0.25,0.2,0.05,0.2,231,3863.5473623275757,56136.452637672424,123,16.72531325682933
0.4,0.7,0.35,0.25,0.2,0.05,0.1,231,3828.1746921539307,56171.82530784607,101,16.57218481451918
0.4,0.6,0.35,0.25,0.2,0.1,0.2,230,4030.7173557281494,55969.28264427185,92,17.52485806838326
0.45,0.8,0.45,0.25,0.15,0.1,0.2,230,3891.1006965637207,56108.89930343628,126,16.91782911549444
0.5,0.7,0.35,0.25,0.15,0.15,0.1,230,3833.664026260376,56166.335973739624,102,16.668104462001633
0.5,0.8,0.35,0.45,0.2,0.05,0.1,229,5714.886013031006,54285.113986968994,107,24.955834118039327
0.4,0.8,0.35,0.45,0.15,0.05,0.2,229,5166.303345680237,54833.69665431976,122,22.56027661869099
0.55,0.7,0.45,0.45,0.15,0.15,0.3,229,4134.817366600037,55865.18263339996,96,18.055971033187934
0.45,0.6,0.45,0.25,0.1,0.15,0.3,229,4115.430033683777,55884.56996631622,100,17.97131019075885
0.5,0.8,0.45,0.35,0.15,0.1,0.2,229,3980.9746980667114,56019.02530193329,119,17.38416898719088
0.55,0.6,0.35,0.35,0.1,0.15,0.1,229,3892.1266899108887,56107.87331008911,93,16.99618641882484
0.45,0.6,0.35,0.45,0.2,0.05,0.2,228,4310.178020477295,55689.821979522705,89,18.904289563496906
0.45,0.7,0.35,0.45,0.15,0.15,0.3,228,4077.899369239807,55922.10063076019,101,17.8855235492974
0.55,0.7,0.35,0.35,0.15,0.15,0.1,228,3882.792691230774,56117.207308769226,95,17.02979250539813
0.55,0.7,0.45,0.25,0.2,0.1,0.1,228,3736.952688217163,56263.04731178284,92,16.390143369373522
0.5,0.7,0.25,0.45,0.2,0.1,0.1,227,9315.55000591278,50684.44999408722,94,41.03766522428538
0.45,0.6,0.35,0.45,0.1,0.15,0.3,227,4173.218033790588,55826.78196620941,95,18.384220413174397
0.5,0.7,0.45,0.35,0.15,0.15,0.3,227,4056.3167009353638,55943.683299064636,103,17.8692365679972
0.45,0.7,0.45,0.35,0.15,0.1,0.3,227,4050.733367919922,55949.26663208008,104,17.84464038731243
0.45,0.8,0.35,0.35,0.1,0.15,0.2,227,4004.5953636169434,55995.40463638306,125,17.64138926703499
0.5,0.7,0.35,0.35,0.15,0.1,0.1,227,3862.1106910705566,56137.88930892944,96,17.01370348489232
0.4,0.8,0.45,0.25,0.15,0.05,0.2,227,3839.7453632354736,56160.25463676453,126,16.915177811610015
0.4,0.6,0.45,0.25,0.1,0.1,0.3,226,4049.554033279419,55950.44596672058,100,17.918380678227518
0.45,0.7,0.35,0.25,0.15,0.1,0.1,226,3781.933362007141,56218.06663799286,103,16.7342184159608
0.4,0.7,0.45,0.35,0.15,0.05,0.3,225,4001.8233680725098,55998.17663192749,104,17.78588163587782
0.5,0.8,0.45,0.25,0.1,0.15,0.2,225,3886.2333602905273,56113.76663970947,125,17.2721482679579
0.5,0.6,0.35,0.35,0.1,0.1,0.1,225,3846.5753564834595,56153.42464351654,93,17.09589047325982
0.4,0.8,0.25,0.35,0.15,0.1,0.1,224,7080.271335601807,52919.72866439819,127,31.608354176793778
0.55,0.7,0.35,0.45,0.1,0.1,0.1,224,5590.95333480835,54409.04666519165,98,24.95961310182299
0.4,0.6,0.25,0.35,0.15,0.15,0.2,224,4499.666687011719,55500.33331298828,94,20.087797709873744
0.55,0.7,0.45,0.45,0.1,0.1,0.2,224,3963.8073654174805,56036.19263458252,96,17.695568595613754
0.55,0.6,0.45,0.25,0.2,0.15,0.2,224,3897.514693260193,56102.48530673981,85,17.39961916634015
0.45,0.6,0.35,0.35,0.1,0.05,0.1,224,3825.893356323242,56174.10664367676,94,17.079881055014475
0.45,0.7,0.25,0.45,0.2,0.05,0.1,223,9097.088676452637,50902.91132354736,94,40.794119625348145
0.45,0.6,0.25,0.35,0.2,0.1,0.1,223,7251.379337310791,52748.62066268921,86,32.517396131438524
0.5,0.6,0.25,0.35,0.2,0.15,0.1,223,7058.522006988525,52941.477993011475,85,31.652565053760203
0.5,0.8,0.35,0.45,0.1,0.15,0.2,223,5333.922010421753,54666.07798957825,116,23.918932782160326
0.55,0.7,0.35,0.45,0.2,0.15,0.2,223,4249.76068687439,55750.23931312561,89,19.05722281109592
0.4,0.6,0.35,0.45,0.1,0.1,0.3,223,4071.9253664016724,55928.07463359833,95,18.259755006285527
0.4,0.7,0.35,0.35,0.1,0.15,0.3,223,4041.128698348999,55958.871301651,105,18.121653355825107
0.4,0.7,0.35,0.45,0.15,0.1,0.3,223,3982.459367752075,56017.540632247925,101,17.858562187229037
0.5,0.6,0.45,0.35,0.1,0.15,0.3,223,3979.8113689422607,56020.18863105774,93,17.84668775310431
0.5,0.6,0.35,0.35,0.2,0.15,0.2,223,3904.699360847473,56095.30063915253,85,17.50986260469719
0.55,0.8,0.45,0.45,0.15,0.1,0.2,223,3898.0106954574585,56101.98930454254,104,17.47986858949533
0.45,0.8,0.45,0.35,0.15,0.05,0.2,223,3884.2093629837036,56115.7906370163,121,17.417979206204947
0.45,0.8,0.25,0.45,0.2,0.15,0.2,222,8373.397351264954,51626.60264873505,109,37.71800608677907
0.4,0.6,0.25,0.35,0.2,0.05,0.1,222,7643.456674575806,52356.543325424194,87,34.42998502061174
0.45,0.8,0.35,0.45,0.2,0.15,0.3,222,4343.732027053833,55656.26797294617,111,19.56636048222447
0.55,0.8,0.35,0.35,0.2,0.15,0.1,222,4229.7520179748535,55770.24798202515,99,19.052937017904746
0.4,0.8,0.35,0.35,0.1,0.1,0.2,222,3897.338028907776,56102.661971092224,126,17.555576706791783
0.5,0.7,0.45,0.25,0.2,0.05,0.1,222,3650.402687072754,56349.597312927246,92,16.443255347174567
0.5,0.7,0.35,0.45,0.1,0.05,0.1,221,5544.343334197998,54455.656665802,98,25.087526399085963
0.5,0.7,0.45,0.45,0.15,0.1,0.3,221,3988.868698120117,56011.13130187988,96,18.04917962950279
0.55,0.8,0.45,0.45,0.2,0.15,0.3,221,3950.9593629837036,56049.0406370163,103,17.87764417639685
0.45,0.7,0.35,0.35,0.15,0.05,0.1,221,3948.9300212860107,56051.06997871399,97,17.868461634778328
0.45,0.6,0.35,0.25,0.15,0.15,0.2,221,3896.588689804077,56103.41131019592,94,17.63162303078768
0.45,0.6,0.35,0.35,0.2,0.1,0.2,221,3886.100028038025,56113.899971961975,86,17.584163022796492
0.45,0.8,0.45,0.25,0.1,0.1,0.2,221,3765.4313611984253,56234.568638801575,126,17.038150955648984
0.5,0.7,0.35,0.25,0.1,0.15,0.1,221,3743.1466932296753,56256.853306770325,104,16.93731535398043
0.4,0.7,0.35,0.25,0.15,0.05,0.1,221,3688.2486934661865,56311.75130653381,104,16.688908115231612
0.5,0.8,0.25,0.45,0.1,0.15,0.1,220,6844.458023071289,53155.54197692871,117,31.111172832142223
0.45,0.7,0.25,0.45,0.15,0.15,0.2,220,6666.492672920227,53333.50732707977,98,30.302239422364668
0.55,0.8,0.35,0.45,0.15,0.1,0.1,220,5392.053330421448,54607.94666957855,104,24.50933332009749
0.5,0.8,0.35,0.35,0.2,0.1,0.1,220,4498.394023895264,55501.605976104736,103,20.44724556316029
0.45,0.6,0.45,0.35,0.1,0.1,0.3,220,3919.0860347747803,56080.91396522522,96,17.814027430794457
0.4,0.6,0.35,0.35,0.2,0.05,0.2,220,3879.175361633301,56120.8246383667,87,17.632615280151366
0.5,0.7,0.35,0.45,0.2,0.1,0.2,219,4337.730016708374,55662.269983291626,90,19.806986377663808
0.55,0.6,0.45,0.45,0.1,0.15,0.3,219,4017.5393657684326,55982.46063423157,87,18.344928610814762
0.4,0.8,0.35,0.35,0.2,0.15,0.3,219,3926.604030609131,56073.39596939087,115,17.929698769904707
0.45,0.7,0.45,0.45,0.15,0.05,0.3,219,3918.8346977233887,56081.16530227661,97,17.894222364033737
0.4,0.6,0.45,0.35,0.1,0.05,0.3,219,3906.3333673477173,56093.66663265228,97,17.837138663688208
0.55,0.7,0.45,0.35,0.15,0.05,0.1,219,3712.8893537521362,56287.110646247864,91,16.95383266553487
0.5,0.7,0.25,0.35,0.2,0.15,0.1,218,7578.537341117859,52421.46265888214,90,34.76393275742137
0.45,0.8,0.35,0.45,0.1,0.1,0.2,218,5216.260676383972,54783.73932361603,117,23.927801267816385
0.45,0.7,0.35,0.45,0.1,0.15,0.3,218,4135.857361793518,55864.14263820648,99,18.971822760520727
0.45,0.7,0.45,0.25,0.1,0.15,0.3,218,3949.312702178955,56050.687297821045,103,18.1161133127475
0.55,0.8,0.45,0.35,0.1,0.15,0.2,218,3820.8666944503784,56179.13330554962,116,17.52691144243293
0.55,0.6,0.45,0.45,0.2,0.05,0.2,218,3783.5646896362305,56216.43531036377,81,17.35580132860656
0.55,0.6,0.45,0.35,0.1,0.05,0.1,218,3701.9666872024536,56298.03331279755,88,16.98149856514887
0.55,0.6,0.45,0.25,0.1,0.1,0.1,218,3685.2980194091797,56314.70198059082,91,16.90503678628064
0.4,0.8,0.25,0.45,0.2,0.1,0.2,217,8589.008681297302,51410.9913187027,111,39.580685167268676
0.45,0.7,0.25,0.35,0.2,0.1,0.1,217,8320.466009140015,51679.533990859985,93,38.34316133244246
0.4,0.8,0.25,0.45,0.1,0.05,0.1,217,6950.296018600464,53049.703981399536,119,32.029013910601215
0.45,0.8,0.25,0.45,0.1,0.1,0.1,217,6945.660018920898,53054.3399810791,118,32.007649856778336
0.5,0.8,0.35,0.45,0.15,0.05,0.1,217,5499.098665237427,54500.90133476257,107,25.34146850339828
0.4,0.8,0.25,0.25,0.15,0.15,0.1,217,4913.834016799927,55086.16598320007,131,22.644396390783072
0.4,0.7,0.35,0.45,0.1,0.1,0.3,217,4115.162693977356,55884.837306022644,99,18.96388338238413
0.5,0.7,0.35,0.35,0.1,0.1,0.1,217,3940.886019706726,56059.113980293274,98,18.16076506777293
0.55,0.7,0.35,0.35,0.1,0.15,0.1,217,3938.634020805359,56061.36597919464,97,18.150387192651422
0.4,0.7,0.45,0.25,0.1,0.1,0.3,217,3938.54336643219,56061.45663356781,104,18.149969430563086
0.5,0.8,0.45,0.35,0.2,0.15,0.3,217,3880.791362762451,56119.20863723755,107,17.883831164803922
0.45,0.8,0.45,0.25,0.2,0.15,0.3,217,3822.62136554718,56177.37863445282,112,17.61576666150774
0.4,0.6,0.35,0.25,0.15,0.1,0.2,217,3818.330023765564,56181.669976234436,94,17.595990892928867
0.5,0.7,0.45,0.45,0.1,0.05,0.2,217,3815.1046962738037,56184.895303726196,96,17.581127632598175
0.5,0.6,0.45,0.25,0.2,0.1,0.2,217,3800.0326919555664,56199.96730804443,85,17.511671391500307
0.55,0.6,0.45,0.35,0.2,0.1,0.2,217,3738.648690223694,56261.351309776306,82,17.22879580748246
0.4,0.8,0.45,0.25,0.1,0.05,0.2,217,3716.799361228943,56283.20063877106,125,17.128107655432917
0.5,0.6,0.45,0.25,0.1,0.05,0.1,217,3665.3473529815674,56334.65264701843,91,16.891001626643167
0.4,0.7,0.25,0.45,0.15,0.1,0.2,216,6580.842670440674,53419.157329559326,98,30.46686421500312
0.4,0.8,0.35,0.45,0.1,0.05,0.2,216,5186.768009185791,54813.23199081421,117,24.012814857341624
0.4,0.7,0.25,0.35,0.15,0.15,0.2,216,5010.7773542404175,54989.22264575958,99,23.1980433066686
0.5,0.6,0.45,0.45,0.1,0.1,0.3,216,3980.170033454895,56019.829966545105,88,18.426713117846734
0.45,0.7,0.35,0.35,0.1,0.05,0.1,216,3955.5026874542236,56044.49731254578,99,18.3125124419177
0.45,0.7,0.35,0.25,0.2,0.15,0.2,216,3784.43602848053,56215.56397151947,96,17.52053716889134
0.45,0.6,0.45,0.25,0.2,0.05,0.2,216,3780.786693572998,56219.213306427,85,17.50364209987499
0.45,0.7,0.35,0.25,0.1,0.1,0.1,216,3631.744691848755,56368.255308151245,104,16.813632832633125
0.4,0.6,0.25,0.45,0.2,0.15,0.3,215,5544.284680366516,54455.715319633484,89,25.78737060635589
0.55,0.6,0.35,0.45,0.15,0.15,0.2,215,4036.2826919555664,55963.71730804443,83,18.773407869560774
0.5,0.8,0.45,0.45,0.2,0.1,0.3,215,3828.9346961975098,56171.06530380249,103,17.808998586965163
0.4,0.8,0.45,0.25,0.2,0.1,0.3,215,3781.545364379883,56218.45463562012,112,17.58858309013899
0.5,0.8,0.45,0.35,0.1,0.1,0.2,215,3765.7786951065063,56234.221304893494,117,17.515249744681427
0.5,0.8,0.45,0.45,0.15,0.05,0.2,215,3741.3086948394775,56258.69130516052,104,17.40143578995106
0.5,0.6,0.45,0.35,0.2,0.05,0.2,215,3706.9706897735596,56293.02931022644,82,17.241724138481672
0.55,0.6,0.25,0.45,0.15,0.15,0.1,214,6425.195330619812,53574.80466938019,83,30.02427724588697
0.45,0.8,0.25,0.35,0.1,0.15,0.1,214,5739.502002716064,54260.497997283936,119,26.820102816430207
0.45,0.7,0.35,0.45,0.2,0.05,0.2,214,4269.417349815369,55730.58265018463,90,19.950548363623216
0.4,0.8,0.35,0.45,0.2,0.1,0.3,214,4239.655353546143,55760.34464645386,112,19.8114736147016
0.5,0.7,0.35,0.35,0.2,0.15,0.2,214,4086.806686401367,55913.19331359863,89,19.097227506548446
0.5,0.8,0.35,0.25,0.2,0.15,0.1,214,4036.720694541931,55963.27930545807,110,18.863180815616502
0.4,0.7,0.35,0.25,0.1,0.05,0.1,214,3578.9833583831787,56421.01664161682,104,16.724221300855977
0.5,0.6,0.25,0.45,0.15,0.1,0.1,213,6619.00399684906,53380.99600315094,84,31.075136135441596
0.5,0.6,0.35,0.45,0.15,0.1,0.2,213,4360.086688041687,55639.91331195831,85,20.469890554186325
0.5,0.7,0.45,0.35,0.1,0.15,0.3,213,3865.4873657226562,56134.512634277344,98,18.14782800808759
0.4,0.6,0.35,0.25,0.2,0.15,0.3,213,3789.7786979675293,56210.22130203247,91,17.79238825336868
0.55,0.7,0.45,0.25,0.15,0.1,0.1,213,3531.2093534469604,56468.79064655304,92,16.578447668765072
0.45,0.6,0.25,0.45,0.15,0.05,0.1,212,7353.1213483810425,52646.87865161896,86,34.68453466217473
0.4,0.6,0.25,0.35,0.1,0.15,0.2,212,5101.638014793396,54898.361985206604,94,24.064330258459414
0.45,0.7,0.45,0.35,0.1,0.1,0.3,212,3795.3866996765137,56204.613300323486,98,17.90276745130431
0.45,0.8,0.45,0.35,0.2,0.1,0.3,212,3758.579360961914,56241.420639038086,109,17.729147929065633
0.4,0.7,0.35,0.25,0.2,0.1,0.2,212,3719.096694946289,56280.90330505371,96,17.542908938425892
0.45,0.8,0.45,0.35,0.1,0.05,0.2,212,3703.12069606781,56296.87930393219,118,17.467550453150047
0.55,0.8,0.25,0.45,0.2,0.15,0.1,211,8661.243342399597,51338.7566576004,96,41.04854664644359
0.45,0.6,0.25,0.25,0.2,0.15,0.1,211,5613.903371810913,54386.09662818909,79,26.606177117587265
0.55,0.8,0.35,0.35,0.15,0.15,0.1,211,3907.783350944519,56092.21664905548,102,18.52030024144322
0.4,0.7,0.45,0.35,0.1,0.05,0.3,211,3815.0793647766113,56184.92063522339,99,18.080944856761192
0.4,0.8,0.45,0.35,0.2,0.05,0.3,211,3739.942695617676,56260.057304382324,109,17.72484689866197
0.55,0.8,0.45,0.35,0.2,0.05,0.1,211,3536.4126873016357,56463.587312698364,93,16.760249702851354
0.4,0.7,0.25,0.35,0.2,0.05,0.1,210,8375.306004524231,51624.69399547577,94,39.88240954535348
0.4,0.7,0.25,0.45,0.2,0.15,0.3,210,6549.612683296204,53450.3873167038,94,31.188631825220018
0.45,0.6,0.25,0.45,0.1,0.15,0.2,210,6027.148009300232,53972.85199069977,89,28.70070480619158
0.45,0.6,0.45,0.45,0.1,0.05,0.3,210,3817.0386991500854,56182.961300849915,88,18.17637475785755
0.55,0.6,0.45,0.25,0.15,0.15,0.2,210,3684.5273580551147,56315.472641944885,87,17.545368371691023
0.4,0.6,0.25,0.25,0.2,0.1,0.1,209,5954.4693784713745,54045.530621528625,80,28.490284107518537
0.4,0.8,0.25,0.35,0.1,0.1,0.1,209,5839.4386739730835,54160.56132602692,120,27.9398979615937
0.45,0.8,0.35,0.35,0.2,0.05,0.1,209,4624.234018325806,55375.765981674194,106,22.125521618783758
0.45,0.6,0.35,0.45,0.15,0.05,0.2,209,4255.952021598816,55744.047978401184,85,20.36340680190821
0.4,0.8,0.25,0.25,0.1,0.15,0.1,209,4207.558675765991,55792.44132423401,130,20.131859692660246
0.55,0.7,0.45,0.25,0.2,0.15,0.2,209,3646.6580266952515,56353.34197330475,88,17.448124529642353
0.4,0.8,0.25,0.35,0.2,0.15,0.2,208,6687.225346565247,53312.77465343475,112,32.15012185848676
0.55,0.6,0.35,0.45,0.2,0.05,0.1,208,4096.300675392151,55903.69932460785,76,19.693753247077648
0.45,0.6,0.35,0.35,0.15,0.1,0.2,208,3678.1240253448486,56321.87597465515,86,17.683288583388695
0.5,0.6,0.35,0.35,0.15,0.15,0.2,208,3678.1240253448486,56321.87597465515,86,17.683288583388695
0.55,0.7,0.45,0.35,0.2,0.1,0.2,208,3658.3866930007935,56341.61330699921,85,17.588397562503815
0.5,0.7,0.45,0.25,0.15,0.05,0.1,208,3419.418020248413,56580.58197975159,94,16.439509712732754
0.45,0.6,0.25,0.35,0.15,0.1,0.1,207,5384.572667121887,54615.42733287811,85,26.012428343583995
0.5,0.6,0.25,0.35,0.15,0.15,0.1,207,5362.687999725342,54637.31200027466,84,25.90670531268281
0.45,0.8,0.35,0.25,0.2,0.1,0.1,207,4225.850022315979,55774.14997768402,112,20.41473440732357
0.45,0.7,0.35,0.35,0.2,0.1,0.2,207,3986.0353536605835,56013.96464633942,89,19.256209437973833
0.55,0.8,0.45,0.45,0.1,0.1,0.2,207,3810.646692276001,56189.353307724,101,18.408921218724643
0.55,0.7,0.45,0.45,0.1,0.15,0.3,207,3803.1540336608887,56196.84596633911,90,18.372724800294147
0.4,0.8,0.35,0.35,0.15,0.15,0.3,207,3749.9493618011475,56250.05063819885,115,18.115697400005544
0.5,0.6,0.45,0.25,0.2,0.15,0.3,207,3678.5460290908813,56321.45397090912,86,17.770753763724066
0.55,0.8,0.35,0.45,0.1,0.1,0.1,206,5551.187997817993,54448.81200218201,106,26.94751455251453
0.55,0.7,0.35,0.45,0.15,0.15,0.2,206,4419.996019363403,55580.0039806366,86,21.456291356133026
0.4,0.6,0.35,0.35,0.15,0.05,0.2,206,3652.1673583984375,56347.83264160156,86,17.728967759215717
0.45,0.7,0.35,0.25,0.15,0.15,0.2,206,3644.9380283355713,56355.06197166443,96,17.693873923959085
0.5,0.6,0.45,0.25,0.15,0.1,0.2,206,3606.0306911468506,56393.96930885315,87,17.5050033550818
0.5,0.8,0.25,0.45,0.2,0.1,0.1,205,8766.766006469727,51233.23399353027,97,42.764712226681596
0.4,0.6,0.25,0.45,0.1,0.1,0.2,205,5923.593342781067,54076.40665721893,89,28.895577281858863
0.4,0.6,0.25,0.35,0.15,0.05,0.1,205,5356.342000961304,54643.657999038696,85,26.128497565664897
0.45,0.8,0.35,0.45,0.15,0.15,0.3,205,4103.123359680176,55896.876640319824,108,20.015235900878906
0.5,0.8,0.35,0.35,0.15,0.1,0.1,205,4002.1100130081177,55997.88998699188,105,19.52248786833228
0.4,0.7,0.35,0.35,0.2,0.05,0.2,205,3958.9120197296143,56041.087980270386,89,19.311765949900558
0.45,0.8,0.45,0.25,0.15,0.15,0.3,205,3641.9026985168457,56358.097301483154,112,17.765379017155343
0.45,0.6,0.45,0.25,0.15,0.05,0.2,205,3588.666027069092,56411.33397293091,87,17.5056879369224
0.55,0.7,0.45,0.45,0.2,0.05,0.2,205,3540.898687362671,56459.10131263733,82,17.272676523720346
0.4,0.7,0.25,0.35,0.1,0.15,0.2,204,5176.078008651733,54823.92199134827,95,25.372931414959478
0.55,0.6,0.35,0.45,0.1,0.15,0.2,204,4703.05068397522,55296.94931602478,82,23.05417001948637
0.45,0.6,0.45,0.25,0.2,0.1,0.3,204,3636.3286962509155,56363.671303749084,87,17.825140667896644
0.45,0.8,0.45,0.45,0.2,0.05,0.3,204,3633.5753631591797,56366.42463684082,105,17.811643937054804
0.4,0.8,0.45,0.25,0.15,0.1,0.3,204,3633.042697906494,56366.957302093506,113,17.809032832874973
0.5,0.7,0.45,0.35,0.2,0.05,0.2,204,3602.9200258255005,56397.0799741745,85,17.661372675615198
0.5,0.7,0.25,0.45,0.15,0.1,0.1,203,7748.782682418823,52251.21731758118,88,38.171343263146916
0.5,0.6,0.25,0.45,0.2,0.15,0.2,203,7316.7486743927,52683.2513256073,80,36.04309691819064
0.5,0.8,0.35,0.45,0.1,0.05,0.1,203,5508.954664230347,54491.04533576965,107,27.13770770556821
0.55,0.7,0.35,0.45,0.2,0.05,0.1,203,4852.786666870117,55147.21333312988,80,23.90535303876905
0.5,0.7,0.35,0.45,0.15,0.1,0.2,203,4527.765350341797,55472.2346496582,88,22.3042628095655
0.55,0.8,0.35,0.45,0.2,0.15,0.2,203,4336.312683105469,55663.68731689453,94,21.361146222194428
0.55,0.8,0.45,0.45,0.15,0.15,0.3,203,3672.3466939926147,56327.653306007385,98,18.090377802919285
0.4,0.6,0.45,0.25,0.2,0.05,0.3,203,3618.677363395691,56381.32263660431,87,17.825996864018183
0.55,0.6,0.45,0.35,0.15,0.1,0.2,203,3589.186692237854,56410.813307762146,82,17.68072262186135
0.4,0.7,0.35,0.25,0.15,0.1,0.2,203,3566.7886924743652,56433.211307525635,96,17.570387647656972
0.55,0.7,0.45,0.25,0.1,0.1,0.1,203,3353.3353509902954,56646.664649009705,96,16.518893354632
0.45,0.8,0.25,0.45,0.2,0.05,0.1,202,9010.098683357239,50989.90131664276,98,44.604448927511086
0.55,0.7,0.25,0.45,0.15,0.15,0.1,202,7437.775338172913,52562.22466182709,87,36.82066999095501
0.4,0.8,0.35,0.45,0.15,0.1,0.3,202,4205.744687080383,55794.25531291962,111,20.820518252873185
0.5,0.7,0.45,0.45,0.1,0.1,0.3,202,3684.887366294861,56315.11263370514,90,18.242016664826043
0.5,0.8,0.45,0.35,0.15,0.15,0.3,202,3657.422028541565,56342.577971458435,106,18.10604964624537
0.45,0.7,0.35,0.45,0.15,0.05,0.2,201,4888.823344230652,55111.17665576935,90,24.322504200152498
0.4,0.8,0.35,0.25,0.2,0.05,0.1,201,4152.205354690552,55847.79464530945,113,20.65773808303757
0.5,0.8,0.45,0.45,0.1,0.05,0.2,201,3886.631353378296,56113.368646621704,105,19.336474394916895
0.45,0.6,0.35,0.35,0.2,0.15,0.3,201,3648.9220266342163,56351.077973365784,83,18.15384092852844
0.45,0.7,0.45,0.45,0.1,0.05,0.3,201,3617.0053663253784,56382.99463367462,91,17.9950515737581
0.55,0.6,0.45,0.35,0.2,0.15,0.3,201,3613.414023399353,56386.58597660065,80,17.977184196016683
0.5,0.7,0.45,0.25,0.2,0.1,0.2,201,3480.367359161377,56519.63264083862,88,17.315260493340183
0.55,0.8,0.45,0.25,0.2,0.1,0.1,201,3285.509352684021,56714.49064731598,96,16.34581767504488
0.45,0.7,0.25,0.45,0.15,0.05,0.1,200,7959.804030418396,52040.195969581604,89,39.79902015209198
0.55,0.6,0.35,0.35,0.2,0.1,0.1,200,3785.6660118103027,56214.3339881897,72,18.928330059051515
0.45,0.8,0.45,0.35,0.15,0.1,0.3,200,3598.032696723938,56401.96730327606,107,17.99016348361969
0.5,0.6,0.45,0.35,0.15,0.05,0.2,200,3554.3000259399414,56445.69997406006,82,17.771500129699707
0.55,0.7,0.45,0.35,0.1,0.05,0.1,200,3403.8186864852905,56596.18131351471,89,17.019093432426452
0.5,0.7,0.45,0.25,0.1,0.05,0.1,200,3291.2720165252686,56708.72798347473,96,16.456360082626343
0.45,0.6,0.25,0.45,0.2,0.1,0.2,199,7264.492674827576,52735.507325172424,80,36.50498831571646
0.45,0.8,0.35,0.35,0.15,0.05,0.1,199,4216.185341835022,55783.81465816498,108,21.186861014246343
0.4,0.7,0.35,0.25,0.2,0.15,0.3,199,3525.2253646850586,56474.77463531494,92,17.714700325050547
0.45,0.8,0.25,0.45,0.15,0.15,0.2,198,7050.410681724548,52949.58931827545,104,35.60813475618459
0.55,0.6,0.35,0.45,0.15,0.05,0.1,198,4954.955328941345,55045.044671058655,76,25.025026913845178
0.5,0.6,0.35,0.45,0.1,0.1,0.2,198,4810.1706800460815,55189.82931995392,83,24.29379131336405
0.5,0.6,0.35,0.45,0.2,0.15,0.3,198,3893.8100185394287,56106.18998146057,77,19.66570716434055
0.4,0.6,0.35,0.35,0.2,0.1,0.3,198,3603.014693260193,56396.98530673981,83,18.19704390535451
0.45,0.6,0.35,0.25,0.1,0.15,0.2,198,3560.917359352112,56439.08264064789,89,17.984431107838947
0.55,0.6,0.45,0.45,0.15,0.05,0.2,198,3483.3866901397705,56516.61330986023,77,17.59286207141298
0.5,0.8,0.35,0.25,0.15,0.15,0.1,198,3339.9833555221558,56660.016644477844,109,16.868602805667454
0.4,0.6,0.25,0.45,0.2,0.05,0.2,197,7244.743341445923,52755.25665855408,80,36.775346910893006
0.45,0.7,0.25,0.45,0.1,0.15,0.2,197,6010.512021064758,53989.48797893524,90,30.51021330489725
0.5,0.8,0.35,0.45,0.2,0.1,0.2,197,4446.634014129639,55553.36598587036,96,22.571746264617456
0.4,0.8,0.45,0.35,0.15,0.05,0.3,197,3547.279362678528,56452.72063732147,107,18.00649422679456
0.4,0.6,0.35,0.25,0.1,0.1,0.2,197,3547.226692199707,56452.77330780029,89,18.006226863957902
0.55,0.7,0.45,0.25,0.15,0.15,0.2,197,3502.8233575820923,56497.17664241791,89,17.780829226305038
0.55,0.8,0.45,0.35,0.15,0.05,0.1,197,3329.4313535690308,56670.56864643097,94,16.900666769385943
0.4,0.8,0.25,0.45,0.15,0.1,0.2,196,6788.318020820618,53211.68197917938,104,34.63427561643172
0.4,0.7,0.25,0.45,0.1,0.1,0.2,196,5980.214020729065,54019.785979270935,90,30.511296024127883
0.4,0.6,0.25,0.45,0.15,0.15,0.3,196,5130.634009361267,54869.36599063873,83,26.17670412939422
0.55,0.8,0.35,0.35,0.1,0.15,0.1,196,3931.4593467712402,56068.54065322876,106,20.058466054955307
0.5,0.6,0.45,0.35,0.2,0.1,0.3,196,3530.063356399536,56469.936643600464,80,18.01052732856906
0.5,0.7,0.35,0.35,0.15,0.15,0.2,196,3469.434024810791,56530.56597518921,87,17.70119400413669
0.45,0.7,0.45,0.25,0.2,0.05,0.2,196,3402.280694961548,56597.71930503845,88,17.35857497429361
0.5,0.8,0.45,0.25,0.2,0.05,0.1,196,3224.1040201187134,56775.89597988129,99,16.44951030672813
0.45,0.6,0.35,0.45,0.2,0.1,0.3,195,3816.8573513031006,56183.1426486969,77,19.573627442580005
0.45,0.7,0.35,0.35,0.15,0.1,0.2,195,3502.210026741028,56497.78997325897,88,17.960051419184758
0.55,0.6,0.35,0.25,0.2,0.15,0.1,195,3353.888683319092,56646.11131668091,70,17.199429145226112
0.5,0.7,0.25,0.35,0.15,0.15,0.1,194,5468.005327224731,54531.99467277527,86,28.185594470230573
0.5,0.6,0.35,0.35,0.2,0.05,0.1,194,3698.969343185425,56301.030656814575,72,19.066852284460953
0.4,0.8,0.35,0.35,0.1,0.15,0.3,194,3582.350694656372,56417.64930534363,111,18.465725230187484
0.5,0.8,0.45,0.45,0.15,0.1,0.3,194,3510.2146940231323,56489.78530597687,99,18.09389017537697
0.5,0.7,0.45,0.25,0.15,0.1,0.2,194,3448.717357635498,56551.2826423645,89,17.776893596059267
0.55,0.6,0.25,0.45,0.2,0.1,0.1,193,7112.214671134949,52887.78532886505,74,36.8508532183158
0.4,0.7,0.25,0.35,0.15,0.05,0.1,193,6450.121356010437,53549.87864398956,89,33.420317906789826
0.45,0.7,0.25,0.35,0.15,0.1,0.1,193,5819.435338973999,54180.564661026,87,30.15251470970984
0.45,0.6,0.35,0.45,0.1,0.05,0.2,193,4706.6160135269165,55293.38398647308,83,24.38661146905138
0.45,0.8,0.35,0.45,0.2,0.05,0.2,193,4478.195343971252,55521.80465602875,97,23.203084683788873
0.45,0.8,0.35,0.45,0.1,0.15,0.3,193,4171.2626876831055,55828.737312316895,107,21.612760039808837
0.5,0.8,0.35,0.35,0.1,0.1,0.1,193,3977.4213438034058,56022.578656196594,108,20.608400745095366
0.45,0.6,0.45,0.35,0.2,0.05,0.3,193,3480.453356742859,56519.54664325714,81,18.033437081569218
0.5,0.6,0.35,0.25,0.2,0.1,0.1,193,3334.139349937439,56665.86065006256,70,17.27533341936497
0.45,0.7,0.25,0.25,0.2,0.15,0.1,192,6815.622700691223,53184.37729930878,83,35.498034899433456
0.55,0.7,0.35,0.45,0.1,0.15,0.2,192,4710.710678100586,55289.289321899414,84,24.53495144844055
0.4,0.6,0.35,0.25,0.15,0.15,0.3,192,3534.185362815857,56465.81463718414,85,18.407215431332588
0.5,0.7,0.45,0.25,0.2,0.15,0.3,192,3439.632028579712,56560.36797142029,87,17.914750148852665
0.4,0.8,0.35,0.25,0.15,0.05,0.1,192,3416.370683670044,56583.629316329956,112,17.79359731078148
0.45,0.7,0.45,0.25,0.2,0.1,0.3,192,3410.1106967926025,56589.8893032074,88,17.76099321246147
0.45,0.8,0.35,0.25,0.15,0.1,0.1,192,3251.3446884155273,56748.65531158447,110,16.93408691883087
0.5,0.8,0.35,0.25,0.1,0.15,0.1,192,3240.994019508362,56759.00598049164,111,16.880177184939384
0.5,0.6,0.25,0.45,0.2,0.05,0.1,191,7473.158674240112,52526.84132575989,75,39.12648520544561
0.45,0.6,0.35,0.25,0.2,0.05,0.1,191,3633.5173444747925,56366.48265552521,71,19.02365101819263
0.5,0.6,0.35,0.35,0.1,0.15,0.2,191,3452.803360939026,56547.196639060974,82,18.077504507534165
0.4,0.7,0.35,0.35,0.15,0.05,0.2,191,3437.306692123413,56562.69330787659,88,17.99637011582939
0.55,0.7,0.45,0.45,0.15,0.05,0.2,191,3389.7306928634644,56610.269307136536,80,17.7472811144684
0.5,0.8,0.25,0.35,0.2,0.15,0.1,190,7611.62267780304,52388.37732219696,97,40.06117198843705
0.5,0.7,0.25,0.45,0.2,0.15,0.2,190,7342.016015052795,52657.983984947205,81,38.64218955290945
0.55,0.6,0.25,0.45,0.1,0.15,0.1,190,6474.5360107421875,53525.46398925781,76,34.07650531969573
0.4,0.8,0.25,0.35,0.15,0.15,0.2,190,5223.576682090759,54776.42331790924,108,27.49250885310926
0.45,0.8,0.35,0.35,0.1,0.05,0.1,190,3891.4573431015015,56108.5426568985,108,20.481354437376325
0.5,0.8,0.35,0.35,0.2,0.15,0.2,190,3856.348021507263,56143.65197849274,93,20.296568534248753
0.55,0.8,0.45,0.45,0.2,0.05,0.2,190,3492.2686834335327,56507.73131656647,86,18.380361491755437
0.45,0.7,0.45,0.25,0.15,0.05,0.2,190,3351.7340259552,56648.2659740448,89,17.64070539976421
0.45,0.8,0.45,0.25,0.1,0.15,0.3,189,3473.946695327759,56526.05330467224,108,18.380670345649516
0.45,0.8,0.45,0.45,0.15,0.05,0.3,189,3400.9060277938843,56599.093972206116,100,17.99421178726923
0.45,0.7,0.35,0.25,0.1,0.15,0.2,189,3369.510025024414,56630.489974975586,89,17.828095370499547
0.55,0.7,0.45,0.35,0.15,0.1,0.2,189,3363.065357208252,56636.93464279175,83,17.79399659898546
0.4,0.7,0.45,0.25,0.2,0.05,0.3,189,3334.04402923584,56665.95597076416,88,17.640444599131428
0.45,0.8,0.35,0.25,0.1,0.1,0.1,189,3210.5686864852905,56789.43131351471,112,16.98713590732958
0.55,0.8,0.45,0.25,0.15,0.1,0.1,189,3136.9226865768433,56863.07731342316,102,16.59747453215261
0.4,0.8,0.35,0.45,0.1,0.1,0.3,188,4055.498688697815,55944.501311302185,108,21.571801535626676
0.55,0.7,0.35,0.35,0.2,0.1,0.1,188,3846.3333492279053,56153.666650772095,74,20.459219942701623
0.4,0.6,0.35,0.45,0.2,0.05,0.3,188,3706.8246841430664,56293.17531585693,77,19.717152575229075
0.45,0.7,0.35,0.35,0.2,0.15,0.3,188,3435.662024497986,56564.337975502014,84,18.27479800264886
0.55,0.6,0.45,0.45,0.1,0.05,0.2,188,3425.955358505249,56574.04464149475,75,18.223166800559834
0.45,0.6,0.35,0.35,0.1,0.1,0.2,188,3396.598027229309,56603.40197277069,82,18.067010783134624
0.55,0.6,0.45,0.25,0.1,0.15,0.2,188,3373.041353225708,56626.95864677429,82,17.94170932566866
0.55,0.8,0.25,0.45,0.15,0.15,0.1,187,7566.157351493835,52433.842648506165,90,40.46073449996703
0.4,0.7,0.25,0.25,0.2,0.1,0.1,187,6721.477368354797,53278.5226316452,84,35.94372924253902
0.5,0.7,0.35,0.45,0.1,0.1,0.2,187,4902.808003425598,55097.1919965744,85,26.218224617249188
0.45,0.6,0.25,0.25,0.15,0.15,0.1,187,3901.4466819763184,56098.55331802368,75,20.863351240515073
0.5,0.7,0.35,0.45,0.2,0.15,0.3,187,3695.1640186309814,56304.83598136902,78,19.760235393748562
0.55,0.8,0.45,0.45,0.1,0.15,0.3,187,3490.992030143738,56509.00796985626,93,18.66840657830876
0.55,0.6,0.45,0.45,0.2,0.1,0.3,187,3410.711359024048,56589.28864097595,71,18.239098176599185
0.4,0.6,0.35,0.35,0.1,0.05,0.2,187,3375.58269405365,56624.41730594635,82,18.051244353228075
0.55,0.8,0.35,0.45,0.2,0.05,0.1,186,5024.555346488953,54975.44465351105,86,27.013738421983618
0.45,0.7,0.35,0.45,0.1,0.05,0.2,186,4872.510003089905,55127.489996910095,85,26.196290339193038
0.5,0.6,0.45,0.45,0.2,0.05,0.3,186,3401.422025680542,56598.57797431946,71,18.28721519183087
0.4,0.7,0.35,0.35,0.2,0.1,0.3,186,3400.94602394104,56599.05397605896,84,18.284656042693765
0.55,0.7,0.45,0.35,0.2,0.15,0.3,186,3371.551356315613,56628.44864368439,80,18.12662019524523
0.5,0.7,0.45,0.35,0.15,0.05,0.2,186,3313.3900232315063,56686.609976768494,83,17.813924856083368
0.4,0.7,0.35,0.25,0.1,0.1,0.2,186,3283.5460243225098,56716.45397567749,89,17.653473249045753
0.5,0.6,0.25,0.45,0.1,0.1,0.1,185,6213.040679931641,53786.95932006836,76,33.584003675306164
0.4,0.7,0.25,0.45,0.15,0.15,0.3,185,5368.788661956787,54631.21133804321,84,29.020479253820472
0.4,0.6,0.25,0.25,0.15,0.1,0.1,185,3875.1680154800415,56124.83198451996,75,20.946854137729954
0.45,0.8,0.35,0.35,0.2,0.1,0.2,185,3766.757353782654,56233.242646217346,95,20.360850560987316
0.5,0.8,0.45,0.35,0.1,0.15,0.3,185,3391.4546937942505,56608.54530620575,102,18.332187534022975
0.45,0.8,0.35,0.25,0.2,0.15,0.2,185,3377.713354110718,56622.28664588928,100,18.257910022220095
0.4,0.8,0.45,0.25,0.1,0.1,0.3,185,3370.126028060913,56629.87397193909,108,18.21689744897791
0.5,0.6,0.45,0.25,0.1,0.1,0.2,185,3321.2433519363403,56678.75664806366,82,17.952666767223462
0.55,0.8,0.45,0.35,0.2,0.1,0.2,185,3251.9133558273315,56748.08664417267,86,17.57791003149909
0.55,0.6,0.45,0.25,0.2,0.05,0.1,185,3172.6580181121826,56827.34198188782,65,17.149502800606392
0.4,0.8,0.35,0.25,0.1,0.05,0.1,185,3159.1760206222534,56840.82397937775,112,17.07662713849867
0.45,0.7,0.25,0.45,0.2,0.1,0.2,184,7256.8820152282715,52743.11798477173,81,39.43957616971887
0.45,0.6,0.25,0.45,0.1,0.05,0.1,184,5955.902018547058,54044.09798145294,78,32.36903270949488
0.55,0.7,0.35,0.45,0.15,0.05,0.1,184,4734.949994087219,55265.05000591278,78,25.7334238809088
0.55,0.8,0.35,0.45,0.15,0.15,0.2,184,4320.132007598877,55679.86799240112,91,23.47897830216781
0.4,0.7,0.35,0.25,0.15,0.15,0.3,184,3363.699363708496,56636.300636291504,86,18.280974802763566
0.45,0.6,0.45,0.25,0.1,0.05,0.2,184,3309.4360208511353,56690.563979148865,82,17.98606533071269
0.55,0.6,0.35,0.25,0.15,0.15,0.1,184,3213.938014984131,56786.06198501587,70,17.46705442926158
0.5,0.8,0.45,0.25,0.15,0.05,0.1,184,3060.300019264221,56939.69998073578,102,16.63206532208816
0.45,0.8,0.25,0.35,0.2,0.1,0.1,183,7672.0720109939575,52327.92798900604,97,41.92389077045878
0.5,0.8,0.25,0.45,0.15,0.1,0.1,183,7386.8053550720215,52613.19464492798,92,40.365056585093015
0.5,0.7,0.35,0.35,0.2,0.05,0.1,183,3784.499349594116,56215.500650405884,74,20.680324314721947
0.55,0.6,0.35,0.35,0.15,0.1,0.1,183,3499.0186738967896,56500.98132610321,71,19.120320622386828
0.5,0.8,0.45,0.45,0.1,0.1,0.3,183,3413.0633602142334,56586.93663978577,95,18.650619454722587
0.55,0.8,0.45,0.25,0.1,0.1,0.1,183,3035.115351676941,56964.88464832306,103,16.585329790584378
0.4,0.7,0.25,0.45,0.2,0.05,0.2,182,7215.598680496216,52784.401319503784,81,39.64614659613306
0.45,0.6,0.25,0.35,0.2,0.15,0.2,182,5695.793358802795,54304.206641197205,72,31.295567905509866
0.4,0.6,0.25,0.25,0.2,0.15,0.2,182,3883.7200231552124,56116.27997684479,74,21.33912100634732
0.4,0.7,0.35,0.45,0.2,0.05,0.3,182,3650.3673543930054,56349.632645606995,80,20.056963485675855
0.45,0.7,0.35,0.45,0.2,0.1,0.3,182,3600.897352218628,56399.10264778137,79,19.78515028691554
0.5,0.6,0.35,0.35,0.15,0.05,0.1,182,3493.228672981262,56506.77132701874,72,19.19356413725968
0.45,0.8,0.45,0.35,0.1,0.1,0.3,182,3344.3833599090576,56655.61664009094,103,18.375732746753062
0.5,0.7,0.45,0.35,0.2,0.1,0.3,182,3301.028021812439,56698.97197818756,80,18.13751660336505
0.55,0.8,0.45,0.25,0.2,0.15,0.2,182,3127.689353942871,56872.31064605713,94,17.185106340345445
0.5,0.7,0.25,0.45,0.2,0.05,0.1,181,7704.712013244629,52295.28798675537,77,42.567469686434414
0.55,0.7,0.25,0.45,0.2,0.1,0.1,181,7669.99467754364,52330.00532245636,76,42.375661201898566
0.4,0.6,0.25,0.35,0.2,0.1,0.2,181,5724.935360908508,54275.06463909149,73,31.629477132091207
0.4,0.8,0.45,0.35,0.1,0.05,0.3,181,3307.136694908142,56692.86330509186,103,18.271473452531172
0.45,0.7,0.45,0.35,0.2,0.05,0.3,181,3271.4060220718384,56728.59397792816,81,18.0740664202864
0.45,0.8,0.25,0.45,0.15,0.05,0.1,180,7770.1986837387085,52229.80131626129,95,43.16777046521505
0.55,0.7,0.25,0.45,0.1,0.15,0.1,180,5893.525353431702,54106.4746465683,79,32.741807519065006
0.4,0.8,0.25,0.45,0.2,0.15,0.3,180,5824.089351654053,54175.91064834595,98,32.356051953633624
0.4,0.8,0.35,0.25,0.2,0.1,0.2,180,3387.763355255127,56612.23664474487,101,18.82090752919515
0.5,0.6,0.35,0.45,0.15,0.15,0.3,180,3379.0593614578247,56620.940638542175,73,18.772552008099026
0.55,0.8,0.45,0.35,0.1,0.05,0.1,180,3098.394684791565,56901.605315208435,93,17.213303804397583
0.4,0.8,0.25,0.35,0.2,0.05,0.1,179,7612.618010520935,52387.381989479065,97,42.52859223754712
0.45,0.8,0.25,0.45,0.1,0.15,0.2,179,6060.088015556335,53939.911984443665,95,33.85524031037059
0.5,0.6,0.25,0.35,0.1,0.15,0.1,179,4843.5866594314575,55156.41334056854,77,27.05914334877909
0.5,0.8,0.35,0.45,0.15,0.1,0.2,179,4336.652671813965,55663.347328186035,93,24.227109898402038
0.55,0.7,0.45,0.45,0.2,0.1,0.3,179,3313.0420274734497,56686.95797252655,72,18.508614678622624
0.45,0.6,0.45,0.25,0.15,0.1,0.3,179,3242.733359336853,56757.26664066315,79,18.11582882311091
0.5,0.6,0.45,0.25,0.15,0.15,0.3,179,3242.490692138672,56757.50930786133,78,18.114473140439507
0.5,0.7,0.35,0.35,0.1,0.15,0.2,179,3240.0306911468506,56759.96930885315,82,18.10073011813883
0.55,0.6,0.45,0.35,0.1,0.1,0.2,179,3227.147358894348,56772.85264110565,76,18.02875619494049
0.5,0.6,0.35,0.25,0.15,0.1,0.1,179,3105.5680170059204,56894.43198299408,71,17.349541994446483
0.4,0.8,0.25,0.45,0.1,0.1,0.2,178,6243.44068813324,53756.55931186676,96,35.075509483894606
0.4,0.6,0.45,0.25,0.15,0.05,0.3,178,3229.0426921844482,56770.95730781555,79,18.140689281935103
0.45,0.7,0.35,0.35,0.1,0.1,0.2,178,3220.3380241394043,56779.661975860596,82,18.091786652468564
0.5,0.8,0.45,0.25,0.2,0.1,0.2,178,3061.300019264221,56938.69998073578,94,17.198314714967534
0.55,0.6,0.25,0.35,0.2,0.15,0.1,177,5717.872018814087,54282.12798118591,66,32.30436168821518
0.55,0.6,0.35,0.45,0.1,0.05,0.1,177,4841.40465927124,55158.59534072876,72,27.352568696447683
0.45,0.6,0.25,0.35,0.1,0.1,0.1,177,4813.808659553528,55186.19134044647,77,27.196659093522754
0.4,0.8,0.35,0.35,0.2,0.05,0.2,177,3732.4666891098022,56267.5333108902,96,21.087382424349165
0.55,0.7,0.35,0.25,0.2,0.15,0.1,177,3588.1540145874023,56411.8459854126,73,20.272056579589844
0.45,0.8,0.45,0.45,0.1,0.05,0.3,177,3284.7000274658203,56715.29997253418,96,18.557627273818195
0.4,0.7,0.35,0.35,0.1,0.05,0.2,177,3207.489356994629,56792.51064300537,82,18.121408796579825
0.5,0.6,0.45,0.35,0.1,0.05,0.2,177,3185.5333585739136,56814.46664142609,76,17.997363607762225
0.55,0.7,0.45,0.25,0.1,0.15,0.2,177,3147.964017868042,56852.03598213196,82,17.78510744558216
0.5,0.8,0.45,0.35,0.2,0.05,0.2,177,3136.269355773926,56863.730644226074,87,17.719035908327264
0.45,0.8,0.35,0.25,0.15,0.15,0.2,177,3092.220025062561,56907.77997493744,100,17.470169633121813
0.45,0.6,0.35,0.25,0.15,0.05,0.1,177,3082.8046836853027,56917.1953163147,71,17.41697561404126
0.5,0.8,0.45,0.25,0.1,0.05,0.1,177,2967.6446857452393,57032.35531425476,104,16.766354156752765
0.5,0.7,0.25,0.45,0.1,0.1,0.1,176,5838.460020065308,54161.53997993469,79,33.17306829582561
0.4,0.6,0.25,0.35,0.1,0.05,0.1,176,4799.217326164246,55200.782673835754,77,27.26828026229685
0.45,0.8,0.35,0.45,0.15,0.05,0.2,176,4292.444005012512,55707.55599498749,93,24.388886392116547
0.55,0.6,0.45,0.45,0.15,0.1,0.3,176,3265.7793588638306,56734.22064113617,67,18.555564538999036
0.45,0.6,0.35,0.35,0.15,0.15,0.3,176,3259.93736076355,56740.06263923645,76,18.522371367974714
0.4,0.8,0.35,0.25,0.2,0.15,0.3,176,3125.900691986084,56874.099308013916,94,17.760799386284567
0.45,0.6,0.25,0.35,0.2,0.05,0.1,175,6082.512022972107,53917.48797702789,68,34.75721155984061
0.45,0.7,0.25,0.45,0.1,0.05,0.1,175,5824.7586851119995,54175.241314888,80,33.28433534349714
0.55,0.6,0.45,0.35,0.15,0.15,0.3,175,3259.6246938705444,56740.375306129456,73,18.6264268221174
0.4,0.6,0.35,0.45,0.15,0.05,0.3,175,3251.064694404602,56748.9353055954,73,18.57751253945487
0.45,0.6,0.35,0.45,0.15,0.1,0.3,175,3251.064694404602,56748.9353055954,73,18.57751253945487
0.4,0.6,0.35,0.35,0.15,0.1,0.3,175,3245.8686933517456,56754.131306648254,76,18.54782110486712
0.5,0.7,0.45,0.45,0.2,0.05,0.3,175,3220.413360595703,56779.5866394043,72,18.402362060546874
0.5,0.7,0.45,0.25,0.1,0.1,0.2,175,3117.9300174713135,56882.06998252869,82,17.816742956978935
0.45,0.7,0.25,0.35,0.2,0.15,0.2,174,6018.095367431641,53981.90463256836,76,34.58675498523932
0.5,0.6,0.25,0.35,0.2,0.1,0.1,174,5674.715352058411,54325.28464794159,66,32.61330662102535
0.55,0.6,0.35,0.45,0.2,0.1,0.2,174,3437.942675590515,56562.057324409485,64,19.758291239025947
0.5,0.8,0.35,0.35,0.15,0.15,0.2,174,3287.4840173721313,56712.51598262787,92,18.89358630673639
0.55,0.7,0.45,0.45,0.1,0.05,0.2,174,3153.3006896972656,56846.699310302734,76,18.122417756880836
0.5,0.8,0.45,0.25,0.2,0.15,0.3,174,3100.461357116699,56899.5386428833,88,17.81874343170517
0.5,0.6,0.25,0.45,0.15,0.15,0.2,173,5719.142649650574,54280.857350349426,70,33.05862803266228
0.4,0.7,0.25,0.25,0.2,0.15,0.2,173,5117.608692169189,54882.39130783081,81,29.58155313392595
0.4,0.6,0.25,0.45,0.1,0.15,0.3,173,4960.227337837219,55039.77266216278,75,28.671834322758492
0.5,0.7,0.35,0.25,0.2,0.1,0.1,173,3533.653347969055,56466.346652030945,73,20.425741895774884
0.4,0.8,0.35,0.25,0.15,0.1,0.2,173,2994.738691329956,57005.261308670044,100,17.31062827358356
0.55,0.6,0.45,0.25,0.15,0.05,0.1,173,2972.1566820144653,57027.843317985535,67,17.18009642782928
0.45,0.8,0.45,0.25,0.2,0.05,0.2,173,2953.321352958679,57046.67864704132,95,17.07122169340277
0.55,0.6,0.35,0.35,0.2,0.15,0.2,172,3399.3886737823486,56600.61132621765,64,19.76388763826947
0.55,0.7,0.35,0.35,0.15,0.1,0.1,172,3315.486005783081,56684.51399421692,73,19.276081428971402
0.45,0.8,0.35,0.35,0.2,0.15,0.3,172,3295.0813541412354,56704.918645858765,88,19.157449733379277
0.45,0.6,0.45,0.35,0.15,0.05,0.3,172,3182.11869430542,56817.88130569458,74,18.500690083171047
0.5,0.7,0.45,0.25,0.15,0.15,0.3,172,3100.2340259552,56899.7659740448,79,18.024616429972095
0.45,0.7,0.45,0.25,0.15,0.1,0.3,172,3079.5393600463867,56920.46063995361,80,17.904298604920854
0.45,0.7,0.45,0.25,0.1,0.05,0.2,172,3032.064685821533,56967.93531417847,82,17.62828305710194
0.55,0.8,0.45,0.25,0.15,0.15,0.2,172,2990.5900182724,57009.4099817276,94,17.38715126902558
0.5,0.8,0.25,0.45,0.2,0.15,0.2,171,7451.094672203064,52548.905327796936,87,43.573653053819086
0.5,0.8,0.25,0.35,0.15,0.15,0.1,171,5932.9706773757935,54067.02932262421,94,34.695734955414
0.45,0.7,0.35,0.25,0.2,0.05,0.1,171,3798.5886926651,56201.4113073349,74,22.213968962953803
0.5,0.7,0.35,0.45,0.15,0.15,0.3,171,3568.099355697632,56431.90064430237,75,20.866078103494925
0.5,0.6,0.45,0.35,0.15,0.1,0.3,171,3176.69669342041,56823.30330657959,73,18.577173645733392
0.5,0.6,0.35,0.25,0.2,0.15,0.2,171,3004.077350616455,56995.922649383545,67,17.56770380477459
0.4,0.7,0.25,0.35,0.2,0.1,0.2,170,5928.93736743927,54071.06263256073,76,34.87610216140747
0.45,0.6,0.25,0.45,0.15,0.1,0.2,170,5684.420649528503,54315.5793504715,70,33.43776852663826
0.45,0.7,0.25,0.35,0.1,0.1,0.1,170,4949.9766635894775,55050.02333641052,78,29.117509785820456
0.5,0.7,0.25,0.35,0.1,0.15,0.1,170,4949.9766635894775,55050.02333641052,78,29.117509785820456
0.5,0.8,0.35,0.45,0.2,0.15,0.3,170,3511.4180192947388,56488.58198070526,83,20.655400113498462
0.5,0.7,0.35,0.35,0.15,0.05,0.1,170,3307.936008453369,56692.06399154663,75,19.45844710854923
0.55,0.8,0.45,0.35,0.2,0.15,0.3,170,3107.5180234909058,56892.481976509094,83,18.27951778524062
0.55,0.8,0.35,0.45,0.15,0.05,0.1,169,4860.807331085205,55139.192668914795,81,28.76217355671719
0.55,0.8,0.35,0.45,0.1,0.15,0.2,169,4553.250001907349,55446.74999809265,86,26.94230770359378
0.45,0.7,0.25,0.25,0.15,0.15,0.1,169,4468.860697746277,55531.13930225372,80,26.44296270855785
0.4,0.8,0.25,0.35,0.1,0.15,0.2,169,4343.028675079346,55656.971324920654,99,25.69839452709672
0.55,0.8,0.35,0.35,0.2,0.1,0.1,169,3985.887354850769,56014.11264514923,80,23.585132277223487
0.45,0.7,0.35,0.45,0.15,0.1,0.3,169,3513.046022415161,56486.95397758484,75,20.78725457050391
0.5,0.6,0.35,0.45,0.2,0.05,0.2,169,3343.2453422546387,56656.75465774536,64,19.782516818074786
0.45,0.8,0.35,0.35,0.15,0.1,0.2,169,3214.641351699829,56785.35864830017,92,19.021546459762302
0.55,0.8,0.45,0.45,0.15,0.05,0.2,169,3097.9106845855713,56902.08931541443,83,18.330832453169062
0.55,0.7,0.45,0.35,0.1,0.1,0.2,169,3045.302688598633,56954.69731140137,77,18.019542536086586
0.55,0.6,0.45,0.25,0.2,0.1,0.2,169,2960.662684440613,57039.33731555939,66,17.51871410911605
0.4,0.6,0.25,0.45,0.15,0.05,0.2,168,5724.71399307251,54275.28600692749,71,34.075678530193514
0.4,0.7,0.25,0.45,0.1,0.15,0.3,168,5083.619342803955,54916.380657196045,77,30.25963894526164
0.4,0.7,0.25,0.35,0.1,0.05,0.1,168,4901.041331291199,55098.9586687088,78,29.172865067209518
0.4,0.7,0.25,0.25,0.15,0.1,0.1,168,4806.171369552612,55193.82863044739,81,28.608162914003646
0.5,0.8,0.35,0.45,0.1,0.1,0.2,168,4782.40333366394,55217.59666633606,87,28.466686509904406
0.5,0.6,0.35,0.35,0.2,0.1,0.2,168,3353.7153396606445,56646.284660339355,64,19.962591307503835
0.45,0.7,0.35,0.35,0.15,0.15,0.3,168,3112.010690689087,56887.98930931091,76,18.523873158863612
0.5,0.7,0.45,0.35,0.1,0.05,0.2,168,3025.6100215911865,56974.38997840881,77,18.0095834618523
0.4,0.7,0.45,0.25,0.15,0.05,0.3,168,2983.6920261383057,57016.307973861694,80,17.76007158415658
0.45,0.6,0.35,0.25,0.2,0.1,0.2,168,2938.3846855163574,57061.61531448364,67,17.490385032835462
0.45,0.8,0.25,0.45,0.2,0.1,0.2,167,7397.020005226135,52602.979994773865,87,44.29353296542596
0.4,0.8,0.35,0.35,0.2,0.1,0.3,167,3194.960686683655,56805.039313316345,88,19.131501117866197
0.55,0.7,0.45,0.35,0.15,0.15,0.3,167,3137.4720249176025,56862.5279750824,73,18.78725763423714
0.5,0.6,0.45,0.45,0.15,0.05,0.3,167,3112.216025352478,56887.78397464752,68,18.636024103907054
0.5,0.6,0.45,0.25,0.2,0.05,0.2,167,2934.0926837921143,57065.907316207886,66,17.569417268216252
0.45,0.8,0.45,0.25,0.2,0.1,0.3,167,2933.5613565444946,57066.438643455505,89,17.566235667931107
0.4,0.6,0.35,0.25,0.2,0.05,0.2,167,2925.2913522720337,57074.708647727966,67,17.516714684263675
0.5,0.8,0.45,0.25,0.15,0.1,0.2,167,2896.3220195770264,57103.67798042297,95,17.34324562620974
0.55,0.8,0.25,0.45,0.2,0.1,0.1,166,7471.57134437561,52528.42865562439,81,45.00946592997356
0.45,0.8,0.25,0.25,0.2,0.15,0.1,166,6835.615355491638,53164.38464450836,88,41.17840575597372
0.45,0.8,0.25,0.35,0.15,0.1,0.1,166,6020.658011436462,53979.34198856354,95,36.269024165279895
0.55,0.7,0.35,0.45,0.1,0.05,0.1,166,4884.664664268494,55115.335335731506,73,29.425690748605383
0.55,0.7,0.35,0.45,0.2,0.1,0.2,166,3760.174677848816,56239.825322151184,67,22.65165468583624
0.4,0.7,0.35,0.45,0.15,0.05,0.3,166,3439.590021133423,56560.40997886658,75,20.720421814056763
0.4,0.7,0.35,0.35,0.15,0.1,0.3,166,3079.4693565368652,56920.530643463135,76,18.5510202201016
0.5,0.8,0.45,0.35,0.2,0.1,0.3,166,3030.135358810425,56969.864641189575,83,18.253827462713403
0.55,0.6,0.45,0.35,0.2,0.05,0.2,166,2919.4593477249146,57080.540652275085,62,17.587104504366955
0.4,0.8,0.45,0.25,0.2,0.05,0.3,166,2901.795355796814,57098.204644203186,90,17.48069491443864
0.55,0.8,0.25,0.45,0.1,0.15,0.1,165,6400.169355392456,53599.830644607544,86,38.7889051841967
0.45,0.8,0.35,0.45,0.1,0.05,0.2,165,4752.919331550598,55247.0806684494,88,28.80557170636726
0.4,0.8,0.35,0.35,0.15,0.05,0.2,165,3211.9973497390747,56788.002650260925,94,19.46665060447924
0.55,0.8,0.45,0.45,0.2,0.1,0.3,165,3042.044023513794,56957.955976486206,75,18.436630445538146
0.55,0.8,0.45,0.35,0.15,0.1,0.2,165,2959.1913509368896,57040.80864906311,86,17.93449303598115
0.4,0.8,0.25,0.45,0.2,0.05,0.2,164,7338.672005653381,52661.32799434662,87,44.748000034471836
0.4,0.8,0.25,0.25,0.2,0.1,0.1,164,7039.5613622665405,52960.43863773346,90,42.92415464796671
0.55,0.6,0.25,0.45,0.15,0.1,0.1,164,6146.342661857605,53853.657338142395,66,37.477699157668326
0.5,0.7,0.25,0.45,0.15,0.15,0.2,164,6035.16600227356,53964.83399772644,73,36.79979269679
0.4,0.8,0.25,0.35,0.15,0.05,0.1,164,5999.023344993591,54000.97665500641,95,36.57941064020483
0.5,0.6,0.25,0.25,0.2,0.15,0.1,164,4813.2293701171875,55186.77062988281,63,29.34895957388529
0.45,0.8,0.35,0.45,0.2,0.1,0.3,164,3484.062684059143,56515.93731594086,84,21.244284658897215
0.45,0.6,0.25,0.25,0.1,0.15,0.1,164,3247.7466773986816,56752.25332260132,72,19.80333339877245
0.45,0.7,0.45,0.35,0.15,0.05,0.3,164,3034.798692703247,56965.20130729675,74,18.504870077458822
0.45,0.8,0.45,0.25,0.15,0.05,0.2,164,2812.429352760315,57187.570647239685,96,17.148959468050702
0.5,0.8,0.35,0.35,0.2,0.05,0.1,163,4158.899355888367,55841.10064411163,83,25.514719974775257
0.4,0.6,0.25,0.25,0.1,0.1,0.1,163,3233.6780099868774,56766.32199001312,72,19.8385153986925
0.55,0.7,0.45,0.45,0.15,0.1,0.3,163,3037.194688796997,56962.805311203,69,18.633096250288325
0.5,0.7,0.45,0.35,0.15,0.1,0.3,163,3035.8006916046143,56964.199308395386,73,18.624544120273708
0.5,0.8,0.45,0.35,0.15,0.05,0.2,163,2908.6466856002808,57091.35331439972,87,17.844458193866753
0.55,0.7,0.45,0.25,0.2,0.05,0.1,163,2729.5186805725098,57270.48131942749,67,16.745513377745457
0.45,0.8,0.25,0.45,0.1,0.05,0.1,162,6528.759352684021,53471.24064731598,88,40.30098365854334
0.5,0.8,0.25,0.45,0.1,0.1,0.1,162,6333.3473472595215,53666.65265274048,87,39.094736711478525
0.4,0.8,0.25,0.45,0.15,0.15,0.3,162,5326.038670539856,54673.961329460144,88,32.87678191691269
0.5,0.7,0.35,0.45,0.2,0.05,0.2,162,3687.2060108184814,56312.79398918152,68,22.76053093097828
0.4,0.8,0.35,0.45,0.2,0.05,0.3,162,3593.959352493286,56406.040647506714,85,22.184934274649915
0.4,0.6,0.25,0.25,0.15,0.15,0.2,162,3328.4640169143677,56671.53598308563,71,20.54607417848375
0.45,0.6,0.35,0.35,0.2,0.05,0.2,162,3262.557339668274,56737.442660331726,64,20.139242837458482
0.4,0.6,0.35,0.25,0.1,0.15,0.3,162,3109.51669216156,56890.48330783844,72,19.194547482478765
0.55,0.6,0.35,0.35,0.1,0.1,0.1,162,3064.6273460388184,56935.37265396118,68,18.91745275332604
0.45,0.8,0.45,0.35,0.2,0.05,0.3,162,2960.101357460022,57039.89864253998,84,18.272230601605074
0.5,0.8,0.25,0.45,0.2,0.05,0.1,161,7886.507328987122,52113.49267101288,82,48.98451757134858
0.5,0.6,0.25,0.45,0.15,0.05,0.1,161,6099.077328681946,53900.922671318054,66,37.882467880012086
0.4,0.7,0.25,0.45,0.15,0.05,0.2,161,5993.2853355407715,54006.71466445923,73,37.22537475491163
0.45,0.7,0.25,0.45,0.15,0.1,0.2,161,5993.2853355407715,54006.71466445923,73,37.22537475491163
0.55,0.7,0.25,0.35,0.2,0.15,0.1,161,5988.595363616943,54011.40463638306,69,37.19624449451518
0.55,0.6,0.35,0.35,0.2,0.05,0.1,161,3224.0500049591064,56775.94999504089,59,20.02515531030501
0.4,0.6,0.25,0.25,0.2,0.05,0.1,160,5557.9186935424805,54442.08130645752,65,34.736991834640506
0.45,0.6,0.25,0.25,0.2,0.1,0.1,160,5160.32869052887,54839.67130947113,64,32.25205431580544
0.5,0.6,0.35,0.35,0.1,0.05,0.1,160,3033.9786796569824,56966.02132034302,68,18.96236674785614
0.45,0.6,0.35,0.25,0.2,0.15,0.3,160,2918.608021736145,57081.391978263855,70,18.241300135850906
0.5,0.7,0.25,0.35,0.2,0.1,0.1,159,6528.50469493866,53471.49530506134,71,41.059777955589055
0.4,0.6,0.25,0.35,0.2,0.15,0.3,159,3768.6460037231445,56231.353996276855,67,23.702176124044936
0.5,0.8,0.35,0.35,0.1,0.15,0.2,159,3027.3933534622192,56972.60664653778,88,19.040209770202637
0.4,0.6,0.35,0.25,0.2,0.1,0.3,159,2901.9040212631226,57098.09597873688,70,18.25096868718945
0.45,0.6,0.35,0.45,0.1,0.1,0.3,158,3250.4400272369385,56749.55997276306,66,20.572405235676825
0.5,0.6,0.35,0.45,0.1,0.15,0.3,158,3250.4400272369385,56749.55997276306,66,20.572405235676825
0.5,0.8,0.45,0.45,0.2,0.05,0.3,158,3102.0133514404297,56897.98664855957,77,19.632995895192593
0.5,0.7,0.35,0.25,0.15,0.1,0.1,158,3037.611340522766,56962.388659477234,74,19.225388231156746
0.5,0.7,0.45,0.45,0.15,0.05,0.3,158,2926.7980213165283,57073.20197868347,69,18.52403810959828
0.5,0.6,0.35,0.25,0.1,0.1,0.1,158,2813.504017829895,57186.495982170105,68,17.806987454619588
0.55,0.6,0.35,0.25,0.1,0.15,0.1,158,2790.579352378845,57209.420647621155,67,17.661894635309146
0.55,0.7,0.35,0.25,0.15,0.15,0.1,158,2701.8386821746826,57298.16131782532,71,17.100244823890396
0.55,0.8,0.35,0.25,0.2,0.15,0.1,157,3593.405351638794,56406.594648361206,77,22.887932176043275
0.45,0.8,0.35,0.35,0.1,0.1,0.2,157,2978.0920219421387,57021.90797805786,88,18.96873899326203
0.45,0.7,0.25,0.35,0.2,0.05,0.1,156,6935.821346282959,53064.17865371704,72,44.46039324540358
0.55,0.7,0.25,0.45,0.15,0.1,0.1,156,6210.088004112244,53789.911995887756,67,39.808256436616944
0.55,0.6,0.35,0.45,0.15,0.1,0.2,156,3530.3220014572144,56469.677998542786,61,22.630269240110348
0.55,0.7,0.35,0.35,0.2,0.15,0.2,156,3164.27800655365,56835.72199344635,64,20.28383337534391
0.5,0.7,0.35,0.35,0.1,0.05,0.1,156,3156.0366764068604,56843.96332359314,71,20.231004335941414
0.4,0.7,0.35,0.25,0.1,0.15,0.3,156,3038.951361656189,56961.04863834381,74,19.48045744651403
0.45,0.7,0.35,0.25,0.15,0.05,0.1,156,3005.3086738586426,56994.69132614136,74,19.264799191401554
0.5,0.7,0.35,0.45,0.1,0.15,0.3,155,3558.6726875305176,56441.32731246948,68,22.959178629229147
0.4,0.6,0.35,0.45,0.1,0.05,0.3,155,3342.937357902527,56657.06264209747,67,21.567337792919528
0.55,0.8,0.45,0.45,0.1,0.05,0.2,155,3330.5606803894043,56669.439319610596,82,21.487488260576804
0.55,0.7,0.35,0.35,0.1,0.1,0.1,155,3140.518675804138,56859.48132419586,70,20.2614108116396
0.5,0.6,0.45,0.25,0.1,0.15,0.3,155,2911.684024810791,57088.31597518921,67,18.78505822458575
0.45,0.8,0.35,0.25,0.1,0.15,0.2,155,2813.2686910629272,57186.73130893707,95,18.150120587502755
0.45,0.6,0.35,0.25,0.1,0.05,0.1,155,2775.266016960144,57224.733983039856,68,17.904942044904153
0.5,0.7,0.25,0.45,0.15,0.05,0.1,154,6476.922664642334,53523.077335357666,68,42.05793938079437
0.45,0.6,0.25,0.45,0.2,0.15,0.3,154,4747.158013343811,55252.84198665619,61,30.825701385349422
0.5,0.6,0.35,0.45,0.15,0.05,0.2,154,3670.904664993286,56329.095335006714,62,23.837043279177184
0.55,0.6,0.45,0.45,0.1,0.1,0.3,154,3017.8440265655518,56982.15597343445,61,19.596389782893194
0.5,0.7,0.35,0.25,0.2,0.15,0.2,154,2998.5233430862427,57001.47665691376,69,19.470930799261318
0.45,0.6,0.35,0.35,0.1,0.15,0.3,154,2980.3586921691895,57019.64130783081,67,19.352978520579153
0.55,0.8,0.45,0.25,0.1,0.15,0.2,154,2766.0666885375977,57233.9333114624,90,17.961472003490893
0.45,0.8,0.25,0.35,0.2,0.15,0.2,153,5681.172025680542,54318.82797431946,82,37.13184330510158
0.5,0.8,0.35,0.45,0.15,0.15,0.3,153,3497.0740118026733,56502.92598819733,79,22.856692887599174
0.45,0.7,0.35,0.45,0.1,0.1,0.3,153,3492.5600204467773,56507.43997955322,68,22.827189676122728
0.45,0.6,0.25,0.35,0.15,0.15,0.2,153,3422.8780126571655,56577.121987342834,63,22.3717517167135
0.55,0.8,0.35,0.35,0.15,0.1,0.1,153,3182.4946718215942,56817.505328178406,78,20.80061877007578
0.4,0.8,0.35,0.35,0.1,0.05,0.2,153,3036.2573556900024,56963.74264431,90,19.84481931823531
0.55,0.6,0.45,0.35,0.1,0.15,0.3,153,2962.396689414978,57037.60331058502,64,19.36206986545737
0.55,0.8,0.45,0.35,0.1,0.1,0.2,153,2791.5726833343506,57208.42731666565,83,18.245573093688567
0.55,0.7,0.45,0.25,0.15,0.05,0.1,153,2599.063346862793,57400.93665313721,70,16.987342136358123
0.5,0.8,0.35,0.25,0.2,0.1,0.1,152,3883.919358253479,56116.08064174652,79,25.55210104114131
0.4,0.6,0.25,0.35,0.15,0.1,0.2,152,3691.2833518981934,56308.71664810181,64,24.28475889406706
0.4,0.7,0.35,0.45,0.1,0.05,0.3,152,3673.2500228881836,56326.74997711182,69,24.166118571632786
0.55,0.6,0.35,0.25,0.2,0.1,0.1,152,2950.42200756073,57049.57799243927,57,19.410671102373225
0.4,0.6,0.35,0.35,0.1,0.1,0.3,152,2929.642692565918,57070.35730743408,67,19.273965082670514
0.4,0.6,0.45,0.25,0.1,0.05,0.3,152,2865.900691986084,57134.099308013916,68,18.85460981569792
0.45,0.6,0.45,0.25,0.1,0.1,0.3,152,2865.900691986084,57134.099308013916,68,18.85460981569792
0.4,0.8,0.35,0.25,0.15,0.15,0.3,152,2811.7180223464966,57188.2819776535,87,18.49814488385853
0.55,0.7,0.45,0.35,0.2,0.05,0.2,152,2756.0520153045654,57243.947984695435,63,18.13192115331951
0.4,0.8,0.35,0.25,0.1,0.1,0.2,152,2738.2426900863647,57261.757309913635,95,18.014754540041874
0.4,0.7,0.25,0.35,0.2,0.15,0.3,151,3876.967342376709,56123.03265762329,68,25.67528041309079
0.5,0.7,0.35,0.35,0.2,0.1,0.2,151,3089.017339706421,56910.98266029358,64,20.45706847487696
0.55,0.7,0.45,0.25,0.2,0.1,0.2,151,2646.794683456421,57353.20531654358,66,17.528441612294177
0.4,0.8,0.25,0.35,0.2,0.1,0.2,150,5687.056678771973,54312.94332122803,83,37.91371119181315
0.4,0.6,0.25,0.45,0.2,0.1,0.3,150,4669.142680168152,55330.85731983185,61,31.12761786778768
0.5,0.8,0.25,0.35,0.1,0.15,0.1,150,4656.969330787659,55343.03066921234,82,31.046462205251057
0.45,0.8,0.25,0.25,0.15,0.15,0.1,150,4588.457352638245,55411.542647361755,86,30.589715684254966
0.55,0.7,0.35,0.45,0.15,0.1,0.2,150,4005.7279958724976,55994.2720041275,64,26.704853305816652
0.55,0.8,0.35,0.45,0.2,0.1,0.2,150,3998.2960062026978,56001.7039937973,74,26.655306708017985
0.55,0.6,0.35,0.45,0.2,0.15,0.3,150,3190.2266807556152,56809.773319244385,56,21.2681778717041
0.4,0.7,0.25,0.25,0.15,0.15,0.2,150,3028.6653480529785,56971.33465194702,72,20.191102320353192
0.5,0.6,0.35,0.25,0.2,0.05,0.1,150,2944.1120071411133,57055.88799285889,58,19.627413380940755
0.4,0.7,0.35,0.25,0.2,0.05,0.2,150,2934.1373443603516,57065.86265563965,70,19.56091562906901
0.45,0.7,0.35,0.25,0.2,0.1,0.2,150,2906.8140087127686,57093.18599128723,69,19.378760058085124
0.5,0.8,0.45,0.25,0.15,0.15,0.3,150,2750.646020889282,57249.35397911072,85,18.337640139261882
0.45,0.7,0.35,0.25,0.2,0.15,0.3,150,2712.885353088379,57287.11464691162,70,18.085902353922528
0.4,0.8,0.25,0.25,0.2,0.15,0.2,149,4720.459349632263,55279.54065036774,85,31.680935232431295
0.45,0.8,0.35,0.45,0.15,0.1,0.3,149,3525.09201335907,56474.90798664093,80,23.658335660127985
0.45,0.7,0.35,0.35,0.2,0.05,0.2,149,3309.574679374695,56690.425320625305,65,22.211910599830166
0.45,0.6,0.35,0.35,0.2,0.1,0.3,149,3109.662015914917,56890.33798408508,62,20.870214871912193
0.45,0.7,0.25,0.25,0.1,0.15,0.1,149,3085.46533870697,56914.53466129303,73,20.707821065147453
0.5,0.6,0.45,0.35,0.1,0.1,0.3,149,2872.0880222320557,57127.911977767944,64,19.27575853847017
0.45,0.8,0.35,0.35,0.15,0.15,0.3,149,2786.4920225143433,57213.50797748566,80,18.701288741707003
0.5,0.6,0.35,0.35,0.2,0.15,0.3,149,2783.175356864929,57216.82464313507,61,18.679029240704224
0.45,0.8,0.45,0.25,0.15,0.1,0.3,149,2734.6753549575806,57265.32464504242,86,18.353525872198528
0.5,0.8,0.45,0.35,0.1,0.05,0.2,149,2711.9006853103638,57288.099314689636,83,18.200675740338013
0.4,0.7,0.35,0.25,0.2,0.1,0.3,149,2691.8700199127197,57308.12998008728,70,18.06624174438067
0.5,0.6,0.25,0.45,0.1,0.15,0.2,148,4746.827331542969,55253.17266845703,62,32.0731576455606
0.4,0.8,0.25,0.25,0.15,0.1,0.1,148,4668.73068523407,55331.26931476593,87,31.545477602932905
0.55,0.8,0.35,0.45,0.1,0.05,0.1,148,4592.895990371704,55407.104009628296,74,31.03308101602503
0.5,0.8,0.35,0.45,0.2,0.05,0.2,148,3971.7086725234985,56028.2913274765,74,26.835869408942557
0.5,0.8,0.35,0.35,0.15,0.05,0.1,148,3493.0533351898193,56506.94666481018,83,23.601711724255537
0.4,0.6,0.35,0.35,0.2,0.05,0.3,148,3089.0733489990234,56910.92665100098,62,20.872117222966374
0.4,0.7,0.25,0.25,0.1,0.1,0.1,148,3074.6253385543823,56925.37466144562,73,20.774495530772853
0.4,0.8,0.35,0.35,0.15,0.1,0.3,148,2935.8513526916504,57064.14864730835,81,19.836833464132773
0.5,0.6,0.45,0.45,0.1,0.05,0.3,148,2893.701358795166,57106.298641204834,61,19.552036208075446
0.4,0.7,0.45,0.25,0.1,0.05,0.3,148,2816.008692741394,57183.991307258606,70,19.027085761766177
0.45,0.7,0.45,0.25,0.1,0.1,0.3,148,2816.008692741394,57183.991307258606,70,19.027085761766177
0.55,0.6,0.45,0.25,0.2,0.15,0.3,148,2686.8506832122803,57313.14931678772,62,18.154396508191084
0.45,0.6,0.35,0.25,0.15,0.1,0.2,148,2680.290686607361,57319.70931339264,63,18.110072206806493
0.5,0.8,0.45,0.25,0.1,0.1,0.2,148,2647.1000204086304,57352.89997959137,90,17.88581094870696
0.55,0.8,0.25,0.35,0.2,0.15,0.1,147,6377.644018173218,53622.35598182678,75,43.385333456960666
0.5,0.7,0.25,0.25,0.2,0.15,0.1,147,6096.056697845459,53903.94330215454,67,41.46977345473101
0.45,0.7,0.25,0.45,0.2,0.15,0.3,147,5461.682676315308,54538.31732368469,65,37.1543039205123
0.55,0.6,0.25,0.45,0.2,0.15,0.2,147,5245.561339378357,54754.43866062164,55,35.68409074407045
0.4,0.7,0.25,0.35,0.15,0.1,0.2,147,4205.780002593994,55794.219997406006,67,28.610748316965946
0.5,0.7,0.35,0.45,0.15,0.05,0.2,147,4168.47065448761,55831.52934551239,65,28.35694322780687
0.45,0.7,0.25,0.35,0.15,0.15,0.2,147,4037.42267036438,55962.57732963562,66,27.46546034261483
0.45,0.8,0.35,0.25,0.2,0.05,0.1,147,4006.060691833496,55993.939308166504,80,27.252113549887728
0.45,0.7,0.35,0.35,0.1,0.15,0.3,147,2838.206024169922,57161.79397583008,67,19.307523973945045
0.55,0.8,0.45,0.45,0.15,0.1,0.3,147,2822.6393537521362,57177.360646247864,71,19.201628256817255
0.5,0.7,0.45,0.25,0.1,0.15,0.3,147,2792.62602519989,57207.37397480011,69,18.99745595374075
0.55,0.8,0.45,0.35,0.15,0.15,0.3,147,2761.7620220184326,57238.23797798157,75,18.78749674842471
0.5,0.6,0.35,0.25,0.15,0.15,0.2,147,2627.408685684204,57372.591314315796,62,17.873528474042203
0.55,0.6,0.45,0.25,0.1,0.05,0.1,147,2611.8566789627075,57388.14332103729,62,17.76773250995039
0.5,0.6,0.25,0.45,0.2,0.1,0.2,146,5716.247336387634,54283.752663612366,57,39.152379016353656
0.5,0.8,0.25,0.45,0.15,0.15,0.2,146,5695.74665927887,54304.25334072113,77,39.011963419718285
0.4,0.7,0.25,0.45,0.2,0.1,0.3,146,5443.070676803589,54556.92932319641,65,37.281306005504035
0.4,0.8,0.25,0.45,0.1,0.15,0.3,146,5045.359345436096,54954.640654563904,81,34.557255790658196
0.55,0.6,0.25,0.35,0.15,0.15,0.1,146,4618.116682052612,55381.88331794739,58,31.63093617844255
0.4,0.8,0.35,0.45,0.15,0.05,0.3,146,3692.7173414230347,56307.282658576965,82,25.292584530294757
0.5,0.6,0.35,0.45,0.2,0.1,0.3,146,3140.854015350342,56859.14598464966,57,21.512698735276313
0.4,0.7,0.35,0.35,0.1,0.1,0.3,146,2807.9080238342285,57192.09197616577,67,19.232246738590607
0.45,0.6,0.45,0.35,0.1,0.05,0.3,146,2789.800024032593,57210.19997596741,64,19.10821934268899
0.55,0.8,0.45,0.25,0.2,0.05,0.1,146,2671.370012283325,57328.629987716675,71,18.29705487865291
0.4,0.8,0.45,0.25,0.15,0.05,0.3,146,2649.6213550567627,57350.37864494324,86,18.148091472991524
0.5,0.6,0.45,0.25,0.2,0.1,0.3,146,2628.892017364502,57371.1079826355,62,18.00610970797604
0.45,0.8,0.45,0.25,0.1,0.05,0.2,146,2608.310688018799,57391.6893119812,92,17.865141698758897
0.5,0.7,0.45,0.25,0.2,0.05,0.2,146,2528.884015083313,57471.11598491669,66,17.321123390981597
0.45,0.8,0.25,0.45,0.15,0.1,0.2,145,5538.946656227112,54461.05334377289,77,38.199632111911114
0.55,0.6,0.25,0.45,0.2,0.05,0.1,145,5474.427998542786,54525.572001457214,56,37.75467585201921
0.4,0.6,0.25,0.45,0.1,0.05,0.2,145,4688.923999786377,55311.07600021362,63,32.33740689507846
0.45,0.6,0.25,0.45,0.1,0.1,0.2,145,4688.923999786377,55311.07600021362,63,32.33740689507846
0.45,0.6,0.45,0.25,0.2,0.05,0.3,145,2611.605351448059,57388.39464855194,63,18.01107138929696
0.5,0.8,0.25,0.35,0.2,0.1,0.1,144,6503.56268119812,53496.43731880188,77,45.1636297305425
0.45,0.8,0.25,0.35,0.1,0.1,0.1,144,5068.198669433594,54931.801330566406,85,35.19582409328885
0.45,0.6,0.25,0.35,0.15,0.05,0.1,144,4635.498682022095,55364.501317977905,60,32.19096306959788
0.55,0.6,0.35,0.35,0.15,0.15,0.2,144,2998.642007827759,57001.35799217224,57,20.823902832137215
0.4,0.6,0.35,0.25,0.15,0.05,0.2,144,2593.2853536605835,57406.71464633942,63,18.008926067087387
0.55,0.7,0.35,0.25,0.1,0.15,0.1,144,2505.2140159606934,57494.78598403931,68,17.397319555282593
0.45,0.8,0.25,0.35,0.2,0.05,0.1,143,6397.417345046997,53602.582654953,78,44.737184231097885
0.45,0.7,0.25,0.25,0.2,0.1,0.1,143,6026.08336353302,53973.91663646698,67,42.14044310162951
0.45,0.6,0.25,0.45,0.2,0.05,0.2,143,5681.525336265564,54318.474663734436,57,39.7309464074515
0.4,0.8,0.25,0.35,0.1,0.05,0.1,143,5365.351334571838,54634.64866542816,87,37.519939402600265
0.5,0.6,0.25,0.35,0.15,0.1,0.1,143,4400.474684715271,55599.52531528473,59,30.772550242764133
0.55,0.7,0.45,0.45,0.1,0.1,0.3,143,2787.5846910476685,57212.41530895233,61,19.493599238095584
0.55,0.7,0.45,0.35,0.1,0.15,0.3,143,2762.039354324341,57237.96064567566,64,19.314960519750635
0.5,0.8,0.45,0.35,0.15,0.1,0.3,143,2679.0473556518555,57320.952644348145,76,18.734596892670318
0.55,0.6,0.45,0.35,0.2,0.1,0.3,143,2607.5753507614136,57392.42464923859,57,18.23479266266723
0.5,0.7,0.25,0.45,0.2,0.1,0.2,142,6910.299334526062,53089.70066547394,62,48.66407982060607
0.55,0.7,0.25,0.45,0.2,0.05,0.1,142,6845.174669265747,53154.82533073425,61,48.20545541736442
0.45,0.7,0.25,0.45,0.1,0.1,0.2,142,5081.852653503418,54918.14734649658,64,35.78769474298182
0.45,0.6,0.35,0.45,0.2,0.05,0.3,142,3068.648681640625,56931.351318359375,57,21.610201983384684
0.5,0.7,0.35,0.35,0.2,0.15,0.3,142,2981.3806800842285,57018.61931991577,62,20.995638592142456
0.5,0.6,0.35,0.35,0.15,0.1,0.2,142,2967.993341445923,57032.00665855408,57,20.901361559478328
0.55,0.6,0.45,0.45,0.2,0.05,0.3,142,2667.0986824035645,57332.901317596436,52,18.782385087349045
0.55,0.7,0.45,0.25,0.2,0.15,0.3,142,2564.718017578125,57435.281982421875,64,18.061394489986796
0.45,0.7,0.25,0.45,0.2,0.05,0.2,141,6897.678667068481,53102.32133293152,63,48.91970685864171
0.55,0.7,0.25,0.45,0.2,0.15,0.2,141,6458.3846645355225,53541.61533546448,60,45.80414655698952
0.55,0.8,0.25,0.45,0.15,0.1,0.1,141,6441.908659934998,53558.091340065,73,45.6872954605319
0.4,0.8,0.25,0.45,0.15,0.05,0.2,141,5457.632657051086,54542.36734294891,77,38.7066145890148
0.4,0.7,0.25,0.45,0.1,0.05,0.2,141,5069.003986358643,54930.99601364136,64,35.95038288197619
0.5,0.7,0.25,0.45,0.1,0.15,0.2,141,4606.630665779114,55393.369334220886,63,32.67113947361074
0.55,0.7,0.35,0.45,0.2,0.15,0.3,141,3052.6726808547974,56947.3273191452,57,21.650160857126224
0.5,0.7,0.45,0.35,0.1,0.1,0.3,141,2709.2780208587646,57290.721979141235,64,19.214737736586983
0.5,0.8,0.45,0.45,0.15,0.05,0.3,141,2694.0593547821045,57305.940645217896,73,19.106803934624853
0.45,0.8,0.45,0.35,0.15,0.05,0.3,141,2623.668689727783,57376.33131027222,77,18.607579359771513
0.55,0.6,0.45,0.25,0.15,0.1,0.2,141,2545.7273483276367,57454.27265167236,58,18.054803888848486
0.5,0.7,0.35,0.25,0.1,0.1,0.1,141,2439.604015350342,57560.39598464966,68,17.302156137236466
0.4,0.7,0.25,0.25,0.2,0.05,0.1,140,5980.79402923584,54019.20597076416,67,42.71995735168457
0.55,0.7,0.25,0.35,0.15,0.15,0.1,140,5357.284008979797,54642.7159910202,62,38.2663143498557
0.55,0.7,0.35,0.35,0.2,0.05,0.1,140,3081.3900108337402,56918.60998916626,60,22.00992864881243
0.55,0.8,0.35,0.35,0.2,0.15,0.2,140,3036.4260110855103,56963.57398891449,65,21.68875722203936
0.45,0.6,0.35,0.35,0.15,0.05,0.2,140,2944.313341140747,57055.68665885925,57,21.030809579576765
0.45,0.7,0.35,0.35,0.2,0.1,0.3,140,2925.398681640625,57074.601318359375,62,20.895704868861607
0.5,0.7,0.45,0.45,0.1,0.05,0.3,140,2728.6426906585693,57271.35730934143,61,19.490304933275496
0.45,0.7,0.45,0.35,0.1,0.05,0.3,140,2668.0653553009033,57331.9346446991,64,19.057609680720738
0.5,0.6,0.45,0.35,0.2,0.05,0.3,140,2566.23201751709,57433.76798248291,57,18.33022869655064
0.55,0.6,0.35,0.45,0.1,0.1,0.2,139,4107.037990570068,55892.96200942993,58,29.547035903381786
0.4,0.7,0.35,0.35,0.2,0.05,0.3,139,2904.383348464966,57095.616651535034,62,20.894844233560907
0.55,0.6,0.45,0.35,0.15,0.05,0.2,139,2589.8000135421753,57410.199986457825,55,18.631654773684716
0.5,0.6,0.45,0.25,0.15,0.05,0.2,139,2510.547348022461,57489.45265197754,58,18.061491712391806
0.5,0.7,0.45,0.25,0.2,0.1,0.3,139,2506.1820163726807,57493.81798362732,64,18.030086448724322
0.45,0.7,0.35,0.25,0.1,0.05,0.1,139,2410.8533487319946,57589.146651268005,68,17.34426869591363
0.5,0.8,0.35,0.25,0.15,0.1,0.1,138,2690.8106784820557,57309.189321517944,75,19.498628104942433
0.55,0.8,0.35,0.25,0.15,0.15,0.1,138,2548.3573427200317,57451.64265727997,74,18.46635755594226
0.45,0.7,0.45,0.25,0.2,0.05,0.3,138,2486.5880184173584,57513.41198158264,64,18.018753756647524
0.5,0.8,0.25,0.45,0.15,0.05,0.1,137,6690.6780042648315,53309.32199573517,75,48.837065724560816
0.5,0.8,0.25,0.25,0.2,0.15,0.1,137,5575.906017303467,54424.09398269653,68,40.70004392192312
0.5,0.6,0.35,0.45,0.1,0.05,0.2,137,4054.276657104492,55945.72334289551,58,29.59326027083571
0.55,0.8,0.35,0.35,0.1,0.1,0.1,137,3173.0493335723877,56826.95066642761,76,23.160944040674362
0.5,0.7,0.35,0.25,0.15,0.15,0.2,137,2468.1006870269775,57531.89931297302,64,18.01533348194874
0.45,0.8,0.25,0.25,0.2,0.1,0.1,136,5761.608680725098,54238.3913192749,69,42.36476971121395
0.5,0.7,0.25,0.35,0.15,0.1,0.1,136,5547.930667877197,54452.0693321228,63,40.793607852038214
0.5,0.8,0.35,0.25,0.2,0.15,0.2,136,2827.9680099487305,57172.03199005127,73,20.793882426093607
0.5,0.8,0.35,0.35,0.2,0.1,0.2,135,3512.42201423645,56487.57798576355,69,26.017940846195927
0.5,0.8,0.35,0.45,0.1,0.15,0.3,135,3379.9633445739746,56620.036655426025,73,25.036765515362774
0.45,0.7,0.25,0.35,0.15,0.05,0.1,134,5481.818000793457,54518.18199920654,63,40.909089558160126
0.4,0.6,0.25,0.25,0.2,0.1,0.2,134,3455.801999092102,56544.1980009079,58,25.789567157403745
0.5,0.8,0.35,0.35,0.1,0.05,0.1,134,3358.915328979492,56641.08467102051,77,25.066532305817105
0.55,0.7,0.35,0.25,0.2,0.1,0.1,134,2947.6446809768677,57052.35531902313,59,21.99734836549901
0.45,0.6,0.25,0.25,0.2,0.15,0.2,134,2749.5140075683594,57250.48599243164,56,20.518761250510146
0.4,0.8,0.35,0.25,0.2,0.05,0.2,134,2652.344680786133,57347.65531921387,74,19.793617020792038
0.45,0.8,0.35,0.25,0.2,0.1,0.2,134,2652.344680786133,57347.65531921387,74,19.793617020792038
0.45,0.8,0.35,0.25,0.15,0.05,0.1,134,2639.1800117492676,57360.81998825073,75,19.695373222009458
0.55,0.7,0.45,0.35,0.2,0.1,0.3,134,2490.692684173584,57509.307315826416,58,18.5872588371163
0.4,0.7,0.35,0.25,0.15,0.05,0.2,134,2384.802686691284,57615.197313308716,64,17.79703497530809
0.45,0.7,0.35,0.25,0.15,0.1,0.2,134,2384.802686691284,57615.197313308716,64,17.79703497530809
0.55,0.8,0.45,0.25,0.15,0.05,0.1,134,2306.767345428467,57693.23265457153,71,17.21468168230199
0.5,0.6,0.25,0.45,0.1,0.05,0.1,133,5329.919345855713,54670.08065414429,56,40.07458154778732
0.45,0.8,0.25,0.45,0.2,0.15,0.3,133,5139.156681060791,54860.84331893921,70,38.640275797449554
0.55,0.6,0.25,0.45,0.1,0.1,0.1,133,5089.436665534973,54910.56333446503,55,38.26644109424792
0.45,0.6,0.25,0.45,0.15,0.15,0.3,133,4387.7513256073,55612.2486743927,55,32.99061147073158
0.45,0.6,0.25,0.35,0.1,0.15,0.2,133,4077.4093294143677,55922.59067058563,58,30.657213003115547
0.5,0.6,0.25,0.35,0.2,0.15,0.2,133,3890.6800117492676,56109.31998825073,53,29.253233171047125
0.5,0.7,0.35,0.45,0.2,0.1,0.3,133,2909.6886796951294,57090.31132030487,57,21.877358493948343
0.4,0.8,0.25,0.25,0.2,0.05,0.1,132,5702.3886795043945,54297.611320495605,69,43.199914238669656
0.55,0.6,0.25,0.35,0.2,0.1,0.1,132,4280.439352989197,55719.5606470108,52,32.427570855978765
0.4,0.6,0.25,0.35,0.2,0.05,0.2,132,4172.290689468384,55827.709310531616,54,31.608262799002908
0.4,0.6,0.25,0.35,0.1,0.1,0.2,132,4067.831329345703,55932.1686706543,58,30.81690401019472
0.45,0.6,0.25,0.35,0.2,0.1,0.2,132,3875.004012107849,56124.99598789215,53,29.356091000817038
0.45,0.8,0.35,0.35,0.2,0.05,0.2,132,3551.370677947998,56448.629322052,70,26.904323317787863
0.45,0.8,0.35,0.45,0.1,0.1,0.3,132,3296.904010772705,56703.095989227295,73,24.976545536156856
0.5,0.6,0.25,0.25,0.15,0.15,0.1,132,2964.710680961609,57035.28931903839,56,22.45992940122431
0.55,0.7,0.35,0.35,0.15,0.15,0.2,132,2827.06400680542,57172.93599319458,58,21.417151566707727
0.5,0.7,0.45,0.35,0.2,0.05,0.3,132,2434.7106857299805,57565.28931427002,58,18.44477792219682
0.55,0.7,0.45,0.25,0.1,0.05,0.1,132,2259.642011642456,57740.357988357544,63,17.118500088200424
0.55,0.7,0.25,0.45,0.1,0.1,0.1,131,5532.528027534485,54467.471972465515,58,42.23303837812584
0.5,0.6,0.25,0.35,0.2,0.05,0.1,131,4890.9606857299805,55109.03931427002,54,37.335577753663976
0.55,0.7,0.35,0.45,0.1,0.1,0.2,131,3943.3733224868774,56056.62667751312,58,30.102086431197538
0.45,0.6,0.25,0.25,0.15,0.1,0.1,131,2943.501344680786,57056.498655319214,57,22.469475913593786
0.45,0.7,0.35,0.45,0.2,0.05,0.3,131,2874.9826793670654,57125.017320632935,57,21.946432666924164
0.55,0.7,0.45,0.45,0.2,0.05,0.3,131,2819.606008529663,57180.39399147034,54,21.523709988776055
0.5,0.7,0.35,0.35,0.15,0.1,0.2,131,2808.452007293701,57191.5479927063,58,21.43856494117329
0.4,0.8,0.35,0.25,0.1,0.15,0.3,131,2530.0406923294067,57469.95930767059,77,19.313287727705394
0.55,0.8,0.45,0.35,0.2,0.05,0.2,131,2519.251343727112,57480.74865627289,64,19.23092628799322
0.55,0.8,0.45,0.25,0.2,0.1,0.2,131,2264.939347267151,57735.06065273285,67,17.28961333791718
0.5,0.7,0.25,0.45,0.1,0.05,0.1,130,5520.962694168091,54479.03730583191,58,42.46894380129301
0.4,0.8,0.25,0.45,0.2,0.1,0.3,130,5310.123340606689,54689.87665939331,71,40.84710262005146
0.45,0.8,0.25,0.35,0.15,0.15,0.2,130,4452.038662910461,55547.96133708954,75,34.246451253157396
0.4,0.6,0.25,0.45,0.15,0.1,0.3,130,4325.411992073059,55674.58800792694,55,33.27239993902353
0.5,0.7,0.35,0.45,0.1,0.05,0.2,130,3933.795322418213,56066.20467758179,58,30.259964018601636
0.55,0.8,0.35,0.45,0.15,0.1,0.2,130,3535.68132686615,56464.31867313385,66,27.197548668201154
0.45,0.8,0.25,0.25,0.1,0.15,0.1,130,3383.6020011901855,56616.397998809814,81,26.027707701462965
0.4,0.8,0.35,0.45,0.1,0.05,0.3,130,3274.4953441619873,56725.50465583801,74,25.18842572432298
0.55,0.6,0.25,0.25,0.2,0.15,0.1,130,2866.9526777267456,57133.047322273254,55,22.05348213635958
0.55,0.6,0.35,0.35,0.15,0.05,0.1,130,2746.330005645752,57253.66999435425,52,21.125615428044245
0.45,0.6,0.35,0.25,0.15,0.15,0.3,130,2467.980016708374,57532.019983291626,56,18.984461666987492
0.55,0.6,0.35,0.25,0.2,0.15,0.2,130,2374.764684677124,57625.235315322876,52,18.267420651362492
0.5,0.8,0.25,0.45,0.1,0.15,0.2,129,5541.296689033508,54458.70331096649,72,42.95578828708146
0.4,0.8,0.25,0.25,0.1,0.1,0.1,129,3371.492667198181,56628.50733280182,82,26.13560207130373
0.4,0.6,0.25,0.35,0.15,0.15,0.3,129,3282.4559993743896,56717.54400062561,55,25.445395343987517
0.5,0.7,0.35,0.25,0.2,0.05,0.1,129,2863.5993452072144,57136.400654792786,59,22.198444536490033
0.45,0.7,0.35,0.35,0.15,0.05,0.2,129,2751.38934135437,57248.61065864563,58,21.328599545382716
0.55,0.6,0.35,0.45,0.2,0.05,0.2,129,2735.45934009552,57264.54065990448,48,21.205111163531164
0.55,0.8,0.45,0.45,0.1,0.1,0.3,129,2570.9646892547607,57429.03531074524,64,19.929958831432256
0.5,0.8,0.45,0.25,0.1,0.15,0.3,129,2470.2633562088013,57529.7366437912,72,19.149328342703885
0.5,0.7,0.25,0.35,0.2,0.15,0.2,128,4762.182020187378,55237.81797981262,57,37.20454703271389
0.4,0.8,0.25,0.35,0.15,0.1,0.2,128,4553.536666870117,55446.46333312988,76,35.57450520992279
0.4,0.7,0.25,0.35,0.1,0.1,0.2,128,3987.806661605835,56012.193338394165,58,31.154739543795586
0.45,0.7,0.25,0.35,0.1,0.15,0.2,128,3987.806661605835,56012.193338394165,58,31.154739543795586
0.55,0.8,0.35,0.35,0.2,0.05,0.1,128,3525.5246896743774,56474.47531032562,65,27.543161638081074
0.55,0.6,0.35,0.35,0.2,0.1,0.2,128,2683.2726736068726,57316.72732639313,50,20.963067762553692
0.55,0.8,0.45,0.25,0.2,0.15,0.3,128,2332.782681465149,57667.21731853485,69,18.224864698946476
0.55,0.7,0.45,0.25,0.15,0.1,0.2,128,2270.1913471221924,57729.80865287781,58,17.735869899392128
0.5,0.8,0.45,0.25,0.2,0.05,0.2,128,2211.703345298767,57788.29665470123,67,17.278932385146618
0.45,0.7,0.25,0.35,0.2,0.1,0.2,127,5100.378023147583,54899.62197685242,58,40.16045687517782
0.5,0.8,0.35,0.45,0.15,0.05,0.2,127,3381.4726610183716,56618.52733898163,66,26.625768984396625
0.4,0.6,0.25,0.25,0.15,0.05,0.1,127,2842.731343269348,57157.26865673065,57,22.383711364325578
0.5,0.6,0.35,0.35,0.2,0.05,0.2,127,2668.300006866455,57331.699993133545,50,21.010236274539018
0.55,0.8,0.45,0.35,0.1,0.15,0.3,127,2495.7266874313354,57504.273312568665,65,19.651391239616814
0.5,0.6,0.45,0.25,0.15,0.1,0.3,127,2436.069347381592,57563.93065261841,54,19.181648404579462
0.55,0.6,0.45,0.25,0.15,0.15,0.3,127,2436.069347381592,57563.93065261841,54,19.181648404579462
0.4,0.6,0.35,0.25,0.15,0.1,0.3,127,2407.648015975952,57592.35198402405,56,18.957858393511433
0.45,0.8,0.25,0.45,0.1,0.1,0.2,126,5374.280019760132,54625.71998023987,72,42.65301602984231
0.4,0.7,0.25,0.35,0.2,0.05,0.2,126,5080.685356140137,54919.31464385986,58,40.32289965190585
0.4,0.8,0.25,0.35,0.2,0.15,0.3,126,4101.691343307495,55898.308656692505,73,32.55310589926584
0.5,0.6,0.25,0.25,0.2,0.1,0.1,126,2794.2633447647095,57205.73665523529,55,22.17669321241833
0.5,0.8,0.45,0.45,0.1,0.05,0.3,126,2565.468687057495,57434.531312942505,65,20.360862595694407
0.45,0.8,0.45,0.25,0.1,0.1,0.3,126,2424.1966886520386,57575.80331134796,73,19.239656259143164
0.55,0.6,0.45,0.25,0.2,0.05,0.2,126,2273.1246843338013,57726.8753156662,52,18.040672097887313
0.55,0.6,0.35,0.25,0.15,0.1,0.1,126,2262.3100175857544,57737.689982414246,52,17.95484140941075
0.55,0.8,0.25,0.45,0.2,0.15,0.2,125,5316.929332733154,54683.070667266846,64,42.53543466186523
0.4,0.7,0.25,0.45,0.15,0.1,0.3,125,4409.2399826049805,55590.76001739502,56,35.27391986083985
0.45,0.6,0.25,0.25,0.2,0.05,0.1,125,3168.855354309082,56831.14464569092,56,25.350842834472655
0.45,0.8,0.35,0.35,0.1,0.15,0.3,125,2430.66602230072,57569.33397769928,69,19.445328178405763
0.4,0.6,0.25,0.25,0.1,0.15,0.2,125,2405.625352859497,57594.3746471405,56,19.245002822875975
0.55,0.7,0.45,0.35,0.15,0.05,0.2,125,2347.2493438720703,57652.75065612793,55,18.777994750976564
0.5,0.6,0.35,0.25,0.2,0.1,0.2,125,2259.02268409729,57740.97731590271,52,18.072181472778322
0.45,0.8,0.35,0.25,0.2,0.15,0.3,125,2250.867349624634,57749.132650375366,72,18.00693879699707
0.5,0.8,0.25,0.45,0.2,0.1,0.2,124,5663.672001838684,54336.327998161316,66,45.67477420837648
0.45,0.7,0.25,0.45,0.15,0.15,0.3,124,4201.408657073975,55798.591342926025,55,33.882327879628825
0.4,0.8,0.25,0.25,0.15,0.15,0.2,124,3130.7766761779785,56869.22332382202,77,25.24819900143531
0.55,0.8,0.35,0.25,0.2,0.1,0.1,124,2919.836009979248,57080.16399002075,61,23.547064596606837
0.5,0.8,0.45,0.35,0.1,0.1,0.3,124,2443.0840215682983,57556.9159784317,67,19.702290496518536
0.4,0.8,0.45,0.25,0.1,0.05,0.3,124,2375.228021621704,57624.771978378296,73,19.155064690497614
0.45,0.6,0.45,0.25,0.15,0.05,0.3,124,2374.4093494415283,57625.59065055847,54,19.148462495496197
0.5,0.7,0.45,0.25,0.15,0.05,0.2,124,2199.7700119018555,57800.229988098145,58,17.740080741143995
0.4,0.8,0.25,0.45,0.1,0.05,0.2,123,5458.608023643494,54541.391976356506,73,44.37892702149182
0.5,0.8,0.35,0.25,0.2,0.05,0.1,123,3095.011347770691,56904.98865222931,62,25.16269388431456
0.55,0.6,0.35,0.45,0.15,0.15,0.3,123,2811.936679840088,57188.06332015991,48,22.861273819838114
0.4,0.6,0.35,0.35,0.15,0.05,0.3,123,2422.805353164673,57577.19464683533,52,19.697604497273762
0.45,0.6,0.35,0.35,0.15,0.1,0.3,123,2422.805353164673,57577.19464683533,52,19.697604497273762
0.5,0.6,0.35,0.35,0.15,0.15,0.3,123,2422.805353164673,57577.19464683533,52,19.697604497273762
0.4,0.8,0.35,0.35,0.1,0.1,0.3,123,2403.4246892929077,57596.57531070709,69,19.540038124332582
0.45,0.6,0.35,0.25,0.2,0.05,0.2,123,2223.8426837921143,57776.157316207886,52,18.080021819448085
0.4,0.7,0.25,0.25,0.2,0.1,0.2,122,3587.5333404541016,56412.4666595459,59,29.406010987328703
0.45,0.7,0.25,0.25,0.2,0.15,0.2,122,3587.5333404541016,56412.4666595459,59,29.406010987328703
0.5,0.7,0.25,0.25,0.15,0.15,0.1,122,3133.3446865081787,56866.65531349182,58,25.683153168099825
0.55,0.8,0.35,0.45,0.2,0.15,0.3,122,2932.1366682052612,57067.86333179474,58,24.033907116436566
0.5,0.6,0.35,0.45,0.15,0.1,0.3,122,2782.2653465270996,57217.7346534729,48,22.805453660058195
0.55,0.8,0.35,0.35,0.15,0.15,0.2,122,2640.452007293701,57359.5479927063,60,21.643049240112305
0.5,0.6,0.35,0.25,0.1,0.15,0.2,122,2362.852020263672,57637.14797973633,53,19.367639510357968
0.5,0.8,0.45,0.25,0.2,0.1,0.3,122,2202.4146823883057,57797.585317611694,70,18.05257936383857
0.55,0.8,0.35,0.25,0.1,0.15,0.1,122,2172.02934551239,57827.97065448761,71,17.803519225511394
0.5,0.6,0.35,0.25,0.15,0.05,0.1,122,2169.582681655884,57830.417318344116,53,17.783464603736753
0.45,0.8,0.25,0.45,0.2,0.05,0.2,121,5577.70800113678,54422.29199886322,66,46.096760339973386
0.55,0.6,0.25,0.45,0.15,0.15,0.2,121,4747.409314155579,55252.59068584442,48,39.23478772029404
0.55,0.8,0.25,0.35,0.15,0.15,0.1,121,4681.362002372742,55318.63799762726,66,38.68894216836976
0.4,0.7,0.25,0.35,0.15,0.15,0.3,121,3104.7393321990967,56895.2606678009,55,25.65900274544708
0.5,0.8,0.35,0.35,0.2,0.15,0.3,121,2597.865340232849,57402.13465976715,65,21.46996148952768
0.45,0.8,0.45,0.35,0.1,0.05,0.3,121,2379.4900226593018,57620.5099773407,68,19.665206798837204
0.45,0.6,0.35,0.25,0.1,0.1,0.2,121,2343.1593532562256,57656.840646743774,53,19.36495333269608
0.4,0.8,0.35,0.25,0.2,0.1,0.3,121,2181.3146839141846,57818.685316085815,73,18.02739408193541
0.5,0.8,0.35,0.25,0.15,0.15,0.2,121,2179.1293478012085,57820.87065219879,71,18.00933345290255
0.5,0.8,0.35,0.25,0.1,0.1,0.1,121,2156.235345840454,57843.764654159546,71,17.82012682512772
0.4,0.6,0.25,0.45,0.1,0.1,0.3,120,4759.4059982299805,55240.59400177002,52,39.66171665191651
0.45,0.7,0.25,0.25,0.2,0.05,0.1,120,3830.2586669921875,56169.74133300781,58,31.918822224934896
0.4,0.7,0.25,0.25,0.15,0.05,0.1,120,3565.705340385437,56434.29465961456,59,29.71421116987864
0.5,0.7,0.25,0.25,0.2,0.1,0.1,120,3538.3926734924316,56461.60732650757,57,29.48660561243693
0.55,0.7,0.25,0.25,0.2,0.15,0.1,120,3538.3926734924316,56461.60732650757,57,29.48660561243693
0.45,0.7,0.25,0.25,0.15,0.1,0.1,120,3103.31068611145,56896.68931388855,58,25.860922384262086
0.4,0.7,0.25,0.25,0.1,0.15,0.2,120,2604.5020122528076,57395.49798774719,58,21.704183435440065
0.55,0.6,0.35,0.25,0.2,0.05,0.1,120,2418.8640089035034,57581.1359910965,51,20.157200074195863
0.55,0.7,0.45,0.25,0.15,0.15,0.3,120,2279.047348022461,57720.95265197754,54,18.99206123352051
0.45,0.7,0.35,0.25,0.15,0.15,0.3,120,2271.7433519363403,57728.25664806366,57,18.931194599469503
0.55,0.8,0.45,0.35,0.2,0.1,0.3,120,2244.7300157546997,57755.2699842453,62,18.7060834646225
0.45,0.6,0.25,0.45,0.15,0.05,0.2,119,5085.7393226623535,54914.26067733765,49,42.737305232456755
0.55,0.6,0.25,0.45,0.15,0.05,0.1,119,5056.188656806946,54943.811343193054,48,42.488980309302065
0.55,0.7,0.25,0.35,0.2,0.1,0.1,119,4846.859356880188,55153.14064311981,55,40.72991056201839
0.45,0.6,0.25,0.45,0.1,0.15,0.3,119,3890.805329322815,56109.194670677185,50,32.69584310355307
0.5,0.8,0.35,0.45,0.2,0.1,0.3,119,2993.6746702194214,57006.32532978058,59,25.15693000184388
0.55,0.7,0.35,0.45,0.2,0.05,0.2,119,2852.9446773529053,57147.055322647095,49,23.974325019772312
0.45,0.6,0.35,0.45,0.15,0.05,0.3,119,2717.214012145996,57282.785987854004,48,22.833731194504168
0.55,0.8,0.45,0.45,0.2,0.05,0.3,119,2635.930006980896,57364.069993019104,56,22.150672327570554
0.4,0.6,0.35,0.25,0.1,0.05,0.2,119,2309.616018295288,57690.38398170471,53,19.408537968867968
0.4,0.7,0.35,0.25,0.15,0.1,0.3,119,2260.9033517837524,57739.09664821625,57,18.999187830115567
0.55,0.8,0.25,0.45,0.2,0.05,0.1,118,5923.363328933716,54076.636671066284,65,50.197994312997594
0.5,0.7,0.25,0.35,0.2,0.05,0.1,118,5310.93000793457,54689.06999206543,56,45.007881423174325
0.5,0.8,0.25,0.35,0.15,0.1,0.1,118,4878.287326812744,55121.712673187256,67,41.341418023836816
0.5,0.6,0.25,0.45,0.15,0.1,0.2,118,4692.057312011719,55307.94268798828,48,39.76319755942134
0.55,0.8,0.35,0.45,0.1,0.1,0.2,118,3875.3279943466187,56124.67200565338,61,32.8417626639544
0.45,0.8,0.35,0.45,0.2,0.05,0.3,118,2973.982003211975,57026.017996788025,59,25.20323731535572
0.55,0.7,0.35,0.25,0.2,0.15,0.2,118,2434.7186737060547,57565.281326293945,54,20.633209099203853
0.55,0.6,0.35,0.35,0.1,0.15,0.2,118,2308.308017730713,57691.69198226929,49,19.56193235365011
0.55,0.6,0.45,0.35,0.15,0.1,0.3,118,2300.197353363037,57699.80264663696,49,19.493197909856246
0.45,0.8,0.45,0.25,0.2,0.05,0.3,118,2129.7680139541626,57870.23198604584,70,18.04888147418782
0.55,0.8,0.25,0.45,0.1,0.1,0.1,117,5299.428009986877,54700.57199001312,61,45.294256495614334
0.45,0.7,0.25,0.45,0.1,0.15,0.3,117,4709.679330825806,55290.320669174194,52,40.253669494237656
0.55,0.7,0.35,0.45,0.15,0.15,0.3,117,2720.430679321289,57279.56932067871,48,23.251544267703327
0.4,0.8,0.35,0.35,0.2,0.05,0.3,117,2719.1106662750244,57280.889333724976,66,23.240262104914738
0.45,0.8,0.35,0.35,0.2,0.1,0.3,117,2719.1106662750244,57280.889333724976,66,23.240262104914738
0.55,0.6,0.45,0.45,0.15,0.05,0.3,117,2367.063352584839,57632.93664741516,45,20.231310705853325
0.45,0.8,0.35,0.25,0.15,0.1,0.2,117,2277.517343521118,57722.48265647888,72,19.465960201035198
0.5,0.6,0.45,0.35,0.15,0.05,0.3,117,2271.5173530578613,57728.48264694214,49,19.41467823126377
0.45,0.8,0.35,0.25,0.1,0.05,0.1,117,2240.866675376892,57759.13332462311,72,19.152706627152924
0.55,0.8,0.45,0.25,0.1,0.05,0.1,117,2064.086012840271,57935.91398715973,68,17.641760793506588
0.45,0.8,0.25,0.35,0.15,0.05,0.1,116,4850.261993408203,55149.7380065918,67,41.812603391450025
0.4,0.7,0.25,0.45,0.1,0.1,0.3,116,4679.381330490112,55320.61866950989,52,40.33949422836304
0.5,0.8,0.35,0.35,0.15,0.1,0.2,116,2541.9466733932495,57458.05332660675,60,21.913333391321117
0.55,0.7,0.35,0.35,0.15,0.05,0.1,116,2470.412004470825,57529.587995529175,52,21.29665521095539
0.55,0.7,0.35,0.35,0.2,0.1,0.2,116,2467.562005996704,57532.437994003296,50,21.272086258592278
0.45,0.7,0.35,0.35,0.15,0.1,0.3,116,2282.4586849212646,57717.541315078735,52,19.67636797345918
0.5,0.7,0.35,0.35,0.15,0.15,0.3,116,2282.4586849212646,57717.541315078735,52,19.67636797345918
0.5,0.6,0.35,0.35,0.1,0.1,0.2,116,2273.922682762146,57726.077317237854,49,19.602781747949535
0.45,0.7,0.45,0.25,0.15,0.05,0.3,116,2178.959349632263,57821.04065036774,55,18.784132324416063
0.5,0.7,0.45,0.25,0.15,0.1,0.3,116,2178.860680580139,57821.13931941986,55,18.78328172913913
0.5,0.8,0.35,0.45,0.1,0.05,0.2,115,3828.305994987488,56171.69400501251,61,33.28961734771728
0.5,0.6,0.25,0.35,0.1,0.1,0.1,115,3676.280652999878,56323.71934700012,49,31.967657852172852
0.4,0.7,0.35,0.35,0.15,0.05,0.3,115,2245.08868598938,57754.91131401062,52,19.52251031295113
0.5,0.8,0.45,0.35,0.2,0.05,0.3,115,2152.5026807785034,57847.4973192215,62,18.71741461546525
0.5,0.8,0.25,0.45,0.1,0.05,0.1,114,5601.830020904541,54398.16997909546,62,49.138859832495974
0.45,0.6,0.25,0.35,0.1,0.05,0.1,114,3662.589985847473,56337.41001415253,49,32.127982331995376
0.55,0.6,0.25,0.35,0.1,0.15,0.1,114,3657.9119873046875,56342.08801269531,48,32.08694725705866
0.5,0.7,0.35,0.45,0.15,0.1,0.3,114,2633.6233444213867,57366.37665557861,48,23.10195916159111
0.45,0.7,0.35,0.35,0.1,0.05,0.2,114,2584.8893432617188,57415.11065673828,51,22.67446792334841
0.5,0.7,0.35,0.35,0.1,0.1,0.2,114,2584.8893432617188,57415.11065673828,51,22.67446792334841
0.55,0.7,0.35,0.25,0.15,0.1,0.1,114,2342.1473388671875,57657.85266113281,54,20.545152095326205
0.55,0.8,0.45,0.35,0.15,0.05,0.2,114,2303.4446744918823,57696.55532550812,57,20.205655039402476
0.55,0.7,0.45,0.35,0.15,0.1,0.3,114,2250.1173515319824,57749.88264846802,50,19.73787150466651
0.45,0.6,0.35,0.35,0.1,0.05,0.2,114,2245.7326831817627,57754.26731681824,49,19.69940950159441
0.4,0.8,0.35,0.25,0.15,0.05,0.2,114,2232.6786766052246,57767.321323394775,72,19.584900671975653
0.55,0.8,0.45,0.25,0.15,0.1,0.2,114,2026.6560134887695,57973.34398651123,63,17.777684328848856
0.55,0.7,0.25,0.45,0.15,0.15,0.2,113,4837.658658981323,55162.34134101868,49,42.811138575055956
0.5,0.8,0.25,0.35,0.2,0.15,0.2,113,4172.462014198303,55827.5379858017,59,36.92444260352481
0.45,0.8,0.35,0.35,0.15,0.05,0.2,113,2485.9226722717285,57514.07732772827,61,21.999315683820605
0.5,0.7,0.35,0.25,0.15,0.05,0.1,113,2329.298671722412,57670.70132827759,54,20.613262581614265
0.5,0.7,0.35,0.25,0.2,0.1,0.2,113,2328.7213382720947,57671.278661727905,54,20.608153436036236
0.55,0.7,0.35,0.35,0.1,0.15,0.2,113,2246.8946838378906,57753.10531616211,50,19.884023750777793
0.45,0.7,0.25,0.45,0.15,0.05,0.2,112,4817.965991973877,55182.03400802612,49,43.017553499766755
0.5,0.7,0.25,0.45,0.15,0.1,0.2,112,4817.965991973877,55182.03400802612,49,43.017553499766755
0.45,0.8,0.25,0.35,0.2,0.1,0.2,112,4577.305340766907,55422.69465923309,61,40.86879768541881
0.55,0.7,0.25,0.35,0.1,0.15,0.1,112,3859.983992576599,56140.0160074234,50,34.46414279086249
0.45,0.7,0.35,0.25,0.2,0.05,0.2,112,2311.5360050201416,57688.46399497986,54,20.638714330536978
0.55,0.7,0.45,0.45,0.15,0.05,0.3,112,2278.4433517456055,57721.556648254395,47,20.343244212014334
0.5,0.7,0.45,0.35,0.15,0.05,0.3,112,2212.237350463867,57787.76264953613,50,19.75211920057024
0.5,0.6,0.45,0.25,0.1,0.05,0.2,112,2101.596014022827,57898.40398597717,48,18.764250125203812
0.55,0.6,0.45,0.25,0.1,0.1,0.2,112,2101.596014022827,57898.40398597717,48,18.764250125203812
0.55,0.7,0.45,0.25,0.2,0.05,0.2,112,1987.9466819763184,58012.05331802368,52,17.749523946217128
0.4,0.8,0.25,0.35,0.2,0.05,0.2,111,4741.112009048462,55258.88799095154,62,42.712720802238394
0.5,0.8,0.25,0.25,0.15,0.15,0.1,111,3338.928009033203,56661.0719909668,63,30.080432513812642
0.5,0.7,0.35,0.35,0.2,0.05,0.2,111,2342.291337966919,57657.70866203308,50,21.10172376546774
0.5,0.7,0.35,0.25,0.1,0.15,0.2,111,2138.507351875305,57861.492648124695,53,19.265831998876624
0.55,0.8,0.25,0.35,0.2,0.1,0.1,110,4481.32534122467,55518.67465877533,57,40.73932128386064
0.5,0.7,0.25,0.35,0.1,0.1,0.1,110,3988.4513235092163,56011.548676490784,51,36.25864839553833
0.45,0.8,0.25,0.25,0.2,0.15,0.2,110,3749.3280057907104,56250.67199420929,63,34.08480005264282
0.45,0.7,0.35,0.45,0.15,0.05,0.3,110,2530.871343612671,57469.12865638733,48,23.007921305569734
0.55,0.7,0.35,0.25,0.2,0.05,0.1,110,2262.3953380584717,57737.60466194153,52,20.567230345986108
0.45,0.7,0.35,0.25,0.1,0.1,0.2,110,2126.942018508911,57873.05798149109,53,19.335836531899194
0.55,0.6,0.45,0.35,0.1,0.05,0.2,110,2120.030679702759,57879.96932029724,45,19.27300617911599
0.5,0.8,0.45,0.25,0.15,0.05,0.2,110,1947.502679824829,58052.49732017517,63,17.704569816589355
0.55,0.7,0.25,0.45,0.15,0.05,0.1,109,4716.387992858887,55283.61200714111,48,43.269614613384284
0.45,0.8,0.25,0.45,0.15,0.15,0.3,109,4060.218668937683,55939.78133106232,60,37.249712559061315
0.5,0.6,0.25,0.45,0.2,0.15,0.3,109,3755.5840044021606,56244.41599559784,43,34.4548991229556
0.45,0.8,0.25,0.25,0.15,0.1,0.1,109,3515.464677810669,56484.53532218933,64,32.251969521198795
0.55,0.8,0.35,0.45,0.2,0.05,0.2,109,3057.82133769989,56942.17866230011,52,28.0534067678889
0.55,0.7,0.45,0.25,0.1,0.1,0.2,109,2061.1380157470703,57938.86198425293,49,18.909523080248352
0.5,0.8,0.25,0.35,0.2,0.05,0.1,108,4637.482675552368,55362.51732444763,58,42.939654403262665
0.45,0.7,0.25,0.35,0.1,0.05,0.1,108,4379.113310813904,55620.886689186096,52,40.54734547049911
0.4,0.8,0.25,0.45,0.15,0.1,0.3,108,4045.2460021972656,55954.753997802734,60,37.455981501826535
0.45,0.6,0.25,0.45,0.2,0.1,0.3,108,3743.6780042648315,56256.32199573517,43,34.66368522467437
0.4,0.8,0.25,0.25,0.2,0.1,0.2,108,3721.595338821411,56278.40466117859,63,34.459216100198255
0.4,0.8,0.25,0.25,0.15,0.05,0.1,108,3499.2973442077637,56500.702655792236,64,32.40090133525707
0.55,0.8,0.25,0.25,0.2,0.15,0.1,108,3434.4906787872314,56565.50932121277,61,31.800839618400293
0.4,0.7,0.35,0.25,0.1,0.05,0.2,108,2060.829351425171,57939.17064857483,53,19.081753253936768
0.5,0.8,0.25,0.25,0.2,0.1,0.1,107,3423.6506786346436,56576.34932136536,61,31.996735314342462
0.5,0.6,0.35,0.45,0.1,0.1,0.3,107,2732.28201007843,57267.71798992157,43,25.53534588858346
0.4,0.6,0.25,0.45,0.2,0.05,0.3,106,3549.3840074539185,56450.61599254608,43,33.48475478730112
0.55,0.6,0.35,0.45,0.15,0.05,0.2,106,2954.7679958343506,57045.23200416565,42,27.875169772022176
0.55,0.7,0.35,0.45,0.1,0.15,0.3,106,2915.5826740264893,57084.41732597351,44,27.5054969247782
0.55,0.6,0.35,0.35,0.1,0.05,0.1,106,2914.045328140259,57085.95467185974,44,27.490993661700553
0.55,0.6,0.35,0.45,0.1,0.15,0.3,106,2397.796685218811,57602.20331478119,42,22.62072344546048
0.5,0.7,0.35,0.45,0.1,0.1,0.3,105,3050.484670639038,56949.51532936096,45,29.05223495846703
0.45,0.6,0.35,0.45,0.1,0.05,0.3,105,2666.16934299469,57333.83065700531,43,25.39208898090181
0.4,0.6,0.25,0.35,0.1,0.15,0.3,105,2437.296678543091,57562.70332145691,46,23.212349319458006
0.55,0.7,0.45,0.35,0.1,0.05,0.2,105,2061.9493465423584,57938.05065345764,46,19.637612824212937
0.5,0.7,0.45,0.25,0.1,0.05,0.2,105,2025.6513471603394,57974.34865283966,50,19.29191759200323
0.55,0.8,0.25,0.45,0.15,0.15,0.2,104,4251.094652175903,55748.9053478241,49,40.875910117075996
0.45,0.8,0.25,0.25,0.2,0.05,0.1,104,3388.1073455810547,56611.892654418945,61,32.57795524597168
0.55,0.7,0.35,0.35,0.1,0.05,0.1,104,3307.2426614761353,56692.757338523865,46,31.8004102065013
0.45,0.7,0.35,0.45,0.1,0.05,0.3,104,3213.7253398895264,56786.27466011047,46,30.901205191245445
0.55,0.8,0.35,0.45,0.15,0.15,0.3,104,2737.6233310699463,57262.376668930054,51,26.323301260287945
0.55,0.8,0.35,0.35,0.2,0.1,0.2,104,2562.17333316803,57437.82666683197,52,24.636282049692593
0.55,0.8,0.35,0.35,0.15,0.05,0.1,104,2433.219337463379,57566.78066253662,54,23.39633978330172
0.55,0.6,0.25,0.45,0.2,0.1,0.2,103,3575.0746726989746,56424.925327301025,40,34.70946284173762
0.45,0.8,0.25,0.35,0.1,0.15,0.2,103,3490.89399433136,56509.10600566864,64,33.892174702246216
0.5,0.8,0.35,0.35,0.2,0.05,0.2,103,2742.878670692444,57257.121329307556,53,26.629890006722757
0.4,0.6,0.25,0.25,0.2,0.15,0.3,103,2710.289993286133,57289.71000671387,44,26.31349508044789
0.4,0.7,0.25,0.35,0.1,0.15,0.3,103,2444.9906816482544,57555.009318351746,47,23.73777360823548
0.55,0.6,0.35,0.45,0.2,0.1,0.3,103,2347.897337913513,57652.10266208649,39,22.79511978556809
0.55,0.6,0.45,0.35,0.1,0.1,0.3,103,2130.910020828247,57869.08997917175,42,20.68844680415774
0.45,0.6,0.35,0.25,0.1,0.15,0.3,103,2090.6000175476074,57909.39998245239,45,20.297087549005898
0.55,0.8,0.35,0.25,0.2,0.15,0.2,103,2010.4026737213135,57989.59732627869,54,19.5184725604011
0.5,0.8,0.25,0.45,0.15,0.1,0.2,102,4375.6886558532715,55624.31134414673,50,42.89890839071835
0.55,0.7,0.35,0.45,0.15,0.05,0.2,102,3310.6979942321777,56689.30200576782,44,32.45782347286449
0.5,0.8,0.35,0.45,0.15,0.1,0.3,102,2872.023328781128,57127.97667121887,53,28.157091458638508
0.5,0.6,0.25,0.35,0.15,0.15,0.2,102,2786.6773233413696,57213.32267665863,42,27.320365915111466
0.5,0.6,0.35,0.45,0.2,0.05,0.3,102,2759.347325325012,57240.65267467499,40,27.052424758088353
0.55,0.8,0.35,0.25,0.15,0.1,0.1,102,2145.156002998352,57854.84399700165,54,21.030941205866196
0.5,0.6,0.35,0.35,0.1,0.15,0.3,102,2090.5933532714844,57909.406646728516,43,20.496013267367495
0.4,0.6,0.35,0.25,0.1,0.1,0.3,102,2080.7340173721313,57919.26598262787,45,20.399353111491482
0.5,0.8,0.35,0.25,0.2,0.1,0.2,102,1994.6086740493774,58005.39132595062,54,19.554987000484093
0.5,0.7,0.25,0.45,0.2,0.15,0.3,101,3445.0733394622803,56554.92666053772,43,34.10963702437901
0.4,0.8,0.25,0.35,0.1,0.1,0.2,101,3371.1053285598755,56628.894671440125,64,33.377280480790844
0.45,0.8,0.35,0.45,0.15,0.05,0.3,101,2852.14599609375,57147.85400390625,54,28.23906926825495
0.55,0.8,0.35,0.35,0.1,0.15,0.2,101,2437.2880067825317,57562.71199321747,55,24.131564423589424
0.55,0.6,0.45,0.25,0.1,0.15,0.3,101,2020.0973472595215,57979.90265274048,43,20.000963834252687
0.45,0.6,0.35,0.25,0.2,0.1,0.3,101,1901.770679473877,58098.22932052612,42,18.829412668058186
0.5,0.6,0.35,0.25,0.2,0.15,0.3,101,1901.770679473877,58098.22932052612,42,18.829412668058186
0.5,0.6,0.25,0.45,0.2,0.05,0.2,100,3519.7226705551147,56480.277329444885,40,35.197226705551145
0.45,0.7,0.25,0.45,0.2,0.1,0.3,100,3425.380672454834,56574.619327545166,43,34.25380672454834
0.45,0.6,0.25,0.35,0.15,0.1,0.2,100,2752.2919883728027,57247.7080116272,42,27.522919883728026
0.4,0.8,0.25,0.35,0.15,0.15,0.3,100,2730.2779970169067,57269.72200298309,60,27.302779970169066
0.55,0.6,0.45,0.45,0.1,0.05,0.3,100,2127.899353981018,57872.10064601898,39,21.27899353981018
0.45,0.6,0.35,0.35,0.1,0.1,0.3,100,2053.715353012085,57946.284646987915,43,20.53715353012085
0.5,0.6,0.45,0.25,0.1,0.1,0.3,100,1999.0820140838623,58000.91798591614,43,19.990820140838622
0.5,0.8,0.35,0.25,0.15,0.05,0.1,100,1951.7720069885254,58048.227993011475,54,19.517720069885254
0.45,0.8,0.25,0.45,0.15,0.05,0.2,99,4565.32998752594,55434.67001247406,52,46.11444431844384
0.5,0.6,0.25,0.45,0.1,0.1,0.2,99,4199.263981819153,55800.73601818085,41,42.41680789716316
0.55,0.6,0.25,0.45,0.1,0.15,0.2,99,4199.263981819153,55800.73601818085,41,42.41680789716316
0.4,0.7,0.25,0.45,0.2,0.05,0.3,99,3412.5320053100586,56587.46799468994,43,34.470020255657154
0.4,0.6,0.25,0.35,0.15,0.05,0.2,99,2733.679988861084,57266.320011138916,42,27.61292918041499
0.5,0.8,0.35,0.35,0.1,0.1,0.2,99,2525.8473415374756,57474.152658462524,56,25.51360951047955
0.55,0.6,0.35,0.35,0.2,0.15,0.3,99,2273.9933366775513,57726.00666332245,39,22.96962966340961
0.55,0.8,0.45,0.45,0.15,0.05,0.3,99,2177.6113424301147,57822.388657569885,48,21.996074165960756
0.5,0.8,0.35,0.35,0.15,0.15,0.3,99,2109.8066778182983,57890.1933221817,55,21.311178563821194
0.5,0.6,0.45,0.35,0.1,0.05,0.3,99,2045.6073532104492,57954.39264678955,42,20.662700537479285
0.4,0.6,0.35,0.35,0.1,0.05,0.3,99,2033.0206851959229,57966.97931480408,43,20.535562476726493
0.45,0.8,0.35,0.25,0.2,0.05,0.2,99,1960.5713396072388,58039.42866039276,55,19.803750905123625
0.4,0.6,0.35,0.25,0.2,0.05,0.3,99,1870.3100128173828,58129.68998718262,42,18.892020331488716
0.55,0.8,0.45,0.25,0.2,0.05,0.2,99,1767.305344581604,58232.694655418396,52,17.85156913718792
0.45,0.6,0.25,0.45,0.1,0.05,0.2,98,4179.5713148117065,55820.42868518829,41,42.64868688583374
0.45,0.8,0.25,0.45,0.1,0.15,0.3,98,4163.637345314026,55836.362654685974,56,42.4860953603472
0.5,0.7,0.25,0.35,0.15,0.15,0.2,98,3087.7486667633057,56912.251333236694,43,31.507639456768427
0.55,0.6,0.25,0.35,0.2,0.15,0.2,98,3056.258002281189,56943.74199771881,39,31.18630614572642
0.55,0.7,0.35,0.45,0.2,0.1,0.3,98,2728.1879901885986,57271.8120098114,41,27.83865296110815
0.4,0.6,0.25,0.35,0.2,0.1,0.3,98,2693.779323577881,57306.22067642212,40,27.487544118141642
0.45,0.6,0.25,0.35,0.2,0.15,0.3,98,2693.779323577881,57306.22067642212,40,27.487544118141642
0.55,0.8,0.35,0.25,0.2,0.05,0.1,98,2058.332003593445,57941.667996406555,52,21.003387791769846
0.45,0.7,0.35,0.25,0.1,0.15,0.3,98,1981.5313501358032,58018.4686498642,45,20.21970765444697
0.45,0.6,0.45,0.25,0.1,0.05,0.3,98,1979.4313497543335,58020.56865024567,43,20.198279079125854
0.45,0.7,0.25,0.45,0.1,0.05,0.2,97,4744.149325370789,55255.85067462921,43,48.908755931657616
0.55,0.7,0.25,0.45,0.1,0.15,0.2,97,4545.619993209839,55454.38000679016,42,46.862061785668445
0.55,0.8,0.25,0.35,0.1,0.15,0.1,97,3994.0539932250977,56005.9460067749,55,41.175814363145335
0.5,0.6,0.25,0.35,0.2,0.1,0.2,97,3020.552668571472,56979.44733142853,40,31.13971823269559
0.5,0.7,0.35,0.45,0.2,0.05,0.3,97,2707.4933223724365,57292.50667762756,41,27.912302292499344
0.5,0.6,0.25,0.25,0.1,0.15,0.1,97,2209.2880001068115,57790.71199989319,42,22.776164949554758
0.45,0.6,0.25,0.25,0.15,0.15,0.2,97,2168.0313358306885,57831.96866416931,41,22.350838513718436
0.5,0.7,0.35,0.35,0.1,0.15,0.3,97,1992.8393516540527,58007.16064834595,43,20.544735584062398
0.55,0.8,0.45,0.35,0.15,0.1,0.3,97,1897.783348083496,58102.216651916504,53,19.56477678436594
0.55,0.8,0.45,0.25,0.15,0.15,0.3,97,1872.16868019104,58127.83131980896,56,19.300708043206598
0.45,0.8,0.35,0.25,0.15,0.15,0.3,97,1851.1420154571533,58148.85798454285,59,19.083938303681993
0.5,0.7,0.25,0.45,0.1,0.1,0.2,96,4528.434659957886,55471.565340042114,42,47.17119437456131
0.4,0.7,0.25,0.25,0.2,0.15,0.3,96,2570.4386587142944,57429.561341285706,46,26.775402694940567
0.45,0.6,0.35,0.35,0.2,0.05,0.3,96,2208.979335784912,57791.02066421509,39,23.010201414426167
0.5,0.6,0.35,0.35,0.2,0.1,0.3,96,2208.979335784912,57791.02066421509,39,23.010201414426167
0.55,0.7,0.45,0.45,0.1,0.05,0.3,96,2065.0853519439697,57934.91464805603,39,21.51130574941635
0.55,0.7,0.45,0.35,0.1,0.1,0.3,96,1977.4293518066406,58022.57064819336,42,20.598222414652508
0.5,0.7,0.45,0.25,0.1,0.1,0.3,96,1948.711350440979,58051.28864955902,44,20.299076567093532
0.55,0.7,0.45,0.25,0.1,0.15,0.3,96,1948.711350440979,58051.28864955902,44,20.299076567093532
0.5,0.8,0.45,0.35,0.15,0.05,0.3,96,1886.0946807861328,58113.90531921387,53,19.646819591522217
0.4,0.8,0.35,0.25,0.15,0.1,0.3,96,1839.5766820907593,58160.42331790924,59,19.162257105112076
0.55,0.6,0.45,0.25,0.2,0.1,0.3,96,1812.7880115509033,58187.2119884491,39,18.883208453655243
0.55,0.8,0.25,0.45,0.15,0.05,0.1,95,4598.2839822769165,55401.71601772308,52,48.402989287125436
0.4,0.8,0.25,0.45,0.1,0.1,0.3,95,3908.3520135879517,56091.64798641205,56,41.14054751145212
0.5,0.7,0.25,0.45,0.2,0.05,0.2,95,3606.7573471069336,56393.24265289307,41,37.965866811651935
0.45,0.6,0.25,0.35,0.2,0.05,0.2,95,2986.1673336029053,57013.832666397095,40,31.433340353714794
0.5,0.6,0.25,0.35,0.15,0.05,0.1,95,2939.8060007095337,57060.193999290466,40,30.94532632325825
0.4,0.6,0.25,0.25,0.15,0.1,0.2,95,2135.490001678467,57864.50999832153,41,22.47884212293123
0.45,0.8,0.35,0.35,0.15,0.1,0.3,95,2045.7420101165771,57954.25798988342,55,21.53412642227976
0.45,0.7,0.35,0.35,0.1,0.1,0.3,95,1972.1333513259888,58027.86664867401,43,20.759298435010408
0.5,0.7,0.45,0.35,0.1,0.05,0.3,95,1967.5460186004639,58032.453981399536,42,20.711010722110146
0.55,0.8,0.45,0.35,0.1,0.05,0.2,95,1885.0786800384521,58114.92131996155,49,19.84293347408897
0.5,0.8,0.45,0.25,0.15,0.1,0.3,95,1848.365348815918,58151.63465118408,57,19.45647735595703
0.55,0.6,0.35,0.25,0.15,0.15,0.2,95,1808.8666763305664,58191.13332366943,39,19.040701856111227
0.5,0.6,0.45,0.25,0.2,0.05,0.3,95,1791.7626781463623,58208.23732185364,39,18.860659769961707
0.5,0.8,0.25,0.35,0.1,0.1,0.1,94,3935.6146602630615,56064.38533973694,55,41.868241066628315
0.55,0.7,0.25,0.45,0.2,0.1,0.2,94,3243.8500080108643,56756.149991989136,40,34.50904263841345
0.4,0.7,0.25,0.35,0.15,0.05,0.2,94,2984.5993328094482,57015.40066719055,43,31.751056732015407
0.45,0.7,0.25,0.35,0.15,0.1,0.2,94,2984.5993328094482,57015.40066719055,43,31.751056732015407
0.55,0.8,0.35,0.45,0.15,0.05,0.2,94,2919.050657272339,57080.94934272766,45,31.053730396514243
0.45,0.8,0.35,0.35,0.1,0.05,0.2,94,2696.4126682281494,57303.58733177185,57,28.685241151363293
0.55,0.6,0.25,0.35,0.15,0.1,0.1,94,2490.7113466262817,57509.28865337372,38,26.49692921942853
0.55,0.6,0.35,0.35,0.15,0.1,0.2,94,2130.416003227234,57869.583996772766,38,22.664000034332275
0.45,0.6,0.25,0.25,0.1,0.1,0.1,94,2123.323999404907,57876.67600059509,42,22.588553185158588
0.4,0.7,0.35,0.35,0.1,0.05,0.3,94,1934.763352394104,58065.236647605896,43,20.582588855256425
0.4,0.7,0.35,0.25,0.1,0.1,0.3,94,1884.0020160675049,58115.997983932495,45,20.04257463901601
0.55,0.6,0.45,0.35,0.2,0.05,0.3,94,1862.3286771774292,58137.67132282257,37,19.812007204015206
0.55,0.6,0.35,0.45,0.1,0.05,0.2,93,3218.183995246887,56781.81600475311,38,34.60412898114932
0.45,0.7,0.25,0.35,0.2,0.15,0.3,93,2970.3406677246094,57029.65933227539,41,31.939146964780747
0.5,0.7,0.35,0.35,0.2,0.1,0.3,93,2584.2406578063965,57415.7593421936,40,27.787533954907488
0.55,0.7,0.35,0.35,0.2,0.15,0.3,93,2131.9820041656494,57868.01799583435,39,22.924537679200533
0.5,0.6,0.35,0.35,0.15,0.05,0.2,93,2116.725336074829,57883.27466392517,38,22.760487484675583
0.4,0.6,0.25,0.25,0.1,0.05,0.1,93,2110.475332260132,57889.52466773987,42,22.693283142582064
0.45,0.7,0.45,0.25,0.1,0.05,0.3,93,1862.8460187911987,58137.1539812088,44,20.030602352593533
0.45,0.8,0.45,0.25,0.15,0.05,0.3,93,1776.3046808242798,58223.69531917572,57,19.100050331443867
0.45,0.6,0.35,0.25,0.15,0.05,0.2,93,1769.2393436431885,58230.76065635681,39,19.024078963905254
0.5,0.6,0.35,0.25,0.15,0.1,0.2,93,1769.2393436431885,58230.76065635681,39,19.024078963905254
0.5,0.7,0.35,0.25,0.2,0.15,0.3,93,1726.45267868042,58273.54732131958,42,18.564007297638923
0.4,0.7,0.25,0.35,0.2,0.1,0.3,92,3197.9766731262207,56802.02332687378,42,34.76061601224153
0.55,0.7,0.25,0.35,0.2,0.15,0.2,92,3175.4986724853516,56824.50132751465,41,34.51628991831904
0.55,0.8,0.35,0.45,0.1,0.15,0.3,92,2574.8786725997925,57425.12132740021,49,27.987811658693396
0.55,0.6,0.35,0.35,0.2,0.05,0.2,92,2093.404004096985,57906.595995903015,37,22.75439134888027
0.4,0.8,0.35,0.35,0.15,0.05,0.3,92,1959.7780094146729,58040.22199058533,55,21.301934884942096
0.5,0.8,0.35,0.25,0.1,0.15,0.2,92,1758.0393466949463,58241.960653305054,58,19.10912333364072
0.45,0.8,0.25,0.35,0.1,0.05,0.1,91,4257.740670204163,55742.25932979584,57,46.78835901323256
0.55,0.6,0.25,0.45,0.1,0.05,0.1,91,4077.4079999923706,55922.59200000763,38,44.80668131859748
0.45,0.8,0.25,0.45,0.2,0.1,0.3,91,3499.087995529175,56500.912004470825,46,38.451516434386534
0.5,0.8,0.25,0.45,0.2,0.15,0.3,91,3261.8713359832764,56738.12866401672,45,35.84473995586018
0.45,0.7,0.35,0.35,0.2,0.05,0.3,91,2546.3606567382812,57453.63934326172,40,27.98198523888221
0.5,0.6,0.25,0.25,0.2,0.15,0.2,91,2442.5953216552734,57557.40467834473,40,26.84170683137663
0.4,0.8,0.25,0.25,0.1,0.15,0.2,91,2132.732671737671,57867.26732826233,62,23.43662276634803
0.55,0.7,0.35,0.35,0.15,0.1,0.2,91,2101.4226684570312,57898.57733154297,39,23.09255679623111
0.55,0.6,0.45,0.25,0.15,0.05,0.2,91,1752.2213439941406,58247.77865600586,37,19.255179604331214
0.55,0.6,0.35,0.25,0.1,0.1,0.1,91,1729.4293422698975,58270.5706577301,39,19.00471804692195
0.55,0.7,0.25,0.45,0.1,0.05,0.1,90,4462.189345359802,55537.8106546402,39,49.57988161510892
0.45,0.6,0.25,0.25,0.2,0.1,0.2,90,2421.5799884796143,57578.420011520386,40,26.906444316440158
0.5,0.7,0.35,0.35,0.15,0.05,0.2,90,2088.574001312256,57911.425998687744,39,23.2063777923584
0.55,0.7,0.45,0.25,0.2,0.1,0.3,90,1701.66801071167,58298.33198928833,40,18.90742234124078
0.55,0.8,0.25,0.45,0.2,0.1,0.2,89,3600.648000717163,56399.35199928284,43,40.456719109181606
0.55,0.6,0.25,0.35,0.2,0.05,0.1,89,3205.337336540222,56794.66266345978,39,36.01502625326092
0.55,0.7,0.35,0.45,0.1,0.05,0.2,89,3145.7666606903076,56854.23333930969,38,35.34569281674503
0.5,0.7,0.25,0.35,0.2,0.1,0.2,89,3096.537338256836,56903.462661743164,41,34.792554362436356
0.55,0.7,0.25,0.35,0.15,0.1,0.1,89,3064.21533870697,56935.78466129303,42,34.42938582816821
0.5,0.8,0.35,0.45,0.1,0.1,0.3,89,2587.9506673812866,57412.04933261871,50,29.07809738630659
0.4,0.6,0.25,0.25,0.2,0.05,0.2,89,2408.731321334839,57591.26867866516,40,27.064396868930775
0.55,0.8,0.35,0.45,0.2,0.1,0.3,89,2321.807327270508,57678.19267272949,41,26.087722778320312
0.5,0.7,0.25,0.35,0.15,0.05,0.1,88,3051.366671562195,56948.633328437805,42,34.674621267752215
0.55,0.7,0.45,0.35,0.2,0.05,0.3,88,1737.7666778564453,58262.233322143555,37,19.74734861200506
0.55,0.8,0.45,0.25,0.1,0.1,0.2,88,1699.6606798171997,58300.3393201828,54,19.314325907013632
0.5,0.6,0.35,0.25,0.1,0.05,0.1,88,1643.4653415679932,58356.53465843201,39,18.675742517818104
0.4,0.7,0.35,0.25,0.2,0.05,0.3,88,1619.8960103988647,58380.103989601135,42,18.40790920907801
0.45,0.7,0.35,0.25,0.2,0.1,0.3,88,1619.8960103988647,58380.103989601135,42,18.40790920907801
0.55,0.8,0.25,0.45,0.1,0.15,0.2,87,4400.123343467712,55599.87665653229,46,50.57613038468635
0.45,0.8,0.35,0.45,0.1,0.05,0.3,87,2734.2259969711304,57265.77400302887,50,31.42788502265667
0.45,0.7,0.25,0.25,0.15,0.15,0.2,87,2411.1906538009644,57588.809346199036,43,27.71483510116051
0.4,0.8,0.35,0.25,0.1,0.05,0.2,87,1663.3146800994873,58336.68531990051,58,19.11855954137342
0.45,0.8,0.35,0.25,0.1,0.1,0.2,87,1663.3146800994873,58336.68531990051,58,19.11855954137342
0.5,0.7,0.45,0.25,0.2,0.05,0.3,87,1641.0980110168457,58358.901988983154,40,18.86319552892926
0.45,0.7,0.25,0.35,0.2,0.05,0.2,86,3026.5906715393066,56973.40932846069,41,35.192914785340776
0.5,0.6,0.25,0.45,0.15,0.15,0.3,86,2570.8753242492676,57429.12467575073,34,29.89389911917753
0.5,0.8,0.35,0.45,0.2,0.05,0.3,86,2472.237989425659,57527.76201057434,41,28.74695336541464
0.4,0.7,0.25,0.25,0.15,0.1,0.2,86,2399.6253204345703,57600.37467956543,43,27.902620005053144
0.5,0.7,0.25,0.25,0.1,0.15,0.1,86,1952.0106649398804,58047.98933506012,42,22.697798429533492
0.5,0.7,0.35,0.25,0.15,0.1,0.2,86,1901.9213333129883,58098.07866668701,40,22.1153643408487
0.55,0.7,0.35,0.25,0.15,0.15,0.2,86,1901.9213333129883,58098.07866668701,40,22.1153643408487
0.5,0.6,0.35,0.25,0.2,0.05,0.2,86,1893.1680011749268,58106.83199882507,38,22.013581409010776
0.5,0.8,0.45,0.25,0.1,0.05,0.2,86,1673.3733463287354,58326.626653671265,54,19.457829608473666
0.55,0.6,0.35,0.25,0.2,0.1,0.2,86,1577.6153411865234,58422.38465881348,37,18.344364432401434
0.5,0.8,0.25,0.45,0.1,0.1,0.2,85,4342.0586767196655,55657.941323280334,46,51.083043255525475
0.5,0.8,0.25,0.45,0.2,0.05,0.2,85,3505.199333190918,56494.80066680908,43,41.2376392140108
0.4,0.8,0.25,0.45,0.2,0.05,0.3,85,3371.2106618881226,56628.78933811188,46,39.661301904566145
0.55,0.7,0.25,0.35,0.2,0.05,0.1,85,2984.4633378982544,57015.536662101746,40,35.111333387038286
0.55,0.6,0.35,0.45,0.15,0.1,0.3,85,2110.156669616699,57889.8433303833,33,24.825372583725873
0.55,0.6,0.25,0.25,0.15,0.15,0.1,85,1863.3239994049072,58136.67600059509,39,21.92145881652832
0.4,0.6,0.25,0.45,0.15,0.05,0.3,84,2521.5006561279297,57478.49934387207,34,30.017864953903924
0.45,0.6,0.25,0.45,0.15,0.1,0.3,84,2521.5006561279297,57478.49934387207,34,30.017864953903924
0.5,0.7,0.25,0.25,0.2,0.15,0.2,84,2298.397319793701,57701.6026802063,40,27.36187285468692
0.4,0.7,0.25,0.25,0.1,0.05,0.1,84,1932.2613315582275,58067.73866844177,42,23.003111089978898
0.45,0.7,0.25,0.25,0.1,0.1,0.1,84,1932.2613315582275,58067.73866844177,42,23.003111089978898
0.45,0.6,0.25,0.25,0.15,0.05,0.1,84,1843.631332397461,58156.36866760254,39,21.947992052350724
0.5,0.6,0.25,0.25,0.15,0.1,0.1,84,1843.631332397461,58156.36866760254,39,21.947992052350724
0.5,0.8,0.25,0.35,0.15,0.15,0.2,83,2698.6726627349854,57301.327337265015,46,32.51412846668657
0.5,0.6,0.35,0.45,0.15,0.05,0.3,83,2057.395336151123,57942.60466384888,33,24.78789561627859
0.55,0.8,0.45,0.45,0.1,0.05,0.3,83,1847.5420112609863,58152.457988739014,41,22.25954230434923
0.55,0.8,0.35,0.35,0.1,0.05,0.1,82,2466.2519931793213,57533.74800682068,48,30.076243819260014
0.55,0.7,0.35,0.35,0.2,0.05,0.2,82,1856.7313346862793,58143.26866531372,37,22.643065057149748
0.5,0.7,0.35,0.25,0.1,0.05,0.1,82,1827.3319997787476,58172.66800022125,40,22.284536582667652
0.55,0.7,0.35,0.25,0.1,0.1,0.1,82,1827.3319997787476,58172.66800022125,40,22.284536582667652
0.55,0.6,0.35,0.25,0.15,0.05,0.1,82,1800.0193328857422,58199.98066711426,38,21.951455279094418
0.45,0.8,0.25,0.45,0.1,0.05,0.2,81,4287.652009010315,55712.347990989685,46,52.93397541988043
0.4,0.8,0.25,0.25,0.2,0.15,0.3,81,2307.2066564559937,57692.793343544006,50,28.48403279575301
0.45,0.7,0.25,0.25,0.2,0.1,0.2,81,2267.8079862594604,57732.19201374054,40,27.997629459993338
0.45,0.7,0.35,0.25,0.15,0.05,0.2,81,1818.5706663131714,58181.42933368683,40,22.451489707570015
0.5,0.8,0.35,0.35,0.1,0.15,0.3,81,1683.4413480758667,58316.55865192413,47,20.783226519455145
0.45,0.8,0.25,0.35,0.2,0.15,0.3,80,2673.5773305892944,57326.422669410706,44,33.41971663236618
0.4,0.7,0.25,0.45,0.15,0.05,0.3,80,2441.4759883880615,57558.52401161194,34,30.51844985485077
0.45,0.7,0.25,0.45,0.15,0.1,0.3,80,2441.4759883880615,57558.52401161194,34,30.51844985485077
0.5,0.7,0.25,0.45,0.15,0.15,0.3,80,2441.4759883880615,57558.52401161194,34,30.51844985485077
0.4,0.8,0.25,0.35,0.1,0.15,0.3,80,2262.0900135040283,57737.90998649597,51,28.276125168800355
0.4,0.7,0.25,0.25,0.2,0.05,0.2,80,2256.2426528930664,57743.75734710693,40,28.20303316116333
0.55,0.8,0.35,0.35,0.2,0.15,0.3,80,2097.277995109558,57902.72200489044,40,26.215974938869476
0.55,0.7,0.35,0.45,0.15,0.1,0.3,80,2002.5413341522217,57997.45866584778,33,25.03176667690277
0.55,0.8,0.35,0.35,0.15,0.1,0.2,80,1873.1740007400513,58126.82599925995,40,23.41467500925064
0.5,0.7,0.25,0.25,0.15,0.1,0.1,80,1791.1919984817505,58208.80800151825,39,22.38989998102188
0.55,0.7,0.25,0.25,0.15,0.15,0.1,80,1791.1919984817505,58208.80800151825,39,22.38989998102188
0.5,0.7,0.35,0.25,0.2,0.05,0.2,80,1769.9853324890137,58230.014667510986,38,22.12481665611267
0.55,0.7,0.35,0.25,0.2,0.1,0.2,80,1769.9853324890137,58230.014667510986,38,22.12481665611267
0.55,0.8,0.45,0.35,0.1,0.1,0.3,80,1667.877347946167,58332.12265205383,45,20.84846684932709
0.55,0.7,0.45,0.25,0.15,0.05,0.2,80,1490.0960083007812,58509.90399169922,37,18.626200103759764
0.55,0.8,0.25,0.35,0.2,0.15,0.2,79,2574.349995613098,57425.6500043869,42,32.586708805229094
0.55,0.6,0.25,0.45,0.2,0.15,0.3,79,2366.655990600586,57633.344009399414,31,29.957670767096026
0.5,0.8,0.35,0.35,0.2,0.1,0.3,79,2079.6266622543335,57920.37333774567,40,26.32438812980169
0.5,0.8,0.45,0.25,0.1,0.1,0.3,79,1617.5386791229248,58382.461320877075,46,20.475173153454744
0.55,0.8,0.45,0.25,0.1,0.15,0.3,79,1617.5386791229248,58382.461320877075,46,20.475173153454744
0.45,0.8,0.35,0.25,0.1,0.15,0.3,79,1598.904013633728,58401.09598636627,47,20.239291311819343
0.55,0.8,0.35,0.45,0.1,0.05,0.2,78,2832.6699895858765,57167.33001041412,39,36.31628191776765
0.4,0.8,0.25,0.35,0.15,0.05,0.2,78,2784.837999343872,57215.16200065613,47,35.70305127363939
0.45,0.8,0.25,0.35,0.15,0.1,0.2,78,2622.21799659729,57377.78200340271,46,33.618179443555
0.4,0.8,0.25,0.35,0.2,0.1,0.3,78,2607.464663505554,57392.535336494446,44,33.4290341475071
0.55,0.8,0.25,0.35,0.15,0.1,0.1,78,2498.9853382110596,57501.01466178894,44,32.038273566808456
0.5,0.6,0.25,0.45,0.2,0.1,0.3,78,2348.043991088867,57651.95600891113,31,30.10312809088291
0.5,0.6,0.25,0.35,0.1,0.15,0.2,78,2143.353998184204,57856.646001815796,32,27.478897412618
0.5,0.6,0.25,0.25,0.2,0.05,0.1,78,2081.7633209228516,57918.23667907715,36,26.689273345164764
0.5,0.7,0.35,0.45,0.15,0.05,0.3,78,1956.6760005950928,58043.32399940491,33,25.08558975121914
0.45,0.7,0.25,0.25,0.15,0.05,0.1,78,1771.4426651000977,58228.5573348999,39,22.7108033987192
0.55,0.7,0.35,0.25,0.15,0.05,0.1,78,1747.5799989700317,58252.42000102997,38,22.404871781667072
0.45,0.8,0.35,0.35,0.1,0.1,0.3,78,1637.0366802215576,58362.96331977844,47,20.987649746430225
0.5,0.8,0.25,0.35,0.2,0.1,0.2,77,2917.9106674194336,57082.08933258057,44,37.894943732719916
0.5,0.8,0.25,0.35,0.15,0.05,0.1,77,2760.726005554199,57239.2739944458,46,35.85358448771687
0.55,0.7,0.25,0.45,0.15,0.1,0.2,77,2511.0079860687256,57488.992013931274,32,32.610493325567866
0.45,0.6,0.25,0.45,0.2,0.05,0.3,77,2327.349323272705,57672.650676727295,31,30.225315886658507
0.5,0.6,0.25,0.45,0.15,0.05,0.2,77,2327.349323272705,57672.650676727295,31,30.225315886658507
0.55,0.6,0.25,0.45,0.15,0.1,0.2,77,2327.349323272705,57672.650676727295,31,30.225315886658507
0.45,0.6,0.25,0.35,0.1,0.1,0.2,77,2130.5053310394287,57869.49466896057,32,27.668900403109465
0.5,0.8,0.35,0.35,0.15,0.05,0.2,77,2041.5086612701416,57958.49133872986,42,26.513099497014824
0.5,0.8,0.45,0.35,0.1,0.05,0.3,77,1623.5980138778687,58376.40198612213,45,21.085688491920372
0.55,0.6,0.25,0.25,0.2,0.1,0.1,77,1616.656000137329,58383.34399986267,35,20.99553246931596
0.4,0.6,0.25,0.25,0.15,0.15,0.3,77,1588.4106826782227,58411.58931732178,33,20.628710164652244
0.4,0.8,0.35,0.25,0.1,0.1,0.3,77,1541.437346458435,58458.562653541565,47,20.018666837122534
0.55,0.8,0.25,0.35,0.2,0.05,0.1,76,2661.611339569092,57338.38866043091,43,35.02120183643542
0.5,0.7,0.25,0.25,0.2,0.05,0.1,76,2453.3039979934692,57546.69600200653,37,32.28031576307196
0.55,0.7,0.25,0.25,0.2,0.1,0.1,76,2453.3039979934692,57546.69600200653,37,32.28031576307196
0.45,0.8,0.25,0.25,0.1,0.1,0.1,76,2418.5540018081665,57581.44599819183,48,31.823078971160086
0.45,0.6,0.25,0.35,0.15,0.15,0.3,76,2369.567991256714,57630.432008743286,30,31.178526200746234
0.55,0.6,0.35,0.45,0.2,0.05,0.3,76,2328.887990951538,57671.11200904846,30,30.64326303883603
0.4,0.6,0.25,0.35,0.1,0.05,0.2,76,2113.3199977874756,57886.680002212524,32,27.806842076150996
0.5,0.8,0.25,0.25,0.1,0.15,0.1,76,2101.077326774597,57898.9226732254,46,27.645754299665754
0.5,0.6,0.35,0.35,0.1,0.05,0.2,76,1927.154001235962,58072.84599876404,31,25.35728948994687
0.55,0.6,0.35,0.35,0.1,0.1,0.2,76,1927.154001235962,58072.84599876404,31,25.35728948994687
0.55,0.6,0.35,0.35,0.15,0.15,0.3,76,1918.6320037841797,58081.36799621582,29,25.245157944528682
0.5,0.8,0.35,0.25,0.2,0.15,0.3,76,1818.7866659164429,58181.21333408356,45,23.931403498900565
0.4,0.8,0.35,0.35,0.1,0.05,0.3,76,1728.662675857544,58271.337324142456,48,22.745561524441367
0.55,0.8,0.45,0.35,0.2,0.05,0.3,76,1646.5433387756348,58353.456661224365,38,21.665043931258353
0.45,0.8,0.45,0.25,0.1,0.05,0.3,76,1527.6606788635254,58472.339321136475,47,20.100798406099017
0.55,0.8,0.25,0.45,0.1,0.05,0.1,75,3777.4226579666138,56222.577342033386,40,50.36563543955485
0.5,0.7,0.25,0.45,0.1,0.15,0.3,75,3776.2719917297363,56223.728008270264,32,50.350293223063154
0.4,0.6,0.25,0.45,0.1,0.05,0.3,75,3566.7099952697754,56433.290004730225,31,47.55613327026367
0.45,0.6,0.25,0.45,0.1,0.1,0.3,75,3566.7099952697754,56433.290004730225,31,47.55613327026367
0.45,0.8,0.25,0.35,0.2,0.05,0.2,75,3135.1899938583374,56864.81000614166,45,41.8025332514445
0.5,0.6,0.25,0.35,0.1,0.05,0.1,75,2864.1513242721558,57135.848675727844,31,38.18868432362874
0.45,0.7,0.25,0.35,0.1,0.1,0.2,75,2546.7993202209473,57453.20067977905,34,33.95732426961263
0.5,0.7,0.25,0.35,0.1,0.15,0.2,75,2538.3446531295776,57461.65534687042,33,33.84459537506103
0.5,0.7,0.25,0.45,0.15,0.05,0.2,75,2456.4526538848877,57543.54734611511,32,32.7527020517985
0.4,0.8,0.25,0.25,0.1,0.05,0.1,75,2397.5286684036255,57602.471331596375,48,31.96704891204834
0.4,0.8,0.25,0.25,0.15,0.1,0.2,75,2326.6393365859985,57673.360663414,46,31.021857821146646
0.45,0.8,0.25,0.25,0.15,0.15,0.2,75,2326.6393365859985,57673.360663414,46,31.021857821146646
0.55,0.7,0.25,0.45,0.2,0.15,0.3,75,2294.8079891204834,57705.19201087952,31,30.59743985493978
0.45,0.8,0.35,0.35,0.2,0.05,0.3,75,2246.7933225631714,57753.20667743683,40,29.957244300842284
0.5,0.6,0.35,0.35,0.15,0.1,0.3,75,1897.6166706085205,58102.38332939148,29,25.301555608113606
0.45,0.8,0.35,0.25,0.2,0.1,0.3,75,1790.106665611267,58209.89333438873,45,23.868088874816895
0.5,0.6,0.35,0.25,0.15,0.15,0.3,75,1528.5466804504395,58471.45331954956,31,20.38062240600586
0.55,0.8,0.45,0.25,0.2,0.1,0.3,75,1423.8826761245728,58576.11732387543,42,18.985102348327636
0.5,0.6,0.25,0.45,0.1,0.15,0.3,74,2965.096649169922,57034.90335083008,29,40.06887363743137
0.4,0.7,0.25,0.35,0.1,0.05,0.2,74,2679.035316467285,57320.964683532715,35,36.20317995226061
0.55,0.6,0.25,0.35,0.1,0.1,0.1,74,2650.2966594696045,57349.703340530396,30,35.81481972256222
0.55,0.6,0.25,0.45,0.2,0.05,0.2,74,2425.18731880188,57574.81268119812,29,32.77280160543081
0.4,0.6,0.25,0.35,0.15,0.1,0.3,74,2319.577323913574,57680.422676086426,30,31.3456395123456
0.55,0.8,0.35,0.45,0.15,0.1,0.3,74,2082.0693283081055,57917.930671691895,34,28.136072004163587
0.4,0.8,0.35,0.25,0.2,0.05,0.3,74,1784.671332359314,58215.328667640686,46,24.117180167017757
0.45,0.6,0.35,0.25,0.15,0.1,0.3,74,1507.5313472747803,58492.46865272522,31,20.372045233442975
0.5,0.8,0.25,0.45,0.15,0.15,0.3,73,2370.290654182434,57629.709345817566,35,32.46973498880047
0.55,0.8,0.25,0.25,0.15,0.15,0.1,73,2257.2740020751953,57742.725997924805,43,30.92156167226295
0.5,0.6,0.25,0.35,0.2,0.15,0.3,73,2250.5406589508057,57749.459341049194,29,30.829324095216517
0.45,0.7,0.25,0.45,0.2,0.05,0.3,73,2240.2526569366455,57759.747343063354,31,30.688392560775966
0.5,0.7,0.25,0.45,0.2,0.1,0.3,73,2240.2526569366455,57759.747343063354,31,30.688392560775966
0.55,0.7,0.35,0.35,0.1,0.1,0.2,73,1859.7500019073486,58140.24999809265,31,25.476027423388338
0.55,0.6,0.35,0.35,0.2,0.1,0.3,73,1824.1260032653809,58175.87399673462,28,24.98802744199152
0.55,0.6,0.45,0.35,0.15,0.05,0.3,73,1542.4366779327393,58457.56332206726,28,21.129269560722456
0.4,0.6,0.35,0.25,0.15,0.05,0.3,73,1497.6480140686035,58502.3519859314,31,20.515726220117855
0.4,0.7,0.25,0.45,0.1,0.05,0.3,72,3744.9573249816895,56255.04267501831,32,52.01329618030124
0.45,0.7,0.25,0.45,0.1,0.1,0.3,72,3744.9573249816895,56255.04267501831,32,52.01329618030124
0.45,0.8,0.25,0.45,0.15,0.1,0.3,72,2865.391993522644,57134.608006477356,39,39.797111021147835
0.45,0.8,0.25,0.25,0.2,0.1,0.2,72,2459.977997779846,57540.022002220154,44,34.16636108027564
0.5,0.8,0.25,0.25,0.2,0.15,0.2,72,2459.977997779846,57540.022002220154,44,34.16636108027564
0.5,0.6,0.25,0.35,0.15,0.1,0.2,72,2257.148656845093,57742.85134315491,29,31.34928690062629
0.55,0.6,0.25,0.35,0.15,0.15,0.2,72,2257.148656845093,57742.85134315491,29,31.34928690062629
0.55,0.7,0.35,0.45,0.2,0.05,0.3,72,2238.2819900512695,57761.71800994873,30,31.08724986182319
0.45,0.6,0.25,0.35,0.2,0.1,0.3,72,2237.6919918060303,57762.30800819397,29,31.07905544175042
0.55,0.8,0.35,0.35,0.2,0.05,0.2,72,1897.423327445984,58102.576672554016,38,26.35310177008311
0.45,0.6,0.35,0.35,0.15,0.05,0.3,72,1834.7773361206055,58165.222663879395,29,25.483018557230633
0.5,0.8,0.45,0.25,0.2,0.05,0.3,72,1360.2813425064087,58639.71865749359,42,18.89279642370012
0.5,0.8,0.25,0.25,0.15,0.1,0.1,71,2224.650002479553,57775.34999752045,43,31.33309862647258
0.4,0.6,0.25,0.35,0.2,0.05,0.3,71,2217.999324798584,57782.000675201416,29,31.239427109839212
0.4,0.8,0.25,0.25,0.2,0.05,0.2,71,2217.578003883362,57782.42199611664,44,31.233493012441716
0.5,0.7,0.35,0.35,0.1,0.05,0.2,71,1837.3446683883667,58162.65533161163,31,25.87809392096291
0.5,0.6,0.35,0.35,0.2,0.05,0.3,71,1765.740671157837,58234.25932884216,28,24.869586917716013
0.55,0.8,0.35,0.25,0.1,0.1,0.1,71,1527.445336341858,58472.55466365814,42,21.513314596364197
0.5,0.6,0.45,0.25,0.15,0.05,0.3,71,1467.9400119781494,58532.05998802185,29,20.675211436311965
0.55,0.6,0.45,0.25,0.15,0.1,0.3,71,1467.9400119781494,58532.05998802185,29,20.675211436311965
0.4,0.8,0.25,0.45,0.15,0.05,0.3,70,2923.990658760071,57076.00934123993,40,41.771295125143865
0.55,0.8,0.25,0.45,0.15,0.1,0.2,70,2876.406657218933,57123.59334278107,38,41.091523674556186
0.55,0.8,0.25,0.45,0.2,0.15,0.3,70,2398.295329093933,57601.70467090607,32,34.261361844199044
0.4,0.7,0.25,0.35,0.15,0.1,0.3,70,2232.8939905166626,57767.10600948334,31,31.898485578809467
0.45,0.7,0.25,0.35,0.15,0.15,0.3,70,2232.8939905166626,57767.10600948334,31,31.898485578809467
0.45,0.6,0.25,0.35,0.15,0.05,0.2,70,2206.9299907684326,57793.07000923157,29,31.527571296691896
0.4,0.7,0.25,0.25,0.15,0.15,0.3,70,1868.1680011749268,58131.83199882507,34,26.688114302498953
0.5,0.8,0.35,0.25,0.1,0.05,0.1,70,1512.4726696014404,58487.52733039856,42,21.60675242287772
0.55,0.8,0.35,0.25,0.15,0.15,0.2,70,1507.343337059021,58492.65666294098,41,21.5334762437003
0.5,0.8,0.25,0.45,0.15,0.05,0.2,69,2855.711989402771,57144.28801059723,38,41.38713028119958
0.55,0.7,0.25,0.45,0.2,0.05,0.2,69,2515.7019996643066,57484.29800033569,30,36.459449270497196
0.45,0.8,0.25,0.25,0.15,0.05,0.1,69,2166.2646703720093,57833.73532962799,43,31.395140150318976
0.5,0.8,0.35,0.45,0.15,0.05,0.3,69,1978.176661491394,58021.823338508606,34,28.669226978136145
0.5,0.7,0.35,0.35,0.15,0.1,0.3,69,1759.5273361206055,58240.472663879395,29,25.50039617566095
0.55,0.7,0.35,0.35,0.15,0.15,0.3,69,1759.5273361206055,58240.472663879395,29,25.50039617566095
0.45,0.8,0.35,0.25,0.15,0.05,0.2,69,1492.3706703186035,58507.6293296814,41,21.62856043940005
0.5,0.8,0.35,0.25,0.15,0.1,0.2,69,1492.3706703186035,58507.6293296814,41,21.62856043940005
0.5,0.7,0.35,0.25,0.15,0.15,0.3,69,1437.234013557434,58562.765986442566,32,20.829478457354117
0.55,0.6,0.35,0.35,0.15,0.05,0.2,68,1744.1446685791016,58255.8553314209,27,25.649186302633847
0.45,0.7,0.35,0.25,0.15,0.1,0.3,68,1407.5626802444458,58592.437319755554,32,20.69945118006538
0.55,0.6,0.35,0.45,0.1,0.1,0.3,67,1836.037998199463,58163.96200180054,25,27.403552211932283
0.45,0.6,0.25,0.25,0.1,0.15,0.2,67,1730.344669342041,58269.65533065796,28,25.826039840925986
0.55,0.8,0.35,0.25,0.2,0.1,0.2,67,1642.487998008728,58357.51200199127,40,24.51474623893624
0.55,0.8,0.35,0.25,0.15,0.05,0.1,67,1577.6780004501343,58422.321999549866,39,23.54743284253932
0.55,0.7,0.45,0.35,0.15,0.05,0.3,67,1404.3473434448242,58595.652656555176,28,20.96040811111678
0.55,0.8,0.45,0.25,0.15,0.05,0.2,67,1292.9746742248535,58707.02532577515,39,19.29812946604259
0.5,0.7,0.25,0.35,0.1,0.05,0.1,66,2609.2733240127563,57390.726675987244,32,39.53444430322358
0.55,0.7,0.25,0.35,0.1,0.1,0.1,66,2609.2733240127563,57390.726675987244,32,39.53444430322358
0.5,0.8,0.25,0.45,0.2,0.1,0.3,66,2301.491328239441,57698.50867176056,32,34.87108073090062
0.45,0.6,0.25,0.25,0.2,0.15,0.3,66,2106.6826572418213,57893.31734275818,28,31.919434200633656
0.55,0.7,0.25,0.35,0.15,0.15,0.2,66,2103.780656814575,57896.219343185425,29,31.875464497190535
0.5,0.7,0.25,0.35,0.2,0.15,0.3,66,2094.1553230285645,57905.844676971436,29,31.729626106493402
0.5,0.7,0.35,0.35,0.2,0.05,0.3,66,2094.1553230285645,57905.844676971436,29,31.729626106493402
0.55,0.7,0.35,0.35,0.2,0.1,0.3,66,2094.1553230285645,57905.844676971436,29,31.729626106493402
0.5,0.6,0.25,0.35,0.2,0.05,0.2,66,2073.218656539917,57926.78134346008,28,31.412403886968438
0.55,0.6,0.25,0.35,0.2,0.1,0.2,66,2073.218656539917,57926.78134346008,28,31.412403886968438
0.45,0.7,0.35,0.35,0.15,0.05,0.3,66,1728.9380025863647,58271.061997413635,29,26.196030342217647
0.4,0.6,0.25,0.25,0.1,0.1,0.2,66,1720.4613361358643,58279.538663864136,28,26.06759600205855
0.5,0.8,0.35,0.25,0.2,0.05,0.2,66,1627.5153312683105,58372.48466873169,40,24.659323201035008
0.55,0.6,0.35,0.25,0.1,0.15,0.2,66,1412.5346755981445,58587.465324401855,27,21.402040539365828
0.4,0.7,0.35,0.25,0.15,0.05,0.3,66,1359.5560131072998,58640.4439868927,32,20.599333531928785
0.5,0.6,0.25,0.45,0.1,0.05,0.2,65,2707.1506538391113,57292.84934616089,26,41.64847159752479
0.55,0.6,0.25,0.45,0.1,0.1,0.2,65,2707.1506538391113,57292.84934616089,26,41.64847159752479
0.45,0.7,0.25,0.35,0.2,0.1,0.3,65,2091.769989967346,57908.230010032654,30,32.1810767687284
0.55,0.8,0.35,0.45,0.2,0.05,0.3,65,1876.8653297424316,58123.13467025757,30,28.87485122680664
0.5,0.6,0.35,0.45,0.1,0.05,0.3,65,1775.5153312683105,58224.48466873169,25,27.31562048105093
0.45,0.6,0.35,0.25,0.1,0.05,0.2,65,1375.1646766662598,58624.83532333374,27,21.15637964101938
0.5,0.6,0.35,0.25,0.1,0.1,0.2,65,1375.1646766662598,58624.83532333374,27,21.15637964101938
0.5,0.7,0.45,0.25,0.15,0.05,0.3,65,1350.8540105819702,58649.14598941803,30,20.78236939356877
0.55,0.7,0.45,0.25,0.15,0.1,0.3,65,1350.8540105819702,58649.14598941803,30,20.78236939356877
0.4,0.6,0.25,0.25,0.2,0.1,0.3,64,2075.7839908599854,57924.216009140015,28,32.43412485718727
0.55,0.7,0.35,0.45,0.1,0.1,0.3,64,1752.1133308410645,58247.886669158936,25,27.376770794391632
0.55,0.6,0.45,0.25,0.1,0.05,0.2,64,1348.326675415039,58651.67332458496,26,21.067604303359985
0.5,0.8,0.25,0.35,0.1,0.15,0.2,63,2364.7173233032227,57635.28267669678,38,37.53519560798766
0.55,0.8,0.25,0.25,0.2,0.1,0.1,63,2295.1120071411133,57704.88799285889,41,36.43034931970021
0.4,0.7,0.25,0.35,0.2,0.05,0.3,63,2025.657322883606,57974.342677116394,30,32.15329083942232
0.55,0.6,0.35,0.25,0.2,0.15,0.3,63,1286.3953437805176,58713.60465621948,26,20.418973710801865
0.55,0.7,0.25,0.45,0.1,0.1,0.2,62,2667.5599870681763,57332.440012931824,26,43.02516108174478
0.5,0.7,0.25,0.35,0.15,0.1,0.2,62,2015.262656211853,57984.73734378815,29,32.50423639051376
0.55,0.7,0.35,0.35,0.15,0.05,0.2,62,1590.776668548584,58409.223331451416,27,25.657688202396518
0.4,0.6,0.25,0.25,0.1,0.15,0.3,62,1351.0433435440063,58648.956656455994,27,21.79102167006462
0.4,0.6,0.35,0.25,0.1,0.05,0.3,62,1351.0433435440063,58648.956656455994,27,21.79102167006462
0.45,0.6,0.35,0.25,0.1,0.1,0.3,62,1351.0433435440063,58648.956656455994,27,21.79102167006462
0.5,0.6,0.35,0.25,0.1,0.15,0.3,62,1351.0433435440063,58648.956656455994,27,21.79102167006462
0.45,0.6,0.35,0.25,0.2,0.05,0.3,62,1266.7026767730713,58733.29732322693,26,20.43068833504954
0.5,0.6,0.35,0.25,0.2,0.1,0.3,62,1266.7026767730713,58733.29732322693,26,20.43068833504954
0.55,0.6,0.45,0.25,0.2,0.05,0.3,62,1266.7026767730713,58733.29732322693,26,20.43068833504954
0.45,0.8,0.25,0.45,0.1,0.1,0.3,61,2774.846001625061,57225.15399837494,33,45.489278715164936
0.5,0.8,0.25,0.45,0.1,0.15,0.3,61,2774.846001625061,57225.15399837494,33,45.489278715164936
0.5,0.7,0.25,0.45,0.1,0.05,0.2,61,2630.1899881362915,57369.81001186371,26,43.11786865797199
0.45,0.8,0.25,0.35,0.1,0.1,0.2,61,2298.6046562194824,57701.39534378052,38,37.68204354458168
0.5,0.8,0.25,0.25,0.2,0.05,0.1,61,2262.488007545471,57737.51199245453,41,37.089967336811
0.45,0.8,0.25,0.45,0.2,0.05,0.3,61,2224.3599939346313,57775.64000606537,32,36.46491793335461
0.5,0.7,0.35,0.45,0.1,0.05,0.3,61,1688.5119972229004,58311.4880027771,25,27.680524544637713
0.45,0.8,0.25,0.35,0.15,0.15,0.3,60,2029.9259881973267,57970.07401180267,32,33.83209980328878
0.45,0.7,0.25,0.35,0.15,0.05,0.2,60,1995.5133228302002,58004.4866771698,29,33.25855538050334
0.55,0.7,0.25,0.35,0.2,0.1,0.2,60,1924.310655593872,58075.68934440613,28,32.071844259897865
0.55,0.8,0.35,0.35,0.15,0.15,0.3,60,1671.9799995422363,58328.020000457764,30,27.866333325703938
0.5,0.6,0.25,0.25,0.15,0.15,0.2,60,1561.5940017700195,58438.40599822998,26,26.02656669616699
0.4,0.8,0.25,0.45,0.1,0.05,0.3,59,2733.4526681900024,57266.54733181,33,46.329706240508514
0.4,0.8,0.25,0.35,0.1,0.05,0.2,59,2245.8433227539062,57754.156677246094,38,38.06514106362553
0.5,0.6,0.25,0.45,0.15,0.1,0.3,59,2037.483985900879,57962.51601409912,23,34.533626879675914
0.55,0.6,0.25,0.45,0.15,0.15,0.3,59,2037.483985900879,57962.51601409912,23,34.533626879675914
0.4,0.8,0.25,0.35,0.15,0.1,0.3,59,1997.288655281067,58002.71134471893,33,33.852350089509606
0.4,0.6,0.25,0.35,0.1,0.1,0.3,59,1647.9713325500488,58352.02866744995,24,27.931717500848286
0.45,0.6,0.25,0.35,0.1,0.15,0.3,59,1621.201997756958,58378.79800224304,23,27.477999961982338
0.55,0.6,0.45,0.25,0.1,0.1,0.3,59,1302.0333395004272,58697.96666049957,25,22.06836168644792
0.45,0.6,0.25,0.45,0.15,0.05,0.3,58,2020.2986526489258,57979.701347351074,23,34.83273539049872
0.55,0.7,0.25,0.45,0.15,0.15,0.3,58,2020.2986526489258,57979.701347351074,23,34.83273539049872
0.4,0.7,0.25,0.25,0.1,0.1,0.2,58,1968.1519889831543,58031.848011016846,29,33.93365498246818
0.5,0.7,0.25,0.35,0.2,0.05,0.2,58,1901.9053220748901,58098.09467792511,28,32.791471070256726
0.45,0.7,0.25,0.25,0.1,0.15,0.2,58,1536.1133346557617,58463.88666534424,28,26.48471266647865
0.45,0.6,0.25,0.25,0.15,0.1,0.2,58,1495.4813346862793,58504.51866531372,26,25.784160942866883
0.5,0.6,0.45,0.25,0.1,0.05,0.3,58,1264.6633405685425,58735.33665943146,25,21.804540354630042
0.45,0.7,0.35,0.25,0.1,0.1,0.3,58,1253.514009475708,58746.48599052429,27,21.612310508201862
0.5,0.7,0.35,0.25,0.1,0.15,0.3,58,1253.514009475708,58746.48599052429,27,21.612310508201862
0.55,0.7,0.35,0.25,0.1,0.15,0.2,58,1247.0460090637207,58752.95399093628,27,21.500793259719323
0.5,0.6,0.25,0.45,0.2,0.05,0.3,57,2018.3279857635498,57981.67201423645,22,35.409262908132455
0.55,0.6,0.25,0.45,0.2,0.1,0.3,57,2018.3279857635498,57981.67201423645,22,35.409262908132455
0.45,0.7,0.25,0.25,0.2,0.15,0.3,57,1915.5093221664429,58084.49067783356,28,33.605426704674436
0.4,0.8,0.25,0.25,0.15,0.15,0.3,57,1550.1526651382446,58449.847334861755,36,27.19566079189903
0.55,0.8,0.35,0.35,0.1,0.1,0.2,57,1546.5093336105347,58453.490666389465,31,27.131742694921662
0.4,0.6,0.25,0.25,0.15,0.05,0.2,57,1485.5980014801025,58514.4019985199,26,26.063122832984256
0.5,0.8,0.35,0.25,0.15,0.15,0.3,57,1182.9240083694458,58817.075991630554,34,20.75305277841133
0.55,0.8,0.25,0.45,0.2,0.05,0.2,56,2058.837327003479,57941.16267299652,30,36.76495226791927
0.5,0.7,0.25,0.45,0.15,0.1,0.3,56,1972.0886535644531,58027.91134643555,23,35.21586881365095
0.4,0.7,0.25,0.25,0.2,0.1,0.3,56,1903.9439888000488,58096.05601119995,28,33.998999800000874
0.45,0.8,0.35,0.35,0.15,0.05,0.3,56,1586.2559976577759,58413.744002342224,30,28.32599995817457
0.5,0.8,0.35,0.35,0.15,0.1,0.3,56,1586.2559976577759,58413.744002342224,30,28.32599995817457
0.55,0.8,0.45,0.35,0.15,0.05,0.3,56,1355.4213371276855,58644.578662872314,29,24.20395244870867
0.4,0.7,0.25,0.25,0.1,0.15,0.3,56,1187.4013423919678,58812.59865760803,27,21.203595399856567
0.4,0.7,0.35,0.25,0.1,0.05,0.3,56,1187.4013423919678,58812.59865760803,27,21.203595399856567
0.55,0.7,0.45,0.25,0.1,0.05,0.2,56,1182.8380088806152,58817.161991119385,26,21.12210730143956
0.5,0.7,0.35,0.25,0.1,0.1,0.2,56,1180.9333419799805,58819.06665802002,27,21.08809539249965
0.5,0.6,0.35,0.25,0.15,0.05,0.2,56,1145.8180084228516,58854.18199157715,24,20.461035864693777
0.55,0.6,0.35,0.25,0.15,0.1,0.2,56,1145.8180084228516,58854.18199157715,24,20.461035864693777
0.5,0.8,0.25,0.35,0.2,0.15,0.3,55,1912.8419876098633,58087.15801239014,30,34.77894522927024
0.55,0.8,0.35,0.35,0.2,0.1,0.3,55,1684.6093273162842,58315.390672683716,29,30.62926049665971
0.4,0.7,0.25,0.35,0.1,0.1,0.3,55,1578.329999923706,58421.670000076294,24,28.696909089521927
0.45,0.7,0.25,0.35,0.1,0.15,0.3,55,1578.329999923706,58421.670000076294,24,28.696909089521927
0.55,0.6,0.35,0.45,0.15,0.05,0.3,55,1533.527997970581,58466.47200202942,21,27.882327235828747
0.5,0.8,0.35,0.35,0.1,0.05,0.2,55,1500.133999824524,58499.866000175476,31,27.27516363317316
0.55,0.6,0.25,0.35,0.15,0.05,0.1,55,1372.753999710083,58627.24600028992,24,24.95916363109242
0.5,0.6,0.35,0.35,0.1,0.1,0.3,55,1246.8660049438477,58753.13399505615,21,22.67029099897905
0.55,0.6,0.35,0.35,0.1,0.15,0.3,55,1246.8660049438477,58753.13399505615,21,22.67029099897905
0.55,0.6,0.45,0.35,0.1,0.05,0.3,55,1246.8660049438477,58753.13399505615,21,22.67029099897905
0.45,0.7,0.35,0.25,0.1,0.05,0.2,55,1156.85200881958,58843.14799118042,27,21.03367288762873
0.5,0.8,0.45,0.25,0.15,0.05,0.3,55,1139.613341331482,58860.38665866852,32,20.72024256966331
0.55,0.8,0.45,0.25,0.15,0.1,0.3,55,1139.613341331482,58860.38665866852,32,20.72024256966331
0.4,0.8,0.35,0.25,0.15,0.05,0.3,55,1130.1626749038696,58869.83732509613,34,20.548412270979448
0.45,0.8,0.35,0.25,0.15,0.1,0.3,55,1130.1626749038696,58869.83732509613,34,20.548412270979448
0.55,0.7,0.35,0.25,0.2,0.15,0.3,55,1128.290675163269,58871.70932483673,26,20.51437591205944
0.55,0.7,0.45,0.25,0.2,0.05,0.3,55,1128.290675163269,58871.70932483673,26,20.51437591205944
0.55,0.8,0.25,0.35,0.1,0.1,0.1,54,2119.3319873809814,57880.66801261902,33,39.24688865520336
0.45,0.7,0.25,0.45,0.15,0.05,0.3,54,1950.6399869918823,58049.36001300812,23,36.1229627220719
0.4,0.6,0.25,0.35,0.15,0.05,0.3,54,1945.0866527557373,58054.91334724426,22,36.02012319918032
0.4,0.7,0.25,0.25,0.15,0.05,0.2,54,1885.365322113037,58114.63467788696,27,34.91417263172291
0.45,0.7,0.25,0.25,0.15,0.1,0.2,54,1885.365322113037,58114.63467788696,27,34.91417263172291
0.5,0.7,0.25,0.25,0.15,0.15,0.2,54,1885.365322113037,58114.63467788696,27,34.91417263172291
0.45,0.6,0.25,0.25,0.2,0.05,0.2,54,1792.1839904785156,58207.816009521484,25,33.18859241626881
0.5,0.6,0.25,0.25,0.2,0.1,0.2,54,1792.1839904785156,58207.816009521484,25,33.18859241626881
0.55,0.6,0.25,0.25,0.2,0.15,0.2,54,1792.1839904785156,58207.816009521484,25,33.18859241626881
0.5,0.8,0.35,0.35,0.2,0.05,0.3,54,1670.441993713379,58329.55800628662,30,30.9341109946922
0.55,0.7,0.35,0.45,0.15,0.05,0.3,54,1516.342664718628,58483.65733528137,21,28.08041971701163
0.5,0.6,0.25,0.35,0.15,0.15,0.3,54,1507.53999710083,58492.46000289917,21,27.917407353719074
0.55,0.8,0.35,0.45,0.1,0.1,0.3,54,1493.8559999465942,58506.144000053406,26,27.663999999011004
0.45,0.6,0.35,0.35,0.1,0.05,0.3,54,1216.5680046081543,58783.431995391846,21,22.52903712237323
0.5,0.7,0.45,0.25,0.1,0.05,0.3,54,1167.1340065002441,58832.865993499756,25,21.613592712967485
0.55,0.7,0.45,0.25,0.1,0.1,0.3,54,1167.1340065002441,58832.865993499756,25,21.613592712967485
0.5,0.7,0.35,0.25,0.2,0.1,0.3,54,1104.2093420028687,58895.79065799713,26,20.44832114820127
0.4,0.8,0.25,0.35,0.2,0.05,0.3,53,1860.080654144287,58139.91934585571,30,35.09586139894881
0.45,0.8,0.25,0.35,0.2,0.1,0.3,53,1860.080654144287,58139.91934585571,30,35.09586139894881
0.5,0.8,0.35,0.45,0.1,0.05,0.3,53,1537.0920000076294,58462.90799999237,27,29.001735849200553
0.45,0.6,0.25,0.35,0.15,0.1,0.3,53,1470.1699981689453,58529.830001831055,21,27.739056569225383
0.55,0.7,0.35,0.35,0.1,0.15,0.3,53,1205.1346712112427,58794.86532878876,22,22.738390022853636
0.45,0.7,0.35,0.25,0.2,0.05,0.3,53,1075.5293416976929,58924.47065830231,26,20.29300644712628
0.5,0.8,0.25,0.35,0.1,0.05,0.1,52,2182.4499835968018,57817.5500164032,34,41.970191992246185
0.55,0.7,0.25,0.45,0.2,0.1,0.3,52,1877.8086528778076,58122.19134712219,22,36.11170486303476
0.55,0.8,0.25,0.35,0.15,0.15,0.2,52,1816.6406545639038,58183.359345436096,30,34.93539720315199
0.55,0.7,0.25,0.35,0.15,0.05,0.1,52,1776.4346532821655,58223.565346717834,25,34.162204870810875
0.5,0.6,0.35,0.35,0.15,0.05,0.3,52,1152.3600044250488,58847.63999557495,20,22.160769315866325
0.55,0.6,0.35,0.35,0.15,0.1,0.3,52,1152.3600044250488,58847.63999557495,20,22.160769315866325
0.55,0.6,0.25,0.35,0.2,0.15,0.3,51,1875.7953186035156,58124.204681396484,20,36.78030036477482
0.55,0.6,0.25,0.45,0.15,0.05,0.2,51,1874.3119831085205,58125.68801689148,19,36.75121535506903
0.5,0.7,0.25,0.45,0.2,0.05,0.3,51,1866.9686527252197,58133.03134727478,22,36.60722848480823
0.55,0.7,0.45,0.35,0.1,0.05,0.3,51,1185.9786710739136,58814.02132892609,21,23.254483746547326
0.45,0.7,0.35,0.35,0.1,0.05,0.3,51,1156.1993389129639,58843.800661087036,22,22.670575272803212
0.5,0.7,0.35,0.35,0.1,0.1,0.3,51,1156.1993389129639,58843.800661087036,22,22.670575272803212
0.5,0.8,0.25,0.35,0.15,0.1,0.2,50,1788.0306539535522,58211.96934604645,30,35.76061307907104
0.55,0.8,0.25,0.35,0.2,0.1,0.2,50,1776.764654159546,58223.235345840454,28,35.535293083190915
0.45,0.7,0.25,0.25,0.2,0.05,0.2,50,1750.0293235778809,58249.97067642212,25,35.00058647155762
0.5,0.7,0.25,0.25,0.2,0.1,0.2,50,1750.0293235778809,58249.97067642212,25,35.00058647155762
0.55,0.7,0.25,0.25,0.2,0.15,0.2,50,1750.0293235778809,58249.97067642212,25,35.00058647155762
0.55,0.8,0.35,0.35,0.15,0.05,0.2,50,1564.6626605987549,58435.337339401245,29,31.2932532119751
0.5,0.7,0.35,0.25,0.15,0.05,0.2,50,1045.385341644287,58954.61465835571,25,20.907706832885744
0.55,0.7,0.35,0.25,0.15,0.1,0.2,50,1045.385341644287,58954.61465835571,25,20.907706832885744
0.55,0.6,0.35,0.25,0.2,0.05,0.2,50,952.2040100097656,59047.795989990234,23,19.044080200195314
0.5,0.8,0.25,0.45,0.1,0.05,0.2,49,2115.6306524276733,57884.36934757233,27,43.17613576383007
0.55,0.8,0.25,0.45,0.1,0.1,0.2,49,2115.6306524276733,57884.36934757233,27,43.17613576383007
0.5,0.8,0.25,0.35,0.2,0.05,0.2,49,1960.1446590423584,58039.85534095764,29,40.00295222535425
0.55,0.8,0.25,0.45,0.15,0.15,0.3,49,1654.0899925231934,58345.91000747681,23,33.75693862292231
0.45,0.8,0.25,0.35,0.15,0.05,0.2,49,1545.6306600570679,58454.36933994293,30,31.543482858307506
0.45,0.8,0.25,0.25,0.1,0.15,0.2,49,1418.3633298873901,58581.63667011261,30,28.946190405865106
0.45,0.7,0.25,0.35,0.15,0.1,0.3,48,1826.851318359375,58173.148681640625,22,38.05940246582031
0.5,0.7,0.25,0.35,0.15,0.15,0.3,48,1826.851318359375,58173.148681640625,22,38.05940246582031
0.55,0.7,0.25,0.45,0.15,0.05,0.2,48,1791.1393175125122,58208.86068248749,21,37.31540244817734
0.45,0.6,0.25,0.35,0.2,0.05,0.3,48,1789.8313179016113,58210.16868209839,20,37.28815245628357
0.5,0.6,0.25,0.35,0.2,0.1,0.3,48,1789.8313179016113,58210.16868209839,20,37.28815245628357
0.55,0.8,0.35,0.45,0.15,0.05,0.3,48,1635.4779930114746,58364.522006988525,23,34.07245818773905
0.45,0.8,0.25,0.25,0.2,0.15,0.3,48,1609.8086566925049,58390.191343307495,28,33.53768034776052
0.4,0.8,0.25,0.25,0.1,0.1,0.2,48,1399.7513303756714,58600.24866962433,30,29.161486049493153
0.5,0.6,0.25,0.45,0.1,0.1,0.3,48,1387.4733295440674,58612.52667045593,18,28.905694365501404
0.55,0.6,0.25,0.45,0.1,0.15,0.3,48,1387.4733295440674,58612.52667045593,18,28.905694365501404
0.55,0.8,0.35,0.25,0.2,0.15,0.3,48,1378.9739961624146,58621.026003837585,28,28.728624920050304
0.55,0.6,0.25,0.25,0.1,0.15,0.1,48,1287.009331703186,58712.990668296814,22,26.812694410483044
0.55,0.7,0.35,0.25,0.2,0.05,0.2,48,1265.229335784912,58734.77066421509,24,26.358944495519
0.55,0.8,0.35,0.35,0.1,0.15,0.3,48,1095.9053392410278,58904.09466075897,22,22.83136123418808
0.4,0.7,0.25,0.35,0.15,0.05,0.3,47,1797.1799850463867,58202.82001495361,22,38.237872022263545
0.4,0.8,0.25,0.25,0.2,0.1,0.3,47,1572.4386577606201,58427.56134223938,28,33.45614165448128
0.45,0.8,0.25,0.35,0.1,0.15,0.3,47,1442.3913297653198,58557.60867023468,25,30.689177229049356
0.45,0.6,0.25,0.45,0.1,0.05,0.3,47,1376.6333293914795,58623.36667060852,18,29.290070838116584
0.5,0.8,0.35,0.25,0.2,0.1,0.3,47,1367.4086627960205,58632.59133720398,28,29.093801336085544
0.45,0.8,0.35,0.25,0.1,0.05,0.2,47,1166.3853359222412,58833.61466407776,28,24.816709274941303
0.5,0.8,0.35,0.25,0.1,0.1,0.2,47,1166.3853359222412,58833.61466407776,28,24.816709274941303
0.55,0.8,0.35,0.25,0.1,0.15,0.2,47,1166.3853359222412,58833.61466407776,28,24.816709274941303
0.55,0.8,0.45,0.35,0.1,0.05,0.3,47,1086.3273391723633,58913.67266082764,21,23.113347641965177
0.55,0.8,0.25,0.35,0.15,0.05,0.1,46,1662.9246635437012,58337.0753364563,26,36.1505361639935
0.5,0.6,0.25,0.45,0.15,0.05,0.3,46,1368.3173294067383,58631.68267059326,17,29.746028900146484
0.55,0.6,0.25,0.35,0.1,0.15,0.2,46,1368.3173294067383,58631.68267059326,17,29.746028900146484
0.55,0.6,0.25,0.45,0.15,0.1,0.3,46,1368.3173294067383,58631.68267059326,17,29.746028900146484
0.5,0.6,0.25,0.35,0.1,0.1,0.2,46,1365.0679960250854,58634.932003974915,18,29.67539121793664
0.45,0.8,0.35,0.25,0.2,0.05,0.3,46,1330.0386638641357,58669.961336135864,28,28.91388399704643
0.45,0.6,0.25,0.25,0.1,0.05,0.1,46,1234.2479982376099,58765.75200176239,22,26.831478222556736
0.5,0.6,0.25,0.25,0.1,0.1,0.1,46,1234.2479982376099,58765.75200176239,22,26.831478222556736
0.55,0.6,0.35,0.25,0.1,0.05,0.1,46,1234.2479982376099,58765.75200176239,22,26.831478222556736
0.55,0.6,0.35,0.25,0.15,0.15,0.3,46,1009.2766714096069,58990.72332859039,20,21.940797204556674
0.55,0.6,0.45,0.25,0.15,0.05,0.3,46,1009.2766714096069,58990.72332859039,20,21.940797204556674
0.5,0.8,0.35,0.25,0.1,0.15,0.3,46,995.5766725540161,59004.423327445984,28,21.64297114247861
0.55,0.8,0.45,0.25,0.1,0.05,0.2,46,988.7953395843506,59011.20466041565,27,21.49555086052936
0.55,0.8,0.45,0.25,0.2,0.05,0.3,46,958.9840059280396,59041.01599407196,26,20.84747838973999
0.45,0.8,0.25,0.45,0.15,0.05,0.3,45,1549.5139923095703,58450.48600769043,23,34.43364427354601
0.5,0.8,0.25,0.45,0.15,0.1,0.3,45,1549.5139923095703,58450.48600769043,23,34.43364427354601
0.4,0.8,0.25,0.35,0.1,0.1,0.3,45,1376.2786626815796,58623.72133731842,25,30.58397028181288
0.45,0.8,0.25,0.25,0.15,0.1,0.2,45,1337.0939960479736,58662.90600395203,27,29.713199912177192
0.5,0.8,0.25,0.25,0.15,0.15,0.2,45,1337.0939960479736,58662.90600395203,27,29.713199912177192
0.45,0.6,0.25,0.35,0.1,0.05,0.2,45,1327.6979970932007,58672.3020029068,18,29.50439993540446
0.4,0.6,0.25,0.25,0.15,0.1,0.3,45,998.436671257019,59001.56332874298,20,22.187481583489312
0.45,0.6,0.25,0.25,0.15,0.15,0.3,45,998.436671257019,59001.56332874298,20,22.187481583489312
0.45,0.6,0.35,0.25,0.15,0.05,0.3,45,998.436671257019,59001.56332874298,20,22.187481583489312
0.5,0.6,0.35,0.25,0.15,0.1,0.3,45,998.436671257019,59001.56332874298,20,22.187481583489312
0.55,0.7,0.35,0.35,0.15,0.1,0.3,45,998.436671257019,59001.56332874298,20,22.187481583489312
0.5,0.8,0.45,0.25,0.1,0.05,0.3,45,985.7413396835327,59014.25866031647,27,21.905363104078504
0.55,0.8,0.45,0.25,0.1,0.1,0.3,45,985.7413396835327,59014.25866031647,27,21.905363104078504
0.55,0.8,0.25,0.45,0.2,0.1,0.3,44,1740.9786520004272,58259.02134799957,22,39.56769663637335
0.55,0.7,0.25,0.45,0.1,0.15,0.3,44,1345.3186626434326,58654.68133735657,18,30.575424150987104
0.55,0.6,0.25,0.45,0.1,0.05,0.2,44,1325.6826620101929,58674.31733798981,17,30.129151409322564
0.4,0.8,0.25,0.25,0.15,0.05,0.2,44,1318.4819965362549,58681.518003463745,27,29.96549992127852
0.45,0.7,0.25,0.25,0.1,0.05,0.1,44,1214.498664855957,58785.50133514404,22,27.602242383089933
0.5,0.7,0.25,0.25,0.1,0.1,0.1,44,1214.498664855957,58785.50133514404,22,27.602242383089933
0.55,0.7,0.25,0.25,0.1,0.15,0.1,44,1214.498664855957,58785.50133514404,22,27.602242383089933
0.55,0.7,0.35,0.25,0.1,0.05,0.1,44,1214.498664855957,58785.50133514404,22,27.602242383089933
0.5,0.6,0.25,0.25,0.15,0.05,0.1,44,1159.5080003738403,58840.49199962616,21,26.352454553950917
0.55,0.6,0.25,0.25,0.15,0.1,0.1,44,1159.5080003738403,58840.49199962616,21,26.352454553950917
0.5,0.8,0.35,0.25,0.15,0.05,0.2,44,1094.6940021514893,58905.30599784851,26,24.879409139806572
0.55,0.8,0.35,0.25,0.15,0.1,0.2,44,1094.6940021514893,58905.30599784851,26,24.879409139806572
0.55,0.6,0.35,0.35,0.1,0.05,0.2,44,1013.137336730957,58986.86266326904,16,23.025848562067207
0.55,0.6,0.35,0.45,0.1,0.05,0.3,44,1013.137336730957,58986.86266326904,16,23.025848562067207
0.45,0.8,0.35,0.35,0.1,0.05,0.3,44,988.9260053634644,59011.073994636536,22,22.475591030987825
0.5,0.8,0.35,0.35,0.1,0.1,0.3,44,988.9260053634644,59011.073994636536,22,22.475591030987825
0.5,0.7,0.35,0.35,0.15,0.05,0.3,44,986.871337890625,59013.128662109375,20,22.42889404296875
0.55,0.6,0.35,0.35,0.2,0.05,0.3,44,949.8513374328613,59050.14866256714,18,21.587530396201394
0.4,0.8,0.25,0.25,0.1,0.15,0.3,44,942.8153390884399,59057.18466091156,28,21.42762134291909
0.4,0.8,0.35,0.25,0.1,0.05,0.3,44,942.8153390884399,59057.18466091156,28,21.42762134291909
0.45,0.8,0.35,0.25,0.1,0.1,0.3,44,942.8153390884399,59057.18466091156,28,21.42762134291909
0.55,0.7,0.25,0.35,0.2,0.15,0.3,43,1693.1293172836304,58306.87068271637,20,39.37510040194489
0.45,0.7,0.25,0.45,0.1,0.05,0.3,43,1307.9486637115479,58692.05133628845,18,30.417410783989485
0.5,0.7,0.25,0.45,0.1,0.1,0.3,43,1307.9486637115479,58692.05133628845,18,30.417410783989485
0.55,0.6,0.25,0.45,0.2,0.05,0.3,43,1270.3513298034668,58729.64867019653,16,29.543054181475974
0.5,0.8,0.25,0.45,0.2,0.05,0.3,42,1685.9253187179565,58314.07468128204,22,40.14107901709421
0.5,0.7,0.25,0.35,0.2,0.1,0.3,42,1681.5639839172363,58318.436016082764,20,40.037237712315154
0.5,0.7,0.25,0.25,0.15,0.05,0.1,42,1139.7586669921875,58860.24133300781,21,27.137111118861608
0.55,0.7,0.25,0.25,0.15,0.1,0.1,42,1139.7586669921875,58860.24133300781,21,27.137111118861608
0.55,0.8,0.35,0.35,0.15,0.1,0.3,42,1106.8886680603027,58893.1113319397,21,26.354492096673873
0.55,0.7,0.35,0.45,0.1,0.05,0.3,42,990.1386699676514,59009.86133003235,17,23.57473023732503
0.5,0.7,0.35,0.25,0.15,0.1,0.3,42,920.7586708068848,59079.241329193115,20,21.92282549540202
0.55,0.7,0.35,0.25,0.15,0.15,0.3,42,920.7586708068848,59079.241329193115,20,21.92282549540202
0.55,0.7,0.45,0.25,0.15,0.05,0.3,42,920.7586708068848,59079.241329193115,20,21.92282549540202
0.5,0.8,0.25,0.35,0.15,0.15,0.3,41,1291.831995010376,58708.168004989624,22,31.508097439277464
0.55,0.7,0.35,0.35,0.2,0.05,0.3,41,1208.3293294906616,58791.67067050934,19,29.471447060747845
0.5,0.6,0.25,0.35,0.1,0.15,0.3,41,977.4333372116089,59022.56666278839,16,23.83983749296607
0.5,0.6,0.35,0.35,0.1,0.05,0.3,41,977.4333372116089,59022.56666278839,16,23.83983749296607
0.55,0.6,0.35,0.35,0.1,0.1,0.3,41,977.4333372116089,59022.56666278839,16,23.83983749296607
0.45,0.7,0.25,0.35,0.2,0.05,0.3,40,1628.8026504516602,58371.19734954834,20,40.72006626129151
0.5,0.8,0.25,0.25,0.2,0.1,0.2,40,1323.681993484497,58676.3180065155,25,33.09204983711243
0.55,0.8,0.25,0.25,0.2,0.15,0.2,40,1323.681993484497,58676.3180065155,25,33.09204983711243
0.55,0.7,0.25,0.45,0.15,0.1,0.3,40,1260.2833309173584,58739.71666908264,17,31.50708327293396
0.5,0.7,0.25,0.35,0.1,0.1,0.2,40,1221.9846630096436,58778.01533699036,18,30.54961657524109
0.55,0.7,0.25,0.35,0.1,0.15,0.2,40,1221.9846630096436,58778.01533699036,18,30.54961657524109
0.55,0.6,0.25,0.35,0.15,0.1,0.2,40,1184.3873291015625,58815.61267089844,16,29.609683227539062
0.5,0.8,0.35,0.35,0.15,0.05,0.3,40,1049.4320011138916,58950.56799888611,21,26.23580002784729
0.4,0.7,0.25,0.25,0.15,0.1,0.3,40,867.9973373413086,59132.00266265869,20,21.699933433532713
0.45,0.7,0.25,0.25,0.15,0.15,0.3,40,867.9973373413086,59132.00266265869,20,21.699933433532713
0.45,0.7,0.35,0.25,0.15,0.05,0.3,40,867.9973373413086,59132.00266265869,20,21.699933433532713
0.5,0.8,0.25,0.25,0.1,0.1,0.1,39,1361.3286571502686,58638.67134284973,23,34.90586300385304
0.55,0.8,0.25,0.25,0.1,0.15,0.1,39,1361.3286571502686,58638.67134284973,23,34.90586300385304
0.4,0.8,0.25,0.35,0.15,0.05,0.3,39,1239.0706615447998,58760.9293384552,22,31.771042603712814
0.45,0.8,0.25,0.35,0.15,0.1,0.3,39,1239.0706615447998,58760.9293384552,22,31.771042603712814
0.45,0.8,0.25,0.25,0.2,0.05,0.2,39,1146.0919971466064,58853.90800285339,25,29.38697428581042
0.55,0.8,0.35,0.25,0.2,0.05,0.2,39,1146.0919971466064,58853.90800285339,25,29.38697428581042
0.55,0.8,0.25,0.45,0.1,0.15,0.3,39,1088.239333152771,58911.76066684723,18,27.903572644942845
0.4,0.6,0.25,0.35,0.1,0.05,0.3,39,928.4980049133301,59071.50199508667,16,23.807641151623848
0.45,0.6,0.25,0.35,0.1,0.1,0.3,39,928.4980049133301,59071.50199508667,16,23.807641151623848
0.5,0.7,0.25,0.45,0.15,0.05,0.3,38,1202.8286628723145,58797.171337127686,17,31.65338586506091
0.55,0.7,0.35,0.35,0.1,0.05,0.2,38,1202.8286628723145,58797.171337127686,17,31.65338586506091
0.45,0.8,0.25,0.25,0.1,0.05,0.1,38,1183.738660812378,58816.26133918762,23,31.15101738979942
0.55,0.7,0.25,0.45,0.1,0.05,0.2,38,1182.599328994751,58817.40067100525,17,31.121034973546077
0.5,0.6,0.25,0.35,0.15,0.05,0.2,38,1161.9819955825806,58838.01800441742,16,30.578473567962646
0.45,0.7,0.25,0.35,0.1,0.05,0.2,38,1155.8719959259033,58844.1280040741,18,30.417684103313245
0.55,0.8,0.35,0.45,0.1,0.05,0.3,38,910.6493368148804,59089.35066318512,17,23.964456231970537
0.45,0.6,0.25,0.25,0.1,0.1,0.2,38,889.0380058288574,59110.96199417114,17,23.395736995496247
0.5,0.6,0.25,0.25,0.1,0.15,0.2,38,889.0380058288574,59110.96199417114,17,23.395736995496247
0.5,0.6,0.35,0.25,0.1,0.05,0.2,38,889.0380058288574,59110.96199417114,17,23.395736995496247
0.55,0.6,0.35,0.25,0.1,0.1,0.2,38,889.0380058288574,59110.96199417114,17,23.395736995496247
0.55,0.6,0.35,0.25,0.2,0.1,0.3,38,789.2493391036987,59210.7506608963,17,20.769719450097334
0.55,0.8,0.25,0.45,0.15,0.05,0.2,37,1337.9373226165771,58662.06267738342,21,36.160468178826406
0.55,0.8,0.25,0.35,0.2,0.15,0.3,37,1190.2006607055664,58809.79933929443,20,32.167585424474765
0.55,0.8,0.35,0.35,0.2,0.05,0.3,37,1190.2006607055664,58809.79933929443,20,32.167585424474765
0.55,0.8,0.35,0.25,0.1,0.05,0.1,37,941.3386669158936,59058.66133308411,22,25.44158559232145
0.4,0.6,0.25,0.25,0.2,0.05,0.3,37,778.4093389511108,59221.59066104889,17,21.038090241921914
0.45,0.6,0.25,0.25,0.2,0.1,0.3,37,778.4093389511108,59221.59066104889,17,21.038090241921914
0.5,0.6,0.25,0.25,0.2,0.15,0.3,37,778.4093389511108,59221.59066104889,17,21.038090241921914
0.5,0.6,0.35,0.25,0.2,0.05,0.3,37,778.4093389511108,59221.59066104889,17,21.038090241921914
0.55,0.6,0.25,0.35,0.2,0.05,0.2,36,1475.5733184814453,58524.426681518555,16,40.9881477355957
0.4,0.7,0.25,0.25,0.2,0.05,0.3,36,1198.8826599121094,58801.11734008789,18,33.30229610866971
0.45,0.7,0.25,0.25,0.2,0.1,0.3,36,1198.8826599121094,58801.11734008789,18,33.30229610866971
0.5,0.7,0.25,0.25,0.2,0.15,0.3,36,1198.8826599121094,58801.11734008789,18,33.30229610866971
0.45,0.8,0.25,0.35,0.2,0.05,0.3,36,1169.1853275299072,58830.81467247009,20,32.47737020916409
0.5,0.8,0.25,0.35,0.2,0.1,0.3,36,1169.1853275299072,58830.81467247009,20,32.47737020916409
0.55,0.6,0.25,0.35,0.1,0.05,0.1,36,1095.8693284988403,58904.13067150116,16,30.440814680523342
0.45,0.8,0.25,0.45,0.1,0.05,0.3,36,1002.2753324508667,58997.72466754913,18,27.84098145696852
0.5,0.8,0.25,0.45,0.1,0.1,0.3,36,1002.2753324508667,58997.72466754913,18,27.84098145696852
0.55,0.6,0.25,0.35,0.15,0.15,0.3,36,860.8886709213257,59139.111329078674,14,23.91357419225905
0.55,0.6,0.35,0.35,0.15,0.05,0.3,36,860.8886709213257,59139.111329078674,14,23.91357419225905
0.45,0.7,0.25,0.35,0.1,0.1,0.3,36,842.5340042114258,59157.465995788574,16,23.403722339206272
0.5,0.7,0.25,0.35,0.1,0.15,0.3,36,842.5340042114258,59157.465995788574,16,23.403722339206272
0.5,0.7,0.35,0.35,0.1,0.05,0.3,36,842.5340042114258,59157.465995788574,16,23.403722339206272
0.55,0.7,0.35,0.35,0.1,0.1,0.3,36,842.5340042114258,59157.465995788574,16,23.403722339206272
0.4,0.6,0.25,0.25,0.1,0.05,0.2,36,822.9253387451172,59177.07466125488,17,22.859037187364365
0.4,0.8,0.25,0.25,0.15,0.1,0.3,35,1002.4713306427002,58997.5286693573,21,28.642038018362864
0.45,0.8,0.25,0.25,0.15,0.15,0.3,35,1002.4713306427002,58997.5286693573,21,28.642038018362864
0.55,0.6,0.35,0.25,0.1,0.15,0.3,35,874.3606719970703,59125.63932800293,14,24.98173348563058
0.5,0.6,0.25,0.35,0.15,0.1,0.3,35,835.5206708908081,59164.47932910919,15,23.872019168308803
0.4,0.7,0.25,0.35,0.1,0.05,0.3,35,812.8626708984375,59187.13732910156,16,23.22464773995536
0.55,0.8,0.35,0.25,0.15,0.15,0.3,35,779.7640037536621,59220.23599624634,20,22.27897153581892
0.55,0.8,0.45,0.25,0.15,0.05,0.3,35,779.7640037536621,59220.23599624634,20,22.27897153581892
0.5,0.7,0.25,0.35,0.15,0.05,0.2,34,1508.15864944458,58491.84135055542,17,44.3576073366053
0.55,0.7,0.25,0.35,0.15,0.1,0.2,34,1508.15864944458,58491.84135055542,17,44.3576073366053
0.5,0.8,0.25,0.35,0.1,0.1,0.2,34,1138.64999294281,58861.35000705719,19,33.48970567478853
0.55,0.7,0.25,0.45,0.2,0.05,0.3,34,1076.1199951171875,58923.88000488281,16,31.650588091681986
0.55,0.8,0.25,0.45,0.15,0.1,0.3,34,962.3993320465088,59037.60066795349,17,28.30586270725026
0.55,0.8,0.25,0.35,0.1,0.15,0.2,34,924.9299993515015,59075.0700006485,18,27.203823510338278
0.5,0.6,0.25,0.45,0.1,0.05,0.3,34,871.5293350219727,59128.47066497803,13,25.63321573594037
0.55,0.6,0.25,0.45,0.1,0.1,0.3,34,871.5293350219727,59128.47066497803,13,25.63321573594037
0.45,0.6,0.25,0.35,0.15,0.05,0.3,34,823.9553375244141,59176.044662475586,15,24.233980515423944
0.4,0.6,0.25,0.25,0.1,0.1,0.3,34,808.1633377075195,59191.83666229248,15,23.769509932574103
0.45,0.6,0.25,0.25,0.1,0.15,0.3,34,808.1633377075195,59191.83666229248,15,23.769509932574103
0.4,0.7,0.25,0.25,0.1,0.05,0.2,34,770.164005279541,59229.83599472046,17,22.651882508221796
0.45,0.7,0.25,0.25,0.1,0.1,0.2,34,770.164005279541,59229.83599472046,17,22.651882508221796
0.5,0.7,0.25,0.25,0.1,0.15,0.2,34,770.164005279541,59229.83599472046,17,22.651882508221796
0.5,0.7,0.35,0.25,0.1,0.05,0.2,34,770.164005279541,59229.83599472046,17,22.651882508221796
0.55,0.7,0.35,0.25,0.1,0.1,0.2,34,770.164005279541,59229.83599472046,17,22.651882508221796
0.45,0.8,0.35,0.25,0.15,0.05,0.3,34,760.0713367462158,59239.928663253784,20,22.35503931606517
0.5,0.8,0.35,0.25,0.15,0.1,0.3,34,760.0713367462158,59239.928663253784,20,22.35503931606517
0.5,0.7,0.35,0.25,0.2,0.05,0.3,34,714.0826721191406,59285.91732788086,17,21.0024315329159
0.55,0.7,0.35,0.25,0.2,0.1,0.3,34,714.0826721191406,59285.91732788086,17,21.0024315329159
0.45,0.8,0.25,0.35,0.1,0.05,0.2,33,1108.3519926071167,58891.64800739288,19,33.58642401839747
0.55,0.6,0.25,0.35,0.1,0.15,0.3,33,834.1593360900879,59165.84066390991,13,25.277555639093574
0.55,0.7,0.25,0.45,0.1,0.1,0.3,33,834.1593360900879,59165.84066390991,13,25.277555639093574
0.55,0.6,0.45,0.25,0.1,0.05,0.3,33,816.8986721038818,59183.10132789612,14,24.75450521526915
0.55,0.8,0.35,0.35,0.1,0.1,0.3,33,795.3646697998047,59204.635330200195,16,24.101959690903172
0.55,0.7,0.25,0.35,0.2,0.05,0.2,32,1433.4186515808105,58566.58134841919,16,44.79433286190033
0.55,0.8,0.25,0.35,0.15,0.1,0.2,32,1246.0659885406494,58753.93401145935,17,38.939562141895294
0.55,0.6,0.25,0.25,0.2,0.05,0.1,32,1234.6319856643677,58765.36801433563,15,38.58224955201149
0.55,0.8,0.25,0.25,0.15,0.1,0.1,32,1134.5119915008545,58865.488008499146,22,35.4534997344017
0.55,0.7,0.25,0.35,0.1,0.05,0.1,32,1023.3586616516113,58976.64133834839,16,31.979958176612854
0.5,0.8,0.25,0.45,0.15,0.05,0.3,32,896.2866649627686,59103.71333503723,17,28.008958280086517
0.55,0.8,0.35,0.35,0.1,0.05,0.2,32,886.6719989776611,59113.32800102234,17,27.70849996805191
0.45,0.6,0.35,0.25,0.1,0.05,0.3,32,788.396671295166,59211.603328704834,14,24.637395977973938
0.5,0.6,0.35,0.25,0.1,0.1,0.3,32,788.396671295166,59211.603328704834,14,24.637395977973938
0.5,0.7,0.25,0.35,0.15,0.1,0.3,32,757.8426704406738,59242.157329559326,15,23.682583451271057
0.55,0.7,0.25,0.35,0.15,0.15,0.3,32,757.8426704406738,59242.157329559326,15,23.682583451271057
0.5,0.8,0.25,0.25,0.15,0.05,0.1,31,1110.430658340454,58889.569341659546,22,35.820343817434
0.5,0.8,0.25,0.35,0.15,0.05,0.2,31,1068.4759922027588,58931.52400779724,17,34.46696749041158
0.55,0.8,0.25,0.45,0.1,0.05,0.2,31,862.0906648635864,59137.90933513641,17,27.80937628592214
0.55,0.6,0.25,0.45,0.15,0.05,0.3,31,773.5633354187012,59226.4366645813,12,24.953655981248424
0.55,0.6,0.35,0.35,0.1,0.05,0.3,31,773.5633354187012,59226.4366645813,12,24.953655981248424
0.45,0.7,0.25,0.35,0.15,0.05,0.3,31,733.7613372802734,59266.23866271973,15,23.669720557428175
0.5,0.8,0.25,0.35,0.1,0.15,0.3,31,729.2520027160645,59270.747997283936,16,23.52425815213111
0.5,0.8,0.35,0.35,0.1,0.05,0.3,31,729.2520027160645,59270.747997283936,16,23.52425815213111
0.45,0.7,0.25,0.25,0.1,0.15,0.3,31,717.9693374633789,59282.03066253662,15,23.160301208496094
0.55,0.7,0.25,0.25,0.2,0.05,0.1,30,1214.8826522827148,58785.117347717285,15,40.49608840942383
0.55,0.8,0.25,0.35,0.1,0.05,0.1,30,992.100661277771,59007.89933872223,16,33.07002204259236
0.5,0.8,0.25,0.25,0.2,0.15,0.3,30,850.3746662139893,59149.62533378601,18,28.345822207132976
0.45,0.6,0.25,0.35,0.1,0.05,0.3,30,748.1953353881836,59251.80466461182,13,24.93984451293945
0.5,0.6,0.25,0.35,0.1,0.1,0.3,30,748.1953353881836,59251.80466461182,13,24.93984451293945
0.5,0.7,0.25,0.45,0.1,0.05,0.3,30,748.1953353881836,59251.80466461182,13,24.93984451293945
0.5,0.7,0.35,0.25,0.1,0.1,0.3,30,722.2840042114258,59277.715995788574,14,24.076133473714194
0.55,0.7,0.35,0.25,0.1,0.15,0.3,30,722.2840042114258,59277.715995788574,14,24.076133473714194
0.55,0.7,0.45,0.25,0.1,0.05,0.3,30,722.2840042114258,59277.715995788574,14,24.076133473714194
0.5,0.6,0.25,0.35,0.1,0.05,0.2,30,721.9700012207031,59278.0299987793,13,24.065666707356772
0.55,0.6,0.25,0.35,0.1,0.1,0.2,30,721.9700012207031,59278.0299987793,13,24.065666707356772
0.45,0.8,0.25,0.35,0.1,0.1,0.3,30,705.1706695556641,59294.829330444336,16,23.5056889851888
0.55,0.7,0.35,0.35,0.15,0.05,0.3,30,697.2466697692871,59302.75333023071,14,23.241555658976235
0.4,0.7,0.25,0.25,0.1,0.1,0.3,30,689.2893371582031,59310.7106628418,15,22.976311238606772
0.55,0.6,0.25,0.35,0.2,0.1,0.3,30,670.5133390426636,59329.48666095734,13,22.35044463475545
0.45,0.6,0.25,0.25,0.15,0.05,0.2,30,634.8280067443848,59365.171993255615,15,21.16093355814616
0.45,0.7,0.25,0.25,0.15,0.05,0.2,30,634.8280067443848,59365.171993255615,15,21.16093355814616
0.5,0.6,0.25,0.25,0.15,0.1,0.2,30,634.8280067443848,59365.171993255615,15,21.16093355814616
0.5,0.7,0.25,0.25,0.15,0.1,0.2,30,634.8280067443848,59365.171993255615,15,21.16093355814616
0.55,0.6,0.25,0.25,0.15,0.15,0.2,30,634.8280067443848,59365.171993255615,15,21.16093355814616
0.55,0.6,0.35,0.25,0.15,0.05,0.2,30,634.8280067443848,59365.171993255615,15,21.16093355814616
0.55,0.7,0.25,0.25,0.15,0.15,0.2,30,634.8280067443848,59365.171993255615,15,21.16093355814616
0.55,0.7,0.35,0.25,0.15,0.05,0.2,30,634.8280067443848,59365.171993255615,15,21.16093355814616
0.55,0.8,0.25,0.45,0.2,0.05,0.3,29,813.227331161499,59186.7726688385,16,28.042321764189623
0.55,0.8,0.25,0.45,0.1,0.1,0.3,29,717.8973350524902,59282.10266494751,13,24.755080519051386
0.4,0.8,0.25,0.35,0.1,0.05,0.3,29,676.4906692504883,59323.50933074951,16,23.32726445691339
0.4,0.8,0.25,0.25,0.1,0.05,0.2,29,669.4446697235107,59330.55533027649,17,23.08429895598313
0.45,0.8,0.25,0.25,0.1,0.1,0.2,29,669.4446697235107,59330.55533027649,17,23.08429895598313
0.5,0.8,0.25,0.25,0.1,0.15,0.2,29,669.4446697235107,59330.55533027649,17,23.08429895598313
0.5,0.8,0.35,0.25,0.1,0.05,0.2,29,669.4446697235107,59330.55533027649,17,23.08429895598313
0.55,0.8,0.35,0.25,0.1,0.1,0.2,29,669.4446697235107,59330.55533027649,17,23.08429895598313
0.5,0.6,0.25,0.35,0.2,0.05,0.3,29,634.0720052719116,59365.92799472809,13,21.864551905927986
0.55,0.8,0.35,0.25,0.2,0.1,0.3,29,607.9746723175049,59392.025327682495,17,20.96464387301741
0.4,0.8,0.25,0.25,0.2,0.05,0.3,28,802.1799983978271,59197.82000160217,18,28.649285657065256
0.45,0.8,0.25,0.25,0.2,0.1,0.3,28,802.1799983978271,59197.82000160217,18,28.649285657065256
0.5,0.7,0.25,0.35,0.1,0.1,0.3,28,682.0826683044434,59317.91733169556,13,24.360095296587264
0.55,0.7,0.25,0.35,0.1,0.15,0.3,28,682.0826683044434,59317.91733169556,13,24.360095296587264
0.45,0.7,0.35,0.25,0.1,0.05,0.3,28,669.5226707458496,59330.47732925415,14,23.911523955208914
0.55,0.8,0.25,0.35,0.2,0.05,0.2,27,1085.3619899749756,58914.638010025024,16,40.19859222129539
0.55,0.6,0.25,0.45,0.1,0.05,0.3,27,728.7526683807373,59271.24733161926,10,26.990839569656938
0.45,0.7,0.25,0.35,0.1,0.05,0.3,27,658.001335144043,59341.99866485596,13,24.37041982014974
0.5,0.8,0.25,0.45,0.1,0.05,0.3,27,651.78466796875,59348.21533203125,13,24.14017288773148
0.45,0.8,0.25,0.35,0.15,0.05,0.3,27,636.9033355712891,59363.09666442871,15,23.58901242856626
0.5,0.8,0.25,0.35,0.15,0.1,0.3,27,636.9033355712891,59363.09666442871,15,23.58901242856626
0.55,0.8,0.25,0.35,0.15,0.15,0.3,27,636.9033355712891,59363.09666442871,15,23.58901242856626
0.5,0.8,0.35,0.25,0.2,0.05,0.3,27,559.7800045013428,59440.21999549866,17,20.732592759308993
0.55,0.7,0.25,0.45,0.15,0.05,0.3,26,621.4866676330566,59378.51333236694,12,23.903333370502178
0.55,0.7,0.35,0.35,0.1,0.05,0.3,26,621.4866676330566,59378.51333236694,12,23.903333370502178
0.55,0.8,0.35,0.35,0.15,0.05,0.3,26,606.6053352355957,59393.394664764404,14,23.330974432138298
0.5,0.7,0.25,0.35,0.1,0.05,0.2,26,603.0960006713867,59396.90399932861,13,23.196000025822567
0.55,0.7,0.25,0.35,0.1,0.1,0.2,26,603.0960006713867,59396.90399932861,13,23.196000025822567
0.4,0.6,0.25,0.25,0.15,0.05,0.3,26,588.1360054016113,59411.86399459839,12,22.620615592369667
0.45,0.6,0.25,0.25,0.15,0.1,0.3,26,588.1360054016113,59411.86399459839,12,22.620615592369667
0.5,0.6,0.25,0.25,0.15,0.15,0.3,26,588.1360054016113,59411.86399459839,12,22.620615592369667
0.5,0.6,0.35,0.25,0.15,0.05,0.3,26,588.1360054016113,59411.86399459839,12,22.620615592369667
0.55,0.6,0.35,0.25,0.15,0.1,0.3,26,588.1360054016113,59411.86399459839,12,22.620615592369667
0.5,0.7,0.25,0.35,0.2,0.05,0.3,26,569.7453384399414,59430.25466156006,13,21.913282247690056
0.55,0.7,0.25,0.35,0.2,0.1,0.3,26,569.7453384399414,59430.25466156006,13,21.913282247690056
0.5,0.6,0.25,0.25,0.1,0.05,0.1,26,554.053337097168,59445.94666290283,13,21.309743734506462
0.5,0.7,0.25,0.25,0.1,0.05,0.1,26,554.053337097168,59445.94666290283,13,21.309743734506462
0.55,0.6,0.25,0.25,0.1,0.1,0.1,26,554.053337097168,59445.94666290283,13,21.309743734506462
0.55,0.7,0.25,0.25,0.1,0.1,0.1,26,554.053337097168,59445.94666290283,13,21.309743734506462
0.55,0.8,0.25,0.25,0.2,0.05,0.1,25,1343.582654953003,58656.417345047,17,53.743306198120116
0.55,0.8,0.35,0.25,0.1,0.15,0.3,25,628.7160024642944,59371.283997535706,15,25.14864009857178
0.55,0.8,0.25,0.35,0.1,0.1,0.2,25,585.9106674194336,59414.08933258057,13,23.436426696777342
0.55,0.6,0.25,0.35,0.15,0.1,0.3,25,583.1880035400391,59416.81199645996,11,23.327520141601564
0.4,0.8,0.25,0.25,0.1,0.1,0.3,24,598.4180021286011,59401.5819978714,15,24.934083422025044
0.45,0.8,0.25,0.25,0.1,0.15,0.3,24,598.4180021286011,59401.5819978714,15,24.934083422025044
0.45,0.8,0.35,0.25,0.1,0.05,0.3,24,598.4180021286011,59401.5819978714,15,24.934083422025044
0.5,0.8,0.35,0.25,0.1,0.1,0.3,24,598.4180021286011,59401.5819978714,15,24.934083422025044
0.55,0.8,0.45,0.25,0.1,0.05,0.3,24,598.4180021286011,59401.5819978714,15,24.934083422025044
0.5,0.8,0.25,0.35,0.1,0.05,0.2,24,574.3453340530396,59425.65466594696,13,23.931055585543316
0.55,0.8,0.25,0.45,0.15,0.05,0.3,24,568.7253341674805,59431.27466583252,12,23.69688892364502
0.5,0.6,0.25,0.35,0.15,0.05,0.3,24,546.7466697692871,59453.25333023071,11,22.781111240386963
0.4,0.7,0.25,0.25,0.15,0.05,0.3,24,535.3746719360352,59464.625328063965,12,22.307277997334797
0.45,0.7,0.25,0.25,0.15,0.1,0.3,24,535.3746719360352,59464.625328063965,12,22.307277997334797
0.5,0.7,0.25,0.25,0.15,0.15,0.3,24,535.3746719360352,59464.625328063965,12,22.307277997334797
0.5,0.7,0.35,0.25,0.15,0.05,0.3,24,535.3746719360352,59464.625328063965,12,22.307277997334797
0.55,0.7,0.35,0.25,0.15,0.1,0.3,24,535.3746719360352,59464.625328063965,12,22.307277997334797
0.55,0.8,0.25,0.35,0.2,0.1,0.3,24,531.8653373718262,59468.134662628174,13,22.16105572382609
0.55,0.6,0.25,0.35,0.15,0.05,0.2,24,528.3560028076172,59471.64399719238,12,22.014833450317383
0.55,0.7,0.25,0.35,0.15,0.05,0.2,24,528.3560028076172,59471.64399719238,12,22.014833450317383
0.5,0.8,0.25,0.35,0.2,0.05,0.3,23,503.3560047149658,59496.643995285034,13,21.885043683259383
0.45,0.8,0.25,0.25,0.15,0.05,0.2,23,478.44267082214355,59521.55732917786,15,20.801855253136676
0.5,0.8,0.25,0.25,0.15,0.1,0.2,23,478.44267082214355,59521.55732917786,15,20.801855253136676
0.55,0.8,0.25,0.25,0.15,0.15,0.2,23,478.44267082214355,59521.55732917786,15,20.801855253136676
0.55,0.8,0.35,0.25,0.15,0.05,0.2,23,478.44267082214355,59521.55732917786,15,20.801855253136676
0.5,0.6,0.25,0.25,0.2,0.05,0.2,22,685.854663848877,59314.14533615112,11,31.17521199313077
0.5,0.7,0.25,0.25,0.2,0.05,0.2,22,685.854663848877,59314.14533615112,11,31.17521199313077
0.55,0.6,0.25,0.25,0.2,0.1,0.2,22,685.854663848877,59314.14533615112,11,31.17521199313077
0.55,0.7,0.25,0.25,0.2,0.1,0.2,22,685.854663848877,59314.14533615112,11,31.17521199313077
0.55,0.7,0.25,0.45,0.1,0.05,0.3,22,576.6760005950928,59423.32399940491,10,26.212545481595125
0.45,0.8,0.25,0.35,0.1,0.05,0.3,22,568.4340009689331,59431.56599903107,13,25.837909134951506
0.5,0.8,0.25,0.35,0.1,0.1,0.3,22,568.4340009689331,59431.56599903107,13,25.837909134951506
0.55,0.8,0.25,0.35,0.1,0.15,0.3,22,568.4340009689331,59431.56599903107,13,25.837909134951506
0.55,0.8,0.35,0.35,0.1,0.05,0.3,22,568.4340009689331,59431.56599903107,13,25.837909134951506
0.45,0.6,0.25,0.25,0.1,0.05,0.2,22,493.98533630371094,59506.01466369629,11,22.453878922895953
0.45,0.7,0.25,0.25,0.1,0.05,0.2,22,493.98533630371094,59506.01466369629,11,22.453878922895953
0.5,0.6,0.25,0.25,0.1,0.1,0.2,22,493.98533630371094,59506.01466369629,11,22.453878922895953
0.5,0.7,0.25,0.25,0.1,0.1,0.2,22,493.98533630371094,59506.01466369629,11,22.453878922895953
0.5,0.7,0.25,0.35,0.15,0.05,0.3,22,493.98533630371094,59506.01466369629,11,22.453878922895953
0.55,0.6,0.25,0.25,0.1,0.15,0.2,22,493.98533630371094,59506.01466369629,11,22.453878922895953
0.55,0.7,0.25,0.25,0.1,0.15,0.2,22,493.98533630371094,59506.01466369629,11,22.453878922895953
0.55,0.7,0.25,0.35,0.15,0.1,0.3,22,493.98533630371094,59506.01466369629,11,22.453878922895953
0.55,0.8,0.35,0.25,0.15,0.1,0.3,21,494.9306707382202,59505.06932926178,12,23.568127178010485
0.5,0.8,0.25,0.25,0.15,0.15,0.3,20,484.0906705856323,59515.90932941437,12,24.204533529281616
0.55,0.6,0.35,0.25,0.1,0.05,0.2,20,474.2186698913574,59525.78133010864,10,23.710933494567872
0.55,0.7,0.35,0.25,0.1,0.05,0.2,20,474.2186698913574,59525.78133010864,10,23.710933494567872
0.55,0.8,0.25,0.35,0.15,0.05,0.2,20,425.20666885375977,59574.79333114624,12,21.260333442687987
0.55,0.6,0.35,0.25,0.1,0.1,0.3,19,522.0093364715576,59477.99066352844,8,27.47417560376619
0.5,0.8,0.25,0.35,0.15,0.05,0.3,19,463.3960027694702,59536.60399723053,11,24.389263303656328
0.55,0.8,0.25,0.35,0.15,0.1,0.3,19,463.3960027694702,59536.60399723053,11,24.389263303656328
0.5,0.8,0.35,0.25,0.15,0.05,0.3,19,455.581337928772,59544.41866207123,12,23.977965154145892
0.5,0.8,0.25,0.25,0.1,0.05,0.1,18,527.1273317337036,59472.8726682663,14,29.284851762983536
0.55,0.8,0.25,0.25,0.1,0.1,0.1,18,527.1273317337036,59472.8726682663,14,29.284851762983536
0.55,0.8,0.25,0.45,0.1,0.05,0.3,18,504.16533374786377,59495.834666252136,10,28.009185208214653
0.4,0.6,0.25,0.25,0.1,0.05,0.3,18,485.56800270080566,59514.431997299194,8,26.976000150044758
0.45,0.6,0.25,0.25,0.1,0.1,0.3,18,485.56800270080566,59514.431997299194,8,26.976000150044758
0.5,0.6,0.25,0.25,0.1,0.15,0.3,18,485.56800270080566,59514.431997299194,8,26.976000150044758
0.5,0.6,0.35,0.25,0.1,0.05,0.3,18,485.56800270080566,59514.431997299194,8,26.976000150044758
0.55,0.6,0.25,0.35,0.1,0.05,0.2,18,449.17466926574707,59550.82533073425,9,24.954148292541504
0.55,0.7,0.25,0.35,0.1,0.05,0.2,18,449.17466926574707,59550.82533073425,9,24.954148292541504
0.45,0.8,0.25,0.25,0.15,0.1,0.3,18,426.62867069244385,59573.371329307556,12,23.70159281624688
0.45,0.6,0.25,0.25,0.2,0.05,0.3,18,363.44667053222656,59636.55332946777,9,20.19148169623481
0.45,0.7,0.25,0.25,0.2,0.05,0.3,18,363.44667053222656,59636.55332946777,9,20.19148169623481
0.5,0.6,0.25,0.25,0.2,0.1,0.3,18,363.44667053222656,59636.55332946777,9,20.19148169623481
0.5,0.7,0.25,0.25,0.2,0.1,0.3,18,363.44667053222656,59636.55332946777,9,20.19148169623481
0.55,0.6,0.25,0.25,0.2,0.15,0.3,18,363.44667053222656,59636.55332946777,9,20.19148169623481
0.55,0.6,0.35,0.25,0.2,0.05,0.3,18,363.44667053222656,59636.55332946777,9,20.19148169623481
0.55,0.7,0.25,0.25,0.2,0.15,0.3,18,363.44667053222656,59636.55332946777,9,20.19148169623481
0.55,0.7,0.35,0.25,0.2,0.05,0.3,18,363.44667053222656,59636.55332946777,9,20.19148169623481
0.55,0.6,0.25,0.35,0.1,0.1,0.3,17,498.87866973876953,59501.12133026123,7,29.34580410228056
0.4,0.8,0.25,0.25,0.15,0.05,0.3,17,398.126669883728,59601.87333011627,12,23.419215875513412
0.5,0.8,0.25,0.25,0.2,0.05,0.2,16,627.4819927215576,59372.51800727844,12,39.21762454509735
0.55,0.8,0.25,0.25,0.2,0.1,0.2,16,627.4819927215576,59372.51800727844,12,39.21762454509735
0.5,0.6,0.25,0.35,0.1,0.05,0.3,16,462.4373359680176,59537.56266403198,7,28.9023334980011
0.4,0.7,0.25,0.25,0.1,0.05,0.3,16,432.8066692352295,59567.19333076477,8,27.050416827201843
0.45,0.7,0.25,0.25,0.1,0.1,0.3,16,432.8066692352295,59567.19333076477,8,27.050416827201843
0.5,0.7,0.25,0.25,0.1,0.15,0.3,16,432.8066692352295,59567.19333076477,8,27.050416827201843
0.5,0.7,0.35,0.25,0.1,0.05,0.3,16,432.8066692352295,59567.19333076477,8,27.050416827201843
0.55,0.7,0.35,0.25,0.1,0.1,0.3,16,432.8066692352295,59567.19333076477,8,27.050416827201843
0.55,0.6,0.25,0.35,0.2,0.05,0.3,16,322.05733489990234,59677.9426651001,8,20.128583431243896
0.55,0.7,0.25,0.35,0.2,0.05,0.3,16,322.05733489990234,59677.9426651001,8,20.128583431243896
0.5,0.8,0.25,0.25,0.1,0.15,0.3,15,421.24133586883545,59578.758664131165,8,28.08275572458903
0.5,0.8,0.35,0.25,0.1,0.05,0.3,15,421.24133586883545,59578.758664131165,8,28.08275572458903
0.55,0.8,0.35,0.25,0.1,0.1,0.3,15,421.24133586883545,59578.758664131165,8,28.08275572458903
0.45,0.8,0.25,0.25,0.1,0.05,0.2,15,365.8666687011719,59634.13333129883,11,24.391111246744792
0.5,0.8,0.25,0.25,0.1,0.1,0.2,15,365.8666687011719,59634.13333129883,11,24.391111246744792
0.55,0.8,0.25,0.25,0.1,0.15,0.2,15,365.8666687011719,59634.13333129883,11,24.391111246744792
0.55,0.8,0.35,0.25,0.1,0.05,0.2,15,365.8666687011719,59634.13333129883,11,24.391111246744792
0.55,0.6,0.25,0.25,0.15,0.05,0.1,14,499.5573272705078,59500.44267272949,7,35.6826662336077
0.55,0.7,0.25,0.25,0.15,0.05,0.1,14,499.5573272705078,59500.44267272949,7,35.6826662336077
0.5,0.7,0.25,0.35,0.1,0.05,0.3,14,409.6760025024414,59590.32399749756,7,29.262571607317245
0.5,0.8,0.25,0.35,0.1,0.05,0.3,14,409.6760025024414,59590.32399749756,7,29.262571607317245
0.55,0.7,0.25,0.35,0.1,0.1,0.3,14,409.6760025024414,59590.32399749756,7,29.262571607317245
0.55,0.8,0.25,0.35,0.1,0.1,0.3,14,409.6760025024414,59590.32399749756,7,29.262571607317245
0.45,0.8,0.25,0.25,0.1,0.1,0.3,14,392.7320032119751,59607.267996788025,8,28.05228594371251
0.5,0.6,0.25,0.25,0.15,0.05,0.2,14,262.7146682739258,59737.285331726074,7,18.765333448137557
0.5,0.7,0.25,0.25,0.15,0.05,0.2,14,262.7146682739258,59737.285331726074,7,18.765333448137557
0.55,0.6,0.25,0.25,0.15,0.1,0.2,14,262.7146682739258,59737.285331726074,7,18.765333448137557
0.55,0.7,0.25,0.25,0.15,0.1,0.2,14,262.7146682739258,59737.285331726074,7,18.765333448137557
0.55,0.8,0.25,0.35,0.1,0.05,0.2,13,343.46133518218994,59656.53866481781,9,26.420102706322304
0.55,0.8,0.25,0.25,0.2,0.15,0.3,13,256.8900022506714,59743.10999774933,9,19.7607694038978
0.55,0.8,0.35,0.25,0.2,0.05,0.3,13,256.8900022506714,59743.10999774933,9,19.7607694038978
0.4,0.8,0.25,0.25,0.1,0.05,0.3,12,335.27733516693115,59664.72266483307,8,27.939777930577595
0.45,0.8,0.25,0.25,0.2,0.05,0.3,12,246.0500020980835,59753.94999790192,9,20.504166841506958
0.5,0.8,0.25,0.25,0.2,0.1,0.3,12,246.0500020980835,59753.94999790192,9,20.504166841506958
0.55,0.8,0.25,0.35,0.2,0.05,0.3,11,225.3553342819214,59774.64466571808,8,20.486848571083762
0.45,0.6,0.25,0.25,0.15,0.05,0.3,10,260.8786678314209,59739.12133216858,5,26.08786678314209
0.45,0.7,0.25,0.25,0.15,0.05,0.3,10,260.8786678314209,59739.12133216858,5,26.08786678314209
0.5,0.6,0.25,0.25,0.15,0.1,0.3,10,260.8786678314209,59739.12133216858,5,26.08786678314209
0.5,0.7,0.25,0.25,0.15,0.1,0.3,10,260.8786678314209,59739.12133216858,5,26.08786678314209
0.55,0.6,0.25,0.25,0.15,0.15,0.3,10,260.8786678314209,59739.12133216858,5,26.08786678314209
0.55,0.6,0.35,0.25,0.15,0.05,0.3,10,260.8786678314209,59739.12133216858,5,26.08786678314209
0.55,0.7,0.25,0.25,0.15,0.15,0.3,10,260.8786678314209,59739.12133216858,5,26.08786678314209
0.55,0.7,0.35,0.25,0.15,0.05,0.3,10,260.8786678314209,59739.12133216858,5,26.08786678314209
0.55,0.8,0.25,0.25,0.15,0.05,0.1,9,269.52799701690674,59730.47200298309,7,29.94755522410075
0.45,0.6,0.25,0.25,0.1,0.05,0.3,8,237.7480010986328,59762.25199890137,4,29.7185001373291
0.45,0.7,0.25,0.25,0.1,0.05,0.3,8,237.7480010986328,59762.25199890137,4,29.7185001373291
0.5,0.6,0.25,0.25,0.1,0.1,0.3,8,237.7480010986328,59762.25199890137,4,29.7185001373291
0.5,0.7,0.25,0.25,0.1,0.1,0.3,8,237.7480010986328,59762.25199890137,4,29.7185001373291
0.55,0.6,0.25,0.25,0.1,0.15,0.3,8,237.7480010986328,59762.25199890137,4,29.7185001373291
0.55,0.6,0.25,0.35,0.1,0.05,0.3,8,237.7480010986328,59762.25199890137,4,29.7185001373291
0.55,0.6,0.25,0.35,0.15,0.05,0.3,8,237.7480010986328,59762.25199890137,4,29.7185001373291
0.55,0.6,0.35,0.25,0.1,0.05,0.3,8,237.7480010986328,59762.25199890137,4,29.7185001373291
0.55,0.7,0.25,0.25,0.1,0.15,0.3,8,237.7480010986328,59762.25199890137,4,29.7185001373291
0.55,0.7,0.25,0.35,0.1,0.05,0.3,8,237.7480010986328,59762.25199890137,4,29.7185001373291
0.55,0.7,0.25,0.35,0.15,0.05,0.3,8,237.7480010986328,59762.25199890137,4,29.7185001373291
0.55,0.7,0.35,0.25,0.1,0.05,0.3,8,237.7480010986328,59762.25199890137,4,29.7185001373291
0.55,0.8,0.25,0.25,0.15,0.15,0.3,8,219.64200115203857,59780.35799884796,5,27.455250144004822
0.55,0.8,0.35,0.25,0.15,0.05,0.3,8,219.64200115203857,59780.35799884796,5,27.455250144004822
0.55,0.6,0.25,0.25,0.2,0.05,0.2,8,84.30933380126953,59915.69066619873,4,10.538666725158691
0.55,0.7,0.25,0.25,0.2,0.05,0.2,8,84.30933380126953,59915.69066619873,4,10.538666725158691
0.55,0.8,0.25,0.25,0.1,0.15,0.3,7,208.07666778564453,59791.923332214355,4,29.725238255092076
0.55,0.8,0.25,0.35,0.1,0.05,0.3,7,208.07666778564453,59791.923332214355,4,29.725238255092076
0.55,0.8,0.25,0.35,0.15,0.05,0.3,7,208.07666778564453,59791.923332214355,4,29.725238255092076
0.55,0.8,0.35,0.25,0.1,0.05,0.3,7,208.07666778564453,59791.923332214355,4,29.725238255092076
0.45,0.8,0.25,0.25,0.15,0.05,0.3,7,183.20066738128662,59816.79933261871,5,26.171523911612375
0.5,0.8,0.25,0.25,0.15,0.1,0.3,7,183.20066738128662,59816.79933261871,5,26.171523911612375
0.5,0.8,0.25,0.25,0.15,0.05,0.2,7,131.3573341369629,59868.64266586304,7,18.765333448137557
0.55,0.8,0.25,0.25,0.15,0.1,0.2,7,131.3573341369629,59868.64266586304,7,18.765333448137557
0.5,0.6,0.25,0.25,0.1,0.05,0.2,6,178.40533447265625,59821.594665527344,3,29.734222412109375
0.5,0.7,0.25,0.25,0.1,0.05,0.2,6,178.40533447265625,59821.594665527344,3,29.734222412109375
0.55,0.6,0.25,0.25,0.1,0.1,0.2,6,178.40533447265625,59821.594665527344,3,29.734222412109375
0.55,0.7,0.25,0.25,0.1,0.1,0.2,6,178.40533447265625,59821.594665527344,3,29.734222412109375
0.45,0.8,0.25,0.25,0.1,0.05,0.3,6,171.63533401489258,59828.36466598511,4,28.605889002482098
0.5,0.8,0.25,0.25,0.1,0.1,0.3,6,171.63533401489258,59828.36466598511,4,28.605889002482098
0.5,0.6,0.25,0.25,0.2,0.05,0.3,6,128.65333366394043,59871.34666633606,3,21.442222277323406
0.5,0.7,0.25,0.25,0.2,0.05,0.3,6,128.65333366394043,59871.34666633606,3,21.442222277323406
0.55,0.6,0.25,0.25,0.2,0.1,0.3,6,128.65333366394043,59871.34666633606,3,21.442222277323406
0.55,0.7,0.25,0.25,0.2,0.1,0.3,6,128.65333366394043,59871.34666633606,3,21.442222277323406
0.5,0.8,0.25,0.25,0.1,0.05,0.2,4,118.8740005493164,59881.12599945068,4,29.7185001373291
0.55,0.8,0.25,0.25,0.1,0.1,0.2,4,118.8740005493164,59881.12599945068,4,29.7185001373291
0.5,0.6,0.25,0.25,0.1,0.05,0.3,4,105.52266693115234,59894.47733306885,2,26.380666732788086
0.5,0.6,0.25,0.25,0.15,0.05,0.3,4,105.52266693115234,59894.47733306885,2,26.380666732788086
0.5,0.7,0.25,0.25,0.1,0.05,0.3,4,105.52266693115234,59894.47733306885,2,26.380666732788086
0.5,0.7,0.25,0.25,0.15,0.05,0.3,4,105.52266693115234,59894.47733306885,2,26.380666732788086
0.55,0.6,0.25,0.25,0.1,0.1,0.3,4,105.52266693115234,59894.47733306885,2,26.380666732788086
0.55,0.6,0.25,0.25,0.15,0.1,0.3,4,105.52266693115234,59894.47733306885,2,26.380666732788086
0.55,0.7,0.25,0.25,0.1,0.1,0.3,4,105.52266693115234,59894.47733306885,2,26.380666732788086
0.55,0.7,0.25,0.25,0.15,0.1,0.3,4,105.52266693115234,59894.47733306885,2,26.380666732788086
0.55,0.8,0.25,0.25,0.2,0.05,0.2,4,42.154666900634766,59957.845333099365,4,10.538666725158691
0.5,0.8,0.25,0.25,0.2,0.05,0.3,3,64.32666683197021,59935.67333316803,3,21.442222277323406
0.55,0.8,0.25,0.25,0.2,0.1,0.3,3,64.32666683197021,59935.67333316803,3,21.442222277323406
0.5,0.8,0.25,0.25,0.1,0.05,0.3,2,52.76133346557617,59947.238666534424,2,26.380666732788086
0.5,0.8,0.25,0.25,0.15,0.05,0.3,2,52.76133346557617,59947.238666534424,2,26.380666732788086
0.55,0.8,0.25,0.25,0.1,0.1,0.3,2,52.76133346557617,59947.238666534424,2,26.380666732788086
0.55,0.8,0.25,0.25,0.15,0.1,0.3,2,52.76133346557617,59947.238666534424,2,26.380666732788086
0.55,0.8,0.25,0.25,0.1,0.05,0.1,2,19.749333381652832,59980.25066661835,2,9.874666690826416
0.55,0.6,0.25,0.25,0.1,0.05,0.1,2,19.73200035095215,59980.26799964905,1,9.866000175476074
0.55,0.7,0.25,0.25,0.1,0.05,0.1,2,19.73200035095215,59980.26799964905,1,9.866000175476074
0.55,0.6,0.25,0.25,0.1,0.05,0.2,0,0.0,60000.0,0,
0.55,0.6,0.25,0.25,0.1,0.05,0.3,0,0.0,60000.0,0,
0.55,0.6,0.25,0.25,0.15,0.05,0.2,0,0.0,60000.0,0,
0.55,0.6,0.25,0.25,0.15,0.05,0.3,0,0.0,60000.0,0,
0.55,0.6,0.25,0.25,0.2,0.05,0.3,0,0.0,60000.0,0,
0.55,0.7,0.25,0.25,0.1,0.05,0.2,0,0.0,60000.0,0,
0.55,0.7,0.25,0.25,0.1,0.05,0.3,0,0.0,60000.0,0,
0.55,0.7,0.25,0.25,0.15,0.05,0.2,0,0.0,60000.0,0,
0.55,0.7,0.25,0.25,0.15,0.05,0.3,0,0.0,60000.0,0,
0.55,0.7,0.25,0.25,0.2,0.05,0.3,0,0.0,60000.0,0,
0.55,0.8,0.25,0.25,0.1,0.05,0.2,0,0.0,60000.0,0,
0.55,0.8,0.25,0.25,0.1,0.05,0.3,0,0.0,60000.0,0,
0.55,0.8,0.25,0.25,0.15,0.05,0.2,0,0.0,60000.0,0,
0.55,0.8,0.25,0.25,0.15,0.05,0.3,0,0.0,60000.0,0,
0.55,0.8,0.25,0.25,0.2,0.05,0.3,0,0.0,60000.0,0,
