date,price,ema20,bb_low,vol,mkt_vol,cash_before_trade,contribution_cum,shares_before_trade,score,q_score,q_cash,q_exec,affordable_lots,wish_lots,buy_lots,buy_shares,cost,shortage,value,bb,trend,risk
2014-01-02,10.006667137145996,10.006667137145996,,,0.14749715476430347,500.0,500.0,0,0.35,0.0,0.0,0.0,49,0,0,0,0.0,1.0,0.0,0.0,0.0,0.0
2014-01-03,9.970666885375977,10.003238541739327,,,0.14749715476430347,500.0,500.0,0,0.5056981944795201,0.1012694445082184,1.0,0.3708886111557529,50,2,2,2,19.941333770751953,1.0,0.016280555655772053,0.0,1.0,0.0
2014-01-06,9.800000190734863,9.98388250831033,,,0.14749715476430347,480.05866622924805,500.0,2,0.5182539189227966,0.1240980344050847,1.0,0.3868686240835593,48,2,2,2,19.600000381469727,0.9600644699667586,0.09208958409837452,0.0,1.0,0.0
2014-01-07,9.957332611083984,9.981353946669724,,,0.14749715476430347,460.4586658477783,500.0,4,0.47626379562380294,0.04775235567964169,1.0,0.33342664897574925,46,2,2,2,19.91466522216797,0.9201491684266422,0.01203310478422351,0.0,1.0,0.0
2014-01-08,10.085332870483398,9.991256701318646,,,0.14749715476430347,440.54400062561035,500.0,6,0.3080367218544617,0.0,0.0,0.0,43,0,0,0,0.0,0.8801049195841762,0.0,0.0,0.0,0.0
2014-01-09,9.835332870483398,9.97640681266767,,,0.14749715476430347,440.54400062561035,500.0,6,0.4828454157356583,0.059718937701196906,1.0,0.34180325639083786,44,2,2,2,19.670665740966797,0.880283118247988,0.07070378385389313,0.0,1.0,0.0
2014-01-10,9.714667320251465,9.951479241961366,,,0.14749715476430347,420.87333488464355,500.0,8,0.4859158631015842,0.0653015692756076,1.0,0.34571109849292536,43,2,2,2,19.42933464050293,0.8407763321286181,0.11898327673305119,0.0,1.0,0.0
2014-01-13,9.28933334350586,9.888417727822747,,,0.14749715476430347,401.4440002441406,500.0,10,0.5368038695828083,0.15782521742328787,1.0,0.41047765219630156,43,2,2,2,18.57866668701172,0.8022316454435451,0.30292226765019303,0.0,1.0,0.0
2014-01-14,10.751333236694336,9.970600157239089,,,0.14749715476430347,382.8653335571289,500.0,12,0.2662469586791916,0.0,0.0,0.0,35,0,0,0,0.0,0.7607055962262619,0.0,0.0,0.0,0.0
2014-01-15,10.942000389099121,10.063114465035282,,,0.14749715476430347,382.8653335571289,500.0,12,0.2654698384937036,0.0,0.0,0.0,34,0,0,0,0.0,0.7584852528391532,0.0,0.0,0.0,0.0
2014-01-16,11.39799976348877,10.190246398221328,,,0.14749715476430347,382.8653335571289,500.0,12,0.2644019302549408,0.0,0.0,0.0,33,0,0,0,0.0,0.7554340864426881,0.0,0.0,0.0,0.0
2014-01-17,11.333999633789062,10.299175277799208,,,0.14749715476430347,382.8653335571289,500.0,12,0.2634869276664866,0.0,0.0,0.0,33,0,0,0,0.0,0.752819793332819,0.0,0.0,0.0,0.0
2014-01-21,11.778667449951172,10.440079294194634,,,0.14749715476430347,382.8653335571289,500.0,12,0.2623033339287651,0.0,0.0,0.0,32,0,0,0,0.0,0.7494380969393288,0.0,0.0,0.0,0.0
2014-01-22,11.904000282287598,10.579500340679678,,,0.14749715476430347,382.8653335571289,500.0,12,0.26113219713829067,0.0,0.0,0.0,32,0,0,0,0.0,0.7460919918236877,0.0,0.0,0.0,0.0
2014-01-23,12.100000381469727,10.724309868373968,,,0.14749715476430347,382.8653335571289,500.0,12,0.25991579710565865,0.0,0.0,0.0,31,0,0,0,0.0,0.7426165631590248,0.0,0.0,0.0,0.0
2014-01-24,11.640000343322754,10.811518485035759,,,0.14749715476430347,382.8653335571289,500.0,12,0.2591832447256996,0.0,0.0,0.0,32,0,0,0,0.0,0.7405235563591418,0.0,0.0,0.0,0.0
2014-01-27,11.307999610900879,10.858802401784818,,,0.14749715476430347,382.8653335571289,500.0,12,0.2587860598250075,0.0,0.0,0.0,33,0,0,0,0.0,0.7393887423571643,0.0,0.0,0.0,0.0
2014-01-28,11.892000198364258,10.957202191935242,,,0.14749715476430347,382.8653335571289,500.0,12,0.25795950158774394,0.0,0.0,0.0,32,0,0,0,0.0,0.7370271473935542,0.0,0.0,0.0,0.0
2014-01-29,11.682000160217285,11.026230569866865,,,0.14749715476430347,382.8653335571289,500.0,12,0.25737966321311834,0.0,0.0,0.0,32,0,0,0,0.0,0.7353704663231952,0.0,0.0,0.0,0.0
2014-01-30,12.189332962036133,11.137002226263938,9.234082595440329,,0.14749715476430347,382.8653335571289,500.0,12,0.25644918129938293,0.0,0.0,0.0,31,0,0,0,0.0,0.7327119465696655,0.0,0.0,0.0,0.0
2014-01-31,12.093999862670898,11.228144858302697,9.297890984540924,0.7025158986839332,0.12559793276128325,382.8653335571289,500.0,12,0.05568358319025729,0.0,0.0,0.0,31,0,0,0,0.0,0.7305245234007353,0.0,0.0,0.0,1.0
2014-02-03,11.807332992553711,11.283305632993269,9.381347227181598,0.7113967377771039,0.1468146770411605,882.8653335571289,1000.0,12,0.10261011634142825,0.0,0.0,0.0,74,0,0,0,0.0,0.8646003324040807,0.0,0.0,0.0,1.0
2014-02-04,11.915332794189453,11.343498695964335,9.50593128308154,0.7044920474322753,0.15112775085353608,882.8653335571289,1000.0,12,0.10235730547694977,0.0,0.0,0.0,74,0,0,0,0.0,0.8638780156484279,0.0,0.0,0.0,1.0
2014-02-05,11.628000259399414,11.370594082958153,9.617261520356275,0.7147999128996171,0.14812095602964767,882.8653335571289,1000.0,12,0.10224350485157574,0.0,0.0,0.0,75,0,0,0,0.0,0.8635528710045022,0.0,0.0,0.0,1.0
2014-02-06,11.892000198364258,11.420251808234925,9.737979440089418,0.7164130927295504,0.15708934017883702,882.8653335571289,1000.0,12,0.10203494240541328,0.0,0.0,0.0,74,0,0,0,0.0,0.8629569783011809,0.0,0.0,0.0,1.0
2014-02-07,12.435333251953125,11.516926231446181,9.929897473644791,0.7157604903794633,0.16584330872864478,882.8653335571289,1000.0,12,0.101628909827926,0.0,0.0,0.0,70,0,0,0,0.0,0.8617968852226459,0.0,0.0,0.0,1.0
2014-02-10,13.104000091552734,11.6680761228849,10.154772152720092,0.723535904155386,0.1656642388870905,882.8653335571289,1000.0,12,0.1009940802838834,0.0,0.0,0.0,67,0,0,0,0.0,0.8599830865253812,0.0,0.0,0.0,1.0
2014-02-11,13.107999801635742,11.80521171133736,10.620262553669464,0.6914214779111251,0.16522287282800285,882.8653335571289,1000.0,12,0.10041811081238305,0.0,0.0,0.0,67,0,0,0,0.0,0.8583374594639517,0.0,0.0,0.0,1.0
2014-02-12,13.021332740783691,11.921032761760822,10.742385320734718,0.4599287456994061,0.16026703460798247,882.8653335571289,1000.0,12,0.09993166240060453,0.0,0.0,0.0,67,0,0,0,0.0,0.8569476068588702,0.0,0.0,0.0,1.0
2014-02-13,13.308667182922363,12.053188420919064,10.8299414878888,0.46114809948488966,0.1605842564317003,882.8653335571289,1000.0,12,0.09937660863213993,0.0,0.0,0.0,66,0,0,0,0.0,0.8553617389489713,0.0,0.0,0.0,1.0
2014-02-14,13.215332984924316,12.16386885558623,10.884295925229916,0.44935737983364193,0.1616144170702844,882.8653335571289,1000.0,12,0.0989117508065378,0.0,0.0,0.0,66,0,0,0,0.0,0.8540335737329652,0.0,0.0,0.0,1.0
2014-02-18,13.579999923706055,12.298738481121452,10.935787505042102,0.45166320061208676,0.16105473471993037,882.8653335571289,1000.0,12,0.09834529837928985,0.0,0.0,0.0,65,0,0,0,0.0,0.8524151382265426,0.0,0.0,0.0,1.0
2014-02-19,12.909333229064941,12.356890361877975,10.987741813324005,0.4826663740410989,0.162387751114043,882.8653335571289,1000.0,12,0.09810106048011247,0.0,0.0,0.0,68,0,0,0,0.0,0.8517173156574643,0.0,0.0,0.0,1.0
2014-02-20,13.998000144958496,12.513186531695167,10.973696232292411,0.5588884003898648,0.16395188637613334,882.8653335571289,1000.0,12,0.09744461656688025,0.0,0.0,0.0,63,0,0,0,0.0,0.849841761619658,0.0,0.0,0.0,1.0
2014-02-21,13.973333358764648,12.652248134273213,10.978145592356235,0.5592809580709089,0.16082532444196695,882.8653335571289,1000.0,12,0.09686055783605246,0.0,0.0,0.0,63,0,0,0,0.0,0.8481730223887214,0.0,0.0,0.0,1.0
2014-02-24,14.510000228881836,12.82917690518832,10.993861586514392,0.5417542340912753,0.14113493772063648,882.8653335571289,1000.0,12,0.096117456998209,0.0,0.0,0.0,60,0,0,0,0.0,0.8460498771377402,0.0,0.0,0.0,1.0
2014-02-25,16.53333282470703,13.181953659428196,10.770778822727792,0.6856390748366804,0.13952917332184495,882.8653335571289,1000.0,12,0.09463579463040156,0.0,0.0,0.0,53,0,0,0,0.0,0.8418165560868617,0.0,0.0,0.0,1.0
2014-02-26,16.866666793823242,13.532878719846773,10.605689245568056,0.6754121022148876,0.13868730838863844,882.8653335571289,1000.0,12,0.09316190937664354,0.0,0.0,0.0,52,0,0,0,0.0,0.8376054553618387,0.0,0.0,0.0,1.0
2014-02-27,16.836000442504883,13.847461741052307,10.589889933086273,0.6664614082578932,0.13201135642992926,882.8653335571289,1000.0,12,0.09184066068758029,0.0,0.0,0.0,52,0,0,0,0.0,0.8338304591073723,0.0,0.0,0.0,1.0
2014-02-28,16.320667266845703,14.083005124461202,10.642233248482311,0.6824480498792368,0.1276834844780801,882.8653335571289,1000.0,12,0.09085137847726293,0.0,0.0,0.0,54,0,0,0,0.0,0.8310039385064656,0.0,0.0,0.0,1.0
2014-03-03,16.70400047302246,14.332623729086084,10.718269838641458,0.6772633321720438,0.12850780458381772,1382.865333557129,1500.0,12,0.1098686535585589,0.0,0.0,0.0,82,0,0,0,0.0,0.8853390101673113,0.0,0.0,0.0,1.0
2014-03-04,16.98933219909668,14.585643583372807,10.856761225031379,0.6599210384986832,0.09968562047332305,1382.865333557129,1500.0,12,0.10916019796655613,0.0,0.0,0.0,81,0,0,0,0.0,0.8833148513330176,0.0,0.0,0.0,1.0
2014-03-05,16.8439998626709,14.80072513378215,11.040249954319403,0.666436618633935,0.09936972976248896,1382.865333557129,1500.0,12,0.10855796962540992,0.0,0.0,0.0,82,0,0,0,0.0,0.8815941989297428,0.0,0.0,0.0,1.0
2014-03-06,16.862667083740234,14.997100557587682,11.317918930386558,0.6510017058504111,0.0975823927664176,1382.865333557129,1500.0,12,0.10800811843875446,0.0,0.0,0.0,82,0,0,0,0.0,0.8800231955392985,0.0,0.0,0.0,1.0
2014-03-07,16.413999557495117,15.132043319483628,11.614416306736837,0.671026256336953,0.09207974867689617,1382.865333557129,1500.0,12,0.10763027870544578,0.0,0.0,0.0,84,0,0,0,0.0,0.878943653444131,0.0,0.0,0.0,1.0
2014-03-10,15.922666549682617,15.20734076997877,11.857532480219426,0.681829989083201,0.0840402168043079,1382.865333557129,1500.0,12,0.10741944584405938,0.0,0.0,0.0,86,0,0,0,0.0,0.8783412738401698,0.0,0.0,0.0,1.0
2014-03-11,15.62733268737793,15.247340000207263,12.018410633734618,0.6731275243623219,0.08792625860522141,1382.865333557129,1500.0,12,0.10730744799941966,0.0,0.0,0.0,88,0,0,0,0.0,0.8780212799983419,0.0,0.0,0.0,1.0
2014-03-12,16.099332809448242,15.328482172515928,12.228581840340112,0.6759785156174498,0.08102240885781849,1382.865333557129,1500.0,12,0.10708024991695536,0.0,0.0,0.0,85,0,0,0,0.0,0.8773721426198726,0.0,0.0,0.0,1.0
2014-03-13,15.852666854858398,15.37840452321521,12.46906930086787,0.6797108870601506,0.09324882852660658,1382.865333557129,1500.0,12,0.1069404673349974,0.0,0.0,0.0,87,0,0,0,0.0,0.8769727638142784,0.0,0.0,0.0,1.0
2014-03-14,15.39799976348877,15.380270736574596,12.653117464171272,0.6922261075742075,0.09206949186057525,1382.865333557129,1500.0,12,0.10693524193759113,0.0,0.0,0.0,89,0,0,0,0.0,0.8769578341074032,0.0,0.0,0.0,1.0
2014-03-17,15.59866714477539,15.401070394498483,12.909555133364258,0.690044684594992,0.09663986782504799,1382.865333557129,1500.0,12,0.10687700289540425,0.0,0.0,0.0,88,0,0,0,0.0,0.8767914368440122,0.0,0.0,0.0,1.0
2014-03-18,16.002666473388672,15.458365259154691,13.172075077399256,0.6894709263492267,0.09948732773617507,1382.865333557129,1500.0,12,0.10671657727436684,0.0,0.0,0.0,86,0,0,0,0.0,0.8763330779267625,0.0,0.0,0.0,1.0
2014-03-19,15.72266674041748,15.483536828798766,13.647682206528813,0.6623535809188023,0.09910927824923811,1382.865333557129,1500.0,12,0.10664609687936338,0.0,0.0,0.0,87,0,0,0,0.0,0.8761317053696098,0.0,0.0,0.0,1.0
2014-03-20,15.660667419433594,15.500406408859225,13.90226465514407,0.6037052080824146,0.09911551165167445,1382.865333557129,1500.0,12,0.10659886205519414,0.0,0.0,0.0,88,0,0,0,0.0,0.8759967487291263,0.0,0.0,0.0,1.0
2014-03-21,15.259332656860352,15.477447003906953,14.147999210123503,0.6137796457389428,0.09956057185668642,1382.865333557129,1500.0,12,0.2813248453236518,0.0,0.0,0.0,90,0,0,0,0.0,0.8761804239687444,0.07046199124168953,0.0,1.0,1.0
2014-03-24,14.678000450134277,15.401309236880984,14.112698628080059,0.618746801794372,0.09941223493059011,1382.865333557129,1500.0,12,0.33906352727324857,0.0,0.0,0.0,94,0,0,0,0.0,0.8767895261049521,0.23482055181861541,0.0,1.0,1.0
2014-03-25,14.696000099182129,15.33413693805252,13.917134531028903,0.3419319825843783,0.10025307856752619,1382.865333557129,1500.0,12,0.3298914346530902,0.0,0.0,0.0,94,0,0,0,0.0,0.8773269044955798,0.20807719451324933,0.0,1.0,1.0
2014-03-26,14.197333335876465,15.225869928321467,13.651430400222125,0.34168270415466007,0.10379973073803417,1382.865333557129,1500.0,12,0.37558340639903026,0.0,0.0,0.0,97,0,0,0,0.0,0.8781930405734283,0.3377595491380867,0.0,1.0,1.0
2014-03-27,13.821332931518555,15.092104500054523,13.33469776670636,0.3466048220728977,0.10250111989296569,1382.865333557129,1500.0,12,0.4050940055350551,0.0,0.0,0.0,100,0,0,0,0.0,0.8792631639995638,0.4210054232434507,0.0,1.0,1.0
2014-03-28,14.157999992370605,15.003142165989388,13.135177382243105,0.3571513353636474,0.10340734354212859,1382.865333557129,1500.0,12,0.3565704720287712,0.0,0.0,0.0,97,0,0,0,0.0,0.8799748626720849,0.2816550574101186,0.0,1.0,1.0
2014-03-31,13.896666526794434,14.897763533685106,12.950813961907066,0.340558488551772,0.10324891568790254,1382.865333557129,1500.0,12,0.3758824206228603,0.0,0.0,0.0,99,0,0,0,0.0,0.8808178917305192,0.3359890243347961,0.0,1.0,1.0
2014-04-01,14.464667320251465,14.856516275262855,12.994705449949201,0.373542010824188,0.09133253375211288,1882.865333557129,2000.0,12,0.3149585480131671,0.0,0.0,0.0,130,0,0,0,0.0,0.9108609023484229,0.131877806260626,0.0,1.0,1.0
2014-04-02,15.352666854858398,14.903768711414811,13.177914079684298,0.4468592389263575,0.09175480905366785,1882.865333557129,2000.0,12,0.11870208570602886,0.0,0.0,0.0,122,0,0,0,0.0,0.9105773877315111,0.0,0.0,0.0,1.0
2014-04-03,15.026666641235352,14.915473276159624,13.355804451855075,0.4503289124359804,0.09179708684198104,1882.865333557129,2000.0,12,0.11867750612006478,0.0,0.0,0.0,125,0,0,0,0.0,0.9105071603430422,0.0,0.0,0.0,1.0
2014-04-04,14.148667335510254,14.842444138954923,13.327919352270849,0.4832011096601222,0.10250802596099665,1882.865333557129,2000.0,12,0.3506306972190692,0.0,0.0,0.0,133,0,0,0,0.0,0.9109453351662704,0.23371379974535597,0.0,1.0,1.0
2014-04-07,13.834667205810547,14.746465383417362,13.189483185630253,0.4790834789930072,0.10898922871124866,1882.865333557129,2000.0,12,0.37723779729301415,0.0,0.0,0.0,136,0,0,0,0.0,0.9115212076994959,0.3091582131376876,0.0,1.0,1.0
2014-04-08,14.36400032043457,14.710040139323763,13.162043369697559,0.5021348802695236,0.10893957067867724,1882.865333557129,2000.0,12,0.3102760150029034,0.0,0.0,0.0,131,0,0,0,0.0,0.9117397591640575,0.11762028370138086,0.0,1.0,1.0
2014-04-09,14.461999893188477,14.68641725873945,13.232573418068542,0.487831894909679,0.11612593827345097,1882.865333557129,2000.0,12,0.29589958543256417,0.0,0.0,0.0,130,0,0,0,0.0,0.9118814964475633,0.07640303335976283,0.0,1.0,1.0
2014-04-10,13.612667083740234,14.584155337310953,13.117040637492849,0.5231809515420646,0.1320247945769807,1882.865333557129,2000.0,12,0.38594529352318024,0.0,0.0,0.0,138,0,0,0,0.0,0.9124950679761343,0.3330629135186664,0.0,1.0,1.0
2014-04-11,13.585332870483398,14.48902938808928,12.975621034132912,0.5171010815152481,0.1357618517725866,1882.865333557129,2000.0,12,0.37872244115048953,0.0,0.0,0.0,138,0,0,0,0.0,0.9130658236714643,0.3118554367585058,0.0,1.0,1.0
2014-04-14,13.206000328063965,14.366836144277347,12.799476850235312,0.5178179051034885,0.1344443804495161,1882.865333557129,2000.0,12,0.4112290905703177,0.0,0.0,0.0,142,0,0,0,0.0,0.9137989831343359,0.4039984184951432,0.0,1.0,1.0
2014-04-15,12.927332878112793,14.229740595118818,12.676648991060965,0.5039563094886494,0.1340913504315569,1882.865333557129,2000.0,12,0.4302900714049089,0.0,0.0,0.0,145,0,0,0,0.0,0.9146215564292871,0.45763579044188113,0.0,1.0,1.0
2014-04-16,13.27400016784668,14.138717697283376,12.655514091301795,0.5196748771044825,0.13816622915505755,1882.865333557129,2000.0,12,0.37733789512361643,0.0,0.0,0.0,141,0,0,0,0.0,0.9151676938162997,0.30579772082260454,0.0,1.0,1.0
2014-04-17,13.208000183105469,14.050077934028335,12.661950495340589,0.5195832712859504,0.1364761748613062,1882.865333557129,2000.0,12,0.3753793836723293,0.0,0.0,0.0,142,0,0,0,0.0,0.91569953239583,0.2996701352393966,0.0,1.0,1.0
2014-04-21,13.625332832336426,14.009626019581487,12.717638862123527,0.5333170878886079,0.1367430942665794,1882.865333557129,2000.0,12,0.3185834277643846,0.0,0.0,0.0,138,0,0,0,0.0,0.9159422438825111,0.13715326401573055,0.0,1.0,1.0
2014-04-22,14.576000213623047,14.063566419014018,12.781633746749936,0.5802167768215983,0.13605568657419584,1882.865333557129,2000.0,12,0.12046651052007051,0.0,0.0,0.0,129,0,0,0,0.0,0.9156186014859159,0.0,0.0,0.0,1.0
2014-04-23,13.866000175476074,14.04475058629612,12.801553293986082,0.6056580857330308,0.13564619794195962,1882.865333557129,2000.0,12,0.29277863138918686,0.0,0.0,0.0,135,0,0,0,0.0,0.9157314964822233,0.06363602177259652,0.0,1.0,1.0
2014-04-24,13.857333183288574,14.02690130981921,12.786901698768522,0.5939497501065533,0.1329292527259056,1882.865333557129,2000.0,12,0.29169887256309185,0.0,0.0,0.0,135,0,0,0,0.0,0.9158385921410848,0.060443900896320665,0.0,1.0,1.0
2014-04-25,13.323332786560059,13.95989478379453,12.688288664983574,0.6024097603892804,0.13633253783143395,1882.865333557129,2000.0,12,0.35048306703512816,0.0,0.0,0.0,141,0,0,0,0.0,0.9162406312972328,0.2279967030888478,0.0,1.0,1.0
2014-04-28,13.234000205993652,13.890761966861113,12.586029322791694,0.5950089815139847,0.13584656160655265,1882.865333557129,2000.0,12,0.3535702231779166,0.0,0.0,0.0,142,0,0,0,0.0,0.9166554281988333,0.23640235230950005,0.0,1.0,1.0
2014-04-29,13.79466724395752,13.881610088489342,12.576152664538544,0.6125620327634407,0.13395885172422062,1882.865333557129,2000.0,12,0.2818091613564854,0.0,0.0,0.0,136,0,0,0,0.0,0.916710339469064,0.031315835835180224,0.0,1.0,1.0
2014-04-30,13.859333038330078,13.87948846466465,12.60265133386106,0.5939873254577698,0.1319712861816598,1882.865333557129,2000.0,12,0.27339437797436034,0.0,0.0,0.0,135,0,0,0,0.0,0.9167230692120121,0.007260867857588942,0.0,1.0,1.0
2014-05-01,13.84866714477539,13.876553100865673,12.810953612104358,0.5457577483231445,0.13153732649134955,2382.865333557129,2500.0,12,0.28020414475698624,0.0,0.0,0.0,172,0,0,0,0.0,0.9333925451158448,0.01004786847554468,0.0,1.0,1.0
2014-05-02,14.060667037963867,13.894087761541691,12.990893563069106,0.5463826908192774,0.13156135179078143,2382.865333557129,2500.0,12,0.12665793256060992,0.0,0.0,0.0,169,0,0,0,0.0,0.9333083787445999,0.0,0.0,0.0,1.0
2014-05-05,14.440667152404785,13.94614294162389,13.0060001228145,0.5141398118610401,0.12327700102907896,2382.865333557129,2500.0,12,0.12657047985807185,0.0,0.0,0.0,165,0,0,0,0.0,0.9330585138802053,0.0,0.0,0.0,1.0
2014-05-06,13.8186674118042,13.934002414974396,12.994142923703713,0.5319458170658956,0.12127740689892519,2382.865333557129,2500.0,12,0.2910760360236922,0.0,0.0,0.0,172,0,0,0,0.0,0.9331167884081228,0.04138617165956923,0.0,1.0,1.0
2014-05-07,13.423333168029785,13.885367248598717,12.982034249651267,0.5218075185536614,0.12209050143705209,2382.865333557129,2500.0,12,0.3349036421308,0.0,0.0,0.0,177,0,0,0,0.0,0.9333502372067262,0.16637445459555977,0.0,1.0,1.0
2014-05-08,11.906000137329102,13.696856095144469,12.555477679523026,0.6499903874788818,0.11614043655059733,2382.865333557129,2500.0,12,0.655800762614358,0.37418320475337824,1.0,0.5619282433273648,200,3,3,3,35.718000411987305,0.9342550907433066,0.6537470881548595,1.0,1.0,1.0
2014-05-09,12.150667190551758,13.549600008992781,12.243680640325874,0.6299285568944725,0.08562351778357893,2347.1473331451416,2500.0,15,0.6022251538093448,0.2767730069260815,1.0,0.49374110484825706,193,2,2,2,24.301334381103516,0.9187023999460433,0.5162266109377993,1.0,1.0,1.0
2014-05-12,12.311332702636719,13.431669789339823,12.023169520488487,0.6331667947174641,0.08066036405939626,2322.845998764038,2500.0,17,0.4140003225824252,0.0,0.0,0.0,188,0,0,0,0.0,0.9086646454324891,0.41705056194586876,0.0,1.0,1.0
2014-05-13,12.677332878112793,13.359828178746772,11.913843524731291,0.6374966721706741,0.0776314449927649,2322.845998764038,2500.0,17,0.3576034694814046,0.0,0.0,0.0,183,0,0,0,0.0,0.909153168384522,0.25542817299091986,0.0,1.0,1.0
2014-05-14,12.708000183105469,13.297749322019028,11.833171718760306,0.6332367947852344,0.07858760586221059,2322.845998764038,2500.0,17,0.3459630612792703,0.0,0.0,0.0,182,0,0,0,0.0,0.9095753046102706,0.22174772761621597,0.0,1.0,1.0
2014-05-15,12.572667121887207,13.228693874387426,11.71871793959992,0.6260571458081711,0.07916681962399431,2322.845998764038,2500.0,17,0.355300301810657,0.0,0.0,0.0,184,0,0,0,0.0,0.9100448816541655,0.2479559806619977,0.0,1.0,1.0
2014-05-16,12.77066707611084,13.18507227455156,11.653132487487904,0.6290440453846371,0.08006215864280986,2322.845998764038,2500.0,17,0.32362181255280226,0.0,0.0,0.0,181,0,0,0,0.0,0.9103415085330494,0.15714938447495716,0.0,1.0,1.0
2014-05-19,13.072667121887207,13.17436702191686,11.644067352885562,0.6242093269331097,0.08010194521857956,2322.845998764038,2500.0,17,0.282154181141604,0.0,0.0,0.0,177,0,0,0,0.0,0.9104143042509654,0.038597641867903314,0.0,1.0,1.0
2014-05-20,13.020000457763672,13.15966544437846,11.745815065961693,0.564894308159131,0.08235279612234045,2322.845998764038,2500.0,17,0.287252940031029,0.0,0.0,0.0,178,0,0,0,0.0,0.9105142749782265,0.05306555368185667,0.0,1.0,1.0
2014-05-21,13.296667098999023,13.17271322100899,11.789698438641208,0.5474136479629602,0.08697971335105366,2322.845998764038,2500.0,17,0.1186489425339986,0.0,0.0,0.0,174,0,0,0,0.0,0.9104255500971389,0.0,0.0,0.0,1.0
2014-05-22,13.658666610717773,13.21899449621935,11.852886267158382,0.556851617092918,0.08714419766197086,2322.845998764038,2500.0,17,0.1185387930989979,0.0,0.0,0.0,170,0,0,0,0.0,0.9101108374257084,0.0,0.0,0.0,1.0
2014-05-23,13.819999694824219,13.276233086562671,11.882704224900964,0.5391718561739455,0.08208393759408768,2322.845998764038,2500.0,17,0.1184025652539808,0.0,0.0,0.0,168,0,0,0,0.0,0.9097216150113738,0.0,0.0,0.0,1.0
2014-05-27,14.104000091552734,13.35506803941887,11.906754204062684,0.5417370319577421,0.08364462213567586,2322.845998764038,2500.0,17,0.11821493806618305,0.0,0.0,0.0,164,0,0,0,0.0,0.9091855373319517,0.0,0.0,0.0,1.0
2014-05-28,14.015999794006348,13.418013920808153,11.949442056280981,0.5229553914767087,0.08286508228613214,2322.845998764038,2500.0,17,0.11806512686847653,0.0,0.0,0.0,165,0,0,0,0.0,0.9087575053385045,0.0,0.0,0.0,1.0
2014-05-29,14.015999794006348,13.474964956350838,11.991712122850444,0.5228219065424918,0.0841014757726292,2322.845998764038,2500.0,17,0.11792958340388499,0.0,0.0,0.0,165,0,0,0,0.0,0.9083702382968143,0.0,0.0,0.0,1.0
2014-05-30,13.851332664489746,13.510809499983115,12.02734281089278,0.5247925042367304,0.08405077093303658,2322.845998764038,2500.0,17,0.11784427339004017,0.0,0.0,0.0,167,0,0,0,0.0,0.9081264954001148,0.0,0.0,0.0,1.0
2014-06-02,13.646666526794434,13.523748264441336,12.0747138040409,0.524440206899179,0.08358296205044982,2822.845998764038,3000.0,17,0.12317789927552464,0.0,0.0,0.0,206,0,0,0,0.0,0.9233654265014991,0.0,0.0,0.0,1.0
2014-06-03,13.662667274475098,13.536978646349313,12.182235804844979,0.5140761973589529,0.08371256256643153,2822.845998764038,3000.0,17,0.12315165901807384,0.0,0.0,0.0,206,0,0,0,0.0,0.9232904543373539,0.0,0.0,0.0,1.0
2014-06-04,13.599332809448242,13.54291713807302,12.204956347800572,0.49118082892538795,0.07484195934938503,2822.845998764038,3000.0,17,0.12313988100948847,0.0,0.0,0.0,207,0,0,0,0.0,0.9232568028842529,0.0,0.0,0.0,1.0
2014-06-05,13.793333053588867,13.566766272884053,12.206582538097104,0.48192028268058906,0.07555545007087303,2822.845998764038,3000.0,17,0.12309258022544661,0.0,0.0,0.0,204,0,0,0,0.0,0.9231216577869904,0.0,0.0,0.0,1.0
2014-06-06,13.878000259399414,13.596407604933134,12.360981862571142,0.21930469176020084,0.07538105135918731,2822.845998764038,3000.0,17,0.12303379158354927,0.0,0.0,0.0,203,0,0,0,0.0,0.9229536902387122,0.0,0.0,0.0,1.0
2014-06-09,13.687333106994629,13.605067176558038,12.49391668632994,0.22648619741058124,0.07545241799752835,2822.845998764038,3000.0,17,0.12301661676649317,0.0,0.0,0.0,206,0,0,0,0.0,0.9229046193328377,0.0,0.0,0.0,1.0
2014-06-10,13.486666679382324,13.593790938731779,12.609842008473976,0.23622122716758218,0.0699366576154439,2822.845998764038,3000.0,17,0.28682964902266744,0.0,0.0,0.0,209,0,0,0,0.0,0.9229685180138533,0.03940190776519645,0.0,1.0,1.0
2014-06-11,13.631333351135254,13.597366406579729,12.684665980034353,0.21845155391028576,0.07206363667114139,2822.845998764038,3000.0,17,0.12303188996028352,0.0,0.0,0.0,207,0,0,0,0.0,0.9229482570293815,0.0,0.0,0.0,1.0
2014-06-12,13.567999839782715,13.594569590694299,12.764588859471177,0.22044178211360574,0.07510014430045293,2822.845998764038,3000.0,17,0.27645770444518797,0.0,0.0,0.0,208,0,0,0,0.0,0.9229641056527323,0.009772192762090567,0.0,1.0,1.0
2014-06-13,13.761333465576172,13.610451864492571,12.918712457604352,0.21713144149198213,0.06434035895472043,2822.845998764038,3000.0,17,0.12300593713542307,0.0,0.0,0.0,205,0,0,0,0.0,0.9228741061012088,0.0,0.0,0.0,1.0
2014-06-16,14.973999977111816,13.740313589503929,12.925299221169883,0.36676358096235034,0.06395548195632335,2822.845998764038,3000.0,17,0.12274837804748384,0.0,0.0,0.0,188,0,0,0,0.0,0.9221382229928111,0.0,0.0,0.0,1.0
2014-06-17,15.444666862487793,13.902632948835725,12.836884872316963,0.3721045760792215,0.06344329800797618,2822.845998764038,3000.0,17,0.12242644465147579,0.0,0.0,0.0,182,0,0,0,0.0,0.9212184132899309,0.0,0.0,0.0,1.0
2014-06-18,15.141332626342773,14.02060434669354,12.881204912044298,0.38310831389614947,0.0596407485217163,2822.845998764038,3000.0,17,0.12219246804572448,0.0,0.0,0.0,186,0,0,0,0.0,0.92054990870207,0.0,0.0,0.0,1.0
2014-06-19,15.185999870300293,14.13159439656085,12.910557969126222,0.38010994097800016,0.05544633182904043,2822.845998764038,3000.0,17,0.12197233778015426,0.0,0.0,0.0,185,0,0,0,0.0,0.9199209650861552,0.0,0.0,0.0,1.0
2014-06-20,15.305999755859375,14.243442526017851,12.91499219327142,0.3725380002628481,0.055416507292608976,2822.845998764038,3000.0,17,0.12175050565673123,0.0,0.0,0.0,184,0,0,0,0.0,0.9192871590192322,0.0,0.0,0.0,1.0
2014-06-23,15.814666748046875,14.393082928115854,12.87609421949991,0.3845654583471006,0.055064859847248196,2822.845998764038,3000.0,17,0.12145371885923689,0.0,0.0,0.0,178,0,0,0,0.0,0.9184391967406769,0.0,0.0,0.0,1.0
2014-06-24,15.5,14.49850360162863,12.880517999643354,0.3924296657631043,0.05945959910988736,2822.845998764038,3000.0,17,0.12124463452343648,0.0,0.0,0.0,182,0,0,0,0.0,0.9178418129241044,0.0,0.0,0.0,1.0
2014-06-25,15.792667388916016,14.621757295656,12.878755162619111,0.39300890352709344,0.06045492167655169,2822.845998764038,3000.0,17,0.12100018136361557,0.0,0.0,0.0,178,0,0,0,0.0,0.917143375324616,0.0,0.0,0.0,1.0
2014-06-26,15.706666946411133,14.725082024299345,12.895989365169832,0.3946325479618353,0.059053958782259275,2822.845998764038,3000.0,17,0.12079525398513957,0.0,0.0,0.0,179,0,0,0,0.0,0.9165578685289704,0.0,0.0,0.0,1.0
2014-06-27,15.937333106994629,14.840534508365563,12.924531155103208,0.38999759163482534,0.05906767978299177,2822.845998764038,3000.0,17,0.1205662732250749,0.0,0.0,0.0,177,0,0,0,0.0,0.9159036377859284,0.0,0.0,0.0,1.0
2014-06-30,16.003999710083008,14.95134071805294,12.986613868618125,0.3814667155011283,0.05925617717011472,2822.845998764038,3000.0,17,0.12034650757586163,0.0,0.0,0.0,176,0,0,0,0.0,0.9152757359310333,0.0,0.0,0.0,1.0
2014-07-01,15.981332778930664,15.049435200041295,13.067327325065907,0.38221496633536867,0.06242267468539309,3322.845998764038,3500.0,17,0.12441596015992978,0.0,0.0,0.0,207,0,0,0,0.0,0.9269027433140852,0.0,0.0,0.0,1.0
2014-07-02,15.295332908630371,15.07285402943073,13.165052854507824,0.42134449823647857,0.062412560752657505,3322.845998764038,3500.0,17,0.12437614814996772,0.0,0.0,0.0,217,0,0,0,0.0,0.9267889947141936,0.0,0.0,0.0,1.0
2014-07-03,15.283332824707031,15.092899628980852,13.250920266088785,0.4209194632599836,0.06133141945137989,3322.845998764038,3500.0,17,0.12434207063073249,0.0,0.0,0.0,217,0,0,0,0.0,0.9266916303735215,0.0,0.0,0.0,1.0
2014-07-07,14.843999862670898,15.069194889332284,13.298384495896151,0.4380473197573935,0.06240861588939434,3322.845998764038,3500.0,17,0.30053448229152385,0.0,0.0,0.0,223,0,0,0,0.0,0.9268067676803861,0.07472032458111096,0.0,1.0,1.0
2014-07-08,14.604666709899902,15.024954110338724,13.354512357567794,0.43938771440292507,0.06821759886617633,3322.845998764038,3500.0,17,0.3234096710016357,0.0,0.0,0.0,227,0,0,0,0.0,0.927021651464069,0.13986312282631883,0.0,1.0,1.0
2014-07-09,14.870667457580566,15.010260143409376,13.50866692438271,0.4367505908998707,0.0698619445702986,3322.845998764038,3500.0,17,0.2907572390652869,0.0,0.0,0.0,223,0,0,0,0.0,0.9270930221605831,0.04649908945452249,0.0,1.0,1.0
2014-07-10,14.630666732788086,14.974108390016871,13.623951752607141,0.44265209002998274,0.07035532089295035,3322.845998764038,3500.0,17,0.31468149067010803,0.0,0.0,0.0,227,0,0,0,0.0,0.9272686163913466,0.1146784998089621,0.0,1.0,1.0
2014-07-11,14.541999816894531,14.93295519257665,13.770797065466516,0.44304269488671666,0.06434705811767552,3322.845998764038,3500.0,17,0.32043021941587385,0.0,0.0,0.0,228,0,0,0,0.0,0.927468503350342,0.1309035521235833,0.0,1.0,1.0
2014-07-14,15.113332748413086,14.950134007418216,14.012292649691686,0.459461129003395,0.06538729838513387,3322.845998764038,3500.0,17,0.124584772187389,0.0,0.0,0.0,219,0,0,0,0.0,0.9273850633925401,0.0,0.0,0.0,1.0
2014-07-15,14.638667106628418,14.920470493057284,13.946883355392204,0.3575535358457334,0.06624284144730834,3322.845998764038,3500.0,17,0.30768750414108986,0.0,0.0,0.0,226,0,0,0,0.0,0.927529143319436,0.09443515422653498,0.0,1.0,1.0
2014-07-16,14.477333068847656,14.878266928846843,13.84448235037852,0.3378659793973783,0.06713832963144778,3322.845998764038,3500.0,17,0.32186527846180807,0.0,0.0,0.0,229,0,0,0,0.0,0.9277341320598868,0.1347380921167078,0.0,1.0,1.0
2014-07-17,14.359999656677246,14.828908141021167,13.723861444584426,0.3327798317978257,0.07647954254863061,3322.845998764038,3500.0,17,0.33012802864782326,0.0,0.0,0.0,231,0,0,0,0.0,0.9279738747436115,0.1581062071073123,0.0,1.0,1.0
2014-07-18,14.668000221252441,14.813583577233668,13.683702037418891,0.3430703539042824,0.08462775596056248,3322.845998764038,3500.0,17,0.292015371183101,0.0,0.0,0.0,226,0,0,0,0.0,0.9280483083391508,0.04913846646970942,0.0,1.0,1.0
2014-07-21,14.702667236328125,14.803020116195045,13.656497958512592,0.34161490324102384,0.08506044567109147,3322.845998764038,3500.0,17,0.28669849487198357,0.0,0.0,0.0,226,0,0,0,0.0,0.9280996165784812,0.03389608305575767,0.0,1.0,1.0
2014-07-22,14.638667106628418,14.787367448617271,13.6665495064474,0.31556851782598416,0.08667174589982347,3322.845998764038,3500.0,17,0.2924593066879759,0.0,0.0,0.0,226,0,0,0,0.0,0.9281756438210018,0.050279518144643674,0.0,1.0,1.0
2014-07-23,14.832667350769043,14.791681725012676,13.68390685452612,0.3148947236040158,0.08270904779487417,3322.845998764038,3500.0,17,0.12485414106747844,0.0,0.0,0.0,224,0,0,0,0.0,0.9281546887642241,0.0,0.0,0.0,1.0
2014-07-24,14.902667045593262,14.80225175554416,13.750654703529149,0.3063285673175205,0.0813910683359854,3322.845998764038,3500.0,17,0.1248361720155749,0.0,0.0,0.0,222,0,0,0,0.0,0.9281033486159284,0.0,0.0,0.0,1.0
2014-07-25,14.904666900634766,14.812005578886124,13.813786684626724,0.3063100544724648,0.08354893061689511,3322.845998764038,3500.0,17,0.12481959051589359,0.0,0.0,0.0,222,0,0,0,0.0,0.9280559729025532,0.0,0.0,0.0,1.0
2014-07-28,14.98799991607666,14.828766944332843,13.94182366821391,0.3012250318052366,0.08339677772082502,3322.845998764038,3500.0,17,0.12479109619463413,0.0,0.0,0.0,221,0,0,0,0.0,0.9279745605560976,0.0,0.0,0.0,1.0
2014-07-29,15.000666618347168,14.845138341858016,14.118789106355282,0.3004168036206728,0.08523683714076968,3322.845998764038,3500.0,17,0.12476326481884137,0.0,0.0,0.0,221,0,0,0,0.0,0.9278950423395468,0.0,0.0,0.0,1.0
2014-07-30,15.261333465576172,14.884775972688317,14.343920178502902,0.30906383406499355,0.08179678426231267,3322.845998764038,3500.0,17,0.12469588084642985,0.0,0.0,0.0,217,0,0,0,0.0,0.9277025167040853,0.0,0.0,0.0,1.0
2014-07-31,14.886667251586914,14.884956094488183,14.389469531991459,0.2826414729529736,0.10802114338876537,3322.845998764038,3500.0,17,0.12469557463937009,0.0,0.0,0.0,223,0,0,0,0.0,0.9277016418267717,0.0,0.0,0.0,1.0
2014-08-01,15.5513334274292,14.948420602387328,14.388454423456425,0.3261879944684608,0.10530309746138071,3822.845998764038,4000.0,17,0.1277642243539488,0.0,0.0,0.0,245,0,0,0,0.0,0.9364692124398538,0.0,0.0,0.0,1.0
2014-08-04,15.90133285522461,15.039174150276592,14.29929462013591,0.3145821347917596,0.10925242731112622,3822.845998764038,4000.0,17,0.12762922845146352,0.0,0.0,0.0,240,0,0,0,0.0,0.9360835098613245,0.0,0.0,0.0,1.0
2014-08-05,15.899333000183105,15.12109404074388,14.263222748273366,0.3062736123832109,0.11157627965066093,3822.845998764038,4000.0,17,0.12750737261439343,0.0,0.0,0.0,240,0,0,0,0.0,0.9357353503268385,0.0,0.0,0.0,1.0
2014-08-06,16.595333099365234,15.261497760612581,14.129439951703825,0.33373903354813406,0.10961039728759249,3822.845998764038,4000.0,17,0.12729852208108877,0.0,0.0,0.0,230,0,0,0,0.0,0.9351386345173965,0.0,0.0,0.0,1.0
2014-08-07,16.826000213623047,15.410497994232626,14.0389419445726,0.32456383613656153,0.1102092080820984,3822.845998764038,4000.0,17,0.12707688423357894,0.0,0.0,0.0,227,0,0,0,0.0,0.9345053835245113,0.0,0.0,0.0,1.0
2014-08-08,16.54199981689453,15.518260072581379,14.041036208719976,0.3326032478698993,0.11910970794122996,3822.845998764038,4000.0,17,0.1269165881420352,0.0,0.0,0.0,231,0,0,0,0.0,0.9340473946915292,0.0,0.0,0.0,1.0
2014-08-11,17.288000106811523,15.68680674250806,13.949841383776855,0.3406994731116083,0.11800242274345359,3822.845998764038,4000.0,17,0.12666587497051923,0.0,0.0,0.0,221,0,0,0,0.0,0.9333310713443408,0.0,0.0,0.0,1.0
2014-08-12,17.33066749572754,15.843364909481343,13.928220898972132,0.30993250779099424,0.11797611776847591,3822.845998764038,4000.0,17,0.12643299469714647,0.0,0.0,0.0,220,0,0,0,0.0,0.9326656991347043,0.0,0.0,0.0,1.0
2014-08-13,17.354000091552734,15.987234926821476,13.959688495431882,0.3025400943827188,0.11975912997759441,3822.845998764038,4000.0,17,0.126218988046353,0.0,0.0,0.0,220,0,0,0,0.0,0.9320542515610087,0.0,0.0,0.0,1.0
2014-08-14,17.42533302307129,16.124196650273838,14.035713114011571,0.29627657211342956,0.11371304488461072,3822.845998764038,4000.0,17,0.12601525748271764,0.0,0.0,0.0,219,0,0,0,0.0,0.9314721642363362,0.0,0.0,0.0,1.0
2014-08-15,17.46733283996582,16.252114382625457,14.10170237220288,0.29411966195333544,0.10699809826806042,3822.845998764038,4000.0,17,0.12582497985584462,0.0,0.0,0.0,218,0,0,0,0.0,0.9309285138738418,0.0,0.0,0.0,1.0
2014-08-18,17.32933235168457,16.354706570154896,14.195210646785693,0.29936952097802527,0.11147968360307531,3822.845998764038,4000.0,17,0.12567237397689457,0.0,0.0,0.0,220,0,0,0,0.0,0.9304924970768417,0.0,0.0,0.0,1.0
2014-08-19,17.117332458496094,16.427337607139773,14.324211427393937,0.3050810626931938,0.11147040266247656,3822.845998764038,4000.0,17,0.12556433530937955,0.0,0.0,0.0,223,0,0,0,0.0,0.930183815169656,0.0,0.0,0.0,1.0
2014-08-20,17.047332763671875,16.486384764904734,14.447548925295294,0.30734162966882866,0.11165299554401122,3822.845998764038,4000.0,17,0.12547650266220417,0.0,0.0,0.0,224,0,0,0,0.0,0.9299328647491549,0.0,0.0,0.0,1.0
2014-08-21,16.95599937438965,16.53110996580806,14.579574380323985,0.3104675313656043,0.11213343085575878,3822.845998764038,4000.0,17,0.12540997392586045,0.0,0.0,0.0,225,0,0,0,0.0,0.9297427826453157,0.0,0.0,0.0,1.0
2014-08-22,17.118667602539062,16.587067835972917,14.740402284351688,0.30964761580502337,0.11090139651343121,3822.845998764038,4000.0,17,0.12532673659399024,0.0,0.0,0.0,223,0,0,0,0.0,0.929504961697115,0.0,0.0,0.0,1.0
2014-08-25,17.503332138061523,16.674331102838497,14.919267058623117,0.31429923683959166,0.11205162261671713,3822.845998764038,4000.0,17,0.12519693248452768,0.0,0.0,0.0,218,0,0,0,0.0,0.9291340928129364,0.0,0.0,0.0,1.0
2014-08-26,17.44933319091797,16.74814082551273,15.132649020527982,0.31578710034075474,0.11046898054887345,3822.845998764038,4000.0,17,0.12508714052204978,0.0,0.0,0.0,219,0,0,0,0.0,0.9288204014915709,0.0,0.0,0.0,1.0
2014-08-27,17.549999237060547,16.82450829327919,15.331160421295587,0.31378716497904824,0.11046993173576519,3822.845998764038,4000.0,17,0.12497354391374715,0.0,0.0,0.0,217,0,0,0,0.0,0.9284958397535634,0.0,0.0,0.0,1.0
2014-08-28,17.590667724609375,16.89747585816778,15.69364378965026,0.2914348091397296,0.07959477219025736,3822.845998764038,4000.0,17,0.12486500466097539,0.0,0.0,0.0,217,0,0,0,0.0,0.928185727602787,0.0,0.0,0.0,1.0
2014-08-29,17.979999542236328,17.000573351888594,15.925613319047095,0.2641101123428901,0.07790916891504912,3822.845998764038,4000.0,17,0.12471164713906568,0.0,0.0,0.0,212,0,0,0,0.0,0.9277475632544735,0.0,0.0,0.0,1.0
2014-09-02,18.941333770751953,17.185407677494627,15.980334766170222,0.30696760693065606,0.0758938439569475,4322.845998764038,4500.0,17,0.1272770720708682,0.0,0.0,0.0,228,0,0,0,0.0,0.9350773487739091,0.0,0.0,0.0,1.0
2014-09-03,18.746000289916992,17.334035545344374,16.13597852446179,0.313036068320967,0.06394410538643452,4322.845998764038,4500.0,17,0.12708055300115573,0.0,0.0,0.0,230,0,0,0,0.0,0.9345158657175879,0.0,0.0,0.0,1.0
2014-09-04,19.069332122802734,17.499301886054695,16.15281117609099,0.2863575605952751,0.06483303018045315,4322.845998764038,4500.0,17,0.12686203417288322,0.0,0.0,0.0,226,0,0,0,0.0,0.9338915262082378,0.0,0.0,0.0,1.0
2014-09-05,18.492666244506836,17.59390801543109,16.22517321909526,0.314031919042422,0.05914180777647872,4322.845998764038,4500.0,17,0.12673694384626333,0.0,0.0,0.0,233,0,0,0,0.0,0.9335341252750381,0.0,0.0,0.0,1.0
2014-09-08,18.80733299255371,17.709472298966578,16.339657798294347,0.3057700165140072,0.05188883267190325,4322.845998764038,4500.0,17,0.1265841421824775,0.0,0.0,0.0,229,0,0,0,0.0,0.933097549092793,0.0,0.0,0.0,1.0
2014-09-09,18.565332412719727,17.79098278599069,16.38885678206619,0.27686540301877943,0.05952178024911731,4322.845998764038,4500.0,17,0.12647636720519007,0.0,0.0,0.0,232,0,0,0,0.0,0.9327896205862574,0.0,0.0,0.0,1.0
2014-09-10,18.739999771118164,17.88136535600283,16.435887818980166,0.27754663165204285,0.05899272194449492,4322.845998764038,4500.0,17,0.12635686136261842,0.0,0.0,0.0,230,0,0,0,0.0,0.932448175321767,0.0,0.0,0.0,1.0
2014-09-11,18.687332153320312,17.958124098604497,16.48861115134159,0.27847635056072095,0.05582200635989335,4322.845998764038,4500.0,17,0.12625536924740066,0.0,0.0,0.0,231,0,0,0,0.0,0.9321581978497163,0.0,0.0,0.0,1.0
2014-09-12,18.613332748413086,18.02052492239579,16.540762217034786,0.2798471928740569,0.060168301971313225,4322.845998764038,4500.0,17,0.12617286149149887,0.0,0.0,0.0,232,0,0,0,0.0,0.9319224614042826,0.0,0.0,0.0,1.0
2014-09-15,16.923999786376953,17.916093957060664,16.37726616820376,0.43618369920218253,0.06033212804680103,4322.845998764038,4500.0,17,0.37321626135381886,0.0,0.0,0.0,255,0,0,0,0.0,0.9323169783844375,0.2768723397693307,0.0,1.0,1.0
2014-09-16,17.382667541503906,17.86529144129335,16.330897470122487,0.44663277400126966,0.0586299240456313,4322.845998764038,4500.0,17,0.32365368400772127,0.0,0.0,0.0,248,0,0,0,0.0,0.9325088989995585,0.13507305530821656,0.0,1.0,1.0
2014-09-17,17.42533302307129,17.823390639557914,16.31888899891862,0.4440969985560426,0.05645393952408727,4322.845998764038,4500.0,17,0.31551703594143304,0.0,0.0,0.0,248,0,0,0,0.0,0.9326671909172256,0.11166719748686893,0.0,1.0,1.0
2014-09-18,17.58799934387207,17.80097242092117,16.348463453462685,0.4445027133304189,0.058194237513520534,4322.845998764038,4500.0,17,0.29740037919602064,0.0,0.0,0.0,245,0,0,0,0.0,0.9327518819654089,0.05982063002322162,0.0,1.0,1.0
2014-09-19,17.288000106811523,17.75211791481549,16.34322710138646,0.44896986126380317,0.05764974981104831,4322.845998764038,4500.0,17,0.32228038978317314,0.0,0.0,0.0,250,0,0,0,0.0,0.9329364434329193,0.13072181309043251,0.0,1.0,1.0
2014-09-22,16.66866683959961,17.648932098128263,16.166755941372813,0.4665264016986917,0.06458654535678243,4322.845998764038,4500.0,17,0.373863509994459,0.0,0.0,0.0,259,0,0,0,0.0,0.9333262565181821,0.2777123434659864,0.0,1.0,1.0
2014-09-23,16.694000244140625,17.5579862072723,15.977696464127913,0.4584582206873544,0.06541863350801207,4322.845998764038,4500.0,17,0.36289770069490274,0.0,0.0,0.0,258,0,0,0,0.0,0.933669829883638,0.24603788638751267,0.0,1.0,1.0
2014-09-24,16.80933380126953,17.486685978129177,15.838386397875862,0.4595034461348907,0.07152001613857016,4322.845998764038,4500.0,17,0.3446655051671796,0.0,0.0,0.0,257,0,0,0,0.0,0.9339391863048453,0.19367654274423954,0.0,1.0,1.0
2014-09-25,16.463333129882812,17.389223802105715,15.621149096383943,0.46351050347935463,0.09161689350619222,4322.845998764038,4500.0,17,0.3701864778739061,0.0,0.0,0.0,262,0,0,0,0.0,0.9343073767476007,0.26622541717784526,0.0,1.0,1.0
2014-09-26,16.440000534057617,17.298821586101134,15.420501484752197,0.46315572208188605,0.0974230158852182,4322.845998764038,4500.0,17,0.3640079936061837,0.0,0.0,0.0,262,0,0,0,0.0,0.9346488962302846,0.2482310855016688,0.0,1.0,1.0
2014-09-29,16.35066795349121,17.208521240138285,15.221884117950395,0.45358325464494903,0.09673001054780751,4322.845998764038,4500.0,17,0.3644848754894519,0.0,0.0,0.0,264,0,0,0,0.0,0.9349900308705887,0.24925247052784558,0.0,1.0,1.0
2014-09-30,16.178667068481445,17.110439890456682,15.093075963130987,0.39900854346563364,0.09703218694085801,4322.845998764038,4500.0,17,0.3726748821456681,0.0,0.0,0.0,267,0,0,0,0.0,0.9353605604138303,0.2722819600023642,0.0,1.0,1.0
2014-10-01,16.016000747680664,17.00620759114468,14.947264563847487,0.3989857987767537,0.10671684535660068,4822.845998764038,5000.0,17,0.3816584628657445,0.0,0.0,0.0,301,0,0,0,0.0,0.9421788941901081,0.29113099971201906,0.0,1.0,1.0
2014-10-02,16.761333465576172,16.98288624585244,15.048750487593452,0.43502462306661266,0.10682333634295414,4822.845998764038,5000.0,17,0.3026202518702766,0.0,0.0,0.0,287,0,0,0,0.0,0.9422581867641017,0.06522824715097439,0.0,1.0,1.0
2014-10-03,17.013999938964844,16.985849454720288,15.124797436247423,0.4313429519748232,0.11363124332995023,4822.845998764038,5000.0,17,0.12978683914888284,0.0,0.0,0.0,283,0,0,0,0.0,0.9422481118539511,0.0,0.0,0.0,1.0
2014-10-06,17.374666213989258,17.022879622269713,15.306143837639981,0.4342651037982691,0.11338802873762541,4822.845998764038,5000.0,17,0.129742773249499,0.0,0.0,0.0,277,0,0,0,0.0,0.9421222092842829,0.0,0.0,0.0,1.0
2014-10-07,17.30466651916504,17.049716469593076,15.456009180238283,0.4328912024410754,0.12275717878412207,4822.845998764038,5000.0,17,0.12971083740118422,0.0,0.0,0.0,278,0,0,0,0.0,0.9420309640033836,0.0,0.0,0.0,1.0
2014-10-08,17.28533363342285,17.072156199481626,15.66474697225093,0.43044818232835824,0.13891708276648396,4822.845998764038,5000.0,17,0.12968413412261687,0.0,0.0,0.0,279,0,0,0,0.0,0.9419546689217625,0.0,0.0,0.0,1.0
2014-10-09,17.134000778198242,17.0780461593594,15.894278958553478,0.43080744978693564,0.1558090056631225,4822.845998764038,5000.0,17,0.12967712507036228,0.0,0.0,0.0,281,0,0,0,0.0,0.9419346430581781,0.0,0.0,0.0,1.0
2014-10-10,15.793999671936035,16.955756017700033,15.926674473108156,0.5050112830027603,0.1589785199968278,4822.845998764038,5000.0,17,0.549727277591457,0.18132232289355815,1.0,0.4269256260254908,305,2,2,2,31.58799934387207,0.9423504295398198,0.34258464929291427,1.0,1.0,1.0
2014-10-13,14.97266674041748,16.766890372244553,15.441935713290135,0.43422675956707374,0.16693553865947,4791.257999420166,5000.0,19,0.6149673993999596,0.29994072618174467,1.0,0.5099585083272213,320,3,3,3,44.91800022125244,0.9362858165854707,0.5350496102715567,1.0,1.0,1.0
2014-10-14,15.137332916259766,16.61169442405553,15.140946318749622,0.42165128505301697,0.16339874906447305,4746.339999198914,5000.0,22,0.579738247074834,0.23588772195424362,1.0,0.46512140536797053,313,2,2,2,30.27466583251953,0.9269085445341557,0.4437721613939418,1.0,1.0,1.0
2014-10-15,15.313332557678223,16.488040912971975,14.954288942671717,0.42548849621156654,0.16346990303103495,4716.065333366394,5000.0,24,0.3969807390529743,0.0,0.0,0.0,307,0,0,0,0.0,0.9208574036177345,0.35623042224790635,0.0,1.0,1.0
2014-10-16,15.09000015258789,16.354894173887775,14.777880563287829,0.4224478049911776,0.16107224947241072,4716.065333366394,5000.0,24,0.40786947392872,0.0,0.0,0.0,312,0,0,0,0.0,0.9214965079653387,0.38670198897386154,0.0,1.0,1.0
2014-10-17,15.165332794189453,16.241602613916506,14.629621525024625,0.42293384388666,0.17136136735444424,4716.065333366394,5000.0,24,0.3886800149944161,0.0,0.0,0.0,310,0,0,0,0.0,0.9220403074532008,0.33133116395941675,0.0,1.0,1.0
2014-10-20,15.364666938781738,16.158084930570336,14.504225210022334,0.41301909007031506,0.17562248241015763,4716.065333366394,5000.0,24,0.36682817912213933,0.0,0.0,0.0,306,0,0,0,0.0,0.9224411923332624,0.245517335500412,0.0,1.0,0.9597865280982334
2014-10-21,15.689332962036133,16.11344188594803,14.45748823638972,0.42209509673379864,0.19124088495981736,4716.065333366394,5000.0,24,0.3511333615251929,0.0,0.0,0.0,300,0,0,0,0.0,0.9226554789474495,0.13160097231670564,0.0,1.0,0.8392819820863067
2014-10-22,15.40666675567627,16.04612996877929,14.383082316453004,0.42379595085615596,0.18951973260733618,4716.065333366394,5000.0,24,0.370089822411529,0.0,0.0,0.0,306,0,0,0,0.0,0.9229785761498595,0.19925776942702522,0.0,1.0,0.8634644927019028
2014-10-23,15.685999870300293,16.011831864162243,14.346945066286676,0.4259791357521337,0.18771765912751098,4716.065333366394,5000.0,24,0.33050258520488585,0.0,0.0,0.0,300,0,0,0,0.0,0.9231432070520212,0.10174725684923931,0.0,1.0,0.8910453858027765
2014-10-24,15.682666778564453,15.980482808391026,14.316202660292117,0.4260249065902871,0.1868364241320858,4716.065333366394,5000.0,24,0.32573242730749985,0.0,0.0,0.0,300,0,0,0,0.0,0.9232936825197231,0.09318117399750754,0.0,1.0,0.9001688623676538
2014-10-27,14.777999877929688,15.865960624537564,14.11777184982325,0.4697351353305033,0.18671370282363803,4716.065333366394,5000.0,24,0.3933461965919129,0.0,0.0,0.0,319,0,0,0,0.0,0.9238433890022197,0.342860029831817,0.0,1.0,1.0
2014-10-28,16.184667587280273,15.896313668608299,14.14796297497638,0.5872749612197905,0.1914169473587982,4716.065333366394,5000.0,24,0.12329419303673805,0.0,0.0,0.0,291,0,0,0,0.0,0.9236976943906802,0.0,0.0,0.0,1.0
2014-10-29,15.873332977294922,15.894125031340357,14.145611146269136,0.5903945311259126,0.18471961025362232,4716.065333366394,5000.0,24,0.2755871494457644,0.0,0.0,0.0,297,0,0,0,0.0,0.9237081998495663,0.0065407985669034135,0.0,1.0,1.0
2014-10-30,15.910667419433594,15.895700496873046,14.189346860510383,0.5646815609460543,0.18560126519332065,4716.065333366394,5000.0,24,0.12329522316525326,0.0,0.0,0.0,296,0,0,0,0.0,0.9237006376150094,0.0,0.0,0.0,1.0
2014-10-31,16.113332748413086,15.916427377972097,14.28716931962685,0.5638046642176423,0.18601078931004622,4716.065333366394,5000.0,24,0.12326040200500687,0.0,0.0,0.0,292,0,0,0,0.0,0.9236011485857339,0.0,0.0,0.0,1.0
2014-11-03,16.172666549682617,15.940831108611194,14.464891646263094,0.5575914651008269,0.18578352592159783,5216.065333366394,5500.0,24,0.1256540033977574,0.0,0.0,0.0,322,0,0,0,0.0,0.9304400097078784,0.0,0.0,0.0,1.0
2014-11-04,15.928667068481445,15.939672628598837,14.640820926470653,0.5592430769527418,0.17615716768797388,5216.065333366394,5500.0,24,0.27686406165651717,0.0,0.0,0.0,327,0,0,0,0.0,0.9304450648933869,0.003452254125233858,0.0,1.0,1.0
2014-11-05,15.39799976348877,15.888084736683593,14.807930093306462,0.5689822710339821,0.1671947265613641,5216.065333366394,5500.0,24,0.32971518390948124,0.0,0.0,0.0,338,0,0,0,0.0,0.9306701756944716,0.154230349761189,0.0,1.0,1.0
2014-11-06,16.08133316040039,15.906489348466145,15.05439265978615,0.5951804546407669,0.1454733737311914,5216.065333366394,5500.0,24,0.12570645263143349,0.0,0.0,0.0,324,0,0,0,0.0,0.9305898646612386,0.0,0.0,0.0,1.0
2014-11-07,16.01333236694336,15.916664874035405,15.047875848054622,0.5240517364417583,0.13603166515451026,5216.065333366394,5500.0,24,0.12569091182874592,0.0,0.0,0.0,325,0,0,0,0.0,0.9305454623678455,0.0,0.0,0.0,1.0
2014-11-10,16.1286678314209,15.936855631881643,15.089719026521438,0.4850179383198746,0.11446127317459473,5216.065333366394,5500.0,24,0.12566007503494436,0.0,0.0,0.0,323,0,0,0,0.0,0.9304573572426983,0.0,0.0,0.0,1.0
2014-11-11,16.738666534423828,16.0132185749809,15.074681049567289,0.4991724305027489,0.11477311512738148,5216.065333366394,5500.0,24,0.12554344799457462,0.0,0.0,0.0,311,0,0,0,0.0,0.9301241371273561,0.0,0.0,0.0,1.0
2014-11-12,16.606666564941406,16.069737431167617,15.077142382131742,0.5007991070990627,0.10702453590827617,5216.065333366394,5500.0,24,0.12545712828694394,0.0,0.0,0.0,314,0,0,0,0.0,0.9298775093912686,0.0,0.0,0.0,1.0
2014-11-13,16.780000686645508,16.13738155073694,15.112299348857805,0.4959887630945011,0.10682342107849217,5216.065333366394,5500.0,24,0.12535381726796535,0.0,0.0,0.0,310,0,0,0,0.0,0.9295823350513297,0.0,0.0,0.0,1.0
2014-11-14,17.245332717895508,16.242900709513947,15.109022532646648,0.5020427548554208,0.1031194320037365,5216.065333366394,5500.0,24,0.12519266073456048,0.0,0.0,0.0,302,0,0,0,0.0,0.9291218878130301,0.0,0.0,0.0,1.0
2014-11-17,16.93199920654297,16.308529137802424,15.140247462356381,0.5091424681308908,0.10178985075785028,5216.065333366394,5500.0,24,0.12509242822590172,0.0,0.0,0.0,308,0,0,0,0.0,0.9288355092168622,0.0,0.0,0.0,1.0
2014-11-18,17.18000030517578,16.39152639183798,15.137754642533242,0.5069923140362401,0.08266797826759945,5216.065333366394,5500.0,24,0.12496566878337467,0.0,0.0,0.0,303,0,0,0,0.0,0.9284733393810706,0.0,0.0,0.0,1.0
2014-11-19,16.516000747680664,16.403381092394426,15.18905532204538,0.5244192607888166,0.07554174415986667,5216.065333366394,5500.0,24,0.12494756342252483,0.0,0.0,0.0,315,0,0,0,0.0,0.9284216097786425,0.0,0.0,0.0,1.0
2014-11-20,16.58066749572754,16.420265511759485,15.219436676559418,0.5217568685580399,0.06724933820918005,5216.065333366394,5500.0,24,0.12492177630931278,0.0,0.0,0.0,314,0,0,0,0.0,0.9283479323123223,0.0,0.0,0.0,1.0
2014-11-21,16.185333251953125,16.397891010825546,15.225673938355346,0.5305242632654689,0.06593514165080595,5216.065333366394,5500.0,24,0.2976403335883873,0.0,0.0,0.0,322,0,0,0,0.0,0.9284455664982157,0.06481252946860515,0.0,1.0,1.0
2014-11-24,16.447999954223633,16.402663291149175,15.462124722713234,0.48277783538286234,0.06424917770539877,5216.065333366394,5500.0,24,0.12494865970079033,0.0,0.0,0.0,317,0,0,0,0.0,0.9284247420022581,0.0,0.0,0.0,1.0
2014-11-25,16.53933334350586,16.415679486611715,15.474960959287444,0.348946695608825,0.05544209136646574,5216.065333366394,5500.0,24,0.12492878042044753,0.0,0.0,0.0,315,0,0,0,0.0,0.9283679440584216,0.0,0.0,0.0,1.0
2014-11-26,16.562667846679688,16.42967837804676,15.515217636094961,0.34041177790649224,0.0539936360754749,5216.065333366394,5500.0,24,0.12490740029534675,0.0,0.0,0.0,314,0,0,0,0.0,0.9283068579867051,0.0,0.0,0.0,1.0
2014-11-28,16.301332473754883,16.41745495859039,15.531019825845675,0.3464377233468984,0.05437512148522996,5216.065333366394,5500.0,24,0.28730401342168516,0.0,0.0,0.0,319,0,0,0,0.0,0.9283601965443329,0.03536555608905349,0.0,1.0,1.0
2014-12-01,15.442667007446289,16.32461801086238,15.343262636279123,0.3928451117161911,0.04907898542511158,5716.065333366394,6000.0,24,0.37169073363423427,0.0,0.0,0.0,370,0,0,0,0.0,0.9347015279565505,0.2701291395698332,0.0,1.0,1.0
2014-12-02,15.428667068481445,16.239289349683244,15.170853306790507,0.392328272127721,0.052633972063770455,5716.065333366394,6000.0,24,0.36462035643867535,0.0,0.0,0.0,370,0,0,0,0.0,0.935042842601267,0.24958674722351995,0.0,1.0,1.0
2014-12-03,15.286666870117188,16.14856339924838,14.991677049859184,0.3902878677404228,0.051122098766212876,5716.065333366394,6000.0,24,0.370794680487147,0.0,0.0,0.0,373,0,0,0,0.0,0.9354057464030064,0.2668647692745566,0.0,1.0,1.0
2014-12-04,15.218667030334473,16.0600018403042,14.870708212891433,0.37237921077325215,0.04947209968336952,5716.065333366394,6000.0,24,0.36919319223883523,0.0,0.0,0.0,375,0,0,0,0.0,0.9357599926387832,0.26193484232931774,0.0,1.0,1.0
2014-12-05,14.913999557495117,15.950858765750954,14.609315649993682,0.33846568794688014,0.048565834267472976,5716.065333366394,6000.0,24,0.39142465508302376,0.0,0.0,0.0,383,0,0,0,0.0,0.9361965649369962,0.32501673530021463,0.0,1.0,1.0
2014-12-08,14.290666580200195,15.792745224269929,14.190658676681625,0.3647244230124292,0.056877495527054685,5716.065333366394,6000.0,24,0.4443360525574,0.0,0.0,0.0,399,0,0,0,0.0,0.9368290191029203,0.4755597024896512,0.0,1.0,1.0
2014-12-09,14.459333419799805,15.665753623844202,13.89079793434511,0.36719333777352614,0.056227752870664144,5716.065333366394,6000.0,24,0.4128355027327277,0.0,0.0,0.0,395,0,0,0,0.0,0.9373369855046232,0.38505016516031315,0.0,1.0,1.0
2014-12-10,13.989333152770996,15.50609453136104,13.530485032414422,0.3419188881308639,0.08215245164559856,5716.065333366394,6000.0,24,0.4494714128811281,0.0,0.0,0.0,408,0,0,0,0.0,0.9379756218745559,0.4890855577858103,0.0,1.0,1.0
2014-12-11,13.925333023071289,15.355545816285824,13.212103054423554,0.34222627909177716,0.08391454913468704,5716.065333366394,6000.0,24,0.44149692312327754,0.0,0.0,0.0,410,0,0,0,0.0,0.9385778167348567,0.4656991064745078,0.0,1.0,1.0
2014-12-12,13.800000190734863,15.2073986138524,12.936944269264002,0.33480333084057445,0.1015516248378369,5716.065333366394,6000.0,24,0.44066681180213657,0.0,0.0,0.0,414,0,0,0,0.0,0.9391704055445904,0.46273477103294275,0.0,1.0,1.0
2014-12-15,13.602666854858398,15.054567017757734,12.734915512546488,0.30467464438148156,0.10324927569967123,5716.065333366394,6000.0,24,0.44769799085699585,0.0,0.0,0.0,420,0,0,0,0.0,0.9397817319289691,0.4822125276624478,0.0,1.0,1.0
2014-12-16,13.187333106994629,14.876735216732675,12.448529801117354,0.3112912334332733,0.10607989930993755,5716.065333366394,6000.0,24,0.4779025775811691,0.05073195923848926,1.0,0.3355123714669425,433,2,2,2,26.374666213989258,0.9404930591330694,0.5678000196702712,0.0,1.0,1.0
2014-12-17,13.721332550048828,14.766696867524688,12.41285783734401,0.3517800500749991,0.13009309049655932,5689.690667152405,6000.0,26,0.4014898801577173,0.0,0.0,0.0,414,0,0,0,0.0,0.9360109802407264,0.35396010592418026,0.0,1.0,1.0
2014-12-18,14.550666809082031,14.746122576244435,12.47502977297059,0.417896097506134,0.1572827655949954,5689.690667152405,6000.0,26,0.30083081233071246,0.0,0.0,0.0,391,0,0,0,0.0,0.9361001355029408,0.06627361401338043,0.0,1.0,1.0
2014-12-19,14.619333267211914,14.734047403955623,12.58002274258865,0.41815834723659584,0.15790767223866556,5689.690667152405,6000.0,26,0.2912782490054027,0.0,0.0,0.0,389,0,0,0,0.0,0.9361524612495257,0.03892825019448217,0.0,1.0,1.0
2014-12-22,14.84000015258789,14.744138141920601,12.673600092976246,0.41889721579570666,0.15741829585647715,5689.690667152405,6000.0,26,0.1276380571514204,0.0,0.0,0.0,383,0,0,0,0.0,0.9361087347183441,0.0,0.0,0.0,1.0
2014-12-23,14.731332778930664,14.742918583540607,12.812608478206013,0.41209987065649606,0.1572370660328228,5689.690667152405,6000.0,26,0.2790151540533247,0.0,0.0,0.0,386,0,0,0,0.0,0.936114019471324,0.003929277823889634,0.0,1.0,1.0
2014-12-24,14.817333221435547,14.750005691911554,13.00739129015733,0.4121995485559434,0.15714976048249846,5689.690667152405,6000.0,26,0.1276291580339341,0.0,0.0,0.0,383,0,0,0,0.0,0.9360833086683833,0.0,0.0,0.0,1.0
2014-12-26,15.187999725341797,14.7917194093811,13.266094862684165,0.42549426538894825,0.15726196207855958,5689.690667152405,6000.0,26,0.1275658922291053,0.0,0.0,0.0,374,0,0,0,0.0,0.9359025492260152,0.0,0.0,0.0,1.0
2014-12-29,15.047332763671875,14.816063538361174,13.492418146469767,0.4237232383418581,0.15687246493429205,5689.690667152405,6000.0,26,0.1275289703001522,0.0,0.0,0.0,378,0,0,0,0.0,0.9357970580004349,0.0,0.0,0.0,1.0
2014-12-30,14.815333366394043,14.815993998173829,13.552760711512434,0.38547091064012806,0.155801058344217,5689.690667152405,6000.0,26,0.2776071066875622,0.0,0.0,0.0,384,0,0,0,0.0,0.9357973593412467,0.0002229454803596473,0.0,1.0,1.0
2014-12-31,14.827333450317383,14.817073945997024,13.61772725231129,0.3855714808987189,0.15895640178133966,5689.690667152405,6000.0,26,0.12752743784857118,0.0,0.0,0.0,383,0,0,0,0.0,0.9357926795673462,0.0,0.0,0.0,1.0
2015-01-02,14.620667457580566,14.798368566147838,13.656357089261137,0.3871551765912106,0.15828610309410018,6189.690667152405,6500.0,26,0.30029655585787957,0.0,0.0,0.0,423,0,0,0,0.0,0.9408065257354087,0.06004077671567578,0.0,1.0,1.0
2015-01-05,14.005999565124512,14.722904851764664,13.622876826285248,0.4125430788595664,0.1706386459196118,6189.690667152405,6500.0,26,0.36460102561367197,0.0,0.0,0.0,441,0,0,0,0.0,0.9411083805929413,0.24346597830326433,0.0,1.0,1.0
2015-01-06,14.085332870483398,14.662183710690257,13.581792845913904,0.40923112251252586,0.17239501815561387,6189.690667152405,6500.0,26,0.3526896131614713,0.0,0.0,0.0,439,0,0,0,0.0,0.941351265157239,0.196713822302702,0.0,1.0,0.9781658372475406
2015-01-07,14.063332557678223,14.605150267546254,13.517098529998366,0.38206262012266423,0.17732501421790609,6189.690667152405,6500.0,26,0.38537553578265626,0.0,0.0,0.0,440,0,0,0,0.0,0.941579398929815,0.1854885776396258,0.0,1.0,0.7954912800832397
2015-01-08,14.041333198547363,14.551453403832074,13.456622259533438,0.37927655417391576,0.18933019460389044,6189.690667152405,6500.0,26,0.4071007599139397,0.0,0.0,0.0,440,0,0,0,0.0,0.9417941863846717,0.1752815306924504,0.0,1.0,0.6693787053152651
2015-01-09,13.77733325958252,14.477727675808307,13.365291412460955,0.3672007870988591,0.18212278239042523,6189.690667152405,6500.0,26,0.4283538257050137,0.0,0.0,0.0,449,0,0,0,0.0,0.9420890892967668,0.24188685956433545,0.0,1.0,0.6801887819818602
2015-01-12,13.480667114257812,14.382769527089211,13.220999054526025,0.37454965553110975,0.1839387490230035,6189.690667152405,6500.0,26,0.45024699416561353,0.0004490803011154968,1.0,0.3003143562107809,459,2,2,2,26.961334228515625,0.9424689218916431,0.31360525214991963,0.0,1.0,0.6968948337446665
2015-01-13,13.616666793823242,14.309807362016262,13.128983542080988,0.3755128918719721,0.17421734527714086,6162.729332923889,6500.0,28,0.40395402264025093,0.0,0.0,0.0,452,0,0,0,0.0,0.9383577529020838,0.24219074046827538,0.0,1.0,0.7961897501968735
2015-01-14,12.845999717712402,14.170397110177799,12.856899277374865,0.4232514379474629,0.17394856282432541,6162.729332923889,6500.0,28,0.5921943628810362,0.25853520523824763,1.0,0.48097464366677334,479,2,2,2,25.691999435424805,0.9389582893715418,0.4673113188599903,1.0,1.0,1.0
2015-01-15,12.791333198547363,14.039057690022519,12.648788935606788,0.4102632562990386,0.17449433150118127,6137.037333488464,6500.0,30,0.4409939746200193,0.0,0.0,0.0,479,0,0,0,0.0,0.935204349122973,0.44437615366518024,0.0,1.0,0.9592960067791718
2015-01-16,12.871333122253418,13.927845826425463,12.425391775293322,0.38106916603999513,0.16557654483145823,6137.037333488464,6500.0,30,0.4266713804708363,0.0,0.0,0.0,476,0,0,0,0.0,0.9357176346472671,0.37928072917331945,0.0,1.0,0.9178902343318447
2015-01-20,12.795332908630371,13.81998745330212,12.207223635627047,0.29861102699626485,0.1399667410720551,6137.037333488464,6500.0,30,0.4518517661671023,0.0033668475765496523,1.0,0.3023567933035848,479,2,2,2,25.590665817260742,0.936215442523221,0.3707147159626836,0.0,1.0,0.7778689465148214
2015-01-21,13.104666709899902,13.751861668216195,12.101146991843342,0.3155823080759274,0.14005179148671673,6111.446667671204,6500.0,32,0.3831093093485698,0.0,0.0,0.0,466,0,0,0,0.0,0.9322985271718587,0.2353117613930459,0.0,1.0,0.8777714582457339
2015-01-22,13.441332817077637,13.722287491917285,12.099874778247802,0.32669404885419845,0.15067001076435454,6111.446667671204,6500.0,32,0.35080632346955953,0.0,0.0,0.0,454,0,0,0,0.0,0.9324441231167149,0.10237166179659794,0.0,1.0,0.8068960062505
2015-01-23,13.419333457946777,13.693434726777237,12.098447881343251,0.3267197537026724,0.15153583355365174,6111.446667671204,6500.0,32,0.35209220298872596,0.0,0.0,0.0,455,0,0,0,0.0,0.9325861674989429,0.10008492182551558,0.0,1.0,0.7967133913741722
2015-01-26,13.770000457763672,13.700726701156897,12.167347547312062,0.3427423871561803,0.15197070913557575,6111.446667671204,6500.0,32,0.1505061385188074,0.0,0.0,0.0,443,0,0,0,0.0,0.9325502685481507,0.0,0.0,0.0,0.8794322773652266
2015-01-27,13.732000350952148,13.70370514399454,12.309797289255552,0.3259318958580158,0.15778527788668228,6111.446667671204,6500.0,32,0.1821095712775877,0.0,0.0,0.0,445,0,0,0,0.0,0.93253560544495,0.0,0.0,0.0,0.7213894531407239
2015-01-28,13.291333198547363,13.664431625380523,12.397102484923183,0.3398324707655006,0.16320489011767672,6111.446667671204,6500.0,32,0.37719701046021475,0.0,0.0,0.0,459,0,0,0,0.0,0.9327289519981267,0.13652175116459322,0.0,1.0,0.7352036782336859
2015-01-29,13.680000305175781,13.665914356789594,12.518599980277003,0.3597468236751812,0.1679083010967003,6111.446667671204,6500.0,32,0.16936598074832246,0.0,0.0,0.0,446,0,0,0,0.0,0.9327216523973435,0.0,0.0,0.0,0.7854329879537387
2015-01-30,13.573332786560059,13.65709706438678,12.662260098507195,0.3596030775957218,0.17005423500471736,6111.446667671204,6500.0,32,0.3347616022913109,0.0,0.0,0.0,450,0,0,0,0.0,0.9327650606060959,0.03066694094353028,0.0,1.0,0.7621979912552912
2015-02-02,14.062666893005371,13.695722762350456,12.801011139214268,0.3844958437399594,0.17766483527246102,6611.446667671204,7000.0,32,0.1673928405995621,0.0,0.0,0.0,470,0,0,0,0.0,0.9373909816578265,0.0,0.0,0.0,0.8034700149033858
2015-02-03,14.557332992553711,13.777780879512672,12.791094435969072,0.37450890640398904,0.1730085060843736,6611.446667671204,7000.0,32,0.1671747284238909,0.0,0.0,0.0,454,0,0,0,0.0,0.9370158588365135,0.0,0.0,0.0,0.803904110844444
2015-02-04,14.569999694824219,13.853230290494725,12.790324250457694,0.374307069802042,0.17029118746955538,6611.446667671204,7000.0,32,0.16149460829361084,0.0,0.0,0.0,453,0,0,0,0.0,0.9366709472434527,0.0,0.0,0.0,0.8317011162079879
2015-02-05,14.732666969299316,13.93698616466659,12.771996040899587,0.375443666905251,0.1692479307412552,6611.446667671204,7000.0,32,0.1579831883069594,0.0,0.0,0.0,448,0,0,0,0.0,0.9362880632472385,0.0,0.0,0.0,0.8485881691478703
2015-02-06,14.490667343139648,13.989717705473549,12.773322856016854,0.38128822732305273,0.1574535557824344,6611.446667671204,7000.0,32,0.1276164516712423,0.0,0.0,0.0,456,0,0,0,0.0,0.936047004774978,0.0,0.0,0.0,1.0
2015-02-09,14.498666763305664,14.038189044314702,12.76211379025719,0.3734929547382866,0.15522702790346027,6611.446667671204,7000.0,32,0.12753889752909647,0.0,0.0,0.0,456,0,0,0,0.0,0.9358254215117042,0.0,0.0,0.0,1.0
2015-02-10,14.419333457946777,14.074488512279663,12.758725303297023,0.36382962303695,0.15639205736513623,6611.446667671204,7000.0,32,0.13974840071298222,0.0,0.0,0.0,458,0,0,0,0.0,0.9356594810867216,0.0,0.0,0.0,0.9386620883368515
2015-02-11,14.186667442321777,14.08517221990272,12.753614870457545,0.36951238230413397,0.1558725930770329,6611.446667671204,7000.0,32,0.1323628549819421,0.0,0.0,0.0,466,0,0,0,0.0,0.9356106412804447,0.0,0.0,0.0,0.9755043473310676
2015-02-12,13.525333404541016,14.03185423748732,12.763334637346565,0.34956867888906723,0.1563595637184931,6611.446667671204,7000.0,32,0.3681084242945014,0.0,0.0,0.0,488,0,0,0,0.0,0.9358543806286294,0.18048962894479387,0.0,1.0,0.8630598952809836
2015-02-13,13.584667205810547,13.989264996375246,12.803425406060029,0.3485963826961099,0.15077791486597958,6611.446667671204,7000.0,32,0.3428997599607002,0.0,0.0,0.0,486,0,0,0,0.0,0.9360490743022846,0.14461009590908963,0.0,1.0,0.926654748066404
2015-02-17,13.623332977294922,13.954414327891406,12.849689907483521,0.3484157569985352,0.14525771275530205,6611.446667671204,7000.0,32,0.31942593782373885,0.0,0.0,0.0,485,0,0,0,0.0,0.936208391643925,0.11862961168306975,0.0,1.0,0.998836816703546
2015-02-18,13.630666732788086,13.923581223595852,12.929602430570458,0.34696159729195863,0.14548592166090357,6611.446667671204,7000.0,32,0.31706311314775026,0.0,0.0,0.0,485,0,0,0,0.0,0.9363493429778476,0.1051864768495668,0.0,1.0,0.9873721189592237
2015-02-19,14.11400032043457,13.94171637567573,13.016516782873346,0.3580596558579263,0.14545068832200067,6611.446667671204,7000.0,32,0.12769325379891883,0.0,0.0,0.0,468,0,0,0,0.0,0.9362664394254824,0.0,0.0,0.0,1.0
2015-02-20,14.473999977111816,13.992410052002977,13.070345015029105,0.35791211454583605,0.1374754007966542,6611.446667671204,7000.0,32,0.1276121439167952,0.0,0.0,0.0,456,0,0,0,0.0,0.9360346969051292,0.0,0.0,0.0,1.0
2015-02-23,13.822667121887207,13.976244058658619,13.090427240407584,0.39776841304734595,0.13536026355963565,6611.446667671204,7000.0,32,0.29686775665580817,0.0,0.0,0.0,478,0,0,0,0.0,0.9361085985889892,0.054942134713319886,0.0,1.0,1.0
2015-02-24,13.607333183288574,13.941109689575757,13.042845443063488,0.3914062514323526,0.13538326063583145,6611.446667671204,7000.0,32,0.31959253094493284,0.0,0.0,0.0,485,0,0,0,0.0,0.9362692128476536,0.11970944699501186,0.0,1.0,1.0
2015-02-25,13.583999633789062,13.907099208072262,12.996873600814453,0.39133687913923,0.12398815629492994,6611.446667671204,7000.0,32,0.3184058801733404,0.0,0.0,0.0,486,0,0,0,0.0,0.9364246893345268,0.11616353973216038,0.0,1.0,1.0
2015-02-26,13.812666893005371,13.89810565425637,13.045465586740875,0.37680777804039683,0.11059730432388447,6611.446667671204,7000.0,32,0.28852117568951613,0.0,0.0,0.0,478,0,0,0,0.0,0.9364658027233994,0.030737556389504084,0.0,1.0,1.0
2015-02-27,13.555999755859375,13.865524140123323,13.000530764546927,0.3694446206714534,0.10918868545293732,6611.446667671204,7000.0,32,0.3168809526858088,0.0,0.0,0.0,487,0,0,0,0.0,0.9366147467880077,0.11161654660001744,0.0,1.0,1.0
2015-03-02,13.155332565307617,13.797886847283731,12.869446939852347,0.3831994175730174,0.0943551703283355,7111.446667671204,7500.0,32,0.36089096771058077,0.0,0.0,0.0,540,0,0,0,0.0,0.9411290161182561,0.23284517734054622,0.0,1.0,1.0
2015-03-03,13.303999900817871,13.750849995239363,12.772471057160026,0.3606215896094873,0.09020197949539835,7111.446667671204,7500.0,32,0.3363337120634117,0.0,0.0,0.0,534,0,0,0,0.0,0.9413297066869787,0.1624808992084834,0.0,1.0,1.0
2015-03-04,13.496000289916992,13.726578594732471,12.769145174560972,0.3387122113042476,0.08032350516953887,7111.446667671204,7500.0,32,0.3088980454311722,0.0,0.0,0.0,526,0,0,0,0.0,0.9414332646624748,0.0839897222837316,0.0,1.0,1.0
2015-03-05,13.375332832336426,13.69312661736142,12.760479156013796,0.3388007800264442,0.07781356187295403,7111.446667671204,7500.0,32,0.32016607076784914,0.0,0.0,0.0,531,0,0,0,0.0,0.941575993099258,0.1160413519517397,0.0,1.0,1.0
2015-03-06,12.925333023071289,13.620003417905217,12.697412190150745,0.34928509508993816,0.088648580524007,7111.446667671204,7500.0,32,0.3689172476043921,0.0,0.0,0.0,550,0,0,0,0.0,0.9418879854169377,0.2550184363098968,0.0,1.0,1.0
2015-03-09,12.725333213806152,13.534796731800544,12.57000078777315,0.3489346675860091,0.08848626451705002,7111.446667671204,7500.0,32,0.3844487262547312,0.0,0.0,0.0,558,0,0,0,0.0,0.9422515339443177,0.2990305410692,0.0,1.0,1.0
2015-03-10,12.687999725341797,13.454149397852092,12.476622928307602,0.34825306799968575,0.10723559921027995,7111.446667671204,7500.0,32,0.3795626280128212,0.0,0.0,0.0,560,0,0,0,0.0,0.9425956292358311,0.28472616508651527,0.0,1.0,1.0
2015-03-11,12.916000366210938,13.402897109124362,12.466631501744406,0.35887585932722804,0.09958771024100824,7111.446667671204,7500.0,32,0.34355852345265264,0.0,0.0,0.0,550,0,0,0,0.0,0.942814305667736,0.18163861848270008,0.0,1.0,1.0
2015-03-12,12.73799991607666,13.339573566929342,12.401101053659598,0.3580245721259624,0.11019458894995036,7111.446667671204,7500.0,32,0.35899917605625004,0.0,0.0,0.0,558,0,0,0,0.0,0.9430844861144349,0.2254845883319939,0.0,1.0,1.0
2015-03-13,12.578666687011719,13.267106245032425,12.255611024520778,0.32450291359619876,0.10591641141318668,7111.446667671204,7500.0,32,0.3709965298901731,0.0,0.0,0.0,565,0,0,0,0.0,0.943393680021195,0.2594535482364426,0.0,1.0,1.0
2015-03-16,13.046667098999023,13.246112040648292,12.228315463683394,0.3545019298201404,0.11651232884020765,7111.446667671204,7500.0,32,0.30656865586095955,0.0,0.0,0.0,545,0,0,0,0.0,0.943483255293234,0.07528433288093615,0.0,1.0,1.0
2015-03-17,12.982000350952148,13.220958546391516,12.197873871071458,0.3542329581249851,0.11672816144880191,7111.446667671204,7500.0,32,0.3118865448198725,0.0,0.0,0.0,547,0,0,0,0.0,0.9435905768687295,0.0903709797594776,0.0,1.0,1.0
2015-03-18,13.380666732788086,13.236168849857856,12.222662448199541,0.37298661611599193,0.12521823580537128,7111.446667671204,7500.0,32,0.13023398785087892,0.0,0.0,0.0,531,0,0,0,0.0,0.9435256795739398,0.0,0.0,0.0,1.0
2015-03-19,13.043333053588867,13.217803535927477,12.271304715935003,0.3568818833106109,0.12638223080880295,7111.446667671204,7500.0,32,0.3033608143770396,0.0,0.0,0.0,545,0,0,0,0.0,0.9436040382467095,0.06599828854483235,0.0,1.0,1.0
2015-03-20,13.20533275604248,13.216615842605096,12.461912762773743,0.34552162814081167,0.12868229183630414,7111.446667671204,7500.0,32,0.2817571701671306,0.0,0.0,0.0,538,0,0,0,0.0,0.9436091057382182,0.004268523310726518,0.0,1.0,1.0
2015-03-23,13.308667182922363,13.225382636921026,12.527502099646679,0.31238572618569305,0.12882605415312387,7111.446667671204,7500.0,32,0.13025009526219794,0.0,0.0,0.0,534,0,0,0,0.0,0.943571700749137,0.0,0.0,0.0,1.0
2015-03-24,13.447999954223633,13.246584286187941,12.566237942628879,0.3107263409437909,0.13007944663898888,7111.446667671204,7500.0,32,0.13209463495658133,0.0,0.0,0.0,528,0,0,0,0.0,0.9434812403789314,0.0,0.0,0.0,0.9906189958802232
2015-03-25,12.953332901000977,13.218655582836801,12.562340662047118,0.33654629696751387,0.13928810044943002,7111.446667671204,7500.0,32,0.31538585331272667,0.0,0.0,0.0,549,0,0,0,0.0,0.943600402846563,0.10035917804694201,0.0,1.0,1.0
2015-03-26,12.694000244140625,13.168688407722879,12.568359488918954,0.33437790760242037,0.13934616876739433,7111.446667671204,7500.0,32,0.34347980584083904,0.0,0.0,0.0,560,0,0,0,0.0,0.9438135961270491,0.18023365307355493,0.0,1.0,0.9996836568968615
2015-03-27,12.333333015441895,13.089130751315166,12.447047962710052,0.341800966492451,0.13977412985235407,7111.446667671204,7500.0,32,0.5315027530298244,0.1481868236905898,1.0,0.4037307765834129,576,2,2,2,24.66666603088379,0.944153042127722,0.2887119665289195,1.0,1.0,1.0
2015-03-30,12.704667091369629,13.052515164653686,12.399647477410324,0.3493094988399031,0.14547716121573911,7086.78000164032,7500.0,34,0.32592731408024395,0.0,0.0,0.0,557,0,0,0,0.0,0.9408285979202367,0.13324944230903185,0.0,1.0,1.0
2015-03-31,12.584667205810547,13.007958216192435,12.348164683395089,0.3469717952153736,0.14773406062974312,7086.78000164032,7500.0,34,0.3448699548272425,0.0,0.0,0.0,563,0,0,0,0.0,0.9410305894199277,0.16270463179031863,0.0,1.0,0.9571868629817188
2015-04-01,12.505999565124512,12.960152630376442,12.322653125213431,0.34126727328892387,0.14760964418537503,7586.78000164032,8000.0,34,0.35671942591431877,0.0,0.0,0.0,606,0,0,0,0.0,0.9449193513209001,0.17521131047001354,0.0,1.0,0.9266315285625051
2015-04-02,12.733332633972168,12.938550725956986,12.336716343552585,0.34910642618166254,0.14827849349128835,7586.78000164032,8000.0,34,0.31611113628508014,0.0,0.0,0.0,595,0,0,0,0.0,0.9450111594146828,0.07930489910787113,0.0,1.0,0.9619974209890687
2015-04-06,13.539999961853027,12.995831605566133,12.324374492552128,0.3994774530671251,0.14157160991613568,7586.78000164032,8000.0,34,0.13066870048672036,0.0,0.0,0.0,560,0,0,0,0.0,0.944767715676344,0.0,0.0,0.0,1.0
2015-04-07,13.550000190734863,13.048609566058392,12.324516480793223,0.39384210628744537,0.1411048342462414,7586.78000164032,8000.0,34,0.1305901932704881,0.0,0.0,0.0,559,0,0,0,0.0,0.9445434093442518,0.0,0.0,0.0,1.0
2015-04-08,13.844667434692383,13.124424601166393,12.308410560211032,0.3982687411665599,0.1263083127286024,7586.78000164032,8000.0,34,0.13047741840576493,0.0,0.0,0.0,547,0,0,0,0.0,0.9442211954450428,0.0,0.0,0.0,1.0
2015-04-09,14.005999565124512,13.208384121543356,12.27948622513978,0.3960957258138717,0.12641897744808617,7586.78000164032,8000.0,34,0.1303525286192042,0.0,0.0,0.0,541,0,0,0,0.0,0.9438643674834407,0.0,0.0,0.0,1.0
2015-04-10,14.0600004196167,13.289490435645579,12.272793626360174,0.3902918663476887,0.12019316369160384,7586.78000164032,8000.0,34,0.1302318829769772,0.0,0.0,0.0,539,0,0,0,0.0,0.9435196656485063,0.0,0.0,0.0,1.0
2015-04-13,13.985333442687988,13.355761198221046,12.304222686663698,0.3867725177425171,0.1191571785289756,7586.78000164032,8000.0,34,0.13013330521764616,0.0,0.0,0.0,542,0,0,0,0.0,0.9432380149075605,0.0,0.0,0.0,1.0
2015-04-14,13.830666542053223,13.400990278586015,12.314926853017175,0.3721178927525292,0.10961875189695992,7586.78000164032,8000.0,34,0.13006602696060326,0.0,0.0,0.0,548,0,0,0,0.0,0.9430457913160094,0.0,0.0,0.0,1.0
2015-04-15,13.85533332824707,13.4442610452204,12.331088391054223,0.37093038977149656,0.10995519013404871,7586.78000164032,8000.0,34,0.13000166169523464,0.0,0.0,0.0,547,0,0,0,0.0,0.9428618905578133,0.0,0.0,0.0,1.0
2015-04-16,13.779999732971191,13.476236158339525,12.341226254156506,0.3577423086901043,0.10148888824266357,7586.78000164032,8000.0,34,0.12995409871446995,0.0,0.0,0.0,550,0,0,0,0.0,0.942725996327057,0.0,0.0,0.0,1.0
2015-04-17,13.78600025177002,13.505737500571,12.357338915109565,0.3434428416116632,0.10807485988282842,7586.78000164032,8000.0,34,0.1299102154679006,0.0,0.0,0.0,550,0,0,0,0.0,0.9426006156225732,0.0,0.0,0.0,1.0
2015-04-20,13.684666633605957,13.522778370383852,12.365839627754106,0.34341468864836483,0.10832810045975992,7586.78000164032,8000.0,34,0.129884867174054,0.0,0.0,0.0,554,0,0,0,0.0,0.9425281919258687,0.0,0.0,0.0,1.0
2015-04-21,13.96066665649414,13.56448201668007,12.377219924612138,0.3489404940840279,0.10828072996145625,7586.78000164032,8000.0,34,0.12982283300018838,0.0,0.0,0.0,543,0,0,0,0.0,0.9423509514291097,0.0,0.0,0.0,1.0
2015-04-22,14.629332542419434,13.665896352464772,12.355728964112854,0.38366830837974575,0.10737052658132522,7586.78000164032,8000.0,34,0.12967197917570866,0.0,0.0,0.0,518,0,0,0,0.0,0.9419199405020248,0.0,0.0,0.0,1.0
2015-04-23,14.573332786560059,13.752318869997655,12.373228953012058,0.3532744288120904,0.09173553942509312,7586.78000164032,8000.0,34,0.12954342568087845,0.0,0.0,0.0,520,0,0,0,0.0,0.94155264480251,0.0,0.0,0.0,1.0
2015-04-24,14.562000274658203,13.829431384727233,12.436382093557556,0.3407565059258774,0.09076793827025283,7586.78000164032,8000.0,34,0.12942872081521822,0.0,0.0,0.0,520,0,0,0,0.0,0.9412249166149093,0.0,0.0,0.0,1.0
2015-04-27,15.436667442321777,13.982501485450523,12.506597976904802,0.3624901197567713,0.09285081395176174,7586.78000164032,8000.0,34,0.12920102904039232,0.0,0.0,0.0,491,0,0,0,0.0,0.9405743686868353,0.0,0.0,0.0,1.0
2015-04-28,15.36533260345459,14.114199687165197,12.568658259992596,0.35982998976563246,0.0834884224532992,7586.78000164032,8000.0,34,0.12900512796534175,0.0,0.0,0.0,493,0,0,0,0.0,0.9400146513295479,0.0,0.0,0.0,1.0
2015-04-29,15.49666690826416,14.245863232031766,12.678983253431063,0.3526702109903436,0.0775884718664802,7586.78000164032,8000.0,34,0.12880927844235274,0.0,0.0,0.0,489,0,0,0,0.0,0.939455081263865,0.0,0.0,0.0,1.0
2015-04-30,15.069999694824219,14.32435241896438,12.877624481312315,0.3736926826531219,0.08544863715010169,7586.78000164032,8000.0,34,0.12869252577679047,0.0,0.0,0.0,503,0,0,0,0.0,0.9391215022194014,0.0,0.0,0.0,1.0
2015-05-01,15.0686674118042,14.3952395611396,13.070891278739067,0.37377286065153353,0.0925069197508785,8086.78000164032,8500.0,34,0.12984666461440453,0.0,0.0,0.0,536,0,0,0,0.0,0.9424190417554416,0.0,0.0,0.0,1.0
2015-05-04,15.36733341217041,14.487819927904441,13.133678746203408,0.31700160705672886,0.09045417309947681,8086.78000164032,8500.0,34,0.12971705210093376,0.0,0.0,0.0,526,0,0,0,0.0,0.9420487202883823,0.0,0.0,0.0,1.0
2015-05-05,15.529999732971191,14.587075147434609,13.204039675654759,0.3165400463394316,0.1006684076982432,8086.78000164032,8500.0,34,0.12957809479359156,0.0,0.0,0.0,520,0,0,0,0.0,0.9416516994102616,0.0,0.0,0.0,1.0
2015-05-06,15.362000465393066,14.660877558668748,13.261592487433173,0.31756040173838107,0.10164413162560886,8086.78000164032,8500.0,34,0.12947477141786373,0.0,0.0,0.0,526,0,0,0,0.0,0.941356489765325,0.0,0.0,0.0,1.0
2015-05-07,15.786666870117188,14.768095588330505,13.295371208865777,0.3266790934443623,0.10127276399849575,8086.78000164032,8500.0,34,0.12932466617633726,0.0,0.0,0.0,512,0,0,0,0.0,0.940927617646678,0.0,0.0,0.0,1.0
2015-05-08,15.77400016784668,14.863896024474903,13.339493605897646,0.327539528348133,0.11075436744287723,8086.78000164032,8500.0,34,0.12919054556573512,0.0,0.0,0.0,512,0,0,0,0.0,0.9405444159021004,0.0,0.0,0.0,1.0
2015-05-11,15.965999603271484,14.968858270074577,13.395746472322948,0.32542846731674313,0.1110691397283343,8086.78000164032,8500.0,34,0.12904359842189556,0.0,0.0,0.0,506,0,0,0,0.0,0.9401245669197017,0.0,0.0,0.0,1.0
2015-05-12,16.31599998474121,15.09715748099521,13.469469216676938,0.32241232967727496,0.11154718139047386,8086.78000164032,8500.0,34,0.12886397952660666,0.0,0.0,0.0,495,0,0,0,0.0,0.9396113700760191,0.0,0.0,0.0,1.0
2015-05-13,16.211999893188477,15.20333294882314,13.573750880016103,0.3259436308141407,0.1099430039288924,8086.78000164032,8500.0,34,0.12871533387164757,0.0,0.0,0.0,498,0,0,0,0.0,0.9391866682047074,0.0,0.0,0.0,1.0
2015-05-14,16.273332595825195,15.30523767710905,13.715450379560714,0.32249661948763164,0.11655195510226275,8086.78000164032,8500.0,34,0.1285726672520473,0.0,0.0,0.0,496,0,0,0,0.0,0.9387790492915637,0.0,0.0,0.0,1.0
2015-05-15,16.589332580566406,15.427532429819275,13.872823557122933,0.3232062469535293,0.10801899884200908,8086.78000164032,8500.0,34,0.12840145459825297,0.0,0.0,0.0,487,0,0,0,0.0,0.9382898702807229,0.0,0.0,0.0,1.0
2015-05-18,16.583332061767578,15.537608585242923,14.1010907287707,0.3193046126579049,0.10392619147478456,8086.78000164032,8500.0,34,0.1282473479806599,0.0,0.0,0.0,487,0,0,0,0.0,0.9378495656590283,0.0,0.0,0.0,1.0
2015-05-19,16.47599983215332,15.62697918018677,14.322076843732962,0.3218690911319926,0.10373535459577034,8086.78000164032,8500.0,34,0.12812222914773852,0.0,0.0,0.0,490,0,0,0,0.0,0.9374920832792529,0.0,0.0,0.0,1.0
2015-05-20,16.290000915527344,15.690124107362063,14.441003470532127,0.2930855469463558,0.10258593322720357,8086.78000164032,8500.0,34,0.12803382624969306,0.0,0.0,0.0,496,0,0,0,0.0,0.9372395035705517,0.0,0.0,0.0,1.0
2015-05-21,16.374666213989258,15.75531859370751,14.592996170731793,0.29099903322539816,0.10258104414947115,8086.78000164032,8500.0,34,0.12794255396880944,0.0,0.0,0.0,493,0,0,0,0.0,0.9369787256251699,0.0,0.0,0.0,1.0
2015-05-22,16.51533317565918,15.827700934845765,14.778888566700736,0.29000305933877063,0.10276641773923795,8086.78000164032,8500.0,34,0.1278412186912159,0.0,0.0,0.0,489,0,0,0,0.0,0.936689196260617,0.0,0.0,0.0,1.0
2015-05-26,16.497333526611328,15.891475467394867,14.832531469945101,0.21043038605264036,0.10837895788279607,8086.78000164032,8500.0,34,0.2041491640855667,0.0,0.0,0.0,490,0,0,0,0.0,0.9364340981304206,0.0,0.0,0.0,0.6180138513004025
2015-05-27,16.495332717895508,15.948985681728262,14.899886176794256,0.20875169175737696,0.1128978429561797,8086.78000164032,8500.0,34,0.21949946817105537,0.0,0.0,0.0,490,0,0,0,0.0,0.936204057273087,0.0,0.0,0.0,0.5408597593726252
2015-05-28,16.76333236694336,16.026542508891605,14.953285449325929,0.21290197508732323,0.11208264484756869,8086.78000164032,8500.0,34,0.21097803324276101,0.0,0.0,0.0,482,0,0,0,0.0,0.9358938299644336,0.0,0.0,0.0,0.5829240362239536
2015-05-29,16.719999313354492,16.09258601407855,15.090215400271234,0.17968746790521647,0.10810152941592878,8086.78000164032,8500.0,34,0.2504353415068763,0.0,0.0,0.0,483,0,0,0,0.0,0.9356296559436859,0.0,0.0,0.0,0.3851751903670686
2015-06-01,16.6299991607666,16.14376821852503,15.259053510159216,0.18273792148623522,0.10117083815532638,8586.78000164032,9000.0,34,0.22761582238818154,0.0,0.0,0.0,516,0,0,0,0.0,0.939012431174461,0.0,0.0,0.0,0.5051926426143989
2015-06-02,16.55666732788086,16.183091943225584,15.38586119167692,0.17682665356992594,0.10067048459248076,8586.78000164032,9000.0,34,0.2358540988852991,0.0,0.0,0.0,518,0,0,0,0.0,0.9388638748811478,0.0,0.0,0.0,0.46374128661551284
2015-06-03,16.599332809448242,16.222733930484885,15.498799534785695,0.17502226717746172,0.09078674366323217,8586.78000164032,9000.0,34,0.20724336347711741,0.0,0.0,0.0,517,0,0,0,0.0,0.9387141162626127,0.0,0.0,0.0,0.6065328860739849
2015-06-04,16.39466667175293,16.239108477272318,15.68005529504337,0.17672451183922017,0.09497412694597179,8586.78000164032,9000.0,34,0.21840082410000983,0.0,0.0,0.0,523,0,0,0,0.0,0.938652256863638,0.0,0.0,0.0,0.5506373290113173
2015-06-05,16.609333038330078,16.274367959277818,15.785819542154877,0.15655544919431655,0.09431241877815588,8586.78000164032,9000.0,34,0.25182059720506744,0.0,0.0,0.0,516,0,0,0,0.0,0.9385190543760615,0.0,0.0,0.0,0.3833053591327702
2015-06-08,17.086000442504883,16.35166629101373,15.883087466115471,0.1811672345614245,0.08279562800744845,8586.78000164032,9000.0,34,0.16369186074162245,0.0,0.0,0.0,502,0,0,0,0.0,0.9382270384561704,0.0,0.0,0.0,0.8234380135901858
2015-06-09,17.066667556762695,16.419761649656486,15.955446567406621,0.17941680394776147,0.0813636370389532,8586.78000164032,9000.0,34,0.16076897429960907,0.0,0.0,0.0,503,0,0,0,0.0,0.9379697893235199,0.0,0.0,0.0,0.8376022598181143
2015-06-10,16.713333129882812,16.44772083824947,15.992080198003238,0.1847698261891587,0.09226720657439595,8586.78000164032,9000.0,34,0.19449388683916627,0.0,0.0,0.0,513,0,0,0,0.0,0.9378641657221687,0.0,0.0,0.0,0.6687928558179639
2015-06-11,16.76066780090332,16.47752531088317,16.04789767261135,0.18259680278648055,0.09241546595958704,8586.78000164032,9000.0,34,0.198908856586761,0.0,0.0,0.0,512,0,0,0,0.0,0.9377515710477747,0.0,0.0,0.0,0.6465209663998006
2015-06-12,16.71266746520996,16.499919801771433,16.09642959922226,0.18312821959779188,0.0869642995594394,8586.78000164032,9000.0,34,0.17721907712817275,0.0,0.0,0.0,513,0,0,0,0.0,0.9376669696377523,0.0,0.0,0.0,0.7548218112252028
2015-06-15,16.691999435424805,16.51821310021461,16.113845370769457,0.17040217780478437,0.08791811527546704,8586.78000164032,9000.0,34,0.20512727029174216,0.0,0.0,0.0,514,0,0,0,0.0,0.9375978616214115,0.0,0.0,0.0,0.6151599063787592
2015-06-16,16.874666213989258,16.552161015812196,16.1336491070932,0.17444173689264258,0.08996604696431416,8586.78000164032,9000.0,34,0.20495219652270444,0.0,0.0,0.0,508,0,0,0,0.0,0.9374696139402651,0.0,0.0,0.0,0.6158108417819415
2015-06-17,17.360666275024414,16.62916151668955,16.109479805261913,0.19794480316663993,0.09049268084828278,8586.78000164032,9000.0,34,0.16344383640380752,0.0,0.0,0.0,494,0,0,0,0.0,0.9371787231591728,0.0,0.0,0.0,0.8228435835095147
2015-06-18,17.459333419799805,16.708225507461954,16.117677474062525,0.19109497266118217,0.09788722473429012,8586.78000164032,9000.0,34,0.2025421421980633,0.0,0.0,0.0,491,0,0,0,0.0,0.9368800369718104,0.0,0.0,0.0,0.6268293537103515
2015-06-19,17.500667572021484,16.783696180277147,16.130112120061252,0.19103355311892842,0.09912318342523183,8586.78000164032,9000.0,34,0.20660258445510876,0.0,0.0,0.0,490,0,0,0,0.0,0.9365949255411752,0.0,0.0,0.0,0.6060281974215125
2015-06-22,17.319332122802734,16.834709127184347,16.1565111475657,0.19598368911715972,0.10153971441939867,8586.78000164032,9000.0,34,0.20605434396604555,0.0,0.0,0.0,495,0,0,0,0.0,0.9364022099639703,0.0,0.0,0.0,0.60843214760672
2015-06-23,17.844667434692383,16.930895632661304,16.13825465047499,0.21885737737993952,0.09407823636188695,8586.78000164032,9000.0,34,0.13989130013041834,0.0,0.0,0.0,481,0,0,0,0.0,0.9360388387210573,0.0,0.0,0.0,0.9386114671097583
2015-06-24,17.67799949645996,17.00204838159451,16.16387021004556,0.22356800770597823,0.09213059357701475,8586.78000164032,9000.0,34,0.12751951380655835,0.0,0.0,0.0,485,0,0,0,0.0,0.9357700394473096,0.0,0.0,0.0,1.0
2015-06-25,17.91933250427246,17.089408774230506,16.156333907048776,0.2217976206320283,0.09255750563128272,8586.78000164032,9000.0,34,0.12801694341033967,0.0,0.0,0.0,479,0,0,0,0.0,0.9354400112973514,0.0,0.0,0.0,0.9969353027186665
2015-06-26,17.805999755859375,17.157655534385636,16.17424910220618,0.22353355152022922,0.08990195598151757,8586.78000164032,9000.0,34,0.1273137665712012,0.0,0.0,0.0,482,0,0,0,0.0,0.9351821902034321,0.0,0.0,0.0,1.0
2015-06-29,17.468000411987305,17.187212189395318,16.213025230814626,0.23539321343433223,0.11565606360470156,8586.78000164032,9000.0,34,0.18806028595793176,0.0,0.0,0.0,491,0,0,0,0.0,0.935070531728951,0.0,0.0,0.0,0.6960720007360053
2015-06-30,17.884000778198242,17.25357300737655,16.260620617792377,0.24540932552299413,0.11649597452764644,8586.78000164032,9000.0,34,0.176088508100494,0.0,0.0,0.0,480,0,0,0,0.0,0.9348198353054664,0.0,0.0,0.0,0.7554921712820959
2015-07-01,17.94333267211914,17.3192644040187,16.312090275354432,0.24536739818468192,0.11947159186780806,9086.78000164032,9500.0,34,0.18601002587488039,0.0,0.0,0.0,506,0,0,0,0.0,0.9380152642382489,0.0,0.0,0.0,0.7114765830425336
2015-07-02,18.667999267578125,17.447715343405314,16.340998482899348,0.26901143183964993,0.11588555073223342,9086.78000164032,9500.0,34,0.14125204257674084,0.0,0.0,0.0,486,0,0,0,0.0,0.93755554508676,0.0,0.0,0.0,0.9344619910181255
2015-07-06,18.648000717163086,17.562028236144148,16.37689539095247,0.2692094228222262,0.11648282966078405,9086.78000164032,9500.0,34,0.14280939466218062,0.0,0.0,0.0,487,0,0,0,0.0,0.9371464252601157,0.0,0.0,0.0,0.9259592708942992
2015-07-07,17.858667373657227,17.590279582573967,16.407516704761328,0.3052216240186567,0.1165427037170807,9086.78000164032,9500.0,34,0.12796586031235468,0.0,0.0,0.0,508,0,0,0,0.0,0.9370453151781564,0.0,0.0,0.0,1.0
2015-07-08,16.997333526611328,17.533808529625144,16.345196026563364,0.3542737986019028,0.13076217727363365,9086.78000164032,9500.0,34,0.33158065541736487,0.0,0.0,0.0,534,0,0,0,0.0,0.9372474221044995,0.15298302194511457,0.0,1.0,1.0
2015-07-09,17.19466781616211,17.501509414057235,16.36194654515291,0.3476935915911396,0.12238399416692845,9086.78000164032,9500.0,34,0.3087585700692092,0.0,0.0,0.0,528,0,0,0,0.0,0.9373630189391636,0.08766146697286298,0.0,1.0,1.0
2015-07-10,17.27666664123535,17.480095816645626,16.39160331120871,0.34784885160434414,0.13129639394287992,9086.78000164032,9500.0,34,0.29846996153072586,0.0,0.0,0.0,525,0,0,0,0.0,0.9374396570772683,0.058188804439091454,0.0,1.0,1.0
2015-07-13,17.477333068847656,17.479832697807723,16.464716505451765,0.3490979510231472,0.1354659215504524,9086.78000164032,9500.0,34,0.27835446085792376,0.0,0.0,0.0,519,0,0,0,0.0,0.9374405987657408,0.0007150036854700558,0.0,1.0,1.0
2015-07-14,17.709999084472656,17.501753306061524,16.579094225117903,0.3508641684397163,0.13504115946537326,9086.78000164032,9500.0,34,0.12807675112188083,0.0,0.0,0.0,513,0,0,0,0.0,0.9373621460625167,0.0,0.0,0.0,1.0
2015-07-15,17.542667388916016,17.505649885380997,16.65474601938073,0.35235718427128593,0.13376131859832735,9086.78000164032,9500.0,34,0.12807187014357535,0.0,0.0,0.0,517,0,0,0,0.0,0.9373482004102154,0.0,0.0,0.0,1.0
2015-07-16,17.778667449951172,17.531651558197204,16.69310470760583,0.34100630283942446,0.13645577528079425,9086.78000164032,9500.0,34,0.1280392996271003,0.0,0.0,0.0,511,0,0,0,0.0,0.9372551417917153,0.0,0.0,0.0,1.0
2015-07-17,18.310667037963867,17.605843508651173,16.732745475269656,0.3555781154957561,0.13200172641593905,9086.78000164032,9500.0,34,0.12794636444705798,0.0,0.0,0.0,496,0,0,0,0.0,0.93698961270588,0.0,0.0,0.0,1.0
2015-07-20,18.817333221435547,17.721223481297304,16.73348937443193,0.36651218961390564,0.13041860563627913,9086.78000164032,9500.0,34,0.12780183584974336,0.0,0.0,0.0,482,0,0,0,0.0,0.9365766738564096,0.0,0.0,0.0,1.0
2015-07-21,17.784666061401367,17.727265631783407,16.766354158223347,0.4196769405431105,0.1296669368105054,9086.78000164032,9500.0,34,0.1277942672612397,0.0,0.0,0.0,510,0,0,0,0.0,0.9365550493178278,0.0,0.0,0.0,1.0
2015-07-22,17.857999801635742,17.739716505102678,16.778744860351967,0.40601951347287135,0.12989756591315996,9086.78000164032,9500.0,34,0.12777867090413453,0.0,0.0,0.0,508,0,0,0,0.0,0.9365104882975273,0.0,0.0,0.0,1.0
2015-07-23,17.81333351135254,17.746727648555044,16.78839191835521,0.4045774567000602,0.1288052463643099,9086.78000164032,9500.0,34,0.12776988852444154,0.0,0.0,0.0,510,0,0,0,0.0,0.9364853957841188,0.0,0.0,0.0,1.0
2015-07-24,17.694000244140625,17.741705990991765,16.782107153829532,0.40237592100101816,0.1338972475851665,9086.78000164032,9500.0,34,0.2824817610721941,0.0,0.0,0.0,513,0,0,0,0.0,0.93650336803224,0.01344452074545762,0.0,1.0,1.0
2015-07-27,16.867332458496094,17.658432321230272,16.607157921945404,0.4346236030283875,0.13519257768513823,9086.78000164032,9500.0,34,0.3562806976346145,0.0,0.0,0.0,538,0,0,0,0.0,0.9368014001134917,0.22400059312826415,0.0,1.0,1.0
2015-07-28,17.654666900634766,17.658073709744986,16.61516743397398,0.4628596884052292,0.12037095831302155,9086.78000164032,9500.0,34,0.2782185704096562,0.0,0.0,0.0,514,0,0,0,0.0,0.9368026835651232,0.0009646604624661013,0.0,1.0,1.0
2015-07-29,17.58799934387207,17.65139996061423,16.605774515427267,0.4550702723096267,0.12240091416548164,9086.78000164032,9500.0,34,0.2841749805599994,0.0,0.0,0.0,516,0,0,0,0.0,0.9368265685620122,0.017959090180843313,0.0,1.0,1.0
2015-07-30,17.785999298095703,17.664218945136277,16.621589182575384,0.4568092555396444,0.12048755726289244,9086.78000164032,9500.0,34,0.1278732415318819,0.0,0.0,0.0,510,0,0,0,0.0,0.9367806900910912,0.0,0.0,0.0,1.0
2015-07-31,17.74333381652832,17.671753694792663,16.71937932238259,0.4311096227483572,0.1209220652339867,9086.78000164032,9500.0,34,0.1278638032665228,0.0,0.0,0.0,512,0,0,0,0.0,0.9367537236186367,0.0,0.0,0.0,1.0
2015-08-03,17.332666397094727,17.63945966644048,16.779735986728813,0.43742931886548714,0.12043488322076872,9586.78000164032,10000.0,34,0.3094458155232798,0.0,0.0,0.0,553,0,0,0,0.0,0.9400258371341024,0.08696220721812573,0.0,1.0,1.0
2015-08-04,17.75200080871582,17.650177870466703,16.79447829610233,0.4221465803689803,0.11914950168687456,9586.78000164032,10000.0,34,0.12899628833414462,0.0,0.0,0.0,540,0,0,0,0.0,0.9399893952404133,0.0,0.0,0.0,1.0
2015-08-05,18.0086669921875,17.68431969158297,16.8723471591934,0.3839979982180451,0.10111156186569668,9586.78000164032,10000.0,34,0.1289556595670162,0.0,0.0,0.0,532,0,0,0,0.0,0.9398733130486179,0.0,0.0,0.0,1.0
2015-08-06,16.408666610717773,17.56282892197676,16.588178649262176,0.5021246298876899,0.10598266970138369,9586.78000164032,10000.0,34,0.5441035769323819,0.17109741260433065,1.0,0.41976818882303146,584,2,2,2,32.81733322143555,0.940286381665279,0.32858098099866956,1.0,1.0,1.0
2015-08-07,16.167333602905273,17.429924605874714,16.257224156696743,0.503478142250118,0.0974305269239608,9553.962668418884,10000.0,36,0.5548050082875895,0.19055456052288997,1.0,0.433388192366023,590,2,2,2,32.33466720581055,0.937252271418851,0.36219060940283326,1.0,1.0,1.0
2015-08-10,16.076000213623047,17.30097942566027,15.943347900083413,0.5006339384450996,0.10020204517119853,9521.628001213074,10000.0,38,0.40089676460687723,0.0,0.0,0.0,592,0,0,0,0.0,0.934256278182491,0.3540201921228725,0.0,1.0,1.0
2015-08-11,15.824666976928711,17.160378240066787,15.606382689330768,0.49813702056659537,0.10443277634401367,9521.628001213074,10000.0,38,0.41339133497438524,0.0,0.0,0.0,601,0,0,0,0.0,0.9347905626877462,0.38918468009621154,0.0,1.0,1.0
2015-08-12,15.878000259399414,17.038247003812753,15.336051824447907,0.4987417111789112,0.10456924009709692,9521.628001213074,10000.0,38,0.3965081869792519,0.0,0.0,0.0,599,0,0,0,0.0,0.9352546613855115,0.34048301569806544,0.0,1.0,1.0
2015-08-13,16.167333602905273,16.955302870392995,15.185896035998416,0.5012984176068239,0.09963302819374978,9521.628001213074,10000.0,38,0.35877776249731036,0.0,0.0,0.0,588,0,0,0,0.0,0.9355698490925066,0.23236661518552318,0.0,1.0,1.0
2015-08-14,16.209999084472656,16.8843215574482,15.123989930722553,0.4857413680031321,0.10089195079118506,9521.628001213074,10000.0,38,0.34743498320359406,0.0,0.0,0.0,587,0,0,0,0.0,0.9358395780816968,0.19968894535714365,0.0,1.0,1.0
2015-08-17,16.999332427978516,16.89527497368918,15.314127681174714,0.5099781585637372,0.10302499323731142,9521.628001213074,10000.0,38,0.12752928428499333,0.0,0.0,0.0,560,0,0,0,0.0,0.9357979550999811,0.0,0.0,0.0,1.0
2015-08-18,17.381332397460938,16.941566156905537,15.388179041460754,0.4819045503102523,0.1024136255945211,9521.628001213074,10000.0,38,0.1274677170113156,0.0,0.0,0.0,547,0,0,0,0.0,0.935622048603759,0.0,0.0,0.0,1.0
2015-08-19,17.016666412353516,16.948718562186297,15.441376247604778,0.4867869604448291,0.10589952311750925,9521.628001213074,10000.0,38,0.1274582043122922,0.0,0.0,0.0,559,0,0,0,0.0,0.9355948694636921,0.0,0.0,0.0,1.0
2015-08-20,16.14533233642578,16.872205588304343,15.365461270524461,0.5172587107133604,0.12730442381440527,9521.628001213074,10000.0,38,0.3529518994200828,0.0,0.0,0.0,589,0,0,0,0.0,0.9358856187644435,0.21540552243579336,0.0,1.0,1.0
2015-08-21,15.38466739654541,16.730535284327303,15.11841483233831,0.5390855986400963,0.16420425586259738,9521.628001213074,10000.0,38,0.41852504366544435,0.0,0.0,0.0,618,0,0,0,0.0,0.9364239659195562,0.40221901598171333,0.0,1.0,1.0
2015-08-24,14.591333389282227,16.526801770513487,14.632277073706934,0.544142754416214,0.20982457088755688,9521.628001213074,10000.0,38,0.6329634023599411,0.3326607315635292,1.0,0.5328625120944704,652,3,3,3,43.77400016784668,0.9371981532720487,0.5855544248992117,1.0,1.0,1.0
2015-08-25,14.66866683959961,16.34983653899788,14.305457031533436,0.5090471382784029,0.2025034041610212,9477.854001045227,10000.0,41,0.45648149451720693,0.011784535485830763,1.0,0.3082491748400816,646,2,2,2,29.33733367919922,0.9329656701901087,0.5141243141447682,0.0,1.0,1.0
2015-08-26,14.989333152770996,16.220264787928656,14.122299195608454,0.5203584041240454,0.25407965164402413,9448.516667366028,10000.0,43,0.46705790084550636,0.0310143651736479,1.0,0.3217100556215536,630,2,2,2,29.978666305541992,0.9302528614119068,0.3794425218242232,0.0,1.0,0.7066774164356953
2015-08-27,16.19933319091797,16.21827130249907,14.219080122706462,0.6050018235794282,0.27310376340259995,9418.538001060486,10000.0,45,0.3072860517907261,0.0,0.0,0.0,581,0,0,0,0.0,0.9270177791387542,0.005838511154447789,0.0,1.0,0.8460682490594729
2015-08-28,16.565332412719727,16.251324741567704,14.358750792900768,0.612320233683814,0.273370169248453,9418.538001060486,10000.0,45,0.15108847747455073,0.0,0.0,0.0,568,0,0,0,0.0,0.9268690386629453,0.0,0.0,0.0,0.8665784302874004
2015-08-31,16.604000091552734,16.284912870137706,14.449805657695627,0.6077076592283199,0.2741259989521762,9418.538001060486,10000.0,45,0.15486930773219004,0.0,0.0,0.0,567,0,0,0,0.0,0.9267178920843804,0.0,0.0,0.0,0.8474097724867151
2015-09-01,15.908666610717773,16.249079893050094,14.551167854628591,0.6159408176258007,0.28991197653738865,9918.538001060486,10500.0,45,0.3581918937226914,0.0,0.0,0.0,623,0,0,0,0.0,0.9303610861726425,0.10474847947480377,0.0,1.0,0.7704822712695738
2015-09-02,16.512666702270508,16.274183398690134,14.802492271591518,0.6311273740887873,0.2999038050496226,9918.538001060486,10500.0,45,0.17484994163090897,0.0,0.0,0.0,600,0,0,0,0.0,0.9302534997198995,0.0,0.0,0.0,0.7536939163552789
2015-09-03,16.3713321685791,16.283435662489083,14.81337970018936,0.5458274707761157,0.2999183929289854,9918.538001060486,10500.0,45,0.22225485255413563,0.0,0.0,0.0,605,0,0,0,0.0,0.930213847160761,0.0,0.0,0.0,0.5165999697606536
2015-09-04,16.1286678314209,16.268695869054017,14.799004866064987,0.5458699106703864,0.3030321591623277,9918.538001060486,10500.0,45,0.3904329570386058,0.0,0.0,0.0,614,0,0,0,0.0,0.9302770177040542,0.04303603643469584,0.0,1.0,0.5011330595497838
2015-09-08,16.544666290283203,16.29497876631394,14.810758998399987,0.552587341966515,0.3148209086120882,9918.538001060486,10500.0,45,0.2330169546259317,0.0,0.0,0.0,599,0,0,0,0.0,0.9301643767157974,0.0,0.0,0.0,0.46270288612298693
2015-09-09,16.5939998626709,16.323456965966983,14.829932545838522,0.5486403443875268,0.3163717083831863,9918.538001060486,10500.0,45,0.2364875248947638,0.0,0.0,0.0,597,0,0,0,0.0,0.9300423272887129,0.0,0.0,0.0,0.4451364482814286
2015-09-10,16.565332412719727,16.346492722800576,14.84702649032718,0.5488858451685524,0.3175199303943191,9918.538001060486,10500.0,45,0.23736929389350514,0.0,0.0,0.0,598,0,0,0,0.0,0.9299436026165689,0.0,0.0,0.0,0.44055483511146987
2015-09-11,16.682666778564453,16.378509299539992,14.862155625012067,0.5461213632816645,0.3186203186633466,9918.538001060486,10500.0,45,0.23976235914060354,0.0,0.0,0.0,594,0,0,0,0.0,0.9298063887162572,0.0,0.0,0.0,0.42834938455043226
2015-09-14,16.87933349609375,16.426206842068922,14.879967597467306,0.5471992709572379,0.3176392661876389,9918.538001060486,10500.0,45,0.23824291746815404,0.0,0.0,0.0,587,0,0,0,0.0,0.9296019706768475,0.0,0.0,0.0,0.43558886134371266
2015-09-15,16.904666900634766,16.471774466694242,14.934813975126914,0.5193936858799356,0.32145370211636026,9918.538001060486,10500.0,45,0.25599814836405466,0.0,0.0,0.0,586,0,0,0,0.0,0.9294066808570247,0.0,0.0,0.0,0.34647094967951975
2015-09-16,17.483333587646484,16.568113430594458,15.014506633168985,0.5276847131315298,0.32406371049401805,9918.538001060486,10500.0,45,0.25375844146959264,0.0,0.0,0.0,567,0,0,0,0.0,0.9289937995831666,0.0,0.0,0.0,0.35694694192257814
2015-09-17,17.471332550048828,16.65413429911392,15.040351032727417,0.521447327474029,0.3233012276309466,9918.538001060486,10500.0,45,0.25620482419938234,0.0,0.0,0.0,567,0,0,0,0.0,0.9286251387180832,0.0,0.0,0.0,0.3440698717597337
2015-09-18,17.374666213989258,16.722756386244907,15.035352087178094,0.4836713833803855,0.31988979702209935,9918.538001060486,10500.0,45,0.2729169020885972,0.0,0.0,0.0,570,0,0,0,0.0,0.9283310440589504,0.0,0.0,0.0,0.2599948166601769
2015-09-21,17.613332748413086,16.807573182641878,15.086557585430102,0.4448653739769153,0.29993735835205393,9918.538001060486,10500.0,45,0.2775895937200492,0.0,0.0,0.0,563,0,0,0,0.0,0.9279675435029634,0.0,0.0,0.0,0.2359952325299397
2015-09-22,17.395999908447266,16.863613823194772,15.327152908160247,0.39520834253659454,0.266147022225736,9918.538001060486,10500.0,45,0.277217094571257,0.0,0.0,0.0,570,0,0,0,0.0,0.9277273693291652,0.0,0.0,0.0,0.23743742346975405
2015-09-23,17.40399932861328,16.915079109425104,15.625110852736086,0.3962006282795203,0.2606604079083986,9918.538001060486,10500.0,45,0.271296088806802,0.0,0.0,0.0,569,0,0,0,0.0,0.9275068038167495,0.0,0.0,0.0,0.26665646264530163
2015-09-24,17.541332244873047,16.974722265182052,15.917342930735915,0.3932200427324371,0.22122653835140413,9918.538001060486,10500.0,45,0.22829554768426857,0.0,0.0,0.0,565,0,0,0,0.0,0.9272511902920769,0.0,0.0,0.0,0.4812118445897917
2015-09-25,17.12733268737793,16.98925659110547,15.968944471086296,0.3016506649089626,0.20156244008528595,9918.538001060486,10500.0,45,0.275089134586177,0.0,0.0,0.0,579,0,0,0,0.0,0.9271889003238337,0.0,0.0,0.0,0.24713490263582383
2015-09-28,16.562000274658203,16.948565513348587,15.92803348522827,0.31778847490560225,0.218984616405086,9918.538001060486,10500.0,45,0.47262625087413906,0.041138637952980096,1.0,0.3287970465670861,598,2,2,2,33.124000549316406,0.9273632906570775,0.11404069518034653,0.0,1.0,0.2093257208447965
2015-09-29,16.44333267211914,16.900448099898163,15.868191268540771,0.3187221686649283,0.21831507513959877,9885.41400051117,10500.0,47,0.47753610098799315,0.050065638159987526,1.0,0.3350459467119913,601,2,2,2,32.88666534423828,0.9243503751718845,0.13523766502433068,0.0,1.0,0.21659856540341038
2015-09-30,16.559999465942383,16.8680244204738,15.927136648904836,0.27889696726117774,0.2052915353753654,9852.527335166931,10500.0,49,0.47798193226992214,0.0508762404907675,1.0,0.3356133683435373,594,2,2,2,33.119998931884766,0.9212825527044556,0.09130439548022863,0.0,1.0,0.13211749797358685
2015-10-01,15.991999626159668,16.78459348768198,15.771599509805156,0.27374245670619035,0.1941276964615526,10319.407336235046,11000.0,51,0.5203815908092653,0.12796652874411865,1.0,0.3895765701208831,645,2,2,2,31.983999252319336,0.9221805211025653,0.23610755366342012,0.0,1.0,0.17509617679414813
2015-10-02,16.504667282104492,16.757933849055554,15.757411543100718,0.2967689127234679,0.20117544631389703,10287.423336982727,11000.0,53,0.45232575153708776,0.004228639158341364,1.0,0.302960047410839,623,2,2,2,33.009334564208984,0.9192572278181869,0.07556616741428887,0.0,1.0,0.22931218397139363
2015-10-05,16.40999984741211,16.724797277470465,15.762065594493832,0.29223542854013324,0.20240720005736998,10254.414002418518,11000.0,55,0.46303718783466347,0.02370397788120628,1.0,0.3165927845168444,624,2,2,2,32.81999969482422,0.9163760136126476,0.09411098527406694,0.0,1.0,0.2031663088784328
2015-10-06,16.097333908081055,16.66503886133814,15.648028875878508,0.28509669320445946,0.18327747304837877,10221.594002723694,11000.0,57,0.4701327161895744,0.03660493852649892,1.0,0.3256234569685493,634,2,2,2,32.19466781616211,0.9136447986276115,0.17032812163856553,0.0,1.0,0.2962890295179377
2015-10-07,15.46399974822998,16.55065418389927,15.356533707776084,0.3148642307015852,0.17712871835071298,10189.399334907532,11000.0,59,0.48756152903286026,0.068293689150655,1.0,0.34780558240545856,658,2,2,2,30.92799949645996,0.9112283093772675,0.32828141522236703,0.0,1.0,0.4813343728850592
2015-10-08,15.114666938781738,16.413893493888075,14.998017909927684,0.32207982184383405,0.17858963534845865,10158.471335411072,11000.0,61,0.5060845684985,0.10197194272454549,1.0,0.3713803599071819,672,2,2,2,30.229333877563477,0.9089774997157116,0.3957703745275673,0.0,1.0,0.5028859374332377
2015-10-09,14.712667465209961,16.251871967347302,14.567291188008141,0.3283149904833549,0.1782829362522463,10128.242001533508,11000.0,63,0.5262405993570096,0.13861927155819928,1.0,0.3970334900907395,688,2,2,2,29.425334930419922,0.9069210969142836,0.47354683362933747,0.0,1.0,0.5346158816662889
2015-10-12,14.371999740600586,16.07283651718095,14.109166247837074,0.3265455080410552,0.17709900016321062,10098.816666603088,11000.0,65,0.5446346946308314,0.17206308114696608,1.0,0.4204441568028763,702,2,2,2,28.743999481201172,0.9050241478530217,0.5291028670522049,0.0,1.0,0.5365488029299899
2015-10-13,14.616666793823242,15.934153686384978,13.80352590765668,0.3368986248057651,0.17441276786229767,10070.072667121887,11000.0,67,0.4887907639138447,0.07052866166153576,1.0,0.34937006316307506,688,2,2,2,29.233333587646484,0.9029465184556551,0.41341602399864796,0.0,1.0,0.6096806297258066
2015-10-14,14.458666801452637,15.793631125915232,13.556172307779947,0.2996060873171726,0.1727416271498345,10040.83933353424,11000.0,69,0.5241758287716214,0.13486514322112977,1.0,0.3944056002547909,694,2,2,2,28.917333602905273,0.9009308593010772,0.4226274229844767,0.0,1.0,0.44534785014161193
2015-10-15,14.753999710083008,15.694618610121687,13.436494044071951,0.3165347331680611,0.18017728014527123,10011.921999931335,11000.0,71,0.4766270944132923,0.04841289893325874,1.0,0.3338890292532812,678,2,2,2,29.507999420166016,0.8986983707892146,0.2996628727989797,0.0,1.0,0.4639967042128783
2015-10-16,15.133999824523926,15.641226344826663,13.421960492070863,0.33877040741406655,0.16880539442378084,9982.41400051117,11000.0,73,0.3859418729430007,0.0,0.0,0.0,659,0,0,0,0.0,0.8961991342570594,0.16214410210568375,0.0,1.0,0.6723912989197969
2015-10-19,15.206666946411133,15.599839735453754,13.487307867177623,0.33307132623281605,0.16860664230077274,9982.41400051117,11000.0,73,0.37863316973188366,0.0,0.0,0.0,656,0,0,0,0.0,0.8964737908465342,0.12601821419647585,0.0,1.0,0.6461951601658495
2015-10-20,14.20199966430664,15.466712109630219,13.349501060723917,0.3933994303823459,0.16082848899168417,9982.41400051117,11000.0,73,0.40717247763670167,0.0,0.0,0.0,702,0,0,0,0.0,0.8973572741815449,0.40884980478045996,0.0,1.0,1.0
2015-10-21,14.005999565124512,15.327596629201103,13.229420571096892,0.3917218763098169,0.16272029311373826,9982.41400051117,11000.0,73,0.4152890740614729,0.0,0.0,0.0,712,0,0,0,0.0,0.8982804950971199,0.43111685936423133,0.0,1.0,1.0
2015-10-22,14.114666938781738,15.21207951582783,13.237796394865605,0.39163975762662867,0.16919749316416477,9982.41400051117,11000.0,73,0.40513132339218433,0.0,0.0,0.0,707,0,0,0,0.0,0.899047108667688,0.3607043257643565,0.0,1.0,0.9289083932951561
2015-10-23,13.939332962036133,15.090865558323857,13.192985660178913,0.38868472278570465,0.17091640231780303,9982.41400051117,11000.0,73,0.41946427357870086,0.0,0.0,0.0,716,0,0,0,0.0,0.8998515285674872,0.3815329849163487,0.0,1.0,0.8951015307032084
2015-10-26,14.350666999816895,15.02037045751367,13.19205196576646,0.40260898082643165,0.13359759233020965,9982.41400051117,11000.0,73,0.3431378841216462,0.0,0.0,0.0,695,0,0,0,0.0,0.9003193596910456,0.22293173779937225,0.0,1.0,1.0
2015-10-27,14.023332595825195,14.925414470686196,13.145431502833013,0.40659156971004345,0.13561486046480706,9982.41400051117,11000.0,73,0.37110113964911545,0.0,0.0,0.0,711,0,0,0,0.0,0.9009495221490825,0.30219659113410446,0.0,1.0,1.0
2015-10-28,14.197333335876465,14.856073410228126,13.2024296950714,0.409567031869023,0.1276028174106482,9982.41400051117,11000.0,73,0.343090958664302,0.0,0.0,0.0,703,0,0,0,0.0,0.9014096946412133,0.22170733011393529,0.0,1.0,1.0
2015-10-29,14.108667373657227,14.784891882935659,13.183351439030567,0.3969944528832821,0.1284731063302806,9982.41400051117,11000.0,73,0.3456994145676812,0.0,0.0,0.0,707,0,0,0,0.0,0.9018820811405179,0.2286876747671429,0.0,1.0,1.0
2015-10-30,13.795332908630371,14.69064817109706,13.249723863008304,0.37417359193638505,0.1263570060312941,9982.41400051117,11000.0,73,0.37253063151453053,0.0,0.0,0.0,723,0,0,0,0.0,0.9025075166827196,0.3047228590730822,0.0,1.0,1.0
2015-11-02,14.252667427062988,14.64893571928429,13.460691073863016,0.4025840287466597,0.11797697350294324,10482.41400051117,11500.0,73,0.31479312817921595,0.0,0.0,0.0,735,0,0,0,0.0,0.907011103694978,0.1352549768170677,0.0,1.0,1.0
2015-11-03,13.890000343322754,14.576656159668905,13.604748073624233,0.4058092040457524,0.11548027156610906,10482.41400051117,11500.0,73,0.3500509152054006,0.0,0.0,0.0,754,0,0,0,0.0,0.9074699217690583,0.235532693103515,0.0,1.0,1.0
2015-11-04,15.442000389099121,14.659069895805116,13.69202450482854,0.5681426871268701,0.11637067112164207,10482.41400051117,11500.0,73,0.11743137079671123,0.0,0.0,0.0,678,0,0,0,0.0,0.9069467737048893,0.0,0.0,0.0,1.0
2015-11-05,15.451333045959473,14.734523529153151,13.707755479324987,0.5615561864711559,0.11469798745729651,10482.41400051117,11500.0,73,0.11726373250696842,0.0,0.0,0.0,678,0,0,0,0.0,0.906467807162767,0.0,0.0,0.0,1.0
2015-11-06,15.490667343139648,14.806537225723293,13.683641378217693,0.5515313077781702,0.11493523033655319,10482.41400051117,11500.0,73,0.11710373685937125,0.0,0.0,0.0,676,0,0,0,0.0,0.9060106767410608,0.0,0.0,0.0,1.0
2015-11-09,15.022000312805176,14.82705751973109,13.681187421592343,0.5565733192977439,0.1224657176697669,10482.41400051117,11500.0,73,0.11705814611920612,0.0,0.0,0.0,697,0,0,0,0.0,0.9058804174834462,0.0,0.0,0.0,1.0
2015-11-10,14.433333396911621,14.789559984224475,13.64391839395351,0.5730193040571271,0.11843861003006705,10482.41400051117,11500.0,73,0.309292576547786,0.0,0.0,0.0,726,0,0,0,0.0,0.9061184453175316,0.12043177339042835,0.0,1.0,1.0
2015-11-11,14.60533332824707,14.772014588417102,13.62597687419217,0.5730262826056809,0.1174432255544397,10482.41400051117,11500.0,73,0.28692670829021844,0.0,0.0,0.0,717,0,0,0,0.0,0.9062298204387436,0.05641791753330937,0.0,1.0,1.0
2015-11-12,14.196000099182129,14.717156065632818,13.567841180095215,0.5771578593129576,0.12021337958240867,10482.41400051117,11500.0,73,0.3292723714729409,0.0,0.0,0.0,738,0,0,0,0.0,0.9065780528007655,0.1770572942647801,0.0,1.0,1.0
2015-11-13,13.812666893005371,14.6310142396683,13.484922937039705,0.5747164206870604,0.12615006426199626,10482.41400051117,11500.0,73,0.36537535599643006,0.0,0.0,0.0,758,0,0,0,0.0,0.9071248661308012,0.2796618652875706,0.0,1.0,1.0
2015-11-16,14.287332534790039,14.598282648727514,13.511654557733802,0.5900639662021767,0.13711839669610612,10482.41400051117,11500.0,73,0.3048422266019876,0.0,0.0,0.0,733,0,0,0,0.0,0.9073326405776427,0.10650229257089332,0.0,1.0,1.0
2015-11-17,14.266667366027832,14.566700240851354,13.481931984466645,0.5401684155964946,0.1371034134905987,10482.41400051117,11500.0,73,0.3036816484185147,0.0,0.0,0.0,734,0,0,0,0.0,0.9075331202102479,0.10298587527122285,0.0,1.0,1.0
2015-11-18,14.73799991607666,14.583014495634718,13.502597406576488,0.5489411771735653,0.14556620316830954,10482.41400051117,11500.0,73,0.11760034605535064,0.0,0.0,0.0,711,0,0,0,0.0,0.9074295601581448,0.0,0.0,0.0,1.0
2015-11-19,14.786666870117188,14.602409959871144,13.520291926239548,0.5486673245115613,0.13450517446282925,10482.41400051117,11500.0,73,0.11755725439350367,0.0,0.0,0.0,708,0,0,0,0.0,0.9073064411242963,0.0,0.0,0.0,1.0
2015-11-20,14.667332649230957,14.608593073143508,13.550730063799836,0.5472736741848709,0.12952059908731442,10482.41400051117,11500.0,73,0.11754351712879851,0.0,0.0,0.0,714,0,0,0,0.0,0.9072671917965673,0.0,0.0,0.0,1.0
2015-11-23,14.516667366027832,14.599838243894396,13.544003917808308,0.5399759921980872,0.1293844547045044,10482.41400051117,11500.0,73,0.2775321905994324,0.0,0.0,0.0,722,0,0,0,0.0,0.9073227659300617,0.028483492925459663,0.0,1.0,1.0
2015-11-24,14.550000190734863,14.595091762641108,13.563227734241973,0.5325313655821778,0.12893362309210193,10482.41400051117,11500.0,73,0.27298014282385036,0.0,0.0,0.0,720,0,0,0,0.0,0.9073528957675825,0.015447512300561461,0.0,1.0,1.0
2015-11-25,15.309332847595215,14.663114723112926,13.586824397726566,0.5604738939956009,0.12189101051623297,10482.41400051117,11500.0,73,0.11742238424560558,0.0,0.0,0.0,684,0,0,0,0.0,0.9069210978445875,0.0,0.0,0.0,1.0
2015-11-27,15.440667152404785,14.737167335426436,13.619900398235403,0.5592261340229786,0.12189706268192682,10482.41400051117,11500.0,73,0.11725785865911775,0.0,0.0,0.0,678,0,0,0,0.0,0.9064510247403366,0.0,0.0,0.0,1.0
2015-11-30,15.350666999816895,14.795595874892193,13.712128239074072,0.5515914446798716,0.12180930149938143,10482.41400051117,11500.0,73,0.11712804568665253,0.0,0.0,0.0,682,0,0,0,0.0,0.9060801305332931,0.0,0.0,0.0,1.0
2015-12-01,15.812666893005371,14.892459781379163,13.73053579937513,0.5496936258007277,0.12033824809292366,10982.41400051117,12000.0,73,0.11829147104881349,0.0,0.0,0.0,694,0,0,0,0.0,0.9094042029966101,0.0,0.0,0.0,1.0
2015-12-02,15.465999603271484,14.947082621559383,13.83323108281646,0.5471783786190373,0.1259321110898107,10982.41400051117,12000.0,73,0.11817516991826316,0.0,0.0,0.0,710,0,0,0,0.0,0.9090719140521805,0.0,0.0,0.0,1.0
2015-12-03,15.513999938964844,15.00107474702657,13.879169805342698,0.37843724962498143,0.13474274375946932,10982.41400051117,12000.0,73,0.1180602116844559,0.0,0.0,0.0,707,0,0,0,0.0,0.9087434619555884,0.0,0.0,0.0,1.0
2015-12-04,15.358667373657227,15.035131187658061,13.922330570390116,0.380270803673549,0.1553201763309186,10982.41400051117,12000.0,73,0.117987699846278,0.0,0.0,0.0,715,0,0,0,0.0,0.9085362852750801,0.0,0.0,0.0,1.0
2015-12-07,15.408666610717773,15.070705989854224,13.966790982729393,0.38034289745113686,0.15720942384816167,10982.41400051117,12000.0,73,0.11791195516326869,0.0,0.0,0.0,712,0,0,0,0.0,0.9083198718950535,0.0,0.0,0.0,1.0
2015-12-08,15.114666938781738,15.074892746894939,13.967644756766589,0.3704918672742009,0.1550131778208267,10982.41400051117,12000.0,73,0.1195585554826745,0.0,0.0,0.0,726,0,0,0,0.0,0.9082944024563891,0.0,0.0,0.0,0.9917224268853084
2015-12-09,14.968000411987305,15.064712524522783,13.97741346979726,0.34223967072378125,0.1570310163755762,10982.41400051117,12000.0,73,0.3159193361121205,0.0,0.0,0.0,733,0,0,0,0.0,0.9083563321424865,0.03209889082783596,0.0,1.0,0.8161999596374616
2015-12-10,15.137999534606934,15.071692239768891,13.989577876815309,0.34203123562301974,0.15710218979718593,10982.41400051117,12000.0,73,0.15505554999062715,0.0,0.0,0.0,725,0,0,0,0.0,0.9083138722080726,0.0,0.0,0.0,0.8142715264109912
2015-12-11,14.468000411987305,15.014197779980169,13.964856073820394,0.36502016494311584,0.1643051104987683,10982.41400051117,12000.0,73,0.3614284416869269,0.0,0.0,0.0,759,0,0,0,0.0,0.9086636301717873,0.18189362362109013,0.0,1.0,0.8513329857029013
2015-12-14,14.571999549865723,14.972083662826412,14.048388278939843,0.34984483457565446,0.1605931074624003,10982.41400051117,12000.0,73,0.35180964033328244,0.0,0.0,0.0,753,0,0,0,0.0,0.9089198243844727,0.13361003116554918,0.0,1.0,0.8153790455461263
2015-12-15,14.739333152770996,14.94991694758304,14.077579163431505,0.3315053356549933,0.15598084763067052,10982.41400051117,12000.0,73,0.33860369429263193,0.0,0.0,0.0,745,0,0,0,0.0,0.9090546719022031,0.07042975407501802,0.0,1.0,0.7710792739969772
2015-12-16,15.633999824523926,15.015067697767886,14.174029587118696,0.39149060950011505,0.16436241002116886,10982.41400051117,12000.0,73,0.12105135904677594,0.0,0.0,0.0,702,0,0,0,0.0,0.908658338171912,0.0,0.0,0.0,0.984895296566966
2015-12-17,15.559332847595215,15.06690247394192,14.215552018927385,0.37819248933030714,0.16248537978648397,10982.41400051117,12000.0,73,0.12999541904542813,0.0,0.0,0.0,705,0,0,0,0.0,0.9083430099501867,0.0,0.0,0.0,0.9396231721856858
2015-12-18,15.36400032043457,15.095197506941219,14.252144081481028,0.38218111749166206,0.17313759409965115,10982.41400051117,12000.0,73,0.1499625114281597,0.0,0.0,0.0,714,0,0,0,0.0,0.9081708818327743,0.0,0.0,0.0,0.8394864860665563
2015-12-21,15.503999710083008,15.13413105009758,14.308569167275927,0.3809286336565124,0.17539938954426876,10982.41400051117,12000.0,73,0.15581381929901003,0.0,0.0,0.0,708,0,0,0,0.0,0.9079340361119064,0.0,0.0,0.0,0.8098154667007857
2015-12-22,15.329999923706055,15.152785228536482,14.388938543586113,0.38138422199587524,0.17926006614177276,10982.41400051117,12000.0,73,0.16314602248688634,0.0,0.0,0.0,716,0,0,0,0.0,0.907820556526403,0.0,0.0,0.0,0.7729558614867735
2015-12-23,15.313332557678223,15.168075450359504,14.474237698061492,0.3816560253933443,0.18547547114266671,10982.41400051117,12000.0,73,0.17475181020764968,0.0,0.0,0.0,717,0,0,0,0.0,0.907727541010313,0.0,0.0,0.0,0.7147641457297993
2015-12-24,15.371333122253418,15.18743332387321,14.492270262075953,0.3343789676998607,0.1855063535872801,10982.41400051117,12000.0,73,0.21724337359210236,0.0,0.0,0.0,714,0,0,0,0.0,0.9076097806131046,0.0,0.0,0.0,0.502100248112421
2015-12-28,15.263333320617676,15.19466189499173,14.504082428239352,0.3339108688002166,0.18552943409821138,10982.41400051117,12000.0,73,0.21768586337511817,0.0,0.0,0.0,719,0,0,0,0.0,0.907565806805467,0.0,0.0,0.0,0.4998108450339762
2015-12-29,15.812666893005371,15.253519513850172,14.520894379746514,0.3570376834819013,0.1891597007125604,10982.41400051117,12000.0,73,0.2029404841518177,0.0,0.0,0.0,694,0,0,0,0.0,0.9072077562907448,0.0,0.0,0.0,0.5729111527497146
2015-12-30,15.87266731262207,15.312485970876066,14.570343756881707,0.3411677766330722,0.1864282119293363,10982.41400051117,12000.0,73,0.21239345626112083,0.0,0.0,0.0,691,0,0,0,0.0,0.9068490436771706,0.0,0.0,0.0,0.5250185451294442
2015-12-31,16.000667572021484,15.378027075747058,14.57311351872465,0.3316076878560417,0.1853698052455796,10982.41400051117,12000.0,73,0.21910793810444557,0.0,0.0,0.0,686,0,0,0,0.0,0.9064503352892054,0.0,0.0,0.0,0.49074839623388145
2016-01-04,14.894000053405762,15.331929264095505,14.51162238012243,0.41649953465707473,0.18630044206883298,11482.41400051117,12500.0,73,0.346041559004983,0.0,0.0,0.0,770,0,0,0,0.0,0.9104615330976823,0.1428160811161878,0.0,1.0,0.8630280298493576
2016-01-05,14.895333290100098,15.290348695143562,14.45288979813256,0.4153700505524257,0.1689141012324527,11482.41400051117,12500.0,73,0.3139565465157799,0.0,0.0,0.0,770,0,0,0,0.0,0.9107043636203616,0.12917148356758112,0.0,1.0,1.0
2016-01-06,14.602666854858398,15.224855186544975,14.340995628726018,0.42003986725076065,0.172780260844367,11482.41400051117,12500.0,73,0.3403969764265911,0.0,0.0,0.0,786,0,0,0,0.0,0.9110868457105773,0.20433308693682606,0.0,1.0,1.0
2016-01-07,14.376667022705078,15.144075361417364,14.183275350132623,0.41832724078937655,0.1886803646817225,11482.41400051117,12500.0,73,0.3882045131554819,0.0,0.0,0.0,798,0,0,0,0.0,0.9115585998893226,0.25336916265862497,0.0,1.0,0.8476010186814986
2016-01-08,14.066666603088379,15.04146500348127,13.960919619546997,0.42324983168541236,0.19004251516910178,11482.41400051117,12500.0,73,0.41147949081351615,0.0,0.0,0.0,816,0,0,0,0.0,0.9121578443796694,0.32403705362718266,0.0,1.0,0.8559436174444104
2016-01-11,13.856666564941406,14.928627056953664,13.705341739409294,0.42190339114830994,0.189585437061196,11482.41400051117,12500.0,73,0.4242458940928042,0.0,0.0,0.0,828,0,0,0,0.0,0.9128168179873906,0.35902849201157605,0.0,1.0,0.8544998220341702
2016-01-12,13.998000144958496,14.839995922477934,13.551315927204996,0.39663693248981036,0.18313455470667242,11482.41400051117,12500.0,73,0.4079886198719449,0.0,0.0,0.0,820,0,0,0,0.0,0.9133344238127289,0.283691377651957,0.0,1.0,0.8048520532034757
2016-01-13,13.354000091552734,14.698472510008866,13.214146702456452,0.42535195208340426,0.19874590386918628,11482.41400051117,12500.0,73,0.4733325764753761,0.04242286631886557,1.0,0.32969600642320596,859,2,2,2,26.70800018310547,0.9141609205415482,0.4573510674461644,0.0,1.0,0.7834830966016166
2016-01-14,13.745332717895508,14.607697291712356,13.024686689688911,0.43846432042559214,0.20544311579733315,11455.706000328064,12500.0,75,0.4169288016159078,0.0,0.0,0.0,833,0,0,0,0.0,0.9123538162497259,0.29517471391815747,0.0,1.0,0.7785309197142567
2016-01-15,13.666000366210938,14.51801187023603,12.872999835639579,0.36795875569125996,0.20464172878087047,11455.706000328064,12500.0,75,0.4725363791269983,0.04097523477636054,1.0,0.3286826643434524,838,2,2,2,27.332000732421875,0.9128919287785838,0.2934325690185708,0.0,1.0,0.49838597551002883
2016-01-19,13.64799976348877,14.43515357435534,12.744094012074077,0.36837132169773856,0.2017389859186086,11428.373999595642,12500.0,77,0.45997592756755046,0.018138050122818994,1.0,0.31269663508597334,837,2,2,2,27.29599952697754,0.9110794539819711,0.2726516925545504,0.0,1.0,0.5216498686011606
2016-01-20,13.24666690826416,14.321964368060941,12.531424393480302,0.3769406434140672,0.19732138542079772,11401.078000068665,12500.0,79,0.48132904250701675,0.05696189546730315,1.0,0.33987332682711224,860,2,2,2,26.49333381652832,0.9094851851938549,0.375401527389209,0.0,1.0,0.5919065344852783
2016-01-21,13.33133316040039,14.227618538759938,12.394435570538981,0.37550832748328916,0.19553272271690444,11374.584666252136,12500.0,81,0.4579021689104596,0.014367579837199242,1.0,0.3100573058860395,853,2,2,2,26.66266632080078,0.9078050318688357,0.31498081562905966,0.0,1.0,0.6003643885690189
2016-01-22,13.50333309173584,14.158638972376691,12.310843725180007,0.3818340468736168,0.20913557198996946,11347.921999931335,12500.0,83,0.44379529687273855,0.0,0.0,0.0,840,0,0,0,0.0,0.9059866372234188,0.23141556258314935,0.0,1.0,0.5214773652978011
2016-01-25,13.092000007629395,14.057054309067425,12.163576610834317,0.39090568655932856,0.20490900009384658,11347.921999931335,12500.0,83,0.4695229369517345,0.03549624900315366,1.0,0.3248473743022076,866,2,2,2,26.18400001525879,0.9066611593877923,0.34326334672248066,0.0,1.0,0.5897532009343054
2016-01-26,12.904000282287598,13.947239639850299,12.018289508272154,0.3892521481425273,0.2153836013678434,11321.737999916077,12500.0,85,0.49649535455494576,0.08453700828171953,1.0,0.3591759057972037,877,2,2,2,25.808000564575195,0.9051587704490179,0.37399492103869036,0.0,1.0,0.5060421873287608
2016-01-27,12.538000106811523,13.813026350989464,11.814624114530956,0.39555653457330486,0.2166783698420347,11295.929999351501,12500.0,87,0.5236292758035869,0.1338714105519761,1.0,0.3937099873863833,900,2,2,2,25.076000213623047,0.9038613365971133,0.46153037422049326,0.0,1.0,0.5212891149128773
2016-01-28,12.646666526794434,13.70194446297089,11.784767529448292,0.36456897097183677,0.21273416750454832,11270.853999137878,12500.0,89,0.5150121987174336,0.11820399766806114,1.0,0.38274279836764286,891,2,2,2,25.293333053588867,0.9024421554236473,0.3850832774239868,0.0,1.0,0.42810851389619153
2016-01-29,12.74666690826416,13.610965648236915,11.864768585992968,0.36704445189930807,0.23641121156815686,11245.56066608429,12500.0,91,0.517683258675086,0.1230604703183382,1.0,0.38614232922283676,882,2,2,2,25.49333381652832,0.9009121700808352,0.3175008894702159,0.0,1.0,0.2938065608389089
2016-02-01,13.129332542419434,13.565095828635249,12.156582917071873,0.38947911689822456,0.2353088718873588,11720.067332267761,13000.0,93,0.4463881050808224,0.0,0.0,0.0,892,0,0,0,0.0,0.9029573913797633,0.16061931729812787,0.0,1.0,0.3793187147821975
2016-02-02,12.185333251953125,13.433689868951236,12.023282156111476,0.39511416343771394,0.23808786953554498,11720.067332267761,13000.0,93,0.5523984195577155,0.1861789446503918,1.0,0.4303252612552743,961,2,2,2,24.37066650390625,0.9038974493990412,0.4646365329169123,0.0,1.0,0.38294237126434094
2016-02-03,11.565333366394043,13.25575115442198,11.766501963757825,0.41908547667697654,0.2391011536595354,11695.696665763855,13000.0,95,0.7471360809715688,0.5402474199483068,1.0,0.6781731939638148,1011,3,3,3,34.69600009918213,0.9031310492561471,0.6376167477555698,1.0,1.0,0.46062823991266044
2016-02-04,11.688667297363281,13.106505072797342,11.579982406557862,0.42573329354993233,0.23614283116628623,11661.000665664673,13000.0,98,0.5542535417796427,0.18955189414480486,1.0,0.43268632590136347,997,2,2,2,23.377334594726562,0.9011971156050662,0.5408908658559154,0.0,1.0,0.5023862586585042
2016-02-05,10.84000015258789,12.890647461348824,11.15090350696578,0.4791473952806136,0.23038187616311973,11637.623331069946,13000.0,100,0.747052100640356,0.5400947284370108,1.0,0.6780663099059075,1073,3,3,3,32.52000045776367,0.9008411733742399,0.795401206537364,1.0,1.0,0.7331636616435264
2016-02-08,9.866000175476074,12.602585815075228,10.446830305784367,0.5502825672898001,0.23244664892770744,11605.103330612183,13000.0,103,0.7704937318261404,0.5827158760475281,1.0,0.7079011132332697,1176,3,3,3,29.598000526428223,0.9001487431574808,1.0,1.0,1.0,0.9727916413948887
2016-02-09,9.883333206176758,12.343609376132516,9.894233494424704,0.5542843417994955,0.23228681197104087,11575.505330085754,13000.0,106,0.7658747455042803,0.5743177190986913,1.0,0.702022403369084,1171,3,3,3,29.649999618530273,0.8993521081638426,0.9965789158529775,1.0,1.0,0.9885055645080345
2016-02-10,9.57800006866455,12.080218013516518,9.384721353096939,0.5475213426988997,0.22962683382143856,11545.855330467224,13000.0,109,0.6171498449874507,0.3039088090680922,1.0,0.5127361663476646,1205,3,3,3,28.734000205993652,0.8987120181943615,1.0,0.0,1.0,0.9869968069028789
2016-02-11,10.031332969665527,11.885086104578328,9.04252319200688,0.5837191607032088,0.21702025515560033,11517.12133026123,13000.0,112,0.5371147325424703,0.15839042280449148,1.0,0.41087329596314404,1148,2,2,2,20.062665939331055,0.8976054120220944,0.7798652523849635,0.0,1.0,1.0
2016-02-12,10.06933307647705,11.712157244759158,8.81765113790024,0.5656234467749147,0.22037347213468503,11497.0586643219,13000.0,114,0.5095191907233938,0.10821671040617052,1.0,0.3757516972843194,1141,2,2,2,20.1386661529541,0.897293390315189,0.7013328688945081,0.0,1.0,1.0
2016-02-16,10.344667434692383,11.581920119990894,8.706902040703548,0.5845469725647606,0.21554991504469342,11476.919998168945,13000.0,116,0.4507746482615678,0.0014084513846687487,1.0,0.30098591596926816,1109,2,2,2,20.689334869384766,0.896653635852389,0.5341310734663761,0.0,1.0,1.0
2016-02-17,11.245332717895508,11.549864176934191,8.794296861828165,0.6840274940837543,0.22289863957307718,11456.23066329956,13000.0,118,0.3094486427247067,0.0,0.0,0.0,1018,0,0,0,0.0,0.8951627713170589,0.13183335075353178,0.0,1.0,1.0
2016-02-18,11.118000030517578,11.508734258227847,8.838030799296916,0.679781482546397,0.21882827903185662,11456.23066329956,13000.0,118,0.3228520676366337,0.0,0.0,0.0,1030,0,0,0,0.0,0.8955361044253165,0.16975551739363698,0.0,1.0,1.0
2016-02-19,11.10533332824707,11.470315122039201,8.917800928778117,0.678214172609387,0.2184877896219332,11456.23066329956,13000.0,118,0.31924413685095415,0.0,0.0,0.0,1031,0,0,0,0.0,0.8958848319691827,0.15909841617640064,0.0,1.0,1.0
2016-02-22,11.849332809448242,11.506412044649586,9.125211211180007,0.726047744554963,0.2127011655496652,11456.23066329956,13000.0,118,0.11344501404276702,0.0,0.0,0.0,966,0,0,0,0.0,0.8955571829793345,0.0,0.0,0.0,1.0
2016-02-23,11.814000129699707,11.535706147987693,9.277879827959099,0.7200509835549915,0.20965929986586176,11456.23066329956,13000.0,118,0.11335194892985445,0.0,0.0,0.0,969,0,0,0,0.0,0.8952912826567271,0.0,0.0,0.0,1.0
2016-02-24,11.933333396911621,11.57357540978997,9.416231265168395,0.7206801915934957,0.20450797849270116,11456.23066329956,13000.0,118,0.11323164119812879,0.0,0.0,0.0,960,0,0,0,0.0,0.894947546280368,0.0,0.0,0.0,1.0
2016-02-25,12.495332717895508,11.661361820085736,9.509056820854092,0.7349732017997405,0.2029542498478263,11456.23066329956,13000.0,118,0.11295275052541992,0.0,0.0,0.0,916,0,0,0,0.0,0.8941507157869141,0.0,0.0,0.0,1.0
2016-02-26,12.689332962036133,11.759263833604821,9.601289795612868,0.7363417301777158,0.20288557125806767,11456.23066329956,13000.0,118,0.11264172335939387,0.0,0.0,0.0,902,0,0,0,0.0,0.8932620667411254,0.0,0.0,0.0,1.0
2016-02-29,12.795332908630371,11.85793707884535,9.693038274668673,0.7363973335219098,0.18573997156447655,11456.23066329956,13000.0,118,0.11232824604951436,0.0,0.0,0.0,895,0,0,0,0.0,0.8923664172843269,0.0,0.0,0.0,1.0
2016-03-01,12.423333168029785,11.911784325434343,9.851189722647032,0.7356219993981592,0.20433425674291592,11956.23066329956,13500.0,118,0.11355876350811561,0.0,0.0,0.0,962,0,0,0,0.0,0.895882181451759,0.0,0.0,0.0,1.0
2016-03-02,12.555999755859375,11.973138175951014,9.871842529056211,0.6880098605955514,0.19057562952540041,11956.23066329956,13500.0,118,0.11337106617283133,0.0,0.0,0.0,952,0,0,0,0.0,0.8953459033509467,0.0,0.0,0.0,1.0
2016-03-03,13.049332618713379,12.075632884785525,9.83396374033746,0.6696041626214995,0.19036068559029434,11956.23066329956,13500.0,118,0.11305750828580424,0.0,0.0,0.0,916,0,0,0,0.0,0.8944500236737265,0.0,0.0,0.0,1.0
2016-03-04,13.402667045593262,12.202017090576739,9.784682428669282,0.6733498844094631,0.19038929867063858,11956.23066329956,13500.0,118,0.11267086623401334,0.0,0.0,0.0,892,0,0,0,0.0,0.8933453320971811,0.0,0.0,0.0,1.0
2016-03-07,13.685999870300293,12.343348783883744,9.749678594211058,0.6036281143475213,0.17416680821306457,11956.23066329956,13500.0,118,0.11223849594263707,0.0,0.0,0.0,873,0,0,0,0.0,0.8921099884075346,0.0,0.0,0.0,1.0
2016-03-08,13.506667137145996,12.454141008003958,9.860899206874894,0.4799847330084475,0.17058678370875555,11956.23066329956,13500.0,118,0.11189955380514344,0.0,0.0,0.0,885,0,0,0,0.0,0.8911415823004099,0.0,0.0,0.0,1.0
2016-03-09,13.914667129516602,12.593238733862306,9.993650026657399,0.47921325980089885,0.1700114127558403,11956.23066329956,13500.0,118,0.11147401779936933,0.0,0.0,0.0,859,0,0,0,0.0,0.8899257651410554,0.0,0.0,0.0,1.0
2016-03-10,13.678667068481445,12.69661286096889,10.252633008929157,0.46275371980791097,0.16991308266915947,11956.23066329956,13500.0,118,0.1111577695438507,0.0,0.0,0.0,874,0,0,0,0.0,0.8890221986967164,0.0,0.0,0.0,1.0
2016-03-11,13.833333015441895,12.804871923299654,10.477693957700916,0.450353753064668,0.1646406187748586,11956.23066329956,13500.0,118,0.11082657700501658,0.0,0.0,0.0,864,0,0,0,0.0,0.8880759343000475,0.0,0.0,0.0,1.0
2016-03-14,14.34333324432373,12.95139204911147,10.733500412021355,0.4532006129536665,0.15681100848175775,11956.23066329956,13500.0,118,0.11037833395345897,0.0,0.0,0.0,833,0,0,0,0.0,0.8867952398670257,0.0,0.0,0.0,1.0
2016-03-15,14.555999755859375,13.10421183070651,10.986165798502995,0.45203607695911296,0.15086801768694283,11956.23066329956,13500.0,118,0.10991081862161634,0.0,0.0,0.0,821,0,0,0,0.0,0.8854594817760468,0.0,0.0,0.0,1.0
2016-03-16,14.795332908630371,13.265270980984972,11.101212377980291,0.37019045151285646,0.14282248258407113,11956.23066329956,13500.0,118,0.1094180969248385,0.0,0.0,0.0,808,0,0,0,0.0,0.8840517054995387,0.0,0.0,0.0,1.0
2016-03-17,15.092000007629395,13.439245173998728,11.264241116322244,0.35820877928855227,0.14082372287249564,11956.23066329956,13500.0,118,0.10888586476398904,0.0,0.0,0.0,792,0,0,0,0.0,0.882531042182826,0.0,0.0,0.0,1.0
2016-03-18,15.515999794006348,13.637031328285168,11.451620982051587,0.3550686277635638,0.14037840732086676,11956.23066329956,13500.0,118,0.10828078564013499,0.0,0.0,0.0,770,0,0,0,0.0,0.8808022446861,0.0,0.0,0.0,1.0
2016-03-21,15.887999534606934,13.851409252696765,11.526061943557727,0.3040577481520455,0.134276612929397,11956.23066329956,13500.0,118,0.1302227313781342,0.0,0.0,0.0,752,0,0,0,0.0,0.8789284228282801,0.0,0.0,0.0,0.8870110830588191
2016-03-22,15.616000175476074,14.0194655310567,11.68672350999426,0.31889335491002657,0.12274955038955175,11956.23066329956,13500.0,118,0.10711082026424873,0.0,0.0,0.0,765,0,0,0,0.0,0.8774594864692822,0.0,0.0,0.0,1.0
2016-03-23,14.838666915893555,14.097484710564972,11.892849800748797,0.39171751463469234,0.12731292540727848,11956.23066329956,13500.0,118,0.10687213936693823,0.0,0.0,0.0,805,0,0,0,0.0,0.876777541048395,0.0,0.0,0.0,1.0
2016-03-24,15.183333396911621,14.200898871169414,12.038159357381119,0.37137999230798796,0.1235329234435385,11956.23066329956,13500.0,118,0.10655576863857058,0.0,0.0,0.0,787,0,0,0,0.0,0.8758736246816303,0.0,0.0,0.0,1.0
2016-03-28,15.350666999816895,14.310400597707268,12.177591071930218,0.37084313824815984,0.12278732619479668,11956.23066329956,13500.0,118,0.10622077446775474,0.0,0.0,0.0,778,0,0,0,0.0,0.8749164984792994,0.0,0.0,0.0,1.0
2016-03-29,15.342000007629395,14.408648160556995,12.325759951706909,0.37265955874030393,0.11842879854489305,11956.23066329956,13500.0,118,0.10592020970140709,0.0,0.0,0.0,779,0,0,0,0.0,0.8740577420040203,0.0,0.0,0.0,1.0
2016-03-30,15.12600040435791,14.476967421871366,12.571402389148497,0.35554677135349627,0.08987961740320768,11956.23066329956,13500.0,118,0.10571120336864537,0.0,0.0,0.0,790,0,0,0,0.0,0.8734605810532725,0.0,0.0,0.0,1.0
2016-03-31,15.317999839782715,14.557065747386732,12.842914888004552,0.35565990050892654,0.09073970538963848,11956.23066329956,13500.0,118,0.10546616182466129,0.0,0.0,0.0,780,0,0,0,0.0,0.8727604623561752,0.0,0.0,0.0,1.0
2016-04-01,15.839332580566406,14.679186398165747,13.044758867720947,0.3504141401858592,0.09197950951470399,12456.23066329956,14000.0,118,0.10669640012541104,0.0,0.0,0.0,786,0,0,0,0.0,0.8762754289297459,0.0,0.0,0.0,1.0
2016-04-04,16.465999603271484,14.849359084366293,13.169623869176487,0.3611397028629191,0.09361686290638041,12456.23066329956,14000.0,118,0.10619439070111941,0.0,0.0,0.0,756,0,0,0,0.0,0.8748411162889127,0.0,0.0,0.0,1.0
2016-04-05,17.031333923339844,15.057166211887584,13.224813784985862,0.36919713010710287,0.10256279642126198,12456.23066329956,14000.0,118,0.1055813596749316,0.0,0.0,0.0,731,0,0,0,0.0,0.8730895990712332,0.0,0.0,0.0,1.0
2016-04-06,17.69466781616211,15.30835684086611,13.277797435760458,0.36988641836529246,0.09676576475369085,12456.23066329956,14000.0,118,0.10484034731944492,0.0,0.0,0.0,703,0,0,0,0.0,0.8709724209126999,0.0,0.0,0.0,1.0
2016-04-07,17.14666748046875,15.483434044637791,13.393851595592345,0.39678194372042114,0.10825830162451969,12456.23066329956,14000.0,118,0.10432386956831852,0.0,0.0,0.0,726,0,0,0,0.0,0.8694967701951958,0.0,0.0,0.0,1.0
2016-04-08,16.67133331298828,15.596567308290219,13.609791852142394,0.4084337477119285,0.10828291233512156,12456.23066329956,14000.0,118,0.10399012644054384,0.0,0.0,0.0,747,0,0,0,0.0,0.8685432184015539,0.0,0.0,0.0,1.0
2016-04-11,16.661333084106445,15.69797357265367,13.836760258781274,0.4102109554513887,0.09358421760893076,12456.23066329956,14000.0,118,0.10369097796067167,0.0,0.0,0.0,747,0,0,0,0.0,0.867688508459062,0.0,0.0,0.0,1.0
2016-04-12,16.521333694458008,15.77638882234932,14.002440902279433,0.40177846121496547,0.09874216072908934,12456.23066329956,14000.0,118,0.10345965297406945,0.0,0.0,0.0,753,0,0,0,0.0,0.8670275799259128,0.0,0.0,0.0,1.0
2016-04-13,16.968666076660156,15.889939037045592,14.153812647832337,0.4070995461348253,0.10304315704462542,12456.23066329956,14000.0,118,0.1031246798407155,0.0,0.0,0.0,734,0,0,0,0.0,0.8660705138306157,0.0,0.0,0.0,1.0
2016-04-14,16.790666580200195,15.975722612584125,14.291227719131047,0.4109089157327557,0.1020756198226727,12456.23066329956,14000.0,118,0.10287161829287678,0.0,0.0,0.0,741,0,0,0,0.0,0.8653474808367909,0.0,0.0,0.0,1.0
2016-04-15,16.96733283996582,16.070161681858572,14.4022288883613,0.408174471623712,0.10046501043667938,12456.23066329956,14000.0,118,0.1025930230385172,0.0,0.0,0.0,734,0,0,0,0.0,0.8645514943957635,0.0,0.0,0.0,1.0
2016-04-18,16.92533302307129,16.15160657149788,14.476827414699951,0.4007710320873622,0.10170521013863755,12456.23066329956,14000.0,118,0.10235276061408122,0.0,0.0,0.0,735,0,0,0,0.0,0.8638650303259464,0.0,0.0,0.0,1.0
2016-04-19,16.4913330078125,16.18396147019451,14.512427709762267,0.4076942400455345,0.1019464214161925,12456.23066329956,14000.0,118,0.10225731366292617,0.0,0.0,0.0,755,0,0,0,0.0,0.8635923247512177,0.0,0.0,0.0,1.0
2016-04-20,16.6646671295166,16.22974296155852,14.575919928334802,0.4021061378478398,0.10166797556395797,12456.23066329956,14000.0,118,0.10212225826340232,0.0,0.0,0.0,747,0,0,0,0.0,0.8632064521811496,0.0,0.0,0.0,1.0
2016-04-21,16.55266761779785,16.260497690724172,14.754470819832452,0.3523186710993742,0.10055674070350905,12456.23066329956,14000.0,118,0.10203153181236368,0.0,0.0,0.0,752,0,0,0,0.0,0.8629472337496106,0.0,0.0,0.0,1.0
2016-04-22,16.916667938232422,16.322990095248766,14.911771486018205,0.3515294535651762,0.1004711714019922,12456.23066329956,14000.0,118,0.10184717921901609,0.0,0.0,0.0,736,0,0,0,0.0,0.8624205120543318,0.0,0.0,0.0,1.0
2016-04-25,16.788000106811523,16.367276763016648,15.05353445501001,0.3539654636437053,0.10107384715858836,12456.23066329956,14000.0,118,0.10171653354910087,0.0,0.0,0.0,741,0,0,0,0.0,0.8620472387117168,0.0,0.0,0.0,1.0
2016-04-26,16.916000366210938,16.419536153797054,15.225930745708562,0.35353722428269374,0.0971069128991952,12456.23066329956,14000.0,118,0.10156236834629867,0.0,0.0,0.0,736,0,0,0,0.0,0.8616067667037105,0.0,0.0,0.0,1.0
2016-04-27,16.764667510986328,16.4524058068627,15.4885830720492,0.35029302271998747,0.09630515517353402,12456.23066329956,14000.0,118,0.10146540286975503,0.0,0.0,0.0,743,0,0,0,0.0,0.8613297224850144,0.0,0.0,0.0,1.0
2016-04-28,16.513999938964844,16.45827191468195,15.739471525253041,0.3563374631941911,0.10228298144425473,12456.23066329956,14000.0,118,0.10144809785168818,0.0,0.0,0.0,754,0,0,0,0.0,0.8612802795762521,0.0,0.0,0.0,1.0
2016-04-29,16.05066680908203,16.41945238081529,15.753664502737324,0.35509433495255494,0.10152611876783141,12456.23066329956,14000.0,118,0.29086811334370205,0.0,0.0,0.0,776,0,0,0,0.0,0.8616074727902712,0.11230142247744904,0.0,1.0,1.0
2016-05-02,16.1200008392334,16.39093318637892,15.675211760702723,0.3249546404260955,0.10462627869987468,12956.23066329956,14500.0,118,0.2822405566417366,0.0,0.0,0.0,803,0,0,0,0.0,0.8666117161384336,0.08264701712367106,0.0,1.0,1.0
2016-05-03,15.48799991607666,16.30493954158823,15.404424411076533,0.32415781595150905,0.10277958200465755,12956.23066329956,14500.0,118,0.3412407052764022,0.0,0.0,0.0,836,0,0,0,0.0,0.867311526489144,0.2505190600148625,0.0,1.0,1.0
2016-05-04,14.837332725524902,16.165167463867913,15.058863892152049,0.3070362060292597,0.09792533280990647,12956.23066329956,14500.0,118,0.5477051622341125,0.1776457495165681,1.0,0.4243520246615977,873,2,2,2,29.674665451049805,0.8684489820181783,0.4107086243650005,1.0,1.0,1.0
2016-05-05,14.10200023651123,15.9686753469768,14.452956583615613,0.331153315093983,0.08779761998764184,12926.55599784851,14500.0,120,0.6083139976295191,0.28784363205367103,1.0,0.5014905424375697,916,3,3,3,42.30600070953369,0.86784544540433,0.5844802621085818,1.0,1.0,1.0
2016-05-06,14.328666687011719,15.812484046027745,14.048064151334406,0.33567997616377226,0.08795829189620946,12884.249997138977,14500.0,123,0.41727038673051825,0.0,0.0,0.0,899,0,0,0,0.0,0.8658665146440405,0.46919173315744017,0.0,1.0,1.0
2016-05-09,13.928000450134277,15.633009417847415,13.594564348886067,0.34239111105083997,0.08725623586979014,12884.249997138977,14500.0,123,0.44444930150857137,0.0,0.0,0.0,925,0,0,0,0.0,0.8673889545934322,0.5453233354310575,0.0,1.0,1.0
2016-05-10,13.912667274475098,15.469167308954813,13.213412826119617,0.3434533730899389,0.09168180476306274,12884.249997138977,14500.0,123,0.43015671815038964,0.0,0.0,0.0,926,0,0,0,0.0,0.868778787655073,0.503097549917469,0.0,1.0,1.0
2016-05-11,13.93066692352295,15.322643462723207,12.935807070124689,0.31956346592189977,0.09120816371259853,12884.249997138977,14500.0,123,0.4134853213308968,0.0,0.0,0.0,924,0,0,0,0.0,0.8700217140748308,0.45422206115630304,0.0,1.0,1.0
2016-05-12,13.8186674118042,15.179407648349967,12.672266538771005,0.31959332840007965,0.09118687022792134,12884.249997138977,14500.0,123,0.4118095643681546,0.0,0.0,0.0,932,0,0,0,0.0,0.8712367489139968,0.44821914928073064,0.0,1.0,1.0
2016-05-13,13.840666770935059,15.051908517167595,12.487990860063595,0.3136920233210042,0.09556130708782277,12884.249997138977,14500.0,123,0.3961356079922575,0.0,0.0,0.0,930,0,0,0,0.0,0.8723182932681646,0.4023548724239997,0.0,1.0,1.0
2016-05-16,13.88599967956543,14.940869580253102,12.361306137318962,0.3161623539758142,0.09950010939804321,12884.249997138977,14500.0,123,0.37919628660670485,0.0,0.0,0.0,927,0,0,0,0.0,0.8732602097675082,0.3530148948230771,0.0,1.0,1.0
2016-05-17,13.644000053405762,14.817358196743832,12.179494823606937,0.31197043519393103,0.10310692727131053,12884.249997138977,14500.0,123,0.39458691411069474,0.0,0.0,0.0,944,0,0,0,0.0,0.8743079270207247,0.3959403990098317,0.0,1.0,1.0
2016-05-18,14.07800006866455,14.746943136926758,12.147719373083682,0.3379387290479936,0.10298028635438537,12884.249997138977,14500.0,123,0.3355994127235333,0.0,0.0,0.0,915,0,0,0,0.0,0.8749052409764144,0.22680736680510924,0.0,1.0,1.0
2016-05-19,14.347332954406738,14.708885024305804,12.179231145680129,0.3516030930863735,0.10236767172652207,12884.249997138977,14500.0,123,0.29934574082349125,0.0,0.0,0.0,898,0,0,0,0.0,0.875228078759337,0.1229026093077811,0.0,1.0,1.0
2016-05-20,14.685333251953125,14.706641998367454,12.339333140743147,0.3533508728637208,0.10549895454629986,12884.249997138977,14500.0,123,0.2588720968765577,0.0,0.0,0.0,877,0,0,0,0.0,0.875247105806952,0.007244599554641474,0.0,1.0,1.0
2016-05-23,14.414667129516602,14.678834868000706,12.478141255218372,0.3557555674569889,0.10553386799490752,12884.249997138977,14500.0,123,0.28791293078972774,0.0,0.0,0.0,893,0,0,0,0.0,0.8754829869817871,0.08998252956029229,0.0,1.0,1.0
2016-05-24,14.52733325958252,14.66440614338945,12.70576495237596,0.35586315371232435,0.1173684755879322,12884.249997138977,14500.0,123,0.2728196922750597,0.0,0.0,0.0,886,0,0,0,0.0,0.8756053823698688,0.046736595558873224,0.0,1.0,1.0
2016-05-25,14.638667106628418,14.661954806555066,12.971665959167128,0.35973276507980595,0.12006257865814321,12884.249997138977,14500.0,123,0.25924870074151857,0.0,0.0,0.0,880,0,0,0,0.0,0.8756261764685329,0.007941539935806024,0.0,1.0,1.0
2016-05-26,15.008000373840332,14.6949115272489,13.256774156641198,0.3751721165342386,0.11511470663074005,12884.249997138977,14500.0,123,0.10637131439668512,0.0,0.0,0.0,858,0,0,0,0.0,0.8753466125619576,0.0,0.0,0.0,1.0
2016-05-27,14.869333267211914,14.71152312153109,13.460218984693665,0.36531890420120966,0.11404334806415306,12884.249997138977,14500.0,123,0.10632199514607488,0.0,0.0,0.0,866,0,0,0,0.0,0.8752057004173569,0.0,0.0,0.0,1.0
2016-05-31,14.881999969482422,14.72775901181217,13.734641733673156,0.3645332809555745,0.11114917417801533,12884.249997138977,14500.0,123,0.10627379134768866,0.0,0.0,0.0,865,0,0,0,0.0,0.8750679752791106,0.0,0.0,0.0,1.0
2016-06-01,14.637332916259766,14.71914700271194,13.866854920722911,0.3435022016223055,0.1058590481362772,13384.249997138977,15000.0,123,0.26748315058070454,0.0,0.0,0.0,914,0,0,0,0.0,0.8793029945777621,0.02779172136710806,0.0,1.0,1.0
2016-06-02,14.597332954406738,14.707545664778111,13.879763722069631,0.3104284911235138,0.10289708078208087,13384.249997138977,15000.0,123,0.2709031732339309,0.0,0.0,0.0,916,0,0,0,0.0,0.8793981255488195,0.03746808369098332,0.0,1.0,1.0
2016-06-03,14.599332809448242,14.697239678556219,13.865118072927885,0.2509681023234566,0.10386817550901875,13384.249997138977,15000.0,123,0.26947669083872955,0.0,0.0,0.0,916,0,0,0,0.0,0.879482634635839,0.033307910617674095,0.0,1.0,1.0
2016-06-06,14.711999893188477,14.6986454132831,13.849051481734925,0.24639950115918663,0.10448295197997368,13384.249997138977,15000.0,123,0.11476910604773047,0.0,0.0,0.0,909,0,0,0,0.0,0.8794711076110786,0.0,0.0,0.0,0.965228908080735
2016-06-07,15.489333152770996,14.773949007520041,13.807853588439366,0.28277895199856856,0.1044647283978954,13384.249997138977,15000.0,123,0.10759876634841742,0.0,0.0,0.0,864,0,0,0,0.0,0.8788536181383356,0.0,0.0,0.0,1.0
2016-06-08,15.701333045959473,14.862271296895226,13.77293516659683,0.2830896875815991,0.09618945520302785,13384.249997138977,15000.0,123,0.10734528137791066,0.0,0.0,0.0,852,0,0,0,0.0,0.8781293753654591,0.0,0.0,0.0,1.0
2016-06-09,15.290666580200195,14.903070847686175,13.797740320124895,0.30531252692245636,0.0886712189715516,13384.249997138977,15000.0,123,0.10722818666714068,0.0,0.0,0.0,875,0,0,0,0.0,0.8777948190489734,0.0,0.0,0.0,1.0
2016-06-10,14.586000442504883,14.872873666240338,13.82766998204779,0.35277948840200957,0.09602227385661338,13384.249997138977,15000.0,123,0.2910694687202024,0.0,0.0,0.0,917,0,0,0,0.0,0.8780424359368292,0.0964417604066063,0.0,1.0,1.0
2016-06-13,14.524666786193848,14.83971110623591,13.859366888705862,0.3536722088668138,0.09556520729708423,13384.249997138977,15000.0,123,0.29456220521038606,0.0,0.0,0.0,921,0,0,0,0.0,0.8783143689288655,0.10614907452938059,0.0,1.0,1.0
2016-06-14,14.330666542053223,14.791230671551844,13.865775506771806,0.3581808479234881,0.08978227713421094,13384.249997138977,15000.0,123,0.3120400514237948,0.0,0.0,0.0,933,0,0,0,0.0,0.8787119084932749,0.1556882384318534,0.0,1.0,1.0
2016-06-15,14.513333320617676,14.764764257177163,13.971622338034908,0.35264853177377903,0.08275261835996672,13384.249997138977,15000.0,123,0.2874260859006536,0.0,0.0,0.0,922,0,0,0,0.0,0.8789289330911473,0.08514559805357749,0.0,1.0,1.0
2016-06-16,14.528667449951172,14.742278846965164,14.002304589973711,0.3362185468784372,0.08321731907880633,13384.249997138977,15000.0,123,0.28304665835609416,0.0,0.0,0.0,921,0,0,0,0.0,0.8791133134548856,0.07244856756252632,0.0,1.0,1.0
2016-06-17,14.364666938781738,14.706315808090551,13.968260460722792,0.33272908283502056,0.0829133198481278,13384.249997138977,15000.0,123,0.2984478907739249,0.0,0.0,0.0,931,0,0,0,0.0,0.8794082103736575,0.11615719183755646,0.0,1.0,1.0
2016-06-20,14.646666526794434,14.700634924157587,13.961719042597666,0.3293583054146888,0.08273913416623944,13384.249997138977,15000.0,123,0.2642337094884247,0.0,0.0,0.0,913,0,0,0,0.0,0.8794547936219078,0.018355804916448504,0.0,1.0,1.0
2016-06-21,14.640666961669922,14.694923689634951,13.970383210898687,0.32206172911328373,0.0823013793826009,13384.249997138977,15000.0,123,0.264286934577809,0.0,0.0,0.0,914,0,0,0,0.0,0.8795016257449934,0.018461044477318094,0.0,1.0,1.0
2016-06-22,13.11066722869873,14.54404212192674,13.513609833576966,0.49223280424507065,0.06766312788662525,13384.249997138977,15000.0,123,0.5807282634661242,0.23768775175658935,1.0,0.46638142622961254,1020,2,2,2,26.22133445739746,0.8807388546002007,0.4927704695887257,1.0,1.0,1.0
2016-06-23,13.09333324432373,14.405879371678834,13.153435066529777,0.49028267767761174,0.07896254657168042,13358.02866268158,15000.0,125,0.5674285658781562,0.21350648341482933,1.0,0.4494545383903806,1020,2,2,2,26.18666648864746,0.8799510052360097,0.45555918298729364,1.0,1.0,1.0
2016-06-24,12.876667022705078,14.260240100348,12.805370416009943,0.4782945065721018,0.15174310050505235,13331.841996192932,15000.0,127,0.42753262635611083,0.0,0.0,0.0,1035,0,0,0,0.0,0.8792633004837203,0.4851156319623109,0.0,1.0,1.0
2016-06-27,13.236666679382324,14.162756917398887,12.61495570226964,0.49413372045084614,0.16143767724719063,13331.841996192932,15000.0,127,0.3724619935985735,0.0,0.0,0.0,1007,0,0,0,0.0,0.8800886580993561,0.32694560932513966,0.0,1.0,1.0
2016-06-28,13.452667236328125,14.09512932872548,12.506072769148393,0.49971473451074166,0.17656160909855848,13331.841996192932,15000.0,127,0.33799719047764637,0.0,0.0,0.0,991,0,0,0,0.0,0.8806612383501242,0.2279021630145797,0.0,1.0,1.0
2016-06-29,14.012666702270508,14.087275745253578,12.497721309434093,0.523337328730173,0.18823549054809283,13331.841996192932,15000.0,127,0.2675230578456564,0.0,0.0,0.0,951,0,0,0,0.0,0.8807277320235197,0.026481004678355978,0.0,1.0,1.0
2016-06-30,14.152000427246094,14.093440000681436,12.508043291882856,0.5249196652368759,0.1945936320030475,13331.841996192932,15000.0,127,0.10823643946464734,0.0,0.0,0.0,942,0,0,0,0.0,0.8806755413275639,0.0,0.0,0.0,1.0
2016-07-01,14.433333396911621,14.125810800322407,12.545433555067273,0.5301440088466097,0.19442032242041735,13831.841996192932,15500.0,127,0.10949081999520438,0.0,0.0,0.0,958,0,0,0,0.0,0.8842594857005841,0.0,0.0,0.0,1.0
2016-07-05,14.26533317565918,14.139098645592576,12.571566445920034,0.5308475634891162,0.19509562064625818,13831.841996192932,15500.0,127,0.10945271388409095,0.0,0.0,0.0,969,0,0,0,0.0,0.8841506110974028,0.0,0.0,0.0,1.0
2016-07-06,14.295999526977539,14.154041586676858,12.696119676728438,0.4917283237441081,0.19609969777639832,13831.841996192932,15500.0,127,0.10940986138530406,0.0,0.0,0.0,967,0,0,0,0.0,0.8840281753865832,0.0,0.0,0.0,1.0
2016-07-07,14.395999908447266,14.177085236369278,12.89539926235318,0.48918869589681113,0.19566236677941956,13831.841996192932,15500.0,127,0.1093437781447345,0.0,0.0,0.0,960,0,0,0,0.0,0.883839366127813,0.0,0.0,0.0,1.0
2016-07-08,14.45199966430664,14.203267562839503,13.030149740658539,0.4826087634565984,0.20330568662954987,13831.841996192932,15500.0,127,0.11363394691000628,0.0,0.0,0.0,957,0,0,0,0.0,0.8836248399689924,0.0,0.0,0.0,0.9781737353957054
2016-07-11,14.985333442687988,14.277750027586979,13.056869525002964,0.47268350190844255,0.20031507209510188,13831.841996192932,15500.0,127,0.11577174229796072,0.0,0.0,0.0,923,0,0,0,0.0,0.8830145642900938,0.0,0.0,0.0,0.9664167760178604
2016-07-12,14.976667404174805,14.344313587262011,13.075746652741236,0.4722484092908296,0.19832386284462503,13831.841996192932,15500.0,127,0.11199785711214971,0.0,0.0,0.0,923,0,0,0,0.0,0.882469172543079,0.0,0.0,0.0,0.9843317663896394
2016-07-13,14.835332870483398,14.391077328521192,13.086816203326482,0.4707635351039476,0.19797646591725637,13831.841996192932,15500.0,127,0.11241739677529652,0.0,0.0,0.0,932,0,0,0,0.0,0.8820860115663103,0.0,0.0,0.0,0.9815635363645601
2016-07-14,14.768667221069336,14.427038270668634,13.103500001071652,0.46960181531650386,0.19780105834223913,13831.841996192932,15500.0,127,0.11294168690673159,0.0,0.0,0.0,936,0,0,0,0.0,0.8817913638467796,0.0,0.0,0.0,0.9784264521982062
2016-07-15,14.69333267211914,14.45239964223535,13.117628502118624,0.47015363791627,0.19808732089789388,13831.841996192932,15500.0,127,0.11297648259327078,0.0,0.0,0.0,941,0,0,0,0.0,0.8815835642216846,0.0,0.0,0.0,0.977888824421594
2016-07-18,15.083333015441895,14.512488534921687,13.119847816609369,0.4761797623357116,0.19709118138338577,13831.841996192932,15500.0,127,0.10838192804017616,0.0,0.0,0.0,917,0,0,0,0.0,0.881091222971932,0.0,0.0,0.0,1.0
2016-07-19,15.017333030700684,14.560568963091114,13.134574727930783,0.47259703433392614,0.19707494010464127,13831.841996192932,15500.0,127,0.10856779903265892,0.0,0.0,0.0,921,0,0,0,0.0,0.8806972736572535,0.0,0.0,0.0,0.9983812337368989
2016-07-20,15.223999977111816,14.623752869188325,13.140447580071044,0.47443563854649523,0.19723009871753658,13831.841996192932,15500.0,127,0.10806285064287607,0.0,0.0,0.0,908,0,0,0,0.0,0.8801795732653602,0.0,0.0,0.0,1.0
2016-07-21,14.699999809265137,14.631014482528974,13.241458093273476,0.2970507625900468,0.19784011071923993,13831.841996192932,15500.0,127,0.25779721866449273,0.0,0.0,0.0,940,0,0,0,0.0,0.8801200748850851,0.0,0.0,0.0,0.2512240377264352
2016-07-22,14.817999839782715,14.648822611791234,13.377998989655449,0.29588635622092263,0.19352438778290781,13831.841996192932,15500.0,127,0.2531683310204047,0.0,0.0,0.0,933,0,0,0,0.0,0.8799741631162912,0.0,0.0,0.0,0.2741131303514859
2016-07-25,15.333999633789062,14.714077566267218,13.613345636065883,0.29928150777839874,0.13572707432995137,13831.841996192932,15500.0,127,0.14029975956623852,0.0,0.0,0.0,902,0,0,0,0.0,0.8794394934892944,0.0,0.0,0.0,0.8375203157750724
2016-07-26,15.300666809082031,14.769943208440058,13.812598146399369,0.2929294928108131,0.11096093804945056,13831.841996192932,15500.0,127,0.10764361447644122,0.0,0.0,0.0,904,0,0,0,0.0,0.878981755646975,0.0,0.0,0.0,1.0
2016-07-27,15.232666969299316,14.814012138045701,14.010612906611001,0.29384559648048775,0.09978173222254712,13831.841996192932,15500.0,127,0.10751723615895925,0.0,0.0,0.0,908,0,0,0,0.0,0.8786206747398836,0.0,0.0,0.0,1.0
2016-07-28,15.37399959564209,14.867344276864404,14.09654573156137,0.26324290415344803,0.08523832347256997,13831.841996192932,15500.0,127,0.10736429334795977,0.0,0.0,0.0,899,0,0,0,0.0,0.8781836952798852,0.0,0.0,0.0,1.0
2016-07-29,15.652667045593262,14.942136921505249,14.151942444829244,0.26694925820113385,0.07424510159123772,13831.841996192932,15500.0,127,0.1071498073444575,0.0,0.0,0.0,883,0,0,0,0.0,0.8775708781270215,0.0,0.0,0.0,1.0
2016-08-01,15.333999633789062,14.979457179817993,14.196684294123806,0.27564287400196835,0.0750124269245171,14331.841996192932,16000.0,127,0.10838519552231812,0.0,0.0,0.0,934,0,0,0,0.0,0.8811005586351947,0.0,0.0,0.0,1.0
2016-08-02,15.146666526794434,14.995381879530035,14.275070711307558,0.2760615214651956,0.07430317019089226,14331.841996192932,16000.0,127,0.10834095471593058,0.0,0.0,0.0,946,0,0,0,0.0,0.8809741563312303,0.0,0.0,0.0,1.0
2016-08-03,15.052666664123535,15.000837573300846,14.356549019507234,0.27804720390103643,0.07323628638873285,14331.841996192932,16000.0,127,0.10832579811667353,0.0,0.0,0.0,952,0,0,0,0.0,0.8809308517619245,0.0,0.0,0.0,1.0
2016-08-04,15.37399959564209,15.036376813523821,14.444841050776331,0.28553548247634913,0.07286812062882934,14331.841996192932,16000.0,127,0.10822706566492907,0.0,0.0,0.0,932,0,0,0,0.0,0.8806487590426546,0.0,0.0,0.0,1.0
2016-08-05,15.335332870483398,15.064848818948544,14.538590303948364,0.28630713778999956,0.058761418919357385,14331.841996192932,16000.0,127,0.10814796687485856,0.0,0.0,0.0,934,0,0,0,0.0,0.880422762499596,0.0,0.0,0.0,1.0
2016-08-08,15.077333450317383,15.066037831459862,14.542839256863024,0.26495573939652045,0.05864139590482572,14331.841996192932,16000.0,127,0.10814466364947556,0.0,0.0,0.0,950,0,0,0,0.0,0.8804133247127873,0.0,0.0,0.0,1.0
2016-08-09,15.272000312805176,15.0856533058737,14.562405142466654,0.2685714653769645,0.05421445278434807,14331.841996192932,16000.0,127,0.10809016940961957,0.0,0.0,0.0,938,0,0,0,0.0,0.8802576268846275,0.0,0.0,0.0,1.0
2016-08-10,15.043333053588867,15.081622805656096,14.5751438287736,0.27215066712680486,0.055647502078815775,14331.841996192932,16000.0,127,0.26254432791989074,0.0,0.0,0.0,952,0,0,0,0.0,0.8802896189801047,0.012694175076726107,0.0,1.0,1.0
2016-08-11,14.994000434875488,15.073277817962705,14.592358186343715,0.2718692558751894,0.05508559230245273,14331.841996192932,16000.0,127,0.2673286145048966,0.0,0.0,0.0,955,0,0,0,0.0,0.880355857319921,0.02629732697978346,0.0,1.0,1.0
2016-08-12,15.040666580200195,15.070171985794847,14.636360608211131,0.27102805144708003,0.05504146760025113,14331.841996192932,16000.0,127,0.2615594472323937,0.0,0.0,0.0,952,0,0,0,0.0,0.8803805098627534,0.009789339372657243,0.0,1.0,1.0
2016-08-15,15.03933334350586,15.067234972243515,14.631125711612272,0.254097087481169,0.05524473210472566,14331.841996192932,16000.0,127,0.2613820021305662,0.0,0.0,0.0,952,0,0,0,0.0,0.8804038224078171,0.009259040822372305,0.0,1.0,1.0
2016-08-16,14.907333374023438,15.052006248603508,14.605244923149895,0.25557273566417266,0.05890567988645054,14331.841996192932,16000.0,127,0.2750038301932462,0.0,0.0,0.0,961,0,0,0,0.0,0.8805247004017096,0.04805767157899397,0.0,1.0,1.0
2016-08-17,14.88266658782959,15.035878661863135,14.573193241969971,0.25016843770699815,0.057376028870496226,14331.841996192932,16000.0,127,0.2760605387965009,0.0,0.0,0.0,962,0,0,0,0.0,0.8806527131214613,0.05094882629711262,0.0,1.0,1.0
2016-08-18,14.900667190551758,15.0230013788811,14.593484606904791,0.21681473065522017,0.055921031104751606,14331.841996192932,16000.0,127,0.2725146942354956,0.0,0.0,0.0,961,0,0,0,0.0,0.8807549265551312,0.04071562840342799,0.0,1.0,1.0
2016-08-19,15.0,15.020810771368614,14.614315242686132,0.216263368604189,0.05419015569298414,14331.841996192932,16000.0,127,0.2606948696051942,0.0,0.0,0.0,955,0,0,0,0.0,0.8807723145022617,0.006927312941150295,0.0,1.0,1.0
2016-08-22,14.862000465393066,15.005685980323324,14.585984611176727,0.17702958643066982,0.05294330041820164,14331.841996192932,16000.0,127,0.2750692867288446,0.0,0.0,0.0,964,0,0,0,0.0,0.8808923675311836,0.04787702312265837,0.0,1.0,1.0
2016-08-23,14.989333152770996,15.004128568175483,14.58625573955836,0.18056058236721692,0.05325489164017475,14331.841996192932,16000.0,127,0.2600423121526026,0.0,0.0,0.0,956,0,0,0,0.0,0.8809047294901071,0.004930448088757707,0.0,1.0,1.0
2016-08-24,14.841333389282227,14.988624265423745,14.555503647721258,0.18296040666307128,0.05669748853114123,14331.841996192932,16000.0,127,0.2755567056458497,0.0,0.0,0.0,965,0,0,0,0.0,0.881027794893199,0.049134221237800264,0.0,1.0,1.0
2016-08-25,14.730667114257812,14.964056917693656,14.519349268080944,0.1798197932449012,0.05670815778645284,14331.841996192932,16000.0,127,0.2857221923192021,0.0,0.0,0.0,972,0,0,0,0.0,0.8812227982158066,0.0779834655533422,0.0,1.0,1.0
2016-08-26,14.666000366210938,14.935670579457206,14.54582006821942,0.16327328351023176,0.056674403777360466,14331.841996192932,16000.0,127,0.29010387297090073,0.0,0.0,0.0,977,0,0,0,0.0,0.8814481147755584,0.0902772365698724,0.0,1.0,1.0
2016-08-29,14.346667289733887,14.879575028054983,14.412381524502107,0.16531018570217104,0.05951616427723185,14331.841996192932,16000.0,127,0.4713384318011122,0.03879714872929485,1.0,0.32715800411050644,998,2,2,2,28.693334579467773,0.8818933732148135,0.17907357478836433,1.0,1.0,1.0
2016-08-30,14.089332580566406,14.80431384257988,14.199763955694133,0.17057881663910374,0.05492477846872417,14303.148661613464,16000.0,129,0.4927411454696828,0.0777111735812414,1.0,0.35439782150686905,1015,2,2,2,28.178665161132812,0.8806402196441997,0.24147733884060826,1.0,1.0,1.0
2016-08-31,14.133999824523926,14.740474412288837,14.044904284097166,0.17188930137604205,0.054830968675874815,14274.969996452332,16000.0,131,0.32976043862130183,0.0,0.0,0.0,1009,0,0,0,0.0,0.8793123657493852,0.20571745888290585,0.0,1.0,1.0
2016-09-01,13.38466739654541,14.611349934598987,13.68483688292352,0.2258818682911046,0.05483581558024494,14774.969996452332,16500.0,131,0.5563178094951009,0.1933051081729107,1.0,0.4353135757210375,1103,2,2,2,26.76933479309082,0.8839947368828808,0.4197704331031217,1.0,1.0,1.0
2016-09-02,13.185333251953125,14.475538821966047,13.345345370638007,0.22703334530936456,0.04759117183693634,14748.20066165924,16500.0,133,0.5651390305019666,0.20934369182175736,1.0,0.4465405842752302,1118,2,2,2,26.37066650390625,0.8833183840411222,0.4456502745359252,1.0,1.0,1.0
2016-09-06,13.522000312805176,14.384725630617393,13.162449223640241,0.25217031561270575,0.048665013692737125,14721.829995155334,16500.0,135,0.36376379669357334,0.0,0.0,0.0,1088,0,0,0,0.0,0.8823067902949486,0.29987548597240377,0.0,1.0,1.0
2016-09-07,13.447333335876465,14.2954501739754,13.015966877636586,0.24282302140704531,0.04866462793560959,14721.829995155334,16500.0,135,0.3628865846968045,0.0,0.0,0.0,1094,0,0,0,0.0,0.8830372258492922,0.29663873042729216,0.0,1.0,1.0
2016-09-08,13.157333374023438,14.187058097789498,12.80240012709792,0.24706239968046023,0.04819621472004895,14721.829995155334,16500.0,135,0.3863918841912725,0.0,0.0,0.0,1118,0,0,0,0.0,0.883924070108995,0.36290988472321223,0.0,1.0,1.0
2016-09-09,12.964667320251465,14.07063992850016,12.574470037409323,0.24835163682922723,0.09767492503208856,14721.829995155334,16500.0,135,0.3972593298292843,0.0,0.0,0.0,1135,0,0,0,0.0,0.8848765824031805,0.3930072171090604,0.0,1.0,1.0
2016-09-12,13.220000267028809,13.989626627407649,12.460836871342323,0.26390694515432467,0.113022941115978,14721.829995155334,16500.0,135,0.3670491524063221,0.0,0.0,0.0,1113,0,0,0,0.0,0.8855394185030283,0.2750703720966483,0.0,1.0,0.9458213715178239
2016-09-13,13.069999694824219,13.90204311001875,12.343805138843255,0.26341916301448004,0.12298042557803979,14721.829995155334,16500.0,135,0.40793452834992194,0.0,0.0,0.0,1126,0,0,0,0.0,0.8862560109180284,0.29925220653175255,0.0,1.0,0.7849667387875068
2016-09-14,13.093999862670898,13.825086610271336,12.250018760258092,0.2650836557145898,0.12206808798871042,14721.829995155334,16500.0,135,0.39101787891140916,0.0,0.0,0.0,1124,0,0,0,0.0,0.8868856550068709,0.2644058472144679,0.0,1.0,0.8096707343302965
2016-09-15,13.361332893371582,13.780919589614218,12.233677694342903,0.28132596640679874,0.1281578498174094,14721.829995155334,16500.0,135,0.34795991076006944,0.0,0.0,0.0,1101,0,0,0,0.0,0.8872470215395201,0.15223465078442625,0.0,1.0,0.8292933727665588
2016-09-16,13.69333267211914,13.772577978424211,12.288876982647464,0.30036672845422935,0.12807193336361522,14721.829995155334,16500.0,135,0.2797467342059857,0.0,0.0,0.0,1075,0,0,0,0.0,0.8873152710856201,0.028769234935251124,0.0,1.0,0.9544142145065959
2016-09-19,13.755999565124512,13.770999081919477,12.382329021936316,0.2994686038756348,0.12811751093693002,14721.829995155334,16500.0,135,0.2728955580318517,0.0,0.0,0.0,1070,0,0,0,0.0,0.8873281893297498,0.005446052499799731,0.0,1.0,0.9478771330424529
2016-09-20,13.642666816711426,13.758776961423472,12.45733420066714,0.29927294461541787,0.12819336881608182,14721.829995155334,16500.0,135,0.28627757719369173,0.0,0.0,0.0,1079,0,0,0,0.0,0.8874281884974443,0.04219493674386635,0.0,1.0,0.9454525832038345
2016-09-21,13.6813325881958,13.75140130683036,12.584554892153072,0.2967352200776807,0.1346806384595916,14721.829995155334,16500.0,135,0.3023294540510902,0.0,0.0,0.0,1076,0,0,0,0.0,0.887488534762297,0.025476937612080183,0.0,1.0,0.8360423063997093
2016-09-22,13.76200008392334,13.752410714172548,12.715316695691504,0.2981446501572515,0.1356579435264135,14721.829995155334,16500.0,135,0.14432347546914998,0.0,0.0,0.0,1069,0,0,0,0.0,0.8874802759749518,0.0,0.0,0.0,0.8314731056104157
2016-09-23,13.829999923706055,13.759800162699548,12.850815604017694,0.2992627716268009,0.1371527056794605,14721.829995155334,16500.0,135,0.14693565515686408,0.0,0.0,0.0,1064,0,0,0,0.0,0.8874198168506401,0.0,0.0,0.0,0.8183064037042997
2016-09-26,13.932666778564453,13.776263649924779,12.998587011775001,0.30145392072237065,0.14034479794387725,14721.829995155334,16500.0,135,0.15255775329947102,0.0,0.0,0.0,1056,0,0,0,0.0,0.8872851155915246,0.0,0.0,0.0,0.7899601857878127
2016-09-27,13.720666885375977,13.770968719967751,13.080468030325967,0.29672241942525307,0.14106697340452484,14721.829995155334,16500.0,135,0.31638805268177417,0.0,0.0,0.0,1072,0,0,0,0.0,0.8873284377457183,0.018263724075865996,0.0,1.0,0.7528460197789018
2016-09-28,13.751333236694336,13.769098673941711,13.12072802169209,0.2909912483815966,0.1423721432657416,14721.829995155334,16500.0,135,0.32218194482011603,0.0,0.0,0.0,1070,0,0,0,0.0,0.8873437381222951,0.00645119832026349,0.0,1.0,0.7032314146738974
2016-09-29,13.380000114440918,13.73204166827497,13.15088691608538,0.304578847720184,0.14595320359087408,14721.829995155334,16500.0,135,0.3577360818319638,0.0,0.0,0.0,1100,0,0,0,0.0,0.887646931805023,0.12818252461590293,0.0,1.0,0.7390211395768009
2016-09-30,13.60200023651123,13.719656770011758,13.137709969274143,0.24628230359571437,0.1489653079915484,14721.829995155334,16500.0,135,0.4001717608537013,0.0,0.0,0.0,1082,0,0,0,0.0,0.8877482627908129,0.042878818134029266,0.0,1.0,0.37773858734996724
2016-10-03,14.24666690826416,13.769848211750082,13.115340610278215,0.28881353732203313,0.1485166173301833,15221.829995155334,17000.0,135,0.18761880588557434,0.0,0.0,0.0,1068,0,0,0,0.0,0.8906512053772787,0.0,0.0,0.0,0.6205455799823658
2016-10-04,14.093999862670898,13.800719797552064,13.101394167794078,0.28159748326523165,0.1487983094845506,15221.829995155334,17000.0,135,0.19622916617302588,0.0,0.0,0.0,1080,0,0,0,0.0,0.8904060486664983,0.0,0.0,0.0,0.5770647543012424
2016-10-05,13.897333145141602,13.809921068751068,13.098412290050003,0.28622551365045945,0.14988410202148925,15221.829995155334,17000.0,135,0.19334227878584845,0.0,0.0,0.0,1095,0,0,0,0.0,0.8903329797481533,0.0,0.0,0.0,0.591371320630026
2016-10-06,13.399999618530273,13.770880930634801,13.082752017371135,0.30542953687293956,0.14979482972969824,15221.829995155334,17000.0,135,0.3690255796006331,0.0,0.0,0.0,1135,0,0,0,0.0,0.8906430043743707,0.13466143305308179,0.0,1.0,0.6991548674948764
2016-10-07,13.107333183288574,13.707685907078018,13.045018995420547,0.3113577430744777,0.12060703388488579,15221.829995155334,17000.0,135,0.3385450895849014,0.0,0.0,0.0,1161,0,0,0,0.0,0.8911448472084981,0.21898398017693452,0.0,1.0,1.0
2016-10-10,13.396666526794434,13.678065013717676,13.032928974878196,0.3133881487382747,0.10987371697305029,15221.829995155334,17000.0,135,0.2979857310931145,0.0,0.0,0.0,1136,0,0,0,0.0,0.891380071949889,0.10286487403043815,0.0,1.0,1.0
2016-10-11,13.34000015258789,13.645868360276744,13.039119464779127,0.3107220133010754,0.1058192048733637,15221.829995155334,17000.0,135,0.3012982587350567,0.0,0.0,0.0,1141,0,0,0,0.0,0.8916357512566259,0.11207355941496489,0.0,1.0,1.0
2016-10-12,13.434000015258789,13.625690422655985,13.065429648827395,0.31141222587907086,0.10581642816109299,15221.829995155334,17000.0,135,0.2867481344568668,0.0,0.0,0.0,1133,0,0,0,0.0,0.8917959878200848,0.07034153919953477,0.0,1.0,1.0
2016-10-13,13.349332809448242,13.599370649969533,13.037777484168872,0.3042047873741762,0.09985458039525645,15221.829995155334,17000.0,135,0.2943772249985345,0.0,0.0,0.0,1140,0,0,0,0.0,0.8920049977796537,0.09192993078758788,0.0,1.0,1.0
2016-10-14,13.100666999816895,13.55187506424071,12.93946975482549,0.29639305223372375,0.09902781745872027,15221.829995155334,17000.0,135,0.32059980035366636,0.0,0.0,0.0,1161,0,0,0,0.0,0.8923821686075002,0.16647440383154663,0.0,1.0,1.0
2016-10-17,12.93066692352295,13.49271238417235,12.811212107370695,0.2977379546520571,0.09956287426240715,15221.829995155334,17000.0,135,0.3353952929187039,0.0,0.0,0.0,1177,0,0,0,0.0,0.892851989890396,0.20827741844875797,0.0,1.0,1.0
2016-10-18,13.273332595825195,13.471819070996432,12.77757579246499,0.3145708152068415,0.10215295509293629,15221.829995155334,17000.0,135,0.2883398183942732,0.0,0.0,0.0,1146,0,0,0,0.0,0.8930179073773813,0.07366728803482796,0.0,1.0,1.0
2016-10-19,13.570667266845703,13.481233184886838,12.789250974926219,0.3253694348728947,0.09418808842956852,15221.829995155334,17000.0,135,0.11253010188318213,0.0,0.0,0.0,1121,0,0,0,0.0,0.8929431482376633,0.0,0.0,0.0,1.0
2016-10-20,13.273332595825195,13.461433128785728,12.765583855960973,0.333324850275574,0.09059375780110894,15221.829995155334,17000.0,135,0.2870383950168082,0.0,0.0,0.0,1146,0,0,0,0.0,0.8931003839772899,0.06986645892787655,0.0,1.0,1.0
2016-10-21,13.339332580566406,13.449804505145792,12.763732457679245,0.33333299788014914,0.08872261379814056,15221.829995155334,17000.0,135,0.27699133453309016,0.0,0.0,0.0,1141,0,0,0,0.0,0.8931927289297246,0.04106822687910453,0.0,1.0,1.0
2016-10-24,13.517333030700684,13.456235793293876,12.799915917482188,0.33610874790841766,0.08522227136759208,15221.829995155334,17000.0,135,0.11259957992746256,0.0,0.0,0.0,1126,0,0,0,0.0,0.8931416569356074,0.0,0.0,0.0,1.0
2016-10-25,13.489333152770996,13.459387922767888,12.812376223520298,0.3321053451442727,0.08288891659581059,15221.829995155334,17000.0,135,0.11259081886171862,0.0,0.0,0.0,1128,0,0,0,0.0,0.8931166253191962,0.0,0.0,0.0,1.0
2016-10-26,13.482666969299316,13.461604974818501,12.827757054838225,0.3319329153744772,0.08022168958565239,15221.829995155334,17000.0,135,0.11258465676116619,0.0,0.0,0.0,1128,0,0,0,0.0,0.8930990193176178,0.0,0.0,0.0,1.0
2016-10-27,13.600666999816895,13.4748489771993,12.839274907087411,0.3184579533220096,0.07414324648553192,15221.829995155334,17000.0,135,0.1125478462251372,0.0,0.0,0.0,1119,0,0,0,0.0,0.892993846357535,0.0,0.0,0.0,1.0
2016-10-28,13.33133316040039,13.461180804170834,12.825711352099635,0.32103053231116124,0.06768278228688002,15221.829995155334,17000.0,135,0.2794664778951758,0.0,0.0,0.0,1141,0,0,0,0.0,0.8931023877315846,0.04823040625463213,0.0,1.0,1.0
2016-10-31,13.182000160217285,13.434592171413353,12.907990813773838,0.2671963328460743,0.0671862810482676,15221.829995155334,17000.0,135,0.2955625603058544,0.0,0.0,0.0,1154,0,0,0,0.0,0.8933135327564233,0.0940080681174465,0.0,1.0,1.0
2016-11-01,12.719332695007324,13.366472221279446,12.859774883833573,0.28878325101487823,0.06897609544232665,15721.829995155334,17500.0,135,0.49863700722073917,0.08843092221952574,1.0,0.36190164555366805,1236,2,2,2,25.43866539001465,0.8968872142929871,0.24207566348055354,1.0,1.0,1.0
2016-11-02,12.534667015075684,13.287252677831468,12.733640394510061,0.28902330517363595,0.06885864602423865,15696.39132976532,17500.0,137,0.512712357522005,0.11402246822182714,1.0,0.37981572775527905,1252,2,2,2,25.069334030151367,0.8959797933221194,0.2831983710264661,1.0,1.0,1.0
2016-11-03,12.494667053222656,13.211768332630628,12.56343503468891,0.26512760029299537,0.06924204614755317,15671.321995735168,17500.0,139,0.5082568459501526,0.10592153809118658,1.0,0.3741450766638307,1254,2,2,2,24.989334106445312,0.895060811529391,0.2713873197567596,1.0,1.0,1.0
2016-11-04,12.704000473022461,13.16340948885842,12.475967263686684,0.26483865882270147,0.06899444075124408,15646.332661628723,17500.0,141,0.32395498618747426,0.0,0.0,0.0,1231,0,0,0,0.0,0.8939405292611978,0.1745022884173,0.0,1.0,1.0
2016-11-07,12.880666732788086,13.136481607327912,12.440927993504436,0.25668629293587686,0.10758544448922117,15646.332661628723,17500.0,141,0.29938677803400837,0.0,0.0,0.0,1214,0,0,0,0.0,0.8941574910495294,0.09736810897566565,0.0,1.0,0.9882359098740496
2016-11-08,12.996000289916992,13.123102434241158,12.427465555319413,0.2593091442501232,0.09923067665635263,15646.332661628723,17500.0,141,0.2799422541963292,0.0,0.0,0.0,1203,0,0,0,0.0,0.8942652889583999,0.04842686588825497,0.0,1.0,1.0
2016-11-09,12.670666694641113,13.080013316184012,12.364160030150623,0.27057198049124853,0.10662556471798554,15646.332661628723,17500.0,141,0.3178816299108274,0.0,0.0,0.0,1234,0,0,0,0.0,0.8946124641381745,0.1564779070356183,0.0,1.0,1.0
2016-11-10,12.356666564941406,13.011123149399001,12.227209884586227,0.28149142007663275,0.10581743657650394,15646.332661628723,17500.0,141,0.3513332413285744,0.0,0.0,0.0,1266,0,0,0,0.0,0.8951675220534138,0.2514988817425131,0.0,1.0,1.0
2016-11-11,12.570667266845703,12.969174970108211,12.154072554066493,0.28511473060611314,0.1060961047871024,15646.332661628723,17500.0,141,0.3171996979685003,0.0,0.0,0.0,1244,0,0,0,0.0,0.8955055045265568,0.1536364896691586,0.0,1.0,1.0
2016-11-14,12.096667289733887,12.88607900054875,11.967401681178504,0.310252891825308,0.10521436563298948,15646.332661628723,17500.0,141,0.37086768470249803,0.0,0.0,0.0,1293,0,0,0,0.0,0.8961750206241501,0.3063040785258445,0.0,1.0,1.0
2016-11-15,12.251333236694336,12.825627023038807,11.857612232369352,0.2963812873948345,0.10618985725158422,15646.332661628723,17500.0,141,0.34219157527851146,0.0,0.0,0.0,1277,0,0,0,0.0,0.8966620908429445,0.22388526709565984,0.0,1.0,1.0
2016-11-16,12.26200008392334,12.771948266932572,11.802781565512465,0.28053704801298,0.1064565964416985,15646.332661628723,17500.0,141,0.33385571276091436,0.0,0.0,0.0,1276,0,0,0,0.0,0.8970945882492861,0.19963601963904057,0.0,1.0,1.0
2016-11-17,12.577333450317383,12.75341352249303,11.792608239934767,0.2929183677203818,0.10699958888911709,15646.332661628723,17500.0,141,0.2881967582491837,0.0,0.0,0.0,1244,0,0,0,0.0,0.8972439253330562,0.06903252680746896,0.0,1.0,1.0
2016-11-18,12.334667205810547,12.713532920904223,11.754766017156145,0.2973110449775826,0.10764202660156928,15646.332661628723,17500.0,141,0.3162981722067239,0.0,0.0,0.0,1268,0,0,0,0.0,0.897565249037286,0.14900095726763965,0.0,1.0,1.0
2016-11-21,12.3013334274292,12.674275826287555,11.752842741215758,0.2904591205098324,0.10932391113728247,15646.332661628723,17500.0,141,0.31575254521566615,0.0,0.0,0.0,1271,0,0,0,0.0,0.8978815490567689,0.1471257229879916,0.0,1.0,1.0
2016-11-22,12.744667053222656,12.680979752662326,11.829175372959915,0.32429124084782945,0.1078193996277517,15646.332661628723,17500.0,141,0.11423963709749224,0.0,0.0,0.0,1227,0,0,0,0.0,0.8978275345642636,0.0,0.0,0.0,1.0
2016-11-23,12.87600040435791,12.699553148061906,11.924678117483316,0.327487258795512,0.107213236217243,15646.332661628723,17500.0,141,0.11418726012246538,0.0,0.0,0.0,1215,0,0,0,0.0,0.897677886064187,0.0,0.0,0.0,1.0
2016-11-25,13.109999656677246,12.738643291739557,12.062484346146803,0.3332828399566972,0.1061541881330384,15646.332661628723,17500.0,141,0.1140770259172944,0.0,0.0,0.0,1193,0,0,0,0.0,0.8973629311922698,0.0,0.0,0.0,1.0
2016-11-28,13.074666976928711,12.770645547471858,12.140799559167764,0.32636796809033725,0.10775071455726978,15646.332661628723,17500.0,141,0.11398677955612929,0.0,0.0,0.0,1196,0,0,0,0.0,0.8971050844460838,0.0,0.0,0.0,1.0
2016-11-29,12.637999534606934,12.758012593865676,12.182654811191703,0.34476920689224205,0.10753639721277244,15646.332661628723,17500.0,141,0.28048443978723775,0.0,0.0,0.0,1238,0,0,0,0.0,0.8972068699579966,0.04703438657696846,0.0,1.0,1.0
2016-11-30,12.626667022705078,12.74550349185038,12.172374870229568,0.3216633328366254,0.10408582230317867,15646.332661628723,17500.0,141,0.2803743224211554,0.0,0.0,0.0,1239,0,0,0,0.0,0.8973076575799483,0.046618977909067105,0.0,1.0,1.0
2016-12-01,12.125332832336426,12.686439619515717,12.074785457619868,0.34791682114874245,0.10131079335317597,16146.332661628723,18000.0,141,0.3426185198732387,0.0,0.0,0.0,1331,0,0,0,0.0,0.9006228896471269,0.22114430999069795,0.0,1.0,1.0
2016-12-02,12.097999572753906,12.630397710300308,11.981852978136924,0.34786977522911405,0.09854222641560181,16146.332661628723,18000.0,141,0.3391378831358111,0.0,0.0,0.0,1334,0,0,0,0.0,0.9010618846026476,0.21076063864252728,0.0,1.0,1.0
2016-12-05,12.453332901000977,12.613534395128942,11.966632700577255,0.35928998731909817,0.09799237677260556,16146.332661628723,18000.0,141,0.287644226116845,0.0,0.0,0.0,1296,0,0,0,0.0,0.9011939805714899,0.06350380833378155,0.0,1.0,1.0
2016-12-06,12.390000343322754,12.592245437814068,11.960755636009862,0.3553163653005344,0.06613117440757905,16146.332661628723,18000.0,141,0.29358315502956983,0.0,0.0,0.0,1303,0,0,0,0.0,0.9013607440704565,0.08030541315688583,0.0,1.0,1.0
2016-12-07,12.876667022705078,12.619333207803688,12.004436925918606,0.3826325155693196,0.07719360321680335,16146.332661628723,18000.0,141,0.11540199478860486,0.0,0.0,0.0,1253,0,0,0,0.0,0.9011485565388712,0.0,0.0,0.0,1.0
2016-12-08,12.81933307647705,12.638380814344007,12.012409202998224,0.37172419892241604,0.06995410041011141,16146.332661628723,18000.0,141,0.11534977260067353,0.0,0.0,0.0,1259,0,0,0,0.0,0.9009993502876387,0.0,0.0,0.0,1.0
2016-12-09,12.812000274658203,12.654916001040597,12.022275048660948,0.35931456884260127,0.07141580048734933,16146.332661628723,18000.0,141,0.11530443863048034,0.0,0.0,0.0,1260,0,0,0,0.0,0.9008698246585153,0.0,0.0,0.0,1.0
2016-12-12,12.828666687011719,12.671463685418798,12.026806880355,0.3547594566194553,0.07125278253766824,16146.332661628723,18000.0,141,0.11525907039581007,0.0,0.0,0.0,1258,0,0,0,0.0,0.900740201130886,0.0,0.0,0.0,1.0
2016-12-13,13.210000038146973,12.7227528618691,12.056403598245764,0.3368341794420756,0.07240962943748784,16146.332661628723,18000.0,141,0.1151184525703755,0.0,0.0,0.0,1222,0,0,0,0.0,0.9003384359153587,0.0,0.0,0.0,1.0
2016-12-14,13.246000289916992,12.772585950254614,12.074528543942243,0.3354919566274533,0.07887860692807995,16146.332661628723,18000.0,141,0.11498182685305192,0.0,0.0,0.0,1218,0,0,0,0.0,0.8999480767230056,0.0,0.0,0.0,1.0
2016-12-15,13.17199993133545,12.810625377024218,12.106007538735044,0.3371012305630493,0.07828511457810736,16146.332661628723,18000.0,141,0.11487753542465862,0.0,0.0,0.0,1225,0,0,0,0.0,0.8996501012133103,0.0,0.0,0.0,1.0
2016-12-16,13.499333381652832,12.876216615560276,12.093417302074029,0.3363680219121939,0.07861862366631901,16146.332661628723,18000.0,141,0.11469770611233887,0.0,0.0,0.0,1196,0,0,0,0.0,0.8991363031781112,0.0,0.0,0.0,1.0
2016-12-19,13.51533317565918,12.937084859379219,12.112939684911819,0.3254320833452452,0.0771898124643156,16146.332661628723,18000.0,141,0.11453082567720196,0.0,0.0,0.0,1194,0,0,0,0.0,0.8986595019348628,0.0,0.0,0.0,1.0
2016-12-20,13.919333457946777,13.030632344957082,12.109295697853288,0.33589064849380734,0.07463921185244565,16146.332661628723,18000.0,141,0.11427434965424266,0.0,0.0,0.0,1159,0,0,0,0.0,0.8979267132978362,0.0,0.0,0.0,1.0
2016-12-21,13.846667289733887,13.108349958745348,12.098970011299409,0.3191300192268051,0.0759957888131013,16146.332661628723,18000.0,141,0.1140612738631065,0.0,0.0,0.0,1166,0,0,0,0.0,0.8973179253231615,0.0,0.0,0.0,1.0
2016-12-22,13.896666526794434,13.183427727130976,12.09143545559227,0.3183561667781311,0.07686053004875355,16146.332661628723,18000.0,141,0.1138554356481159,0.0,0.0,0.0,1161,0,0,0,0.0,0.896729816137474,0.0,0.0,0.0,1.0
2016-12-23,14.22266674041748,13.2824028712535,12.062613733492897,0.3220063997752125,0.07622462204006304,16146.332661628723,18000.0,141,0.1135840787946466,0.0,0.0,0.0,1135,0,0,0,0.0,0.8959545108418475,0.0,0.0,0.0,1.0
2016-12-27,14.635333061218262,13.411253365535858,12.003298316225697,0.33240532090941816,0.07243740671756489,16146.332661628723,18000.0,141,0.11323081368948917,0.0,0.0,0.0,1103,0,0,0,0.0,0.8949451819699691,0.0,0.0,0.0,1.0
2016-12-28,14.649333000183105,13.529165711692738,11.991319704176457,0.29931005003121003,0.08047666637528751,16146.332661628723,18000.0,141,0.1129075373404424,0.0,0.0,0.0,1102,0,0,0,0.0,0.8940215352584069,0.0,0.0,0.0,1.0
2016-12-29,14.312000274658203,13.603721384356117,12.023754148224633,0.3173854928287942,0.07947424074942737,16146.332661628723,18000.0,141,0.11270313053789027,0.0,0.0,0.0,1128,0,0,0,0.0,0.8934375158225437,0.0,0.0,0.0,1.0
2016-12-30,14.246000289916992,13.664890803933343,12.140655080071186,0.270673975718848,0.08044069978217164,16146.332661628723,18000.0,141,0.11253542437921604,0.0,0.0,0.0,1133,0,0,0,0.0,0.8929583553691888,0.0,0.0,0.0,1.0
2017-01-03,14.465999603271484,13.741186880060784,12.287130956906552,0.268867613566818,0.08453642190575505,16646.332661628723,18500.0,141,0.11334445553886485,0.0,0.0,0.0,1150,0,0,0,0.0,0.8952698729681854,0.0,0.0,0.0,1.0
2017-01-04,15.13266658782959,13.873708756991146,12.353212225224446,0.291189509665287,0.08446991020694958,16646.332661628723,18500.0,141,0.11299094447797225,0.0,0.0,0.0,1100,0,0,0,0.0,0.8942598413656351,0.0,0.0,0.0,1.0
2017-01-05,15.116666793823242,13.992085712879916,12.471450688298463,0.28877206932485505,0.08451295807141153,16646.332661628723,18500.0,141,0.11267516594969595,0.0,0.0,0.0,1101,0,0,0,0.0,0.8933576169991314,0.0,0.0,0.0,1.0
2017-01-06,15.267333030700684,14.113537838386655,12.530916147709215,0.26751856875167035,0.0726256602126671,16646.332661628723,18500.0,141,0.11235118419868206,0.0,0.0,0.0,1090,0,0,0,0.0,0.8924319548533773,0.0,0.0,0.0,1.0
2017-01-09,15.41866683959961,14.237835838502175,12.616494427078539,0.26298365878579866,0.07402031119813485,16646.332661628723,18500.0,141,0.1120196108848604,0.0,0.0,0.0,1079,0,0,0,0.0,0.8914846025281726,0.0,0.0,0.0,1.0
2017-01-10,15.324666976928711,14.341343565971368,12.741388223093988,0.26647078539628344,0.07119473933197301,16646.332661628723,18500.0,141,0.11174349702807096,0.0,0.0,0.0,1086,0,0,0,0.0,0.8906957057944885,0.0,0.0,0.0,1.0
2017-01-11,15.315333366394043,14.434104499344956,12.896360007764565,0.26729965113247084,0.07158567905071156,16646.332661628723,18500.0,141,0.11149605097066628,0.0,0.0,0.0,1086,0,0,0,0.0,0.8899887170590466,0.0,0.0,0.0,1.0
2017-01-12,15.305999755859375,14.51714214282252,13.012759380651616,0.2576655736636162,0.06829221294976187,16646.332661628723,18500.0,141,0.1112745424460383,0.0,0.0,0.0,1087,0,0,0,0.0,0.8893558355601094,0.0,0.0,0.0,1.0
2017-01-13,15.850000381469727,14.644081022693682,13.118888558472438,0.27530338416029193,0.061437516562265516,16646.332661628723,18500.0,141,0.11093592440703065,0.0,0.0,0.0,1050,0,0,0,0.0,0.888388355448659,0.0,0.0,0.0,1.0
2017-01-17,15.70533275604248,14.74515261634595,13.284355816201803,0.27809073896327435,0.061215029019893515,16646.332661628723,18500.0,141,0.11066630910180142,0.0,0.0,0.0,1059,0,0,0,0.0,0.887618026005147,0.0,0.0,0.0,1.0
2017-01-18,15.890666961669922,14.854249220662519,13.409758347273701,0.2720029901513367,0.06104902022261378,16646.332661628723,18500.0,141,0.11037528653839479,0.0,0.0,0.0,1047,0,0,0,0.0,0.8867865329668424,0.0,0.0,0.0,1.0
2017-01-19,16.250667572021484,14.987241444601468,13.537663199401573,0.27518557309143993,0.06223810129673143,16646.332661628723,18500.0,141,0.11002052079507657,0.0,0.0,0.0,1024,0,0,0,0.0,0.8857729165573618,0.0,0.0,0.0,1.0
2017-01-20,16.315332412719727,15.113726298707968,13.623370412420064,0.26476653946608475,0.06203684517188471,16646.332661628723,18500.0,141,0.10968311390047358,0.0,0.0,0.0,1020,0,0,0,0.0,0.8848088968584961,0.0,0.0,0.0,1.0
2017-01-23,16.594667434692383,15.254768311658864,13.728523567461734,0.26171421514692955,0.06216546454795623,16646.332661628723,18500.0,141,0.10930687480106133,0.0,0.0,0.0,1003,0,0,0,0.0,0.8837339280030324,0.0,0.0,0.0,1.0
2017-01-24,16.974000930786133,15.418504751575748,13.824733279758357,0.26513832092008877,0.06588814009600963,16646.332661628723,18500.0,141,0.10887009678431009,0.0,0.0,0.0,980,0,0,0,0.0,0.8824859908123146,0.0,0.0,0.0,1.0
2017-01-25,16.96466636657715,15.565758238718738,13.909657723636592,0.26288050706887417,0.07118504726767103,16646.332661628723,18500.0,141,0.10847728815779617,0.0,0.0,0.0,981,0,0,0,0.0,0.8813636804508463,0.0,0.0,0.0,1.0
2017-01-26,16.833999633789062,15.686543133487339,13.977368641093527,0.25803454944928284,0.0711498669740937,16646.332661628723,18500.0,141,0.10815508628985943,0.0,0.0,0.0,988,0,0,0,0.0,0.8804431036853128,0.0,0.0,0.0,1.0
2017-01-27,16.863332748413086,15.798618334908838,14.061237838807012,0.25779947463703384,0.06313443794126049,16646.332661628723,18500.0,141,0.1078561181174188,0.0,0.0,0.0,987,0,0,0,0.0,0.879588908906911,0.0,0.0,0.0,1.0
2017-01-30,16.708667755126953,15.885289708262944,14.224216624816586,0.24036457509421294,0.06776969322036724,16646.332661628723,18500.0,141,0.10762491637282284,0.0,0.0,0.0,996,0,0,0,0.0,0.8789283324937797,0.0,0.0,0.0,1.0
2017-01-31,16.795333862304688,15.971960580076443,14.43518382891965,0.23608997980701296,0.06510321904528985,16646.332661628723,18500.0,141,0.10739371596612035,0.0,0.0,0.0,991,0,0,0,0.0,0.8782677599032012,0.0,0.0,0.0,1.0
2017-02-01,16.615999221801758,16.033297593574094,14.64099123665147,0.24378986513603512,0.058602358658202944,17146.332661628723,19000.0,141,0.10835561914511144,0.0,0.0,0.0,1031,0,0,0,0.0,0.8810160547003185,0.0,0.0,0.0,1.0
2017-02-02,16.770000457763672,16.103459771115958,14.749256840199367,0.19596535928701692,0.05525371020886599,17146.332661628723,19000.0,141,0.10817338212081196,0.0,0.0,0.0,1022,0,0,0,0.0,0.8804953774880342,0.0,0.0,0.0,1.0
2017-02-03,16.755332946777344,16.165542930702756,14.876341153268644,0.19588878756844796,0.060446118776417826,17146.332661628723,19000.0,141,0.10801212928262205,0.0,0.0,0.0,1023,0,0,0,0.0,0.8800346550932059,0.0,0.0,0.0,1.0
2017-02-06,17.184667587280273,16.262602421805376,14.988496904145387,0.20839426314925788,0.060183345313903,17146.332661628723,19000.0,141,0.10776003002546863,0.0,0.0,0.0,997,0,0,0,0.0,0.8793143715013391,0.0,0.0,0.0,1.0
2017-02-07,17.165332794189453,16.34857674298481,15.095873497094711,0.20933629782794436,0.0584073100367329,17146.332661628723,19000.0,141,0.10753672303861572,0.0,0.0,0.0,998,0,0,0,0.0,0.8786763515389022,0.0,0.0,0.0,1.0
2017-02-08,17.472000122070312,16.455569445754858,15.226381388331454,0.20906854837329475,0.058374667923192416,17146.332661628723,19000.0,141,0.10725882357115774,0.0,0.0,0.0,981,0,0,0,0.0,0.8778823530604508,0.0,0.0,0.0,1.0
2017-02-09,17.946666717529297,16.597578709733376,15.346657442523144,0.2192604484987374,0.06074824385577406,17146.332661628723,19000.0,141,0.10688997319340299,0.0,0.0,0.0,955,0,0,0,0.0,0.8768284948382944,0.0,0.0,0.0,1.0
2017-02-10,17.948667526245117,16.726253835115447,15.514582469519926,0.21889751683957315,0.06056147366729733,17146.332661628723,19000.0,141,0.10655575648616061,0.0,0.0,0.0,955,0,0,0,0.0,0.875873589960459,0.0,0.0,0.0,1.0
2017-02-13,18.706666946411133,16.914864607619798,15.507269025457273,0.23098153088056683,0.06236422334086186,17146.332661628723,19000.0,141,0.10606586482178754,0.0,0.0,0.0,916,0,0,0,0.0,0.8744738994908215,0.0,0.0,0.0,1.0
2017-02-14,18.73200035095215,17.08792515460383,15.584075915729885,0.22328945561209615,0.06112486083191251,17146.332661628723,19000.0,141,0.10561636282212106,0.0,0.0,0.0,915,0,0,0,0.0,0.8731896080632031,0.0,0.0,0.0,1.0
2017-02-15,18.650667190551758,17.236757729456013,15.684526649031184,0.227855143460702,0.06235649778179489,17146.332661628723,19000.0,141,0.10522978979217606,0.0,0.0,0.0,919,0,0,0,0.0,0.8720851136919318,0.0,0.0,0.0,1.0
2017-02-16,17.93000030517578,17.302780831905515,15.788383143429185,0.27504691522399516,0.05998256405818521,17146.332661628723,19000.0,141,0.1050583034708138,0.0,0.0,0.0,956,0,0,0,0.0,0.8715951527737538,0.0,0.0,0.0,1.0
2017-02-17,18.148666381835938,17.383341360470318,15.897303902542552,0.2761582482286654,0.05970412498677006,17146.332661628723,19000.0,141,0.10484905809793627,0.0,0.0,0.0,944,0,0,0,0.0,0.8709973088512466,0.0,0.0,0.0,1.0
2017-02-21,18.492666244506836,17.48899134942618,15.97415267723997,0.2772576728140666,0.0591673368706782,17146.332661628723,19000.0,141,0.10457464615293777,0.0,0.0,0.0,927,0,0,0,0.0,0.8702132747226794,0.0,0.0,0.0,1.0
2017-02-22,18.233999252319336,17.55994448303505,16.02950796796633,0.2776400273543467,0.05785053221093951,17146.332661628723,19000.0,141,0.10439035472432734,0.0,0.0,0.0,940,0,0,0,0.0,0.8696867277837925,0.0,0.0,0.0,1.0
2017-02-23,17.06599998474121,17.512902149864207,15.98991580424662,0.36757681696783234,0.05308036377556832,17146.332661628723,19000.0,141,0.2991698332171558,0.0,0.0,0.0,1004,0,0,0,0.0,0.8700358314141656,0.12759226349199385,0.0,1.0,1.0
2017-02-24,17.133333206176758,17.476752726655878,15.977741038753864,0.3664294124691364,0.052471670226871485,17146.332661628723,19000.0,141,0.28899406748210626,0.0,0.0,0.0,1000,0,0,0,0.0,0.8703040981863959,0.09825038033390783,0.0,1.0,1.0
2017-02-27,16.415332794189453,17.37566511404003,15.82011952905295,0.3969602086622056,0.05175572160824482,17146.332661628723,19000.0,141,0.35158941223192336,0.0,0.0,0.0,1044,0,0,0,0.0,0.8710542746800187,0.27634404598261963,0.0,1.0,1.0
2017-02-28,16.666000366210938,17.308077995199163,15.747601815273626,0.3997937850882376,0.04618413976291515,17146.332661628723,19000.0,141,0.3199642805905026,0.0,0.0,0.0,1028,0,0,0,0.0,0.8715558422461536,0.18548495944099688,0.0,1.0,1.0
2017-03-01,16.667999267578125,17.24711811637811,15.672846120491336,0.3993561850886955,0.061410372846117306,17646.332661628723,19500.0,141,0.3151125286604089,0.0,0.0,0.0,1058,0,0,0,0.0,0.8752900690046506,0.16788858431080333,0.0,1.0,1.0
2017-03-02,16.698667526245117,17.194884726841636,15.630369678459143,0.3974155632561252,0.06790614525100754,17646.332661628723,19500.0,141,0.3069859493281151,0.0,0.0,0.0,1056,0,0,0,0.0,0.8756677565905298,0.14429209863265655,0.0,1.0,1.0
2017-03-03,16.771333694458008,17.15454653328129,15.590169381393837,0.3963669749233485,0.06792779432978667,17646.332661628723,19500.0,141,0.29567878865955716,0.0,0.0,0.0,1052,0,0,0,0.0,0.8759594327593506,0.11169424912509852,0.0,1.0,1.0
2017-03-06,16.747333526611328,17.115764342169868,15.550539370664637,0.3963938558129859,0.0678183637738353,17646.332661628723,19500.0,141,0.29435413045325914,0.0,0.0,0.0,1053,0,0,0,0.0,0.876239857833541,0.10762908631862819,0.0,1.0,1.0
2017-03-07,16.57266616821289,17.064040706554916,15.446598685002765,0.3863489941019496,0.06846630331186336,17646.332661628723,19500.0,141,0.3072076890117221,0.0,0.0,0.0,1064,0,0,0,0.0,0.8766138595064491,0.14397953766989985,0.0,1.0,1.0
2017-03-08,16.45800018310547,17.006322561464494,15.327535339561466,0.38681645787756597,0.06972104550535829,17646.332661628723,19500.0,141,0.3133848879056516,0.0,0.0,0.0,1072,0,0,0,0.0,0.877031206094026,0.16121133077926464,0.0,1.0,1.0
2017-03-09,16.32666778564453,16.941593535195928,15.186277657215708,0.38019835548057906,0.06970547995353336,17646.332661628723,19500.0,141,0.3206441484799419,0.0,0.0,0.0,1080,0,0,0,0.0,0.8774992467455064,0.18148403462575602,0.0,1.0,1.0
2017-03-10,16.246000289916992,16.875346559455078,15.064447909717087,0.3629809813460406,0.06824600314363911,17646.332661628723,19500.0,141,0.3225565909104821,0.0,0.0,0.0,1086,0,0,0,0.0,0.8779782633393248,0.18646913926205264,0.0,1.0,1.0
2017-03-13,16.411333084106445,16.831154799898066,15.000313273465549,0.36649667061304003,0.06783841344107482,17646.332661628723,19500.0,141,0.3010547123042608,0.0,0.0,0.0,1075,0,0,0,0.0,0.8782978037545832,0.12471565997187636,0.0,1.0,1.0
2017-03-14,17.200000762939453,16.866282986854387,15.167963205170745,0.3767265698128449,0.06797952077427842,17646.332661628723,19500.0,141,0.10731532997942234,0.0,0.0,0.0,1025,0,0,0,0.0,0.8780437999412067,0.0,0.0,0.0,1.0
2017-03-15,17.048667907714844,16.883652979317286,15.350718651629162,0.37656564193535946,0.07233910651304912,17646.332661628723,19500.0,141,0.10727137053695851,0.0,0.0,0.0,1035,0,0,0,0.0,0.8779182015341673,0.0,0.0,0.0,1.0
2017-03-16,17.469999313354492,16.93949548732083,15.577526304837649,0.3905171125613759,0.07132675735818512,17646.332661628723,19500.0,141,0.10713004603593418,0.0,0.0,0.0,1010,0,0,0,0.0,0.8775144172455264,0.0,0.0,0.0,1.0
2017-03-17,17.433332443237305,16.986527578360494,15.676115723112991,0.36709089317485194,0.07147452117946845,17646.332661628723,19500.0,141,0.10701101866707224,0.0,0.0,0.0,1012,0,0,0,0.0,0.877174339048778,0.0,0.0,0.0,1.0
2017-03-20,17.461332321166992,17.031747077675398,15.814271730161833,0.3638969128013344,0.07197917690354176,17646.332661628723,19500.0,141,0.1068965785495753,0.0,0.0,0.0,1010,0,0,0,0.0,0.876847367284501,0.0,0.0,0.0,1.0
2017-03-21,16.711999893188477,17.00129496486712,16.011699715954926,0.3831355474066385,0.08214572103177398,17646.332661628723,19500.0,141,0.28675175251589685,0.0,0.0,0.0,1055,0,0,0,0.0,0.877067559484807,0.08508030484632718,0.0,1.0,1.0
2017-03-22,17.000667572021484,17.001235213167536,16.237018786747168,0.38918078820897406,0.08251453700857607,17646.332661628723,19500.0,141,0.257032226439376,0.0,0.0,0.0,1037,0,0,0,0.0,0.8770679915355578,0.000166941148373846,0.0,1.0,1.0
2017-03-23,16.985332489013672,16.999720668010024,16.24001421674925,0.31587533204976526,0.08251251710644449,17646.332661628723,19500.0,141,0.2584587904122638,0.0,0.0,0.0,1038,0,0,0,0.0,0.8770789428620813,0.004231886887243931,0.0,1.0,1.0
2017-03-24,17.54400062561035,17.05155685444815,16.23618092577833,0.3367502915938397,0.08223053982704691,17646.332661628723,19500.0,141,0.10684644457605041,0.0,0.0,0.0,1005,0,0,0,0.0,0.8767041273601441,0.0,0.0,0.0,1.0
2017-03-27,18.014667510986328,17.143281678880356,16.20030503073473,0.30654634975584183,0.08205514480426096,17646.332661628723,19500.0,141,0.10661431021267964,0.0,0.0,0.0,979,0,0,0,0.0,0.876040886321942,0.0,0.0,0.0,1.0
2017-03-28,18.496667861938477,17.27217560107637,16.104998961676586,0.3143437892445703,0.08620166044858842,17646.332661628723,19500.0,141,0.10628810944035288,0.0,0.0,0.0,954,0,0,0,0.0,0.875108884115294,0.0,0.0,0.0,1.0
2017-03-29,18.492000579833984,17.388349408577096,16.06076491975654,0.314429646389712,0.06949970411518959,17646.332661628723,19500.0,141,0.10599410034290868,0.0,0.0,0.0,954,0,0,0,0.0,0.8742688581225964,0.0,0.0,0.0,1.0
2017-03-30,18.527999877929688,17.49688754851544,16.04115557873432,0.3144138753591422,0.0678702270782903,17646.332661628723,19500.0,141,0.10571941535798779,0.0,0.0,0.0,952,0,0,0,0.0,0.8734840438799653,0.0,0.0,0.0,1.0
2017-03-31,18.553333282470703,17.59750142793975,16.036852150374393,0.31472373846207147,0.06815192017667654,17646.332661628723,19500.0,141,0.10546478484775246,0.0,0.0,0.0,951,0,0,0,0.0,0.8727565281364357,0.0,0.0,0.0,1.0
2017-04-03,19.90133285522461,17.816913944824023,15.890514566476257,0.39380839325638334,0.0674869320153379,18146.332661628723,20000.0,141,0.10603676484114666,0.0,0.0,0.0,911,0,0,0,0.0,0.8743907566889906,0.0,0.0,0.0,1.0
2017-04-04,20.246667861938477,18.048319079787305,15.797847979096298,0.387978165495137,0.06685295316895436,18146.332661628723,20000.0,141,0.10546577267062479,0.0,0.0,0.0,896,0,0,0,0.0,0.8727593504874995,0.0,0.0,0.0,1.0
2017-04-05,19.666667938232422,18.202447542496365,15.847651301759125,0.4079500562592234,0.06723176420982108,18146.332661628723,20000.0,141,0.10508546068889019,0.0,0.0,0.0,922,0,0,0,0.0,0.8716727448254006,0.0,0.0,0.0,1.0
2017-04-06,19.913333892822266,18.36538909967026,15.933796443356425,0.40292415154003886,0.0675742043404869,18146.332661628723,20000.0,141,0.1046834023965636,0.0,0.0,0.0,911,0,0,0,0.0,0.8705240068473247,0.0,0.0,0.0,1.0
2017-04-07,20.16933250427246,18.537193233441897,16.05739666110957,0.39893961443417514,0.06638128213100808,18146.332661628723,20000.0,141,0.10425947569648208,0.0,0.0,0.0,899,0,0,0,0.0,0.8693127877042346,0.0,0.0,0.0,1.0
2017-04-10,20.826000213623047,18.755174850602007,16.14897261812473,0.4060472123565881,0.06643716750653553,18146.332661628723,20000.0,141,0.1037216060561395,0.0,0.0,0.0,871,0,0,0,0.0,0.8677760173032558,0.0,0.0,0.0,1.0
2017-04-11,20.58066749572754,18.929031292994914,16.20985729515504,0.39142919451235336,0.06560927873476718,18146.332661628723,20000.0,141,0.10329261528453498,0.0,0.0,0.0,881,0,0,0,0.0,0.8665503293843858,0.0,0.0,0.0,1.0
2017-04-12,19.78933334350586,19.010964821615,16.334935322383128,0.42252667695482876,0.05819989509053425,18146.332661628723,20000.0,141,0.10309044430266495,0.0,0.0,0.0,916,0,0,0,0.0,0.8659726980076142,0.0,0.0,0.0,1.0
2017-04-13,20.266666412353516,19.13055544930438,16.43061076307889,0.42221739537569086,0.06191783250564559,18146.332661628723,20000.0,141,0.10279535442884141,0.0,0.0,0.0,895,0,0,0,0.0,0.8651295840824041,0.0,0.0,0.0,1.0
2017-04-17,20.09600067138672,19.222502613312223,16.54988757647972,0.42476908185680623,0.07085620578650237,18146.332661628723,20000.0,141,0.10256847480165204,0.0,0.0,0.0,902,0,0,0,0.0,0.8644813565761488,0.0,0.0,0.0,1.0
2017-04-18,20.016666412353516,19.298137260839965,16.683947416661656,0.4262407940662049,0.0711608463261044,18146.332661628723,20000.0,141,0.10238184630887737,0.0,0.0,0.0,906,0,0,0,0.0,0.8639481323110783,0.0,0.0,0.0,1.0
2017-04-19,20.368000030517578,19.400028953190212,16.982036317032442,0.38390416591769266,0.056307354639336095,18146.332661628723,20000.0,141,0.10213042855800314,0.0,0.0,0.0,890,0,0,0,0.0,0.863229795880009,0.0,0.0,0.0,1.0
2017-04-20,20.167333602905273,19.47310558649641,17.277023192575005,0.38932579332245,0.06226733004772099,18146.332661628723,20000.0,141,0.10195011196532006,0.0,0.0,0.0,899,0,0,0,0.0,0.8627146056152003,0.0,0.0,0.0,1.0
2017-04-21,20.373332977294922,19.55884152847722,17.65370774487449,0.38762535136787907,0.06317049784358078,18146.332661628723,20000.0,141,0.10173855852848246,0.0,0.0,0.0,890,0,0,0,0.0,0.8621101672242356,0.0,0.0,0.0,1.0
2017-04-24,20.53533363342285,19.65184077656728,17.96988647524318,0.3775701766775025,0.07367969098749451,18146.332661628723,20000.0,141,0.10150908288382021,0.0,0.0,0.0,883,0,0,0,0.0,0.8614545225252007,0.0,0.0,0.0,1.0
2017-04-25,20.91933250427246,19.772554274443962,18.225310504987405,0.37332059865926925,0.07583421941345887,18146.332661628723,20000.0,141,0.10121122232780949,0.0,0.0,0.0,867,0,0,0,0.0,0.8606034923651701,0.0,0.0,0.0,1.0
2017-04-26,20.67799949645996,19.8587871527312,18.42316068121476,0.3722224061830955,0.07227151719593605,18146.332661628723,20000.0,141,0.10099844270063574,0.0,0.0,0.0,877,0,0,0,0.0,0.8599955505732451,0.0,0.0,0.0,1.0
2017-04-27,20.575332641601562,19.927029580242664,18.66115373552013,0.3736198229463891,0.072250613256611,18146.332661628723,20000.0,141,0.10083005451075122,0.0,0.0,0.0,881,0,0,0,0.0,0.8595144414592892,0.0,0.0,0.0,1.0
2017-04-28,20.937999725341797,20.023312451204486,18.946169920469178,0.37571997359481757,0.07221474455426678,18146.332661628723,20000.0,141,0.10059247652665293,0.0,0.0,0.0,866,0,0,0,0.0,0.8588356472190084,0.0,0.0,0.0,1.0
2017-05-01,21.52199935913086,20.166044537673663,19.25595345220745,0.38274392452738054,0.07169250593813997,18646.332661628723,20500.0,141,0.10145393668613678,0.0,0.0,0.0,866,0,0,0,0.0,0.8612969619603908,0.0,0.0,0.0,1.0
2017-05-02,21.25933265686035,20.270167215691444,19.30847588913234,0.30176069338949735,0.07124793113201869,18646.332661628723,20500.0,141,0.1012032803856403,0.0,0.0,0.0,877,0,0,0,0.0,0.8605808011018296,0.0,0.0,0.0,1.0
2017-05-03,20.73466682434082,20.314405273658053,19.349184306223876,0.3128103825877885,0.07158813634891371,18646.332661628723,20500.0,141,0.10109678535341338,0.0,0.0,0.0,899,0,0,0,0.0,0.8602765295811812,0.0,0.0,0.0,1.0
2017-05-04,19.69733238220215,20.25563642685273,19.295703880457875,0.34733273054904473,0.0702782591932706,18646.332661628723,20500.0,141,0.29947333243796376,0.0,0.0,0.0,946,0,0,0,0.0,0.8606807445762812,0.13781449096075815,0.0,1.0,1.0
2017-05-05,20.55666732788086,20.284306036474455,19.36066876883279,0.3780255798485092,0.07115879132156969,18646.332661628723,20500.0,141,0.10116924376097491,0.0,0.0,0.0,907,0,0,0,0.0,0.8604835536027855,0.0,0.0,0.0,1.0
2017-05-08,20.479333877563477,20.30288011657817,19.39254364119613,0.37621341339144543,0.07094816229594356,18646.332661628723,20500.0,141,0.10112453006082278,0.0,0.0,0.0,910,0,0,0,0.0,0.8603558001737794,0.0,0.0,0.0,1.0
2017-05-09,21.417333602905273,20.409018543847417,19.42155030159494,0.39347572095386246,0.07128610360282209,18646.332661628723,20500.0,141,0.10086902121273805,0.0,0.0,0.0,870,0,0,0,0.0,0.8596257748935373,0.0,0.0,0.0,1.0
2017-05-10,21.681333541870117,20.530191400801957,19.420110808981693,0.3918289182532419,0.07077756961057269,18646.332661628723,20500.0,141,0.10057731972538647,0.0,0.0,0.0,860,0,0,0,0.0,0.8587923420725329,0.0,0.0,0.0,1.0
2017-05-11,21.540000915527344,20.62636373553771,19.51054290230975,0.36242758291070254,0.06957747491545423,18646.332661628723,20500.0,141,0.10034580242201041,0.0,0.0,0.0,865,0,0,0,0.0,0.858130864062887,0.0,0.0,0.0,1.0
2017-05-12,21.65399932861328,20.724233792021096,19.548620766107803,0.35499077013985936,0.06392141648028989,18646.332661628723,20500.0,141,0.10011019816408573,0.0,0.0,0.0,861,0,0,0,0.0,0.8574577090402451,0.0,0.0,0.0,1.0
2017-05-15,21.058666229248047,20.756084500328427,19.616750873895246,0.36967491678015807,0.05940754863012962,18646.332661628723,20500.0,141,0.10003352341018495,0.0,0.0,0.0,885,0,0,0,0.0,0.8572386383148143,0.0,0.0,0.0,1.0
2017-05-16,21.134000778198242,20.792076526792222,19.708011014514224,0.36887133879655365,0.057914210566653024,18646.332661628723,20500.0,141,0.09994687919038064,0.0,0.0,0.0,882,0,0,0,0.0,0.8569910834010876,0.0,0.0,0.0,1.0
2017-05-17,20.407333374023438,20.75543432176662,19.675024551148333,0.38726168111633097,0.08977517094780713,18646.332661628723,20500.0,141,0.2793853131737902,0.0,0.0,0.0,913,0,0,0,0.0,0.8572431102746784,0.08385778450757927,0.0,1.0,1.0
2017-05-18,20.87066650390625,20.76640881530373,19.73723962507906,0.3930531167217878,0.08669057786086341,18646.332661628723,20500.0,141,0.1000086695104761,0.0,0.0,0.0,893,0,0,0,0.0,0.8571676271727889,0.0,0.0,0.0,1.0
2017-05-19,20.722000122070312,20.762179415948165,19.75920903638222,0.3930694982232193,0.08876191595358093,18646.332661628723,20500.0,141,0.2534054783479613,0.0,0.0,0.0,899,0,0,0,0.0,0.8571967171878687,0.009676078092020745,0.0,1.0,1.0
2017-05-22,20.690000534057617,20.755305236720496,19.7624576557681,0.39233157244234923,0.0822158658033423,18646.332661628723,20500.0,141,0.25554161707352224,0.0,0.0,0.0,901,0,0,0,0.0,0.8572439981279224,0.015732050653569914,0.0,1.0,1.0
2017-05-23,20.257333755493164,20.707879381365508,19.670832161460385,0.39337649238716715,0.0796787743328955,18646.332661628723,20500.0,141,0.2882246813118063,0.0,0.0,0.0,920,0,0,0,0.0,0.8575701954745104,0.1087860368449361,0.0,1.0,1.0
2017-05-24,20.681333541870117,20.70535120617547,19.668448894439805,0.3990288418200965,0.08002974765976767,18646.332661628723,20500.0,141,0.25218560863351597,0.0,0.0,0.0,901,0,0,0,0.0,0.8575875843867931,0.005799868851823937,0.0,1.0,1.0
2017-05-25,21.121999740600586,20.745032018977863,19.71468048235554,0.4052728699483392,0.081330429449998,18646.332661628723,20500.0,141,0.10006013023724109,0.0,0.0,0.0,882,0,0,0,0.0,0.8573146578206888,0.0,0.0,0.0,1.0
2017-05-26,21.676000595092773,20.833695692893567,19.749359955595402,0.4108899154667603,0.08081490950189944,18646.332661628723,20500.0,141,0.09984668866125374,0.0,0.0,0.0,860,0,0,0,0.0,0.8567048247464394,0.0,0.0,0.0,1.0
2017-05-30,22.34000015258789,20.977153260483504,19.750841920651265,0.4132844481052235,0.08097579892163091,18646.332661628723,20500.0,141,0.09950134080951895,0.0,0.0,0.0,834,0,0,0,0.0,0.8557181165986256,0.0,0.0,0.0,1.0
2017-05-31,22.733999252319336,21.14447192637263,19.695185145702606,0.4130746129906333,0.08100787233190594,18646.332661628723,20500.0,141,0.09909855172846388,0.0,0.0,0.0,820,0,0,0,0.0,0.854567290652754,0.0,0.0,0.0,1.0
2017-06-01,22.691333770751953,21.291792102027806,19.683174916647932,0.4000347655021222,0.0845314007642663,19146.332661628723,21000.0,141,0.0999642885602346,0.0,0.0,0.0,843,0,0,0,0.0,0.8570408244578133,0.0,0.0,0.0,1.0
2017-06-02,22.656667709350586,21.421780255106164,19.839528414865008,0.34510823279750114,0.08510937608051744,19146.332661628723,21000.0,141,0.0996588164005005,0.0,0.0,0.0,845,0,0,0,0.0,0.856168046858573,0.0,0.0,0.0,1.0
2017-06-05,23.154666900634766,21.58681707848984,19.848980384761138,0.3226665549351346,0.08467189811823997,19146.332661628723,21000.0,141,0.09927097986554884,0.0,0.0,0.0,826,0,0,0,0.0,0.8550599424729968,0.0,0.0,0.0,1.0
2017-06-06,23.523332595825195,21.771247127759874,19.8656696516482,0.3222001435144112,0.08558269338054454,19146.332661628723,21000.0,141,0.09883756924976422,0.0,0.0,0.0,813,0,0,0,0.0,0.8538216264278979,0.0,0.0,0.0,1.0
2017-06-07,23.976667404174805,21.981287154085106,19.803266772574627,0.2923671088877428,0.08541062258010708,19146.332661628723,21000.0,141,0.0983439751879,0.0,0.0,0.0,798,0,0,0,0.0,0.8524113576797143,0.0,0.0,0.0,1.0
2017-06-08,24.666667938232422,22.23703770495628,19.69403836774834,0.302865456712257,0.08541645958998273,19146.332661628723,21000.0,141,0.0977429613933527,0.0,0.0,0.0,776,0,0,0,0.0,0.8506941754095793,0.0,0.0,0.0,1.0
2017-06-09,23.821332931518555,22.387922964628878,19.70776775018789,0.3333485341868619,0.08494941399982572,19146.332661628723,21000.0,141,0.09738838103312214,0.0,0.0,0.0,803,0,0,0,0.0,0.8496810886660633,0.0,0.0,0.0,1.0
2017-06-12,23.93400001525879,22.5351683980222,19.72473645508503,0.3333537162332493,0.08479100624407111,19146.332661628723,21000.0,141,0.0970423542646478,0.0,0.0,0.0,799,0,0,0,0.0,0.8486924407561366,0.0,0.0,0.0,1.0
2017-06-13,25.06333351135254,22.775946027863185,19.719775342890625,0.34142913670163444,0.08463175332992759,19146.332661628723,21000.0,141,0.09647652683452151,0.0,0.0,0.0,763,0,0,0,0.0,0.8470757909557758,0.0,0.0,0.0,1.0
2017-06-14,25.37733268737793,23.023697138293162,19.73019709530235,0.3410348519062552,0.08471077168719691,19146.332661628723,21000.0,141,0.09589431172501106,0.0,0.0,0.0,754,0,0,0,0.0,0.8454123192143174,0.0,0.0,0.0,1.0
2017-06-15,25.022666931152344,23.21407521380356,19.89667185166541,0.312801463029708,0.04857794756513429,19146.332661628723,21000.0,141,0.0954469232475616,0.0,0.0,0.0,765,0,0,0,0.0,0.8441340664216047,0.0,0.0,0.0,1.0
2017-06-16,24.760000228881836,23.36130616762054,20.051554910317762,0.31768590798440993,0.04812088362699804,19146.332661628723,21000.0,141,0.0951009305060917,0.0,0.0,0.0,773,0,0,0,0.0,0.8431455157316906,0.0,0.0,0.0,1.0
2017-06-19,24.65333366394043,23.48435640536529,20.26438287376397,0.315970445926396,0.0507103811353833,19146.332661628723,21000.0,141,0.09481176244739153,0.0,0.0,0.0,776,0,0,0,0.0,0.8423193212782616,0.0,0.0,0.0,1.0
2017-06-20,24.81599998474121,23.611179603401094,20.526291188301542,0.31371083809544836,0.05646616165086147,19146.332661628723,21000.0,141,0.09451372793200741,0.0,0.0,0.0,771,0,0,0,0.0,0.8414677940914498,0.0,0.0,0.0,1.0
2017-06-21,25.093332290649414,23.75233700218665,20.940944951151636,0.29267201595374853,0.0565846228670052,19146.332661628723,21000.0,141,0.09418200804486138,0.0,0.0,0.0,763,0,0,0,0.0,0.8405200229853182,0.0,0.0,0.0,1.0
2017-06-22,25.507333755493164,23.919479550120606,21.339706733566242,0.29108033315207255,0.05636703258350977,19146.332661628723,21000.0,141,0.09378922305721654,0.0,0.0,0.0,750,0,0,0,0.0,0.8393977801634759,0.0,0.0,0.0,1.0
2017-06-23,25.56333351135254,24.076037070237934,21.72291239412614,0.2897462919384307,0.05468441894855524,19146.332661628723,21000.0,141,0.09342131288494082,0.0,0.0,0.0,748,0,0,0,0.0,0.8383466082426881,0.0,0.0,0.0,1.0
2017-06-26,25.166000366210938,24.17984309842584,22.06267904243667,0.29609788844039475,0.054684200705976196,19146.332661628723,21000.0,141,0.09317736871869925,0.0,0.0,0.0,760,0,0,0,0.0,0.8376496249105694,0.0,0.0,0.0,1.0
2017-06-27,24.158000946044922,24.177762893437183,22.25430922442326,0.32794771756139696,0.06238986710389697,19146.332661628723,21000.0,141,0.24461263800483707,0.0,0.0,0.0,792,0,0,0,0.0,0.8376635920012074,0.00408680229832712,0.0,1.0,1.0
2017-06-28,24.749332427978516,24.232198087203024,22.452101881101107,0.33255351592343035,0.06947652591434345,19146.332661628723,21000.0,141,0.09305433449507289,0.0,0.0,0.0,773,0,0,0,0.0,0.8372980985573512,0.0,0.0,0.0,1.0
2017-06-29,24.049999237060547,24.21484581576088,22.617874945119265,0.3518486176272685,0.07164923989249489,19146.332661628723,21000.0,141,0.25500852755437203,0.0,0.0,0.0,796,0,0,0,0.0,0.8374146066656055,0.034038329204028994,0.0,1.0,1.0
2017-06-30,24.107332229614258,24.20460642660406,22.842975906067423,0.3514332849795165,0.07048093446722148,19146.332661628723,21000.0,141,0.25015212729223807,0.0,0.0,0.0,794,0,0,0,0.0,0.8374833568499441,0.020094149699307607,0.0,1.0,1.0
2017-07-03,23.507999420166016,24.13826290218139,22.845900489860266,0.35775867066119055,0.07099104200015481,19646.332661628723,21500.0,141,0.2902877405306889,0.0,0.0,0.0,835,0,0,0,0.0,0.8416979037577872,0.1305527834727526,0.0,1.0,1.0
2017-07-05,21.805999755859375,23.916142602531675,22.178005318504272,0.4374014266456515,0.07048916553704457,19646.332661628723,21500.0,141,0.5495081893006917,0.1809239805467121,1.0,0.4266467863826985,900,2,2,2,43.61199951171875,0.8431545996764201,0.44115451261127037,1.0,1.0,1.0
2017-07-06,20.588666915893555,23.59924015618519,21.139745657784843,0.4660272567199031,0.07773558315709918,19602.720662117004,21500.0,143,0.618312011854149,0.3060218397348163,1.0,0.5142152878143714,952,3,3,3,61.766000747680664,0.8430376119844427,0.6378538504559829,1.0,1.0,1.0
2017-07-07,20.881332397460938,23.34039179821145,20.448455730855425,0.45383469730479586,0.08147043964125573,19540.954661369324,21500.0,146,0.4288995404719144,0.0,0.0,0.0,935,0,0,0,0.0,0.8415024556958665,0.5267819456524605,0.0,1.0,1.0
2017-07-10,21.06999969482422,23.12416397884124,19.92472921788942,0.4464340109466984,0.08151896013300756,19540.954661369324,21500.0,146,0.40049566793067654,0.0,0.0,0.0,927,0,0,0,0.0,0.8429707934460083,0.4441596863559248,0.0,1.0,1.0
2017-07-11,21.814666748046875,22.999449956860822,19.654598665513067,0.46862475389067637,0.0814931516459494,19540.954661369324,21500.0,146,0.3354848954284488,0.0,0.0,0.0,895,0,0,0,0.0,0.8438176886650381,0.2575677268448156,0.0,1.0,1.0
2017-07-12,21.968000411987305,22.901216666872866,19.499426447229986,0.4303333427395138,0.08413587955470489,19540.954661369324,21500.0,146,0.3168815303317531,0.0,0.0,0.0,889,0,0,0,0.0,0.8444847612389098,0.2037481825660992,0.0,1.0,1.0
2017-07-13,21.560667037963867,22.77354527364344,19.332157968603926,0.4265031286932738,0.08426920635114042,19540.954661369324,21500.0,146,0.3390749745654332,0.0,0.0,0.0,906,0,0,0,0.0,0.8453517390720027,0.26629104540066384,0.0,1.0,1.0
2017-07-14,21.851999282836914,22.68577898880472,19.23942973547733,0.4323161291984957,0.08516521299280799,19540.954661369324,21500.0,146,0.3104001718391059,0.0,0.0,0.0,894,0,0,0,0.0,0.8459477333783494,0.1837670433048103,0.0,1.0,1.0
2017-07-17,21.30466651916504,22.554244467886654,19.05241742516397,0.4372063968436905,0.08518817357259859,19540.954661369324,21500.0,146,0.343349979598003,0.0,0.0,0.0,917,0,0,0,0.0,0.8468409445436534,0.27701614002206953,0.0,1.0,1.0
2017-07-18,21.882667541503906,22.49028476061211,19.0095703410685,0.45381367112008875,0.08006161623750803,19540.954661369324,21500.0,146,0.29382587824863576,0.0,0.0,0.0,892,0,0,0,0.0,0.8472752755790992,0.13508437655986036,0.0,1.0,1.0
2017-07-19,21.68400001525879,22.41349573724513,18.98160646594791,0.4516558193327561,0.07778727751548521,19540.954661369324,21500.0,146,0.30368639134976433,0.0,0.0,0.0,901,0,0,0,0.0,0.8477967266214982,0.16273582009211437,0.0,1.0,1.0
2017-07-20,21.994667053222656,22.37360729114775,19.078590347759437,0.4534110606116677,0.07770385173573764,19540.954661369324,21500.0,146,0.27646328780987245,0.0,0.0,0.0,888,0,0,0,0.0,0.8480675969996478,0.08468465388570197,0.0,1.0,1.0
2017-07-21,21.893333435058594,22.327866923901162,19.279911950996578,0.44553498567223565,0.07768589506753482,19540.954661369324,21500.0,146,0.2809899741139486,0.0,0.0,0.0,892,0,0,0,0.0,0.8483782060051362,0.09730743432043124,0.0,1.0,1.0
2017-07-24,22.834667205810547,22.376133617416343,19.664728352100788,0.47924552576880114,0.07789743090780375,19540.954661369324,21500.0,146,0.0968176545186058,0.0,0.0,0.0,855,0,0,0,0.0,0.8480504414817309,0.0,0.0,0.0,1.0
2017-07-25,22.639999389648438,22.401263690962256,20.00700552819056,0.477879905966787,0.07829534738544891,19540.954661369324,21500.0,146,0.09675792676241063,0.0,0.0,0.0,863,0,0,0,0.0,0.8478797907497447,0.0,0.0,0.0,1.0
2017-07-26,22.92333221435547,22.45098450271399,20.196988561643934,0.4626889592658096,0.07103755883490397,19540.954661369324,21500.0,146,0.09663975311215417,0.0,0.0,0.0,852,0,0,0,0.0,0.8475421517490119,0.0,0.0,0.0,1.0
2017-07-27,22.297332763671875,22.436351003757597,20.51061860587345,0.45957844404503717,0.06541247324160733,19540.954661369324,21500.0,146,0.2575177367143882,0.0,0.0,0.0,876,0,0,0,0.0,0.8476415234163438,0.03098058148190843,0.0,1.0,1.0
2017-07-28,22.33799934387207,22.426984179006595,20.720283201927067,0.4515476966435332,0.0561170231006552,19540.954661369324,21500.0,146,0.2536403714025625,0.0,0.0,0.0,874,0,0,0,0.0,0.8477051306913971,0.019838787601638784,0.0,1.0,1.0
2017-07-31,21.564666748046875,22.34485870939138,20.930442311250783,0.4642999347856408,0.056446712091382335,19540.954661369324,21500.0,146,0.30799489883929193,0.0,0.0,0.0,906,0,0,0,0.0,0.8482628199269237,0.17457974818533925,0.0,1.0,1.0
2017-08-01,21.30466651916504,22.24579278651268,21.02161934522312,0.45928583470932244,0.0564925666559997,20040.954661369324,22000.0,146,0.3223642566658648,0.0,0.0,0.0,940,0,0,0,0.0,0.8523688296895068,0.21152904649867849,0.0,1.0,1.0
2017-08-02,21.72599983215332,22.196288695621313,20.97153526454066,0.38985358918525126,0.05648683879556152,20040.954661369324,22000.0,146,0.2855225938455473,0.0,0.0,0.0,922,0,0,0,0.0,0.8526973568381495,0.1059386255777,0.0,1.0,1.0
2017-08-03,23.139333724975586,22.286102507940768,21.063953074922505,0.39592143368361477,0.04335403483929476,20040.954661369324,22000.0,146,0.09823546190201027,0.0,0.0,0.0,866,0,0,0,0.0,0.8521013197200294,0.0,0.0,0.0,1.0
2017-08-04,23.79400062561035,22.42971185248073,21.051391476603275,0.402818797079037,0.039028278755340186,20040.954661369324,22000.0,146,0.09790189656082882,0.0,0.0,0.0,842,0,0,0,0.0,0.8511482758880824,0.0,0.0,0.0,1.0
2017-08-07,23.67799949645996,22.54859639000256,21.081713577397398,0.4048402585795543,0.03908017047886783,20040.954661369324,22000.0,146,0.09762576020322128,0.0,0.0,0.0,846,0,0,0,0.0,0.8503593148663466,0.0,0.0,0.0,1.0
2017-08-08,24.347999572753906,22.719968121693164,20.983910520848415,0.3988309358875587,0.040521597535578414,20040.954661369324,22000.0,146,0.09722771040824901,0.0,0.0,0.0,823,0,0,0,0.0,0.8492220297378544,0.0,0.0,0.0,1.0
2017-08-09,24.235332489013672,22.86428853762845,20.94325850361285,0.4004990487625917,0.033206067117876055,20040.954661369324,22000.0,146,0.09689249344214479,0.0,0.0,0.0,826,0,0,0,0.0,0.8482642669775566,0.0,0.0,0.0,1.0
2017-08-10,23.69333267211914,22.943245121865658,20.993468426263902,0.4037235990929048,0.06268892660301731,20040.954661369324,22000.0,146,0.0967090988305756,0.0,0.0,0.0,845,0,0,0,0.0,0.8477402823730733,0.0,0.0,0.0,1.0
2017-08-11,23.857999801635742,23.030364615177096,21.027497249293308,0.40256543593948424,0.06030806575182079,20040.954661369324,22000.0,146,0.096506744007475,0.0,0.0,0.0,840,0,0,0,0.0,0.8471621257356429,0.0,0.0,0.0,1.0
2017-08-14,24.253332138061523,23.14683771259466,21.128968690449515,0.38863838882670415,0.07073615451292055,20040.954661369324,22000.0,146,0.09623620876756417,0.0,0.0,0.0,826,0,0,0,0.0,0.8463891679073263,0.0,0.0,0.0,1.0
2017-08-15,24.155332565307617,23.242884841424466,21.18788227378851,0.3826989545730342,0.07075025441328749,20040.954661369324,22000.0,146,0.09601311748196406,0.0,0.0,0.0,829,0,0,0,0.0,0.8457517642341831,0.0,0.0,0.0,1.0
2017-08-16,24.194000244140625,23.333467260730767,21.289168011294812,0.3792670544112136,0.06818100607549155,20040.954661369324,22000.0,146,0.0958027192262117,0.0,0.0,0.0,828,0,0,0,0.0,0.8451506263606049,0.0,0.0,0.0,1.0
2017-08-17,23.461332321166992,23.345644885534217,21.35521142578265,0.3984709888252948,0.08723924192384003,20040.954661369324,22000.0,146,0.09577443392496365,0.0,0.0,0.0,854,0,0,0,0.0,0.845069811214182,0.0,0.0,0.0,1.0
2017-08-18,23.163999557495117,23.328345330482875,21.423017214805544,0.40167103939333226,0.08728247500110854,20040.954661369324,22000.0,146,0.2581431845445698,0.0,0.0,0.0,865,0,0,0,0.0,0.84518461735225,0.035224481346520856,0.0,1.0,1.0
2017-08-21,22.52400016784668,23.251741029279426,21.329563246338886,0.38664132875130997,0.08759933318868468,20040.954661369324,22000.0,146,0.3007646393466982,0.0,0.0,0.0,889,0,0,0,0.0,0.8456929913511456,0.15649169249656378,0.0,1.0,1.0
2017-08-22,22.75666618347168,23.204591043964403,21.288417827904716,0.3871824294231348,0.09483353543296211,20040.954661369324,22000.0,146,0.2798828142603263,0.0,0.0,0.0,880,0,0,0,0.0,0.8460058957991453,0.09651643065892981,0.0,1.0,1.0
2017-08-23,23.51799964904785,23.23443948254378,21.315957001590952,0.40260297543451656,0.09535972697659083,20040.954661369324,22000.0,146,0.09603273374736421,0.0,0.0,0.0,852,0,0,0,0.0,0.8458078107067549,0.0,0.0,0.0,1.0
2017-08-24,23.528667449951172,23.26246119372544,21.387432677693738,0.38797377549455103,0.09548636333102964,20040.954661369324,22000.0,146,0.09596764695457405,0.0,0.0,0.0,851,0,0,0,0.0,0.8456218484416402,0.0,0.0,0.0,1.0
2017-08-25,23.203332901000977,23.25682992775168,21.43229461871446,0.39253863672797845,0.09582683121754886,20040.954661369324,22000.0,146,0.2500062022521073,0.0,0.0,0.0,863,0,0,0,0.0,0.8456592195703752,0.011501358292788751,0.0,1.0,1.0
2017-08-28,23.04400062561035,23.23656047040489,21.59869578891133,0.36972088813420834,0.09589787855103742,20040.954661369324,22000.0,146,0.2605299419057692,0.0,0.0,0.0,869,0,0,0,0.0,0.8457937350600403,0.041434670385014666,0.0,1.0,1.0
2017-08-29,23.157333374023438,23.229015032654274,21.905770553112447,0.36508180305535853,0.0954081353504387,20040.954661369324,22000.0,146,0.2514456010950851,0.0,0.0,0.0,865,0,0,0,0.0,0.8458438093287489,0.01542933665720869,0.0,1.0,1.0
2017-08-30,23.545333862304688,23.259140635478122,22.221942533889752,0.3635510135999581,0.09713688438157644,20040.954661369324,22000.0,146,0.09597535970577575,0.0,0.0,0.0,851,0,0,0,0.0,0.8456438848736452,0.0,0.0,0.0,1.0
2017-08-31,23.726667404174805,23.303666994401613,22.283810487413753,0.28486801769955966,0.09922761843532009,20040.954661369324,22000.0,146,0.09587193711754893,0.0,0.0,0.0,844,0,0,0,0.0,0.8453483917644257,0.0,0.0,0.0,1.0
2017-09-01,23.69333267211914,23.340778011327092,22.32413197262116,0.26661343853460984,0.09925165928198315,20540.954661369324,22500.0,146,0.09699049971649715,0.0,0.0,0.0,866,0,0,0,0.0,0.8485442849042776,0.0,0.0,0.0,1.0
2017-09-05,23.305999755859375,23.337465796520643,22.31424693264309,0.272398642182297,0.10255810287959341,20540.954661369324,22500.0,146,0.249357557287133,0.0,0.0,0.0,881,0,0,0,0.0,0.8485657774981327,0.006741529036533042,0.0,1.0,1.0
2017-09-06,22.968666076660156,23.30234201367679,22.31509269879841,0.253786541030784,0.10303405250528389,20540.954661369324,22500.0,146,0.272136770734759,0.0,0.0,0.0,894,0,0,0,0.0,0.848793691822364,0.07159708170551893,0.0,1.0,1.0
2017-09-07,23.374000549316406,23.309166636118654,22.38390033013938,0.2637682846191252,0.10303152817687626,20540.954661369324,22500.0,146,0.09706229266197053,0.0,0.0,0.0,878,0,0,0,0.0,0.8487494076056301,0.0,0.0,0.0,1.0
2017-09-08,22.893333435058594,23.269563474112935,22.31863566401998,0.26196722594532024,0.08837192276719301,20540.954661369324,22500.0,146,0.27544681769379714,0.0,0.0,0.0,897,0,0,0,0.0,0.8490063881235338,0.08084166243017242,0.0,1.0,1.0
2017-09-11,24.246000289916992,23.362557456570464,22.359293815933935,0.33864560611441036,0.09571652994832928,20540.954661369324,22500.0,146,0.09694103617641103,0.0,0.0,0.0,847,0,0,0,0.0,0.8484029605040316,0.0,0.0,0.0,1.0
2017-09-12,24.183332443237305,23.440726502919684,22.449051953412663,0.333770675806519,0.09008630836700719,20540.954661369324,22500.0,146,0.09676350558670238,0.0,0.0,0.0,849,0,0,0,0.0,0.8478957302477211,0.0,0.0,0.0,1.0
2017-09-13,24.415332794189453,23.533546149707284,22.496190785938833,0.3350538309628959,0.08998728718286211,20540.954661369324,22500.0,146,0.09655270185555365,0.0,0.0,0.0,841,0,0,0,0.0,0.8472934338730105,0.0,0.0,0.0,1.0
2017-09-14,25.176000595092773,23.68997038260114,22.433549191286858,0.35204871199031307,0.09016287978752713,20540.954661369324,22500.0,146,0.09619744504218142,0.0,0.0,0.0,815,0,0,0,0.0,0.8462784144062326,0.0,0.0,0.0,1.0
2017-09-15,25.320667266845703,23.84527484776729,22.347197421298908,0.33049754059538045,0.06748827475662436,20540.954661369324,22500.0,146,0.09584473134573734,0.0,0.0,0.0,811,0,0,0,0.0,0.8452706609878211,0.0,0.0,0.0,1.0
2017-09-18,25.666667938232422,24.01874085638302,22.272052273067704,0.3260428465514953,0.06637565771770304,20540.954661369324,22500.0,146,0.09545077076617009,0.0,0.0,0.0,800,0,0,0,0.0,0.8441450593319146,0.0,0.0,0.0,1.0
2017-09-19,25.00666618347168,24.112828982772417,22.368865617720164,0.323536111049117,0.06638048723051274,20540.954661369324,22500.0,146,0.09523708617690352,0.0,0.0,0.0,821,0,0,0,0.0,0.8435345319340101,0.0,0.0,0.0,1.0
2017-09-20,24.92733383178711,24.19040087315477,22.459263358523053,0.32437631238817305,0.05863093071455356,20540.954661369324,22500.0,146,0.09506091179474624,0.0,0.0,0.0,824,0,0,0,0.0,0.8430311765564179,0.0,0.0,0.0,1.0
2017-09-21,24.43199920654297,24.213410238239362,22.48148194194971,0.31695581424241204,0.05822462131073646,20540.954661369324,22500.0,146,0.09500865497004302,0.0,0.0,0.0,840,0,0,0,0.0,0.8428818713429801,0.0,0.0,0.0,1.0
2017-09-22,23.4060001373291,24.13651403815267,22.396844383945073,0.35356969204081273,0.05701376636625645,20540.954661369324,22500.0,146,0.2981486618801609,0.0,0.0,0.0,877,0,0,0,0.0,0.8433808422413205,0.15132962027342498,0.0,1.0,1.0
2017-09-25,22.999332427978516,24.028211027659893,22.266995357274478,0.3556242157295422,0.058325429770386225,20540.954661369324,22500.0,146,0.32036357859625814,0.0,0.0,0.0,893,0,0,0,0.0,0.8440836084427402,0.21409804468942598,0.0,1.0,1.0
2017-09-26,23.016666412353516,23.93187344524976,22.1675780706411,0.35475860789715613,0.05840107927064039,20540.954661369324,22500.0,146,0.3125718728345828,0.0,0.0,0.0,892,0,0,0,0.0,0.8447087323108238,0.19121090435941276,0.0,1.0,1.0
2017-09-27,22.731332778930664,23.817536238933656,22.00222786614449,0.35700581235283735,0.05935883702076507,20540.954661369324,22500.0,146,0.32571682559900555,0.0,0.0,0.0,903,0,0,0,0.0,0.8454506537384749,0.22802599083011246,0.0,1.0,1.0
2017-09-28,22.639999389648438,23.70538987233506,21.804288244424512,0.3511091633835663,0.05800098532432954,20540.954661369324,22500.0,146,0.32481261259746214,0.0,0.0,0.0,907,0,0,0,0.0,0.8461783590506258,0.224714819799266,0.0,1.0,1.0
2017-09-29,22.739999771118164,23.613447957933452,21.642766453110752,0.35013138434626784,0.05626941775218588,20540.954661369324,22500.0,146,0.3111027537761079,0.0,0.0,0.0,903,0,0,0,0.0,0.8467749599174096,0.1849471937286131,0.0,1.0,1.0
2017-10-02,22.768667221069336,23.53299264966068,21.503618422579127,0.350308439312114,0.05711839699032849,21040.954661369324,23000.0,146,0.3045538830779128,0.0,0.0,0.0,924,0,0,0,0.0,0.8506166553543278,0.16239443915399465,0.0,1.0,1.0
2017-10-03,23.209333419799805,23.5021679611025,21.467277575345094,0.3534975140247699,0.04725868494135021,21040.954661369324,23000.0,146,0.269589129760421,0.0,0.0,0.0,906,0,0,0,0.0,0.8508123251164798,0.062299474199008956,0.0,1.0,1.0
2017-10-04,23.667333602905273,23.517898022226575,21.519883214298144,0.355734940547966,0.04689156893460889,21040.954661369324,23000.0,146,0.09774936569844439,0.0,0.0,0.0,889,0,0,0,0.0,0.8507124734241269,0.0,0.0,0.0,1.0
2017-10-05,23.68866729736328,23.534161762715783,21.546702867428348,0.35073185076601204,0.04873405907587605,21040.954661369324,23000.0,146,0.09771323190979231,0.0,0.0,0.0,888,0,0,0,0.0,0.8506092340279781,0.0,0.0,0.0,1.0
2017-10-06,23.79199981689453,23.558717767875663,21.62300698542549,0.34154077954866413,0.04839031238488688,21040.954661369324,23000.0,146,0.09765867487224145,0.0,0.0,0.0,884,0,0,0,0.0,0.8504533567778327,0.0,0.0,0.0,1.0
2017-10-09,22.862667083740234,23.49242722652943,21.510221597542476,0.29963264416253493,0.036206388744306706,21040.954661369324,23000.0,146,0.2947181043091451,0.0,0.0,0.0,920,0,0,0,0.0,0.8508741576055089,0.13403471184919152,0.0,1.0,1.0
2017-10-10,23.70599937438965,23.512767431087546,21.53686323391319,0.33105357594811047,0.03553590230140326,21040.954661369324,23000.0,146,0.09776076453354027,0.0,0.0,0.0,887,0,0,0,0.0,0.8507450415244008,0.0,0.0,0.0,1.0
2017-10-11,23.639999389648438,23.5248847604743,21.568775103628106,0.32881314943371587,0.03560538045972877,21040.954661369324,23000.0,146,0.09773384298868532,0.0,0.0,0.0,890,0,0,0,0.0,0.8506681228248153,0.0,0.0,0.0,1.0
2017-10-12,23.711999893188477,23.542705249304223,21.701984297347188,0.30625750698813553,0.036148621740248646,21040.954661369324,23000.0,146,0.0976942505113284,0.0,0.0,0.0,887,0,0,0,0.0,0.8505550014609384,0.0,0.0,0.0,1.0
2017-10-13,23.704666137695312,23.55813009581766,21.88315530417896,0.3047635506118936,0.036046155929727555,21040.954661369324,23000.0,146,0.09765998052624852,0.0,0.0,0.0,887,0,0,0,0.0,0.8504570872178531,0.0,0.0,0.0,1.0
2017-10-16,23.373332977294922,23.540530370244067,22.170445114751576,0.3003400362567418,0.03610526588725332,21040.954661369324,23000.0,146,0.2601285152125706,0.0,0.0,0.0,900,0,0,0,0.0,0.8505688072149724,0.035512664820943785,0.0,1.0,1.0
2017-10-17,23.71666717529297,23.557305304058247,22.377369804811856,0.296705336177464,0.03613146910986473,21040.954661369324,23000.0,146,0.0976618129983749,0.0,0.0,0.0,887,0,0,0,0.0,0.8504623228524998,0.0,0.0,0.0,1.0
2017-10-18,23.976667404174805,23.597244551688394,22.60915080393254,0.3004847764586464,0.03611728064421436,21040.954661369324,23000.0,146,0.09757307840907492,0.0,0.0,0.0,877,0,0,0,0.0,0.8502087954544998,0.0,0.0,0.0,1.0
2017-10-19,23.45400047302246,23.583602258482117,22.724417410778834,0.30209856733700696,0.0328848155310221,21040.954661369324,23000.0,146,0.2572203719821395,0.0,0.0,0.0,897,0,0,0,0.0,0.8502953943592004,0.027477097018340956,0.0,1.0,1.0
2017-10-20,23.00666618347168,23.52865596562398,22.65742715055655,0.2710824456812238,0.03557406734901528,21040.954661369324,23000.0,146,0.286549701493431,0.0,0.0,0.0,914,0,0,0,0.0,0.8506441838703869,0.11092639182513046,0.0,1.0,1.0
2017-10-23,22.468000411987305,23.427641150991914,22.485670433512343,0.27679035630127863,0.038395418089456027,21040.954661369324,23000.0,146,0.46963322127812307,0.03569676596022374,1.0,0.32498773617215665,936,2,2,2,44.93600082397461,0.8512854083458774,0.2048095095916172,1.0,1.0,1.0
2017-10-24,22.48933219909668,23.33827839366856,22.33605896519332,0.2768078957990516,0.038102151839422026,20996.01866054535,23000.0,148,0.31109561181728035,0.0,0.0,0.0,933,0,0,0,0.0,0.849823252075524,0.18187849597384842,0.0,1.0,1.0
2017-10-25,21.722667694091797,23.184410707994584,21.98625421541706,0.29850068290574766,0.04242767191006388,20996.01866054535,23000.0,148,0.5081196025026553,0.10567200455028235,1.0,0.3739704031851977,966,2,2,2,43.445335388183594,0.8508133571833392,0.3152426499671048,1.0,1.0,1.0
2017-10-26,21.744667053222656,23.04729226468297,21.700668071789476,0.29860566583550985,0.04243270438697079,20952.573325157166,23000.0,150,0.3463014620034843,0.0,0.0,0.0,963,0,0,0,0.0,0.8496915721868502,0.2825983192516762,0.0,1.0,1.0
2017-10-27,21.391332626342773,22.889581822936282,21.333115442183203,0.30184935496245047,0.04852557636330339,20952.573325157166,23000.0,150,0.36229917976218434,0.0,0.0,0.0,979,0,0,0,0.0,0.8507201185460677,0.3272775379173164,0.0,1.0,1.0
2017-10-30,21.338666915893555,22.741875641313165,21.000061928471634,0.3014610622893825,0.04985491145893079,20952.573325157166,23000.0,150,0.35606689004827335,0.0,0.0,0.0,981,0,0,0,0.0,0.8516834197305663,0.3085076946930718,0.0,1.0,1.0
2017-10-31,22.101999282836914,22.680935035744,20.892906275719056,0.32255149464822813,0.0496216890143506,20952.573325157166,23000.0,150,0.29289742746175645,0.0,0.0,0.0,947,0,0,0,0.0,0.8520808584625391,0.12762607714247942,0.0,1.0,1.0
2017-11-01,21.405332565307617,22.55944908617863,20.67166905585649,0.3275021865033565,0.04967794351179272,21452.573325157166,23500.0,150,0.3391292996379173,0.0,0.0,0.0,1002,0,0,0,0.0,0.8560035164712002,0.2557944824942778,0.0,1.0,1.0
2017-11-02,19.950666427612305,22.3109935948866,20.061213546346714,0.3956941465702344,0.04630521932245426,21452.573325157166,23500.0,150,0.5852924895760263,0.24598634468368416,1.0,0.47219044127857895,1075,2,2,2,39.90133285522461,0.8575894025858303,0.528960567631388,1.0,1.0,1.0
2017-11-03,20.4060001373291,22.12956564654779,19.728293695649597,0.4087107952767228,0.04673560517672616,21412.67199230194,23500.0,152,0.3862015192708758,0.0,0.0,0.0,1049,0,0,0,0.0,0.8568640860308399,0.38942596902880544,0.0,1.0,1.0
2017-11-06,20.185333251953125,21.944400656586392,19.33661360438536,0.39156202502678367,0.045767602771258756,21412.67199230194,23500.0,152,0.3906019508959582,0.0,0.0,0.0,1060,0,0,0,0.0,0.8580617489446327,0.4008009679009622,0.0,1.0,1.0
2017-11-07,20.40333366394043,21.797632371572494,19.127281533735303,0.3636986567062685,0.04560602020101345,21412.67199230194,23500.0,152,0.3625936765195849,0.0,0.0,0.0,1049,0,0,0,0.0,0.8590110587030204,0.31982801706722214,0.0,1.0,1.0
2017-11-08,20.292667388916016,21.654302373224258,18.942173375194624,0.3633922293921835,0.04551694443565134,21412.67199230194,23500.0,152,0.36101935150408765,0.0,0.0,0.0,1055,0,0,0,0.0,0.8599381293306346,0.31440287496675867,0.0,1.0,1.0
2017-11-09,20.19933319091797,21.515733879671277,18.803954795333322,0.36149935676136025,0.04754963382145723,21412.67199230194,23500.0,152,0.3583625789050275,0.0,0.0,0.0,1060,0,0,0,0.0,0.8608344021399985,0.3059158233029374,0.0,1.0,1.0
2017-11-10,20.19933319091797,21.390362385504293,18.726096619404437,0.36158526510967104,0.047858635433214704,21412.67199230194,23500.0,152,0.34901699087275423,0.0,0.0,0.0,1060,0,0,0,0.0,0.861645315634185,0.2784032297165415,0.0,1.0,1.0
2017-11-13,21.02666664123535,21.35572469557392,18.798829258388587,0.39956140210509655,0.047685130034551035,21412.67199230194,23500.0,152,0.2786190157655066,0.0,0.0,0.0,1018,0,0,0,0.0,0.8618693551605432,0.0770421184551902,0.0,1.0,1.0
2017-11-14,20.579999923706055,21.281846145872215,18.899498196160085,0.3964563591510739,0.04873310693862947,21412.67199230194,23500.0,152,0.30953413286603876,0.0,0.0,0.0,1040,0,0,0,0.0,0.8623472079075499,0.16489317170970372,0.0,1.0,1.0
2017-11-15,20.753332138061523,21.231511478461673,19.162749521146935,0.3950494979136861,0.053013260742996636,21412.67199230194,23500.0,152,0.2913492388508065,0.0,0.0,0.0,1031,0,0,0,0.0,0.8626727768201627,0.11261076275357014,0.0,1.0,1.0
2017-11-16,20.833332061767578,21.193589629252713,19.396937309358425,0.39270148211026235,0.060366349653460404,21412.67199230194,23500.0,152,0.2817685579479276,0.0,0.0,0.0,1027,0,0,0,0.0,0.8629180585682378,0.08499210699726986,0.0,1.0,1.0
2017-11-17,21.003332138061523,21.175469868186884,19.612341552415636,0.3922187072426997,0.058684683755445895,21412.67199230194,23500.0,152,0.26628828357149387,0.0,0.0,0.0,1019,0,0,0,0.0,0.8630352587249189,0.04064555147934939,0.0,1.0,1.0
2017-11-20,20.582666397094727,21.119012394749536,19.7017643514556,0.39020416129789576,0.056808228264429904,21412.67199230194,23500.0,152,0.29663377702055554,0.0,0.0,0.0,1040,0,0,0,0.0,0.863400430468003,0.12698178959072726,0.0,1.0,1.0
2017-11-21,21.187332153320312,21.125519038422944,19.903608874132434,0.40772046262937794,0.06082374319824584,21412.67199230194,23500.0,152,0.10217542073003821,0.0,0.0,0.0,1010,0,0,0,0.0,0.8633583449429665,0.0,0.0,0.0,1.0
2017-11-22,20.84000015258789,21.098326763581507,19.94494840015254,0.3942434748005043,0.05785894244604427,21412.67199230194,23500.0,152,0.27366387142578236,0.0,0.0,0.0,1027,0,0,0,0.0,0.863534226890877,0.06121969146850134,0.0,1.0,1.0
2017-11-24,21.036666870117188,21.09245439277538,20.01762239439489,0.396163090119649,0.0580139820732094,21412.67199230194,23500.0,152,0.2568788559297673,0.0,0.0,0.0,1017,0,0,0,0.0,0.8635722098850274,0.013224521342879183,0.0,1.0,1.0
2017-11-27,21.12066650390625,21.095141260502132,20.045896730827813,0.3925686813252794,0.05137924993356879,21412.67199230194,23500.0,152,0.10224419084856534,0.0,0.0,0.0,1013,0,0,0,0.0,0.8635548309959011,0.0,0.0,0.0,1.0
2017-11-28,21.170000076293945,21.102270671529922,20.0696119175389,0.39259448069053277,0.059503993462969,21412.67199230194,23500.0,152,0.10222805107551525,0.0,0.0,0.0,1011,0,0,0,0.0,0.863508717358615,0.0,0.0,0.0,1.0
2017-11-29,20.502666473388672,21.04516550980218,20.22244044301978,0.38360342678357384,0.05971716185339997,21412.67199230194,23500.0,152,0.2974685580129291,0.0,0.0,0.0,1044,0,0,0,0.0,0.8638780784046838,0.1288892302036852,0.0,1.0,1.0
2017-11-30,20.59000015258789,21.001816428162726,20.2520331116327,0.36967063396435146,0.06497102690983537,21412.67199230194,23500.0,152,0.2867705172136165,0.0,0.0,0.0,1039,0,0,0,0.0,0.8641584639540113,0.09804301379917883,0.0,1.0,1.0
2017-12-01,20.435333251953125,20.947865649476096,20.263879712842847,0.2764399872297363,0.06594736037104,21912.67199230194,24000.0,152,0.2963828954009989,0.0,0.0,0.0,1072,0,0,0,0.0,0.8673301842199848,0.12233523121144077,0.0,1.0,1.0
2017-12-04,20.34666633605957,20.890608572007856,20.20135439660178,0.2650272026800096,0.06601167150478013,21912.67199230194,24000.0,152,0.2992583619190233,0.0,0.0,0.0,1076,0,0,0,0.0,0.8676928123772836,0.1301882216770687,0.0,1.0,1.0
2017-12-05,20.246667861938477,20.829280885334583,20.14850860015517,0.26265546906330445,0.06809754125769978,21912.67199230194,24000.0,152,0.30277744277641155,0.0,0.0,0.0,1082,0,0,0,0.0,0.8680812210595477,0.13985432973019993,0.0,1.0,1.0
2017-12-06,20.884000778198242,20.83449230370255,20.159069839351037,0.2830997497389345,0.06808441150384378,21912.67199230194,24000.0,152,0.1038168753934593,0.0,0.0,0.0,1049,0,0,0,0.0,0.8680482154098839,0.0,0.0,0.0,1.0
2017-12-07,20.749332427978516,20.82638183934788,20.177374770602007,0.28344633736989944,0.06848971769305025,21912.67199230194,24000.0,152,0.2603091644388528,0.0,0.0,0.0,1056,0,0,0,0.0,0.86809958168413,0.018498030998306717,0.0,1.0,1.0
2017-12-08,21.0086669921875,20.84374233009451,20.22997898699656,0.28524734150442693,0.06816050973020403,21912.67199230194,24000.0,152,0.10379637116829049,0.0,0.0,0.0,1043,0,0,0,0.0,0.8679896319094015,0.0,0.0,0.0,1.0
2017-12-11,21.92733383178711,20.9469415207319,20.192135269880787,0.3209383072557901,0.06797100125644887,21912.67199230194,24000.0,152,0.1035676129623776,0.0,0.0,0.0,999,0,0,0,0.0,0.8673360370353647,0.0,0.0,0.0,1.0
2017-12-12,22.735332489013672,21.117264470092067,19.98278299686247,0.31498981357110023,0.0679445528003744,21912.67199230194,24000.0,152,0.10319006375796252,0.0,0.0,0.0,963,0,0,0,0.0,0.8662573250227502,0.0,0.0,0.0,1.0
2017-12-13,22.601999282836914,21.258667785591577,19.91345268949657,0.30308485612345953,0.06687586838603511,21912.67199230194,24000.0,152,0.10287661974193862,0.0,0.0,0.0,969,0,0,0,0.0,0.8653617706912533,0.0,0.0,0.0,1.0
2017-12-14,22.525999069213867,21.37936600307941,19.884963333521295,0.30413715555911774,0.06498923835384836,21912.67199230194,24000.0,152,0.10260907202650726,0.0,0.0,0.0,972,0,0,0,0.0,0.8645973486471638,0.0,0.0,0.0,1.0
2017-12-15,22.89666748046875,21.523870905687918,19.839000458019225,0.30717748511452586,0.06607314332636016,21912.67199230194,24000.0,152,0.10228875282572508,0.0,0.0,0.0,957,0,0,0,0.0,0.8636821509306432,0.0,0.0,0.0,1.0
2017-12-18,22.591333389282227,21.625533999363565,19.837083060869144,0.3135702527145294,0.06517717780946218,21912.67199230194,24000.0,152,0.10206339963474409,0.0,0.0,0.0,969,0,0,0,0.0,0.8630382846706974,0.0,0.0,0.0,1.0
2017-12-19,22.073333740234375,21.668181593732214,19.88117594520376,0.3166518540719197,0.06786143711319437,21912.67199230194,24000.0,152,0.10196886413389356,0.0,0.0,0.0,992,0,0,0,0.0,0.862768183239696,0.0,0.0,0.0,1.0
2017-12-20,21.93199920654297,21.69330708066657,19.891662502183603,0.30334537794302097,0.06619466098465122,21912.67199230194,24000.0,152,0.10191316930452238,0.0,0.0,0.0,999,0,0,0,0.0,0.8626090551557783,0.0,0.0,0.0,1.0
2017-12-21,22.110666275024414,21.733055575367317,19.926542486467074,0.29613805521078385,0.06565523203532983,21912.67199230194,24000.0,152,0.10182506014126907,0.0,0.0,0.0,991,0,0,0,0.0,0.8623573146893403,0.0,0.0,0.0,1.0
2017-12-22,21.68000030517578,21.728002692491934,19.931414450781013,0.30560225219082354,0.06606247860204821,21912.67199230194,24000.0,152,0.2557024318780607,0.0,0.0,0.0,1010,0,0,0,0.0,0.8623893162808844,0.01104620337071753,0.0,1.0,1.0
2017-12-26,21.152666091918945,21.6732087305326,19.87801055986716,0.31899794831555256,0.06636562458992296,21912.67199230194,24000.0,152,0.2939888582098242,0.0,0.0,0.0,1035,0,0,0,0.0,0.8627363447066269,0.12008896446429952,0.0,1.0,1.0
2017-12-27,20.775999069213867,21.58776019135939,19.76845760447135,0.3252168344220631,0.05859911285749395,21912.67199230194,24000.0,152,0.31795210398436385,0.0,0.0,0.0,1054,0,0,0,0.0,0.8632775187880573,0.1880142068815537,0.0,1.0,1.0
2017-12-28,21.02400016784668,21.534068760548656,19.75984864490723,0.3067222678142025,0.05841105719220461,21912.67199230194,24000.0,152,0.29371767479350347,0.0,0.0,0.0,1042,0,0,0,0.0,0.8636175645165252,0.11843293489348479,0.0,1.0,1.0
2017-12-29,20.75666618347168,21.46003041987466,19.70260542262334,0.3105414693622451,0.05632620719532681,21912.67199230194,24000.0,152,0.3097874732141748,0.0,0.0,0.0,1055,0,0,0,0.0,0.8640864740074605,0.1638777351758963,0.0,1.0,1.0
2018-01-02,21.368667602539062,21.45132919917603,19.76745401072164,0.32517377649175955,0.06185707836119293,22412.67199230194,24500.0,152,0.26016350610851297,0.0,0.0,0.0,1048,0,0,0,0.0,0.8669142025193977,0.01926724350492518,0.0,1.0,1.0
2018-01-03,21.149999618530273,21.422631143876433,19.825471078616236,0.32746679144926494,0.06417090334453121,22412.67199230194,24500.0,152,0.2757533684020284,0.0,0.0,0.0,1059,0,0,0,0.0,0.8670922475971747,0.06363166212290652,0.0,1.0,1.0
2018-01-04,20.974666595458984,21.379967853550966,19.8835878532981,0.32864799081393964,0.061826072347322944,22412.67199230194,24500.0,152,0.2867497757826159,0.0,0.0,0.0,1068,0,0,0,0.0,0.8673569341330716,0.09478528238868829,0.0,1.0,1.0
2018-01-05,21.10533332824707,21.353812184474407,19.87802726956545,0.31028715619017994,0.06409749392835619,22412.67199230194,24500.0,152,0.2739952054412467,0.0,0.0,0.0,1061,0,0,0,0.0,0.8675192060391792,0.0581813809358117,0.0,1.0,1.0
2018-01-08,22.42733383178711,21.45605234136133,20.006996142096803,0.3785558324030659,0.06404515215248144,22412.67199230194,24500.0,152,0.10340971491590112,0.0,0.0,0.0,999,0,0,0,0.0,0.8668848997597175,0.0,0.0,0.0,1.0
2018-01-09,22.246000289916992,21.531285479319013,20.108448610350422,0.3795929855253898,0.06277630995080376,22412.67199230194,24500.0,152,0.10324635153062156,0.0,0.0,0.0,1007,0,0,0,0.0,0.8664181472303474,0.0,0.0,0.0,1.0
2018-01-10,22.31999969482422,21.606401118890936,20.16560563692118,0.3480672009732095,0.0634144052650915,22412.67199230194,24500.0,152,0.10308324328469393,0.0,0.0,0.0,1004,0,0,0,0.0,0.8659521236705542,0.0,0.0,0.0,1.0
2018-01-11,22.530000686645508,21.69436298248661,20.278241981708977,0.32345885146304115,0.06623503672841663,22412.67199230194,24500.0,152,0.10289224038088618,0.0,0.0,0.0,994,0,0,0,0.0,0.8654064010882463,0.0,0.0,0.0,1.0
2018-01-12,22.4146671295166,21.76296337744185,20.366497136139444,0.3232983194092725,0.06772655205973858,22412.67199230194,24500.0,152,0.10274327952326912,0.0,0.0,0.0,999,0,0,0,0.0,0.8649807986379118,0.0,0.0,0.0,1.0
2018-01-16,22.67066764831543,21.849411403239333,20.4357791842907,0.3256444946672635,0.0670720572227614,22412.67199230194,24500.0,152,0.10255556381010883,0.0,0.0,0.0,988,0,0,0,0.0,0.8644444680288825,0.0,0.0,0.0,1.0
2018-01-17,23.143999099731445,21.972705469571913,20.5153955146004,0.3288785402918112,0.06766900945857623,22412.67199230194,24500.0,152,0.10228783955178666,0.0,0.0,0.0,968,0,0,0,0.0,0.8636795415765335,0.0,0.0,0.0,1.0
2018-01-18,22.971332550048828,22.067812810569713,20.559283311940103,0.32619456357873705,0.06804776624092737,22412.67199230194,24500.0,152,0.10208132075419146,0.0,0.0,0.0,975,0,0,0,0.0,0.8630894878691185,0.0,0.0,0.0,1.0
2018-01-19,23.334667205810547,22.18846561011646,20.540123755992504,0.31732065348648036,0.06564635162671245,22412.67199230194,24500.0,152,0.10181933181803282,0.0,0.0,0.0,960,0,0,0,0.0,0.8623409480515224,0.0,0.0,0.0,1.0
2018-01-22,23.437332153320312,22.30740528089778,20.52199576384748,0.31540024604733247,0.06748923071746764,22412.67199230194,24500.0,152,0.10156106281862193,0.0,0.0,0.0,956,0,0,0,0.0,0.8616030366246342,0.0,0.0,0.0,1.0
2018-01-23,23.519332885742188,22.422826957549628,20.509135547678554,0.31492495814898663,0.06746227882219667,22412.67199230194,24500.0,152,0.10131043289217789,0.0,0.0,0.0,952,0,0,0,0.0,0.8608869511205084,0.0,0.0,0.0,1.0
2018-01-24,23.05933380126953,22.48344665695152,20.526984347545678,0.3150023092807312,0.0675286556026657,22412.67199230194,24500.0,152,0.10117880154490522,0.0,0.0,0.0,971,0,0,0,0.0,0.8605108615568722,0.0,0.0,0.0,1.0
2018-01-25,22.50933265686035,22.485911990276172,20.57704309601023,0.3144579001989435,0.06651768237750212,22412.67199230194,24500.0,152,0.101173448249686,0.0,0.0,0.0,995,0,0,0,0.0,0.8604955664276743,0.0,0.0,0.0,1.0
2018-01-26,22.856666564941406,22.5212219497681,20.711937884852286,0.30691626960342083,0.07313064371163136,22412.67199230194,24500.0,152,0.10109677519478927,0.0,0.0,0.0,980,0,0,0,0.0,0.8602765005565408,0.0,0.0,0.0,1.0
2018-01-29,23.302000045776367,22.595581768435554,20.83600434631268,0.3103423415614122,0.08147366866295892,22412.67199230194,24500.0,152,0.10093530815996848,0.0,0.0,0.0,961,0,0,0,0.0,0.8598151661713386,0.0,0.0,0.0,1.0
2018-01-30,23.05466651916504,22.639304125647886,21.040092676370076,0.30880708334364987,0.09106220769913478,22412.67199230194,24500.0,152,0.10084036818430742,0.0,0.0,0.0,972,0,0,0,0.0,0.8595439090980213,0.0,0.0,0.0,1.0
2018-01-31,23.62066650390625,22.73276720929154,21.15788253090033,0.3041734590923864,0.08891559252573471,22412.67199230194,24500.0,152,0.10063741977410978,0.0,0.0,0.0,948,0,0,0,0.0,0.8589640564974566,0.0,0.0,0.0,1.0
2018-02-01,23.28333282470703,22.7852020298073,21.350306787683817,0.3072206742645071,0.08816130474309641,22912.67199230194,25000.0,152,0.10151309008057002,0.0,0.0,0.0,984,0,0,0,0.0,0.8614659716587716,0.0,0.0,0.0,1.0
2018-02-02,22.916667938232422,22.797722592514457,21.627049633929367,0.31259047757106323,0.12012164669075877,22912.67199230194,25000.0,152,0.1014864463231292,0.0,0.0,0.0,999,0,0,0,0.0,0.8613898466375121,0.0,0.0,0.0,1.0
2018-02-05,22.208667755126953,22.741622131810885,21.84169692103096,0.3368847112808582,0.1882488464263673,22912.67199230194,25000.0,152,0.39435555720146903,0.0,0.0,0.0,1031,0,0,0,0.0,0.8617309374385899,0.11717598102609351,0.0,1.0,0.4913093213058508
2018-02-06,22.264667510986328,22.696197882208548,21.775905926725116,0.25208103432973344,0.19993148426643564,22912.67199230194,25000.0,152,0.4748363059679135,0.04515691994166086,1.0,0.33160984395916265,1029,2,2,2,44.529335021972656,0.862007116876172,0.0950666656727765,0.0,1.0,0.05069758962109194
2018-02-07,23.0,22.725131417236305,21.854300600784946,0.27620633859127497,0.2002669569481137,22868.14265727997,25000.0,154,0.27113948830410023,0.0,0.0,0.0,994,0,0,0,0.0,0.8600131904698244,0.0,0.0,0.0,0.1493256418016915
2018-02-08,21.01533317565918,22.562293489467056,21.366939224521946,0.41699033130941277,0.23819054249366944,22868.14265727997,25000.0,154,0.6295661948813508,0.32648399069336503,1.0,0.5285387934853556,1088,3,3,3,63.04599952697754,0.861016272104883,0.34281982780918446,1.0,1.0,0.4588822004428639
2018-02-09,20.69466781616211,22.38442437772373,20.85007543328292,0.4167072173230702,0.24419292162433243,22805.09665775299,25000.0,157,0.648491919721116,0.36089439949293806,1.0,0.5526260796450566,1101,3,3,3,62.08400344848633,0.8594258149078949,0.3774402533315111,1.0,1.0,0.42205602081338034
2018-02-12,21.048667907714844,22.257209475818122,20.545987270033702,0.42326275309480704,0.2491179765087529,22743.012654304504,25000.0,160,0.4619926584397005,0.021804833526728157,1.0,0.31526338346870975,1080,2,2,2,42.09733581542969,0.857553859354764,0.27149440486156345,0.0,1.0,0.41587117018007036
2018-02-13,21.577333450317383,22.192459378151387,20.409530588400468,0.43206213858434334,0.24966071110829913,22700.915318489075,25000.0,162,0.40974076056431163,0.0,0.0,0.0,1052,0,0,0,0.0,0.856192863229579,0.1385889498213072,0.0,1.0,0.44216437001749265
2018-02-14,21.487333297729492,22.125304513349302,20.287688342524408,0.4234513705424411,0.25245692174444395,22700.915318489075,25000.0,162,0.4207265660455303,0.0,0.0,0.0,1056,0,0,0,0.0,0.8566280267534965,0.1441723017269413,0.0,1.0,0.39776774461311426
2018-02-15,22.271333694458008,22.139212054407274,20.308081733844965,0.44594234492547313,0.2571937186390087,22700.915318489075,25000.0,162,0.21080872064110318,0.0,0.0,0.0,1019,0,0,0,0.0,0.8565379058874408,0.0,0.0,0.0,0.4448977320975056
2018-02-16,22.365999221801758,22.16081083225437,20.369248415481632,0.44197401519700613,0.2564559304044062,22700.915318489075,25000.0,162,0.21250733537219535,0.0,0.0,0.0,1014,0,0,0,0.0,0.8563979458069917,0.0,0.0,0.0,0.4361597283012586
2018-02-20,22.31800079345703,22.17578130474986,20.441833573963468,0.44137837493660126,0.2544756894843103,22700.915318489075,25000.0,162,0.21062835314909373,0.0,0.0,0.0,1017,0,0,0,0.0,0.8563009371452209,0.0,0.0,0.0,0.4453848742586679
2018-02-21,22.219999313354492,22.17999254366459,20.524068163473263,0.440947106310681,0.25427244186900944,22700.915318489075,25000.0,162,0.21067041559016492,0.0,0.0,0.0,1021,0,0,0,0.0,0.8562736483170534,0.0,0.0,0.0,0.4451268066040186
2018-02-22,23.077999114990234,22.265516979028938,20.607898023953965,0.45901082590059644,0.254474694278233,22700.915318489075,25000.0,162,0.19887543466597246,0.0,0.0,0.0,983,0,0,0,0.0,0.8557194499758924,0.0,0.0,0.0,0.5031318641279494
2018-02-23,23.469999313354492,22.38022958229804,20.649669654184404,0.45319100557526165,0.2625583691539133,22700.915318489075,25000.0,162,0.21156528564190308,0.0,0.0,0.0,967,0,0,0,0.0,0.8549761123067087,0.0,0.0,0.0,0.43838176832722486
2018-02-26,23.827999114990234,22.51811239493539,20.682574543544767,0.4531243383472972,0.2625017452660234,22700.915318489075,25000.0,162,0.21123284127232567,0.0,0.0,0.0,952,0,0,0,0.0,0.8540826316808187,0.0,0.0,0.0,0.4384803990798041
2018-02-27,23.39933204650879,22.60203807603762,20.756514147837034,0.45399696977139214,0.2649216397956715,22700.915318489075,25000.0,162,0.2131214355825014,0.0,0.0,0.0,970,0,0,0,0.0,0.8535387932672762,0.0,0.0,0.0,0.42808571030522624
2018-02-28,22.87066650390625,22.62762173583463,20.792857664267903,0.45987683165726695,0.26501211580669365,22700.915318489075,25000.0,162,0.20946306519988578,0.0,0.0,0.0,992,0,0,0,0.0,0.8533730111517915,0.0,0.0,0.0,0.44608744351620633
2018-03-01,22.062000274658203,22.5737530252464,20.8182049372792,0.4665897814873,0.2679317556635333,23200.915318489075,25500.0,162,0.39923786090461655,0.0,0.0,0.0,1051,0,0,0,0.0,0.8565902748984346,0.1133512779234926,0.0,1.0,0.4512084129152898
2018-03-02,22.341333389282227,22.551617821821242,20.849628208744743,0.4677405841959703,0.2692268843910038,23200.915318489075,25500.0,162,0.37661596164318134,0.0,0.0,0.0,1038,0,0,0,0.0,0.8567308985437239,0.04662291508317906,0.0,1.0,0.44778936563117333
2018-03-05,22.22333335876465,22.52035263486347,20.841281337169892,0.4650214356372609,0.26334349334697016,23200.915318489075,25500.0,162,0.3786999456468041,0.0,0.0,0.0,1043,0,0,0,0.0,0.8569295244373379,0.06594463259847247,0.0,1.0,0.4715300465786476
2018-03-06,21.8799991607666,22.459366589711387,20.770651850178854,0.4550285083783075,0.2159243325722481,23200.915318489075,25500.0,162,0.34397909220758227,0.0,0.0,0.0,1060,0,0,0,0.0,0.8573169651947747,0.12898124856517382,0.0,1.0,0.7561264130419982
2018-03-07,22.15333366394043,22.430220596780817,20.740686936802646,0.45723285747883274,0.20765783551233002,23200.915318489075,25500.0,162,0.30475222589390105,0.0,0.0,0.0,1047,0,0,0,0.0,0.8575021279733924,0.06172184790731084,0.0,1.0,0.834880828321725
2018-03-08,21.940000534057617,22.38353297175956,20.724826874762474,0.44135177093394,0.2069481163243742,23200.915318489075,25500.0,162,0.32946123576496716,0.0,0.0,0.0,1057,0,0,0,0.0,0.8577987317088216,0.09907561024024471,0.0,1.0,0.77722391958603
2018-03-09,21.81133270263672,22.329037708033578,20.755227461397272,0.31052330897060104,0.1564804146077868,23200.915318489075,25500.0,162,0.3601878287935194,0.0,0.0,0.0,1063,0,0,0,0.0,0.858144936913669,0.11592640313617243,0.0,1.0,0.6536857011196251
2018-03-12,23.034000396728516,22.39617701171881,20.968802864372247,0.3574619709745882,0.1518062855101176,23200.915318489075,25500.0,162,0.10774736799860885,0.0,0.0,0.0,1007,0,0,0,0.0,0.8577184048667276,0.0,0.0,0.0,0.9622703685237288
2018-03-13,22.78933334350586,22.433620471889004,21.139134717516118,0.3591782846667958,0.14965114157614973,23200.915318489075,25500.0,162,0.10011818506838793,0.0,0.0,0.0,1018,0,0,0,0.0,0.8574805287668228,0.0,0.0,0.0,1.0
2018-03-14,21.775333404541016,22.37092646547491,21.101959020526586,0.3892053690678221,0.15214863484193603,23200.915318489075,25500.0,162,0.2968487668082696,0.0,0.0,0.0,1065,0,0,0,0.0,0.8578788201016888,0.13311765649336724,0.0,1.0,1.0
2018-03-15,21.706666946411133,22.307663654135503,21.070923930847258,0.38905177650504436,0.14580811844630706,23200.915318489075,25500.0,162,0.2975454698362064,0.0,0.0,0.0,1068,0,0,0,0.0,0.8582807250207862,0.13470633165408927,0.0,1.0,1.0
2018-03-16,21.42333221435547,22.22344161225169,20.90179699380029,0.3679355044078637,0.13982945469853333,23200.915318489075,25500.0,162,0.31359068177509325,0.0,0.0,0.0,1082,0,0,0,0.0,0.8588157826986363,0.1800147366587731,0.0,1.0,1.0
2018-03-19,20.90399932861328,22.097780442381364,20.609022332682592,0.375657621670217,0.14915250719169382,23200.915318489075,25500.0,162,0.34540460879675133,0.0,0.0,0.0,1109,0,0,0,0.0,0.859614100718989,0.27011335298601485,0.0,1.0,1.0
2018-03-20,20.703332901000977,21.96497591463085,20.301444607805852,0.37633493609598295,0.14781127532811564,23200.915318489075,25500.0,162,0.3516782220517582,0.0,0.0,0.0,1120,0,0,0,0.0,0.860457800071757,0.2871942629332665,0.0,1.0,1.0
2018-03-21,21.101999282836914,21.882787663983805,20.137542857922238,0.38484297744190565,0.14655554075203714,23200.915318489075,25500.0,162,0.31378381910197367,0.0,0.0,0.0,1099,0,0,0,0.0,0.8609799371935146,0.17840240309783892,0.0,1.0,1.0
2018-03-22,20.606666564941406,21.761252321217864,19.922901009472255,0.35957066946887717,0.17197266696719726,23200.915318489075,25500.0,162,0.3959863155586308,0.0,0.0,0.0,1125,0,0,0,0.0,0.8617520440769688,0.2652847683657209,0.0,1.0,0.742382843981553
2018-03-23,20.1026668548584,21.6032918006122,19.67803754546676,0.3554116277455777,0.1733193044839951,23200.915318489075,25500.0,162,0.43175471863501325,0.0,0.0,0.0,1154,0,0,0,0.0,0.8627555579725813,0.34731395557765815,0.0,1.0,0.7088480555378529
2018-03-26,20.278667449951172,21.477137100549246,19.634879289370204,0.350615507767914,0.19754429876245116,23200.915318489075,25500.0,162,0.4540869375012924,0.0074307954568952886,1.0,0.30520155681982675,1144,2,2,2,40.557334899902344,0.8635570113612165,0.2790105694691089,0.0,1.0,0.4790585789466071
2018-03-27,18.61199951171875,21.20426685399396,19.04467154235297,0.43841827810122536,0.20141101206459336,23160.357983589172,25500.0,164,0.6534218179903003,0.36985785089145506,1.0,0.5589004956240186,1244,3,3,3,55.83599853515625,0.8636274602331369,0.6112607807015361,1.0,1.0,0.8139453316841765
2018-03-28,17.185333251953125,20.821511272847214,18.013376557551037,0.49562213414622275,0.19879147268928984,23104.521985054016,25500.0,167,0.7078862062621767,0.46888401138577573,1.0,0.628218807970043,1344,3,3,3,51.555999755859375,0.8636395144091966,0.8731782177684512,1.0,1.0,1.0
2018-03-29,17.742000579833984,20.528224540179288,17.34893403807646,0.5143733114159614,0.201511732745174,23052.965985298157,25500.0,170,0.48962217522436086,0.07204031858974698,1.0,0.35042822301282295,1299,2,2,2,35.48400115966797,0.8631451697321381,0.678632473766036,0.0,1.0,1.0
2018-04-02,16.832000732421875,20.176203225154772,16.556338932699084,0.526416043115056,0.2143319956644261,23517.48198413849,26000.0,172,0.5433465526089722,0.16972100474358587,1.0,0.4188047033205101,1397,2,2,2,33.66400146484375,0.8665266555874377,0.8287492090096261,0.0,1.0,1.0
2018-04-03,17.8353328704834,19.953263191376546,16.183084953697655,0.586820702805093,0.21567647119252967,23483.817982673645,26000.0,174,0.43901629628789546,0.0,0.0,0.0,1316,0,0,0,0.0,0.8664666232577108,0.5307227947077049,0.0,1.0,1.0
2018-04-04,19.12933349609375,19.87479369658771,16.112698154242945,0.6556457646841646,0.2204472503438778,23483.817982673645,26000.0,174,0.31908580424897176,0.0,0.0,0.0,1227,0,0,0,0.0,0.8669917652612976,0.18753910402147883,0.0,1.0,1.0
2018-04-05,20.381332397460938,19.923035477623255,16.254145585929116,0.700725466110692,0.22241246847888332,23483.817982673645,26000.0,174,0.10333412074664394,0.0,0.0,0.0,1152,0,0,0,0.0,0.8666689164189828,0.0,0.0,0.0,1.0
2018-04-06,19.953332901000977,19.92592094651637,16.33790333731171,0.7032598360101469,0.23313019546018948,23483.817982673645,26000.0,174,0.10332736209065968,0.0,0.0,0.0,1176,0,0,0,0.0,0.8666496059733135,0.0,0.0,0.0,1.0
2018-04-09,19.310667037963867,19.867325336178038,16.34268333157798,0.7104651982819523,0.22240141679733977,23483.817982673645,26000.0,174,0.302497483124234,0.0,0.0,0.0,1216,0,0,0,0.0,0.8670417458271162,0.1400939202421238,0.0,1.0,1.0
2018-04-10,20.31333351135254,19.909802305242277,16.66811538031051,0.7058812405809107,0.23328911568541896,23483.817982673645,26000.0,174,0.10336511690810557,0.0,0.0,0.0,1156,0,0,0,0.0,0.8667574768803017,0.0,0.0,0.0,1.0
2018-04-11,20.062000274658203,19.924297349948557,16.97172869112029,0.7060828289541184,0.2331102706538729,23483.817982673645,26000.0,174,0.10333116505338968,0.0,0.0,0.0,1170,0,0,0,0.0,0.8666604715811135,0.0,0.0,0.0,1.0
2018-04-12,19.60533332824707,19.893919824072228,17.091643456938474,0.6942436248364807,0.23555111208945673,23483.817982673645,26000.0,174,0.27878828433637565,0.0,0.0,0.0,1197,0,0,0,0.0,0.866863767331209,0.07253133077272163,0.0,1.0,1.0
2018-04-13,20.022666931152344,19.906181453317952,17.26239197586704,0.7001860988248685,0.23558765749814709,23483.817982673645,26000.0,174,0.10337359805742063,0.0,0.0,0.0,1172,0,0,0,0.0,0.8667817087354875,0.0,0.0,0.0,1.0
2018-04-16,19.413999557495117,19.859306987049113,17.357515721158094,0.7061370427939363,0.23785751897022903,23483.817982673645,26000.0,174,0.29272383537331664,0.0,0.0,0.0,1209,0,0,0,0.0,0.8670954070866713,0.11211555112280472,0.0,1.0,1.0
2018-04-17,19.179332733154297,19.794547534297227,17.378395568438677,0.7028197802191646,0.23627887833473052,23483.817982673645,26000.0,174,0.3080251023647083,0.0,0.0,0.0,1224,0,0,0,0.0,0.8675287972704724,0.15540006662869446,0.0,1.0,1.0
2018-04-18,19.55666732788086,19.771892276543287,17.430852952004084,0.7070436337360285,0.23623550691205963,23483.817982673645,26000.0,174,0.27273759396317016,0.0,0.0,0.0,1200,0,0,0,0.0,0.8676804132262103,0.05442699809713294,0.0,1.0,1.0
2018-04-19,20.005332946777344,19.79412472132748,17.576649928207523,0.7086255887164854,0.23702766538555628,23483.817982673645,26000.0,174,0.10363606940273673,0.0,0.0,0.0,1173,0,0,0,0.0,0.8675316268649622,0.0,0.0,0.0,1.0
2018-04-20,19.349332809448242,19.75176358686279,17.619861575374898,0.7131774906484636,0.2206218513866577,23483.817982673645,26000.0,174,0.2893905316752941,0.0,0.0,0.0,1213,0,0,0,0.0,0.8678151206109952,0.101872112746988,0.0,1.0,1.0
2018-04-23,18.891332626342773,19.66981778109898,17.572132451924723,0.7128564411416852,0.20547856356695543,23483.817982673645,26000.0,174,0.32318812120895696,0.0,0.0,0.0,1243,0,0,0,0.0,0.8683635271572607,0.1978882477254735,0.0,1.0,1.0
2018-04-24,18.8973331451416,19.596247815769708,17.560412557259646,0.7117741052282411,0.18838524256084355,23483.817982673645,26000.0,174,0.31651460220196753,0.0,0.0,0.0,1242,0,0,0,0.0,0.8688558800021565,0.1783286977177508,0.0,1.0,1.0
2018-04-25,18.71266746520996,19.512097306192587,17.480994600015507,0.6478772428417403,0.17756272493938655,23483.817982673645,26000.0,174,0.32599588768211646,0.0,0.0,0.0,1254,0,0,0,0.0,0.8694190411047111,0.20485492370133612,0.0,1.0,1.0
2018-04-26,19.031999588012695,19.46637371398498,17.64869526548931,0.5807108719393463,0.18038771291879283,23483.817982673645,26000.0,174,0.29345339462273395,0.0,0.0,0.0,1233,0,0,0,0.0,0.869725037452562,0.11157037575524953,0.0,1.0,1.0
2018-04-27,19.60533332824707,19.479607962962323,17.792709131043893,0.5793851392685329,0.17421410385082944,23483.817982673645,26000.0,174,0.10437276442521515,0.0,0.0,0.0,1197,0,0,0,0.0,0.869636469786329,0.0,0.0,0.0,1.0
2018-04-30,19.593332290649414,19.490438851313474,18.26732600382926,0.5399344916845915,0.1557633135393886,23483.817982673645,26000.0,174,0.10434739515211572,0.0,0.0,0.0,1198,0,0,0,0.0,0.8695639861489022,0.0,0.0,0.0,1.0
2018-05-01,19.994667053222656,19.538460584828634,18.55493409015845,0.5073704198759699,0.15006952850245436,23983.817982673645,26500.0,174,0.1050984056748655,0.0,0.0,0.0,1199,0,0,0,0.0,0.8717097304996158,0.0,0.0,0.0,1.0
2018-05-02,20.07666778564453,19.58971841347777,18.600358882278062,0.4427137195855577,0.1469834202707006,23983.817982673645,26500.0,174,0.10498060938185672,0.0,0.0,0.0,1194,0,0,0,0.0,0.8713731696624478,0.0,0.0,0.0,1.0
2018-05-03,18.963333129882812,19.53006267218301,18.57445465552414,0.42332542730554906,0.1447765898533357,23983.817982673645,26500.0,174,0.30589975912013584,0.0,0.0,0.0,1264,0,0,0,0.0,0.8717648715109493,0.14509158311801024,0.0,1.0,1.0
2018-05-04,19.606000900268555,19.537294884381634,18.601904189882095,0.4374223369427587,0.1284676478896456,23983.817982673645,26500.0,174,0.10510108458645878,0.0,0.0,0.0,1223,0,0,0,0.0,0.8717173845327395,0.0,0.0,0.0,1.0
2018-05-07,20.184667587280273,19.598949427514835,18.62194583182926,0.4329569791934069,0.12849576225947662,23983.817982673645,26500.0,174,0.10495939546657912,0.0,0.0,0.0,1188,0,0,0,0.0,0.8713125584759404,0.0,0.0,0.0,1.0
2018-05-08,20.131332397460938,19.649652567509705,18.699433944263248,0.3918321249842624,0.11459119885088563,23983.817982673645,26500.0,174,0.10484287391089275,0.0,0.0,0.0,1191,0,0,0,0.0,0.8709796397454079,0.0,0.0,0.0,1.0
2018-05-09,20.456666946411133,19.726511079786032,18.71650166526734,0.3931230562453709,0.1170140500935401,23983.817982673645,26500.0,174,0.10466624434871813,0.0,0.0,0.0,1172,0,0,0,0.0,0.8704749838534804,0.0,0.0,0.0,1.0
2018-05-10,20.334667205810547,19.784430710835984,18.71708433966503,0.3839177834856908,0.11798931398505567,23983.817982673645,26500.0,174,0.10453313847962598,0.0,0.0,0.0,1179,0,0,0,0.0,0.87009468137036,0.0,0.0,0.0,1.0
2018-05-11,20.070667266845703,19.811691335217862,18.74013916552712,0.38046854495499677,0.11704148962498628,23983.817982673645,26500.0,174,0.104470490478688,0.0,0.0,0.0,1194,0,0,0,0.0,0.8699156870819658,0.0,0.0,0.0,1.0
2018-05-14,19.46466636657715,19.778641338204462,18.708729924260556,0.3802485226659034,0.11428771808913603,23983.817982673645,26500.0,174,0.28232672341431025,0.0,0.0,0.0,1232,0,0,0,0.0,0.8701326946095255,0.07937222943136114,0.0,1.0,1.0
2018-05-15,18.94533348083496,19.69927868512165,18.60491566514662,0.3900106220226297,0.11150078235877182,23983.817982673645,26500.0,174,0.321706107637534,0.0,0.0,0.0,1265,0,0,0,0.0,0.8706537927844843,0.19136365760847007,0.0,1.0,1.0
2018-05-16,19.09866714477539,19.642077586041054,18.52551793872464,0.3842586807192867,0.11236111359416649,23983.817982673645,26500.0,174,0.30327513371510767,0.0,0.0,0.0,1255,0,0,0,0.0,0.8710293773595795,0.13832814754072825,0.0,1.0,1.0
2018-05-17,18.96933364868164,19.578006734863965,18.450277578958957,0.37414508488935766,0.11021875743453304,23983.817982673645,26500.0,174,0.3094143856425698,0.0,0.0,0.0,1264,0,0,0,0.0,0.8714500689861762,0.15544817570688052,0.0,1.0,1.0
2018-05-18,18.454666137695312,19.471021916086,18.248019447107094,0.3685428777979423,0.10568210127886903,23983.817982673645,26500.0,174,0.34660055034136056,0.0,0.0,0.0,1299,0,0,0,0.0,0.8721525353434353,0.2609918942033091,0.0,1.0,1.0
2018-05-21,18.965999603271484,19.422924552960808,18.206977799659228,0.37375802879372044,0.10815660283212901,23983.817982673645,26500.0,174,0.2965327290827054,0.0,0.0,0.0,1264,0,0,0,0.0,0.8724683444447101,0.11762516722016263,0.0,1.0,1.0
2018-05-22,18.333999633789062,19.319217417801593,18.023184280679292,0.3925348734154154,0.095196641968419,23983.817982673645,26500.0,174,0.3448466075590542,0.0,0.0,0.0,1308,0,0,0,0.0,0.8731492894076424,0.25498387504679826,0.0,1.0,1.0
2018-05-23,18.60466766357422,19.251165060256128,17.941374341044206,0.3950977054044966,0.09535611025109833,23983.817982673645,26500.0,174,0.3145275770725014,0.0,0.0,0.0,1289,0,0,0,0.0,0.8735961237552994,0.16791123930899052,0.0,1.0,1.0
2018-05-24,18.523332595825195,19.181847682691277,17.819639184010445,0.3901188556186157,0.09046469155687795,23983.817982673645,26500.0,174,0.31599564830747445,0.0,0.0,0.0,1294,0,0,0,0.0,0.8740512642721403,0.17165058803492958,0.0,1.0,1.0
2018-05-25,18.59000015258789,19.12548125125286,17.71761390633582,0.37297809352072003,0.09131483165523263,23983.817982673645,26500.0,174,0.3050445164666758,0.0,0.0,0.0,1290,0,0,0,0.0,0.8744213683880001,0.1399915358025023,0.0,1.0,1.0
2018-05-29,18.917333602905273,19.105657665695947,17.688129278410184,0.37967769455431005,0.09644847145826525,23983.817982673645,26500.0,174,0.2733427486997268,0.0,0.0,0.0,1267,0,0,0,0.0,0.8745515307988266,0.049284894057535646,0.0,1.0,1.0
2018-05-30,19.447999954223633,19.138261693174776,17.753645128836077,0.3863759581984634,0.10521419839484793,23983.817982673645,26500.0,174,0.10601810803342093,0.0,0.0,0.0,1233,0,0,0,0.0,0.87433745152406,0.0,0.0,0.0,1.0
2018-05-31,18.98200035095215,19.123379660582145,17.78096657987867,0.3941272078967097,0.10486978796767486,23983.817982673645,26500.0,174,0.2689900736185196,0.0,0.0,0.0,1263,0,0,0,0.0,0.8744351675116493,0.03696504282697828,0.0,1.0,1.0
2018-06-01,19.454666137695312,19.154930753640542,17.81680491519732,0.35189468951359876,0.10916572704154481,24483.817982673645,27000.0,174,0.10679498952234406,0.0,0.0,0.0,1258,0,0,0,0.0,0.8765571129209832,0.0,0.0,0.0,1.0
2018-06-04,19.78266716003418,19.21471517329708,17.86515660257267,0.335943572169692,0.10197062863948626,24483.817982673645,27000.0,174,0.10666014244245209,0.0,0.0,0.0,1237,0,0,0,0.0,0.8761718355498632,0.0,0.0,0.0,1.0
2018-06-05,19.408666610717773,19.23318673876572,17.949439577027377,0.32456126225352505,0.10176045951412321,24483.817982673645,27000.0,174,0.10661847880033948,0.0,0.0,0.0,1261,0,0,0,0.0,0.8760527965723987,0.0,0.0,0.0,1.0
2018-06-06,21.299999237060547,19.43002602431761,17.894974733482375,0.4787719101471136,0.10460408185239747,24483.817982673645,27000.0,174,0.10617449685626135,0.0,0.0,0.0,1149,0,0,0,0.0,0.8747842767321754,0.0,0.0,0.0,1.0
2018-06-07,21.07266616821289,19.586467942783827,17.93392405176153,0.478646006568728,0.1007406409008099,24483.817982673645,27000.0,174,0.10582163341794315,0.0,0.0,0.0,1161,0,0,0,0.0,0.8737760954798376,0.0,0.0,0.0,1.0
2018-06-08,21.17733383178711,19.73797897983176,17.9415332241522,0.47783498622663323,0.09649343998889459,24483.817982673645,27000.0,174,0.10547989185660167,0.0,0.0,0.0,1156,0,0,0,0.0,0.872799691018862,0.0,0.0,0.0,1.0
2018-06-11,22.139999389648438,19.966742828385726,17.801803901998237,0.49742758567042916,0.09646103264605056,24483.817982673645,27000.0,174,0.10496390228708546,0.0,0.0,0.0,1105,0,0,0,0.0,0.8713254351059586,0.0,0.0,0.0,1.0
2018-06-12,22.851333618164062,20.24146576074557,17.603933906472754,0.4874188592979552,0.09649516481840843,24483.817982673645,27000.0,174,0.10434424945076276,0.0,0.0,0.0,1071,0,0,0,0.0,0.8695549984307508,0.0,0.0,0.0,1.0
2018-06-13,22.985332489013672,20.502786401533008,17.49937826587806,0.46963958650345766,0.09392543464742667,24483.817982673645,27000.0,174,0.10375482622765331,0.0,0.0,0.0,1065,0,0,0,0.0,0.8678709320790096,0.0,0.0,0.0,1.0
2018-06-14,23.847999572753906,20.821378132125474,17.353933547484772,0.4794801917068049,0.09344880586207648,24483.817982673645,27000.0,174,0.10303622487976138,0.0,0.0,0.0,1026,0,0,0,0.0,0.8658177853707469,0.0,0.0,0.0,1.0
2018-06-15,23.878000259399414,21.112485001389658,17.301325161845014,0.47623849876789487,0.09349547643724873,24483.817982673645,27000.0,174,0.10237961716353217,0.0,0.0,0.0,1025,0,0,0,0.0,0.8639417633243778,0.0,0.0,0.0,1.0
2018-06-18,24.722000122070312,21.456248346216388,17.282952155645255,0.4595131498001787,0.09324449876046949,24483.817982673645,27000.0,174,0.1016042398413119,0.0,0.0,0.0,990,0,0,0,0.0,0.8617263995466055,0.0,0.0,0.0,1.0
2018-06-19,23.503332138061523,21.651208707344495,17.371254552935557,0.5100358683419514,0.09186755234850152,24483.817982673645,27000.0,174,0.1011644959156563,0.0,0.0,0.0,1041,0,0,0,0.0,0.8604699883304466,0.0,0.0,0.0,1.0
2018-06-20,24.148000717163086,21.88899842256531,17.546729021554498,0.4845512174804576,0.09089139659127625,24483.817982673645,27000.0,174,0.10062814800243602,0.0,0.0,0.0,1013,0,0,0,0.0,0.8589375657212458,0.0,0.0,0.0,1.0
2018-06-21,23.167333602905273,22.010744630216738,17.756735974908516,0.5222498530473647,0.09379257652616524,24483.817982673645,27000.0,174,0.10035354266739999,0.0,0.0,0.0,1056,0,0,0,0.0,0.8581529790497143,0.0,0.0,0.0,1.0
2018-06-22,22.242000579833984,22.032769006370764,17.987282545173038,0.5510821918468581,0.09352036668018572,24483.817982673645,27000.0,174,0.10030386546340814,0.0,0.0,0.0,1100,0,0,0,0.0,0.8580110441811661,0.0,0.0,0.0,1.0
2018-06-25,22.200666427612305,22.048759236965196,18.250564209088616,0.5522298091299058,0.10601491766177681,24483.817982673645,27000.0,174,0.10026779860995622,0.0,0.0,0.0,1102,0,0,0,0.0,0.8579079960284465,0.0,0.0,0.0,1.0
2018-06-26,22.799999237060547,22.120305903640944,18.543757761711966,0.5550606911415475,0.09708286056081611,24483.817982673645,27000.0,174,0.1001064211284543,0.0,0.0,0.0,1073,0,0,0,0.0,0.8574469175098695,0.0,0.0,0.0,1.0
2018-06-27,22.96666717529297,22.200911739036375,18.80197358780575,0.5509566902397329,0.09124169367311855,24483.817982673645,27000.0,174,0.09992461018861792,0.0,0.0,0.0,1066,0,0,0,0.0,0.8569274576817656,0.0,0.0,0.0,1.0
2018-06-28,23.32866668701172,22.308316972176886,19.215214176793747,0.537397158018391,0.09077889943544708,24483.817982673645,27000.0,174,0.09968235171831208,0.0,0.0,0.0,1049,0,0,0,0.0,0.8562352906237489,0.0,0.0,0.0,1.0
2018-06-29,22.863332748413086,22.361175617532716,19.57958454414523,0.5454180054859232,0.08172170846403203,24483.817982673645,27000.0,174,0.09956312610712059,0.0,0.0,0.0,1070,0,0,0,0.0,0.8558946460203447,0.0,0.0,0.0,1.0
2018-07-02,22.33799934387207,22.35896835337456,19.88939957189084,0.55570490373378,0.08077821658654705,24983.817982673645,27500.0,174,0.25212625845157405,0.0,0.0,0.0,1118,0,0,0,0.0,0.8585287093277392,0.004689171962472407,0.0,1.0,1.0
2018-07-03,20.724000930786133,22.2032571702709,20.046573582299448,0.6171324141923262,0.08227208109110447,24983.817982673645,27500.0,174,0.36742080850453834,0.0,0.0,0.0,1205,0,0,0,0.0,0.8595139364499224,0.3331169449916157,0.0,1.0,1.0
2018-07-05,20.610666275024414,22.05158184691409,19.78081353434472,0.5091061388809012,0.08235152747442365,24983.817982673645,27500.0,174,0.3655159449993674,0.0,0.0,0.0,1212,0,0,0,0.0,0.8604736275867981,0.32671478669710896,0.0,1.0,1.0
2018-07-06,20.593332290649414,21.912700936793645,19.56186894172896,0.5078613108416463,0.08847628163913551,24983.817982673645,27500.0,174,0.3568412208852321,0.0,0.0,0.0,1213,0,0,0,0.0,0.8613523649817421,0.30105112326177846,0.0,1.0,1.0
2018-07-09,21.233999252319336,21.848062681129424,19.50460118996957,0.520033853543853,0.09346654115429254,24983.817982673645,27500.0,174,0.3008021146019029,0.0,0.0,0.0,1176,0,0,0,0.0,0.8617613488539447,0.14053040715149212,0.0,1.0,1.0
2018-07-10,21.49799919128418,21.814723301144163,19.424313063333656,0.4948989449218352,0.09418103576302118,24983.817982673645,27500.0,174,0.27709824419858403,0.0,0.0,0.0,1162,0,0,0,0.0,0.8619722962036697,0.07259411579228492,0.0,1.0,1.0
2018-07-11,21.263999938964844,21.762273457127083,19.29918486327025,0.48003739879396295,0.09746372156430771,24983.817982673645,27500.0,174,0.2918748185088474,0.0,0.0,0.0,1174,0,0,0,0.0,0.8623041606712686,0.11448103506829528,0.0,1.0,1.0
2018-07-12,21.11400032043457,21.700533158394464,19.166596446283933,0.47900846776331807,0.10130791320740219,24983.817982673645,27500.0,174,0.2992430561174438,0.0,0.0,0.0,1183,0,0,0,0.0,0.8626948083796132,0.13514249481308338,0.0,1.0,1.0
2018-07-13,21.257999420166016,21.658387088086993,19.160328043580456,0.4557020066056908,0.10105528461050511,24983.817982673645,27500.0,174,0.28438788383865793,0.0,0.0,0.0,1175,0,0,0,0.0,0.8629614780608313,0.09243247576390562,0.0,1.0,1.0
2018-07-16,20.67333221435547,21.5645723382078,19.075464298331656,0.46158261711967863,0.10105728104492784,24983.817982673645,27500.0,174,0.3245698550414862,0.0,0.0,0.0,1208,0,0,0,0.0,0.863555069569158,0.20664451626365998,0.0,1.0,1.0
2018-07-17,21.512666702270508,21.559628944309008,19.36943955658639,0.46826878698514474,0.10138933897140162,24983.817982673645,27500.0,174,0.25606715761987403,0.0,0.0,0.0,1161,0,0,0,0.0,0.8635863477705539,0.010891245429086217,0.0,1.0,1.0
2018-07-18,21.59000015258789,21.56252144033557,19.484155777586235,0.44101502374594187,0.099966238234925,24983.817982673645,27500.0,174,0.10224881615576592,0.0,0.0,0.0,1157,0,0,0,0.0,0.8635680461593314,0.0,0.0,0.0,1.0
2018-07-19,21.34866714477539,21.542154364567935,19.740855259628198,0.42570795052205973,0.10142044512459164,24983.817982673645,27500.0,174,0.26801206166207464,0.0,0.0,0.0,1170,0,0,0,0.0,0.8636969142023702,0.04490897626070025,0.0,1.0,1.0
2018-07-20,20.905332565307617,21.481504669400287,19.768700824235044,0.40970967718501433,0.09821585389025905,24983.817982673645,27500.0,174,0.2993663392907873,0.0,0.0,0.0,1195,0,0,0,0.0,0.8640806613645218,0.1341088794662994,0.0,1.0,1.0
2018-07-23,20.213333129882812,21.36072642754148,19.5568658753899,0.40258680565414523,0.09821297036513109,24983.817982673645,27500.0,174,0.34669710420872407,0.0,0.0,0.0,1236,0,0,0,0.0,0.864844858240283,0.26857543949892865,0.0,1.0,1.0
2018-07-24,19.82866668701172,21.214815976062454,19.283190824760634,0.40571706529918133,0.08218580838870608,24983.817982673645,27500.0,174,0.36736161607882395,0.0,0.0,0.0,1259,0,0,0,0.0,0.8657680734605503,0.32669368676466104,0.0,1.0,1.0
2018-07-25,20.582666397094727,21.154611254256004,19.30030358889912,0.41903904239181106,0.08609954268548711,24983.817982673645,27500.0,174,0.3004658787265562,0.0,0.0,0.0,1213,0,0,0,0.0,0.8661490051548892,0.13518207692098577,0.0,1.0,1.0
2018-07-26,20.44333267211914,21.086870436909635,19.36498133313074,0.4166302590112247,0.07876298140782186,24983.817982673645,27500.0,174,0.3067093850192218,0.0,0.0,0.0,1222,0,0,0,0.0,0.8665776197810081,0.15259205170248283,0.0,1.0,1.0
2018-07-27,19.812000274658203,20.965454230980928,19.455241252247525,0.41799778866342624,0.08370836817837025,24983.817982673645,27500.0,174,0.34985059503678556,0.0,0.0,0.0,1261,0,0,0,0.0,0.8673458532294298,0.27508441830424324,0.0,1.0,1.0
2018-07-30,19.344667434692383,20.811093583715355,19.387538208541606,0.41959767956068766,0.0879376821188583,24983.817982673645,27500.0,174,0.5272243197563702,0.1404078541024912,1.0,0.3982854978717439,1291,2,2,2,38.689334869384766,0.8683225351430374,0.35231837844659153,1.0,1.0,1.0
2018-07-31,19.875999450683594,20.722036999617092,19.42183672579254,0.4336635047814302,0.08859000361049078,24945.12864780426,27500.0,176,0.32503148699314494,0.0,0.0,0.0,1255,0,0,0,0.0,0.8673789632024506,0.20413957106367772,0.0,1.0,1.0
2018-08-01,20.055999755859375,20.658604881163978,19.324807479598885,0.35680577930131535,0.0857823864321735,25445.12864780426,28000.0,176,0.305598028886703,0.0,0.0,0.0,1268,0,0,0,0.0,0.8701459121755407,0.14584845607218222,0.0,1.0,1.0
2018-08-02,23.30266761779785,20.910420379891015,19.138187370598203,0.6797876420072689,0.08285453615827579,25445.12864780426,28000.0,176,0.10399707516423973,0.0,0.0,0.0,1091,0,0,0,0.0,0.8685630718978279,0.0,0.0,0.0,1.0
2018-08-03,23.211332321166992,21.129554850488727,19.065834190285088,0.6803443658473103,0.07971420517831611,25445.12864780426,28000.0,176,0.10351497932892478,0.0,0.0,0.0,1096,0,0,0,0.0,0.8671856552254994,0.0,0.0,0.0,1.0
2018-08-06,22.799333572387695,21.288581395431486,19.067339609656084,0.679308826652449,0.07531816321930711,25445.12864780426,28000.0,176,0.1031651209300507,0.0,0.0,0.0,1116,0,0,0,0.0,0.866186059800145,0.0,0.0,0.0,1.0
2018-08-07,25.30466651916504,21.671065692929922,18.74199650816529,0.7758618305397109,0.07509172507230133,25445.12864780426,28000.0,176,0.10232365547555416,0.0,0.0,0.0,1005,0,0,0,0.0,0.8637818727872977,0.0,0.0,0.0,1.0
2018-08-08,24.689332962036133,21.958519718559085,18.643922628166486,0.7819254367533112,0.06878967680347901,25445.12864780426,28000.0,176,0.10169125661917,0.0,0.0,0.0,1030,0,0,0,0.0,0.8619750189119143,0.0,0.0,0.0,1.0
2018-08-09,23.496667861938477,22.10501001792855,18.663822207360028,0.8061953713454356,0.06387392411713355,25445.12864780426,28000.0,176,0.10136897796055716,0.0,0.0,0.0,1082,0,0,0,0.0,0.8610542227444491,0.0,0.0,0.0,1.0
2018-08-10,23.69933319091797,22.25685032011802,18.68302107096144,0.8062300201181154,0.07003940124324769,25445.12864780426,28000.0,176,0.10103492929574032,0.0,0.0,0.0,1073,0,0,0,0.0,0.8600997979878295,0.0,0.0,0.0,1.0
2018-08-13,23.76066780090332,22.400071032573763,18.735492992289824,0.7963625827251419,0.07172186711520005,25445.12864780426,28000.0,176,0.1007198437283377,0.0,0.0,0.0,1070,0,0,0,0.0,0.8591995535095364,0.0,0.0,0.0,1.0
2018-08-14,23.176000595092773,22.473969086147,18.76061061194745,0.7947088896151343,0.07378851913807483,25445.12864780426,28000.0,176,0.1005572680104766,0.0,0.0,0.0,1097,0,0,0,0.0,0.8587350514585046,0.0,0.0,0.0,1.0
2018-08-15,22.57933235168457,22.484003682864866,18.760120928930803,0.8021109284191694,0.07891918868205373,25445.12864780426,28000.0,176,0.10053519189769727,0.0,0.0,0.0,1126,0,0,0,0.0,0.8586719768505637,0.0,0.0,0.0,1.0
2018-08-16,22.363332748413086,22.472511212917077,18.753844516761873,0.8017433099232492,0.08209913501796329,25445.12864780426,28000.0,176,0.2590625208338297,0.0,0.0,0.0,1137,0,0,0,0.0,0.8587442152330926,0.024291558577849467,0.0,1.0,1.0
2018-08-17,20.366666793823242,22.271954601574805,18.513165656947898,0.8636971649644531,0.08239283886245351,25445.12864780426,28000.0,176,0.4007080782888494,0.0,0.0,0.0,1249,0,0,0,0.0,0.8600048567901012,0.42773250974946847,0.0,1.0,1.0
2018-08-20,20.562667846679688,22.109165386822887,18.381143228573816,0.855231218634555,0.08251151663475564,25445.12864780426,28000.0,176,0.3737692825437234,0.0,0.0,0.0,1237,0,0,0,0.0,0.8610281032828275,0.3497412754135251,0.0,1.0,1.0
2018-08-21,21.459999084472656,22.047340024694293,18.446710291474922,0.8635183859235388,0.08137211673464907,25445.12864780426,28000.0,176,0.298115836226616,0.0,0.0,0.0,1185,0,0,0,0.0,0.8614167198447787,0.13319995508840998,0.0,1.0,1.0
2018-08-22,21.44266700744629,21.989752118289722,18.442474710349316,0.8549602997150592,0.07521231934039871,25445.12864780426,28000.0,176,0.29516095990786956,0.0,0.0,0.0,1186,0,0,0,0.0,0.8617787009707503,0.12439547019459155,0.0,1.0,1.0
2018-08-23,21.34000015258789,21.92787097869907,18.44601851453521,0.8546777763264133,0.07457539104769276,25445.12864780426,28000.0,176,0.2986749552301588,0.0,0.0,0.0,1192,0,0,0,0.0,0.8621676681338916,0.13404648966656207,0.0,1.0,1.0
2018-08-24,21.521333694458008,21.889153142104682,18.56683587158779,0.8450678987410409,0.07261040072116762,25445.12864780426,28000.0,176,0.2812503928513525,0.0,0.0,0.0,1182,0,0,0,0.0,0.8624110373924848,0.08401865646852241,0.0,1.0,1.0
2018-08-27,21.284666061401367,21.83158294394246,18.758513949769252,0.8405030575161075,0.07169924802838523,25445.12864780426,28000.0,176,0.29581088159149777,0.0,0.0,0.0,1195,0,0,0,0.0,0.8627729072095045,0.12525818305191774,0.0,1.0,1.0
2018-08-28,20.790666580200195,21.732448052157483,18.787638683254414,0.8426300140185901,0.07081489877839092,25445.12864780426,28000.0,176,0.32802533419687147,0.0,0.0,0.0,1223,0,0,0,0.0,0.8633960408150101,0.21667634260462273,0.0,1.0,1.0
2018-08-29,20.333999633789062,21.59926248850335,18.697947802697,0.8471121538149666,0.07173048573013778,25445.12864780426,28000.0,176,0.35499484476742055,0.0,0.0,0.0,1251,0,0,0,0.0,0.8642332072151218,0.2928949206917942,0.0,1.0,1.0
2018-08-30,20.209999084472656,21.466951688119476,18.446752181253732,0.6005099765798677,0.07392411515373812,25445.12864780426,28000.0,176,0.3552403080369391,0.0,0.0,0.0,1259,0,0,0,0.0,0.865064875103249,0.292764576430863,0.0,1.0,1.0
2018-08-31,20.110666275024414,21.33778164877709,18.21532672841848,0.6004652835165695,0.07294620970439962,25445.12864780426,28000.0,176,0.35369770327614597,0.0,0.0,0.0,1265,0,0,0,0.0,0.8658768010648297,0.28754520829558755,0.0,1.0,1.0
2018-09-04,19.26333236694336,21.14021505050721,17.800082872077375,0.6126523530832685,0.0729501754379167,25945.12864780426,28500.0,176,0.4096769675655046,0.0,0.0,0.0,1346,0,0,0,0.0,0.869449900038973,0.4439128644338975,0.0,1.0,1.0
2018-09-05,18.715999603271484,20.90933738886571,17.690703891633035,0.430102435147225,0.07362752937159792,25945.12864780426,28500.0,176,0.43837715724356946,0.0,0.0,0.0,1386,0,0,0,0.0,0.8708756708617416,0.5244876355484569,0.0,1.0,1.0
2018-09-06,18.729999542236328,20.701781403472435,17.60240508313551,0.4317978497181392,0.0750833336489911,25945.12864780426,28500.0,176,0.42193728684015813,0.0,0.0,0.0,1385,0,0,0,0.0,0.872157420104872,0.4762348280098658,0.0,1.0,1.0
2018-09-07,17.549333572387695,20.40154827670246,17.0728306706716,0.4503762675424359,0.07537905287030909,25945.12864780426,28500.0,176,0.5005607345322514,0.091928608240457,1.0,0.36435002576831993,1478,2,2,2,35.09866714477539,0.8740114913438726,0.6990191787482744,0.0,1.0,1.0
2018-09-10,19.03333282470703,20.271242043179086,17.0996728748826,0.5667930097057365,0.07018945208663396,25910.029980659485,28500.0,178,0.36255548203703974,0.0,0.0,0.0,1361,0,0,0,0.0,0.8733936461864604,0.3053363024907962,0.0,1.0,1.0
2018-09-11,18.62933349609375,20.114869800599532,17.15236279761568,0.5659164793973895,0.06855421720576617,25910.029980659485,28500.0,178,0.3852717261841609,0.0,0.0,0.0,1390,0,0,0,0.0,0.8743702868594134,0.36926321652390337,0.0,1.0,1.0
2018-09-12,19.369333267211914,20.043866321229284,17.334167314047573,0.5916196400865129,0.06574334442995465,25910.029980659485,28500.0,178,0.31507728393620776,0.0,0.0,0.0,1337,0,0,0,0.0,0.8748137471867083,0.16826420691674257,0.0,1.0,1.0
2018-09-13,19.297332763671875,19.972767887176197,17.458159938192367,0.5881465704280886,0.05933507415111113,25910.029980659485,28500.0,178,0.31552138489822684,0.0,0.0,0.0,1342,0,0,0,0.0,0.875257800564303,0.16908901343063085,0.0,1.0,1.0
2018-09-14,19.68000030517578,19.944885260319015,17.65855527806245,0.5957639098614369,0.05437577136047285,25910.029980659485,28500.0,178,0.27964266162522194,0.0,0.0,0.0,1316,0,0,0,0.0,0.8754319446899373,0.06640423138212563,0.0,1.0,1.0
2018-09-17,19.6560001373291,19.917372391462834,17.633958483617665,0.507342194604224,0.05860615569107199,25910.029980659485,28500.0,178,0.2794262719856742,0.0,0.0,0.0,1318,0,0,0,0.0,0.875603779449811,0.06561414050925818,0.0,1.0,1.0
2018-09-18,18.997333526611328,19.829749642429356,17.527664925598263,0.5180205088641062,0.060662948025401314,25910.029980659485,28500.0,178,0.33011461769612443,0.0,0.0,0.0,1363,0,0,0,0.0,0.8761510373209676,0.2098907275251024,0.0,1.0,1.0
2018-09-19,19.934667587280273,19.839741827653253,17.6616130854625,0.525239702663809,0.06051058549800764,25910.029980659485,28500.0,178,0.10663102049604217,0.0,0.0,0.0,1299,0,0,0,0.0,0.876088629988692,0.0,0.0,0.0,1.0
2018-09-20,19.8886661529541,19.844401287205713,17.807539441941785,0.5251773297572397,0.06525192506698824,25910.029980659485,28500.0,178,0.10662083508095027,0.0,0.0,0.0,1302,0,0,0,0.0,0.8760595288027152,0.0,0.0,0.0,1.0
2018-09-21,19.940000534057617,19.853505977382085,17.960367749402547,0.5255408681154625,0.06464098265733845,25910.029980659485,28500.0,178,0.10660093254768754,0.0,0.0,0.0,1299,0,0,0,0.0,0.8760026644219645,0.0,0.0,0.0,1.0
2018-09-24,19.978666305541992,19.86542600863541,18.179500634641485,0.5241727057459737,0.06400086468037228,25910.029980659485,28500.0,178,0.10657487577761449,0.0,0.0,0.0,1296,0,0,0,0.0,0.8759282165074701,0.0,0.0,0.0,1.0
2018-09-25,20.06599998474121,19.88452829207406,18.381408604463147,0.5239798940158986,0.0589104842648787,25910.029980659485,28500.0,178,0.1065331188562732,0.0,0.0,0.0,1291,0,0,0,0.0,0.8758089110179235,0.0,0.0,0.0,1.0
2018-09-26,20.6386661529541,19.956350945491206,18.479209905219086,0.5289392908460023,0.06029735587864125,25910.029980659485,28500.0,178,0.10637611705599637,0.0,0.0,0.0,1255,0,0,0,0.0,0.875360334445704,0.0,0.0,0.0,1.0
2018-09-27,20.501333236694336,20.008254020843886,18.50951241143043,0.5232082115261536,0.057550549941633854,25910.029980659485,28500.0,178,0.10626265875443597,0.0,0.0,0.0,1263,0,0,0,0.0,0.8750361678698171,0.0,0.0,0.0,1.0
2018-09-28,17.65133285522461,19.783785338403955,18.110193415337736,0.7218697752968418,0.055119075861953436,25910.029980659485,28500.0,178,0.5953821473904986,0.2643311770736337,1.0,0.48503182395154365,1467,2,2,2,35.30266571044922,0.8764381126233016,0.5389394513495516,1.0,1.0,1.0
2018-10-01,20.713333129882812,19.87231369949718,18.123438715453325,0.9622294268110303,0.05643108425038137,26374.727314949036,29000.0,180,0.1068291116183337,0.0,0.0,0.0,1273,0,0,0,0.0,0.8766546046238106,0.0,0.0,0.0,1.0
2018-10-02,20.06800079345703,19.890950565588597,18.119568646034665,0.9561403163642477,0.055998165403628945,26374.727314949036,29000.0,180,0.10678862463337646,0.0,0.0,0.0,1314,0,0,0,0.0,0.8765389275239328,0.0,0.0,0.0,1.0
2018-10-03,19.65333366394043,19.868320384479247,18.129624259983284,0.9530742352994063,0.05465121824145904,26374.727314949036,29000.0,180,0.27577379913964734,0.0,0.0,0.0,1341,0,0,0,0.0,0.8766793907170254,0.05410289253910994,0.0,1.0,1.0
2018-10-04,18.788667678833008,19.765496317274845,18.032071554647096,0.9682922986242135,0.06130463817993574,26374.727314949036,29000.0,180,0.3435477400759817,0.0,0.0,0.0,1403,0,0,0,0.0,0.8773176090651906,0.24710450543761428,0.0,1.0,1.0
2018-10-05,17.463333129882812,19.546242680380367,17.7921222706136,0.9753059992826436,0.06424774501201845,26374.727314949036,29000.0,180,0.5940230175122012,0.2618600318403658,1.0,0.48330202228825614,1510,2,2,2,34.926666259765625,0.8786784937079839,0.5328158420411623,1.0,1.0,1.0
2018-10-08,16.70400047302246,19.27555294634628,17.126768905385674,0.9358096236826207,0.06398230897247836,26339.80064868927,29000.0,182,0.6411278376225438,0.3475051593137159,1.0,0.5432536115196012,1576,3,3,3,50.11200141906738,0.8790292884056888,0.6670502476587221,1.0,1.0,1.0
2018-10-09,17.520000457763672,19.108357471243174,16.824834888542515,0.9524904532385203,0.0627347374875599,26289.688647270203,29000.0,185,0.40280209211751977,0.0,0.0,0.0,1500,0,0,0,0.0,0.8781018575110349,0.4156184056818791,0.0,1.0,1.0
2018-10-10,17.125333786010742,18.91949807264961,16.43350396283115,0.9424391436770985,0.1319782534057933,26289.688647270203,29000.0,185,0.42371244380696044,0.0,0.0,0.0,1535,0,0,0,0.0,0.8793066502262008,0.47415747493654337,0.0,1.0,1.0
2018-10-11,16.815332412719727,18.71910134313248,16.01273600785749,0.943664488208961,0.14489510642379785,26289.688647270203,29000.0,185,0.4361831609234674,0.0,0.0,0.0,1563,0,0,0,0.0,0.880585043155879,0.508509702339742,0.0,1.0,1.0
2018-10-12,17.25200080871582,18.579377482711845,15.768778720603077,0.9460734977871188,0.15709472244623604,26289.688647270203,29000.0,185,0.38354294630154945,0.0,0.0,0.0,1523,0,0,0,0.0,0.8814763850240797,0.3572177472660619,0.0,1.0,1.0
2018-10-15,17.305999755859375,18.458103413487798,15.573140699143469,0.9464241672609973,0.15718946570484535,26289.688647270203,29000.0,185,0.3680176602803599,0.0,0.0,0.0,1519,0,0,0,0.0,0.8822500299484399,0.3120861422811599,0.0,1.0,1.0
2018-10-16,18.439332962036133,18.456315751444784,15.566551463034408,0.9713486345698585,0.17693986966781408,26289.688647270203,29000.0,185,0.2604017843562351,0.0,0.0,0.0,1425,0,0,0,0.0,0.8822614339994039,0.004600807018410895,0.0,1.0,1.0
2018-10-17,18.118667602539062,18.424158784882334,15.56761647146726,0.9553801191252744,0.17669936563768313,26289.688647270203,29000.0,185,0.2878800701662651,0.0,0.0,0.0,1450,0,0,0,0.0,0.882466573268854,0.08290505577761773,0.0,1.0,1.0
2018-10-18,17.5939998626709,18.345096030386006,15.499923972090825,0.9597695394476989,0.17844859234114072,26289.688647270203,29000.0,185,0.3306894014880127,0.0,0.0,0.0,1494,0,0,0,0.0,0.882970939116503,0.2047130651349618,0.0,1.0,1.0
2018-10-19,17.333332061767578,18.248737557184253,15.420001123321555,0.9600760858730377,0.1784499129074625,26289.688647270203,29000.0,185,0.3470396555528971,0.0,0.0,0.0,1516,0,0,0,0.0,0.8835856397214108,0.25081337614400984,0.0,1.0,1.0
2018-10-22,17.39666748046875,18.16758802606849,15.39037539096803,0.9602663139791794,0.1785145850125632,26289.688647270203,29000.0,185,0.3336953833479544,0.0,0.0,0.0,1511,0,0,0,0.0,0.8841033177647355,0.21216920608656298,0.0,1.0,1.0
2018-10-23,19.609333038330078,18.304897074855305,15.579810951413432,1.0692642021413223,0.17866653939188615,26289.688647270203,29000.0,185,0.10912958325527994,0.0,0.0,0.0,1340,0,0,0,0.0,0.8832273807293713,0.0,0.0,0.0,1.0
2018-10-24,19.233333587646484,18.393319599883036,15.852113846372466,1.0663451400115338,0.2041918307832868,26289.688647270203,29000.0,185,0.1089321571002611,0.0,0.0,0.0,1366,0,0,0,0.0,0.8826633060007462,0.0,0.0,0.0,1.0
2018-10-25,20.99066734313965,18.64068605162176,16.001269935700762,1.11561269548253,0.21881707110912893,26289.688647270203,29000.0,185,0.10837984752267205,0.0,0.0,0.0,1252,0,0,0,0.0,0.881085278636206,0.0,0.0,0.0,1.0
2018-10-26,22.059999465942383,18.966334948223725,15.856597422583397,0.9906098879809029,0.2236159119905081,26289.688647270203,29000.0,185,0.10765275214146597,0.0,0.0,0.0,1191,0,0,0,0.0,0.8790078632613314,0.0,0.0,0.0,1.0
2018-10-29,22.323333740234375,19.286049118891405,15.868003479410186,0.7888730465706489,0.22162577140119014,26289.688647270203,29000.0,185,0.10693890757075103,0.0,0.0,0.0,1177,0,0,0,0.0,0.8769683073450031,0.0,0.0,0.0,1.0
2018-10-30,21.99333381652832,19.54388575676159,15.852978108854316,0.7810538354764716,0.23307942269428353,26289.688647270203,29000.0,185,0.10636322059481679,0.0,0.0,0.0,1195,0,0,0,0.0,0.8753234874137623,0.0,0.0,0.0,1.0
2018-10-31,22.488000869750977,19.82427767228439,15.776510128728193,0.7767405743435599,0.23861839210560604,26289.688647270203,29000.0,185,0.10573717312826159,0.0,0.0,0.0,1169,0,0,0,0.0,0.8735347803664617,0.0,0.0,0.0,1.0
2018-11-01,22.95199966430664,20.12215595723889,15.674391684630915,0.7530272609940232,0.2431602328452126,26789.688647270203,29500.0,185,0.10583357294131462,0.0,0.0,0.0,1167,0,0,0,0.0,0.8738102084037561,0.0,0.0,0.0,1.0
2018-11-02,23.0939998626709,20.405188710137175,15.672828230853472,0.689260461557741,0.24329614552413112,26789.688647270203,29500.0,185,0.1052123400345294,0.0,0.0,0.0,1160,0,0,0,0.0,0.8720352572415127,0.0,0.0,0.0,1.0
2018-11-05,22.760000228881836,20.62945647382714,15.826719380939334,0.6638726088416388,0.2450010345417671,26789.688647270203,29500.0,185,0.10472009129897264,0.0,0.0,0.0,1177,0,0,0,0.0,0.870628832282779,0.0,0.0,0.0,1.0
2018-11-06,22.737333297729492,20.830206647532126,15.941785271469984,0.6550585086162475,0.24695114006476954,26789.688647270203,29500.0,185,0.10427946168041674,0.0,0.0,0.0,1178,0,0,0,0.0,0.8693698905154765,0.0,0.0,0.0,1.0
2018-11-07,23.21066665649414,21.056917124576128,16.133303694412156,0.6410179559276938,0.2317250501907618,26789.688647270203,29500.0,185,0.10378185139605745,0.0,0.0,0.0,1154,0,0,0,0.0,0.8679481468458785,0.0,0.0,0.0,1.0
2018-11-08,23.426666259765625,21.282607518403697,16.42434795609526,0.6289156768900539,0.21831142961195832,26789.688647270203,29500.0,185,0.10328648010791053,0.0,0.0,0.0,1143,0,0,0,0.0,0.8665328003083158,0.0,0.0,0.0,1.0
2018-11-09,23.367332458496094,21.48115275079345,16.719018891899406,0.6319116541983741,0.216052918032724,26789.688647270203,29500.0,185,0.10285069014868214,0.0,0.0,0.0,1146,0,0,0,0.0,0.8652876861390919,0.0,0.0,0.0,1.0
2018-11-12,22.0853328704834,21.53869371457344,17.047424211848366,0.6793300918651011,0.22663201423699614,26789.688647270203,29500.0,185,0.10272439260953792,0.0,0.0,0.0,1213,0,0,0,0.0,0.8649268360272513,0.0,0.0,0.0,1.0
2018-11-13,22.582000732421875,21.63805628770186,17.275545771614937,0.6519463589082133,0.21142010421068688,26789.688647270203,29500.0,185,0.10250630018207807,0.0,0.0,0.0,1186,0,0,0,0.0,0.8643037148059375,0.0,0.0,0.0,1.0
2018-11-14,22.933332443237305,21.76141592156238,17.604050139522062,0.643382739239483,0.21243949165216985,26789.688647270203,29500.0,185,0.10223553623996051,0.0,0.0,0.0,1168,0,0,0,0.0,0.8635301035427444,0.0,0.0,0.0,1.0
2018-11-15,23.229333877563477,21.901217631657726,18.113501699004487,0.6243999463582289,0.21141113509541734,26789.688647270203,29500.0,185,0.10192868333390376,0.0,0.0,0.0,1153,0,0,0,0.0,0.8626533809540109,0.0,0.0,0.0,1.0
2018-11-16,23.62066650390625,22.06497466710997,18.831712937554723,0.614591847251904,0.21165149463851812,26789.688647270203,29500.0,185,0.10156925051880095,0.0,0.0,0.0,1134,0,0,0,0.0,0.8616264300537171,0.0,0.0,0.0,1.0
2018-11-19,23.564666748046875,22.207802484342057,19.792040892545227,0.6166016942090641,0.21900750437450606,26789.688647270203,29500.0,185,0.10125575556402883,0.0,0.0,0.0,1136,0,0,0,0.0,0.8607307301829397,0.0,0.0,0.0,1.0
2018-11-20,23.166000366210938,22.29905942547243,20.257695740344676,0.4655407647084826,0.22683647491349992,26789.688647270203,29500.0,185,0.15900231898168296,0.0,0.0,0.0,1156,0,0,0,0.0,0.8601584408911052,0.0,0.0,0.0,0.7102656766510191
2018-11-21,22.54599952697754,22.32257753037768,21.026907588160082,0.47231247060775616,0.1993554714707545,26789.688647270203,29500.0,185,0.10613759577916165,0.0,0.0,0.0,1188,0,0,0,0.0,0.8600109544705129,0.0,0.0,0.0,0.9743311914275892
2018-11-23,21.722000122070312,22.265379681967453,21.15094362166279,0.3843001468592614,0.18778580974899642,26789.688647270203,29500.0,185,0.3527573602537669,0.0,0.0,0.0,1233,0,0,0,0.0,0.860369652841899,0.12202342103719405,0.0,1.0,0.7054010780195779
2018-11-26,23.066667556762695,22.341692812900334,21.276839913606633,0.40426660989149393,0.18681176978360214,26789.688647270203,29500.0,185,0.14028991144967642,0.0,0.0,0.0,1161,0,0,0,0.0,0.8598910789699471,0.0,0.0,0.0,0.8033598309490251
2018-11-27,22.92799949645996,22.39753154466792,21.360892509875285,0.4037542514868976,0.18524527998169446,26789.688647270203,29500.0,185,0.13757837251663835,0.0,0.0,0.0,1168,0,0,0,0.0,0.8595409038724215,0.0,0.0,0.0,0.8163047191935457
2018-11-28,23.191333770751953,22.473131756675922,21.515215862709663,0.40033134528088926,0.1945860542077324,26789.688647270203,29500.0,185,0.15778194775394686,0.0,0.0,0.0,1155,0,0,0,0.0,0.8590668008479645,0.0,0.0,0.0,0.7144571627142033
2018-11-29,22.744667053222656,22.498992261108945,21.559510445010748,0.40074380415563526,0.19148656813150378,26789.688647270203,29500.0,185,0.15181599690555184,0.0,0.0,0.0,1177,0,0,0,0.0,0.858904624803215,0.0,0.0,0.0,0.7440031088778671
2018-11-30,23.365333557128906,22.58150095596799,21.623498029072714,0.40576176270035536,0.1900132369347008,26789.688647270203,29500.0,185,0.14452894362522326,0.0,0.0,0.0,1146,0,0,0,0.0,0.858387197394777,0.0,0.0,0.0,0.7795328773147432
2018-12-03,23.89933204650879,22.707008678876637,21.66272757746896,0.4127304012738772,0.19175549562820596,27289.688647270203,30000.0,185,0.14226096041670533,0.0,0.0,0.0,1141,0,0,0,0.0,0.8599734464802608,0.0,0.0,0.0,0.7936487292569296
2018-12-04,23.979999542236328,22.828245903958514,21.7052358092704,0.4081037204653157,0.22492523804809678,27289.688647270203,30000.0,185,0.19832950381953832,0.0,0.0,0.0,1138,0,0,0,0.0,0.8592258169255892,0.0,0.0,0.0,0.5119976605220895
2018-12-06,24.20400047302246,22.95927014863127,21.739857528580995,0.40843477098835046,0.22346574034825922,27289.688647270203,30000.0,185,0.1958247741135806,0.0,0.0,0.0,1127,0,0,0,0.0,0.8584178340834405,0.0,0.0,0.0,0.5231073390781178
2018-12-07,23.864667892456055,23.04549850518601,21.78394742301269,0.4075008817158825,0.22066247185864774,27289.688647270203,30000.0,185,0.19247415933082093,0.0,0.0,0.0,1143,0,0,0,0.0,0.857886092551353,0.0,0.0,0.0,0.5389298653107628
2018-12-10,24.343332290649414,23.16910172284919,21.806403965151695,0.4119243633203873,0.22136545810620886,27289.688647270203,30000.0,185,0.18985436113201373,0.0,0.0,0.0,1121,0,0,0,0.0,0.8571238727090966,0.0,0.0,0.0,0.5506949715808502
2018-12-11,24.450666427612305,23.291155504255205,21.82187650334856,0.4115942591166763,0.22030892516192505,27289.688647270203,30000.0,185,0.18835332669980367,0.0,0.0,0.0,1116,0,0,0,0.0,0.8563712077237595,0.0,0.0,0.0,0.5568829800175608
2018-12-12,24.440000534057617,23.40056931661734,21.955294862307568,0.3518382800974017,0.21229625710487576,27289.688647270203,30000.0,185,0.22327734541865413,0.0,0.0,0.0,1116,0,0,0,0.0,0.8556964892141931,0.0,0.0,0.0,0.38108212903156713
2018-12-13,25.119333267211914,23.564261121435873,21.979660387938978,0.355757866097825,0.21233134855020283,27289.688647270203,30000.0,185,0.21989306662925256,0.0,0.0,0.0,1086,0,0,0,0.0,0.8546870564178122,0.0,0.0,0.0,0.3962370155849084
2018-12-14,24.380666732788086,23.64201403680275,22.037948264342077,0.3743404483994366,0.22065318276535045,27289.688647270203,30000.0,185,0.21622089776531034,0.0,0.0,0.0,1119,0,0,0,0.0,0.8542075801063831,0.0,0.0,0.0,0.41375877635961866
2018-12-17,23.22800064086914,23.602584189570976,21.998454964430394,0.4128869751170325,0.2252854808887128,27289.688647270203,30000.0,185,0.3713763953616437,0.0,0.0,0.0,1174,0,0,0,0.0,0.854450730830979,0.07935223230076405,0.0,1.0,0.527273208672332
2018-12-18,22.468666076660156,23.494591988341377,21.813999496510828,0.42388089177786853,0.2247060751003927,27289.688647270203,30000.0,185,0.4113106102927626,0.0,0.0,0.0,1214,0,0,0,0.0,0.8551166827385615,0.218332353290134,0.0,1.0,0.5719827615864037
2018-12-19,22.197999954223633,23.371107032711112,21.587821265828048,0.42533374802641016,0.22377997586527443,27289.688647270203,30000.0,185,0.42061846882175125,0.0,0.0,0.0,1229,0,0,0,0.0,0.8558781732982814,0.2509737935917099,0.0,1.0,0.5838985979487283
2018-12-20,21.025333404541016,23.147700020504438,21.058107241387606,0.4590792743317173,0.22185606554890558,27289.688647270203,30000.0,185,0.6156158573799569,0.30111974069083075,1.0,0.5107838184835816,1297,3,3,3,63.07600021362305,0.857255849873556,0.45844006404165655,1.0,1.0,0.7243885624518369
2018-12-21,21.31800079345703,22.973442951261827,20.71778432594715,0.4555394371242729,0.22862554261113208,27226.61264705658,30000.0,188,0.4436291908288651,0.0,0.0,0.0,1277,0,0,0,0.0,0.8560330908387592,0.36029474583257226,0.0,1.0,0.6604277600305049
2018-12-24,19.69266700744629,22.660988099469872,19.96704726718776,0.5131478228027331,0.24231354378756534,27226.61264705658,30000.0,188,0.6765758795885694,0.41195614470648967,1.0,0.5883693012945428,1382,3,3,3,59.07800102233887,0.8579911412433221,0.6549407905326563,1.0,1.0,0.7647514826651152
2018-12-26,21.73933219909668,22.573211347053377,19.801633194550753,0.5995664783003697,0.30390970981026355,27167.53464603424,30000.0,191,0.38553892700556985,0.0,0.0,0.0,1249,0,0,0,0.0,0.8562838877570935,0.18470547569332635,0.0,1.0,0.6440367510103853
2018-12-27,21.075332641601562,22.430556232248442,19.510801642839695,0.607853610630002,0.30612323539640546,27167.53464603424,30000.0,191,0.4248081840086164,0.0,0.0,0.0,1289,0,0,0,0.0,0.8571921253213516,0.30209317517914974,0.0,1.0,0.6547083558327946
2018-12-28,22.257999420166016,22.414122250145354,19.47502098673609,0.6421389967067008,0.28992592262475186,27167.53464603424,30000.0,191,0.2931035822745729,0.0,0.0,0.0,1220,0,0,0,0.0,0.8572967550074079,0.03482688910076013,0.0,1.0,0.8456984658164295
2018-12-31,22.18666648864746,22.392459796669364,19.433038448865265,0.6386973210531119,0.29364149083366503,27167.53464603424,30000.0,191,0.30366978205347817,0.0,0.0,0.0,1224,0,0,0,0.0,0.8574346726278717,0.045951474266465474,0.0,1.0,0.812576846797699
2019-01-02,20.674667358398438,22.22886051683404,19.106518606214827,0.6726063441663493,0.290782010254367,27667.53464603424,30500.0,191,0.3881190779319835,0.0,0.0,0.0,1338,0,0,0,0.0,0.860796316107695,0.3495890302740896,0.0,1.0,0.9275789665082053
2019-01-03,20.02400016784668,22.01887381693048,18.701727756077467,0.670136108867868,0.293109036082461,27667.53464603424,30500.0,191,0.42923555072038944,0.0,0.0,0.0,1381,0,0,0,0.0,0.8621113147857796,0.4529917528184222,0.0,1.0,0.9052526147054059
2019-01-04,21.179332733154297,21.93891752323751,18.62463730262926,0.7089497080079067,0.3097873443852709,27667.53464603424,30500.0,191,0.33108654807906024,0.0,0.0,0.0,1306,0,0,0,0.0,0.8626120246905454,0.17311355249835542,0.0,1.0,0.9070870196852752
2019-01-07,22.33066749572754,21.976227044427034,18.76108156516738,0.738630748027957,0.31181224474858416,27667.53464603424,30500.0,191,0.10702714043906764,0.0,0.0,0.0,1238,0,0,0,0.0,0.8623783814594898,0.0,0.0,0.0,0.9740264653587687
2019-01-08,22.356666564941406,22.01245937971412,18.872092911072865,0.7375923482975328,0.30466049886863783,27667.53464603424,30500.0,191,0.10175301935954462,0.0,0.0,0.0,1237,0,0,0,0.0,0.8621514838844132,0.0,0.0,0.0,1.0
2019-01-09,22.568666458129883,22.06543148242038,19.068226630675063,0.7342997898572625,0.30504917019978794,27667.53464603424,30500.0,191,0.10163691493115395,0.0,0.0,0.0,1225,0,0,0,0.0,0.8618197569461543,0.0,0.0,0.0,1.0
2019-01-10,22.99799919128418,22.15424745469312,19.31690311207479,0.7380180891094673,0.3056410312204143,27667.53464603424,30500.0,191,0.10144224779192668,0.0,0.0,0.0,1203,0,0,0,0.0,0.8612635651197906,0.0,0.0,0.0,1.0
2019-01-11,23.150667190551758,22.249144572393945,19.57577186947105,0.738648993278803,0.3048264820139441,27667.53464603424,30500.0,191,0.1012342519782119,0.0,0.0,0.0,1195,0,0,0,0.0,0.8606692913663199,0.0,0.0,0.0,1.0
2019-01-14,22.293333053588867,22.253352999174417,19.984022310786536,0.7401737129514686,0.30520732422264296,27667.53464603424,30500.0,191,0.10122502793459637,0.0,0.0,0.0,1241,0,0,0,0.0,0.8606429369559897,0.0,0.0,0.0,1.0
2019-01-15,22.961999893188477,22.32084317955671,20.2948010113806,0.7441405418654359,0.30023897920387976,27667.53464603424,30500.0,191,0.10107710273595516,0.0,0.0,0.0,1204,0,0,0,0.0,0.8602202935313006,0.0,0.0,0.0,1.0
2019-01-16,23.06999969482422,22.392191419106,20.38705116453493,0.7247762857675877,0.28967370814932075,27667.53464603424,30500.0,191,0.1009207214305824,0.0,0.0,0.0,1199,0,0,0,0.0,0.8597734898016641,0.0,0.0,0.0,1.0
2019-01-17,23.15399932861328,22.464744553344786,20.39476316772018,0.7140093652188441,0.29040626564804123,27667.53464603424,30500.0,191,0.1007616992330787,0.0,0.0,0.0,1194,0,0,0,0.0,0.8593191406659392,0.0,0.0,0.0,1.0
2019-01-18,20.150667190551758,22.244356233078783,20.035905171054164,0.8541233274056812,0.2855191186938588,27667.53464603424,30500.0,191,0.41595869905696375,0.0,0.0,0.0,1373,0,0,0,0.0,0.860699277360064,0.47061129137411833,0.0,1.0,1.0
2019-01-22,19.92799949645996,22.023750829591275,19.68263722748367,0.834727936190292,0.2841411233000834,27667.53464603424,30500.0,191,0.4182559826168816,0.0,0.0,0.0,1388,0,0,0,0.0,0.8620807734933792,0.47579346255485405,0.0,1.0,1.0
2019-01-23,19.172666549682617,21.7522189934095,19.145204006679208,0.8423994511383815,0.2697732691498262,27667.53464603424,30500.0,191,0.4598524390448557,0.017913525536101208,1.0,0.31253946787527087,1443,2,2,2,38.345333099365234,0.8637811859756979,0.5929400684381755,0.0,1.0,1.0
2019-01-24,19.43400001525879,21.531436233585623,18.881361152915083,0.7993817787232056,0.24307075589726385,27629.189312934875,30500.0,193,0.42278545987615596,0.0,0.0,0.0,1421,0,0,0,0.0,0.863751895308786,0.48706370433737395,0.0,1.0,1.0
2019-01-25,19.80266761779785,21.366791603510595,18.59402635355935,0.7049896730755109,0.18111344536604704,27629.189312934875,30500.0,193,0.38078394036015134,0.0,0.0,0.0,1395,0,0,0,0.0,0.8647937449351625,0.36601751323669857,0.0,1.0,1.0
2019-01-28,19.7586669921875,21.213636878622683,18.33410183592146,0.6978086266606388,0.18485084578174904,27629.189312934875,30500.0,193,0.3730434501817452,0.0,0.0,0.0,1398,0,0,0,0.0,0.8657628879483876,0.3429326839994558,0.0,1.0,1.0
2019-01-29,19.83066749572754,21.081925508823144,18.137868286112663,0.6636014906013927,0.18491911840958067,27629.189312934875,30500.0,193,0.35717501544646396,0.0,0.0,0.0,1393,0,0,0,0.0,0.8665963402228568,0.2967608467670403,0.0,1.0,1.0
2019-01-30,20.584667205810547,21.034567575202896,18.099047710459967,0.6809001530714299,0.18930360846756988,27629.189312934875,30500.0,193,0.29084368997786675,0.0,0.0,0.0,1342,0,0,0,0.0,0.8668960150159292,0.10694309920654727,0.0,1.0,1.0
2019-01-31,20.468000411987305,20.980608797753792,18.034810433203788,0.6360440163415159,0.18997902881658602,27629.189312934875,30500.0,193,0.29628995742926817,0.0,0.0,0.0,1349,0,0,0,0.0,0.8672374590830662,0.12216241928627156,0.0,1.0,1.0
2019-02-01,20.81399917602539,20.96474121473204,18.06799695129932,0.6271155399895603,0.15796301617861838,28129.189312934875,31000.0,193,0.26690011583660217,0.0,0.0,0.0,1351,0,0,0,0.0,0.8694775788889263,0.03595132350136579,0.0,1.0,1.0
2019-02-04,20.859333038330078,20.954702340788995,18.051615189849723,0.5925685653975088,0.11461146705194221,28129.189312934875,31000.0,193,0.26230364945212054,0.0,0.0,0.0,1348,0,0,0,0.0,0.8695400789750879,0.022756062316685123,0.0,1.0,1.0
2019-02-05,21.42333221435547,20.999333757319135,18.137019659392152,0.566656477047738,0.11402021402889602,28129.189312934875,31000.0,193,0.10424177434493848,0.0,0.0,0.0,1313,0,0,0,0.0,0.86926221241411,0.0,0.0,0.0,1.0
2019-02-06,21.148000717163086,21.013492515399513,18.19991423584433,0.5679887551088442,0.11340115028065803,28129.189312934875,31000.0,193,0.10421092195434717,0.0,0.0,0.0,1330,0,0,0,0.0,0.8691740627267063,0.0,0.0,0.0,1.0
2019-02-07,20.500667572021484,20.964652044601607,18.214900029306996,0.5749052036828344,0.121434104293315,28129.189312934875,31000.0,193,0.2930479123115903,0.0,0.0,0.0,1372,0,0,0,0.0,0.8694781340448997,0.11065875827392958,0.0,1.0,1.0
2019-02-08,20.386667251586914,20.909605873838302,18.299859337264675,0.5683574993164332,0.12127706826810909,28129.189312934875,31000.0,193,0.29820390541687797,0.0,0.0,0.0,1379,0,0,0,0.0,0.8698208408499745,0.12504746034110542,0.0,1.0,1.0
2019-02-11,20.856000900268555,20.90450063826023,18.510251658341545,0.5758711160469264,0.12110226127685057,28129.189312934875,31000.0,193,0.25850852730665447,0.0,0.0,0.0,1348,0,0,0,0.0,0.8698526250585734,0.011600310103296648,0.0,1.0,1.0
2019-02-12,20.78733253479004,20.893341771263067,18.60029931396366,0.5629324977747749,0.1234498476994387,28129.189312934875,31000.0,193,0.26335193447263366,0.0,0.0,0.0,1353,0,0,0,0.0,0.8699220980047171,0.02536914334566487,0.0,1.0,1.0
2019-02-13,20.544666290283203,20.860134582598317,18.81563851894967,0.5499638060987393,0.12010654763047589,28129.189312934875,31000.0,193,0.2810103838553572,0.0,0.0,0.0,1369,0,0,0,0.0,0.870128839534146,0.07561511433830335,0.0,1.0,1.0
2019-02-14,20.251333236694336,20.802153502036035,19.105827173029656,0.5496768109526884,0.12159645135545005,28129.189312934875,31000.0,193,0.3010096900791856,0.0,0.0,0.0,1389,0,0,0,0.0,0.8704898185195821,0.1323950102780913,0.0,1.0,1.0
2019-02-15,20.525333404541016,20.775789683226982,19.629478262033086,0.5530610504926535,0.1239769968509663,28129.189312934875,31000.0,193,0.2758254823158997,0.0,0.0,0.0,1370,0,0,0,0.0,0.8706539545528127,0.060275994921186696,0.0,1.0,1.0
2019-02-19,20.375999450683594,20.737714422984755,19.595699768869018,0.30166839773369786,0.11753494753671151,28129.189312934875,31000.0,193,0.2853360059344828,0.0,0.0,0.0,1380,0,0,0,0.0,0.8708910037536756,0.08721187034484687,0.0,1.0,1.0
2019-02-20,20.17066764831543,20.683709968254345,19.556524314027982,0.301183936816462,0.1008563857927436,28129.189312934875,31000.0,193,0.29833683147926165,0.0,0.0,0.0,1394,0,0,0,0.0,0.871227225036352,0.12402086490439569,0.0,1.0,1.0
2019-02-21,19.415332794189453,20.562912142152925,19.486584299467168,0.3004107364769421,0.10334539068437452,28129.189312934875,31000.0,193,0.5028571210839552,0.09610385651628214,1.0,0.3672726995613975,1448,2,2,2,38.830665588378906,0.8719792889214351,0.27904105703272264,1.0,1.0,1.0
2019-02-22,19.6473331451416,20.47571414243756,19.435957043015602,0.2995162752003504,0.1041360941595513,28090.358647346497,31000.0,195,0.3257197287898527,0.0,0.0,0.0,1429,0,0,0,0.0,0.8712011529749896,0.20228378642458986,0.0,1.0,1.0
2019-02-25,19.917999267578125,20.422598440069997,19.395767198594303,0.29586273944863434,0.10203471984819626,28090.358647346497,31000.0,195,0.2982761389794056,0.0,0.0,0.0,1410,0,0,0,0.0,0.8715352678769791,0.12353941492132248,0.0,1.0,1.0
2019-02-26,19.857332229614258,20.368763562883736,19.354301254622367,0.29597605574358965,0.09547350691576256,28090.358647346497,31000.0,195,0.2990959341974729,0.0,0.0,0.0,1414,0,0,0,0.0,0.8718739066205701,0.1255430482293524,0.0,1.0,1.0
2019-02-27,20.982667922973633,20.42723064479706,19.422464837839037,0.3571756470781197,0.09499023423046547,28090.358647346497,31000.0,195,0.10502714543524516,0.0,0.0,0.0,1338,0,0,0,0.0,0.8715061298149862,0.0,0.0,0.0,1.0
2019-02-28,21.325332641601562,20.51276416830225,19.438886975495087,0.33673348846135387,0.0841196504303394,28090.358647346497,31000.0,195,0.10483883372623776,0.0,0.0,0.0,1317,0,0,0,0.0,0.8709680963606794,0.0,0.0,0.0,1.0
2019-03-01,19.652666091918945,20.430850065789553,19.28998691203549,0.4414438434279683,0.08252629533090786,28590.358647346497,31500.0,195,0.32238833650634385,0.0,0.0,0.0,1454,0,0,0,0.0,0.8735233091165409,0.1904433666158703,0.0,1.0,1.0
2019-03-04,19.02400016784668,20.296864361223566,18.99890285774388,0.4482406855862919,0.08494434767099604,28590.358647346497,31500.0,195,0.3657700844018586,0.0,0.0,0.0,1502,0,0,0,0.0,0.8743527444305208,0.3135617824319326,0.0,1.0,1.0
2019-03-05,18.43600082397461,20.11963926243795,18.579257152701594,0.4573851808435663,0.08315213962943464,28590.358647346497,31500.0,195,0.5528497988893395,0.1869996343442536,1.0,0.43089974404097753,1550,2,2,2,36.87200164794922,0.8754498521849079,0.418406716070348,1.0,1.0,1.0
2019-03-06,18.416000366210938,19.95738793898776,18.311077714685094,0.4412502779837181,0.08634358043705678,28553.486645698547,31500.0,197,0.39147487890212124,0.0,0.0,0.0,1550,0,0,0,0.0,0.8751871293974416,0.3861696674657622,0.0,1.0,1.0
2019-03-07,18.439332962036133,19.81281127451618,18.082175854685836,0.44168170605724294,0.09132548943452876,28553.486645698547,31500.0,197,0.3779467479353518,0.0,0.0,0.0,1548,0,0,0,0.0,0.8760913072673115,0.3466136868336938,0.0,1.0,1.0
2019-03-08,18.94266700744629,19.729940391938094,17.95902268521254,0.4474732350137024,0.08450523740535544,28553.486645698547,31500.0,197,0.3266426778497699,0.0,0.0,0.0,1507,0,0,0,0.0,0.8766095791361332,0.1995123575774954,0.0,1.0,1.0
2019-03-11,19.39466667175293,19.69800956144427,17.92918440162456,0.4577981782769831,0.09798420659128408,28553.486645698547,31500.0,197,0.2838326720390985,0.0,0.0,0.0,1472,0,0,0,0.0,0.8768092735363644,0.07699836086106018,0.0,1.0,1.0
2019-03-12,18.890666961669922,19.621119790037188,17.869768771897366,0.4551882923695341,0.09810035593990933,28553.486645698547,31500.0,197,0.3222003509765689,0.0,0.0,0.0,1511,0,0,0,0.0,0.8772901397257992,0.18613943449296924,0.0,1.0,1.0
2019-03-13,19.263999938964844,19.587108375649347,17.89421001857408,0.4633110966926157,0.09096255573023074,28553.486645698547,31500.0,197,0.2859939511636393,0.0,0.0,0.0,1482,0,0,0,0.0,0.8775028460316533,0.08247987157874485,0.0,1.0,1.0
2019-03-14,19.33066749572754,19.562685434704413,17.914819364964025,0.46283554268852395,0.0909809522103377,28553.486645698547,31500.0,197,0.27793485684774827,0.0,0.0,0.0,1477,0,0,0,0.0,0.8776555863289914,0.05930114752171796,0.0,1.0,1.0
2019-03-15,18.36199951171875,19.448334394420062,17.739071634249928,0.49139102858921296,0.09093931915185068,28553.486645698547,31500.0,197,0.3551803409287115,0.0,0.0,0.0,1555,0,0,0,0.0,0.878370734104738,0.27928738283443777,0.0,1.0,1.0
2019-03-18,17.965999603271484,19.30715965240591,17.53327268019695,0.49017513522804584,0.08434305312363798,28553.486645698547,31500.0,197,0.3793014535611135,0.0,0.0,0.0,1589,0,0,0,0.0,0.8792536364595567,0.34732194514362486,0.0,1.0,1.0
2019-03-19,17.83133316040039,19.166604748405387,17.32652059291387,0.4901822950488074,0.08442281776092543,28553.486645698547,31500.0,197,0.3799629271954204,0.0,0.0,0.0,1601,0,0,0,0.0,0.8801326623671155,0.3483328439055142,0.0,1.0,1.0
2019-03-20,18.239999771118164,19.078356655330413,17.236123849861524,0.5005925500347456,0.0854699303065958,28553.486645698547,31500.0,197,0.3351395405204575,0.0,0.0,0.0,1565,0,0,0,0.0,0.8806845631396796,0.21971412406162766,0.0,1.0,1.0
2019-03-21,18.26799964904785,19.00117979758922,17.12047960289335,0.4855006709556244,0.09105493159518242,28553.486645698547,31500.0,197,0.3259340862156656,0.0,0.0,0.0,1563,0,0,0,0.0,0.8811672247579341,0.1929301644296821,0.0,1.0,1.0
2019-03-22,17.635332107543945,18.871099065203953,16.898543236802297,0.49506189875164686,0.11428815564162781,28553.486645698547,31500.0,197,0.37329136507476285,0.0,0.0,0.0,1619,0,0,0,0.0,0.8819807455287245,0.3274231546848838,0.0,1.0,1.0
2019-03-25,17.3613338470459,18.727311901569855,16.673151413667103,0.49130065246758287,0.11426898256898019,28553.486645698547,31500.0,197,0.38665373556879196,0.0,0.0,0.0,1644,0,0,0,0.0,0.8828799858854203,0.3647021157396997,0.0,1.0,1.0
2019-03-26,17.851333618164062,18.643885398388353,16.59455846280204,0.5064242782028797,0.11695084794124944,28553.486645698547,31500.0,197,0.33358312629929104,0.0,0.0,0.0,1599,0,0,0,0.0,0.8834017325878569,0.2125500568386891,0.0,1.0,1.0
2019-03-27,18.32200050354004,18.613229694117084,16.838758431368,0.4675521916112368,0.11831705482353229,28553.486645698547,31500.0,197,0.2866388287481563,0.0,0.0,0.0,1558,0,0,0,0.0,0.8835934523891725,0.07823177260556007,0.0,1.0,1.0
2019-03-28,18.57466697692871,18.609557054384858,17.360247356271685,0.46600304132882353,0.11829050966286517,28553.486645698547,31500.0,197,0.2625467300794028,0.0,0.0,0.0,1537,0,0,0,0.0,0.8836164209614661,0.009374236408256208,0.0,1.0,1.0
2019-03-29,18.657333374023438,18.614107180064725,17.482696102848983,0.3814170585052891,0.1181777917466084,28553.486645698547,31500.0,197,0.10925578761696941,0.0,0.0,0.0,1530,0,0,0,0.0,0.8835879646199127,0.0,0.0,0.0,1.0
2019-04-01,19.278667449951172,18.677398634339625,17.5139986245061,0.38445497496767406,0.1230810087577989,29053.486645698547,32000.0,197,0.10975604263007127,0.0,0.0,0.0,1507,0,0,0,0.0,0.8850172646573466,0.0,0.0,0.0,1.0
2019-04-02,19.058666229248047,18.71370983385471,17.521520449729625,0.36894589759639906,0.12284188374289542,29053.486645698547,32000.0,197,0.10967780334236615,0.0,0.0,0.0,1524,0,0,0,0.0,0.884793723835332,0.0,0.0,0.0,1.0
2019-04-03,19.45400047302246,18.784213704251638,17.51999777896593,0.3746788930583146,0.11922503414789012,29053.486645698547,32000.0,197,0.10952588953412029,0.0,0.0,0.0,1493,0,0,0,0.0,0.8843596843832009,0.0,0.0,0.0,1.0
2019-04-04,17.851999282836914,18.695431378402617,17.39308018621375,0.482024195997152,0.11327158428661653,29053.486645698547,32000.0,197,0.3386672871868535,0.0,0.0,0.0,1627,0,0,0,0.0,0.8849062505767089,0.2255717128143014,0.0,1.0,1.0
2019-04-05,18.33066749572754,18.66069196100499,17.370786364976592,0.4816483150547481,0.11226692738107978,29053.486645698547,32000.0,197,0.290741740089316,0.0,0.0,0.0,1584,0,0,0,0.0,0.885120115115063,0.08842771371155425,0.0,1.0,1.0
2019-04-08,18.213333129882812,18.618086358040973,17.39495549028907,0.47266463341016535,0.1030150069988824,29053.486645698547,32000.0,197,0.2979284689607819,0.0,0.0,0.0,1595,0,0,0,0.0,0.8853824058583103,0.10869893402963814,0.0,1.0,1.0
2019-04-09,18.15399932861328,18.573887593333573,17.3639704667778,0.4646342682777099,0.10681739437417698,29053.486645698547,32000.0,197,0.2995402325037813,0.0,0.0,0.0,1600,0,0,0,0.0,0.8856545045035402,0.11303187407869204,0.0,1.0,1.0
2019-04-10,18.40399932861328,18.55770775859831,17.417945910552586,0.46146156990267506,0.10518897633162007,29053.486645698547,32000.0,197,0.27450871158498774,0.0,0.0,0.0,1578,0,0,0,0.0,0.8857541116111292,0.04141363577455024,0.0,1.0,1.0
2019-04-11,17.89466667175293,18.49456098842256,17.434878255015317,0.4698505668191678,0.10498131633347382,29053.486645698547,32000.0,197,0.3169134487945095,0.0,0.0,0.0,1623,0,0,0,0.0,0.8861428589150236,0.16218128049786062,0.0,1.0,1.0
2019-04-12,17.84666633605957,18.43285673581656,17.356086169493537,0.4363130596675706,0.10586684417505732,29053.486645698547,32000.0,197,0.31593538022534756,0.0,0.0,0.0,1627,0,0,0,0.0,0.8865227257201292,0.15900693206657818,0.0,1.0,1.0
2019-04-15,17.7586669921875,18.368648188804272,17.27609537652541,0.4298891683780092,0.10578967737963804,29053.486645698547,32000.0,197,0.318534839153599,0.0,0.0,0.0,1636,0,0,0,0.0,0.8869180095876738,0.1660386737083235,0.0,1.0,1.0
2019-04-16,18.224000930786133,18.35487225946921,17.279977057694893,0.4388761566420935,0.10570022635812619,29053.486645698547,32000.0,197,0.2729285900515455,0.0,0.0,0.0,1594,0,0,0,0.0,0.8870028176526427,0.03565029678034452,0.0,1.0,1.0
2019-04-17,18.082000732421875,18.32888449498851,17.25077527802545,0.43245411893522145,0.10536771448225744,29053.486645698547,32000.0,197,0.2840788790743894,0.0,0.0,0.0,1606,0,0,0,0.0,0.887162804827727,0.06734827824195713,0.0,1.0,1.0
2019-04-18,18.21733283996582,18.318260527843496,17.239981804150794,0.43326248511880944,0.09924331051279396,29053.486645698547,32000.0,197,0.27017180673404123,0.0,0.0,0.0,1594,0,0,0,0.0,0.8872282086254635,0.02754838204322583,0.0,1.0,1.0
2019-04-22,17.516666412353516,18.241918231130164,17.148008153688846,0.4375402069366401,0.06596245972664969,29053.486645698547,32000.0,197,0.33026987234636823,0.0,0.0,0.0,1658,0,0,0,0.0,0.8876981908896049,0.19878715867144742,0.0,1.0,1.0
2019-04-23,17.593332290649414,18.18014814156057,17.121686117157306,0.4338360115828808,0.06950707025431434,29053.486645698547,32000.0,197,0.3173136760852588,0.0,0.0,0.0,1651,0,0,0,0.0,0.8880784630035178,0.16138918295436472,0.0,1.0,1.0
2019-04-24,17.243999481201172,18.090991126288245,16.950951278697584,0.42738284285394373,0.06886591462834643,29053.486645698547,32000.0,197,0.3429518049101508,0.0,0.0,0.0,1684,0,0,0,0.0,0.888627335878788,0.23409210672164296,0.0,1.0,1.0
2019-04-25,16.5086669921875,17.94029358970722,16.565517204696892,0.438038092135636,0.06503956059892826,29053.486645698547,32000.0,197,0.5509934122350695,0.18362438588194446,1.0,0.4285370701173612,1759,2,2,2,33.017333984375,0.8895550675883649,0.3989975387975476,1.0,1.0,1.0
2019-04-26,15.675999641418457,17.72464654701305,15.979991259463219,0.46058476047384317,0.0654831577249772,29020.469311714172,32000.0,199,0.6136893838849056,0.29761706160891915,1.0,0.5083319431262434,1851,3,3,3,47.02799892425537,0.8897748542857625,0.5779090996711106,1.0,1.0,1.0
2019-04-29,16.097999572753906,17.5697277875598,15.660905029456831,0.47533488623205056,0.06330017632736301,28973.441312789917,32000.0,202,0.4077706293506777,0.0,0.0,0.0,1799,0,0,0,0.0,0.8890910933410288,0.41882499051805067,0.0,1.0,1.0
2019-04-30,15.912667274475098,17.411912500599353,15.43365038693765,0.45104365920505607,0.05197447876912519,28973.441312789917,32000.0,202,0.41221355205085747,0.0,0.0,0.0,1820,0,0,0,0.0,0.8900873023399666,0.4305228463767689,0.0,1.0,1.0
2019-05-01,15.600666999816895,17.23941292909626,15.15861537444398,0.45252320691408493,0.060674425245002446,29473.441312789917,32500.0,202,0.4288493305859264,0.0,0.0,0.0,1889,0,0,0,0.0,0.8928504181022324,0.4752905264289861,0.0,1.0,1.0
2019-05-02,16.273332595825195,17.14740527830854,15.204438050283299,0.47861610367041957,0.06147596533731762,29473.441312789917,32500.0,202,0.3519023846857245,0.0,0.0,0.0,1811,0,0,0,0.0,0.8934222810394361,0.2548702466340625,0.0,1.0,1.0
2019-05-03,17.00200080871582,17.133557233585424,15.197807166674377,0.4283562640839052,0.0690055910213238,29473.441312789917,32500.0,202,0.27616493106501044,0.0,0.0,0.0,1733,0,0,0,0.0,0.8935083519635614,0.03839145107932564,0.0,1.0,1.0
2019-05-06,17.022666931152344,17.12299625240132,15.24234790267546,0.4148731742160812,0.07045480013448513,29473.441312789917,32500.0,202,0.27300472852339747,0.0,0.0,0.0,1731,0,0,0,0.0,0.8935739925235364,0.02929666040045644,0.0,1.0,1.0
2019-05-07,16.470666885375977,17.060869646017956,15.204456858077407,0.4274897257964247,0.09318260942831329,29473.441312789917,32500.0,202,0.32342544777676735,0.0,0.0,0.0,1789,0,0,0,0.0,0.8939601332770576,0.17296971751370654,0.0,1.0,1.0
2019-05-08,16.32266616821289,16.990564552893662,15.156953268262406,0.42772204489809174,0.09076209654265108,29473.441312789917,32500.0,202,0.33183141435308044,0.0,0.0,0.0,1805,0,0,0,0.0,0.8943971064712455,0.196549791680413,0.0,1.0,1.0
2019-05-09,16.131999969482422,16.908796497330687,15.139267818124441,0.42245009444651965,0.0904253203341663,29473.441312789917,32500.0,202,0.34361252834685446,0.0,0.0,0.0,1827,0,0,0,0.0,0.8949053263858215,0.2297018974623341,0.0,1.0,1.0
2019-05-10,15.968000411987305,16.819196870155128,15.051885434597574,0.41517056201216096,0.09153932250396869,29473.441312789917,32500.0,202,0.35197687485737555,0.0,0.0,0.0,1845,0,0,0,0.0,0.8954622225301128,0.253043134205246,0.0,1.0,1.0
2019-05-13,15.133999824523926,16.658701913428345,14.792268142057662,0.4469749695539964,0.12170239698726146,29473.441312789917,32500.0,202,0.4239311784771492,0.0,0.0,0.0,1947,0,0,0,0.0,0.8964597604149992,0.4576293209482842,0.0,1.0,1.0
2019-05-14,15.487333297729492,16.5471429976475,14.665887312885399,0.46047592903767615,0.12643270940738324,29473.441312789917,32500.0,202,0.37608741834027365,0.0,0.0,0.0,1903,0,0,0,0.0,0.8971531419838524,0.32023948184550105,0.0,1.0,1.0
2019-05-15,15.463333129882812,16.443923010241342,14.653976189129466,0.4446659548574992,0.1287867917826044,29473.441312789917,32500.0,202,0.36858476686468494,0.0,0.0,0.0,1906,0,0,0,0.0,0.8977946939055769,0.29816178285066586,0.0,1.0,1.0
2019-05-16,15.222000122070312,16.3275494018441,14.619266612970517,0.4455272074395334,0.1332793642063323,29473.441312789917,32500.0,202,0.382974969542829,0.0,0.0,0.0,1936,0,0,0,0.0,0.8985180006408459,0.33855334091009426,0.0,1.0,1.0
2019-05-17,14.0686674118042,16.112417783745062,14.355464756170347,0.5011933981611472,0.13442564834034354,29473.441312789917,32500.0,202,0.6369248660532998,0.3398633928241814,1.0,0.537904374976927,2094,3,3,3,42.2060022354126,0.8998551263902614,0.6342159194763095,1.0,1.0,1.0
2019-05-20,13.690667152404785,15.88177486647456,13.934959778163865,0.49483436386488305,0.1358879513919137,29431.235310554504,32500.0,205,0.656374324662262,0.3752260448404763,1.0,0.5626582313883335,2149,3,3,3,41.072001457214355,0.8998226508422373,0.6898182767642257,1.0,1.0,1.0
2019-05-21,13.67199993133545,15.671320110747025,13.63584781345414,0.49276383165625864,0.13555652353420863,29390.16330909729,32500.0,208,0.48815824572161387,0.06937862858475247,1.0,0.34856504000932675,2149,2,2,2,27.3439998626709,0.899703551291219,0.6378914364848207,0.0,1.0,1.0
2019-05-22,12.84866714477539,15.402496018749726,13.113565098213858,0.5212348538662168,0.1356389608179809,29362.81930923462,32500.0,210,0.7053274604254827,0.4642317462281502,1.0,0.6249622223597051,2285,3,3,3,38.54600143432617,0.9004761795711557,0.8290308502159375,1.0,1.0,1.0
2019-05-23,13.03266716003418,15.17679803220539,12.682512382604596,0.5190550161673965,0.14080285334657203,29324.273307800293,32500.0,213,0.51242132301294,0.11349331456898173,1.0,0.37944532019828725,2250,2,2,2,26.06533432006836,0.9005336005889308,0.7063844651623263,0.0,1.0,1.0
2019-05-24,12.708666801452637,14.941737914990842,12.188323500392052,0.5010624066972305,0.13926555195318194,29298.207973480225,32500.0,215,0.5269449540660225,0.13989991648367722,1.0,0.3979299415385741,2305,2,2,2,25.417333602905273,0.9011546568700606,0.7472594976042899,0.0,1.0,1.0
2019-05-28,12.579999923706055,14.716810487249434,11.761127910208256,0.48178478284342147,0.14059116766320356,29272.79063987732,32500.0,217,0.5196995841819623,0.12672651669447682,1.0,0.3887085616861338,2326,2,2,2,25.15999984741211,0.9017369884389806,0.7259761092237685,0.0,1.0,1.0
2019-05-29,12.657333374023438,14.520669809799339,11.414784308213669,0.4859890215883574,0.14086965657333625,29247.630640029907,32500.0,219,0.49031887186489037,0.0733070397543461,1.0,0.3513149278280423,2310,2,2,2,25.314666748046875,0.9021530249739675,0.6416151803542905,0.0,1.0,1.0
2019-05-30,12.54800033569336,14.33279652655115,11.081890963243483,0.4849491137436074,0.14074231055290573,29222.31597328186,32500.0,221,0.4838072685392993,0.06146776098054413,1.0,0.3430274326863809,2328,2,2,2,25.09600067138672,0.9025369836194522,0.6226266407785457,0.0,1.0,1.0
2019-05-31,12.343999862670898,14.143387320467316,10.814947467740659,0.44197228525084575,0.14592802179366854,29197.219972610474,32500.0,223,0.4886772434459908,0.07032226081089231,1.0,0.34922558256762465,2365,2,2,2,24.687999725341797,0.9029546039241781,0.6361232344929386,0.0,1.0,1.0
2019-06-03,11.9313325881958,13.93271544120336,10.62830969069001,0.38964751524453783,0.1382623819276689,29672.531972885132,33000.0,225,0.518132478278976,0.12387723323450182,1.0,0.3867140632641513,2486,2,2,2,23.8626651763916,0.9050042129008862,0.7182314393247599,0.0,1.0,1.0
2019-06-04,12.90666675567627,13.834996518772208,10.748151649234966,0.5224925704633638,0.1640124868502393,29648.66930770874,33000.0,227,0.38411638709233337,0.0,0.0,0.0,2297,0,0,0,0.0,0.9048319936435972,0.33550054090592685,0.0,1.0,1.0
2019-06-05,13.105999946594238,13.765568273802877,10.871296516879562,0.5267797390261021,0.15875623707067402,29648.66930770874,33000.0,227,0.35070847305945213,0.0,0.0,0.0,2262,0,0,0,0.0,0.9053095758135378,0.23957177578489702,0.0,1.0,1.0
2019-06-06,13.729999542236328,13.762180775558445,11.10381939056324,0.5662489476393313,0.16070861304406842,29648.66930770874,33000.0,227,0.2709586753774999,0.0,0.0,0.0,2159,0,0,0,0.0,0.905332877695401,0.011691909097455848,0.0,1.0,1.0
2019-06-07,13.633333206176758,13.749909578474474,11.33709168936619,0.5660892044312612,0.16508841595753787,29648.66930770874,33000.0,227,0.28173314143824996,0.0,0.0,0.0,2174,0,0,0,0.0,0.9054172886571604,0.042391686880696694,0.0,1.0,1.0
2019-06-10,14.192000389099121,13.792013465200633,11.621955022196312,0.5917530122201389,0.16539538023029693,29648.66930770874,33000.0,227,0.11679468273302451,0.0,0.0,0.0,2089,0,0,0,0.0,0.9051276649514987,0.0,0.0,0.0,1.0
2019-06-11,14.473333358764648,13.85690107411149,11.769985341790377,0.5707304900634905,0.13845004936137334,29648.66930770874,33000.0,227,0.11663846089884367,0.0,0.0,0.0,2048,0,0,0,0.0,0.9046813168538391,0.0,0.0,0.0,1.0
2019-06-12,13.950667381286621,13.86583119860436,11.98136238178215,0.5752458003753506,0.13660067129862843,29648.66930770874,33000.0,227,0.11661696094760254,0.0,0.0,0.0,2125,0,0,0,0.0,0.9046198884217216,0.0,0.0,0.0,1.0
2019-06-13,14.260666847229004,13.903434593711468,12.225672038676615,0.5830467213118375,0.1358917819743612,29648.66930770874,33000.0,227,0.11652642792514006,0.0,0.0,0.0,2079,0,0,0,0.0,0.9043612226432575,0.0,0.0,0.0,1.0
2019-06-14,14.32800006866455,13.943869400849856,12.433719999894986,0.5818659182434159,0.132610441296741,29648.66930770874,33000.0,227,0.1164290780637115,0.0,0.0,0.0,2069,0,0,0,0.0,0.9040830801820329,0.0,0.0,0.0,1.0
2019-06-17,15.001999855041504,14.04464372982049,12.388194283934926,0.5380892668278596,0.13067354484411992,29648.66930770874,33000.0,227,0.11618645623229579,0.0,0.0,0.0,1976,0,0,0,0.0,0.9033898749494167,0.0,0.0,0.0,1.0
2019-06-18,14.982666969299316,14.13397927643752,12.332094392521428,0.5263119696716926,0.13153291740056913,29648.66930770874,33000.0,227,0.11597137413597086,0.0,0.0,0.0,1978,0,0,0,0.0,0.9027753546742026,0.0,0.0,0.0,1.0
2019-06-19,15.095333099365234,14.225536783383017,12.279164574161486,0.5258237647141755,0.12900904624198564,29648.66930770874,33000.0,227,0.11575094250182477,0.0,0.0,0.0,1964,0,0,0,0.0,0.9021455500052138,0.0,0.0,0.0,1.0
2019-06-20,14.641332626342773,14.265136387474422,12.283290145188015,0.48518480969477623,0.13140419245663548,29648.66930770874,33000.0,227,0.11565560345500475,0.0,0.0,0.0,2024,0,0,0,0.0,0.901873152728585,0.0,0.0,0.0,1.0
2019-06-21,14.790666580200195,14.315186882019734,12.284908028780233,0.48457882666863183,0.12183701918566218,29648.66930770874,33000.0,227,0.11553510309768278,0.0,0.0,0.0,2004,0,0,0,0.0,0.9015288659933794,0.0,0.0,0.0,1.0
2019-06-24,14.909333229064941,14.371772248404993,12.327647364469897,0.4699370313458334,0.12262843195064028,29648.66930770874,33000.0,227,0.1153988695413401,0.0,0.0,0.0,1988,0,0,0,0.0,0.9011396272609717,0.0,0.0,0.0,1.0
2019-06-25,14.650667190551758,14.39833367146659,12.405953641355788,0.4743981497900444,0.12395528722403111,29648.66930770874,33000.0,227,0.11533492090309028,0.0,0.0,0.0,2023,0,0,0,0.0,0.9009569168659722,0.0,0.0,0.0,1.0
2019-06-26,14.618000030517578,14.419254277090493,12.493886386487546,0.47577700817972474,0.12009411967546323,29648.66930770874,33000.0,227,0.11528455296015633,0.0,0.0,0.0,2028,0,0,0,0.0,0.9008130084575896,0.0,0.0,0.0,1.0
2019-06-27,14.855999946594238,14.460849102757518,12.62868950267305,0.4726779869466423,0.12020687829482284,29648.66930770874,33000.0,227,0.11518441026623982,0.0,0.0,0.0,1995,0,0,0,0.0,0.900526886474971,0.0,0.0,0.0,1.0
2019-06-28,14.897333145141602,14.502419011556,12.843730496220985,0.46399412703483334,0.10549554678391494,29648.66930770874,33000.0,227,0.11508432756157194,0.0,0.0,0.0,1990,0,0,0,0.0,0.9002409358902057,0.0,0.0,0.0,1.0
2019-07-01,15.14466667175293,14.56358545538428,13.266567561996908,0.435200475541957,0.10395325292099294,30148.66930770874,33500.0,227,0.11546039210655873,0.0,0.0,0.0,1990,0,0,0,0.0,0.9013154060187394,0.0,0.0,0.0,1.0
2019-07-02,14.970000267028809,14.602291627921854,13.493674613941646,0.3568054773655061,0.08065745146083715,30148.66930770874,33500.0,227,0.11536859493019724,0.0,0.0,0.0,2013,0,0,0,0.0,0.9010531283719923,0.0,0.0,0.0,1.0
2019-07-03,15.65999984741211,14.703025744063783,13.692047548389676,0.3813877320630934,0.08025615411100388,30148.66930770874,33500.0,227,0.11512968969057108,0.0,0.0,0.0,1925,0,0,0,0.0,0.9003705419730603,0.0,0.0,0.0,1.0
2019-07-05,15.539999961853027,14.782737574329426,13.790611382241034,0.3572845625907388,0.08099834570609292,30148.66930770874,33500.0,227,0.11494064178267244,0.0,0.0,0.0,1940,0,0,0,0.0,0.8998304050933499,0.0,0.0,0.0,1.0
2019-07-08,15.355999946594238,14.8373339907356,13.95272868446319,0.3600835552722347,0.0792726125087797,30148.66930770874,33500.0,227,0.11481115863988228,0.0,0.0,0.0,1963,0,0,0,0.0,0.8994604532568066,0.0,0.0,0.0,1.0
2019-07-09,15.337332725524902,14.88495291785839,14.022401413205992,0.3364190601176568,0.07854405550818826,30148.66930770874,33500.0,227,0.11469822360227316,0.0,0.0,0.0,1965,0,0,0,0.0,0.8991377817207805,0.0,0.0,0.0,1.0
2019-07-10,15.928000450134277,14.984290778075142,14.023930692705274,0.3540805529351796,0.07884084682988377,30148.66930770874,33500.0,227,0.11446262978155008,0.0,0.0,0.0,1892,0,0,0,0.0,0.8984646565187147,0.0,0.0,0.0,1.0
2019-07-11,15.90666675567627,15.07213610927525,14.140579146979018,0.32039777983342843,0.07750314959660776,30148.66930770874,33500.0,227,0.11425429212292776,0.0,0.0,0.0,1895,0,0,0,0.0,0.897869406065508,0.0,0.0,0.0,1.0
2019-07-12,16.338666915893555,15.192758090857945,14.16988309022259,0.32401404582056204,0.07770775031174416,30148.66930770874,33500.0,227,0.11396821999048762,0.0,0.0,0.0,1845,0,0,0,0.0,0.897052057115679,0.0,0.0,0.0,1.0
2019-07-15,16.899999618530273,15.355352522064834,14.138105590287296,0.33799965119949954,0.0768351027470509,30148.66930770874,33500.0,227,0.1135826042424462,0.0,0.0,0.0,1783,0,0,0,0.0,0.8959502978355607,0.0,0.0,0.0,1.0
2019-07-16,16.825332641601562,15.49535062868738,14.103925336163627,0.3082245092136414,0.0792655411495189,30148.66930770874,33500.0,227,0.11325057888211304,0.0,0.0,0.0,1791,0,0,0,0.0,0.8950016539488945,0.0,0.0,0.0,1.0
2019-07-17,16.99066734313965,15.6377617443495,14.083028394267705,0.30729633595962097,0.07914367845606987,30148.66930770874,33500.0,227,0.11291283072869945,0.0,0.0,0.0,1774,0,0,0,0.0,0.8940366592248556,0.0,0.0,0.0,1.0
2019-07-18,16.902666091918945,15.7582288250704,14.088784122800353,0.3100230094123414,0.07935609328246071,30148.66930770874,33500.0,227,0.11262712596561658,0.0,0.0,0.0,1783,0,0,0,0.0,0.8932203599017617,0.0,0.0,0.0,1.0
2019-07-19,17.211999893188477,15.896683212510217,14.13136647119765,0.2819592405570715,0.07705502854372279,30148.66930770874,33500.0,227,0.11229876175421077,0.0,0.0,0.0,1751,0,0,0,0.0,0.8922821764406024,0.0,0.0,0.0,1.0
2019-07-22,17.045333862304688,16.006078512490642,14.194335286241527,0.2889005144468822,0.07726096647096499,30148.66930770874,33500.0,227,0.11203931528903338,0.0,0.0,0.0,1768,0,0,0,0.0,0.8915409008258097,0.0,0.0,0.0,1.0
2019-07-23,17.344667434692383,16.13356317174795,14.247861189390473,0.29120307866479556,0.07979595580620755,30148.66930770874,33500.0,227,0.11173696734342159,0.0,0.0,0.0,1738,0,0,0,0.0,0.8906770495526333,0.0,0.0,0.0,1.0
2019-07-24,17.658666610717773,16.278811118316504,14.34068803303668,0.27754457618657286,0.07031732238442011,30148.66930770874,33500.0,227,0.11139249124327621,0.0,0.0,0.0,1707,0,0,0,0.0,0.8896928321236464,0.0,0.0,0.0,1.0
2019-07-25,15.254667282104492,16.181273610105837,14.324469104358595,0.5871225936532654,0.07393208404198363,30148.66930770874,33500.0,227,0.3618360181619545,0.0,0.0,0.0,1976,0,0,0,0.0,0.8903537579255515,0.286320579680033,0.0,1.0,1.0
2019-07-26,15.202667236328125,16.088073003079387,14.274326389863756,0.5852960072627937,0.07643829594688532,30148.66930770874,33500.0,227,0.3581559589502636,0.0,0.0,0.0,1983,0,0,0,0.0,0.8909852963671934,0.2751745863478454,0.0,1.0,1.0
2019-07-29,15.718000411987305,16.052827994403952,14.320308021744253,0.5962757585413659,0.07573632450842746,30148.66930770874,33500.0,227,0.2984296911052437,0.0,0.0,0.0,1918,0,0,0,0.0,0.8912241207543374,0.10428928240350194,0.0,1.0,1.0
2019-07-30,16.150667190551758,16.062146013084696,14.39685434612522,0.6007282457770431,0.07306295877071661,30148.66930770874,33500.0,227,0.11190634326150506,0.0,0.0,0.0,1866,0,0,0,0.0,0.8911609807471574,0.0,0.0,0.0,1.0
2019-07-31,16.107332229614258,16.066449462277987,14.505331734983614,0.5985210591386838,0.08350340152160395,30148.66930770874,33500.0,227,0.1118961370215526,0.0,0.0,0.0,1871,0,0,0,0.0,0.891131820061579,0.0,0.0,0.0,1.0
2019-08-01,15.59000015258789,16.021073337545598,14.453904881683474,0.5905755238221054,0.084512483643381,30648.66930770874,34000.0,227,0.30964913387414544,0.0,0.0,0.0,1965,0,0,0,0.0,0.8930357750699162,0.1345331788562136,0.0,1.0,1.0
2019-08-02,15.62266731262207,15.9831299066005,14.42360042516574,0.5898067886988078,0.0876439713278496,30648.66930770874,34000.0,227,0.30211839583071515,0.0,0.0,0.0,1961,0,0,0,0.0,0.8932891032706378,0.11276345624569133,0.0,1.0,1.0
2019-08-05,15.221332550048828,15.910577777405102,14.333377004652018,0.5958129471575635,0.13445222623196165,30648.66930770874,34000.0,227,0.3386306131941628,0.0,0.0,0.0,2013,0,0,0,0.0,0.8937734954273248,0.21659968512742617,0.0,1.0,1.0
2019-08-06,15.383333206176758,15.860364008716687,14.288721820842893,0.5969058552536234,0.1445870167637764,30648.66930770874,34000.0,227,0.3155726604679064,0.0,0.0,0.0,1992,0,0,0,0.0,0.8941087461770975,0.15038456944549247,0.0,1.0,1.0
2019-08-07,15.561332702636719,15.83188483670907,14.235325375379317,0.5818408312801943,0.14308153059305773,30648.66930770874,34000.0,227,0.29291047680219334,0.0,0.0,0.0,1969,0,0,0,0.0,0.8942988865313836,0.08544533290345444,0.0,1.0,1.0
2019-08-08,15.886667251586914,15.83710220955458,14.23962087960216,0.5867432440732158,0.16026721583015524,30648.66930770874,34000.0,227,0.11299241851326142,0.0,0.0,0.0,1929,0,0,0,0.0,0.8942640528950326,0.0,0.0,0.0,1.0
2019-08-09,15.667332649230957,15.820933679999948,14.203576712222493,0.5801607211427774,0.1600116743593255,30648.66930770874,34000.0,227,0.2800204622804337,0.0,0.0,0.0,1956,0,0,0,0.0,0.8943720016070592,0.04854360490846565,0.0,1.0,1.0
2019-08-12,15.267333030700684,15.768209808638114,14.132303497785854,0.5700418108909404,0.164308124925923,30648.66930770874,34000.0,227,0.31874210871485303,0.0,0.0,0.0,2007,0,0,0,0.0,0.8947240109835044,0.1588248710589329,0.0,1.0,1.0
2019-08-13,15.666666984558105,15.758539063487637,14.144297686380574,0.5802759865684153,0.17528136664854216,30648.66930770874,34000.0,227,0.2733784794668223,0.0,0.0,0.0,1956,0,0,0,0.0,0.8947885774290678,0.029149935333281737,0.0,1.0,1.0
2019-08-14,14.641332626342773,15.652138450426222,13.97833958922629,0.6186571849904865,0.20109495532855062,30648.66930770874,34000.0,227,0.37643859806993113,0.0,0.0,0.0,2093,0,0,0,0.0,0.8954989579927426,0.32289703649277485,0.0,1.0,1.0
2019-08-15,14.37600040435791,15.53060149365781,13.778324278756843,0.619954727498591,0.20069346465327076,30648.66930770874,34000.0,227,0.39380996832703513,0.0,0.0,0.0,2131,0,0,0,0.0,0.8963103959099905,0.37171808502439574,0.0,1.0,1.0
2019-08-16,14.662667274475098,15.447941091830886,13.749214807012956,0.6208792216700342,0.20877532401096813,30648.66930770874,34000.0,227,0.35286052387114547,0.0,0.0,0.0,2090,0,0,0,0.0,0.8968622756515997,0.25416779255167327,0.0,1.0,1.0
2019-08-19,15.121999740600586,15.41689905838038,13.824043199471866,0.6356041611328217,0.21381299610202276,30648.66930770874,34000.0,227,0.29744888750282344,0.0,0.0,0.0,2026,0,0,0,0.0,0.897069526874931,0.09564158027599327,0.0,1.0,1.0
2019-08-20,15.057332992553711,15.382654671158793,14.001215829846196,0.6299518428743119,0.2130911068076595,30648.66930770874,34000.0,227,0.3010644132206733,0.0,0.0,0.0,2035,0,0,0,0.0,0.897298158519028,0.10574302211146733,0.0,1.0,1.0
2019-08-21,14.722000122070312,15.319735190293224,14.343645522629073,0.6255344493568115,0.21487074965531602,30648.66930770874,34000.0,227,0.3324817001279267,0.0,0.0,0.0,2081,0,0,0,0.0,0.897718238582454,0.19508661892590817,0.0,1.0,1.0
2019-08-22,14.8100004196167,15.271189021657365,14.266681756962965,0.4046534006009013,0.21443244101199774,30648.66930770874,34000.0,227,0.40264960832110885,0.0,0.0,0.0,2069,0,0,0,0.0,0.8980423556495228,0.15099957226206012,0.0,1.0,0.572575332239726
2019-08-23,14.09333324432373,15.159012280958924,14.014101683861334,0.43808173310279314,0.22874222050940105,30648.66930770874,34000.0,227,0.4684059207279876,0.033465310414522866,1.0,0.32342571729016606,2174,2,2,2,28.18666648864746,0.8987913003594801,0.3515001561064047,0.0,1.0,0.5959804451753603
2019-08-26,14.333333015441895,15.080376160433493,13.88414437894155,0.4228538288376211,0.234020846425619,30620.482641220093,34000.0,229,0.44998962909791795,0.0,0.0,0.0,2136,0,0,0,0.0,0.8984292311547274,0.24768717207188173,0.0,1.0,0.5057555601569763
2019-08-27,14.272000312805176,15.003387984468892,13.82755374184341,0.40587563262912113,0.2340408308065276,30620.482641220093,34000.0,229,0.4609062378974308,0.019829523449874147,1.0,0.31388066641491197,2145,2,2,2,28.54400062561035,0.8989477691634301,0.24374083787636147,0.0,1.0,0.4451738728324812
2019-08-28,14.37266731262207,14.94331934905491,13.824840369197057,0.4083466940247287,0.23377999924664628,30591.938640594482,34000.0,231,0.4401753362590657,0.0,0.0,0.0,2128,0,0,0,0.0,0.8984733303049505,0.19093884802406055,0.0,1.0,0.45559463078044105
2019-08-29,14.780667304992676,14.92782867819184,13.838537549048684,0.41222642231391926,0.23716648568433404,30591.938640594482,34000.0,231,0.39206583324884875,0.0,0.0,0.0,2069,0,0,0,0.0,0.898578575745226,0.049290950603604375,0.0,1.0,0.44844250486620907
2019-08-30,15.040666580200195,14.938575145049779,13.891755000990619,0.41806385926411743,0.23577419442665865,30591.938640594482,34000.0,231,0.2189513487205506,0.0,0.0,0.0,2033,0,0,0,0.0,0.898505562985103,0.0,0.0,0.0,0.477627991621177
2019-09-03,15.000666618347168,14.944488618697148,13.905222996146005,0.408314246793891,0.21001606046539112,31091.938640594482,34500.0,231,0.19094377139042945,0.0,0.0,0.0,2072,0,0,0,0.0,0.8999369022922017,0.0,0.0,0.0,0.6201707220592056
2019-09-04,14.711999893188477,14.92234683531537,13.900717326729792,0.4113542707898486,0.20852324515120046,31091.938640594482,34500.0,231,0.3609142802666209,0.0,0.0,0.0,2113,0,0,0,0.0,0.9000851559722363,0.07048051638535978,0.0,1.0,0.6439185252926884
2019-09-05,15.305333137512207,14.958821721238879,13.965948444638762,0.43579051558658005,0.21279119107099048,31091.938640594482,34500.0,231,0.17361557019789148,0.0,0.0,0.0,2031,0,0,0,0.0,0.8998409328230093,0.0,0.0,0.0,0.7066437814508086
2019-09-06,15.16333293914795,14.978298980087361,14.09131487984925,0.4292787798407075,0.2029673036155412,31091.938640594482,34500.0,231,0.16239627377287189,0.0,0.0,0.0,2050,0,0,0,0.0,0.8997105198724585,0.0,0.0,0.0,0.7625120409124428
2019-09-09,15.452667236328125,15.023476909253148,14.173545525085823,0.43311359921959863,0.20113333363776542,31091.938640594482,34500.0,231,0.15589854382339532,0.0,0.0,0.0,2012,0,0,0,0.0,0.8994080241728267,0.0,0.0,0.0,0.7944713231854701
2019-09-10,15.702667236328125,15.088161702307907,14.172662113896791,0.4261766117335224,0.19486400080916294,31091.938640594482,34500.0,231,0.15013348748626185,0.0,0.0,0.0,1980,0,0,0,0.0,0.8989749172975905,0.0,0.0,0.0,0.8225386678394739
2019-09-11,16.47333335876465,15.220082812446645,14.106178826632094,0.4506491983474833,0.18959998436187495,31091.938640594482,34500.0,231,0.11819174022090034,0.0,0.0,0.0,1887,0,0,0,0.0,0.8980916194297051,0.0,0.0,0.0,0.980701632897482
2019-09-12,16.391332626342773,15.331630413770085,14.043522555576882,0.3735321581736364,0.15118776247201213,31091.938640594482,34500.0,231,0.11407065742164307,0.0,0.0,0.0,1896,0,0,0,0.0,0.8973447354904089,0.0,0.0,0.0,1.0
2019-09-13,16.34666633605957,15.428300501607179,14.040989254138319,0.3642695555249421,0.15174255633877387,31091.938640594482,34500.0,231,0.11384411317232052,0.0,0.0,0.0,1902,0,0,0,0.0,0.8966974662066302,0.0,0.0,0.0,1.0
2019-09-16,16.187332153320312,15.500589230341763,14.046371229148088,0.36519231035829564,0.14657821571651286,31091.938640594482,34500.0,231,0.11367470610802516,0.0,0.0,0.0,1920,0,0,0,0.0,0.8962134460229291,0.0,0.0,0.0,1.0
2019-09-17,16.319332122802734,15.578564743909475,14.036228413277254,0.35224615145580396,0.14159612449811593,31091.938640594482,34500.0,231,0.11349197218709905,0.0,0.0,0.0,1905,0,0,0,0.0,0.8956913491059975,0.0,0.0,0.0,1.0
2019-09-18,16.232667922973633,15.640860284772728,14.03736352087022,0.35258936979651206,0.13734371835545847,31091.938640594482,34500.0,231,0.11334598394133694,0.0,0.0,0.0,1915,0,0,0,0.0,0.8952742398323913,0.0,0.0,0.0,1.0
2019-09-19,16.440000534057617,15.716968879942717,14.05750616350208,0.3396663314099478,0.13534032617966096,31091.938640594482,34500.0,231,0.11316762510309075,0.0,0.0,0.0,1891,0,0,0,0.0,0.8947646431516879,0.0,0.0,0.0,1.0
2019-09-20,16.041332244873047,15.747860628983702,14.084749218581475,0.3559554043782991,0.1370567616964363,31091.938640594482,34500.0,231,0.11309523096077295,0.0,0.0,0.0,1938,0,0,0,0.0,0.8945578027450657,0.0,0.0,0.0,1.0
2019-09-23,16.082000732421875,15.779683495977814,14.21920428312725,0.29712687108535923,0.09266305143217995,31091.938640594482,34500.0,231,0.11302065476377371,0.0,0.0,0.0,1933,0,0,0,0.0,0.8943447278964963,0.0,0.0,0.0,1.0
2019-09-24,14.880666732788086,15.694062851864507,14.204547954667166,0.41155906002999454,0.09466588646420755,31091.938640594482,34500.0,231,0.3539207765114006,0.0,0.0,0.0,2089,0,0,0,0.0,0.8949180139483854,0.25914134751275913,0.0,1.0,1.0
2019-09-25,15.24666690826416,15.651453714378759,14.280276342305081,0.4182390510352927,0.0942929510254355,31091.938640594482,34500.0,231,0.30858065471983104,0.0,0.0,0.0,2039,0,0,0,0.0,0.8952033099124205,0.129312846429954,0.0,1.0,1.0
2019-09-26,16.17066764831543,15.700902660467966,14.439545390860966,0.46465019498359755,0.0939297960165986,31091.938640594482,34500.0,231,0.11320527593916418,0.0,0.0,0.0,1922,0,0,0,0.0,0.8948722169690406,0.0,0.0,0.0,1.0
2019-09-27,16.142000198364258,15.742911949791422,14.544758156060682,0.4579379830038429,0.08710043790573191,31091.938640594482,34500.0,231,0.11310682808288008,0.0,0.0,0.0,1926,0,0,0,0.0,0.8945909373796574,0.0,0.0,0.0,1.0
2019-09-30,16.058000564575195,15.772920389294638,14.61895935593611,0.4566485189936272,0.08849017222490962,31091.938640594482,34500.0,231,0.11303650395726167,0.0,0.0,0.0,1936,0,0,0,0.0,0.894390011306462,0.0,0.0,0.0,1.0
2019-10-01,16.312667846679688,15.824324909045595,14.717665093627872,0.4579718257209291,0.09641797727859036,31591.938640594482,35000.0,231,0.11344580946010463,0.0,0.0,0.0,1936,0,0,0,0.0,0.895559455600299,0.0,0.0,0.0,1.0
2019-10-02,16.208667755126953,15.860928989624771,14.894108566805105,0.45131593344206394,0.1090742612758821,31591.938640594482,35000.0,231,0.11336125403396674,0.0,0.0,0.0,1949,0,0,0,0.0,0.8953178686684765,0.0,0.0,0.0,1.0
2019-10-03,15.535332679748535,15.829919817255606,14.890702547999178,0.4603715841328633,0.10181531213346236,31591.938640594482,35000.0,231,0.29599953727020717,0.0,0.0,0.0,2033,0,0,0,0.0,0.895522529206113,0.0930475772801932,0.0,1.0,1.0
2019-10-04,15.428667068481445,15.791705269753304,14.893841297480128,0.4597262496642837,0.11534090996002115,31591.938640594482,35000.0,231,0.3037522087962497,0.0,0.0,0.0,2047,0,0,0,0.0,0.8957747452196282,0.11494585134108525,0.0,1.0,1.0
2019-10-07,15.847999572753906,15.797066631943837,14.931502464238871,0.46475841569118176,0.11622062217265976,31591.938640594482,35000.0,231,0.1135087760802097,0.0,0.0,0.0,1993,0,0,0,0.0,0.8957393602291707,0.0,0.0,0.0,1.0
2019-10-08,16.003332138061523,15.816710965859807,14.962699082220546,0.46266540171592535,0.12758794300764492,31591.938640594482,35000.0,231,0.11346339766886382,0.0,0.0,0.0,1974,0,0,0,0.0,0.8956097076253253,0.0,0.0,0.0,1.0
2019-10-09,16.302000045776367,15.862928973470908,15.024884502064175,0.4326797581498714,0.12943742618699852,31591.938640594482,35000.0,231,0.11335663407128216,0.0,0.0,0.0,1937,0,0,0,0.0,0.895304668775092,0.0,0.0,0.0,1.0
2019-10-10,16.31599998474121,15.90607859359189,15.07462077880175,0.43231461225827195,0.13155938780365573,31591.938640594482,35000.0,231,0.11325695844880268,0.0,0.0,0.0,1936,0,0,0,0.0,0.8950198812822935,0.0,0.0,0.0,1.0
2019-10-11,16.525999069213867,15.96511863888922,15.114503974443272,0.4344892819838567,0.13841631373591234,31591.938640594482,35000.0,231,0.11312057594416586,0.0,0.0,0.0,1911,0,0,0,0.0,0.8946302169833311,0.0,0.0,0.0,1.0
2019-10-14,17.130666732788086,16.07612321926054,15.091064212028936,0.4502655715437618,0.13812776595207213,31591.938640594482,35000.0,231,0.11286415536350813,0.0,0.0,0.0,1844,0,0,0,0.0,0.8938975867528804,0.0,0.0,0.0,1.0
2019-10-15,17.19266700744629,16.18246072289728,15.07892456470243,0.449894406745375,0.14271176604274763,31591.938640594482,35000.0,231,0.11261851573010723,0.0,0.0,0.0,1837,0,0,0,0.0,0.893195759228878,0.0,0.0,0.0,1.0
2019-10-16,17.316667556762695,16.29048042136065,15.061204631903967,0.44902286475805014,0.14285131666174747,31591.938640594482,35000.0,231,0.11236899022665686,0.0,0.0,0.0,1824,0,0,0,0.0,0.8924828292190197,0.0,0.0,0.0,1.0
2019-10-17,17.46466636657715,16.402307654238413,15.044994813163582,0.4481303801219266,0.1432501775056036,31591.938640594482,35000.0,231,0.11211066931870928,0.0,0.0,0.0,1808,0,0,0,0.0,0.8917447694820265,0.0,0.0,0.0,1.0
2019-10-18,17.1299991607666,16.471611607241098,15.056737236693468,0.4443130753779669,0.1428588628876048,31591.938640594482,35000.0,231,0.11195057718727303,0.0,0.0,0.0,1844,0,0,0,0.0,0.8912873633922087,0.0,0.0,0.0,1.0
2019-10-21,16.899999618530273,16.512410465459112,15.072707187602093,0.4484450501233226,0.1449607665317964,31591.938640594482,35000.0,231,0.11185633182478943,0.0,0.0,0.0,1869,0,0,0,0.0,0.8910180909279699,0.0,0.0,0.0,1.0
2019-10-22,17.038667678833008,16.56253020006615,15.255113442765152,0.34222961731677537,0.14209262486681726,31591.938640594482,35000.0,231,0.11174055523784715,0.0,0.0,0.0,1854,0,0,0,0.0,0.8906873006795634,0.0,0.0,0.0,1.0
2019-10-23,16.978666305541992,16.602162210111466,15.394550447017082,0.3375917542759489,0.1408338402887153,31591.938640594482,35000.0,231,0.11213357445800118,0.0,0.0,0.0,1860,0,0,0,0.0,0.8904257294132644,0.0,0.0,0.0,0.9975771541832066
2019-10-24,19.978666305541992,16.923734028723896,14.966647250624726,0.6731498586539575,0.14053509310140747,31591.938640594482,35000.0,231,0.11090617439364775,0.0,0.0,0.0,1581,0,0,0,0.0,0.8883033554104223,0.0,0.0,0.0,1.0
2019-10-25,21.875333786010742,17.39531495798931,14.381985792049194,0.7329044938034026,0.13925358911550229,31591.938640594482,35000.0,231,0.10981682244704466,0.0,0.0,0.0,1444,0,0,0,0.0,0.8851909212772705,0.0,0.0,0.0,1.0
2019-10-28,21.847333908081055,17.819316762759954,14.139276817077855,0.7315123586381841,0.1394693994671797,31591.938640594482,35000.0,231,0.10883737827802448,0.0,0.0,0.0,1446,0,0,0,0.0,0.8823925093657843,0.0,0.0,0.0,1.0
2019-10-29,21.08133316040039,18.12998499110666,14.108148893432727,0.7540354769436328,0.130591740838176,31591.938640594482,35000.0,231,0.10811973467054359,0.0,0.0,0.0,1498,0,0,0,0.0,0.8803420990586961,0.0,0.0,0.0,1.0
2019-10-30,21.000667572021484,18.40338333214617,14.14287161450973,0.7531803491783128,0.10826036398089717,31591.938640594482,35000.0,231,0.10748818450274233,0.0,0.0,0.0,1504,0,0,0,0.0,0.8785376700078353,0.0,0.0,0.0,1.0
2019-10-31,20.994667053222656,18.65017225796298,14.287357803726099,0.7265789030190646,0.10820505630646732,31591.938640594482,35000.0,231,0.10691810208410546,0.0,0.0,0.0,1504,0,0,0,0.0,0.8769088630974443,0.0,0.0,0.0,1.0
2019-11-01,20.887332916259766,18.863235177800767,14.499411114057445,0.7258704960739387,0.10253230134702915,32091.938640594482,35500.0,231,0.10703964608098049,0.0,0.0,0.0,1536,0,0,0,0.0,0.8772561316599443,0.0,0.0,0.0,1.0
2019-11-04,21.1646671295166,19.082419173202275,14.697413011141554,0.7247517710082324,0.09982664623515453,32091.938640594482,35500.0,231,0.10654046224919983,0.0,0.0,0.0,1516,0,0,0,0.0,0.875829892140571,0.0,0.0,0.0,1.0
2019-11-05,21.148000717163086,19.27914122500807,14.921244643138689,0.7268237974610472,0.07578359891991572,32091.938640594482,35500.0,231,0.10609243470304497,0.0,0.0,0.0,1517,0,0,0,0.0,0.8745498134372715,0.0,0.0,0.0,1.0
2019-11-06,21.77199935913086,19.516556285400714,15.13584857724436,0.72857546863178,0.07269934116234385,32091.938640594482,35500.0,231,0.10555173026268594,0.0,0.0,0.0,1474,0,0,0,0.0,0.8730049436076742,0.0,0.0,0.0,1.0
2019-11-07,22.369333267211914,19.788249331287496,15.37735238603863,0.72760258210798,0.07132379790711456,32091.938640594482,35500.0,231,0.10493295891733534,0.0,0.0,0.0,1434,0,0,0,0.0,0.8712370254781011,0.0,0.0,0.0,1.0
2019-11-08,22.47599983215332,20.044225569465194,15.644024368512024,0.7287535546853936,0.06392095138752865,32091.938640594482,35500.0,231,0.10434998204813345,0.0,0.0,0.0,1427,0,0,0,0.0,0.8695713772803814,0.0,0.0,0.0,1.0
2019-11-11,23.006000518798828,20.326299374163636,15.860781242012415,0.7254330136813983,0.06436065487527932,32091.938640594482,35500.0,231,0.10370756889010896,0.0,0.0,0.0,1394,0,0,0,0.0,0.8677359111145971,0.0,0.0,0.0,1.0
2019-11-12,23.32866668701172,20.612239118244407,16.11038086264867,0.7240611924286077,0.05709765393428823,32091.938640594482,35500.0,231,0.10305635119126588,0.0,0.0,0.0,1375,0,0,0,0.0,0.8658752891179026,0.0,0.0,0.0,1.0
2019-11-13,23.073999404907227,20.846692478878964,16.40897481315688,0.7299103684650902,0.05563106586555892,32091.938640594482,35500.0,231,0.1025223919178207,0.0,0.0,0.0,1390,0,0,0,0.0,0.8643496911937735,0.0,0.0,0.0,1.0
2019-11-14,23.290000915527344,21.079388520464523,16.737805897501474,0.7298149426825484,0.05557346586773771,32091.938640594482,35500.0,231,0.10199243487663218,0.0,0.0,0.0,1377,0,0,0,0.0,0.8628355282189492,0.0,0.0,0.0,1.0
2019-11-15,23.47800064086914,21.30782777002687,17.19441431415019,0.7190213638550104,0.055493844938562645,32091.938640594482,35500.0,231,0.10147217252938945,0.0,0.0,0.0,1366,0,0,0,0.0,0.8613490643696843,0.0,0.0,0.0,1.0
2019-11-18,23.332666397094727,21.50066954403333,17.813995087184644,0.7154388501567974,0.052939695139946515,32091.938640594482,35500.0,231,0.10103298217929307,0.0,0.0,0.0,1375,0,0,0,0.0,0.8600942347979803,0.0,0.0,0.0,1.0
2019-11-19,23.968000411987305,21.73565343621942,18.54810636277973,0.7154733372063654,0.04983352574148088,32091.938640594482,35500.0,231,0.10049781463891994,0.0,0.0,0.0,1338,0,0,0,0.0,0.8585651846826285,0.0,0.0,0.0,1.0
2019-11-20,23.481332778930664,21.901908611715726,19.605645905578335,0.7246206247468372,0.05376779214784395,32091.938640594482,35500.0,231,0.1001191743307826,0.0,0.0,0.0,1366,0,0,0,0.0,0.8574833552308075,0.0,0.0,0.0,1.0
2019-11-21,23.655332565307617,22.068901369200667,19.93064529039734,0.41256281385145216,0.05500732811718222,32091.938640594482,35500.0,231,0.09973885420563733,0.0,0.0,0.0,1356,0,0,0,0.0,0.856396726301821,0.0,0.0,0.0,1.0
2019-11-22,22.202667236328125,22.081640975593757,19.954070009318485,0.34776699959544005,0.05425213858122461,32091.938640594482,35500.0,231,0.09970984020065476,0.0,0.0,0.0,1445,0,0,0,0.0,0.856313829144728,0.0,0.0,0.0,1.0
2019-11-25,22.422666549682617,22.114119601697457,20.00124654301586,0.34907031171552927,0.056583951837587895,32091.938640594482,35500.0,231,0.09963587127331719,0.0,0.0,0.0,1431,0,0,0,0.0,0.8561024893523349,0.0,0.0,0.0,1.0
2019-11-26,21.92799949645996,22.096393877389126,20.06289154826981,0.3337056657517416,0.05592162147680915,32091.938640594482,35500.0,231,0.26301281383438085,0.0,0.0,0.0,1463,0,0,0,0.0,0.8562178313893835,0.03810449385170491,0.0,1.0,1.0
2019-11-27,22.086000442504883,22.09540402644777,20.169564222784437,0.3333677262651087,0.05635809934180312,32091.938640594482,35500.0,231,0.25042327791165825,0.0,0.0,0.0,1453,0,0,0,0.0,0.8562242723912835,0.002127950213454287,0.0,1.0,1.0
2019-11-29,21.996000289916992,22.08593700392103,20.27669797333831,0.3340937792763776,0.05756022721017369,32091.938640594482,35500.0,231,0.25682627630637705,0.0,0.0,0.0,1458,0,0,0,0.0,0.8562858747068801,0.020360629025625947,0.0,1.0,1.0
2019-12-02,22.32466697692871,22.108673191826522,20.47212823006933,0.3355770972515469,0.060473645262204494,32591.938640594482,36000.0,231,0.10034760479002292,0.0,0.0,0.0,1459,0,0,0,0.0,0.8581360136857799,0.0,0.0,0.0,1.0
2019-12-03,22.413333892822266,22.137688496683257,20.64697340500433,0.3336189509342768,0.06479968827087723,32591.938640594482,36000.0,231,0.10028244125119878,0.0,0.0,0.0,1454,0,0,0,0.0,0.8579498321462824,0.0,0.0,0.0,1.0
2019-12-04,22.20199966430664,22.143813369790244,20.816733064467638,0.33634784542521284,0.06799667101844066,32591.938640594482,36000.0,231,0.1002686858070127,0.0,0.0,0.0,1467,0,0,0,0.0,0.8579105308771793,0.0,0.0,0.0,1.0
2019-12-05,22.024667739868164,22.132466166940524,20.8398360758782,0.3226975938932694,0.06806760637306004,32591.938640594482,36000.0,231,0.25881772268741726,0.0,0.0,0.0,1479,0,0,0,0.0,0.857983342095465,0.02435300844001288,0.0,1.0,1.0
2019-12-06,22.392667770385742,22.157247272030546,20.86603379932084,0.3130458374068672,0.07416914940127346,32591.938640594482,36000.0,231,0.1002385155015647,0.0,0.0,0.0,1455,0,0,0,0.0,0.8578243300044707,0.0,0.0,0.0,1.0
2019-12-09,22.635332107543945,22.20277916112706,20.916835788870145,0.3149453140434331,0.07533040692097,32591.938640594482,36000.0,231,0.10013625846730212,0.0,0.0,0.0,1439,0,0,0,0.0,0.8575321670494347,0.0,0.0,0.0,1.0
2019-12-10,23.256000518798828,22.303085957095803,21.002384576154743,0.31893982638724977,0.07498664100100749,32591.938640594482,36000.0,231,0.09991098612135563,0.0,0.0,0.0,1401,0,0,0,0.0,0.8568885317753019,0.0,0.0,0.0,1.0
2019-12-11,23.51333236694336,22.418347519938425,21.098603135515038,0.3174736522761979,0.07533283512949321,32591.938640594482,36000.0,231,0.0996521278614716,0.0,0.0,0.0,1386,0,0,0,0.0,0.8561489367470617,0.0,0.0,0.0,1.0
2019-12-12,23.978666305541992,22.56694930904353,21.147112170301373,0.3214021371933343,0.08021033391930066,32591.938640594482,36000.0,231,0.09931839301010637,0.0,0.0,0.0,1359,0,0,0,0.0,0.855195408600304,0.0,0.0,0.0,1.0
2019-12-13,23.892667770385742,22.693208210123743,21.20810111972644,0.32082036928472407,0.08030243655556864,32591.938640594482,36000.0,231,0.09903483656143036,0.0,0.0,0.0,1364,0,0,0,0.0,0.8543852473183726,0.0,0.0,0.0,1.0
2019-12-16,25.433332443237305,22.954172422801225,21.088786520260424,0.39101319092909115,0.07973317253182324,32591.938640594482,36000.0,231,0.0984487544337922,0.0,0.0,0.0,1281,0,0,0,0.0,0.8527107269536921,0.0,0.0,0.0,1.0
2019-12-17,25.266000747680664,23.174346548980218,21.04524960059525,0.39115397229992543,0.07975310495492312,32591.938640594482,36000.0,231,0.0979542800420819,0.0,0.0,0.0,1289,0,0,0,0.0,0.8512979429773769,0.0,0.0,0.0,1.0
2019-12-18,26.209999084472656,23.463456314265212,20.93333233118291,0.40058032388954856,0.07970923047278737,32591.938640594482,36000.0,231,0.0973049876942127,0.0,0.0,0.0,1243,0,0,0,0.0,0.8494428219834649,0.0,0.0,0.0,1.0
2019-12-19,26.93600082397461,23.794174838999442,20.753197421539276,0.39692958766817016,0.07834308197670635,32591.938640594482,36000.0,231,0.09656224900741373,0.0,0.0,0.0,1209,0,0,0,0.0,0.8473207114497536,0.0,0.0,0.0,1.0
2019-12-20,27.03933334350586,24.103237553714337,20.640677838589347,0.39710524945083253,0.0783100089744425,32591.938640594482,36000.0,231,0.09586814566061652,0.0,0.0,0.0,1205,0,0,0,0.0,0.845337559030333,0.0,0.0,0.0,1.0
2019-12-23,27.947999954223633,24.469405401381888,20.540769332652232,0.31466029672759555,0.07838110177771097,32591.938640594482,36000.0,231,0.09504579370272981,0.0,0.0,0.0,1166,0,0,0,0.0,0.8429879820077996,0.0,0.0,0.0,1.0
2019-12-24,28.350000381469727,24.83898587567597,20.475954195016023,0.31471283326019145,0.0756757114697372,32591.938640594482,36000.0,231,0.09421577755421101,0.0,0.0,0.0,1149,0,0,0,0.0,0.8406165072977458,0.0,0.0,0.0,1.0
2019-12-26,28.729333877563477,25.209495209189065,20.50921982776751,0.2878685615799707,0.07678040904176282,32591.938640594482,36000.0,231,0.0933836753426962,0.0,0.0,0.0,1134,0,0,0,0.0,0.8382390724077035,0.0,0.0,0.0,1.0
2019-12-27,28.691999435424805,25.541162278354374,20.611977830438782,0.2919873153106692,0.07632306365871673,32591.938640594482,36000.0,231,0.09263880638319577,0.0,0.0,0.0,1135,0,0,0,0.0,0.8361108753805594,0.0,0.0,0.0,1.0
2019-12-30,27.64666748046875,25.741686583317648,20.832234952256243,0.3367275922072533,0.07821090491584849,32591.938640594482,36000.0,231,0.09218846221496574,0.0,0.0,0.0,1178,0,0,0,0.0,0.8348241777570451,0.0,0.0,0.0,1.0
2019-12-31,27.8886661529541,25.946160828044928,21.05502771736883,0.3366559506730797,0.0690195248216153,32591.938640594482,36000.0,231,0.09172924714034908,0.0,0.0,0.0,1168,0,0,0,0.0,0.8335121346867117,0.0,0.0,0.0,1.0
2020-01-02,28.68400001525879,26.206907417303388,21.297051701692695,0.34072409721613206,0.06498082397056801,33091.93864059448,36500.0,231,0.09194990507701428,0.0,0.0,0.0,1153,0,0,0,0.0,0.8341425859343266,0.0,0.0,0.0,1.0
2020-01-03,29.534000396728516,26.52377341534388,21.598610128964744,0.33535865760606065,0.07182625314233698,33091.93864059448,36500.0,231,0.09124802518820402,0.0,0.0,0.0,1120,0,0,0,0.0,0.8321372148234402,0.0,0.0,0.0,1.0
2020-01-06,30.1026668548584,26.864620409583356,21.98832255347892,0.324821187570588,0.07202524859440808,33091.93864059448,36500.0,231,0.09049302575027907,0.0,0.0,0.0,1099,0,0,0,0.0,0.8299800735722259,0.0,0.0,0.0,1.0
2020-01-07,31.270666122436523,27.284243810807467,22.330641473047397,0.33482492157421506,0.06881451768473372,33091.93864059448,36500.0,231,0.08956353117523874,0.0,0.0,0.0,1058,0,0,0,0.0,0.8273243747863965,0.0,0.0,0.0,1.0
2020-01-08,32.80933380126953,27.81044285751814,22.596609581662186,0.35261384456186606,0.06760424079817674,33091.93864059448,36500.0,231,0.08839796424574403,0.0,0.0,0.0,1008,0,0,0,0.0,0.8239941835592688,0.0,0.0,0.0,1.0
2020-01-09,32.089332580566406,28.217956164475115,22.971127816420488,0.3794329452014212,0.06872375611713086,33091.93864059448,36500.0,231,0.08749529435896403,0.0,0.0,0.0,1031,0,0,0,0.0,0.8214151267398973,0.0,0.0,0.0,1.0
2020-01-10,31.876667022705078,28.566404817639874,23.4262951666839,0.38789483687488074,0.0709783036995628,33091.93864059448,36500.0,231,0.08672345672585796,0.0,0.0,0.0,1038,0,0,0,0.0,0.8192098763595942,0.0,0.0,0.0,1.0
2020-01-13,34.990665435791016,29.178239162225697,23.60927996344411,0.48534127832234375,0.06920121275902003,33091.93864059448,36500.0,231,0.0853682017461384,0.0,0.0,0.0,945,0,0,0,0.0,0.8153377192746812,0.0,0.0,0.0,1.0
2020-01-14,35.861331939697266,29.81472418865156,23.89131576095039,0.47783769043282404,0.06997077555556282,33091.93864059448,36500.0,231,0.08395834381774031,0.0,0.0,0.0,922,0,0,0,0.0,0.8113095537649724,0.0,0.0,0.0,1.0
2020-01-15,34.56666564941406,30.267290042057514,24.214233385323894,0.4894917772262213,0.06705115017925717,33091.93864059448,36500.0,231,0.08295587945478489,0.0,0.0,0.0,957,0,0,0,0.0,0.8084453698708141,0.0,0.0,0.0,1.0
2020-01-16,34.232666015625,30.64494489668299,24.685991172570418,0.49148811736384773,0.07110768514861893,33091.93864059448,36500.0,231,0.08211934808501858,0.0,0.0,0.0,966,0,0,0,0.0,0.8060552802429104,0.0,0.0,0.0,1.0
2020-01-17,34.03333282470703,30.967648508875754,25.10533656078693,0.4902014347595284,0.0708561845567689,33091.93864059448,36500.0,231,0.0814045374810245,0.0,0.0,0.0,972,0,0,0,0.0,0.8040129642314986,0.0,0.0,0.0,1.0
2020-01-21,36.47999954223633,31.492634321576762,25.36050943312477,0.5305143517467049,0.07224592189367801,33091.93864059448,36500.0,231,0.0802416579479594,0.0,0.0,0.0,907,0,0,0,0.0,0.800690451279884,0.0,0.0,0.0,1.0
2020-01-22,37.97066879272461,32.1095899854956,25.581041893039583,0.5356976067223574,0.0714265924358393,33091.93864059448,36500.0,231,0.0788750588951419,0.0,0.0,0.0,871,0,0,0,0.0,0.7967858825575483,0.0,0.0,0.0,1.0
2020-01-23,38.14666748046875,32.68454974692162,25.802326081826635,0.5341200621063589,0.07139848385616464,33091.93864059448,36500.0,231,0.07760148364277769,0.0,0.0,0.0,867,0,0,0,0.0,0.7931470961222221,0.0,0.0,0.0,1.0
2020-01-24,37.654666900634766,33.15789423775144,26.114758311061127,0.5440370622928952,0.08059830298647758,33091.93864059448,36500.0,231,0.07655299317473407,0.0,0.0,0.0,878,0,0,0,0.0,0.7901514090706689,0.0,0.0,0.0,1.0
2020-01-27,37.201332092285156,33.54298355723084,26.476958541405722,0.5523579217894686,0.09879180854869996,33091.93864059448,36500.0,231,0.07569999395610644,0.0,0.0,0.0,889,0,0,0,0.0,0.7877142684460186,0.0,0.0,0.0,1.0
2020-01-28,37.793331146240234,33.94777856570792,26.901159885607093,0.5495866520439633,0.10494590944512895,33091.93864059448,36500.0,231,0.07480334528664417,0.0,0.0,0.0,875,0,0,0,0.0,0.7851524151046978,0.0,0.0,0.0,1.0
2020-01-29,38.732666015625,34.40348213236669,27.56841832861858,0.5164214496352911,0.10241671803975823,33091.93864059448,36500.0,231,0.07379393067392198,0.0,0.0,0.0,854,0,0,0,0.0,0.7822683733540629,0.0,0.0,0.0,1.0
2020-01-30,42.72066879272461,35.195595147638876,27.987902423842073,0.5972332806550903,0.10247067832051376,33091.93864059448,36500.0,231,0.072039346090778,0.0,0.0,0.0,774,0,0,0,0.0,0.77725527454508,0.0,0.0,0.0,1.0
2020-01-31,43.371334075927734,35.97423695033305,28.421762504382848,0.5972313989335838,0.11769227214698136,33091.93864059448,36500.0,231,0.07031460116618005,0.0,0.0,0.0,762,0,0,0,0.0,0.7723274319033716,0.0,0.0,0.0,1.0
2020-02-03,52.0,37.50050009792038,27.457140686988886,0.8684849168520785,0.11803347062679947,33591.93864059448,37000.0,231,0.06805633965089558,0.0,0.0,0.0,645,0,0,0,0.0,0.765875256145416,0.0,0.0,0.0,1.0
2020-02-04,59.137332916259766,39.56115084252413,25.81791599869533,0.9466118318095235,0.12877082830680026,33591.93864059448,37000.0,231,0.06355353930761953,0.0,0.0,0.0,568,0,0,0,0.0,0.7530101123074845,0.0,0.0,0.0,1.0
2020-02-05,48.97999954223633,40.45818405202053,26.304490326330544,1.1993768688505997,0.1331217582801846,33591.93864059448,37000.0,231,0.0615934005241659,0.0,0.0,0.0,685,0,0,0,0.0,0.7474097157833313,0.0,0.0,0.0,1.0
2020-02-06,49.930667877197266,41.360325368704025,26.728413450879884,1.1961837555490238,0.13270715805166733,33591.93864059448,37000.0,231,0.059622099836223796,0.0,0.0,0.0,672,0,0,0,0.0,0.7417774281034966,0.0,0.0,0.0,1.0
2020-02-07,49.871334075927734,42.17089762653485,27.37430476748377,1.1878765834418972,0.13332146970137654,33591.93864059448,37000.0,231,0.05785088991607179,0.0,0.0,0.0,673,0,0,0,0.0,0.7367168283316338,0.0,0.0,0.0,1.0
2020-02-10,51.41866683959961,43.05163755158864,28.149343679854695,1.182118169660133,0.13447547823085115,33591.93864059448,37000.0,231,0.055926354160920455,0.0,0.0,0.0,653,0,0,0,0.0,0.7312181547454871,0.0,0.0,0.0,1.0
2020-02-11,51.62533187866211,43.868179868452785,28.700944894033427,1.1540487525573309,0.132839075004784,33591.93864059448,37000.0,231,0.05414209885501603,0.0,0.0,0.0,650,0,0,0,0.0,0.7261202824429029,0.0,0.0,0.0,1.0
2020-02-12,51.15266799926758,44.5619406428161,29.28088272410981,1.1592814400552347,0.13378598674361789,33591.93864059448,37000.0,231,0.05262613781157616,0.0,0.0,0.0,656,0,0,0,0.0,0.7217889651759319,0.0,0.0,0.0,1.0
2020-02-13,53.599998474121094,45.42270805532133,30.074538106170095,1.1431817720218114,0.13422703745437278,33591.93864059448,37000.0,231,0.05074524469533165,0.0,0.0,0.0,626,0,0,0,0.0,0.7164149848438047,0.0,0.0,0.0,1.0
2020-02-14,53.33533477783203,46.176291552703304,31.091418640147197,1.1414244083967484,0.13164805467419127,33591.93864059448,37000.0,231,0.04909856291794423,0.0,0.0,0.0,629,0,0,0,0.0,0.7117101797655551,0.0,0.0,0.0,1.0
2020-02-18,57.22666549682617,47.228708118810246,32.211194515718475,1.1475835425619605,0.13187915529176558,33591.93864059448,37000.0,231,0.04679889050254571,0.0,0.0,0.0,586,0,0,0,0.0,0.7051396871501306,0.0,0.0,0.0,1.0
2020-02-19,61.16133117675781,48.55562460051954,32.93231527215733,1.1460751647969691,0.1320291975582672,33591.93864059448,37000.0,231,0.04389939867697282,0.0,0.0,0.0,549,0,0,0,0.0,0.696855424791351,0.0,0.0,0.0,1.0
2020-02-20,59.96066665649414,49.64181908204093,33.79362709775798,1.1575735662401623,0.1331249890494552,33591.93864059448,37000.0,231,0.041525916951810515,0.0,0.0,0.0,560,0,0,0,0.0,0.6900740484337444,0.0,0.0,0.0,1.0
2020-02-21,60.06666564941406,50.634661612266946,34.842583001576074,1.158307175435059,0.13903389663195195,33591.93864059448,37000.0,231,0.03935642185535723,0.0,0.0,0.0,559,0,0,0,0.0,0.6838754910153064,0.0,0.0,0.0,1.0
2020-02-24,55.58599853515625,51.106217509684974,36.21852146052269,1.2051662541604633,0.18135116560092954,33591.93864059448,37000.0,231,0.03832600849572887,0.0,0.0,0.0,604,0,0,0,0.0,0.6809314528449397,0.0,0.0,0.0,1.0
2020-02-25,53.32733154296875,51.31775217952153,37.83804532513081,1.2201790196475895,0.2030741877496753,33591.93864059448,37000.0,231,0.03786377665636981,0.0,0.0,0.0,629,0,0,0,0.0,0.679610790446771,0.0,0.0,0.0,1.0
2020-02-26,51.91999816894531,51.37510894041903,39.55182665168971,1.2316820261183765,0.198307378305168,33591.93864059448,37000.0,231,0.03773844438289514,0.0,0.0,0.0,646,0,0,0,0.0,0.6792526982368433,0.0,0.0,0.0,1.0
2020-02-27,45.266666412353516,50.793352509174696,40.251855181227945,1.3370018424748384,0.2473022988305652,33591.93864059448,37000.0,231,0.37942238592452676,0.0,0.0,0.0,742,0,0,0,0.0,0.6828847451454229,0.5440363574960824,0.0,1.0,1.0
2020-02-28,44.53266525268555,50.19709657998525,39.986540361448334,1.2947597873890702,0.2458831778145132,33591.93864059448,37000.0,231,0.38778921756243395,0.0,0.0,0.0,754,0,0,0,0.0,0.6866073159465785,0.5642190199460901,0.0,1.0,1.0
2020-03-02,49.574668884277344,50.137817751822595,40.77539100412239,1.350328458777528,0.3007283584137372,34091.93864059448,37500.0,231,0.2115588962901101,0.0,0.0,0.0,687,0,0,0,0.0,0.6911510426487728,0.056160089608684675,0.0,1.0,1.0
2020-03-03,49.70066833496094,50.09618447402625,40.62703570448347,1.1513875371452948,0.312316801541051,34091.93864059448,37500.0,231,0.20580911251205142,0.0,0.0,0.0,685,0,0,0,0.0,0.6914075036399983,0.039475674965862996,0.0,1.0,1.0
2020-03-04,49.96666717529297,50.083849493194506,41.01302543060032,1.0323477833581978,0.34697987233531347,34091.93864059448,37500.0,231,0.19611373515963243,0.0,0.0,0.0,682,0,0,0,0.0,0.6914834871219219,0.01169861333417079,0.0,1.0,1.0
2020-03-05,48.30266571044922,49.91421294245686,40.78459766345899,0.8363946685195923,0.36024693821710174,34091.93864059448,37500.0,231,0.26193172457901637,0.0,0.0,0.0,705,0,0,0,0.0,0.6925284482744658,0.16143169820843364,0.0,1.0,0.934771633449992
2020-03-06,46.89866638183594,49.62701803192153,40.229640914772645,0.8396567409300183,0.3615350847450398,34091.93864059448,37500.0,231,0.3021347308725093,0.0,0.0,0.0,726,0,0,0,0.0,0.6942975689233634,0.2748857132953906,0.0,1.0,0.935397089520273
2020-03-09,40.53333282470703,48.76095277409158,38.03698800358381,0.9648538734680306,0.43929698919838056,34091.93864059448,37500.0,231,0.5240956785586941,0.13471941556126196,1.0,0.3943035908928834,841,2,2,2,81.06666564941406,0.6996325309115958,0.8436689073225178,0.0,1.0,0.8302991241162285
2020-03-10,43.02199935913086,48.21438578219056,36.79933754392664,0.9871284074049401,0.4834306052849337,34010.87197494507,37500.0,233,0.4432931716377543,0.0,0.0,0.0,790,0,0,0,0.0,0.7004279496733227,0.5384685855500068,0.0,1.0,0.7016030784520548
2020-03-11,42.28200149536133,47.64939680249254,35.540205432060496,0.9868612455756957,0.5041361958114426,34010.87197494507,37500.0,233,0.46724974694321864,0.031363176260397495,1.0,0.3219542233822783,804,2,2,2,84.56400299072266,0.7039384145338464,0.5632175502010177,0.0,1.0,0.6312742035699188
2020-03-12,37.369998931884766,46.67040652910132,33.14305069007044,1.0589210018919872,0.5838299670531645,33926.307971954346,37500.0,235,0.644082083655481,0.35287651573723816,1.0,0.5470135610160667,907,3,3,3,112.1099967956543,0.7075321190842984,0.9963923917629995,0.0,1.0,0.5114574757053656
2020-03-13,36.44133377075195,45.696209123544236,30.959278521986015,1.0343036072703877,0.6972145717409667,33814.19797515869,37500.0,238,0.7012468842947714,0.4568125168995844,1.0,0.6197687618297092,927,3,3,3,109.32400131225586,0.7099813927625725,1.0,0.0,1.0,0.2362330158606447
2020-03-16,29.67133331298828,44.17003047491986,27.164040628921157,1.1932194383720836,0.7966029362692534,33704.873973846436,37500.0,241,0.7009994096735711,0.4563625630428565,1.0,0.6194537941299996,1135,3,3,3,89.01399993896484,0.7161339374811817,1.0,0.0,1.0,0.24823734222421212
2020-03-17,28.68000030517578,42.69478950637281,24.175221741432345,1.1344027985186518,0.840402553640014,33615.85997390747,37500.0,244,0.7277976258570921,0.50508659246744,1.0,0.6535606147272081,1172,3,3,3,86.04000091552734,0.7221992362785342,1.0,0.0,1.0,0.12486053420197485
2020-03-18,24.08133316040039,40.922079378184954,21.113323261166073,1.157373520328022,0.8486144038772431,33529.81997299194,37500.0,247,0.7283544466298929,0.5060989938725325,1.0,0.6542692957107727,1392,3,3,3,72.24399948120117,0.7304599038290218,1.0,0.0,1.0,0.13653259855132305
2020-03-19,28.50933265686035,39.73991302377309,19.985398454402677,1.4095178229927479,0.8507378910436066,33457.57597351074,37500.0,250,0.6811372084633343,0.42024946993333495,1.0,0.5941746289533345,1173,3,3,3,85.52799797058105,0.7350672465081793,1.0,0.0,1.0,0.3806816390726424
2020-03-20,28.50200080871582,38.66963566995811,19.525607737765384,1.408879550431114,0.8562580593713967,33372.04797554016,37500.0,253,0.684456219115059,0.42628403475465276,1.0,0.598398824328257,1170,3,3,3,85.50600242614746,0.7391088580133492,1.0,0.0,1.0,0.3711594059480663
2020-03-23,28.952667236328125,37.744210104850495,18.96291144304608,1.4098436560169352,0.8553054643071054,33286.541973114014,37500.0,256,0.6850913264637344,0.4274387753886079,1.0,0.5992071427720256,1149,3,3,3,86.85800170898438,0.742332859017554,1.0,0.0,1.0,0.37362587096204725
2020-03-24,33.66666793823242,37.355872755648775,19.388166000035504,1.5628337971038244,0.9386274113881917,33199.68397140503,37500.0,259,0.5050221360769374,0.10004024741261335,1.0,0.3700281731888294,986,2,2,2,67.33333587646484,0.7419954388343192,0.49379181173842196,0.0,1.0,0.3875170081176096
2020-03-25,35.95000076293945,37.22198018491456,20.203830409084063,1.5917122011641156,0.9416567732597373,33132.350635528564,37500.0,261,0.3874077292298436,0.0,0.0,0.0,921,0,0,0,0.0,0.7409350179129947,0.17086401847188876,0.0,1.0,0.4086096675243276
2020-03-26,35.21066665649414,37.03042651554118,20.249648832704064,1.5335807334302456,0.965701677773678,33132.350635528564,37500.0,261,0.4311181972101561,0.0,0.0,0.0,940,0,0,0,0.0,0.7422682314518334,0.24571143655114397,0.0,1.0,0.32337343295442955
2020-03-27,34.29066848754883,36.76949717954191,20.192367839004802,1.5346881626165148,0.9712411616958646,33132.350635528564,37500.0,261,0.4650512269059644,0.02736586710175343,1.0,0.3191561069712274,966,2,2,2,68.58133697509766,0.7440842996303884,0.3370767731591757,0.0,1.0,0.3167757428519149
2020-03-30,33.47533416748047,36.45576736886939,20.792647442937138,1.466089712501121,0.9633775660594087,33063.76929855347,37500.0,263,0.4999470130277717,0.09081275095958492,1.0,0.3635689256717095,987,2,2,2,66.95066833496094,0.7443235515196627,0.40877389457093083,0.0,1.0,0.26818546551968003
2020-03-31,34.93333435058594,36.310773748080486,21.868443721185887,1.4798903121600455,0.9607042920880171,32996.818630218506,37500.0,265,0.4198400809285584,0.0,0.0,0.0,944,0,0,0,0.0,0.7434038655135646,0.18967364989948257,0.0,1.0,0.28368524733004064
2020-04-01,32.104000091552734,35.91012863793499,22.962961619318918,1.4970966677552928,0.9524256010341828,33496.818630218506,38000.0,265,0.5358544839003488,0.15609906163699785,1.0,0.4092693431458985,1043,2,2,2,64.20800018310547,0.7495741029196639,0.5299519509882109,0.0,1.0,0.30989817483703685
2020-04-02,30.29800033569336,35.37564022819769,23.855786206944163,1.5024938093137943,0.9548553572419191,33432.6106300354,38000.0,267,0.6019349279749638,0.2762453235908433,1.0,0.49337172651359035,1103,2,2,2,60.59600067138672,0.7514395805018741,0.7176746286074247,0.0,1.0,0.31127522606645375
2020-04-03,32.000667572021484,35.054214260942814,25.16917027685284,1.5250517666201355,0.9546173792972796,33372.014629364014,38000.0,269,0.49933096065505,0.08969265573645453,1.0,0.3627848590155182,1042,2,2,2,64.00133514404297,0.7518530622054311,0.4355463035329781,0.0,1.0,0.33129408676696603
2020-04-06,34.41600036621094,34.99343198525406,25.661803202014337,1.486157539963755,0.9559040369975986,33308.01329421997,38000.0,271,0.38241252561949945,0.0,0.0,0.0,967,0,0,0,0.0,0.7504415771577934,0.08250571411321556,0.0,1.0,0.295595131626768
2020-04-07,36.36333465576172,35.123898906254794,26.85410876799761,1.4834453112694665,0.9380708708615179,33308.01329421997,38000.0,271,0.19876578001692674,0.0,0.0,0.0,915,0,0,0,0.0,0.7495111420106566,0.0,0.0,0.0,0.3178155984340152
2020-04-08,36.589332580566406,35.263464018094,28.0324996117685,1.4830477985548787,0.9296688688431698,33308.01329421997,38000.0,271,0.19610669675835046,0.0,0.0,0.0,910,0,0,0,0.0,0.748515822397277,0.0,0.0,0.0,0.32936920540348247
2020-04-09,38.20000076293945,35.54313418426975,28.1878468677841,1.4289504872101897,0.8566686984857501,33308.01329421997,38000.0,271,0.18327719438640688,0.0,0.0,0.0,871,0,0,0,0.0,0.7465213325279709,0.0,0.0,0.0,0.3900263599919145
2020-04-13,43.39666748046875,36.29108973628871,27.632223410778266,1.4968815329868626,0.796050748947603,33308.01329421997,38000.0,271,0.14601810419670874,0.0,0.0,0.0,767,0,0,0,0.0,0.7411872284596253,0.0,0.0,0.0,0.5669871288208004
2020-04-14,47.32600021362305,37.34203359127294,26.719744762139793,1.3211274772342536,0.6573430851976534,33308.01329421997,38000.0,271,0.12182581829231567,0.0,0.0,0.0,703,0,0,0,0.0,0.7336923393885535,0.0,0.0,0.0,0.6748325024683903
2020-04-15,48.65533447265625,38.41949081807135,26.20575373960285,1.301809741627322,0.6382767664751063,33308.01329421997,38000.0,271,0.11417470073032351,0.0,0.0,0.0,684,0,0,0,0.0,0.726008368113228,0.0,0.0,0.0,0.6996411405465313
2020-04-16,49.680667877197266,39.49198387132144,26.677496977039603,1.0925704481605114,0.6012644237592997,33308.01329421997,38000.0,271,0.14857236398288626,0.0,0.0,0.0,670,0,0,0,0.0,0.7183597992334708,0.0,0.0,0.0,0.5142678287441427
2020-04-17,50.259334564208984,40.51744584207263,26.767149992920935,0.9516356553949555,0.6045499839037848,33308.01329421997,38000.0,271,0.1865125938104259,0.0,0.0,0.0,662,0,0,0,0.0,0.7110466362315346,0.0,0.0,0.0,0.31176864435305607
2020-04-20,49.75733184814453,41.39743498550805,27.20364748750415,0.9564078591373059,0.5812981731462178,33308.01329421997,38000.0,271,0.17245373743436754,0.0,0.0,0.0,669,0,0,0,0.0,0.7047709241822979,0.0,0.0,0.0,0.3710804301471835
2020-04-21,45.781333923339844,41.81494917006346,27.957119909954557,1.0324508465989035,0.5825811499224013,33308.01329421997,38000.0,271,0.15026086701970992,0.0,0.0,0.0,727,0,0,0,0.0,0.7017933888134948,0.0,0.0,0.0,0.47683409532506627
2020-04-22,48.807334899902344,42.48089066814335,28.22828568371999,0.9113462778000025,0.496472817184389,33308.01329421997,38000.0,271,0.13802515366630724,0.0,0.0,0.0,682,0,0,0,0.0,0.6970441744456093,0.0,0.0,0.0,0.5297015369482798
2020-04-23,47.04199981689453,42.91528201564347,28.444161123889938,0.914158830309845,0.4969244634194916,33308.01329421997,38000.0,271,0.136275634034847,0.0,0.0,0.0,708,0,0,0,0.0,0.6939462782568584,0.0,0.0,0.0,0.5330278167752671
2020-04-24,48.34333419799805,43.43223936634391,28.767666565327737,0.9051971196396161,0.45250711960536644,33308.01329421997,38000.0,271,0.1081901530867567,0.0,0.0,0.0,688,0,0,0,0.0,0.6902595560979158,0.0,0.0,0.0,0.667003457737569
2020-04-27,53.25,44.36726418859687,29.112932052399437,0.9364369797454669,0.4308975686910146,33308.01329421997,38000.0,271,0.07705295725013472,0.0,0.0,0.0,625,0,0,0,0.0,0.6835913527602697,0.0,0.0,0.0,0.8110200810797983
2020-04-28,51.27466583251953,45.02511196420855,29.79633668424044,0.9465653189426634,0.4206180701429115,33308.01329421997,38000.0,271,0.06254574267227189,0.0,0.0,0.0,649,0,0,0,0.0,0.6788998594131443,0.0,0.0,0.0,0.8753460406116431
2020-04-29,53.367332458496094,45.81960915414069,30.396978035418762,0.9458337033313081,0.4200355272238485,33308.01329421997,38000.0,271,0.06033275537268232,0.0,0.0,0.0,624,0,0,0,0.0,0.6732338399796808,0.0,0.0,0.0,0.8764954431010297
2020-04-30,52.12533187866211,46.420154175523685,31.6199541671115,0.8816115238497226,0.38028494922645467,33308.01329421997,38000.0,271,0.04775086588848387,0.0,0.0,0.0,638,0,0,0,0.0,0.668951005748239,0.0,0.0,0.0,0.9319099306169987
2020-05-01,46.75466537475586,46.45201238497437,33.3218727643614,0.9522780543905103,0.39742180109412867,33808.01329421997,38500.0,271,0.03620255875384171,0.0,0.0,0.0,723,0,0,0,0.0,0.6730260946408297,0.0,0.0,0.0,0.9967828718522433
2020-05-04,50.74599838256836,46.86096343236427,35.2509322179225,0.9709578611854185,0.38963698125660173,33808.01329421997,38500.0,271,0.03455162645299342,0.0,0.0,0.0,666,0,0,0,0.0,0.6701475041514099,0.0,0.0,0.0,1.0
2020-05-05,51.2140007019043,47.275538410415706,37.028402975333854,0.9536776148271945,0.3100190247705325,33808.01329421997,38500.0,271,0.03353026446161217,0.0,0.0,0.0,660,0,0,0,0.0,0.6672293270331777,0.0,0.0,0.0,1.0
2020-05-06,52.172000885009766,47.741868169900854,38.73006586600299,0.9447754970829335,0.31186456682928515,33808.01329421997,38500.0,271,0.032381397508698784,0.0,0.0,0.0,648,0,0,0,0.0,0.6639468500248538,0.0,0.0,0.0,1.0
2020-05-07,52.00266647338867,48.14765848451874,40.85831239139288,0.9471836672493796,0.29233759363039363,33808.01329421997,38500.0,271,0.03138167773359471,0.0,0.0,0.0,650,0,0,0,0.0,0.6610905078102707,0.0,0.0,0.0,1.0
2020-05-08,54.62799835205078,48.76483370999799,43.076927106280664,0.9496866135696279,0.29375389657292006,33808.01329421997,38500.0,271,0.029861182405368586,0.0,0.0,0.0,618,0,0,0,0.0,0.6567462354439103,0.0,0.0,0.0,1.0
2020-05-11,54.08599853515625,49.271611312394015,44.14781529144065,0.8485310032818908,0.2901001229221691,33808.01329421997,38500.0,271,0.028612666675829235,0.0,0.0,0.0,625,0,0,0,0.0,0.6531790476452265,0.0,0.0,0.0,1.0
2020-05-12,53.96066665649414,49.718188011832126,44.56346283835567,0.7976444652607252,0.28255933313784515,33808.01329421997,38500.0,271,0.027512464079940818,0.0,0.0,0.0,626,0,0,0,0.0,0.6500356116569739,0.0,0.0,0.0,1.0
2020-05-13,52.73066711425781,50.00509078349171,44.867751939315255,0.8009087787072322,0.27814396641377204,33808.01329421997,38500.0,271,0.026805639978852214,0.0,0.0,0.0,641,0,0,0,0.0,0.6480161142252922,0.0,0.0,0.0,1.0
2020-05-14,53.55533218383789,50.34320901209611,45.10804419673064,0.799715421793398,0.2802395044954964,33808.01329421997,38500.0,271,0.025972639615654075,0.0,0.0,0.0,631,0,0,0,0.0,0.6456361131875832,0.0,0.0,0.0,1.0
2020-05-15,53.27799987792969,50.62271290408026,45.315176445652064,0.8000820788460963,0.26368319893932285,33808.01329421997,38500.0,271,0.025284043663584055,0.0,0.0,0.0,634,0,0,0,0.0,0.6436686961816688,0.0,0.0,0.0,1.0
2020-05-18,54.242000579833984,50.96740696843776,45.54657111861248,0.7997200607282632,0.2773228665869101,33808.01329421997,38500.0,271,0.024434842832303322,0.0,0.0,0.0,623,0,0,0,0.0,0.6412424080922953,0.0,0.0,0.0,1.0
2020-05-19,53.867332458496094,51.24359034844331,46.43724971465956,0.7356965504080305,0.2536221504446586,33808.01329421997,38500.0,271,0.023754427414289653,0.0,0.0,0.0,627,0,0,0,0.0,0.6392983640408276,0.0,0.0,0.0,1.0
2020-05-20,54.37066650390625,51.54140712515407,46.83913719180229,0.7043798523088954,0.24813596451579156,33808.01329421997,38500.0,271,0.02302071517348403,0.0,0.0,0.0,621,0,0,0,0.0,0.6372020433528116,0.0,0.0,0.0,1.0
2020-05-21,55.17333221435547,51.88730475269706,47.66298533968458,0.6865843369033381,0.2508596829906974,33808.01329421997,38500.0,271,0.022168549200173554,0.0,0.0,0.0,612,0,0,0,0.0,0.6347672834290674,0.0,0.0,0.0,1.0
2020-05-22,54.45866775512695,52.13219646721419,48.32767195668778,0.686992843623481,0.24736261455193884,33808.01329421997,38500.0,271,0.02156522506713593,0.0,0.0,0.0,620,0,0,0,0.0,0.633043500191817,0.0,0.0,0.0,1.0
2020-05-26,54.591331481933594,52.36639980194937,48.48659532550399,0.5890054813621225,0.24587656418997256,33808.01329421997,38500.0,271,0.021732693955372584,0.0,0.0,0.0,619,0,0,0,0.0,0.6313949520434213,0.0,0.0,0.0,0.9962776962991242
2020-05-27,54.68199920654297,52.58693307857733,48.71393545784149,0.5707502536988135,0.24829504949431386,33808.01329421997,38500.0,271,0.03733199599286524,0.0,0.0,0.0,618,0,0,0,0.0,0.6298426269014427,0.0,0.0,0.0,0.9155646171131984
2020-05-28,53.72066879272461,52.69490790849612,48.813567001529385,0.5580839930713806,0.23261784929305068,33808.01329421997,38500.0,271,0.020321377868478485,0.0,0.0,0.0,629,0,0,0,0.0,0.6290825962804558,0.0,0.0,0.0,0.999287654148405
2020-05-29,55.66666793823242,52.977932673232914,48.96633531523718,0.5637994585811249,0.22926283385069135,33808.01329421997,38500.0,271,0.019481638595944317,0.0,0.0,0.0,607,0,0,0,0.0,0.6270903959884124,0.0,0.0,0.0,1.0
2020-06-01,59.87333297729492,53.63463746409597,49.841735881266914,0.46171087645175524,0.1992000031176578,34308.01329421997,39000.0,271,0.033253536405967815,0.0,0.0,0.0,573,0,0,0,0.0,0.6273080319802563,0.0,0.0,0.0,0.9315213739356094
2020-06-02,58.770668029785156,54.12378323225684,50.0696255669654,0.3862620183049262,0.1997859136240424,34308.01329421997,39000.0,271,0.09613824314553372,0.0,0.0,0.0,583,0,0,0,0.0,0.6239090960014974,0.0,0.0,0.0,0.6111497022749517
2020-06-03,58.86399841308594,54.575232297097706,50.32877665804312,0.38679780714296147,0.20195398767170916,34308.01329421997,39000.0,271,0.09805741991074048,0.0,0.0,0.0,582,0,0,0,0.0,0.6207721037817057,0.0,0.0,0.0,0.5960640820642824
2020-06-04,57.62533187866211,54.86571797153241,50.611797971209,0.3968013946317551,0.19966474756950653,34308.01329421997,39000.0,271,0.08534071475165281,0.0,0.0,0.0,595,0,0,0,0.0,0.6187536007619158,0.0,0.0,0.0,0.6561152275750886
2020-06-05,59.04399871826172,55.263649471220916,50.89287622289325,0.40117128649878947,0.21288023399459366,34308.01329421997,39000.0,271,0.10151382281266635,0.0,0.0,0.0,581,0,0,0,0.0,0.6159884870076701,0.0,0.0,0.0,0.5704107382000907
2020-06-08,63.327999114990234,56.03168277062751,50.413649247760574,0.43901198813791975,0.2100549217116207,34308.01329421997,39000.0,271,0.06539696099310133,0.0,0.0,0.0,541,0,0,0,0.0,0.6106516402348703,0.0,0.0,0.0,0.7416555654455164
2020-06-09,62.711334228515625,56.667840052331144,50.324573729921724,0.4389141146278116,0.21434058976640055,34308.01329421997,39000.0,271,0.07089066174833933,0.0,0.0,0.0,547,0,0,0,0.0,0.6062311627132887,0.0,0.0,0.0,0.7064512260065585
2020-06-10,68.336669921875,57.779157182763896,49.541405448670886,0.5241129058174749,0.19680206584835372,34308.01329421997,39000.0,271,0.009478126697816502,0.0,0.0,0.0,502,0,0,0,0.0,0.5985089334223329,0.0,0.0,0.0,1.0
2020-06-11,64.85600280761719,58.45314248036897,49.74958082227888,0.5576079869723212,0.292468879168372,34308.01329421997,39000.0,271,0.0900798028834775,0.0,0.0,0.0,528,0,0,0,0.0,0.5938255996876926,0.0,0.0,0.0,0.5887957850360743
2020-06-12,62.35200119018555,58.824462357494355,50.08205251604247,0.5842007652702584,0.2930920953025936,34308.01329421997,39000.0,271,0.0747304313532503,0.0,0.0,0.0,550,0,0,0,0.0,0.5912454025927956,0.0,0.0,0.0,0.6610272977711407
2020-06-15,66.05999755859375,59.51356094807525,50.362445798240884,0.609019360150105,0.2936145758402587,34308.01329421997,39000.0,271,0.05955769330580821,0.0,0.0,0.0,519,0,0,0,0.0,0.5864570508479898,0.0,0.0,0.0,0.728511372454941
2020-06-16,65.47533416748047,60.08134887373289,50.68840387177452,0.612644865526179,0.28090634270487935,34308.01329421997,39000.0,271,0.04038611988558247,0.0,0.0,0.0,523,0,0,0,0.0,0.5825116526979073,0.0,0.0,0.0,0.8174647927934253
2020-06-17,66.11933135986328,60.65639482479293,51.12830888122741,0.6093376850592113,0.27757722938771134,34308.01329421997,39000.0,271,0.036613779805197866,0.0,0.0,0.0,518,0,0,0,0.0,0.5785158205764389,0.0,0.0,0.0,0.8293337869827786
2020-06-18,66.9306640625,61.25394427600313,51.579154569927766,0.6093218888286291,0.2731590836827748,34308.01329421997,39000.0,271,0.029252523278843146,0.0,0.0,0.0,512,0,0,0,0.0,0.574363617979568,0.0,0.0,0.0,0.8588737150700283
2020-06-19,66.72666931152344,61.775156184147924,52.04291505910431,0.6111898874111651,0.2722010180999734,34308.01329421997,39000.0,271,0.025532612399402355,0.0,0.0,0.0,514,0,0,0,0.0,0.5707418634383568,0.0,0.0,0.0,0.8711351990201124
2020-06-22,66.28800201416016,62.204951025101465,52.714204029212766,0.6083926505413689,0.2725450933842858,34308.01329421997,39000.0,271,0.02667033840935254,0.0,0.0,0.0,517,0,0,0,0.0,0.5677553403127564,0.0,0.0,0.0,0.8602201535005609
2020-06-23,66.78533172607422,62.64117775852744,53.48570725108882,0.6077611750190978,0.2703313665107861,34308.01329421997,39000.0,271,0.022952088917787716,0.0,0.0,0.0,513,0,0,0,0.0,0.5647241237804889,0.0,0.0,0.0,0.8735067720269167
2020-06-24,64.0566635131836,62.77598592563755,54.30948609600995,0.6344059722045469,0.2838067959982401,34308.01329421997,39000.0,271,0.02476815940571908,0.0,0.0,0.0,535,0,0,0,0.0,0.563787379850057,0.0,0.0,0.0,0.8627871177090043
2020-06-25,65.73200225830078,63.057511290653096,55.62599381703516,0.6293655058446848,0.2860637632939652,34308.01329421997,39000.0,271,0.029959534618069716,0.0,0.0,0.0,521,0,0,0,0.0,0.5618311394931541,0.0,0.0,0.0,0.833406821022671
2020-06-26,63.982666015625,63.14562126445995,56.63406302473181,0.6352893243799577,0.2992547450161131,34308.01329421997,39000.0,271,0.04260914988285666,0.0,0.0,0.0,536,0,0,0,0.0,0.5612188881367014,0.0,0.0,0.0,0.769087304824944
2020-06-29,67.29000091552734,63.54032408837113,57.101019598380745,0.6064713631495218,0.30375461539727744,34308.01329421997,39000.0,271,0.0627028060550606,0.0,0.0,0.0,509,0,0,0,0.0,0.5584762095397802,0.0,0.0,0.0,0.6638193364193121
2020-06-30,71.98733520507812,64.34480133758132,57.49435898485851,0.6383458000191715,0.3073463046309605,34308.01329421997,39000.0,271,0.04735024148275202,0.0,0.0,0.0,476,0,0,0,0.0,0.5528861240388581,0.0,0.0,0.0,0.7307995096542415
2020-07-01,74.64199829101562,65.32548676171791,57.72523859206036,0.6437514054169723,0.3039567572385285,34808.01329421997,39500.0,271,0.040152046184093765,0.0,0.0,0.0,466,0,0,0,0.0,0.5518175465208721,0.0,0.0,0.0,0.7649204754910572
2020-07-02,80.57733154296875,66.77804340755132,57.458027096661944,0.6721560001647037,0.30406830369584864,34808.01329421997,39500.0,271,0.02122436625746371,0.0,0.0,0.0,431,0,0,0,0.0,0.5418519047228757,0.0,0.0,0.0,0.8421190019777138
2020-07-06,91.43866729736328,69.12667425420008,55.241107984369535,0.7904722239103203,0.2945266124925869,34808.01329421997,39500.0,271,0.0,0.0,0.0,0.0,380,0,0,0,0.0,0.525738513344602,0.0,0.0,0.0,1.0
2020-07-07,92.65733337402344,71.36768940846898,53.94211121831724,0.7691411950105941,0.2932486316217462,34808.01329421997,39500.0,271,0.0,0.0,0.0,0.0,375,0,0,0,0.0,0.5103634473494914,0.0,0.0,0.0,1.0
2020-07-08,91.05867004394531,73.24302089756196,53.740448408673565,0.7734828611344111,0.2938291605192039,34808.01329421997,39500.0,271,0.0,0.0,0.0,0.0,382,0,0,0,0.0,0.4974972490319167,0.0,0.0,0.0,1.0
2020-07-09,92.9520034790039,75.12006685769929,53.390083851178304,0.7283775957936529,0.29390453267748107,34808.01329421997,39500.0,271,0.0,0.0,0.0,0.0,374,0,0,0,0.0,0.484619288140848,0.0,0.0,0.0,1.0
2020-07-10,102.97666931152344,77.77307661520635,52.43994340564117,0.7512144207672662,0.19838136147854146,34808.01329421997,39500.0,271,0.0,0.0,0.0,0.0,338,0,0,0,0.0,0.46641762626022987,0.0,0.0,0.0,1.0
2020-07-13,99.80400085449219,79.87125987609072,52.78220224900216,0.7430029854804071,0.19931891267537566,34808.01329421997,39500.0,271,0.0,0.0,0.0,0.0,348,0,0,0,0.0,0.4520224955336561,0.0,0.0,0.0,1.0
2020-07-14,101.12000274658203,81.89494967328037,53.07986573165752,0.7324433605713341,0.2022854327292996,34808.01329421997,39500.0,271,0.0,0.0,0.0,0.0,344,0,0,0,0.0,0.4381384465453423,0.0,0.0,0.0,1.0
2020-07-15,103.06732940673828,83.91136679075255,53.649094904173296,0.7232344379758596,0.19428935595592764,34808.01329421997,39500.0,271,0.0,0.0,0.0,0.0,337,0,0,0,0.0,0.4243042936634445,0.0,0.0,0.0,1.0
2020-07-16,100.04266357421875,85.44768077013029,54.618829879541316,0.7463341763021291,0.1942206174766901,34808.01329421997,39500.0,271,0.0,0.0,0.0,0.0,347,0,0,0,0.0,0.41376401294416937,0.0,0.0,0.0,1.0
2020-07-17,100.05599975585938,86.83894924496164,55.74893853537186,0.7496529677458076,0.1942174192849997,34808.01329421997,39500.0,271,0.0,0.0,0.0,0.0,347,0,0,0,0.0,0.4042188545472252,0.0,0.0,0.0,1.0
2020-07-20,109.53333282470703,89.0003191096993,56.80029466588316,0.7869076261349195,0.19347567736130664,34808.01329421997,39500.0,271,0.0,0.0,0.0,0.0,317,0,0,0,0.0,0.3893902157283921,0.0,0.0,0.0,1.0
2020-07-21,104.55733489990234,90.48193966114721,58.491890034682314,0.8197764753828825,0.19291158603436417,34808.01329421997,39500.0,271,0.0,0.0,0.0,0.0,332,0,0,0,0.0,0.379225173464028,0.0,0.0,0.0,1.0
2020-07-22,106.15533447265625,91.97464392890997,60.435954675477824,0.8181299204586313,0.1931816818792036,34808.01329421997,39500.0,271,0.0,0.0,0.0,0.0,327,0,0,0,0.0,0.36898408848773157,0.0,0.0,0.0,1.0
2020-07-23,100.87133026123047,92.82194738913097,63.22041822050055,0.8281532425499157,0.1717759743510903,34808.01329421997,39500.0,271,0.0,0.0,0.0,0.0,345,0,0,0,0.0,0.3631709432290002,0.0,0.0,0.0,1.0
2020-07-24,94.46666717529297,92.97858736876545,65.8608730674129,0.8845745555110273,0.1720353776528046,34808.01329421997,39500.0,271,0.0,0.0,0.0,0.0,368,0,0,0,0.0,0.3620962740016345,0.0,0.0,0.0,1.0
2020-07-27,102.63999938964844,93.89872184694478,70.00940628355434,0.8970390933759087,0.1416639653353056,34808.01329421997,39500.0,271,0.0,0.0,0.0,0.0,339,0,0,0,0.0,0.35578345264501177,0.0,0.0,0.0,1.0
2020-07-28,98.43267059326172,94.33052648945116,74.10043256341305,0.9209954340556018,0.139865301795669,34808.01329421997,39500.0,271,0.0,0.0,0.0,0.0,353,0,0,0,0.0,0.352820944844525,0.0,0.0,0.0,1.0
2020-07-29,99.94066619873047,94.86482550938253,78.02806443988426,0.902625574818923,0.13662770289823994,34808.01329421997,39500.0,271,0.0,0.0,0.0,0.0,348,0,0,0,0.0,0.3491552477710718,0.0,0.0,0.0,1.0
2020-07-30,99.16600036621094,95.27446121003285,82.26344419338771,0.9041623119359549,0.13804306319876594,34808.01329421997,39500.0,271,0.0,0.0,0.0,0.0,351,0,0,0,0.0,0.3463448357488886,0.0,0.0,0.0,1.0
2020-07-31,95.38400268554688,95.28489373151038,85.23873755645228,0.8905311394036304,0.13922272709021835,34808.01329421997,39500.0,271,0.0,0.0,0.0,0.0,364,0,0,0,0.0,0.34627326072811865,0.0,0.0,0.0,1.0
2020-08-03,99.0,95.63871337612844,86.29630029126673,0.7683529973223646,0.13110759650124404,35308.01329421997,40000.0,271,0.0,0.0,0.0,0.0,356,0,0,0,0.0,0.3520477168767298,0.0,0.0,0.0,1.0
2020-08-04,99.13333129882812,95.97153413067126,87.22619332217995,0.7678210518801453,0.12239060896694987,35308.01329421997,40000.0,271,0.0,0.0,0.0,0.0,356,0,0,0,0.0,0.3497928562647022,0.0,0.0,0.0,1.0
2020-08-05,99.00133514404297,96.26008660813523,88.57009336115614,0.7639174803646075,0.12168678970167646,35308.01329421997,40000.0,271,0.0,0.0,0.0,0.0,356,0,0,0,0.0,0.34783791322988383,0.0,0.0,0.0,1.0
2020-08-06,99.30533599853516,96.55011035960189,89.67663198508309,0.7617260650682299,0.11852745623336847,35308.01329421997,40000.0,271,0.0,0.0,0.0,0.0,355,0,0,0,0.0,0.34587300231369716,0.0,0.0,0.0,1.0
2020-08-07,96.84733581542969,96.5784175458712,89.58075518478601,0.6616800122319574,0.1154827687051387,35308.01329421997,40000.0,271,0.0,0.0,0.0,0.0,364,0,0,0,0.0,0.34568122112672256,0.0,0.0,0.0,1.0
2020-08-10,94.57133483886719,96.38726681187082,88.9163660704925,0.6579948775421471,0.10653773828291799,35308.01329421997,40000.0,271,0.10441161852062225,0.0,0.0,0.0,373,0,0,0,0.0,0.3469762673495752,0.09419978556648849,0.0,1.0,1.0
2020-08-11,91.6259994506836,95.93381277747204,87.5658751325556,0.6633192904487273,0.10633658470278423,35308.01329421997,40000.0,271,0.1510989719502545,0.0,0.0,0.0,385,0,0,0,0.0,0.3500484184326269,0.2245200728538147,0.0,1.0,1.0
2020-08-12,103.65066528320312,96.6687511113512,88.24735074035992,0.8169342920191842,0.11189663669182968,35308.01329421997,40000.0,271,0.0,0.0,0.0,0.0,340,0,0,0,0.0,0.3450692112205956,0.0,0.0,0.0,1.0
2020-08-13,108.06666564941406,97.75426678164291,88.54067975546313,0.8208218742054934,0.11106967856672291,35308.01329421997,40000.0,271,0.0,0.0,0.0,0.0,326,0,0,0,0.0,0.3377148425543693,0.0,0.0,0.0,1.0
2020-08-14,110.04733276367188,98.92503497040758,88.69834596043894,0.8219042379140203,0.11143283926705068,35308.01329421997,40000.0,271,0.0,0.0,0.0,0.0,320,0,0,0,0.0,0.3297828880754886,0.0,0.0,0.0,1.0
2020-08-17,122.3759994506836,101.1584601590053,87.52866984279898,0.8485515760879448,0.10908257249116685,35308.01329421997,40000.0,271,0.0,0.0,0.0,0.0,288,0,0,0,0.0,0.31465143242273913,0.0,0.0,0.0,1.0
2020-08-18,125.80599975585938,103.5058448825152,86.02570320519374,0.8283279175553522,0.10908174504616754,35308.01329421997,40000.0,271,0.0,0.0,0.0,0.0,280,0,0,0,0.0,0.29874790092095943,0.0,0.0,0.0,1.0
2020-08-19,125.23533630371094,105.57532025596241,85.34808205782728,0.8298088954754719,0.11042210633734267,35308.01329421997,40000.0,271,0.0,0.0,0.0,0.0,281,0,0,0,0.0,0.2847272052658547,0.0,0.0,0.0,1.0
2020-08-20,133.45533752441406,108.23055999581496,83.97235160076838,0.82145791565662,0.09763897748557637,35308.01329421997,40000.0,271,0.0,0.0,0.0,0.0,264,0,0,0,0.0,0.2667379560283536,0.0,0.0,0.0,1.0
2020-08-21,136.6653289794922,110.93863323235564,83.38698964152493,0.7670317978468348,0.09239638084584986,35308.01329421997,40000.0,271,0.0,0.0,0.0,0.0,258,0,0,0,0.0,0.2483907598507906,0.0,0.0,0.0,1.0
2020-08-24,134.27999877929688,113.16162042730242,83.14507494391802,0.7350161073750681,0.09460832025327394,35308.01329421997,40000.0,271,0.0,0.0,0.0,0.0,262,0,0,0,0.0,0.23333002160502603,0.0,0.0,0.0,1.0
2020-08-25,134.8893280029297,115.2309259106955,83.43867085193128,0.7066481560675912,0.08789270655949687,35308.01329421997,40000.0,271,0.0,0.0,0.0,0.0,261,0,0,0,0.0,0.21931047695503794,0.0,0.0,0.0,1.0
2020-08-26,143.54466247558594,117.92747225020888,83.3071084697122,0.726312368738484,0.08516637848187472,35308.01329421997,40000.0,271,0.0,0.0,0.0,0.0,245,0,0,0,0.0,0.20104137550483483,0.0,0.0,0.0,1.0
2020-08-27,149.25,120.91057013114136,83.26882884566574,0.7224797855941172,0.08130869885082014,35308.01329421997,40000.0,271,0.0,0.0,0.0,0.0,236,0,0,0,0.0,0.18083088736151728,0.0,0.0,0.0,1.0
2020-08-28,147.55999755859375,123.44861083851777,84.35792993580172,0.6989643084507812,0.08074618602169,35308.01329421997,40000.0,271,0.0,0.0,0.0,0.0,239,0,0,0,0.0,0.1636356615690422,0.0,0.0,0.0,1.0
2020-08-31,166.10667419433594,127.51128353907188,83.92314426559315,0.7877247147151623,0.08194890443908401,35308.01329421997,40000.0,271,0.0,0.0,0.0,0.0,212,0,0,0,0.0,0.13611105402278806,0.0,0.0,0.0,1.0
2020-09-01,158.35000610351562,130.44830473568558,85.12422710466235,0.8262544470059676,0.08347072496897429,35808.01329421997,40500.0,271,0.0,0.0,0.0,0.0,226,0,0,0,0.0,0.12712368929948667,0.0,0.0,0.0,1.0
2020-09-02,149.1233367919922,132.22687921723858,87.18830159345778,0.8736068499642184,0.09343123457296866,35808.01329421997,40500.0,271,0.0,0.0,0.0,0.0,240,0,0,0,0.0,0.1152226106698357,0.0,0.0,0.0,1.0
2020-09-03,135.6666717529297,132.554478506352,89.24198264743214,0.9591270898187394,0.16572794591343218,35808.01329421997,40500.0,271,0.0,0.0,0.0,0.0,263,0,0,0,0.0,0.1130305265377434,0.0,0.0,0.0,1.0
2020-09-04,139.44000244140625,133.21024269064287,92.29896690142485,0.9465488859737501,0.16929619382631195,35808.01329421997,40500.0,271,0.0,0.0,0.0,0.0,256,0,0,0,0.0,0.10864257360088342,0.0,0.0,0.0,1.0
2020-09-08,110.06999969482422,131.00641002437442,92.43949422246436,1.2463025766348341,0.19776454679091324,35808.01329421997,40500.0,271,0.2728574085375863,0.0,0.0,0.0,325,0,0,0,0.0,0.12338920699739593,0.799060531681422,0.0,1.0,1.0
2020-09-09,122.09333038330078,130.15754529665313,96.0311064710587,1.282897949384057,0.2083029118320862,35808.01329421997,40500.0,271,0.10359958265114588,0.0,0.0,0.0,293,0,0,0,0.0,0.1290692648051111,0.30978668562673434,0.0,1.0,1.0
2020-09-10,123.77999877929688,129.55015991404775,97.94741614240327,1.210747099910334,0.21239946477366714,35808.01329421997,40500.0,271,0.07454168389035681,0.0,0.0,0.0,289,0,0,0,0.0,0.13313349785908782,0.22269988468478885,0.0,1.0,1.0
2020-09-11,124.23999786376953,129.04443019497364,99.44923934451192,1.2054933813158042,0.21235190514111515,35808.01329421997,40500.0,271,0.06293509802248765,0.0,0.0,0.0,288,0,0,0,0.0,0.1365175164731394,0.18615419216253964,0.0,1.0,1.0
2020-09-14,139.8733367919922,130.07575463278494,102.7725275807349,1.273937701122918,0.21742081116279985,35808.01329421997,40500.0,271,0.0,0.0,0.0,0.0,256,0,0,0,0.0,0.1296165554201304,0.0,0.0,0.0,1.0
2020-09-15,149.9199981689453,131.96568258860972,104.79677151675659,1.2409991786285635,0.2179794058353337,35808.01329421997,40500.0,271,0.0,0.0,0.0,0.0,238,0,0,0,0.0,0.11697037082683363,0.0,0.0,0.0,1.0
2020-09-16,147.25332641601562,133.4216486674103,106.49881530556007,1.2444130055566525,0.21855084371888642,35808.01329421997,40500.0,271,0.0,0.0,0.0,0.0,243,0,0,0,0.0,0.10722798052177307,0.0,0.0,0.0,1.0
2020-09-17,141.14332580566406,134.15704649010112,107.95901376479152,1.2573627798091556,0.2200865178303948,35808.01329421997,40500.0,271,0.0,0.0,0.0,0.0,253,0,0,0,0.0,0.10230717039957031,0.0,0.0,0.0,1.0
2020-09-18,147.38333129882812,135.41669266236084,109.13642337476638,1.2468431428630091,0.2230744226621314,35808.01329421997,40500.0,271,0.0,0.0,0.0,0.0,242,0,0,0,0.0,0.0938784268765485,0.0,0.0,0.0,1.0
2020-09-21,149.79666137695312,136.78621349232202,110.20564352996956,1.2458325209430474,0.22555966013657716,35808.01329421997,40500.0,271,0.0,0.0,0.0,0.0,239,0,0,0,0.0,0.0847144726810058,0.0,0.0,0.0,1.0
2020-09-22,141.41000366210938,137.2265744608732,110.81718242012215,1.2635151369030444,0.22589151043923927,35808.01329421997,40500.0,271,0.0,0.0,0.0,0.0,253,0,0,0,0.0,0.08176785978033,0.0,0.0,0.0,1.0
2020-09-23,126.78666687011719,136.23229754746785,109.18444061202061,1.3216286756118636,0.2380174012005585,35808.01329421997,40500.0,271,0.10228311465808099,0.0,0.0,0.0,282,0,0,0,0.0,0.08842092258361012,0.34667369072519283,0.0,1.0,1.0
2020-09-24,129.26333618164062,135.5685869411986,108.09298091788988,1.302391649481521,0.23406663959827007,35808.01329421997,40500.0,271,0.06389364595006591,0.0,0.0,0.0,277,0,0,0,0.0,0.09286204787494275,0.23254836912524574,0.0,1.0,1.0
2020-09-25,135.77999877929688,135.58872140196985,108.41681549083306,1.3074568347702127,0.24345082410492686,35808.01329421997,40500.0,271,0.0,0.0,0.0,0.0,263,0,0,0,0.0,0.09272732098928814,0.0,0.0,0.0,1.0
2020-09-28,140.39999389648438,136.04693783001883,109.14862631543664,1.3127759949121374,0.25040961149867264,35808.01329421997,40500.0,271,0.0,0.0,0.0,0.0,255,0,0,0,0.0,0.08966123081641719,0.0,0.0,0.0,1.0
2020-09-29,139.69000244140625,136.39389636443667,112.72100282910198,1.2271807756266597,0.2505869420915402,35808.01329421997,40500.0,271,0.0,0.0,0.0,0.0,256,0,0,0,0.0,0.0873396070429053,0.0,0.0,0.0,1.0
2020-09-30,143.00332641601562,137.02336589315848,115.26893981419516,1.2213749539377114,0.25097854116211915,35808.01329421997,40500.0,271,0.0,0.0,0.0,0.0,250,0,0,0,0.0,0.08312760106059376,0.0,0.0,0.0,1.0
2020-10-01,149.3866729736328,138.20082371034653,116.41471188859468,1.213224021259459,0.24405086522193278,36308.01329421997,41000.0,271,0.0,0.0,0.0,0.0,243,0,0,0,0.0,0.08652626279258752,0.0,0.0,0.0,1.0
2020-10-02,138.3633270263672,138.2163002166342,116.4268379280608,1.1977601191354987,0.21412296482932217,36308.01329421997,41000.0,271,0.0,0.0,0.0,0.0,262,0,0,0,0.0,0.08642396686078369,0.0,0.0,0.0,1.0
2020-10-05,141.89332580566406,138.56649312987514,116.69064832137872,1.1971773158611532,0.22322242199809364,36308.01329421997,41000.0,271,0.0,0.0,0.0,0.0,255,0,0,0,0.0,0.08410927711716676,0.0,0.0,0.0,1.0
2020-10-06,137.9933319091797,138.51190634695178,120.70812915012914,0.9024719271485323,0.20527452776614327,36308.01329421997,41000.0,271,0.0,0.0,0.0,0.0,263,0,0,0,0.0,0.08447008243844063,0.01871948958933306,0.0,1.0,1.0
2020-10-07,141.76666259765625,138.82188313273315,122.73760101442245,0.8304663340594914,0.20199442570229492,36308.01329421997,41000.0,271,0.0,0.0,0.0,0.0,256,0,0,0,0.0,0.08242121148851989,0.0,0.0,0.0,1.0
2020-10-08,141.97332763671875,139.12202070454128,124.81057785026208,0.8306345392077621,0.19199159587262518,36308.01329421997,41000.0,271,0.0,0.0,0.0,0.0,255,0,0,0,0.0,0.080437375343154,0.0,0.0,0.0,1.0
2020-10-09,144.6666717529297,139.6500827091497,127.42010994881534,0.831312008598391,0.19358261821467307,36308.01329421997,41000.0,271,0.0,0.0,0.0,0.0,250,0,0,0,0.0,0.07694701428830321,0.0,0.0,0.0,1.0
2020-10-12,147.43333435058594,140.39134477023887,127.89399849058469,0.7097094451401702,0.1966833434866643,36308.01329421997,41000.0,271,0.0,0.0,0.0,0.0,246,0,0,0,0.0,0.07204745286012842,0.0,0.0,0.0,1.0
2020-10-13,148.88333129882812,141.20010539200928,128.8372918608996,0.663270257452493,0.19862430269430179,36308.01329421997,41000.0,271,0.0,0.0,0.0,0.0,243,0,0,0,0.0,0.06670174240891437,0.0,0.0,0.0,1.0
2020-10-14,153.76666259765625,142.39692036397565,129.11096494654103,0.6690455444436476,0.19959201359110568,36308.01329421997,41000.0,271,0.0,0.0,0.0,0.0,236,0,0,0,0.0,0.05879108735030733,0.0,0.0,0.0,1.0
2020-10-15,149.6266632080078,143.08546730150252,129.3847323310738,0.6580935119410971,0.19649384367448094,36308.01329421997,41000.0,271,0.0,0.0,0.0,0.0,242,0,0,0,0.0,0.0542399600315321,0.0,0.0,0.0,1.0
2020-10-16,146.55667114257812,143.4160581435097,129.77295290816755,0.6453164804883192,0.1904985358367521,36308.01329421997,41000.0,271,0.0,0.0,0.0,0.0,247,0,0,0,0.0,0.052054835197777254,0.0,0.0,0.0,1.0
2020-10-19,143.61000061035156,143.4345288546375,130.22169632608413,0.6464271417898408,0.1958307302106519,36308.01329421997,41000.0,271,0.0,0.0,0.0,0.0,252,0,0,0,0.0,0.05193274830227398,0.0,0.0,0.0,1.0
2020-10-20,140.64666748046875,143.16901824757383,129.9432359004192,0.6183261380302562,0.19365460680871402,36308.01329421997,41000.0,271,0.0,0.0,0.0,0.0,258,0,0,0,0.0,0.053687708656280295,0.08808996520264346,0.0,1.0,1.0
2020-10-21,140.8800048828125,142.95101697473942,131.81875785728167,0.4815518114050413,0.16934091482543134,36308.01329421997,41000.0,271,0.0,0.0,0.0,0.0,257,0,0,0,0.0,0.05512864389867361,0.0724378229604649,0.0,1.0,1.0
2020-10-22,141.92999267578125,142.85377656531483,133.69235394277484,0.4788591433135684,0.16951754254231866,36308.01329421997,41000.0,271,0.0,0.0,0.0,0.0,255,0,0,0,0.0,0.05577137928779712,0.03233319803453757,0.0,1.0,1.0
2020-10-23,140.2100067138672,142.60198896041504,134.02177844165396,0.451051694028881,0.16263575494774238,36308.01329421997,41000.0,271,0.0,0.0,0.0,0.0,258,0,0,0,0.0,0.057435633944573815,0.08386917545770858,0.0,1.0,1.0
2020-10-26,140.0933380126953,142.36306982253697,133.75746762223903,0.4349030323483021,0.17062687658673162,36308.01329421997,41000.0,271,0.0,0.0,0.0,0.0,259,0,0,0,0.0,0.05901483117298731,0.0797163131095374,0.0,1.0,1.0
2020-10-27,141.55999755859375,142.28658674978047,133.82121800582613,0.43587998387309246,0.16996575600516164,36308.01329421997,41000.0,271,0.0,0.0,0.0,0.0,256,0,0,0,0.0,0.059520365629499895,0.025532596142195378,0.0,1.0,1.0
2020-10-28,135.33999633789062,141.62500671055287,132.36784834018428,0.45491357587253084,0.21036792294733203,36308.01329421997,41000.0,271,0.08961276292128167,0.0,0.0,0.0,268,0,0,0,0.0,0.06389324832780915,0.22188914650882513,0.0,1.0,0.8020553763577014
2020-10-29,136.94332885742188,141.17913262930227,131.96369138922492,0.4238156708340143,0.2144216044209539,36308.01329421997,41000.0,271,0.09647395192201666,0.0,0.0,0.0,265,0,0,0,0.0,0.06684036725509965,0.15001522154844435,0.0,1.0,0.6471275207961187
2020-10-30,129.34666442871094,140.05223089591263,129.2044445002731,0.3872120726041165,0.21596628862248143,36308.01329421997,41000.0,271,0.21094940905152315,0.0,0.0,0.0,280,0,0,0,0.0,0.07428891285872384,0.3821990695442085,0.0,1.0,0.49410692394751576
2020-11-02,133.50332641601562,139.428525707351,127.89448572571334,0.3943463253257969,0.21020009362478145,36808.01329421997,41500.0,271,0.14302343693287395,0.0,0.0,0.0,275,0,0,0,0.0,0.08951492851344277,0.21248160164053853,0.0,1.0,0.5633767431050976
2020-11-03,141.3000030517578,139.60676164491358,128.21070449967957,0.43828204201070525,0.2151490170229784,36808.01329421997,41500.0,271,0.0,0.0,0.0,0.0,260,0,0,0,0.0,0.08835102636694998,0.0,0.0,0.0,0.6975910002410708
2020-11-04,140.32666015625,139.675323407898,128.25484060815242,0.42828922105886275,0.22063930040363988,36808.01329421997,41500.0,271,0.0,0.0,0.0,0.0,262,0,0,0,0.0,0.08790330979420824,0.0,0.0,0.0,0.6176070335737482
2020-11-05,146.02999877929688,140.28053058612645,128.71363660244361,0.45217789119776275,0.2294171520577898,36808.01329421997,41500.0,271,0.0,0.0,0.0,0.0,252,0,0,0,0.0,0.08395123400384899,0.0,0.0,0.0,0.6424879567703374
2020-11-06,143.31666564941406,140.56968630643956,129.04939329779842,0.45290576241090985,0.22759055705931075,36808.01329421997,41500.0,271,0.0,0.0,0.0,0.0,256,0,0,0,0.0,0.08206301231216577,0.0,0.0,0.0,0.6583353613278478
2020-11-09,140.4199981689453,140.55543029334487,129.29921362741376,0.4523038968706142,0.22381745820836535,36808.01329421997,41500.0,271,0.043630738361456506,0.0,0.0,0.0,262,0,0,0,0.0,0.08215610579526607,0.00481774784926149,0.0,1.0,0.6840505520706406
2020-11-10,136.7866668701172,140.19650044351366,129.2669521712997,0.45759034994290004,0.22256331408207025,36808.01329421997,41500.0,271,0.07947136679952069,0.0,0.0,0.0,269,0,0,0,0.0,0.08449996095922412,0.12160908305875721,0.0,1.0,0.7133339930338638
2020-11-11,139.0433349609375,140.0866751594588,130.90267644722854,0.4437291651371783,0.22221201285324438,36808.01329421997,41500.0,271,0.06004751591121027,0.0,0.0,0.0,264,0,0,0,0.0,0.08521713329606427,0.037239094915118516,0.0,1.0,0.6640608198135185
2020-11-12,137.25332641601562,139.816832421988,131.64625404979589,0.43712852084498055,0.2256286584790432,36808.01329421997,41500.0,271,0.08963181909047885,0.0,0.0,0.0,268,0,0,0,0.0,0.08697923888292172,0.09167372631627581,0.0,1.0,0.6144835936462014
2020-11-13,136.1666717529297,139.4691980725539,131.81462324032398,0.4330626865699637,0.2300796128238888,36808.01329421997,41500.0,271,0.1089710036693964,0.0,0.0,0.0,270,0,0,0,0.0,0.08924933306838302,0.11839626115531919,0.0,1.0,0.5685247715444968
2020-11-16,136.02999877929688,139.14165528271988,131.65021354140998,0.42852524964592703,0.2225779670396107,36808.01329421997,41500.0,271,0.10024127216430305,0.0,0.0,0.0,270,0,0,0,0.0,0.09138822694898588,0.11181613791716352,0.0,1.0,0.6044012776942462
2020-11-17,147.20333862304688,139.90943464846532,131.56304194044603,0.5166287657355751,0.22412023418474303,36808.01329421997,41500.0,271,0.0,0.0,0.0,0.0,250,0,0,0,0.0,0.08637453518713004,0.0,0.0,0.0,0.9209509262400215
2020-11-18,162.2133331298828,142.03361545621937,128.770235599712,0.6250687220704513,0.22911163306796367,36808.01329421997,41500.0,271,0.0,0.0,0.0,0.0,226,0,0,0,0.0,0.0725033785870976,0.0,0.0,0.0,1.0
2020-11-19,166.42333984375,144.35644635026992,126.65844598572255,0.6283765861009757,0.22891819456439894,36808.01329421997,41500.0,271,0.0,0.0,0.0,0.0,221,0,0,0,0.0,0.05733501298980372,0.0,0.0,0.0,1.0
2020-11-20,163.20333862304688,146.15138847148677,125.98443204177514,0.6320692300865997,0.2308929823236637,36808.01329421997,41500.0,271,0.0,0.0,0.0,0.0,225,0,0,0,0.0,0.04561382468017065,0.0,0.0,0.0,1.0
2020-11-23,173.9499969482422,148.7988749930825,124.30666219488786,0.6627847175405617,0.21875010442238096,36808.01329421997,41500.0,271,0.0,0.0,0.0,0.0,211,0,0,0,0.0,0.0283254187198708,0.0,0.0,0.0,1.0
2020-11-24,185.1266632080078,152.2586643468849,121.78101739320317,0.6884688821610181,0.22274235469378015,36808.01329421997,41500.0,271,0.0,0.0,0.0,0.0,198,0,0,0,0.0,0.005732577397450501,0.0,0.0,0.0,1.0
2020-11-25,191.3333282470703,155.98006090880733,120.02294386861641,0.655564866387525,0.1708027250103482,36808.01329421997,41500.0,271,0.0,0.0,0.0,0.0,192,0,0,0,0.0,0.0,0.0,0.0,0.0,1.0
2020-11-27,195.25332641601562,159.72037190949382,118.85904689661723,0.6551625141340048,0.16920748978864034,36808.01329421997,41500.0,271,0.0,0.0,0.0,0.0,188,0,0,0,0.0,0.0,0.0,0.0,0.0,1.0
2020-11-30,189.1999969482422,162.52795524651748,119.98496229117481,0.623415140966429,0.1611351294285986,36808.01329421997,41500.0,271,0.0,0.0,0.0,0.0,194,0,0,0,0.0,0.0,0.0,0.0,0.0,1.0
2020-12-01,194.9199981689453,165.61291171532014,120.85655318695625,0.6229564338683284,0.1605608502690618,37308.01329421997,42000.0,271,0.0,0.0,0.0,0.0,191,0,0,0,0.0,0.0,0.0,0.0,0.0,1.0
2020-12-02,189.60667419433594,167.89803195141687,121.80494108267752,0.626774814315989,0.1536983514321176,37308.01329421997,42000.0,271,0.0,0.0,0.0,0.0,196,0,0,0,0.0,0.0,0.0,0.0,0.0,1.0
2020-12-03,197.7933349609375,170.7452036666093,122.8669489749085,0.6282173995490173,0.13941452056428638,37308.01329421997,42000.0,271,0.0,0.0,0.0,0.0,188,0,0,0,0.0,0.0,0.0,0.0,0.0,1.0
2020-12-04,199.67999267578125,173.50089785795902,123.78253746605148,0.6230504006113666,0.1275591692543235,37308.01329421997,42000.0,271,0.0,0.0,0.0,0.0,186,0,0,0,0.0,0.0,0.0,0.0,0.0,1.0
2020-12-07,213.9199981689453,177.35033598281484,124.55602072441879,0.6375064692127879,0.1281953372663663,37308.01329421997,42000.0,271,0.0,0.0,0.0,0.0,174,0,0,0,0.0,0.0,0.0,0.0,0.0,1.0
2020-12-08,216.6266632080078,181.09093857569036,126.25688276277307,0.6197745195692087,0.12359710844120217,37308.01329421997,42000.0,271,0.0,0.0,0.0,0.0,172,0,0,0,0.0,0.0,0.0,0.0,0.0,1.0
2020-12-09,201.4933319091797,183.0340236550703,129.72781903435748,0.6819619799751122,0.12817500567782264,37308.01329421997,42000.0,271,0.0,0.0,0.0,0.0,185,0,0,0,0.0,0.0,0.0,0.0,0.0,1.0
2020-12-10,209.02333068847656,185.50919575348996,133.472351199028,0.6843918693048058,0.12667668812013128,37308.01329421997,42000.0,271,0.0,0.0,0.0,0.0,178,0,0,0,0.0,0.0,0.0,0.0,0.0,1.0
2020-12-11,203.3300018310547,187.2064153799247,138.39207090342666,0.6957541812195367,0.11993904630029573,37308.01329421997,42000.0,271,0.0,0.0,0.0,0.0,183,0,0,0,0.0,0.0,0.0,0.0,0.0,1.0
2020-12-14,213.27667236328125,189.68929699738723,144.62058223621293,0.6939514302210739,0.11321304359509445,37308.01329421997,42000.0,271,0.0,0.0,0.0,0.0,174,0,0,0,0.0,0.0,0.0,0.0,0.0,1.0
2020-12-15,211.0833282470703,191.72682378307135,152.5874980847817,0.6990754209815737,0.11489592616514704,37308.01329421997,42000.0,271,0.0,0.0,0.0,0.0,176,0,0,0,0.0,0.0,0.0,0.0,0.0,1.0
2020-12-16,207.58999633789062,193.23760212162557,159.4485497889593,0.6759583366542121,0.11289011941713119,37308.01329421997,42000.0,271,0.0,0.0,0.0,0.0,179,0,0,0,0.0,0.0,0.0,0.0,0.0,1.0
2020-12-17,218.63333129882812,195.65624299564485,163.762174557386,0.6152237518420626,0.10307260931915554,37308.01329421997,42000.0,271,0.0,0.0,0.0,0.0,170,0,0,0,0.0,0.0,0.0,0.0,0.0,1.0
2020-12-18,231.6666717529297,199.08580763919576,167.04539697911,0.6339469545798192,0.10472930658931486,37308.01329421997,42000.0,271,0.0,0.0,0.0,0.0,161,0,0,0,0.0,0.0,0.0,0.0,0.0,1.0
2020-12-21,216.6199951171875,200.75573025614736,173.14942610267587,0.6874431550325317,0.10206619229258858,37308.01329421997,42000.0,271,0.0,0.0,0.0,0.0,172,0,0,0,0.0,0.0,0.0,0.0,0.0,1.0
2020-12-22,213.44667053222656,201.96439123482156,177.6560912985782,0.6678075054898434,0.10200774479181031,37308.01329421997,42000.0,271,0.0,0.0,0.0,0.0,174,0,0,0,0.0,0.0,0.0,0.0,0.0,1.0
2020-12-23,215.32666015625,203.2369882749576,180.4151617583063,0.6376234056432873,0.08612104468259471,37308.01329421997,42000.0,271,0.0,0.0,0.0,0.0,173,0,0,0,0.0,0.0,0.0,0.0,0.0,1.0
2020-12-24,220.58999633789062,204.88965570952266,182.41070988464162,0.6336699714613033,0.08619080371725296,37308.01329421997,42000.0,271,0.0,0.0,0.0,0.0,169,0,0,0,0.0,0.0,0.0,0.0,0.0,1.0
2020-12-28,221.22999572753906,206.44587856838135,184.05511479681022,0.6321087763222009,0.09035925979966385,37308.01329421997,42000.0,271,0.0,0.0,0.0,0.0,168,0,0,0,0.0,0.0,0.0,0.0,0.0,1.0
2020-12-29,221.99667358398438,207.92690666510546,186.96125486311797,0.6162528973124932,0.08867414687924824,37308.01329421997,42000.0,271,0.0,0.0,0.0,0.0,168,0,0,0,0.0,0.0,0.0,0.0,0.0,1.0
2020-12-30,231.5933380126953,210.18085250773308,188.68888015104847,0.6239426860922604,0.08073814674332971,37308.01329421997,42000.0,271,0.0,0.0,0.0,0.0,161,0,0,0,0.0,0.0,0.0,0.0,0.0,1.0
2020-12-31,235.22332763671875,212.56585013906505,191.73267637071484,0.6089245411132677,0.08303042840713613,37308.01329421997,42000.0,271,0.0,0.0,0.0,0.0,158,0,0,0,0.0,0.0,0.0,0.0,0.0,1.0
2021-01-04,243.2566680908203,215.48878518208934,192.73160903987545,0.603523896513611,0.10044180510553358,37808.01329421997,42500.0,271,0.0,0.0,0.0,0.0,155,0,0,0,0.0,0.0,0.0,0.0,0.0,1.0
2021-01-05,245.0366668701172,218.3028691523777,193.94693900637253,0.6036509907960785,0.09868418492918855,37808.01329421997,42500.0,271,0.0,0.0,0.0,0.0,154,0,0,0,0.0,0.0,0.0,0.0,0.0,1.0
2021-01-06,251.9933319091797,221.5114846530255,193.35295814475163,0.5647196245778255,0.10001511057604888,37808.01329421997,42500.0,271,0.0,0.0,0.0,0.0,150,0,0,0,0.0,0.0,0.0,0.0,0.0,1.0
2021-01-07,272.0133361816406,226.3211847986079,190.35018293503163,0.6179763780946516,0.11171230246935096,37808.01329421997,42500.0,271,0.0,0.0,0.0,0.0,138,0,0,0,0.0,0.0,0.0,0.0,0.0,1.0
2021-01-08,293.3399963378906,232.70392875473007,186.85485285070362,0.5798759787320656,0.10691445538042176,37808.01329421997,42500.0,271,0.0,0.0,0.0,0.0,128,0,0,0,0.0,0.0,0.0,0.0,0.0,1.0
2021-01-11,270.39666748046875,236.29371339527663,187.87812406974035,0.6708594127068555,0.11066478258946337,37808.01329421997,42500.0,271,0.0,0.0,0.0,0.0,139,0,0,0,0.0,0.0,0.0,0.0,0.0,1.0
2021-01-12,283.14666748046875,240.75589949862825,189.19374057224147,0.6624143413927125,0.11021010563719018,37808.01329421997,42500.0,271,0.0,0.0,0.0,0.0,133,0,0,0,0.0,0.0,0.0,0.0,0.0,1.0
2021-01-13,284.8033447265625,244.95089428224102,190.1663429868882,0.6529138398242292,0.1077247253081287,37808.01329421997,42500.0,271,0.0,0.0,0.0,0.0,132,0,0,0,0.0,0.0,0.0,0.0,0.0,1.0
2021-01-14,281.6666564941406,248.4476335405172,192.28064496443895,0.6532990198321439,0.10181605625483485,37808.01329421997,42500.0,271,0.0,0.0,0.0,0.0,134,0,0,0,0.0,0.0,0.0,0.0,0.0,1.0
2021-01-15,275.38665771484375,251.01325489045306,195.66156863985336,0.6573245298410313,0.10621878828495789,37808.01329421997,42500.0,271,0.0,0.0,0.0,0.0,137,0,0,0,0.0,0.0,0.0,0.0,0.0,1.0
2021-01-19,281.51666259765625,253.9183413387581,198.05845517827714,0.6425151364894955,0.10797680950006847,37808.01329421997,42500.0,271,0.0,0.0,0.0,0.0,134,0,0,0,0.0,0.0,0.0,0.0,0.0,1.0
2021-01-20,283.48333740234375,256.7340552495758,199.56791025567722,0.6191510940188738,0.11570932186173262,37808.01329421997,42500.0,271,0.0,0.0,0.0,0.0,133,0,0,0,0.0,0.0,0.0,0.0,0.0,1.0
2021-01-21,281.663330078125,259.10827189991386,203.05182838040622,0.5556975063660125,0.11384943177658173,37808.01329421997,42500.0,271,0.0,0.0,0.0,0.0,134,0,0,0,0.0,0.0,0.0,0.0,0.0,1.0
2021-01-22,282.21331787109375,261.3087524685977,207.69297908225622,0.5474909716694744,0.1143551474532934,37808.01329421997,42500.0,271,0.0,0.0,0.0,0.0,133,0,0,0,0.0,0.0,0.0,0.0,0.0,1.0
2021-01-25,293.6000061035156,264.38410995763746,212.7368612090264,0.5544493273896434,0.11436638720853336,37808.01329421997,42500.0,271,0.0,0.0,0.0,0.0,128,0,0,0,0.0,0.0,0.0,0.0,0.0,1.0
2021-01-26,294.36334228515625,267.2392749412107,217.76537963274185,0.555563092690101,0.11498788589052272,37808.01329421997,42500.0,271,0.0,0.0,0.0,0.0,128,0,0,0,0.0,0.0,0.0,0.0,0.0,1.0
2021-01-27,288.0533447265625,269.22156730172037,223.72501467391152,0.5692052907816763,0.14821898648854717,37808.01329421997,42500.0,271,0.0,0.0,0.0,0.0,131,0,0,0,0.0,0.0,0.0,0.0,0.0,1.0
2021-01-28,278.4766540527344,270.1030041351503,230.4468421678274,0.5925625096318293,0.15163321387309833,37808.01329421997,42500.0,271,0.0,0.0,0.0,0.0,135,0,0,0,0.0,0.0,0.0,0.0,0.0,1.0
2021-01-29,264.510009765625,269.5703380047193,234.62022329199567,0.6195078856379276,0.16761904819432474,37808.01329421997,42500.0,271,0.0,0.0,0.0,0.0,142,0,0,0,0.0,0.0,0.09385914408368091,0.0,1.0,1.0
2021-02-01,279.9366760253906,270.5576082924023,240.76782413041045,0.6450437302662452,0.17592534494956932,38308.01329421997,43000.0,271,0.0,0.0,0.0,0.0,136,0,0,0,0.0,0.0,0.0,0.0,0.0,1.0
2021-02-02,290.92999267578125,272.4978353765336,246.50100445809147,0.6478858839967456,0.17278770332797533,38308.01329421997,43000.0,271,0.0,0.0,0.0,0.0,131,0,0,0,0.0,0.0,0.0,0.0,0.0,1.0
2021-02-03,284.89666748046875,273.6786765292893,253.02682345944132,0.656889180919216,0.17163227904470657,38308.01329421997,43000.0,271,0.0,0.0,0.0,0.0,134,0,0,0,0.0,0.0,0.0,0.0,0.0,1.0
2021-02-04,283.3299865722656,274.5978489143347,259.02374288131637,0.6542016656522897,0.17428638582175776,38308.01329421997,43000.0,271,0.0,0.0,0.0,0.0,135,0,0,0,0.0,0.0,0.0,0.0,0.0,1.0
2021-02-05,284.07666015625,275.50059284213614,260.7029567594684,0.5950240126890516,0.16751770317398698,38308.01329421997,43000.0,271,0.0,0.0,0.0,0.0,134,0,0,0,0.0,0.0,0.0,0.0,0.0,1.0
2021-02-08,287.8066711425781,276.67260029932106,262.49590239415033,0.5262128317348934,0.16831087398291916,38308.01329421997,43000.0,271,0.0,0.0,0.0,0.0,133,0,0,0,0.0,0.0,0.0,0.0,0.0,1.0
2021-02-09,283.1533203125,277.28981172914763,264.35256544168425,0.4442721269783687,0.1660666598123138,38308.01329421997,43000.0,271,0.0,0.0,0.0,0.0,135,0,0,0,0.0,0.0,0.0,0.0,0.0,1.0
2021-02-10,268.2733459472656,276.4311007023017,261.84024718143843,0.4527728535080636,0.1661545591881266,38308.01329421997,43000.0,271,0.0016442281098013323,0.0,0.0,0.0,142,0,0,0,0.0,0.0,0.1475549374565753,0.0,1.0,1.0
2021-02-11,270.5533447265625,275.87131441889795,260.368816770223,0.4535026840887808,0.16612903424385853,38308.01329421997,43000.0,271,0.0,0.0,0.0,0.0,141,0,0,0,0.0,0.0,0.09638497035361131,0.0,1.0,1.0
2021-02-12,272.0400085449219,275.50642814518596,259.38856773630687,0.4530215245614105,0.16533981440439247,38308.01329421997,43000.0,271,0.0,0.0,0.0,0.0,140,0,0,0,0.0,0.0,0.06290995864599865,0.0,1.0,1.0
2021-02-16,265.40667724609375,274.5445471071772,257.07945614793226,0.4543604447733099,0.16217568577405778,38308.01329421997,43000.0,271,0.008246548421350891,0.0,0.0,0.0,144,0,0,0,0.0,0.0,0.1664187097752883,0.0,1.0,1.0
2021-02-17,266.04998779296875,273.735541458205,255.05535434148024,0.4460079546574442,0.1608333244282393,38308.01329421997,43000.0,271,0.0,0.0,0.0,0.0,143,0,0,0,0.0,0.0,0.140382823952908,0.0,1.0,1.0
2021-02-18,262.4599914550781,272.6616795531453,252.46866138415615,0.446187660851114,0.15551683450792142,38308.01329421997,43000.0,271,0.0154765796237889,0.0,0.0,0.0,145,0,0,0,0.0,0.0,0.1870759417822541,0.0,1.0,1.0
2021-02-19,260.4333190917969,271.4970737949216,249.7049925929773,0.44632568657224336,0.15580565786947884,38308.01329421997,43000.0,271,0.02131410464148603,0.0,0.0,0.0,147,0,0,0,0.0,0.0,0.20375458468996013,0.0,1.0,1.0
2021-02-22,238.1666717529297,268.3227497909224,240.2995706332036,0.5318230566499333,0.15819571033679217,38308.01329421997,43000.0,271,0.29667783148319754,0.0,0.0,0.0,160,0,0,0,0.0,0.0,0.5619366613805645,1.0,1.0,1.0
2021-02-23,232.94667053222656,264.95359938533227,232.28644767235173,0.5019784390658504,0.15780083229352224,38308.01329421997,43000.0,271,0.16140352734545932,0.0,0.0,0.0,164,0,0,0,0.0,0.0,0.6040100781298839,0.0,1.0,1.0
2021-02-24,247.33999633789062,263.276113380814,230.37767317655232,0.5634798404154513,0.16229859006796002,38308.01329421997,43000.0,271,0.05592759239337913,0.0,0.0,0.0,154,0,0,0,0.0,0.0,0.30265026398108336,0.0,1.0,1.0
2021-02-25,227.4066619873047,259.8599751528608,222.8708165032912,0.618535557912555,0.15971722661035512,38308.01329421997,43000.0,271,0.16855346521262038,0.0,0.0,0.0,168,0,0,0,0.0,0.0,0.6244384720360583,0.0,1.0,1.0
2021-02-26,225.1666717529297,256.55585101953403,215.46843607543153,0.6129349655871018,0.15755462113324945,38308.01329421997,43000.0,271,0.16410957301603374,0.0,0.0,0.0,170,0,0,0,0.0,0.0,0.6117416371886678,0.0,1.0,1.0
2021-03-01,239.47666931152344,254.9292622854378,212.3149760755976,0.6457807127146357,0.16043890266635816,38808.01329421997,43500.0,271,0.05607663263886847,0.0,0.0,0.0,162,0,0,0,0.0,0.0,0.30307609325390994,0.0,1.0,1.0
2021-03-02,228.81333923339844,252.44203151857693,207.89177358357568,0.6163106931233028,0.15624698625912672,38808.01329421997,43500.0,271,0.11380081894571281,0.0,0.0,0.0,169,0,0,0,0.0,0.0,0.4680023398448938,0.0,1.0,1.0
2021-03-03,217.73333740234375,249.1364416027452,202.96413801800094,0.6031038532398277,0.1567457738269346,38808.01329421997,43500.0,271,0.17058367694891646,0.0,0.0,0.0,178,0,0,0,0.0,0.0,0.6302390769969043,0.0,1.0,1.0
2021-03-04,207.14666748046875,245.13741549586172,195.77450376453598,0.6154208181351882,0.1636769347312816,38808.01329421997,43500.0,271,0.22121036946748757,0.0,0.0,0.0,187,0,0,0,0.0,0.0,0.7748867699071076,0.0,1.0,1.0
2021-03-05,199.31666564941406,240.7735345581048,187.96055019043106,0.6194143548926548,0.17433876409945817,38808.01329421997,43500.0,271,0.2513185013185108,0.0,0.0,0.0,194,0,0,0,0.0,0.0,0.8609100037671737,0.0,1.0,1.0
2021-03-08,187.6666717529297,235.71573810046908,178.8655581360435,0.6319472653054437,0.17445874801525704,38808.01329421997,43500.0,271,0.3,0.0,0.0,0.0,206,0,0,0,0.0,0.0,1.0,0.0,1.0,1.0
2021-03-09,224.52667236328125,234.65011279216546,181.02715945906198,0.9912128005686918,0.18021833696733944,38808.01329421997,43500.0,271,0.02549973251552967,0.0,0.0,0.0,172,0,0,0,0.0,0.0,0.21571352147294198,0.0,1.0,1.0
2021-03-10,222.68666076660156,233.51073640877843,183.1257640017683,0.9910218465497618,0.18164999058811282,38808.01329421997,43500.0,271,0.031118892711853086,0.0,0.0,0.0,174,0,0,0,0.0,0.0,0.23176826489100893,0.0,1.0,1.0
2021-03-11,233.1999969482422,233.48114217444166,185.1047995149177,0.9977135140263557,0.18541720467960993,38808.01329421997,43500.0,271,0.0,0.0,0.0,0.0,166,0,0,0,0.0,0.0,0.006020726633018977,0.0,1.0,1.0
2021-03-12,231.2433319091797,233.26801738727383,187.61193201246914,0.9964372154023964,0.18537485088877256,38808.01329421997,43500.0,271,0.0,0.0,0.0,0.0,167,0,0,0,0.0,0.0,0.043398265668215016,0.0,1.0,1.0
2021-03-15,235.97999572753906,233.52630103872764,191.40766054997997,1.000153776285734,0.18602979353785296,38808.01329421997,43500.0,271,0.0,0.0,0.0,0.0,164,0,0,0,0.0,0.0,0.0,0.0,0.0,1.0
2021-03-16,225.6266632080078,232.77395457865907,193.5062572519896,1.0074523968240385,0.18613969459788277,38808.01329421997,43500.0,271,0.0037335026218024425,0.0,0.0,0.0,172,0,0,0,0.0,0.0,0.1535242932051499,0.0,1.0,1.0
2021-03-17,233.93666076660156,232.88468850132028,197.250306507047,1.0187321441682697,0.18631122506612796,38808.01329421997,43500.0,271,0.0,0.0,0.0,0.0,165,0,0,0,0.0,0.0,0.0,0.0,0.0,1.0
2021-03-18,217.72000122070312,231.44043256983292,199.17549502388744,1.0441858318739652,0.1934902606944316,38808.01329421997,43500.0,271,0.05374485820982178,0.0,0.0,0.0,178,0,0,0,0.0,0.0,0.29641388059949086,0.0,1.0,1.0
2021-03-19,218.2899932861328,230.1880097809091,201.90545387431456,1.0447812337000164,0.1933743784671049,38808.01329421997,43500.0,271,0.040454445849183285,0.0,0.0,0.0,177,0,0,0,0.0,0.0,0.2584412738548095,0.0,1.0,1.0
2021-03-22,223.3333282470703,229.53518296816256,201.9684878071033,1.0067487676546114,0.1924866651863896,38808.01329421997,43500.0,271,0.0,0.0,0.0,0.0,173,0,0,0,0.0,0.0,0.1350959500172239,0.0,1.0,1.0
2021-03-23,220.72000122070312,228.6956418493569,201.42571785720048,1.0046379948657806,0.19483312673471478,38808.01329421997,43500.0,271,0.011030332660811604,0.0,0.0,0.0,175,0,0,0,0.0,0.0,0.1743723790308904,0.0,1.0,1.0
2021-03-24,210.08999633789062,226.92367561016962,201.52375670493535,0.9893536444426563,0.1914643265727366,38808.01329421997,43500.0,271,0.07981870951665487,0.0,0.0,0.0,184,0,0,0,0.0,0.0,0.3709105986190141,0.0,1.0,1.0
2021-03-25,213.4633331298828,225.64173823109468,200.15869744195288,0.9519828973307368,0.16970921244895978,38808.01329421997,43500.0,271,0.044451536733392416,0.0,0.0,0.0,181,0,0,0,0.0,0.0,0.2698615335239784,0.0,1.0,1.0
2021-03-26,206.23666381835938,223.79363590607227,197.596227962681,0.9585484893267491,0.17677299400148286,38808.01329421997,43500.0,271,0.08729032565695,0.0,0.0,0.0,188,0,0,0,0.0,0.0,0.39225807330557144,0.0,1.0,1.0
2021-03-29,203.76333618164062,221.88598831326925,196.46123708787638,0.9262033456260222,0.15735700914532014,38808.01329421997,43500.0,271,0.09293214939545363,0.0,0.0,0.0,190,0,0,0,0.0,0.0,0.40837756970129624,0.0,1.0,1.0
2021-03-30,211.8733367919922,220.9324024541,195.8881276719858,0.9286855651754209,0.15456484501784695,38808.01329421997,43500.0,271,0.02175663113509263,0.0,0.0,0.0,183,0,0,0,0.0,0.0,0.20501894610026478,0.0,1.0,1.0
2021-03-31,222.64332580566406,221.09534753520137,195.9342127475108,0.9301532181298012,0.14524459905146905,38808.01329421997,43500.0,271,0.0,0.0,0.0,0.0,174,0,0,0,0.0,0.0,0.0,0.0,0.0,1.0
2021-04-01,220.5833282470703,221.0465837934746,196.33284497076934,0.9116852524291492,0.1370995570932401,39308.01329421997,44000.0,271,0.0,0.0,0.0,0.0,178,0,0,0,0.0,0.0,0.010478685950584989,0.0,1.0,1.0
2021-04-05,230.35000610351562,221.93262401347852,198.32417363714922,0.9075790305261241,0.1301599720343845,39308.01329421997,44000.0,271,0.0,0.0,0.0,0.0,170,0,0,0,0.0,0.0,0.0,0.0,0.0,1.0
2021-04-06,230.5399932861328,222.752373468017,204.13033721166764,0.8731285673335706,0.12731672397976027,39308.01329421997,44000.0,271,0.0,0.0,0.0,0.0,170,0,0,0,0.0,0.0,0.0,0.0,0.0,1.0
2021-04-07,223.6566619873047,222.83849618413964,204.23883067509144,0.5465344640266031,0.12067663062589379,39308.01329421997,44000.0,271,0.0,0.0,0.0,0.0,175,0,0,0,0.0,0.0,0.0,0.0,0.0,1.0
2021-04-08,227.93333435058594,223.32371886665834,204.52428216859064,0.5494490595876921,0.12016463535227517,39308.01329421997,44000.0,271,0.0,0.0,0.0,0.0,172,0,0,0,0.0,0.0,0.0,0.0,0.0,1.0
2021-04-09,225.67333984375,223.54749229304804,205.39694651539858,0.5235503884010024,0.11819556374599165,39308.01329421997,44000.0,271,0.0,0.0,0.0,0.0,174,0,0,0,0.0,0.0,0.0,0.0,0.0,1.0
2021-04-12,233.9933319091797,224.54233416125103,206.04841989069098,0.5396138530269228,0.11845870092821581,39308.01329421997,44000.0,271,0.0,0.0,0.0,0.0,167,0,0,0,0.0,0.0,0.0,0.0,0.0,1.0
2021-04-13,254.10667419433594,227.3579855929734,204.64651797608866,0.6154542604259173,0.11750401336625972,39308.01329421997,44000.0,271,0.0,0.0,0.0,0.0,154,0,0,0,0.0,0.0,0.0,0.0,0.0,1.0
2021-04-14,244.07666015625,228.95024031328543,204.32465121705047,0.6110556446409225,0.11889501386405021,39308.01329421997,44000.0,271,0.0,0.0,0.0,0.0,161,0,0,0,0.0,0.0,0.0,0.0,0.0,1.0
2021-04-15,246.28334045410156,230.60101175526793,204.32576994468286,0.5994902194363589,0.12317101285220772,39308.01329421997,44000.0,271,0.0,0.0,0.0,0.0,159,0,0,0,0.0,0.0,0.0,0.0,0.0,1.0
2021-04-16,246.5933380126953,232.1240904464515,204.23977232111778,0.5350603244208223,0.10507328402936424,39308.01329421997,44000.0,271,0.0,0.0,0.0,0.0,159,0,0,0,0.0,0.0,0.0,0.0,0.0,1.0
2021-04-19,238.2100067138672,232.70370151953873,204.51397256296514,0.5542756665797784,0.1086908891104406,39308.01329421997,44000.0,271,0.0,0.0,0.0,0.0,165,0,0,0,0.0,0.0,0.0,0.0,0.0,1.0
2021-04-20,239.663330078125,233.36652328702314,204.64712775170196,0.5501590232797476,0.11310358522302413,39308.01329421997,44000.0,271,0.0,0.0,0.0,0.0,164,0,0,0,0.0,0.0,0.0,0.0,0.0,1.0
2021-04-21,248.0399932861328,234.76399662027168,204.8336114212857,0.5572685611350121,0.10901815407205022,39308.01329421997,44000.0,271,0.0,0.0,0.0,0.0,158,0,0,0,0.0,0.0,0.0,0.0,0.0,1.0
2021-04-22,239.89666748046875,235.2528224164809,206.3116952326035,0.5397319066879736,0.11371095411485269,39308.01329421997,44000.0,271,0.0,0.0,0.0,0.0,163,0,0,0,0.0,0.0,0.0,0.0,0.0,1.0
2021-04-23,243.13333129882812,236.00334707194256,207.67792706235443,0.5392500304380508,0.1168836889153194,39308.01329421997,44000.0,271,0.0,0.0,0.0,0.0,161,0,0,0,0.0,0.0,0.0,0.0,0.0,1.0
2021-04-26,246.06666564941406,236.96175836503508,210.69663989800992,0.5172163646814435,0.10592336243142667,39308.01329421997,44000.0,271,0.0,0.0,0.0,0.0,159,0,0,0,0.0,0.0,0.0,0.0,0.0,1.0
2021-04-27,234.913330078125,236.76666995675794,214.6474896735442,0.5480847749154266,0.10566187928253486,39308.01329421997,44000.0,271,0.0,0.0,0.0,0.0,167,0,0,0,0.0,0.0,0.03913852990734344,0.0,1.0,1.0
2021-04-28,231.46665954589844,236.26190706048558,216.9784378353096,0.5398107641941982,0.10428060170945791,39308.01329421997,44000.0,271,0.0,0.0,0.0,0.0,169,0,0,0,0.0,0.0,0.10148160518655915,0.0,1.0,1.0
2021-04-29,225.6666717529297,235.25283703119456,216.38011922997245,0.52119557713258,0.10520718255854151,39308.01329421997,44000.0,271,0.021309615002598453,0.0,0.0,0.0,174,0,0,0,0.0,0.0,0.20374175715028137,0.0,1.0,1.0
2021-04-30,236.47999572753906,235.36970928798928,218.0520495393014,0.5449837714601683,0.10556675596744286,39308.01329421997,44000.0,271,0.0,0.0,0.0,0.0,166,0,0,0,0.0,0.0,0.0,0.0,0.0,1.0
2021-05-03,228.3000030517578,234.69640393215772,217.18147106353564,0.5396266384877133,0.09490041318018717,39808.01329421997,44500.0,271,0.0,0.0,0.0,0.0,174,0,0,0,0.0,0.0,0.13626968230516387,0.0,1.0,1.0
2021-05-04,224.53334045410156,233.7284931247238,215.53727379752428,0.5428097086389192,0.09887446546261652,39808.01329421997,44500.0,271,0.018847049662028326,0.0,0.0,0.0,177,0,0,0,0.0,0.0,0.19670585617722383,0.0,1.0,1.0
2021-05-05,223.64666748046875,232.76831925384238,214.5755636663889,0.532081890139247,0.09887566399983491,39808.01329421997,44500.0,271,0.018578450257209278,0.0,0.0,0.0,177,0,0,0,0.0,0.0,0.19593842930631233,0.0,1.0,1.0
2021-05-06,221.17999267578125,231.66466910355084,212.54162248036724,0.5288578700836349,0.10149356520583708,39808.01329421997,44500.0,271,0.0292014760800465,0.0,0.0,0.0,179,0,0,0,0.0,0.0,0.2262899316572758,0.0,1.0,1.0
2021-05-07,224.1233367919922,230.9464469786405,211.62547365925792,0.5300794643858898,0.10120888970555812,39808.01329421997,44500.0,271,0.001702214876416197,0.0,0.0,0.0,177,0,0,0,0.0,0.0,0.14772061393261776,0.0,1.0,1.0
2021-05-10,209.67999267578125,228.92107037836817,206.1750806165325,0.5583073733753116,0.1093629282756199,39808.01329421997,44500.0,271,0.09708950086539925,0.0,0.0,0.0,189,0,0,0,0.0,0.0,0.4202557167582836,0.0,1.0,1.0
2021-05-11,205.73333740234375,226.71271485684204,202.16912088431485,0.44445631579996114,0.11382948201121443,39808.01329421997,44500.0,271,0.1119402359878891,0.0,0.0,0.0,193,0,0,0,0.0,0.0,0.462686388536826,0.0,1.0,1.0
2021-05-12,196.6300048828125,223.8476948593154,195.05481601372182,0.44893973665899656,0.13677468793650996,39808.01329421997,44500.0,271,0.1627828811854209,0.0,0.0,0.0,202,0,0,0,0.0,0.0,0.6079510891012025,0.0,1.0,1.0
2021-05-13,190.56333923339844,220.67775622827568,187.81499113923536,0.4483998546046429,0.1380580489743516,39808.01329421997,44500.0,271,0.18881079199718015,0.0,0.0,0.0,208,0,0,0,0.0,0.0,0.682316548563372,0.0,1.0,1.0
2021-05-14,196.5800018310547,218.3827319999689,183.98920016013287,0.47285675790753506,0.14816552054746235,39808.01329421997,44500.0,271,0.12471517755169997,0.0,0.0,0.0,202,0,0,0,0.0,0.0,0.4991862215762858,0.0,1.0,1.0
2021-05-17,192.27667236328125,215.89644060599866,179.10294756795304,0.4669109146839637,0.14719547339125474,39808.01329421997,44500.0,271,0.14145565489052808,0.0,0.0,0.0,207,0,0,0,0.0,0.0,0.5470161568300802,0.0,1.0,1.0
2021-05-18,192.6233367919922,213.67995452847424,175.4064474620355,0.46516175956816685,0.1483741710572334,39808.01329421997,44500.0,271,0.12244987308312633,0.0,0.0,0.0,206,0,0,0,0.0,0.0,0.49271392309464673,0.0,1.0,1.0
2021-05-19,187.82000732421875,211.21710241378327,172.56743840020778,0.4352383633539389,0.14445492378916,39808.01329421997,44500.0,271,0.14385227776927395,0.0,0.0,0.0,211,0,0,0,0.0,0.0,0.5538636507693542,0.0,1.0,1.0
2021-05-20,195.5933380126953,209.72912485177488,171.39128046656376,0.46976671902517697,0.14596209646066427,39808.01329421997,44500.0,271,0.06795036567225676,0.0,0.0,0.0,203,0,0,0,0.0,0.0,0.33700104477787657,0.0,1.0,1.0
2021-05-21,193.6266632080078,208.19555707617803,171.0358789655731,0.46168906260117665,0.140502485935842,39808.01329421997,44500.0,271,0.07245969427661292,0.0,0.0,0.0,205,0,0,0,0.0,0.0,0.3498848407903227,0.0,1.0,1.0
2021-05-24,202.14666748046875,207.61947235277717,173.66602171390898,0.49545715908309046,0.14495764479254364,39808.01329421997,44500.0,271,0.0,0.0,0.0,0.0,196,0,0,0,0.0,0.0,0.1317989302807129,0.0,1.0,1.0
2021-05-25,201.56333923339844,207.04269776997918,174.87155191160124,0.4771123913621665,0.145180247656213,39808.01329421997,44500.0,271,0.0,0.0,0.0,0.0,197,0,0,0,0.0,0.0,0.13232436100374376,0.0,1.0,1.0
2021-05-26,206.3766632080078,206.97926590693427,176.5874086119574,0.488588677059731,0.14527744336536536,39808.01329421997,44500.0,271,0.0,0.0,0.0,0.0,192,0,0,0,0.0,0.0,0.014557078852463748,0.0,1.0,1.0
2021-05-27,210.28334045410156,207.29393967333115,178.0537092831097,0.48990753248180907,0.1432647601473474,39808.01329421997,44500.0,271,0.0,0.0,0.0,0.0,189,0,0,0,0.0,0.0,0.0,0.0,0.0,1.0
2021-05-28,208.4066619873047,207.39991322704293,181.6315650471834,0.45148740999232184,0.14079214090287948,39808.01329421997,44500.0,271,0.0,0.0,0.0,0.0,191,0,0,0,0.0,0.0,0.0,0.0,0.0,1.0
2021-06-01,207.96665954589844,207.45388906693393,183.95455620646072,0.43866234037314394,0.14051780315614262,40308.01329421997,45000.0,271,0.0,0.0,0.0,0.0,193,0,0,0,0.0,0.0,0.0,0.0,0.0,1.0
2021-06-02,201.7066650390625,206.90653439761286,185.3534519412055,0.44627529503976315,0.13822292210926546,40308.01329421997,45000.0,271,0.0,0.0,0.0,0.0,199,0,0,0,0.0,0.0,0.12565744657821573,0.0,1.0,1.0
2021-06-03,190.94667053222656,205.38654736281416,185.3867651264669,0.4780891156144015,0.13901447096381708,40308.01329421997,45000.0,271,0.07303524635861058,0.0,0.0,0.0,211,0,0,0,0.0,0.0,0.3515292753103161,0.0,1.0,1.0
2021-06-04,199.68333435058594,204.8433842187924,187.04109631500194,0.5136023948866871,0.13953306385050726,40308.01329421997,45000.0,271,0.0,0.0,0.0,0.0,201,0,0,0,0.0,0.0,0.12595109888184236,0.0,1.0,1.0
2021-06-07,201.7100067138672,204.54496731356144,190.52718792171387,0.5122626693660727,0.13708833309769797,40308.01329421997,45000.0,271,0.0,0.0,0.0,0.0,199,0,0,0,0.0,0.0,0.06929920195367956,0.0,1.0,1.0
2021-06-08,201.19667053222656,204.22608190581528,191.00217800583408,0.46117981713358824,0.13147166458361562,40308.01329421997,45000.0,271,0.0,0.0,0.0,0.0,200,0,0,0,0.0,0.0,0.07416808238493787,0.0,1.0,1.0
2021-06-09,199.5933380126953,203.7848682017086,190.9222123723432,0.45741732078679553,0.12731901618805694,40308.01329421997,45000.0,271,0.0,0.0,0.0,0.0,201,0,0,0,0.0,0.0,0.10284203694811302,0.0,1.0,1.0
2021-06-10,203.3733367919922,203.74567473411656,190.77657517554877,0.4327216393700754,0.09676789342581105,40308.01329421997,45000.0,271,0.0,0.0,0.0,0.0,198,0,0,0,0.0,0.0,0.009137321383883788,0.0,1.0,1.0
2021-06-11,203.29666137695312,203.70291155724385,191.28072907111084,0.4151617481201705,0.08922182347051849,40308.01329421997,45000.0,271,0.0,0.0,0.0,0.0,198,0,0,0,0.0,0.0,0.009971634111291613,0.0,1.0,1.0
2021-06-14,205.89666748046875,203.9118406927891,191.30675423645997,0.40354548002980795,0.07419865219325086,40308.01329421997,45000.0,271,0.0,0.0,0.0,0.0,195,0,0,0,0.0,0.0,0.0,0.0,0.0,1.0
2021-06-15,199.7866668701172,203.5189669953918,191.48634831559312,0.4107000038024286,0.07389604519401854,40308.01329421997,45000.0,271,0.0,0.0,0.0,0.0,201,0,0,0,0.0,0.0,0.0916941595266429,0.0,1.0,1.0
2021-06-16,201.6233367919922,203.3384307855442,191.91678356174805,0.4114339027174467,0.06924056154551218,40308.01329421997,45000.0,271,0.0,0.0,0.0,0.0,199,0,0,0,0.0,0.0,0.04217338520136615,0.0,1.0,1.0
2021-06-17,205.53334045410156,203.5474698015973,193.85528230046066,0.40205987778123226,0.06782837755546271,40308.01329421997,45000.0,271,0.0,0.0,0.0,0.0,196,0,0,0,0.0,0.0,0.0,0.0,0.0,1.0
2021-06-18,207.77000427246094,203.94961594167955,194.42773611036213,0.3791948467789373,0.0764317020959421,40308.01329421997,45000.0,271,0.0,0.0,0.0,0.0,194,0,0,0,0.0,0.0,0.0,0.0,0.0,1.0
2021-06-21,206.94332885742188,204.23473145746453,195.53514444566366,0.37696422154014797,0.09083083105000107,40308.01329421997,45000.0,271,0.0,0.0,0.0,0.0,194,0,0,0,0.0,0.0,0.0,0.0,0.0,1.0
2021-06-22,207.90333557128906,204.58412232544782,195.66565977714342,0.3455991948510428,0.08594711010938492,40308.01329421997,45000.0,271,0.0,0.0,0.0,0.0,193,0,0,0,0.0,0.0,0.0,0.0,0.0,1.0
2021-06-23,218.85667419433594,205.94341297962762,194.77733526798383,0.3894732192891301,0.0855878781458881,40308.01329421997,45000.0,271,0.0,0.0,0.0,0.0,184,0,0,0,0.0,0.0,0.0,0.0,0.0,1.0
2021-06-24,226.60667419433594,207.91134261912364,192.97797275093728,0.39914944614895725,0.08745426742924338,40308.01329421997,45000.0,271,0.0,0.0,0.0,0.0,177,0,0,0,0.0,0.0,0.0,0.0,0.0,1.0
2021-06-25,223.9566650390625,209.43946856387973,192.46301567760628,0.39976313757923254,0.08789514711425893,40308.01329421997,45000.0,271,0.0,0.0,0.0,0.0,179,0,0,0,0.0,0.0,0.0,0.0,0.0,1.0
2021-06-28,229.57333374023438,211.35697953305637,191.40639107876024,0.4039956773617862,0.08802270350736234,40308.01329421997,45000.0,271,0.0,0.0,0.0,0.0,175,0,0,0,0.0,0.0,0.0,0.0,0.0,1.0
2021-06-29,226.9199981689453,212.83917178409342,191.02127593846768,0.40762465526424924,0.08788805215866208,40308.01329421997,45000.0,271,0.0,0.0,0.0,0.0,177,0,0,0,0.0,0.0,0.0,0.0,0.0,1.0
2021-06-30,226.56666564941406,214.14655215221921,191.07613236250978,0.38740955219616374,0.08788234122577901,40308.01329421997,45000.0,271,0.0,0.0,0.0,0.0,177,0,0,0,0.0,0.0,0.0,0.0,0.0,1.0
2021-07-01,225.97332763671875,215.27291172217156,192.78600801340332,0.32016522400545344,0.0872243612258061,40808.01329421997,45500.0,271,0.0,0.0,0.0,0.0,180,0,0,0,0.0,0.0,0.0,0.0,0.0,1.0
2021-07-02,226.3000030517578,216.32311089641786,193.54207242756146,0.28918646452395186,0.08585618630555637,40808.01329421997,45500.0,271,0.0,0.0,0.0,0.0,180,0,0,0,0.0,0.0,0.0,0.0,0.0,1.0
2021-07-06,219.86000061035156,216.65995753584014,194.24034950374818,0.3140094151448465,0.08638833029140051,40808.01329421997,45500.0,271,0.0,0.0,0.0,0.0,185,0,0,0,0.0,0.0,0.0,0.0,0.0,1.0
2021-07-07,214.88333129882812,216.4907550370771,194.81326034817766,0.3277847937457988,0.08653820603817958,40808.01329421997,45500.0,271,0.0,0.0,0.0,0.0,189,0,0,0,0.0,0.0,0.037124535363500265,0.0,1.0,1.0
2021-07-08,217.60333251953125,216.59671479731082,195.97933184874776,0.3263897678510636,0.09306923057977196,40808.01329421997,45500.0,271,0.0,0.0,0.0,0.0,187,0,0,0,0.0,0.0,0.0,0.0,0.0,1.0
2021-07-09,218.98333740234375,216.82401218826635,196.8829173689572,0.3220472835222498,0.09910230515448368,40808.01329421997,45500.0,271,0.0,0.0,0.0,0.0,186,0,0,0,0.0,0.0,0.0,0.0,0.0,1.0
2021-07-12,228.56666564941406,217.9423601369471,198.11951412721936,0.35108060267730484,0.09932892045205581,40808.01329421997,45500.0,271,0.0,0.0,0.0,0.0,178,0,0,0,0.0,0.0,0.0,0.0,0.0,1.0
2021-07-13,222.84666442871094,218.4094367361627,199.14483408816187,0.36683839797119755,0.10097194770241773,40808.01329421997,45500.0,271,0.0,0.0,0.0,0.0,183,0,0,0,0.0,0.0,0.0,0.0,0.0,1.0
2021-07-14,217.7933349609375,218.35076037661744,201.05915318707468,0.35902075596903843,0.10019892867400527,40808.01329421997,45500.0,271,0.0,0.0,0.0,0.0,187,0,0,0,0.0,0.0,0.012764448695266306,0.0,1.0,1.0
2021-07-15,216.86666870117188,218.2094183122893,202.86249481748126,0.35989359906557433,0.09852856439753117,40808.01329421997,45500.0,271,0.0,0.0,0.0,0.0,188,0,0,0,0.0,0.0,0.030767453153551717,0.0,1.0,1.0
2021-07-16,214.74000549316406,217.87899804380118,203.79782160170666,0.3581341417943933,0.1035792834707985,40808.01329421997,45500.0,271,0.0,0.0,0.0,0.0,190,0,0,0,0.0,0.0,0.07203522548800384,0.0,1.0,1.0
2021-07-19,215.4066619873047,217.643537466992,204.57844185538633,0.3567616665518011,0.1089518398091636,40808.01329421997,45500.0,271,0.0,0.0,0.0,0.0,189,0,0,0,0.0,0.0,0.05138851136405922,0.0,1.0,1.0
2021-07-20,220.1666717529297,217.88383597041465,206.43911287591476,0.3628790747179647,0.11083370173189072,40808.01329421997,45500.0,271,0.0,0.0,0.0,0.0,185,0,0,0,0.0,0.0,0.0,0.0,0.0,1.0
2021-07-21,218.42999267578125,217.93585089473527,208.18838925519287,0.36500572514140595,0.11284176060482032,40808.01329421997,45500.0,271,0.0,0.0,0.0,0.0,186,0,0,0,0.0,0.0,0.0,0.0,0.0,1.0
2021-07-22,216.4199981689453,217.79148396846955,207.84368896468484,0.3153797620658569,0.11249866647061481,40808.01329421997,45500.0,271,0.0,0.0,0.0,0.0,188,0,0,0,0.0,0.0,0.03148621274197277,0.0,1.0,1.0
2021-07-23,214.4600067138672,217.4742004204122,207.37685068709914,0.2866508046417114,0.11571562326888575,40808.01329421997,45500.0,271,0.0,0.0,0.0,0.0,190,0,0,0,0.0,0.0,0.06930002962921775,0.0,1.0,1.0
2021-07-26,219.2066650390625,217.63919705075983,207.62983602601636,0.29736111931144354,0.11558738959517209,40808.01329421997,45500.0,271,0.0,0.0,0.0,0.0,186,0,0,0,0.0,0.0,0.0,0.0,0.0,1.0
2021-07-27,214.92666625976562,217.38086078495087,208.0203077527783,0.28765741204832695,0.11772603234515575,40808.01329421997,45500.0,271,0.0,0.0,0.0,0.0,189,0,0,0,0.0,0.0,0.056449185920123705,0.0,1.0,1.0
2021-07-28,215.66000366210938,217.21696963039454,208.30409878987854,0.2867509844285424,0.11779104980839503,40808.01329421997,45500.0,271,0.0,0.0,0.0,0.0,189,0,0,0,0.0,0.0,0.035838957953755274,0.0,1.0,1.0
2021-07-29,225.78334045410156,218.03281447074758,209.24875621263345,0.3360514053524678,0.11824905137919055,40808.01329421997,45500.0,271,0.0,0.0,0.0,0.0,180,0,0,0,0.0,0.0,0.0,0.0,0.0,1.0
2021-07-30,229.06666564941406,219.0836574401444,209.71144792683432,0.3397527665167349,0.11972928956114089,40808.01329421997,45500.0,271,0.0,0.0,0.0,0.0,178,0,0,0,0.0,0.0,0.0,0.0,0.0,1.0
2021-08-02,236.55667114257812,220.74775398323334,208.97138074398944,0.3580425366211164,0.11746134347216095,41308.01329421997,46000.0,271,0.0,0.0,0.0,0.0,174,0,0,0,0.0,0.0,0.0,0.0,0.0,1.0
2021-08-03,236.5800018310547,222.2555871115973,208.31882758379518,0.33919112390475076,0.12021243502927455,41308.01329421997,46000.0,271,0.0,0.0,0.0,0.0,174,0,0,0,0.0,0.0,0.0,0.0,0.0,1.0
2021-08-04,236.97332763671875,223.65727668541837,208.25320377041032,0.3246465807965998,0.12141669709995798,41308.01329421997,46000.0,271,0.0,0.0,0.0,0.0,174,0,0,0,0.0,0.0,0.0,0.0,0.0,1.0
2021-08-05,238.2100067138672,225.04325097384208,208.15093418708759,0.3234214288915153,0.11789990763079852,41308.01329421997,46000.0,271,0.0,0.0,0.0,0.0,173,0,0,0,0.0,0.0,0.0,0.0,0.0,1.0
2021-08-06,233.03334045410156,225.8042118767239,208.43279228466417,0.33664602588329695,0.11185524509593651,41308.01329421997,46000.0,271,0.0,0.0,0.0,0.0,177,0,0,0,0.0,0.0,0.0,0.0,0.0,1.0
2021-08-09,237.9199981689453,226.9580962855069,208.5493072624481,0.30891319647388393,0.11155231500583977,41308.01329421997,46000.0,271,0.0,0.0,0.0,0.0,173,0,0,0,0.0,0.0,0.0,0.0,0.0,1.0
2021-08-10,236.663330078125,227.88240426575626,208.64573291454863,0.2934072371146497,0.11050746108467689,41308.01329421997,46000.0,271,0.0,0.0,0.0,0.0,174,0,0,0,0.0,0.0,0.0,0.0,0.0,1.0
2021-08-11,235.94000244140625,228.64979456819913,209.08430888891243,0.27836141906159,0.11051314321944393,41308.01329421997,46000.0,271,0.0,0.0,0.0,0.0,175,0,0,0,0.0,0.0,0.0,0.0,0.0,1.0
2021-08-12,240.75,229.8021950855135,209.58934058064648,0.2822047471305696,0.11003285642176297,41308.01329421997,46000.0,271,0.0,0.0,0.0,0.0,171,0,0,0,0.0,0.0,0.0,0.0,0.0,1.0
2021-08-13,239.05667114257812,230.68357375761488,210.61158369950445,0.28039078068415,0.10511546341991788,41308.01329421997,46000.0,271,0.0,0.0,0.0,0.0,172,0,0,0,0.0,0.0,0.0,0.0,0.0,1.0
2021-08-16,228.72332763671875,230.49688365086286,211.3291709750635,0.32960366568137645,0.08232303085867688,41308.01329421997,46000.0,271,0.0,0.0,0.0,0.0,180,0,0,0,0.0,0.0,0.0384724510382218,0.0,1.0,1.0
2021-08-17,221.90333557128906,229.67845050042723,210.65884603171807,0.34144493285129474,0.07458975420379528,41308.01329421997,46000.0,271,0.009241304947616213,0.0,0.0,0.0,186,0,0,0,0.0,0.0,0.16926087127890357,0.0,1.0,1.0
2021-08-18,229.663330078125,229.67701046020795,211.29570706392025,0.36064518930464207,0.08172929655881596,41308.01329421997,46000.0,271,0.0,0.0,0.0,0.0,179,0,0,0,0.0,0.0,0.00029781783678612674,0.0,1.0,1.0
2021-08-19,224.49000549316406,229.18300998715617,211.66507322940836,0.3694965481351,0.08158508824596071,41308.01329421997,46000.0,271,0.0,0.0,0.0,0.0,184,0,0,0,0.0,0.0,0.10238552356597268,0.0,1.0,1.0
2021-08-20,226.75332641601562,228.95161155180944,212.89503900754607,0.36808237927200027,0.0786849665969776,41308.01329421997,46000.0,271,0.0,0.0,0.0,0.0,182,0,0,0,0.0,0.0,0.04800763621828363,0.0,1.0,1.0
2021-08-23,235.43333435058594,229.56891848502624,214.2703472150405,0.38333368517948413,0.08365275326881393,41308.01329421997,46000.0,271,0.0,0.0,0.0,0.0,175,0,0,0,0.0,0.0,0.0,0.0,0.0,1.0
2021-08-24,236.163330078125,230.196957684369,216.8292888066063,0.373314788642395,0.08123594083234256,41308.01329421997,46000.0,271,0.0,0.0,0.0,0.0,174,0,0,0,0.0,0.0,0.0,0.0,0.0,1.0
2021-08-25,237.06666564941406,230.8512155858019,219.86637376518732,0.3732945936548804,0.08123202988020918,41308.01329421997,46000.0,271,0.0,0.0,0.0,0.0,174,0,0,0,0.0,0.0,0.0,0.0,0.0,1.0
2021-08-26,233.72000122070312,231.1244332653163,220.73096995723114,0.34409480334738884,0.08388402026910415,41308.01329421997,46000.0,271,0.0,0.0,0.0,0.0,176,0,0,0,0.0,0.0,0.0,0.0,0.0,1.0
2021-08-27,237.30667114257812,231.71321782505552,221.4461478806287,0.34449660509154406,0.08557489277835297,41308.01329421997,46000.0,271,0.0,0.0,0.0,0.0,174,0,0,0,0.0,0.0,0.0,0.0,0.0,1.0
2021-08-30,243.6366729736328,232.84878498206288,221.77510738004855,0.33797759588843,0.08536684429996795,41308.01329421997,46000.0,271,0.0,0.0,0.0,0.0,169,0,0,0,0.0,0.0,0.0,0.0,0.0,1.0
2021-08-31,245.24000549316406,234.0289012212154,221.97849692673444,0.3383555034331759,0.08224911642317217,41308.01329421997,46000.0,271,0.0,0.0,0.0,0.0,168,0,0,0,0.0,0.0,0.0,0.0,0.0,1.0
2021-09-01,244.69667053222656,235.0448792508355,222.24724569584728,0.3386889968557794,0.07948400166342728,41808.01329421997,46500.0,271,0.0,0.0,0.0,0.0,170,0,0,0,0.0,0.0,0.0,0.0,0.0,1.0
2021-09-02,244.1300048828125,235.91012931102378,222.5686093154093,0.3387425907283759,0.07781462379967098,41808.01329421997,46500.0,271,0.0,0.0,0.0,0.0,171,0,0,0,0.0,0.0,0.0,0.0,0.0,1.0
2021-09-03,244.52333068847656,236.73043420411452,222.87717619078535,0.3275078886987379,0.07798394754112756,41808.01329421997,46500.0,271,0.0,0.0,0.0,0.0,170,0,0,0,0.0,0.0,0.0,0.0,0.0,1.0
2021-09-07,250.97332763671875,238.08690024531492,222.74074627009333,0.3320594567266565,0.07931775070524406,41808.01329421997,46500.0,271,0.0,0.0,0.0,0.0,166,0,0,0,0.0,0.0,0.0,0.0,0.0,1.0
2021-09-08,251.2899932861328,239.34433767777375,222.69519382020133,0.3307353656243102,0.07974056566612094,41808.01329421997,46500.0,271,0.0,0.0,0.0,0.0,166,0,0,0,0.0,0.0,0.0,0.0,0.0,1.0
2021-09-09,251.6199951171875,240.51344791009888,222.74872989105828,0.3300002950227237,0.08204916365196897,41808.01329421997,46500.0,271,0.0,0.0,0.0,0.0,166,0,0,0,0.0,0.0,0.0,0.0,0.0,1.0
2021-09-10,245.42333984375,240.9810566656847,222.96267754170205,0.3379071723070383,0.08593540158310402,41808.01329421997,46500.0,271,0.0,0.0,0.0,0.0,170,0,0,0,0.0,0.0,0.0,0.0,0.0,1.0
2021-09-13,247.6666717529297,241.617781912089,223.1467831230182,0.3375717747405908,0.08613516862306916,41808.01329421997,46500.0,271,0.0,0.0,0.0,0.0,168,0,0,0,0.0,0.0,0.0,0.0,0.0,1.0
2021-09-14,248.163330078125,242.24116745171148,224.00740756565887,0.29238178189701286,0.08789000456194114,41808.01329421997,46500.0,271,0.0,0.0,0.0,0.0,168,0,0,0,0.0,0.0,0.0,0.0,0.0,1.0
2021-09-15,251.94332885742188,243.1651828236839,226.30865637486446,0.26523673465831293,0.08954932176652852,41808.01329421997,46500.0,271,0.0,0.0,0.0,0.0,165,0,0,0,0.0,0.0,0.0,0.0,0.0,1.0
2021-09-16,252.3300018310547,244.03802272914777,227.48578205328909,0.24328106108641784,0.07981084998496633,41808.01329421997,46500.0,271,0.0,0.0,0.0,0.0,165,0,0,0,0.0,0.0,0.0,0.0,0.0,1.0
2021-09-17,253.163330078125,244.90709961952655,230.0941689043381,0.22102079499444327,0.08723308429348463,41808.01329421997,46500.0,271,0.0,0.0,0.0,0.0,165,0,0,0,0.0,0.0,0.0,0.0,0.0,1.0
2021-09-20,243.38999938964844,244.76261388334768,232.37182130188367,0.27129316377169893,0.10173211054850163,41808.01329421997,46500.0,271,0.0,0.0,0.0,0.0,171,0,0,0,0.0,0.0,0.028039709004607723,0.0,1.0,1.0
2021-09-21,246.4600067138672,244.92427034339715,233.35166593535882,0.2415523641009444,0.09542245342808833,41808.01329421997,46500.0,271,0.0,0.0,0.0,0.0,169,0,0,0,0.0,0.0,0.0,0.0,0.0,1.0
2021-09-22,250.64666748046875,245.46926054692779,234.54796801911368,0.24705189635510014,0.10263119703507662,41808.01329421997,46500.0,271,0.0,0.0,0.0,0.0,166,0,0,0,0.0,0.0,0.0,0.0,0.0,1.0
2021-09-23,251.2133331298828,246.0163150786378,235.7654951018235,0.2470530939708824,0.1123320888896029,41808.01329421997,46500.0,271,0.0,0.0,0.0,0.0,166,0,0,0,0.0,0.0,0.0,0.0,0.0,0.832758389380615
2021-09-24,258.1300048828125,247.16999982189253,237.7347254646225,0.25290626553908463,0.1107202023839165,41808.01329421997,46500.0,271,0.0,0.0,0.0,0.0,161,0,0,0,0.0,0.0,0.0,0.0,0.0,0.9034938226701199
2021-09-27,263.78668212890625,248.75254099398907,238.31451752897772,0.25746874701704914,0.10583221104873698,41808.01329421997,46500.0,271,0.0,0.0,0.0,0.0,158,0,0,0,0.0,0.0,0.0,0.0,0.0,1.0
2021-09-28,259.1866760253906,249.74626813983684,238.81747438287738,0.25680474361680733,0.12482262754950216,41808.01329421997,46500.0,271,0.0,0.0,0.0,0.0,161,0,0,0,0.0,0.0,0.0,0.0,0.0,0.7144644141474785
2021-09-29,260.4366760253906,250.7644022241753,239.19302655246753,0.2565756121595015,0.1254379773403632,41808.01329421997,46500.0,271,0.0,0.0,0.0,0.0,160,0,0,0,0.0,0.0,0.0,0.0,0.0,0.704531710940763
2021-09-30,258.49334716796875,251.5004922188223,239.8561953069333,0.25869384925399974,0.13011538793922636,41808.01329421997,46500.0,271,0.0,0.0,0.0,0.0,161,0,0,0,0.0,0.0,0.0,0.0,0.0,0.6568233098790561
2021-10-01,258.40667724609375,252.1582241261815,240.70576132236383,0.25826212955676336,0.13812782184531913,42308.01329421997,47000.0,271,0.0,0.0,0.0,0.0,163,0,0,0,0.0,0.0,0.0,0.0,0.0,0.5581107297725487
2021-10-04,260.510009765625,252.95363228231898,241.57349552946667,0.2588448483140518,0.14332538857497185,42308.01329421997,47000.0,271,0.0,0.0,0.0,0.0,162,0,0,0,0.0,0.0,0.0,0.0,0.0,0.5049953285064883
2021-10-05,260.1966552734375,253.64344399575884,241.89512386729004,0.24433644815876968,0.15065310145350255,42308.01329421997,47000.0,271,0.0,0.0,0.0,0.0,162,0,0,0,0.0,0.0,0.0,0.0,0.0,0.35154009333035785
2021-10-06,260.9166564941406,254.33613090036664,242.2075791410777,0.2443411271010732,0.15216239254360295,42308.01329421997,47000.0,271,0.0,0.0,0.0,0.0,162,0,0,0,0.0,0.0,0.0,0.0,0.0,0.33815986009298116
2021-10-07,264.53668212890625,255.30761196975138,242.3863316430021,0.24791833913177402,0.15569165729357423,42308.01329421997,47000.0,271,0.0,0.0,0.0,0.0,159,0,0,0,0.0,0.0,0.0,0.0,0.0,0.32697293827105955
2021-10-08,261.8299865722656,255.92879050332417,243.42415433345866,0.23166586472573084,0.15372050714172603,42308.01329421997,47000.0,271,0.0,0.0,0.0,0.0,161,0,0,0,0.0,0.0,0.0,0.0,0.0,0.2558824509565998
2021-10-11,263.9800109863281,256.6955734064674,244.2335332310447,0.23138074514486967,0.15478272853702796,42308.01329421997,47000.0,271,0.0,0.0,0.0,0.0,160,0,0,0,0.0,0.0,0.0,0.0,0.0,0.24572870269952607
2021-10-12,268.5733337402344,257.82678867634996,244.86711942416252,0.23663507220354568,0.15392635017744816,42308.01329421997,47000.0,271,0.0,0.0,0.0,0.0,157,0,0,0,0.0,0.0,0.0,0.0,0.0,0.28110549802308005
2021-10-13,270.3599853515625,259.0204264549416,245.112725903778,0.23320041448064552,0.15065516507852486,42308.01329421997,47000.0,271,0.0,0.0,0.0,0.0,156,0,0,0,0.0,0.0,0.0,0.0,0.0,0.28992377149884097
2021-10-14,272.7733459472656,260.33022831135344,245.31734048054108,0.23379195568614713,0.1640971787888308,42308.01329421997,47000.0,271,0.0,0.0,0.0,0.0,155,0,0,0,0.0,0.0,0.0,0.0,0.0,0.18726373711256472
2021-10-15,281.010009765625,262.29973130699835,244.75145668128823,0.2515343192904602,0.16289765526706107,42308.01329421997,47000.0,271,0.0,0.0,0.0,0.0,150,0,0,0,0.0,0.0,0.0,0.0,0.0,0.286770717469222
2021-10-18,290.03668212890625,264.94134567098956,244.88337584530214,0.20935982576197062,0.1494301444273439,42308.01329421997,47000.0,271,0.0,0.0,0.0,0.0,145,0,0,0,0.0,0.0,0.0,0.0,0.0,0.1675456925837222
2021-10-19,288.0899963378906,267.1459790678373,245.75174249724196,0.21593336579254557,0.1505811785454992,42308.01329421997,47000.0,271,0.0,0.0,0.0,0.0,146,0,0,0,0.0,0.0,0.0,0.0,0.0,0.1949997551614091
2021-10-20,288.6000061035156,269.1892197379019,246.51885267723495,0.21420869147132465,0.14806960888770454,42308.01329421997,47000.0,271,0.0,0.0,0.0,0.0,146,0,0,0,0.0,0.0,0.0,0.0,0.0,0.20556300670821526
2021-10-21,298.0,271.93310357238744,246.64078368309092,0.2313475569720595,0.14292336371781125,42308.01329421997,47000.0,271,0.0,0.0,0.0,0.0,141,0,0,0,0.0,0.0,0.0,0.0,0.0,0.34890213744685283
2021-10-22,303.2266540527344,274.9134417133729,246.05886177943125,0.22311678335506746,0.14313524725668977,42308.01329421997,47000.0,271,0.0,0.0,0.0,0.0,139,0,0,0,0.0,0.0,0.0,0.0,0.0,0.2989857939215572
2021-10-25,341.6199951171875,281.2664467994505,238.99852183264497,0.4754611176727623,0.1429713259069267,42308.01329421997,47000.0,271,0.0,0.0,0.0,0.0,123,0,0,0,0.0,0.0,0.0,0.0,0.0,1.0
2021-10-26,339.4766540527344,286.810276061668,236.58024326616825,0.46743735711939705,0.11759696234044792,42308.01329421997,47000.0,271,0.0,0.0,0.0,0.0,124,0,0,0,0.0,0.0,0.0,0.0,0.0,1.0
2021-10-27,345.9533386230469,292.44294868656124,235.02056393395242,0.46647555410534935,0.12061519595429435,42308.01329421997,47000.0,271,0.0,0.0,0.0,0.0,122,0,0,0,0.0,0.0,0.0,0.0,0.0,1.0
2021-10-28,359.0133361816406,298.78298559085454,233.62278836189188,0.4656157831188844,0.11123647060541972,42308.01329421997,47000.0,271,0.0,0.0,0.0,0.0,117,0,0,0,0.0,0.0,0.0,0.0,0.0,1.0
2021-10-29,371.3333435058594,305.6925434875217,232.55872846428264,0.4648069091875062,0.10696189530166623,42308.01329421997,47000.0,271,0.0,0.0,0.0,0.0,113,0,0,0,0.0,0.0,0.0,0.0,0.0,1.0
2021-11-01,402.86334228515625,314.9469052777726,229.13292709720582,0.5185080401958235,0.08947178204732464,42808.01329421997,47500.0,271,0.0,0.0,0.0,0.0,106,0,0,0,0.0,0.0,0.0,0.0,0.0,1.0
2021-11-02,390.6666564941406,322.158310155522,230.00099921900522,0.5457013234106312,0.08559614699959725,42808.01329421997,47500.0,271,0.0,0.0,0.0,0.0,109,0,0,0,0.0,0.0,0.0,0.0,0.0,1.0
2021-11-03,404.6199951171875,330.0118039613949,231.19079866523776,0.5435811766928313,0.08633445600774921,42808.01329421997,47500.0,271,0.0,0.0,0.0,0.0,105,0,0,0,0.0,0.0,0.0,0.0,0.0,1.0
2021-11-04,409.9700012207031,337.6268703670433,233.2930772946357,0.5437266067242464,0.08439595739342073,42808.01329421997,47500.0,271,0.0,0.0,0.0,0.0,104,0,0,0,0.0,0.0,0.0,0.0,0.0,1.0
2021-11-05,407.36334228515625,344.2684391211493,237.50830760863914,0.5407830815287002,0.08229530337660708,42808.01329421997,47500.0,271,0.0,0.0,0.0,0.0,105,0,0,0,0.0,0.0,0.0,0.0,0.0,1.0
2021-11-08,387.64666748046875,348.399698964894,243.39887740383136,0.5956845301538574,0.07362722949073035,42808.01329421997,47500.0,271,0.0,0.0,0.0,0.0,110,0,0,0,0.0,0.0,0.0,0.0,0.0,1.0
2021-11-09,341.1666564941406,347.7108377772032,247.6290482126782,0.7758777881131406,0.07492307069865158,42808.01329421997,47500.0,271,0.0,0.0,0.0,0.0,125,0,0,0,0.0,0.0,0.09410378642347336,0.0,1.0,1.0
2021-11-10,355.98333740234375,348.49869488435945,253.7190930332606,0.78273046904359,0.08611863924849601,42808.01329421997,47500.0,271,0.0,0.0,0.0,0.0,120,0,0,0,0.0,0.0,0.0,0.0,0.0,1.0
2021-11-11,354.5033264160156,349.07056455404097,260.3629310617187,0.7854528276374572,0.06900747847760957,42808.01329421997,47500.0,271,0.0,0.0,0.0,0.0,120,0,0,0,0.0,0.0,0.0,0.0,0.0,1.0
2021-11-12,344.47332763671875,348.632732466677,265.669071292904,0.7971622492749144,0.06877820165383254,42808.01329421997,47500.0,271,0.0,0.0,0.0,0.0,124,0,0,0,0.0,0.0,0.05965310257199977,0.0,1.0,1.0
2021-11-15,337.7966613769531,347.6007256962271,269.4431884855509,0.8003913547916733,0.06913993675604294,42808.01329421997,47500.0,271,0.0,0.0,0.0,0.0,126,0,0,0,0.0,0.0,0.14102479647642985,0.0,1.0,1.0
2021-11-16,351.57666015625,347.9793861209912,276.1249560921649,0.8058791162203504,0.06668380781083622,42808.01329421997,47500.0,271,0.0,0.0,0.0,0.0,121,0,0,0,0.0,0.0,0.0,0.0,0.0,1.0
2021-11-17,363.0033264160156,349.41023757766015,285.114749212692,0.8084715451165716,0.06827087277706315,42808.01329421997,47500.0,271,0.0,0.0,0.0,0.0,117,0,0,0,0.0,0.0,0.0,0.0,0.0,1.0
2021-11-18,365.4599914550781,350.9387855659857,293.76840404881267,0.8052716204322388,0.06838542114353591,42808.01329421997,47500.0,271,0.0,0.0,0.0,0.0,117,0,0,0,0.0,0.0,0.0,0.0,0.0,1.0
2021-11-19,379.0199890136719,353.61318589433677,303.79789540668844,0.810203711462184,0.06856923513502852,42808.01329421997,47500.0,271,0.0,0.0,0.0,0.0,112,0,0,0,0.0,0.0,0.0,0.0,0.0,1.0
2021-11-22,385.6233215332031,356.66177024089546,307.81432653864726,0.6899305770120643,0.06962491187869185,42808.01329421997,47500.0,271,0.0,0.0,0.0,0.0,111,0,0,0,0.0,0.0,0.0,0.0,0.0,1.0
2021-11-23,369.6766662597656,357.90128414745453,311.1901148209613,0.7098303277937148,0.06961024037851078,42808.01329421997,47500.0,271,0.0,0.0,0.0,0.0,115,0,0,0,0.0,0.0,0.0,0.0,0.0,1.0
2021-11-24,372.0,359.24401899055414,314.09202736618556,0.7079736082335891,0.06553963380298557,42808.01329421997,47500.0,271,0.0,0.0,0.0,0.0,115,0,0,0,0.0,0.0,0.0,0.0,0.0,1.0
2021-11-26,360.6400146484375,359.3769709579716,314.3229416948326,0.7070660413093757,0.10279399743187613,42808.01329421997,47500.0,271,0.0,0.0,0.0,0.0,118,0,0,0,0.0,0.0,0.0,0.0,0.0,1.0
2021-11-29,378.9966735839844,361.2455140652109,316.11262775991264,0.7197083832434219,0.11288555215907399,42808.01329421997,47500.0,271,0.0,0.0,0.0,0.0,112,0,0,0,0.0,0.0,0.0,0.0,0.0,1.0
2021-11-30,381.586669921875,363.18276700394085,320.03941009039823,0.6504734784039438,0.1322608954194476,42808.01329421997,47500.0,271,0.0,0.0,0.0,0.0,112,0,0,0,0.0,0.0,0.0,0.0,0.0,1.0
2021-12-01,365.0,363.35583681308935,321.0198935934086,0.6597303499776972,0.13715078606777023,43308.01329421997,48000.0,271,0.0,0.0,0.0,0.0,118,0,0,0,0.0,0.0,0.0,0.0,0.0,1.0
2021-12-02,361.5333251953125,363.18226427806303,323.8101047802349,0.6442935630532913,0.14541535287647978,43308.01329421997,48000.0,271,0.0,0.0,0.0,0.0,119,0,0,0,0.0,0.0,0.022701261115108503,0.0,1.0,1.0
2021-12-03,338.3233337402344,360.8147470839841,324.34085471898527,0.6735110584458911,0.14651074473004555,43308.01329421997,48000.0,271,0.05908637651221199,0.0,0.0,0.0,128,0,0,0,0.0,0.0,0.3116753614634629,0.0,1.0,1.0
2021-12-06,336.336669921875,358.4835016399737,325.7048620723175,0.673535451372837,0.15290670610947346,43308.01329421997,48000.0,271,0.05811363794810426,0.0,0.0,0.0,128,0,0,0,0.0,0.0,0.30889610842315507,0.0,1.0,1.0
2021-12-07,350.5833435058594,357.7311056272009,327.0486518381042,0.679516042234589,0.17138283075516117,43308.01329421997,48000.0,271,0.0,0.0,0.0,0.0,123,0,0,0,0.0,0.0,0.09990411804991842,0.0,1.0,1.0
2021-12-08,356.32000732421875,357.5967153126312,328.1125322715409,0.5264664254108208,0.17124643873864095,43308.01329421997,48000.0,271,0.0,0.0,0.0,0.0,121,0,0,0,0.0,0.0,0.01785122644787556,0.0,1.0,1.0
2021-12-09,334.6000061035156,355.40655253081064,323.7722603021376,0.5492565976432155,0.1706015368333202,43308.01329421997,48000.0,271,0.052450154586302145,0.0,0.0,0.0,129,0,0,0,0.0,0.0,0.2927147273894348,0.0,1.0,1.0
2021-12-10,339.010009765625,353.84497702936443,320.9759689771497,0.5520116082596908,0.17375352644486014,43308.01329421997,48000.0,271,0.02336883210691884,0.0,0.0,0.0,127,0,0,0,0.0,0.0,0.20962523459119675,0.0,1.0,1.0
2021-12-13,322.13665771484375,350.8251370946482,314.5924132185026,0.5707091467977096,0.17533886089684197,43308.01329421997,48000.0,271,0.09310502186481906,0.0,0.0,0.0,134,0,0,0,0.0,0.0,0.4088714910423403,0.0,1.0,1.0
2021-12-14,319.5033264160156,347.842107506207,308.7114992681325,0.5677498583046974,0.17728270479815458,43308.01329421997,48000.0,271,0.09257292558219093,0.0,0.0,0.0,135,0,0,0,0.0,0.0,0.4073512159491171,0.0,1.0,1.0
2021-12-15,325.3299865722656,345.6980959886888,304.1781619817581,0.5504958985064448,0.18661719043235725,43308.01329421997,48000.0,271,0.053107861721942595,0.0,0.0,0.0,133,0,0,0,0.0,0.0,0.2945938906341217,0.0,1.0,1.0
2021-12-16,308.97332763671875,342.2004990027869,296.0376485049502,0.5574809681749071,0.18908019192522052,43308.01329421997,48000.0,271,0.11992245791595324,0.0,0.0,0.0,140,0,0,0,0.0,0.0,0.4854927369027236,0.0,1.0,1.0
2021-12-17,310.8566589355469,339.2153713773355,289.9192964488919,0.5572589427575699,0.1919011865331628,43308.01329421997,48000.0,271,0.09630158583799925,0.0,0.0,0.0,139,0,0,0,0.0,0.0,0.41800453096571233,0.0,1.0,1.0
2021-12-20,299.9800109863281,335.47867038771574,283.4478252640235,0.539249702899924,0.19553542400179416,43308.01329421997,48000.0,271,0.1351761659858512,0.0,0.0,0.0,144,0,0,0,0.0,0.0,0.5290747599595749,0.0,1.0,1.0
2021-12-21,312.84332275390625,333.3229229940196,282.8473070209093,0.5640910524424407,0.20673247639306416,43308.01329421997,48000.0,271,0.05752125925897217,0.0,0.0,0.0,138,0,0,0,0.0,0.0,0.3072035978827776,0.0,1.0,1.0
2021-12-22,336.2900085449219,333.60550257029604,284.77284011500126,0.6255203025789752,0.20998027130651323,43308.01329421997,48000.0,271,0.0,0.0,0.0,0.0,128,0,0,0,0.0,0.0,0.0,0.0,0.0,1.0
2021-12-23,355.6666564941406,335.70656484875747,288.57225859564414,0.6621638379789819,0.21097453988249276,43308.01329421997,48000.0,271,0.0,0.0,0.0,0.0,121,0,0,0,0.0,0.0,0.0,0.0,0.0,1.0
2021-12-27,364.64666748046875,338.4627650993967,290.9218720721753,0.65922665172531,0.1974404621355988,43308.01329421997,48000.0,271,0.0,0.0,0.0,0.0,118,0,0,0,0.0,0.0,0.0,0.0,0.0,1.0
2021-12-28,362.8233337402344,340.78281925566694,295.54581871291555,0.6328602922306085,0.19331158079200186,43308.01329421997,48000.0,271,0.0,0.0,0.0,0.0,119,0,0,0,0.0,0.0,0.0,0.0,0.0,1.0
2021-12-29,362.0633239746094,342.8095339908043,300.6965433910743,0.6321085653853941,0.17766109273910421,43308.01329421997,48000.0,271,0.0,0.0,0.0,0.0,119,0,0,0,0.0,0.0,0.0,0.0,0.0,1.0
2021-12-30,356.7799987792969,344.14005444685125,302.9811279446164,0.6149828459234288,0.1708764715379722,43308.01329421997,48000.0,271,0.0,0.0,0.0,0.0,121,0,0,0,0.0,0.0,0.0,0.0,0.0,1.0
2021-12-31,352.260009765625,344.9133835248297,304.68510073190623,0.6157059313375665,0.16653168588325942,43308.01329421997,48000.0,271,0.0,0.0,0.0,0.0,122,0,0,0,0.0,0.0,0.0,0.0,0.0,1.0
2022-01-03,399.9266662597656,350.15274378529983,301.1147422332442,0.7375473811115429,0.16236434650067325,43808.01329421997,48500.0,271,0.0,0.0,0.0,0.0,109,0,0,0,0.0,0.0,0.0,0.0,0.0,1.0
2022-01-04,383.1966552734375,353.2997829746463,300.7185960754514,0.7581759773970594,0.1592648501658643,43808.01329421997,48500.0,271,0.0,0.0,0.0,0.0,114,0,0,0,0.0,0.0,0.0,0.0,0.0,1.0
2022-01-05,362.7066650390625,354.19567650459066,300.9559284210341,0.7759961971737288,0.1610631020304779,43808.01329421997,48500.0,271,0.0,0.0,0.0,0.0,120,0,0,0,0.0,0.0,0.0,0.0,0.0,1.0
2022-01-06,354.8999938964844,354.26275435143765,301.09239790866843,0.7788632784282546,0.16074075788889944,43808.01329421997,48500.0,271,0.0,0.0,0.0,0.0,123,0,0,0,0.0,0.0,0.0,0.0,0.0,1.0
2022-01-07,342.32000732421875,353.1253498726549,300.1067512007378,0.756944206836829,0.15926465074109092,43808.01329421997,48500.0,271,0.003548547184682199,0.0,0.0,0.0,127,0,0,0,0.0,0.0,0.15299584909909203,0.0,1.0,1.0
2022-01-10,352.7066650390625,353.0854751265985,299.96335690324025,0.7626804804193731,0.15539333383150272,43808.01329421997,48500.0,271,0.0,0.0,0.0,0.0,124,0,0,0,0.0,0.0,0.005364283073385956,0.0,1.0,1.0
2022-01-11,354.79998779296875,353.2487620472052,300.99373385352254,0.7367079416613523,0.1553210455231998,43808.01329421997,48500.0,271,0.0,0.0,0.0,0.0,123,0,0,0,0.0,0.0,0.0,0.0,0.0,1.0
2022-01-12,368.739990234375,354.72411711265,303.07522435314115,0.7439726531690423,0.15257389640420574,43808.01329421997,48500.0,271,0.0,0.0,0.0,0.0,118,0,0,0,0.0,0.0,0.0,0.0,0.0,1.0
2022-01-13,343.85333251953125,353.68880429425775,303.12819638003214,0.7894768005297885,0.15046585817310226,43808.01329421997,48500.0,271,0.0,0.0,0.0,0.0,127,0,0,0,0.0,0.0,0.13904132185286394,0.0,1.0,1.0
2022-01-14,349.8699951171875,353.3251081821559,306.461642216784,0.764018678113802,0.14731274492206092,43808.01329421997,48500.0,271,0.0,0.0,0.0,0.0,125,0,0,0,0.0,0.0,0.04889424760590603,0.0,1.0,1.0
2022-01-18,343.5033264160156,352.3897003949044,309.3482399378812,0.7693753428468384,0.1572695081980342,43808.01329421997,48500.0,271,0.0,0.0,0.0,0.0,127,0,0,0,0.0,0.0,0.12608731141872634,0.0,1.0,1.0
2022-01-19,331.8833312988281,350.4367128619447,313.77613095357566,0.7685635517632735,0.15580811471187264,43808.01329421997,48500.0,271,0.042651302057627294,0.0,0.0,0.0,131,0,0,0,0.0,0.0,0.2647180058789352,0.0,1.0,1.0
2022-01-20,332.0899963378906,348.6894065263205,315.82934035248155,0.756315547003308,0.14452812195365633,43808.01329421997,48500.0,271,0.033309005911997924,0.0,0.0,0.0,131,0,0,0,0.0,0.0,0.23802573117713705,0.0,1.0,1.0
2022-01-21,314.6333312988281,345.44597079036885,308.71420535473584,0.7328183069102278,0.14940579740388524,43808.01329421997,48500.0,271,0.10609421926915014,0.0,0.0,0.0,139,0,0,0,0.0,0.0,0.4459834836261432,0.0,1.0,1.0
2022-01-24,310.0,342.070164048429,300.3176431700822,0.6984989322932568,0.1469895797481092,43808.01329421997,48500.0,271,0.11406805674173054,0.0,0.0,0.0,141,0,0,0,0.0,0.0,0.4687658764049444,0.0,1.0,1.0
2022-01-25,306.1333312988281,338.647608548467,292.5930906604057,0.6889141004939381,0.13501712135137514,43808.01329421997,48500.0,271,0.11802122250547226,0.0,0.0,0.0,143,0,0,0,0.0,0.0,0.4800606357299209,0.0,1.0,1.0
2022-01-26,312.4700012207031,336.15450308868,287.77539739884884,0.6963216992246475,0.13485124421615632,43808.01329421997,48500.0,271,0.07330008340844751,0.0,0.0,0.0,140,0,0,0,0.0,0.0,0.35228595259556444,0.0,1.0,1.0
2022-01-27,276.3666687011719,330.460423623203,273.3948578975852,0.7959836981336139,0.13289277552608886,43808.01329421997,48500.0,271,0.23646114435019944,0.0,0.0,0.0,158,0,0,0,0.0,0.0,0.8184604124291415,0.0,1.0,1.0
2022-01-28,282.1166687011719,325.8562564877714,263.2373581162617,0.8044641231676831,0.16908030870317242,43808.01329421997,48500.0,271,0.1849019762627197,0.0,0.0,0.0,155,0,0,0,0.0,0.0,0.6711485036077707,0.0,1.0,1.0
2022-01-31,312.239990234375,324.5594692255432,261.2084236061251,0.9055045388758094,0.18717848475930213,43808.01329421997,48500.0,271,0.0164256947609267,0.0,0.0,0.0,140,0,0,0,0.0,0.0,0.18978769931693348,0.0,1.0,1.0
2022-02-01,310.4166564941406,323.2125346796953,266.34681297247295,0.7399367231241937,0.18749826044064052,44308.01329421997,49000.0,271,0.019281925736302247,0.0,0.0,0.0,142,0,0,0,0.0,0.0,0.19794835924657792,0.0,1.0,1.0
2022-02-02,301.88665771484375,321.18149877828085,268.1561924189364,0.7338744061988378,0.1922394195685303,44308.01329421997,49000.0,271,0.055130500945586414,0.0,0.0,0.0,146,0,0,0,0.0,0.0,0.3003728598445327,0.0,1.0,1.0
2022-02-03,297.0466613769531,318.8829428352973,266.7346371984927,0.7168582921041109,0.19890454005255195,44308.01329421997,49000.0,271,0.06983548637733034,0.0,0.0,0.0,149,0,0,0,0.0,0.0,0.34238710393522953,0.0,1.0,1.0
2022-02-04,307.7733459472656,317.8248859888181,267.14626234740086,0.7324824788448939,0.2006509274431401,44308.01329421997,49000.0,271,0.005345556147971636,0.0,0.0,0.0,143,0,0,0,0.0,0.0,0.15813016042277617,0.0,1.0,1.0
2022-02-07,302.4466552734375,316.3602925873533,265.82061042416717,0.7256340077195397,0.2006086158183209,44308.01329421997,49000.0,271,0.026965617588147278,0.0,0.0,0.0,146,0,0,0,0.0,0.0,0.21990176453756372,0.0,1.0,1.0
2022-02-08,307.3333435058594,315.5005831510205,267.0068108338982,0.718134956038871,0.204005704512645,44308.01329421997,49000.0,271,0.0,0.0,0.0,0.0,144,0,0,0,0.0,0.0,0.1294330356475401,0.0,1.0,1.0
2022-02-09,310.6666564941406,315.0402091836986,269.62470368901995,0.7194169337226662,0.2085672399334852,44308.01329421997,49000.0,271,0.0,0.0,0.0,0.0,142,0,0,0,0.0,0.0,0.0694126108678366,0.0,1.0,1.0
2022-02-10,301.51666259765625,313.7522523659803,275.33791350696623,0.7036937999537066,0.21622084747151102,44308.01329421997,49000.0,271,0.01824582750593451,0.0,0.0,0.0,146,0,0,0,0.0,0.0,0.19498807858838435,0.0,1.0,1.0
2022-02-11,286.6666564941406,311.1726718067575,274.02576249604965,0.686375197573854,0.22029052537101174,44308.01329421997,49000.0,271,0.08781906536995637,0.0,0.0,0.0,154,0,0,0,0.0,0.0,0.39376875819987534,0.0,1.0,1.0
2022-02-14,291.9200134277344,309.33908529446956,276.5500856586471,0.686791818917565,0.21996481097490883,44308.01329421997,49000.0,271,0.0485435634096108,0.0,0.0,0.0,151,0,0,0,0.0,0.0,0.28155303831317374,0.0,1.0,1.0
2022-02-15,307.4766540527344,309.1617108904948,281.22778649239126,0.7190003379651018,0.221242581760511,44308.01329421997,49000.0,271,0.0,0.0,0.0,0.0,144,0,0,0,0.0,0.0,0.02725202989896264,0.0,1.0,1.0
2022-02-16,307.7966613769531,309.0317061749194,284.0265670872149,0.7107702232348098,0.21895614074883166,44308.01329421997,49000.0,271,0.0,0.0,0.0,0.0,143,0,0,0,0.0,0.0,0.01998249327315328,0.0,1.0,1.0
2022-02-17,292.1166687011719,307.42075022503866,285.71345284605866,0.7307641693261724,0.22815738626132254,44308.01329421997,49000.0,271,0.037118851434594924,0.0,0.0,0.0,151,0,0,0,0.0,0.0,0.24891100409884276,0.0,1.0,1.0
2022-02-18,285.6600036621094,305.34829817142634,283.3395727538889,0.7124448450678763,0.2196126035315148,44308.01329421997,49000.0,271,0.06283676901962454,0.0,0.0,0.0,155,0,0,0,0.0,0.0,0.3223907686274987,0.0,1.0,1.0
2022-02-22,273.84332275390625,302.3478243221387,277.82729466728836,0.7240180766568393,0.2218574956692072,44308.01329421997,49000.0,271,0.2649850725939364,0.0,0.0,0.0,161,0,0,0,0.0,0.0,0.47138592169696125,1.0,1.0,1.0
2022-02-23,254.67999267578125,297.8080308320094,266.66978899573644,0.7595948694021052,0.22702765009272716,44308.01329421997,49000.0,271,0.35343193923461885,0.0,0.0,0.0,173,0,0,0,0.0,0.0,0.7240912549560538,1.0,1.0,1.0
2022-02-24,266.92333984375,294.8666316902704,262.1408735329596,0.7793016027869103,0.23435538501369318,44308.01329421997,49000.0,271,0.11584026633022476,0.0,0.0,0.0,165,0,0,0,0.0,0.0,0.47382933237207076,0.0,1.0,1.0
2022-02-25,269.9566650390625,292.4942539139649,258.93289081990264,0.6661937837138457,0.2472066229319432,44308.01329421997,49000.0,271,0.0848429242739257,0.0,0.0,0.0,164,0,0,0,0.0,0.0,0.3852654979255021,0.0,1.0,1.0
2022-02-28,290.1433410644531,292.2703574521066,259.09360010077677,0.7147046296196956,0.23110210279090623,44308.01329421997,49000.0,271,0.0,0.0,0.0,0.0,152,0,0,0,0.0,0.0,0.03638782266864071,0.0,1.0,1.0
2022-03-01,288.1233215332031,291.8754016503063,259.76547287605285,0.5989516519853276,0.22486196769651476,44808.01329421997,49500.0,271,0.0,0.0,0.0,0.0,155,0,0,0,0.0,0.0,0.0642753739419004,0.0,1.0,1.0
2022-03-02,293.2966613769531,292.0107597195107,260.99303840440945,0.6035703862582021,0.23487553422435592,44808.01329421997,49500.0,271,0.0,0.0,0.0,0.0,152,0,0,0,0.0,0.0,0.0,0.0,0.0,1.0
2022-03-03,279.7633361816406,290.84433843018974,259.7537885293489,0.6174357444480816,0.23142187302808118,44808.01329421997,49500.0,271,0.016673994892341587,0.0,0.0,0.0,160,0,0,0,0.0,0.0,0.19049712826383317,0.0,1.0,1.0
2022-03-04,279.42999267578125,289.75725788215084,258.41971574753785,0.6155509399601595,0.2176625335116089,44808.01329421997,49500.0,271,0.012371911727910023,0.0,0.0,0.0,160,0,0,0,0.0,0.0,0.17820546207974297,0.0,1.0,1.0
2022-03-07,268.1933288574219,287.7035503559862,256.1265956777462,0.6119304310785658,0.2373075259073052,44808.01329421997,49500.0,271,0.0686738487593958,0.0,0.0,0.0,167,0,0,0,0.0,0.0,0.3390681393125596,0.0,1.0,1.0
2022-03-08,274.79998779296875,286.47463963569885,255.1599268527865,0.6198504573650404,0.2377116908584366,44808.01329421997,49500.0,271,0.02131744977760927,0.0,0.0,0.0,163,0,0,0,0.0,0.0,0.20376414222174083,0.0,1.0,1.0
2022-03-09,286.3233337402344,286.4602295504165,256.71577568024844,0.6375011981207183,0.25639886344971075,44808.01329421997,49500.0,271,0.0,0.0,0.0,0.0,156,0,0,0,0.0,0.0,0.0023894383244224744,0.0,1.0,1.0
2022-03-10,279.4333190917969,285.7909999829289,258.43390509190914,0.6396532339727443,0.24826729901630185,44808.01329421997,49500.0,271,0.0,0.0,0.0,0.0,160,0,0,0,0.0,0.0,0.11122955046715576,0.0,1.0,1.0
2022-03-11,265.1166687011719,283.822016051333,256.55568988635184,0.6553960056610552,0.2449170812942201,44808.01329421997,49500.0,271,0.0653341038098379,0.0,0.0,0.0,169,0,0,0,0.0,0.0,0.3295260108852513,0.0,1.0,1.0
2022-03-14,255.4566650390625,281.1205540501644,251.48892653749104,0.6455820734567964,0.23847903252930702,44808.01329421997,49500.0,271,0.1097599503927203,0.0,0.0,0.0,175,0,0,0,0.0,0.0,0.4564570011220581,0.0,1.0,1.0
2022-03-15,267.2966613769531,279.8039928431919,250.12014822007873,0.6663191812723234,0.25332352755068244,44808.01329421997,49500.0,271,0.028225581570539865,0.0,0.0,0.0,167,0,0,0,0.0,0.0,0.22350166163011398,0.0,1.0,1.0
2022-03-16,280.07666015625,279.82996115872123,253.2571381589828,0.6603765524262265,0.2602933161825638,44808.01329421997,49500.0,271,0.0,0.0,0.0,0.0,159,0,0,0,0.0,0.0,0.0,0.0,0.0,1.0
2022-03-17,290.5333251953125,280.8493291622061,257.4278927777659,0.6763052438907103,0.26462872630310247,44808.01329421997,49500.0,271,0.0,0.0,0.0,0.0,154,0,0,0,0.0,0.0,0.0,0.0,0.0,1.0
2022-03-18,301.7966613769531,282.8443131826582,257.77084699212725,0.6651109957270297,0.2562756514345694,44808.01329421997,49500.0,271,0.0,0.0,0.0,0.0,148,0,0,0,0.0,0.0,0.0,0.0,0.0,1.0
2022-03-21,307.0533447265625,285.1499352344586,256.98372369191344,0.6605273798722519,0.2545173697861691,44808.01329421997,49500.0,271,0.0,0.0,0.0,0.0,145,0,0,0,0.0,0.0,0.0,0.0,0.0,1.0
2022-03-22,331.32666015625,289.5477185603435,252.95832604834948,0.6875192577405498,0.25300047820182847,44808.01329421997,49500.0,271,0.0,0.0,0.0,0.0,135,0,0,0,0.0,0.0,0.0,0.0,0.0,1.0
2022-03-23,333.03668212890625,293.68952461449237,252.67317620492065,0.6192635309628913,0.2471505398533759,44808.01329421997,49500.0,271,0.0,0.0,0.0,0.0,134,0,0,0,0.0,0.0,0.0,0.0,0.0,1.0
2022-03-24,337.97332763671875,297.9070296642282,251.65665007570618,0.6062657396260798,0.24675917050494092,44808.01329421997,49500.0,271,0.0,0.0,0.0,0.0,132,0,0,0,0.0,0.0,0.0,0.0,0.0,1.0
2022-03-25,336.8800048828125,301.61874158980766,251.62411881769123,0.6088559266674044,0.23591086391568486,44808.01329421997,49500.0,271,0.0,0.0,0.0,0.0,133,0,0,0,0.0,0.0,0.0,0.0,0.0,1.0
2022-03-28,363.9466552734375,307.55473336920096,248.21042441048164,0.6167602138481002,0.23603509217617,44808.01329421997,49500.0,271,0.0,0.0,0.0,0.0,123,0,0,0,0.0,0.0,0.0,0.0,0.0,1.0
2022-03-29,366.5233459472656,313.170791709969,246.15375598286784,0.6130051312475915,0.2286553340790968,44808.01329421997,49500.0,271,0.0,0.0,0.0,0.0,122,0,0,0,0.0,0.0,0.0,0.0,0.0,1.0
2022-03-30,364.663330078125,318.07484298312676,245.19745790868726,0.6158841539379172,0.22419872839652577,44808.01329421997,49500.0,271,0.0,0.0,0.0,0.0,122,0,0,0,0.0,0.0,0.0,0.0,0.0,1.0
2022-03-31,359.20001220703125,321.9915257663558,245.96613763939285,0.586321946974214,0.23187540788310976,44808.01329421997,49500.0,271,0.0,0.0,0.0,0.0,124,0,0,0,0.0,0.0,0.0,0.0,0.0,1.0
2022-04-01,361.5299987792969,325.75709462473117,247.2763281344573,0.5844503763273983,0.2289199466010693,45308.01329421997,50000.0,271,0.0,0.0,0.0,0.0,125,0,0,0,0.0,0.0,0.0,0.0,0.0,1.0
2022-04-04,381.8166809082031,331.0961028422047,249.44650438956896,0.5665672229620167,0.1955423563198411,45308.01329421997,50000.0,271,0.0,0.0,0.0,0.0,118,0,0,0,0.0,0.0,0.0,0.0,0.0,1.0
2022-04-05,363.7533264160156,334.2063146111391,252.5994665896526,0.6118362667939872,0.20059461462170236,45308.01329421997,50000.0,271,0.0,0.0,0.0,0.0,124,0,0,0,0.0,0.0,0.0,0.0,0.0,1.0
2022-04-06,348.586669921875,335.5758722597806,254.90414398284761,0.6342794265559081,0.18923415769984256,45308.01329421997,50000.0,271,0.0,0.0,0.0,0.0,129,0,0,0,0.0,0.0,0.0,0.0,0.0,1.0
2022-04-07,352.4200134277344,337.1800761805381,258.57241175208566,0.620908594279758,0.18765602052585523,45308.01329421997,50000.0,271,0.0,0.0,0.0,0.0,128,0,0,0,0.0,0.0,0.0,0.0,0.0,1.0
2022-04-08,341.8299865722656,337.62292478927407,264.7498528581158,0.5961782841313983,0.17955064115370056,45308.01329421997,50000.0,271,0.0,0.0,0.0,0.0,132,0,0,0,0.0,0.0,0.0,0.0,0.0,1.0
2022-04-11,325.30999755859375,336.4502650530188,272.9938813121728,0.610692597406143,0.18990237559657186,45308.01329421997,50000.0,271,0.007944576480484328,0.0,0.0,0.0,139,0,0,0,0.0,0.0,0.16555593280138384,0.0,1.0,1.0
2022-04-12,328.98333740234375,335.73912908628785,280.88403292157534,0.597731244222467,0.17780434386135724,45308.01329421997,50000.0,271,0.0,0.0,0.0,0.0,137,0,0,0,0.0,0.0,0.10061072866796827,0.0,1.0,1.0
2022-04-13,340.7900085449219,336.22016522520533,288.85410395950646,0.5894594927757723,0.16438856887416545,45308.01329421997,50000.0,271,0.0,0.0,0.0,0.0,132,0,0,0,0.0,0.0,0.0,0.0,0.0,1.0
2022-04-14,328.3333435058594,335.4690393471724,294.09504308297244,0.6030448670917653,0.165069308995612,45308.01329421997,50000.0,271,0.0,0.0,0.0,0.0,137,0,0,0,0.0,0.0,0.10635401489209222,0.0,1.0,1.0
2022-04-18,334.7633361816406,335.40182952188366,298.70982638538345,0.5933274685952399,0.1590569427713379,45308.01329421997,50000.0,271,0.0,0.0,0.0,0.0,135,0,0,0,0.0,0.0,0.009518334189667433,0.0,1.0,1.0
2022-04-19,342.7166748046875,336.0984814535792,304.0935070923709,0.5953900793420362,0.16990575705135333,45308.01329421997,50000.0,271,0.0,0.0,0.0,0.0,132,0,0,0,0.0,0.0,0.0,0.0,0.0,1.0
2022-04-20,325.73333740234375,335.11132487727104,302.4310002336342,0.5605774445965769,0.16463548111237306,45308.01329421997,50000.0,271,0.0,0.0,0.0,0.0,139,0,0,0,0.0,0.0,0.13992346391698082,0.0,1.0,1.0
2022-04-21,336.260009765625,335.22072343806667,302.7983113008045,0.5722286825052135,0.16719724384982765,45308.01329421997,50000.0,271,0.0,0.0,0.0,0.0,134,0,0,0,0.0,0.0,0.0,0.0,0.0,1.0
2022-04-22,335.01666259765625,335.20128907231333,302.5773114393043,0.5701081653024096,0.18310506539205487,45308.01329421997,50000.0,271,0.0,0.0,0.0,0.0,135,0,0,0,0.0,0.0,0.002753964269768216,0.0,1.0,1.0
2022-04-25,332.67333984375,334.96053200292636,302.010503199515,0.5705619324315471,0.18347648483550671,45308.01329421997,50000.0,271,0.0,0.0,0.0,0.0,136,0,0,0,0.0,0.0,0.03414121875045826,0.0,1.0,1.0
2022-04-26,292.1400146484375,330.88238749297506,290.9225783703746,0.6400059778302674,0.20028783449818452,45308.01329421997,50000.0,271,0.15490408386992233,0.0,0.0,0.0,155,0,0,0,0.0,0.0,0.5854402396283497,0.0,1.0,1.0
2022-04-27,293.836669921875,327.35422391477505,283.3294118407443,0.6395680871222861,0.1921001566728128,45308.01329421997,50000.0,271,0.12918119029020309,0.0,0.0,0.0,154,0,0,0,0.0,0.0,0.511946257972009,0.0,1.0,1.0
2022-04-28,292.5033264160156,324.0350908196551,276.9649538484963,0.6396279146388061,0.2190364251351343,45308.01329421997,50000.0,271,0.12029201240763271,0.0,0.0,0.0,154,0,0,0,0.0,0.0,0.48654860687895074,0.0,1.0,1.0
2022-04-29,290.2533264160156,320.8177799240704,270.91578756997376,0.6394231667578331,0.24499052444291158,45308.01329421997,50000.0,271,0.11672328339082422,0.0,0.0,0.0,156,0,0,0,0.0,0.0,0.4763522382594978,0.0,1.0,1.0
2022-05-02,300.9800109863281,318.92846859666633,269.1047690108004,0.6585771192429799,0.2460873679010447,45808.01329421997,50500.0,271,0.048485409459681494,0.0,0.0,0.0,152,0,0,0,0.0,0.0,0.28138688417051866,0.0,1.0,1.0
2022-05-03,303.0833435058594,317.4194090642085,272.8583264378478,0.6166226394403123,0.24416644349884742,45808.01329421997,50500.0,271,0.029037746308815143,0.0,0.0,0.0,151,0,0,0,0.0,0.0,0.22582213231090045,0.0,1.0,1.0
2022-05-04,317.5400085449219,317.4308947290383,276.5842363644474,0.6338599288506521,0.2706603038739186,45808.01329421997,50500.0,271,0.0,0.0,0.0,0.0,144,0,0,0,0.0,0.0,0.0,0.0,0.0,0.9515850673898676
2022-05-05,291.09332275390625,314.92255454093043,273.51368463965,0.6804219992011376,0.2945483917055512,45808.01329421997,50500.0,271,0.09740856807733392,0.0,0.0,0.0,157,0,0,0,0.0,0.0,0.37833479125940317,0.0,1.0,0.9250430443172859
2022-05-06,288.54998779296875,312.41088151731503,271.5804001724041,0.6766860381412575,0.2930955666401771,45808.01329421997,50500.0,271,0.09886651748468303,0.0,0.0,0.0,158,0,0,0,0.0,0.0,0.3818832047151952,0.0,1.0,0.9239630208281764
2022-05-09,262.3699951171875,307.645082812541,261.7847342297692,0.733553398903774,0.30915654048757163,45808.01329421997,50500.0,271,0.2120820602019567,0.0,0.0,0.0,174,0,0,0,0.0,0.0,0.7358331113476823,0.0,1.0,0.9772976438486605
2022-05-10,266.67999267578125,303.74364565665906,253.83978642615273,0.7271016221928491,0.30747370138489194,45808.01329421997,50500.0,271,0.16941318901874086,0.0,0.0,0.0,171,0,0,0,0.0,0.0,0.610114047007476,0.0,1.0,0.9706336371693784
2022-05-11,244.6666717529297,298.11726718963723,241.1440596498886,0.7677899391154261,0.31022505740182005,45808.01329421997,50500.0,271,0.2637642542346827,0.0,0.0,0.0,187,0,0,0,0.0,0.0,0.8964692978133794,0.0,1.0,1.0
2022-05-12,242.6666717529297,292.836258100427,231.7281768813194,0.7457847573028711,0.30451764408767357,45808.01329421997,50500.0,271,0.24981525060332782,0.0,0.0,0.0,188,0,0,0,0.0,0.0,0.8566150017237939,0.0,1.0,1.0
2022-05-13,256.5299987792969,289.37851911746225,226.59488458426608,0.7842556348106973,0.321221766530274,45808.01329421997,50500.0,271,0.1486495430521419,0.0,0.0,0.0,178,0,0,0,0.0,0.0,0.5675701230061199,0.0,1.0,1.0
2022-05-16,241.4566650390625,284.8145330147575,219.8594892493665,0.792915874666406,0.32088231419763974,45808.01329421997,50500.0,271,0.2164058893144148,0.0,0.0,0.0,189,0,0,0,0.0,0.0,0.761159683755471,0.0,1.0,1.0
2022-05-17,253.8699951171875,281.8674341673699,219.16202916347362,0.8165536565949342,0.32466317682277485,45808.01329421997,50500.0,271,0.12382468635495558,0.0,0.0,0.0,180,0,0,0,0.0,0.0,0.49664196101415886,0.0,1.0,1.0
2022-05-18,236.60333251953125,277.5565673437662,213.37279420640627,0.8298570110462399,0.34871958343179843,45808.01329421997,50500.0,271,0.2115900307923672,0.0,0.0,0.0,193,0,0,0,0.0,0.0,0.7377457362324366,0.0,1.0,0.9831048844449277
2022-05-19,236.47332763671875,273.6438778478569,211.0920702975377,0.813292802826553,0.34723472952968293,45808.01329421997,50500.0,271,0.1973456234125507,0.0,0.0,0.0,193,0,0,0,0.0,0.0,0.6791774496012039,0.0,1.0,0.9518324197393531
2022-05-20,221.3000030517578,268.6587469148951,206.89725850924822,0.8291743100457993,0.3377405867452271,45808.01329421997,50500.0,271,0.2584872639071158,0.0,0.0,0.0,206,0,0,0,0.0,0.0,0.8813921825917594,0.0,1.0,1.0
2022-05-23,224.96665954589844,264.49759573689545,205.84284098288725,0.8379395355763288,0.3457805390534075,45808.01329421997,50500.0,271,0.21154921424336698,0.0,0.0,0.0,203,0,0,0,0.0,0.0,0.747283469266763,0.0,1.0,1.0
2022-05-24,209.3866729736328,259.2489364261085,196.28358601471788,0.7695051388354154,0.334084903559741,45808.01329421997,50500.0,271,0.30269666467137424,0.0,0.0,0.0,218,0,0,0,0.0,0.0,0.961667656960427,0.0,1.0,0.9194350763238757
2022-05-25,219.60000610351562,255.4728478239568,191.2379705336911,0.7997155594988252,0.3364858530005791,45808.01329421997,50500.0,271,0.1996189777421137,0.0,0.0,0.0,208,0,0,0,0.0,0.0,0.7020871694584294,0.0,1.0,0.9805576578416828
2022-05-26,235.91000366210938,253.60971980854276,190.42072422498978,0.8578821147726516,0.33171040061226154,45808.01329421997,50500.0,271,0.07213452733452785,0.0,0.0,0.0,194,0,0,0,0.0,0.0,0.3489557923843654,0.0,1.0,1.0
2022-05-27,253.2100067138672,253.57165189476413,192.32023437536864,0.9066990216673332,0.31989203797050075,45808.01329421997,50500.0,271,0.0,0.0,0.0,0.0,180,0,0,0,0.0,0.0,0.0071310254556181795,0.0,1.0,1.0
2022-05-31,252.75332641601562,253.49371613488333,196.13281716783086,0.893115639806634,0.32014584119449285,45808.01329421997,50500.0,271,0.0,0.0,0.0,0.0,181,0,0,0,0.0,0.0,0.014603709515105773,0.0,1.0,1.0
2022-06-01,246.7899932861328,252.85526633976423,200.55389390854816,0.8932824573842655,0.3206196445774147,46308.01329421997,51000.0,271,0.0,0.0,0.0,0.0,187,0,0,0,0.0,0.0,0.11993566796986235,0.0,1.0,1.0
2022-06-02,258.3333435058594,253.37698797463042,211.47449984678047,0.8925138554146965,0.3085051029462752,46308.01329421997,51000.0,271,0.0,0.0,0.0,0.0,179,0,0,0,0.0,0.0,0.0,0.0,0.0,1.0
2022-06-03,234.51666259765625,251.5807665101567,214.84596849596227,0.9028804841836355,0.28682490809282457,46308.01329421997,51000.0,271,0.0686981908876178,0.0,0.0,0.0,197,0,0,0,0.0,0.0,0.3391376882503367,0.0,1.0,1.0
2022-06-06,238.27999877929688,250.3140267262653,220.00031725620423,0.9073210786060717,0.2863435254399392,46308.01329421997,51000.0,271,0.034132516194247176,0.0,0.0,0.0,194,0,0,0,0.0,0.0,0.2403786176978491,0.0,1.0,1.0
2022-06-07,238.8866729736328,249.22570732125266,220.485428120417,0.8532545807420703,0.26132587872738355,46308.01329421997,51000.0,271,0.022598089108891134,0.0,0.0,0.0,193,0,0,0,0.0,0.0,0.207423111739689,0.0,1.0,1.0
2022-06-08,241.86666870117188,248.52484650029257,222.50317822375868,0.8521578890438295,0.26536181529245995,46308.01329421997,51000.0,271,0.0,0.0,0.0,0.0,191,0,0,0,0.0,0.0,0.13395396663312806,0.0,1.0,1.0
2022-06-09,239.7066650390625,247.68501969446112,221.78028126575055,0.8000448291658018,0.27312913224215707,46308.01329421997,51000.0,271,0.006370468687088737,0.0,0.0,0.0,193,0,0,0,0.0,0.0,0.16105848196311073,0.0,1.0,1.0
2022-06-10,232.22999572753906,246.21311264999235,220.18600897132563,0.8073762541136831,0.29355555376568665,46308.01329421997,51000.0,271,0.049387292378207215,0.0,0.0,0.0,199,0,0,0,0.0,0.0,0.2839636925091635,0.0,1.0,1.0
2022-06-13,215.73666381835938,243.31059371364637,216.7995286145695,0.8132209083444071,0.30919571028917675,46308.01329421997,51000.0,271,0.2983241936992809,0.0,0.0,0.0,214,0,0,0,0.0,0.0,0.5666405534265169,1.0,1.0,1.0
2022-06-14,220.88999938964844,241.17529901612275,213.874681731071,0.796691793132585,0.30919183758111535,46308.01329421997,51000.0,271,0.09719282816751845,0.0,0.0,0.0,209,0,0,0,0.0,0.0,0.4205509376214814,0.0,1.0,1.0
2022-06-15,233.0,240.39669910982536,214.48170851389833,0.7998826635872414,0.3041619790730928,46308.01329421997,51000.0,271,0.003845262809872463,0.0,0.0,0.0,198,0,0,0,0.0,0.0,0.15384360802820707,0.0,1.0,1.0
2022-06-16,213.10000610351562,237.79701406160538,210.20225266291897,0.8207274188892866,0.2925843358517514,46308.01329421997,51000.0,271,0.131750658632998,0.0,0.0,0.0,217,0,0,0,0.0,0.0,0.51928759609428,0.0,1.0,1.0
2022-06-17,216.75999450683594,235.79348838972257,207.2760733300332,0.8241003832732274,0.2930212140564299,46308.01329421997,51000.0,271,0.09126180719629834,0.0,0.0,0.0,213,0,0,0,0.0,0.0,0.4036051634179953,0.0,1.0,1.0
2022-06-21,237.0366668701172,235.91188634023635,207.81418879383213,0.8583913073680152,0.3085975683307049,46308.01329421997,51000.0,271,0.0,0.0,0.0,0.0,195,0,0,0,0.0,0.0,0.0,0.0,0.0,1.0
2022-06-22,236.086669921875,235.9285323956305,208.07345029115478,0.8577699891250412,0.2993069246345139,46308.01329421997,51000.0,271,0.0,0.0,0.0,0.0,196,0,0,0,0.0,0.0,0.0,0.0,0.0,1.0
2022-06-23,235.07000732421875,235.8467681031151,210.45259782013142,0.8142706919561531,0.3015332694169531,46308.01329421997,51000.0,271,0.0,0.0,0.0,0.0,196,0,0,0,0.0,0.0,0.01646748830063969,0.0,1.0,1.0
2022-06-24,245.7066650390625,236.78580590653866,212.04667754148707,0.8119661153888033,0.32060700119988556,46308.01329421997,51000.0,271,0.0,0.0,0.0,0.0,188,0,0,0,0.0,0.0,0.0,0.0,0.0,1.0
2022-06-27,244.9199981689453,237.56049088391072,212.5244047804055,0.7722874691212243,0.3113191789087084,46308.01329421997,51000.0,271,0.0,0.0,0.0,0.0,189,0,0,0,0.0,0.0,0.0,0.0,0.0,1.0
2022-06-28,232.663330078125,237.09409461669304,213.2448274362085,0.7470433468907406,0.30117473181654597,46308.01329421997,51000.0,271,0.0,0.0,0.0,0.0,199,0,0,0,0.0,0.0,0.09343894764083435,0.0,1.0,1.0
2022-06-29,228.49000549316406,236.27465755730933,213.63662599968285,0.7488480384962977,0.3012748914440452,46308.01329421997,51000.0,271,0.007658071555769197,0.0,0.0,0.0,202,0,0,0,0.0,0.0,0.16473734730219775,0.0,1.0,1.0
2022-06-30,224.47332763671875,235.15072137439594,212.86536142077708,0.7470594328950971,0.3015179090472144,46308.01329421997,51000.0,271,0.029461542502287275,0.0,0.0,0.0,206,0,0,0,0.0,0.0,0.22703297857796376,0.0,1.0,1.0
2022-07-01,227.26333618164062,234.39954183222878,215.33742501526933,0.7259534085926959,0.2950322880817402,46808.01329421997,51500.0,271,0.00327809001208626,0.0,0.0,0.0,205,0,0,0,0.0,0.0,0.1522231143202465,0.0,1.0,1.0
2022-07-05,233.06666564941406,234.27260124338926,215.2424392657956,0.6561564465538438,0.2921083463946612,46808.01329421997,51500.0,271,0.0,0.0,0.0,0.0,200,0,0,0,0.0,0.0,0.02573787091565039,0.0,1.0,0.8718980321640803
2022-07-06,231.73333740234375,234.0307665918611,215.2490970782373,0.653863028583583,0.292240256916918,46808.01329421997,51500.0,271,0.0,0.0,0.0,0.0,201,0,0,0,0.0,0.0,0.049083913687381873,0.0,1.0,0.8645133387899167
2022-07-07,244.5433349609375,235.0319635793922,215.61804327685786,0.6833396613620322,0.29602128106732234,46808.01329421997,51500.0,271,0.0,0.0,0.0,0.0,191,0,0,0,0.0,0.0,0.0,0.0,0.0,0.9236783103853501
2022-07-08,250.76333618164062,236.5301895415111,215.77566904441298,0.6874974117512679,0.29466507302163786,46808.01329421997,51500.0,271,0.0,0.0,0.0,0.0,186,0,0,0,0.0,0.0,0.0,0.0,0.0,0.944290525910592
2022-07-11,234.3433380126953,236.32191796733818,215.8410612873899,0.7282807048110055,0.2860110528267377,46808.01329421997,51500.0,271,0.0,0.0,0.0,0.0,199,0,0,0,0.0,0.0,0.041861964638343976,0.0,1.0,1.0
2022-07-12,233.07000732421875,236.012212191803,215.5250086001745,0.7193940244206017,0.2691571638068777,46808.01329421997,51500.0,271,0.0,0.0,0.0,0.0,200,0,0,0,0.0,0.0,0.062331623441442364,0.0,1.0,1.0
2022-07-13,237.0399932861328,236.11009610554868,217.0001984718574,0.6682979642992041,0.22986064894421365,46808.01329421997,51500.0,271,0.0,0.0,0.0,0.0,197,0,0,0,0.0,0.0,0.0,0.0,0.0,1.0
2022-07-14,238.31333923339844,236.31992878439152,217.96087921198702,0.6647873450214982,0.22967292458074073,46808.01329421997,51500.0,271,0.0,0.0,0.0,0.0,196,0,0,0,0.0,0.0,0.0,0.0,0.0,1.0
2022-07-15,240.06666564941406,236.67676086677463,218.11747284112963,0.6380763544923778,0.23388007245424278,46808.01329421997,51500.0,271,0.0,0.0,0.0,0.0,194,0,0,0,0.0,0.0,0.0,0.0,0.0,1.0
2022-07-18,240.54666137695312,237.04532282012497,221.20314963783423,0.5478407486083929,0.2013520176219254,46808.01329421997,51500.0,271,0.0,0.0,0.0,0.0,194,0,0,0,0.0,0.0,0.0,0.0,0.0,1.0
2022-07-19,245.52999877929688,237.85338719718897,224.13036247929128,0.5488877544210281,0.22055513940829347,46808.01329421997,51500.0,271,0.0,0.0,0.0,0.0,190,0,0,0,0.0,0.0,0.0,0.0,0.0,1.0
2022-07-20,247.5,238.77211222602813,224.27317637073543,0.44348054483469657,0.20657756198854835,46808.01329421997,51500.0,271,0.0,0.0,0.0,0.0,189,0,0,0,0.0,0.0,0.0,0.0,0.0,0.7889993334129264
2022-07-21,271.7066650390625,241.90873630346,220.88763760136183,0.556427001350219,0.20757244478861853,46808.01329421997,51500.0,271,0.0,0.0,0.0,0.0,172,0,0,0,0.0,0.0,0.0,0.0,0.0,1.0
2022-07-22,272.24334716796875,244.79774686198465,219.27488345961,0.5550854330411948,0.21067840752994707,46808.01329421997,51500.0,271,0.0,0.0,0.0,0.0,171,0,0,0,0.0,0.0,0.0,0.0,0.0,1.0
2022-07-25,268.4333190917969,247.04875374101437,218.8025240911427,0.5419530566408934,0.1821466626947612,46808.01329421997,51500.0,271,0.0,0.0,0.0,0.0,174,0,0,0,0.0,0.0,0.0,0.0,0.0,1.0
2022-07-26,258.8599853515625,248.17363294201894,218.98658502629493,0.560388039840657,0.18695432184966349,46808.01329421997,51500.0,271,0.0,0.0,0.0,0.0,180,0,0,0,0.0,0.0,0.0,0.0,0.0,1.0
2022-07-27,274.82000732421875,250.71138288318085,218.7228501365443,0.5594828417945805,0.19186850494545524,46808.01329421997,51500.0,271,0.0,0.0,0.0,0.0,170,0,0,0,0.0,0.0,0.0,0.0,0.0,1.0
2022-07-28,280.8999938964844,253.58648869397166,218.87051597605117,0.5519787591096575,0.19428739036039502,46808.01329421997,51500.0,271,0.0,0.0,0.0,0.0,166,0,0,0,0.0,0.0,0.0,0.0,0.0,1.0
2022-07-29,297.1499938964844,257.73539395135384,218.37850987833298,0.565065611380925,0.19249092254441244,46808.01329421997,51500.0,271,0.0,0.0,0.0,0.0,157,0,0,0,0.0,0.0,0.0,0.0,0.0,1.0
2022-08-01,297.27667236328125,261.50122999058505,218.86365188960173,0.5673113241869471,0.1927112138871098,47308.01329421997,52000.0,271,0.0,0.0,0.0,0.0,159,0,0,0,0.0,0.0,0.0,0.0,0.0,1.0
2022-08-02,300.586669921875,265.2236528411841,219.297889966627,0.5657670544163892,0.19614447319936518,47308.01329421997,52000.0,271,0.0,0.0,0.0,0.0,157,0,0,0,0.0,0.0,0.0,0.0,0.0,1.0
2022-08-03,307.39666748046875,269.24013042587785,220.16152364186158,0.5620049578910331,0.20093730221231615,47308.01329421997,52000.0,271,0.0,0.0,0.0,0.0,153,0,0,0,0.0,0.0,0.0,0.0,0.0,1.0
2022-08-04,308.6333312988281,272.9918638423493,220.4783245868377,0.5421564733237637,0.19723936311011042,47308.01329421997,52000.0,271,0.0,0.0,0.0,0.0,153,0,0,0,0.0,0.0,0.0,0.0,0.0,1.0
2022-08-05,288.1700134277344,274.43740189810023,221.43537930822367,0.6065390697623894,0.19747362355273573,47308.01329421997,52000.0,271,0.0,0.0,0.0,0.0,164,0,0,0,0.0,0.0,0.0,0.0,0.0,1.0
2022-08-08,290.42333984375,275.9598721786383,224.3454937350645,0.5416353667366349,0.19059908391499583,47308.01329421997,52000.0,271,0.0,0.0,0.0,0.0,162,0,0,0,0.0,0.0,0.0,0.0,0.0,1.0
2022-08-09,283.3333435058594,276.66210754313556,227.78299869293352,0.5534855929202882,0.1869066470231824,47308.01329421997,52000.0,271,0.0,0.0,0.0,0.0,166,0,0,0,0.0,0.0,0.0,0.0,0.0,1.0
2022-08-10,294.3566589355469,278.3473029138414,231.5313837076632,0.562347384622957,0.19385694415578547,47308.01329421997,52000.0,271,0.0,0.0,0.0,0.0,160,0,0,0,0.0,0.0,0.0,0.0,0.0,1.0
2022-08-11,286.6300048828125,279.13613167279107,235.4791964539955,0.5778850978740023,0.1927405568556029,47308.01329421997,52000.0,271,0.0,0.0,0.0,0.0,165,0,0,0,0.0,0.0,0.0,0.0,0.0,1.0
2022-08-12,300.0299987792969,281.12602377817257,240.20926380806935,0.592330025423313,0.19105127460077456,47308.01329421997,52000.0,271,0.0,0.0,0.0,0.0,157,0,0,0,0.0,0.0,0.0,0.0,0.0,1.0
2022-08-15,309.32000732421875,283.8111650682722,245.64514441445658,0.5948510618973432,0.1843302601110906,47308.01329421997,52000.0,271,0.0,0.0,0.0,0.0,152,0,0,0,0.0,0.0,0.0,0.0,0.0,1.0
2022-08-16,306.5633239746094,285.97803734506624,251.21013767287715,0.5992393197676831,0.16564528344839446,47308.01329421997,52000.0,271,0.0,0.0,0.0,0.0,154,0,0,0,0.0,0.0,0.0,0.0,0.0,1.0
2022-08-17,303.9966735839844,287.69409793924893,257.654146353917,0.6034317739316408,0.17069812260022899,47308.01329421997,52000.0,271,0.0,0.0,0.0,0.0,155,0,0,0,0.0,0.0,0.0,0.0,0.0,1.0
2022-08-18,302.8699951171875,289.139421480005,259.8810796662697,0.5101473129822713,0.16929051721600563,47308.01329421997,52000.0,271,0.0,0.0,0.0,0.0,156,0,0,0,0.0,0.0,0.0,0.0,0.0,1.0
2022-08-19,296.6666564941406,289.8563010051608,261.99414960642173,0.5186160513483368,0.1733030705065909,47308.01329421997,52000.0,271,0.0,0.0,0.0,0.0,159,0,0,0,0.0,0.0,0.0,0.0,0.0,1.0
2022-08-22,289.913330078125,289.8617323454431,264.4056577514557,0.5237421876723979,0.19427780971555755,47308.01329421997,52000.0,271,0.0,0.0,0.0,0.0,163,0,0,0,0.0,0.0,0.0,0.0,0.0,1.0
2022-08-23,296.4533386230469,290.48950437188154,271.096081189987,0.5051589399719132,0.18827173169852737,47308.01329421997,52000.0,271,0.0,0.0,0.0,0.0,159,0,0,0,0.0,0.0,0.0,0.0,0.0,1.0
2022-08-24,297.0966796875,291.1187591638452,274.4211832861985,0.46257529335069764,0.16661559335220574,47308.01329421997,52000.0,271,0.0,0.0,0.0,0.0,159,0,0,0,0.0,0.0,0.0,0.0,0.0,1.0
2022-08-25,296.07000732421875,291.5903066076903,276.66678864429264,0.45840205566348124,0.1684103131126431,47308.01329421997,52000.0,271,0.0,0.0,0.0,0.0,159,0,0,0,0.0,0.0,0.0,0.0,0.0,1.0
2022-08-26,288.0899963378906,291.25694372485225,275.7320147924641,0.42122223029773564,0.20305412808011433,47308.01329421997,52000.0,271,0.023289543488467734,0.0,0.0,0.0,164,0,0,0,0.0,0.0,0.054366899316800665,0.0,1.0,0.7286943563620625
2022-08-29,284.82000732421875,290.6439021628872,274.1629238289505,0.42268723336181135,0.20401586346089687,47308.01329421997,52000.0,271,0.0397604780792985,0.0,0.0,0.0,166,0,0,0,0.0,0.0,0.10018952393854981,0.0,1.0,0.7265292764959697
2022-08-30,277.70001220703125,289.41115073851995,271.0349287261547,0.4274557473970656,0.20619965514332436,47308.01329421997,52000.0,271,0.07531133153982886,0.0,0.0,0.0,170,0,0,0,0.0,0.0,0.20232700954341587,0.0,1.0,0.7275156090018335
2022-08-31,275.6099853515625,288.09675403500023,268.61447197725704,0.4161383781370036,0.1973875103374516,47308.01329421997,52000.0,271,0.07447722370867782,0.0,0.0,0.0,171,0,0,0,0.0,0.0,0.2167113740184789,0.0,1.0,0.7568587859889488
2022-09-01,277.1600036621094,287.05515876139157,267.52062732975617,0.41664312660180486,0.19824946381614003,47808.01329421997,52500.0,271,0.060056324743467004,0.0,0.0,0.0,172,0,0,0,0.0,0.0,0.1723563363567231,0.0,1.0,0.7513419649069302
2022-09-02,270.2099914550781,285.4508571131712,263.60899164819364,0.3577766100197837,0.20052232751310292,47808.01329421997,52500.0,271,0.14606589965811695,0.0,0.0,0.0,176,0,0,0,0.0,0.0,0.26696128735130414,0.0,1.0,0.4868527545741974
2022-09-06,274.4200134277344,284.40030057170105,261.27805993132864,0.3619185156336962,0.2005102835618315,47808.01329421997,52500.0,271,0.110580471012334,0.0,0.0,0.0,174,0,0,0,0.0,0.0,0.1754619654744443,0.0,1.0,0.5041560845186075
2022-09-07,283.70001220703125,284.3336064417325,261.23494086235786,0.3741558183357655,0.21393194855831316,47808.01329421997,52500.0,271,0.06240830318467594,0.0,0.0,0.0,168,0,0,0,0.0,0.0,0.01114174020141906,0.0,1.0,0.45745652942910353
2022-09-08,289.260009765625,284.8027877106747,261.7670068955396,0.35345537001284666,0.19884778525937283,47808.01329421997,52500.0,271,0.0,0.0,0.0,0.0,165,0,0,0,0.0,0.0,0.0,0.0,0.0,0.4812643816634543
2022-09-09,299.67999267578125,286.2196643740182,262.88765556153703,0.3626116260892757,0.20851242361531436,47808.01329421997,52500.0,271,0.0,0.0,0.0,0.0,159,0,0,0,0.0,0.0,0.0,0.0,0.0,0.44920072307961445
2022-09-12,304.4200134277344,287.95303095056255,264.18408967998835,0.3274347220903983,0.20165836592364753,47808.01329421997,52500.0,271,0.0,0.0,0.0,0.0,157,0,0,0,0.0,0.0,0.0,0.0,0.0,0.3530917359113044
2022-09-13,292.1300048828125,288.35083799172924,266.1490737003686,0.3383724729407473,0.24766750624267547,47808.01329421997,52500.0,271,0.0,0.0,0.0,0.0,163,0,0,0,0.0,0.0,0.0,0.0,0.0,0.1385307061947103
2022-09-14,302.6099853515625,289.7088520259991,268.05147774718955,0.3637537735416581,0.24822516208660111,47808.01329421997,52500.0,271,0.0,0.0,0.0,0.0,157,0,0,0,0.0,0.0,0.0,0.0,0.0,0.2211821802025562
2022-09-15,303.75,291.0461042139992,269.4216911822273,0.36277586103380327,0.24930127173347716,47808.01329421997,52500.0,271,0.0,0.0,0.0,0.0,157,0,0,0,0.0,0.0,0.0,0.0,0.0,0.21264209936067324
2022-09-16,303.3500061035156,292.2179043939531,270.5329811394374,0.3625330559728388,0.2481860992594793,47808.01329421997,52500.0,271,0.0,0.0,0.0,0.0,157,0,0,0,0.0,0.0,0.0,0.0,0.0,0.21727558827341031
2022-09-19,309.07000732421875,293.8228665777879,270.6926096837105,0.3594645958197866,0.24964936091216366,47808.01329421997,52500.0,271,0.0,0.0,0.0,0.0,154,0,0,0,0.0,0.0,0.0,0.0,0.0,0.1998982443028039
2022-09-20,308.7300109863281,295.24259461669646,270.76831989376996,0.347460129803036,0.24273531595546038,47808.01329421997,52500.0,271,0.0,0.0,0.0,0.0,154,0,0,0,0.0,0.0,0.0,0.0,0.0,0.19286353956968627
2022-09-21,300.79998779296875,295.77187015729385,271.04459779106975,0.35427069970798203,0.24748069277558973,47808.01329421997,52500.0,271,0.0,0.0,0.0,0.0,158,0,0,0,0.0,0.0,0.0,0.0,0.0,0.1929236975172417
2022-09-22,288.5899963378906,295.08788217449353,270.44201724720097,0.38364096201163145,0.2464554540322938,47808.01329421997,52500.0,271,0.1290962850971098,0.0,0.0,0.0,165,0,0,0,0.0,0.0,0.11010085857677691,0.0,1.0,0.29719507702381054
2022-09-23,275.3299865722656,293.2061778314242,267.6402949677996,0.4153346537031958,0.23973065210841496,47808.01329421997,52500.0,271,0.16794307910404044,0.0,0.0,0.0,173,0,0,0,0.0,0.0,0.3048399489971919,0.0,1.0,0.44375451522488363
2022-09-26,276.010009765625,291.56844753944335,265.20725155316455,0.40613846444612034,0.21764624954977527,47808.01329421997,52500.0,271,0.1323739845266575,0.0,0.0,0.0,173,0,0,0,0.0,0.0,0.26680592336236264,0.0,1.0,0.5550404432508471
2022-09-27,282.94000244140625,290.7466908634398,264.2964538462655,0.41531445987289106,0.21781629183263201,47808.01329421997,52500.0,271,0.07920184302764056,0.0,0.0,0.0,168,0,0,0,0.0,0.0,0.13425240367912356,0.0,1.0,0.5889324913002634
2022-09-28,287.80999755859375,290.4670057867878,264.60849586175243,0.40859516141654273,0.23307486791317752,47808.01329421997,52500.0,271,0.07383055762510549,0.0,0.0,0.0,166,0,0,0,0.0,0.0,0.045736833706758226,0.0,1.0,0.4608866708612993
2022-09-29,268.2099914550781,288.3472901361488,261.4155236907006,0.4781846026336916,0.24110134798593272,47808.01329421997,52500.0,271,0.1416589461298618,0.0,0.0,0.0,178,0,0,0,0.0,0.0,0.34918480890807824,0.0,1.0,0.6527786849398278
2022-09-30,265.25,286.14754821842035,257.5534479803017,0.4788160440852141,0.24264595267032588,47808.01329421997,52500.0,271,0.1489184322018998,0.0,0.0,0.0,180,0,0,0,0.0,0.0,0.3651533684026006,0.0,1.0,0.6444262336950519
2022-10-03,242.39999389648438,281.98111447347407,247.39797141721607,0.5603875601383027,0.2648231576390199,48308.01329421997,53000.0,271,0.39296361163342775,0.0,0.0,0.0,199,0,0,0,0.0,0.0,0.7018399202176548,1.0,1.0,0.7634018022137572
2022-10-04,249.44000244140625,278.88196094661043,240.6351697237793,0.5688575623487965,0.2904574800145471,48308.01329421997,53000.0,271,0.2083352378829604,0.0,0.0,0.0,193,0,0,0,0.0,0.0,0.5278569901988138,0.0,1.0,0.6320735434331219
2022-10-05,240.80999755859375,275.2560596715612,231.845982184393,0.5600878240378562,0.2809756085396861,48308.01329421997,53000.0,271,0.23677027635676948,0.0,0.0,0.0,200,0,0,0,0.0,0.0,0.6257094240553489,0.0,1.0,0.661140110313013
2022-10-06,238.1300048828125,271.7202449297756,223.70514430914017,0.5508736726783243,0.2801911351881979,48308.01329421997,53000.0,271,0.23865886628211647,0.0,0.0,0.0,202,0,0,0,0.0,0.0,0.618103374219398,0.0,1.0,0.638386573473364
2022-10-07,223.07000732421875,267.0868889673416,213.1601211497515,0.555717608586644,0.2843818410506012,48308.01329421997,53000.0,271,0.31271883857429605,0.0,0.0,0.0,216,0,0,0,0.0,0.0,0.8240180155100217,0.0,1.0,0.6284373342710576
2022-10-10,222.9600067138672,262.88432875272497,205.1439467642966,0.5470370481002804,0.27808630471438733,48308.01329421997,53000.0,271,0.2879149482183865,0.0,0.0,0.0,216,0,0,0,0.0,0.0,0.7593515031550533,0.0,1.0,0.6392903894294104
2022-10-11,216.5,258.4667736334178,195.99431024288185,0.5414577005935417,0.24152524849233473,48308.01329421997,53000.0,271,0.26050652573869926,0.0,0.0,0.0,223,0,0,0,0.0,0.0,0.8118407840873789,0.0,1.0,0.8681887434594164
2022-10-12,217.24000549316406,254.54041476291744,189.74386107926415,0.5130796200446421,0.23980665079363145,48308.01329421997,53000.0,271,0.24985282072118908,0.0,0.0,0.0,222,0,0,0,0.0,0.0,0.7327011175120364,0.0,1.0,0.7829628520401182
2022-10-13,221.72000122070312,251.41466109223035,186.29012040110183,0.5250089774610526,0.2618487204950843,48308.01329421997,53000.0,271,0.22252489074791462,0.0,0.0,0.0,217,0,0,0,0.0,0.0,0.590551476642682,0.0,1.0,0.6708406303851204
2022-10-14,204.99000549316406,246.9932653208907,180.20817614044768,0.5637559957443886,0.2717503967455333,48308.01329421997,53000.0,271,0.30184605153378496,0.0,0.0,0.0,235,0,0,0,0.0,0.0,0.8502916015373235,0.0,1.0,0.7287800450213908
2022-10-17,219.35000610351562,244.360573966855,180.30479032790555,0.6340101938718005,0.29020779941786706,48308.01329421997,53000.0,271,0.16500161459406973,0.0,0.0,0.0,220,0,0,0,0.0,0.0,0.5117553838028672,0.0,1.0,0.8205638486846687
2022-10-18,220.19000244140625,242.05861477395513,182.26499492562925,0.6358092232594905,0.29256120093701526,48308.01329421997,53000.0,271,0.1458938263466472,0.0,0.0,0.0,219,0,0,0,0.0,0.0,0.45172142195746134,0.0,1.0,0.8110433566923212
2022-10-19,222.0399932861328,240.15207939416254,184.76407705961185,0.6404060456347941,0.28753549921504085,48308.01329421997,53000.0,271,0.1107796143134514,0.0,0.0,0.0,217,0,0,0,0.0,0.0,0.37709617492635344,0.0,1.0,0.8560202345538614
2022-10-20,207.27999877929688,237.0214050498896,183.46189223402308,0.6607778074526514,0.2873795460402213,48308.01329421997,53000.0,271,0.18636955097722838,0.0,0.0,0.0,233,0,0,0,0.0,0.0,0.6273991638926576,0.0,1.0,0.9161007819260087
2022-10-21,214.44000244140625,234.8707952776531,182.84682016327062,0.6733523556161545,0.2935670506467431,48308.01329421997,53000.0,271,0.11994592064748116,0.0,0.0,0.0,225,0,0,0,0.0,0.0,0.4349368513887502,0.0,1.0,0.9114098866929068
2022-10-24,211.25,232.62119572740042,182.79521095689418,0.6713753077912823,0.2928168179364112,48308.01329421997,53000.0,271,0.1286385284707443,0.0,0.0,0.0,228,0,0,0,0.0,0.0,0.4593561575627974,0.0,1.0,0.9106806333811739
2022-10-25,222.4199981689453,231.64965310278566,187.34392383977533,0.6986405069160507,0.29657454894232455,48308.01329421997,53000.0,271,0.0271089577406598,0.0,0.0,0.0,217,0,0,0,0.0,0.0,0.19921581600092111,0.0,1.0,0.9630828892983128
2022-10-26,224.63999938964844,230.98206703486784,195.7105972307126,0.6952272410834864,0.2919068476170928,48308.01329421997,53000.0,271,0.0011038639871379097,0.0,0.0,0.0,215,0,0,0,0.0,0.0,0.13728484913640582,0.0,1.0,0.9847291660530204
2022-10-27,225.08999633789062,230.42091744467953,200.77405265196518,0.6631753896450315,0.28102759554075557,48308.01329421997,53000.0,271,0.0,0.0,0.0,0.0,214,0,0,0,0.0,0.0,0.1156778899656273,0.0,1.0,0.9665191846164436
2022-10-28,228.52000427246094,230.2398780949444,207.14442162804065,0.6680585158126121,0.2836314157088566,48308.01329421997,53000.0,271,0.0,0.0,0.0,0.0,211,0,0,0,0.0,0.0,0.03734960765081358,0.0,1.0,0.962812999584304
2022-10-31,227.5399932861328,229.98274620839092,208.53313998244306,0.5982812320520454,0.2746459869702831,48308.01329421997,53000.0,271,0.005525494725621333,0.0,0.0,0.0,212,0,0,0,0.0,0.0,0.053107308320527055,0.0,1.0,0.8153103159328157
2022-11-01,227.82000732421875,229.776771076565,212.11891960641393,0.5868844683191183,0.25483752200458204,48808.01329421997,53500.0,271,0.0,0.0,0.0,0.0,214,0,0,0,0.0,0.0,0.0425796685883065,0.0,1.0,0.9191459186184456
2022-11-02,214.97999572753906,228.36755437665778,212.92447216950586,0.6067466268555392,0.27096647007470226,48808.01329421997,53500.0,271,0.07939091929617842,0.0,0.0,0.0,227,0,0,0,0.0,0.0,0.29311428862258515,0.0,1.0,0.8659954086086319
2022-11-03,215.30999755859375,227.12397753684215,213.9587029154662,0.6067026864719341,0.27113716283415135,48808.01329421997,53500.0,271,0.06809009648056133,0.0,0.0,0.0,226,0,0,0,0.0,0.0,0.2600777801263196,0.0,1.0,0.8646856328182526
2022-11-04,207.47000122070312,225.25217026863845,211.1924098017235,0.5789852565166145,0.25423803246145266,48808.01329421997,53500.0,271,0.25859503540392814,0.0,0.0,0.0,235,0,0,0,0.0,0.0,0.3947169305123253,1.0,1.0,0.8977794513769286
2022-11-07,197.0800018310547,222.56910660791618,205.71724383275705,0.6024397082051621,0.253114327944537,48808.01329421997,53500.0,271,0.30372901280578035,0.0,0.0,0.0,247,0,0,0,0.0,0.0,0.572611023275656,1.0,1.0,0.9834242267034965
2022-11-08,191.3000030517578,219.59109674542492,199.11152874832658,0.6026244342207294,0.250876852758335,48808.01329421997,53500.0,271,0.3254618456654205,0.0,0.0,0.0,255,0,0,0,0.0,0.0,0.6441767019012017,1.0,1.0,1.0
2022-11-09,177.58999633789062,215.59099194470735,188.87592006755858,0.6453495240328009,0.2643350526761048,48808.01329421997,53500.0,271,0.40846252764115937,0.0,0.0,0.0,274,0,0,0,0.0,0.0,0.8813215075461698,1.0,1.0,1.0
2022-11-10,190.72000122070312,213.22232616146886,184.83580787061055,0.7032111055010832,0.3149232067307004,48808.01329421997,53500.0,271,0.1625253884409587,0.0,0.0,0.0,255,0,0,0,0.0,0.0,0.5276728132992318,0.0,1.0,0.8608004810688621
2022-11-11,195.97000122070312,211.57924759568166,182.4143286532036,0.6632835946475829,0.29785488208728866,48808.01329421997,53500.0,271,0.10796142913414397,0.0,0.0,0.0,249,0,0,0,0.0,0.0,0.3688747018518352,0.0,1.0,0.8557235825699916
2022-11-14,190.9499969482422,209.61455705783027,179.20712592298017,0.6114711342607119,0.29137759861482243,48808.01329421997,53500.0,271,0.15606528767924424,0.0,0.0,0.0,255,0,0,0,0.0,0.0,0.44521144837375826,0.0,1.0,0.7487935962578556
2022-11-15,194.4199981689453,208.16745621126978,177.28543211913924,0.6166886461089699,0.2905963930395768,48808.01329421997,53500.0,271,0.11187928010603504,0.0,0.0,0.0,251,0,0,0,0.0,0.0,0.33020190313446807,0.0,1.0,0.7684569299551438
2022-11-16,186.9199981689453,206.14388877866745,174.3224346793034,0.6251477091313559,0.29139651242651815,48808.01329421997,53500.0,271,0.1556373114371157,0.0,0.0,0.0,261,0,0,0,0.0,0.0,0.4662735995623532,0.0,1.0,0.7877922420485393
2022-11-17,183.1699981689453,203.95589919678915,170.3112163719216,0.5880082353734001,0.28934220221865026,48808.01329421997,53500.0,271,0.18964494197852064,0.0,0.0,0.0,266,0,0,0,0.0,0.0,0.5095685172554956,0.0,1.0,0.693520195304514
2022-11-18,180.19000244140625,201.69248045818125,166.3322845259423,0.5694717405401798,0.27973827458827494,48808.01329421997,53500.0,271,0.19727945185360365,0.0,0.0,0.0,270,0,0,0,0.0,0.0,0.5330510579256152,0.0,1.0,0.6964420921018082
2022-11-21,167.8699951171875,198.4712913780866,159.65792635440206,0.6083101507525527,0.27862295333338416,48808.01329421997,53500.0,271,0.25594481101920413,0.0,0.0,0.0,290,0,0,0,0.0,0.0,0.7709250050326877,0.0,1.0,0.8193947037111828
2022-11-22,169.91000366210938,195.75116873846972,155.53322000752442,0.5676539217532899,0.2769714999333895,48808.01329421997,53500.0,271,0.24238744382616487,0.0,0.0,0.0,287,0,0,0,0.0,0.008438005081770275,0.6600513611973633,0.0,1.0,0.7079191718576592
2022-11-23,183.1999969482422,194.55581904416232,155.45603523250205,0.6496675760869258,0.2750213682695786,48808.01329421997,53500.0,271,0.06350909367169541,0.0,0.0,0.0,266,0,0,0,0.0,0.014492954000598265,0.29183969288892014,0.0,1.0,0.9685366636981803
2022-11-25,182.86000061035156,193.4419315742756,156.02214321136842,0.64891702443898,0.2733452567659312,48808.01329421997,53500.0,271,0.05711443560243684,0.0,0.0,0.0,266,0,0,0,0.0,0.020135262492921708,0.27351698977067207,0.0,1.0,0.9783192634491047
2022-11-28,182.9199981689453,192.43984267852986,158.00487644353586,0.6435003388169251,0.2681311111876421,48808.01329421997,53500.0,271,0.045403943522936974,0.0,0.0,0.0,266,0,0,0,0.0,0.025211264189129175,0.24734598555787154,0.0,1.0,0.9999554694425663
2022-11-29,180.8300018310547,191.3341435501989,160.49788754701615,0.6431161570767667,0.26650138459527084,48808.01329421997,53500.0,271,0.05685829346054011,0.0,0.0,0.0,269,0,0,0,0.0,0.03081209528777766,0.27449731459947996,0.0,1.0,1.0
2022-11-30,194.6999969482422,191.65470101667918,166.00652766845704,0.713543462999477,0.2855665155934932,48808.01329421997,53500.0,271,0.0,0.0,0.0,0.0,250,0,0,0,0.0,0.02918833690616709,0.0,0.0,0.0,1.0
2022-12-01,194.6999969482422,191.94472920063757,169.10152590221423,0.6893349048198142,0.26640983956429953,49308.01329421997,54000.0,271,0.0,0.0,0.0,0.0,253,0,0,0,0.0,0.036721821974578045,0.0,0.0,0.0,1.0
2022-12-02,194.86000061035156,192.22237409680082,172.889044307787,0.6892628402948785,0.26154477068442755,49308.01329421997,54000.0,271,0.0,0.0,0.0,0.0,253,0,0,0,0.0,0.03532845592161066,0.0,0.0,0.0,1.0
2022-12-05,182.4499969482422,191.2916715112238,174.34025127650872,0.7126294056316275,0.2709710522764038,49308.01329421997,54000.0,271,0.044886308717198814,0.0,0.0,0.0,270,0,0,0,0.0,0.039999204082562086,0.23110453510943457,0.0,1.0,1.0
2022-12-06,179.82000732421875,190.19913206484236,173.8480438375013,0.6940097738486829,0.2766377529822687,49308.01329421997,54000.0,271,0.06141586125262627,0.0,0.0,0.0,274,0,0,0,0.0,0.04548213352643925,0.2728488986239216,0.0,1.0,1.0
2022-12-07,174.0399932861328,188.66016646687,171.83461377667595,0.6954605577501954,0.2765749468256926,49308.01329421997,54000.0,271,0.10423773072227976,0.0,0.0,0.0,283,0,0,0,0.0,0.053205460879226396,0.3874737697558588,0.0,1.0,1.0
2022-12-08,173.44000244140625,187.21062703587347,169.93488848328772,0.6476972222009362,0.26430421679864113,49308.01329421997,54000.0,271,0.09989249342641154,0.0,0.0,0.0,284,0,0,0,0.0,0.060480001357005424,0.36778426557559907,0.0,1.0,1.0
2022-12-09,179.0500030517578,186.43342475167196,169.29758664066804,0.5994152554730194,0.17906925167365217,49308.01329421997,54000.0,271,0.04183931911064878,0.0,0.0,0.0,275,0,0,0,0.0,0.06438040541290549,0.1980176491889482,0.0,1.0,1.0
2022-12-12,167.82000732421875,184.66071833000976,167.17745925993668,0.6245674378359325,0.18343921578325872,49308.01329421997,54000.0,271,0.13524358411539444,0.0,0.0,0.0,293,0,0,0,0.0,0.07327676541791403,0.4559906177689273,0.0,1.0,1.0
2022-12-13,160.9499969482422,182.40255438888906,163.03211668448648,0.6329380745770767,0.1819525912865887,49308.01329421997,54000.0,271,0.3354326428966254,0.0,0.0,0.0,306,0,0,0,0.0,0.08460940297427907,0.5880552910160791,1.0,1.0,1.0
2022-12-14,156.8000030517578,179.9642161663051,158.9633362629487,0.6282679455729251,0.18103032996031904,49308.01329421997,54000.0,271,0.359148594447589,0.0,0.0,0.0,314,0,0,0,0.0,0.09684624849872808,0.643578307065812,1.0,1.0,1.0
2022-12-15,157.6699981689453,177.84095730941368,155.2035289334561,0.6210910186676554,0.199922934467738,49308.01329421997,54000.0,271,0.18611299147956883,0.0,0.0,0.0,312,0,0,0,0.0,0.10750186239164612,0.5671066846928363,0.0,1.0,1.0
2022-12-16,150.22999572753906,175.21134192066373,149.73753249511037,0.6355183543901555,0.20319865244030386,49308.01329421997,54000.0,271,0.24175665665267648,0.0,0.0,0.0,328,0,0,0,0.0,0.12069863591666906,0.7128918116624066,0.0,1.0,1.0
2022-12-19,149.8699951171875,172.79788032033267,144.94733976987732,0.6353524071817104,0.20378256358472824,49308.01329421997,54000.0,271,0.22868448299714123,0.0,0.0,0.0,329,0,0,0,0.0,0.13281063765166382,0.6634307423401682,0.0,1.0,1.0
2022-12-20,137.8000030517578,169.46474915189697,137.26798439764772,0.6518313616918705,0.2038695470311734,49308.01329421997,54000.0,271,0.32932846774166685,0.0,0.0,0.0,357,0,0,0,0.0,0.14953801814510972,0.9342576039739384,0.0,1.0,1.0
2022-12-21,137.57000732421875,166.42715469211808,130.59779243204125,0.6477100819507664,0.2051861873599831,49308.01329421997,54000.0,271,0.3111098916171889,0.0,0.0,0.0,358,0,0,0,0.0,0.16478224219325927,0.8669603052844234,0.0,1.0,1.0
2022-12-22,125.3499984741211,162.51504457611836,121.7986387069655,0.6176527438768304,0.20812971971589747,49308.01329421997,54000.0,271,0.36454533373991055,0.0,0.0,0.0,393,0,0,0,0.0,0.18441523925688746,1.0,0.0,1.0,1.0
2022-12-23,123.1500015258789,158.76599285704793,114.02255463671182,0.6146955747432435,0.21014435720773442,49308.01329421997,54000.0,271,0.37113047365757407,0.0,0.0,0.0,400,0,0,0,0.0,0.20322992473592608,1.0,0.0,1.0,1.0
2022-12-27,109.0999984741211,154.03589815391206,103.6264746555462,0.6961290938510797,0.20444788407634387,49308.01329421997,54000.0,271,0.37943879740928593,0.0,0.0,0.0,451,0,0,0,0.0,0.22696799259795988,1.0,0.0,1.0,1.0
2022-12-28,112.70999908447266,150.1000982425369,96.10900091810902,0.7246268183916513,0.20773458716772406,49308.01329421997,54000.0,271,0.3863519570684329,0.0,0.0,0.0,437,0,0,0,0.0,0.2467198773383797,1.0,0.0,1.0,1.0
2022-12-29,121.81999969482422,147.40675552370712,93.98072145440558,0.7322132908047659,0.18329653905721552,49308.01329421997,54000.0,271,0.3448464720736201,0.0,0.0,0.0,404,0,0,0,0.0,0.26023646764954383,0.8678963097036565,0.0,1.0,1.0
2022-12-30,123.18000030517578,145.0994455028946,93.47010691157976,0.7377415726292395,0.18315340566964358,49308.01329421997,54000.0,271,0.30949923040083166,0.0,0.0,0.0,400,0,0,0,0.0,0.2718157457169548,0.7553249125711358,0.0,1.0,1.0
2023-01-03,108.0999984741211,141.57568864301143,90.93398917616335,0.8138861395177365,0.18307203308639983,49808.01329421997,54500.0,271,0.4036063473800067,0.0,0.0,0.0,460,0,0,0,0.0,0.2960181353714478,1.0,0.0,1.0,1.0
2023-01-04,113.63999938964844,138.9151468093578,89.20285811523534,0.8480977276666571,0.17794169882531224,49808.01329421997,54500.0,271,0.3766433269878034,0.0,0.0,0.0,438,0,0,0,0.0,0.30924761861768874,0.9097333156331782,0.0,1.0,1.0
2023-01-05,110.33999633789062,136.1937039073133,87.58575574345787,0.8479527732064309,0.17560816997372128,49808.01329421997,54500.0,271,0.3951762051468238,0.0,0.0,0.0,451,0,0,0,0.0,0.32277993102968977,0.9491520836755212,0.0,1.0,1.0
2023-01-06,113.05999755859375,133.99049377886382,86.84201099163894,0.8634114883115429,0.19594368057475423,49808.01329421997,54500.0,271,0.34017279580481435,0.0,0.0,0.0,440,0,0,0,0.0,0.3337353428610625,0.7810440737241214,0.0,1.0,1.0
2023-01-09,119.7699966430664,132.6361607183117,88.29463069371565,0.9069453427492686,0.19368176919879235,49808.01329421997,54500.0,271,0.23892042939511055,0.0,0.0,0.0,415,0,0,0,0.0,0.3404697329419731,0.48501720818691424,0.0,1.0,1.0
2023-01-10,118.8499984741211,131.32319288553163,91.99737193060847,0.8891639195052307,0.19397025078441507,49808.01329421997,54500.0,271,0.237666018856795,0.0,0.0,0.0,419,0,0,0,0.0,0.3469984353765308,0.47490447564288363,0.0,1.0,1.0
2023-01-11,123.22000122070312,130.55146034602416,95.18443111479948,0.8940263694243905,0.19262398596783978,49808.01329421997,54500.0,271,0.17106838285614784,0.0,0.0,0.0,404,0,0,0,0.0,0.35083585772894404,0.2807880932886212,0.0,1.0,1.0
2023-01-12,123.55999755859375,129.88560674722126,97.91582569531454,0.8898630680671876,0.1911129538467513,49808.01329421997,54500.0,271,0.15917880691475977,0.0,0.0,0.0,403,0,0,0,0.0,0.35414679947711997,0.24350693456505096,0.0,1.0,1.0
2023-01-13,122.4000015258789,129.17269196423626,100.46623889820779,0.888295871111854,0.19048963345612635,49808.01329421997,54500.0,271,0.16694686477840676,0.0,0.0,0.0,406,0,0,0,0.0,0.35769175188425634,0.2621564331969058,0.0,1.0,1.0
2023-01-17,131.49000549316406,129.39338849080082,104.86221436563508,0.9371815553097436,0.16639017103128884,49808.01329421997,54500.0,271,0.0,0.0,0.0,0.0,378,0,0,0,0.0,0.3565943434677611,0.0,0.0,0.0,1.0
2023-01-18,128.77999877929688,129.33497042303853,108.01039146897452,0.9268831771993801,0.17142808702380363,49808.01329421997,54500.0,271,0.0824188753008101,0.0,0.0,0.0,386,0,0,0,0.0,0.3568848259698451,0.021454817746755155,0.0,1.0,1.0
2023-01-19,127.16999816894531,129.12878258931536,111.86630814058454,0.9270555454672033,0.170429851584036,49808.01329421997,54500.0,271,0.10181468703509272,0.0,0.0,0.0,391,0,0,0,0.0,0.35791009024395476,0.07584615842773883,0.0,1.0,1.0
2023-01-20,133.4199981689453,129.53746978737536,113.04908038843887,0.903704694659383,0.18177390540851002,49808.01329421997,54500.0,271,0.0,0.0,0.0,0.0,373,0,0,0,0.0,0.35587790252516105,0.0,0.0,0.0,1.0
2023-01-23,143.75,130.89104409333962,112.95356383942665,0.9444878289225723,0.17926180013958923,49808.01329421997,54500.0,271,0.0,0.0,0.0,0.0,346,0,0,0,0.0,0.34914728533403605,0.0,0.0,0.0,1.0
2023-01-24,143.88999938964844,132.12903983584522,111.6488657029023,0.8790400828327167,0.16903028524952046,49808.01329421997,54500.0,271,0.0,0.0,0.0,0.0,346,0,0,0,0.0,0.34299137989882467,0.0,0.0,0.0,1.0
2023-01-25,144.42999267578125,133.30055915393436,110.60249855734213,0.8739302249678629,0.1688139893530802,49808.01329421997,54500.0,271,0.0,0.0,0.0,0.0,344,0,0,0,0.0,0.3371660269593356,0.0,0.0,0.0,1.0
2023-01-26,160.27000427246094,135.86907773665118,108.92957227053066,0.813110969076139,0.1698354916641616,49808.01329421997,54500.0,271,0.0,0.0,0.0,0.0,310,0,0,0,0.0,0.32439412721775285,0.0,0.0,0.0,1.0
2023-01-27,177.89999389648438,139.87202213282575,105.15011651126895,0.8723635198721762,0.16037262698829238,49808.01329421997,54500.0,271,0.0,0.0,0.0,0.0,279,0,0,0,0.0,0.3044895780184261,0.0,0.0,0.0,1.0
2023-01-30,166.66000366210938,142.423258468948,104.16566100934227,0.898455341978745,0.1621450959520492,49808.01329421997,54500.0,271,0.0,0.0,0.0,0.0,298,0,0,0,0.0,0.29180361385165304,0.0,0.0,0.0,1.0
2023-01-31,173.22000122070312,145.35628158816277,103.10632744765375,0.9014640652129308,0.16689317755515534,49808.01329421997,54500.0,271,0.0,0.0,0.0,0.0,287,0,0,0,0.0,0.27721922366253005,0.0,0.0,0.0,1.0
2023-02-01,181.41000366210938,148.7899694047291,103.4643136128552,0.7349190048794758,0.16667671093775563,50308.01329421997,55000.0,271,0.0,0.0,0.0,0.0,277,0,0,0,0.0,0.26687124166033477,0.0,0.0,0.0,1.0
2023-02-02,188.27000427246094,152.54997272546547,103.48647784891988,0.7306261262200328,0.17071018611201008,50308.01329421997,55000.0,271,0.0,0.0,0.0,0.0,267,0,0,0,0.0,0.2483446798436156,0.0,0.0,0.0,1.0
2023-02-03,189.97999572753906,156.11473682090104,104.85327963989116,0.7042168792456448,0.1691822597049031,50308.01329421997,55000.0,271,0.0,0.0,0.0,0.0,264,0,0,0,0.0,0.2307801149370149,0.0,0.0,0.0,1.0
2023-02-06,194.75999450683594,159.79523755289483,106.46420659054213,0.7041827775764722,0.15771394184508136,50308.01329421997,55000.0,271,0.0,0.0,0.0,0.0,258,0,0,0,0.0,0.21264528405755456,0.0,0.0,0.0,1.0
2023-02-07,196.80999755859375,163.32045279153283,107.98816172252148,0.6970796705479952,0.16107621734145147,50308.01329421997,55000.0,271,0.0,0.0,0.0,0.0,255,0,0,0,0.0,0.19527558715444732,0.0,0.0,0.0,1.0
2023-02-08,201.2899932861328,166.93659950530426,110.2112940932345,0.6858372887207985,0.1683909187662329,50308.01329421997,55000.0,271,0.0,0.0,0.0,0.0,249,0,0,0,0.0,0.1774578460738645,0.0,0.0,0.0,1.0
2023-02-09,207.32000732421875,170.78263834520087,112.35572153416066,0.6850490923446474,0.168350460928173,50308.01329421997,55000.0,271,0.0,0.0,0.0,0.0,242,0,0,0,0.0,0.15850736379001035,0.0,0.0,0.0,1.0
2023-02-10,196.88999938964844,173.26905368276732,115.7602021444179,0.7343024739078859,0.16821654869533936,50308.01329421997,55000.0,271,0.0,0.0,0.0,0.0,255,0,0,0,0.0,0.1462561173085465,0.0,0.0,0.0,1.0
2023-02-13,194.63999938964844,175.3043818453274,120.16947119860416,0.7355876565511354,0.17179383131050646,50308.01329421997,55000.0,271,0.0,0.0,0.0,0.0,258,0,0,0,0.0,0.13622750036211398,0.0,0.0,0.0,1.0
2023-02-14,209.25,178.53729786005812,123.60808846162658,0.7363084197064516,0.1713941211248934,50308.01329421997,55000.0,271,0.0,0.0,0.0,0.0,240,0,0,0,0.0,0.1202980414531682,0.0,0.0,0.0,1.0
2023-02-15,214.24000549316406,181.93755572987774,128.21114413763283,0.7168393301886927,0.15857562818713616,50308.01329421997,55000.0,271,0.0,0.0,0.0,0.0,234,0,0,0,0.0,0.10354404358551153,0.0,0.0,0.0,1.0
2023-02-16,202.0399932861328,183.85207359237825,134.5773367488996,0.764844257160786,0.16528555419089666,50308.01329421997,55000.0,271,0.0,0.0,0.0,0.0,249,0,0,0,0.0,0.09411069193573621,0.0,0.0,0.0,1.0
2023-02-17,208.30999755859375,186.18139968439877,140.91898990550067,0.7597878300706313,0.15418441248808995,50308.01329421997,55000.0,271,0.0,0.0,0.0,0.0,241,0,0,0,0.0,0.08263346700959874,0.0,0.0,0.0,1.0
2023-02-21,197.3699951171875,187.24698020180722,146.04402436681545,0.7774802699017295,0.1664645636055412,50308.01329421997,55000.0,271,0.0,0.0,0.0,0.0,254,0,0,0,0.0,0.07738306118745891,0.0,0.0,0.0,1.0
2023-02-22,200.86000061035156,188.54345833595428,152.46063746105133,0.7751437736584008,0.16652588970209456,50308.01329421997,55000.0,271,0.0,0.0,0.0,0.0,250,0,0,0,0.0,0.07099495983557075,0.0,0.0,0.0,1.0
2023-02-23,202.07000732421875,189.83170109674137,160.62040019936217,0.7746345285088062,0.16770995225495425,50308.01329421997,55000.0,271,0.0,0.0,0.0,0.0,248,0,0,0,0.0,0.06464743641423805,0.0,0.0,0.0,1.0
2023-02-24,196.8800048828125,190.50296812398625,165.72212010906298,0.7084606544369213,0.16639401897880576,50308.01329421997,55000.0,271,0.0,0.0,0.0,0.0,255,0,0,0,0.0,0.06133992069817675,0.0,0.0,0.0,1.0
2023-02-27,207.6300048828125,192.1341144819697,168.11948180760066,0.6288922389503514,0.16657099427453112,50308.01329421997,55000.0,271,0.0,0.0,0.0,0.0,242,0,0,0,0.0,0.0533028177342947,0.0,0.0,0.0,1.0
2023-02-28,205.7100067138672,193.42705659929328,173.64997557158074,0.5741037524017543,0.1607701672081093,50308.01329421997,55000.0,271,0.0,0.0,0.0,0.0,244,0,0,0,0.0,0.04693213930166407,0.0,0.0,0.0,1.0
2023-03-01,202.77000427246094,194.31686113959498,178.44581093174367,0.5707810829686899,0.15089615300321343,50808.01329421997,55500.0,271,0.0,0.0,0.0,0.0,250,0,0,0,0.0,0.05117352488594162,0.0,0.0,0.0,1.0
2023-03-02,190.89999389648438,193.99144521167966,179.99429324280405,0.5984010303114968,0.1481967739472474,50808.01329421997,55500.0,271,0.0,0.0,0.0,0.0,266,0,0,0,0.0,0.05276249275017687,0.0796800939294502,0.0,1.0,1.0
2023-03-03,197.7899932861328,194.35321169496092,181.49139882197287,0.5971103264604302,0.1503901743763578,50808.01329421997,55500.0,271,0.0,0.0,0.0,0.0,256,0,0,0,0.0,0.05099602938136207,0.0,0.0,0.0,1.0
2023-03-06,193.80999755859375,194.30147701530692,182.02183650878465,0.6022346546875459,0.1469193801971269,50808.01329421997,55500.0,271,0.0,0.0,0.0,0.0,262,0,0,0,0.0,0.05124864376309589,0.012647342270960881,0.0,1.0,1.0
2023-03-07,187.7100067138672,193.6737179389793,180.27775393968838,0.6064904440980475,0.15457309261319047,50808.01329421997,55500.0,271,0.02289686609841035,0.0,0.0,0.0,270,0,0,0,0.0,0.05431391781147033,0.15396284246970218,0.0,1.0,1.0
2023-03-08,182.0,192.56193527812414,176.82450502785628,0.6134124518928261,0.14553540524668918,50808.01329421997,55500.0,271,0.06689662832711568,0.0,0.0,0.0,279,0,0,0,0.0,0.059742622335646166,0.27424774431325577,0.0,1.0,1.0
2023-03-09,172.9199981689453,190.6912746010595,170.8691112826343,0.6267019545321225,0.1537232129885063,50808.01329421997,55500.0,271,0.13719633674930204,0.0,0.0,0.0,293,0,0,0,0.0,0.06887683933536717,0.46596983709121004,0.0,1.0,1.0
2023-03-10,173.44000244140625,189.04829630014012,166.74446042680515,0.6128700014113236,0.15808489105220652,50808.01329421997,55500.0,271,0.1213990769761179,0.0,0.0,0.0,292,0,0,0,0.0,0.07689930995787442,0.41281233854531973,0.0,1.0,1.0
2023-03-13,174.47999572753906,187.66083910274955,163.21428845873734,0.5938238368713039,0.15710156363237443,50808.01329421997,55500.0,271,0.10220170197520129,0.0,0.0,0.0,291,0,0,0,0.0,0.08367410095774547,0.3511879046856869,0.0,1.0,1.0
2023-03-14,183.25999450683594,187.24171104599588,162.1656213193116,0.6250853078074924,0.164053813073326,50808.01329421997,55500.0,271,0.017216180406122022,0.0,0.0,0.0,277,0,0,0,0.0,0.0857206541718039,0.10632557555997338,0.0,1.0,1.0
2023-03-15,180.4499969482422,186.59488113192413,161.61520897948208,0.5552047454019302,0.16449262122736022,50808.01329421997,55500.0,271,0.03873811900834612,0.0,0.0,0.0,281,0,0,0,0.0,0.08887904888736152,0.16465843399362745,0.0,1.0,1.0
2023-03-16,184.1300048828125,186.36013101296112,163.0082979450327,0.5528070378680433,0.17909006910719535,50808.01329421997,55500.0,271,0.002450679372943937,0.0,0.0,0.0,275,0,0,0,0.0,0.09002530622500061,0.059833777697696426,0.0,1.0,1.0
2023-03-17,180.1300048828125,185.76678566723268,162.2979634707377,0.5239565449207464,0.17698045419140465,50808.01329421997,55500.0,271,0.03562369747373645,0.0,0.0,0.0,282,0,0,0,0.0,0.09292254205729623,0.1517165935819508,0.0,1.0,1.0
2023-03-20,183.25,185.5270917941629,163.27578205798412,0.513535054684561,0.18121440232540434,50808.01329421997,55500.0,271,0.004411389834683033,0.0,0.0,0.0,277,0,0,0,0.0,0.09409293916724053,0.061368174646139625,0.0,1.0,1.0
2023-03-21,197.5800018310547,186.6749879881526,164.40859904076598,0.5633250169509316,0.17423941132290868,50808.01329421997,55500.0,271,0.0,0.0,0.0,0.0,257,0,0,0,0.0,0.0884878964902819,0.0,0.0,0.0,1.0
2023-03-22,191.14999389648438,187.10117902704135,165.42647529813175,0.5713338141891843,0.1839136284510586,50808.01329421997,55500.0,271,0.0,0.0,0.0,0.0,265,0,0,0,0.0,0.08640685556165388,0.0,0.0,0.0,1.0
2023-03-23,192.22000122070312,187.58868590262819,166.6922141975024,0.5712577170998328,0.18309439053145649,50808.01329421997,55500.0,271,0.0,0.0,0.0,0.0,264,0,0,0,0.0,0.08402641658356333,0.0,0.0,0.0,1.0
2023-03-24,190.41000366210938,187.8573828321026,167.2825413841266,0.5651555196112452,0.18059541845362445,50808.01329421997,55500.0,271,0.0,0.0,0.0,0.0,266,0,0,0,0.0,0.08271440094594953,0.0,0.0,0.0,1.0
2023-03-27,191.80999755859375,188.23382232986364,169.61844932064542,0.5270194414313006,0.18035205282160516,50808.01329421997,55500.0,271,0.0,0.0,0.0,0.0,264,0,0,0,0.0,0.0808762909658911,0.0,0.0,0.0,1.0
2023-03-28,189.19000244140625,188.3248871023915,171.69635354377465,0.5278966691642769,0.18009986945666248,50808.01329421997,55500.0,271,0.0,0.0,0.0,0.0,268,0,0,0,0.0,0.0804316323468811,0.0,0.0,0.0,1.0
2023-03-29,193.8800048828125,188.85394593862208,173.58395450678353,0.535625282929868,0.1858815170780491,50808.01329421997,55500.0,271,0.0,0.0,0.0,0.0,262,0,0,0,0.0,0.07784830001141292,0.0,0.0,0.0,1.0
2023-03-30,195.27999877929688,189.4659509710673,173.8110148781138,0.4921761395009693,0.18512440704021085,50808.01329421997,55500.0,271,0.0,0.0,0.0,0.0,260,0,0,0,0.0,0.07485995111424805,0.0,0.0,0.0,1.0
2023-03-31,207.4600067138672,191.17967056561966,173.60834402169692,0.5243988759360676,0.1833498981441602,50808.01329421997,55500.0,271,0.0,0.0,0.0,0.0,244,0,0,0,0.0,0.06649205903994718,0.0,0.0,0.0,1.0
2023-04-03,194.77000427246094,191.52160710912835,173.8695145947489,0.566823224549686,0.1836270695466217,51308.01329421997,56000.0,271,0.0,0.0,0.0,0.0,263,0,0,0,0.0,0.0731722227397538,0.0,0.0,0.0,1.0
2023-04-04,192.5800018310547,191.62240660645466,173.81146390490844,0.5559682554339545,0.17532005156480387,51308.01329421997,56000.0,271,0.0,0.0,0.0,0.0,266,0,0,0,0.0,0.07268442517233545,0.0,0.0,0.0,1.0
2023-04-05,185.52000427246094,191.0412254317886,173.39109016548923,0.5611905925823804,0.17588449870067469,51308.01329421997,56000.0,271,0.027000112925506192,0.0,0.0,0.0,276,0,0,0,0.0,0.07549692692830864,0.14450339571599488,0.0,1.0,1.0
2023-04-06,185.05999755859375,190.4715846819605,174.17811829755505,0.5277958447933613,0.1597425918117577,51308.01329421997,56000.0,271,0.02710891239517277,0.0,0.0,0.0,277,0,0,0,0.0,0.07825358127122681,0.14205759700069548,0.0,1.0,1.0
2023-04-10,184.50999450683594,189.90381418909152,175.04746357009537,0.5283590038611807,0.14702279743028582,51308.01329421997,56000.0,271,0.028055495598584723,0.0,0.0,0.0,278,0,0,0,0.0,0.08100118490636075,0.1420145168038814,0.0,1.0,1.0
2023-04-11,186.7899932861328,189.60725981738116,176.32173108336247,0.5292204465641936,0.14649673699053778,51308.01329421997,56000.0,271,0.004854959264783187,0.0,0.0,0.0,274,0,0,0,0.0,0.08243629624088754,0.0742921588013502,0.0,1.0,1.0
2023-04-12,180.5399932861328,188.74371062392893,175.13860984834136,0.5152003070410903,0.1398894663748304,51308.01329421997,56000.0,271,0.05637883010707506,0.0,0.0,0.0,284,0,0,0,0.0,0.08661525751634393,0.21732425707529918,0.0,1.0,1.0
2023-04-13,185.89999389648438,188.47288045941042,175.4095968027389,0.5224568788151861,0.14073162530317188,51308.01329421997,56000.0,271,0.004663710507029212,0.0,0.0,0.0,275,0,0,0,0.0,0.087925882062496,0.0682561479575875,0.0,1.0,1.0
2023-04-14,185.0,188.14212993946657,175.1500518422331,0.5183350995484732,0.13109507672563825,51308.01329421997,56000.0,271,0.010560721882380802,0.0,0.0,0.0,277,0,0,0,0.0,0.0895264783286529,0.08350415562100656,0.0,1.0,1.0
2023-04-17,187.0399932861328,188.03716454391096,175.7635673359659,0.5125169818875837,0.12140279323896531,51308.01329421997,56000.0,271,0.0,0.0,0.0,0.0,274,0,0,0,0.0,0.09003443586785953,0.026515270536992347,0.0,1.0,1.0
2023-04-18,184.30999755859375,187.68219625959506,175.52264766691192,0.5126933995633828,0.11949673433556415,51308.01329421997,56000.0,271,0.013556580751878933,0.0,0.0,0.0,278,0,0,0,0.0,0.0917522288151739,0.0898380019044803,0.0,1.0,1.0
2023-04-19,180.58999633789062,187.00674864800416,174.68930568157379,0.4275090166986068,0.11318498855048628,51308.01329421997,56000.0,271,0.04330497350000023,0.0,0.0,0.0,284,0,0,0,0.0,0.0950209127926941,0.17156472577873516,0.0,1.0,1.0
2023-04-20,162.99000549316406,184.71943977611463,167.77241801691198,0.5336357307329037,0.09532640930530079,51308.01329421997,56000.0,271,0.3429923482044351,0.0,0.0,0.0,314,0,0,0,0.0,0.10608985394058816,0.5881739980720836,1.0,1.0,1.0
2023-04-21,165.0800018310547,182.84901711468035,163.25506988207647,0.5365755947975542,0.09544644360897635,51308.01329421997,56000.0,271,0.16036206352596621,0.0,0.0,0.0,310,0,0,0,0.0,0.11514136360574338,0.4858931036113031,0.0,1.0,1.0
2023-04-24,162.5500030517578,180.9157776801163,158.7226330376368,0.5373343506583586,0.09473932667566036,51308.01329421997,56000.0,271,0.1712262103344439,0.0,0.0,0.0,315,0,0,0,0.0,0.124496861583723,0.5075780250861168,0.0,1.0,1.0
2023-04-25,160.6699981689453,178.9876082028619,154.53882502780334,0.5346720308917444,0.11406274786450779,51308.01329421997,56000.0,271,0.17593491665371436,0.0,0.0,0.0,319,0,0,0,0.0,0.1338278245897218,0.5117005087066051,0.0,1.0,1.0
2023-04-26,153.75,176.584026469256,148.94675896310807,0.548616208460911,0.11507203135717173,51308.01329421997,56000.0,271,0.22720277007628537,0.0,0.0,0.0,333,0,0,0,0.0,0.14545944333627897,0.6465484711673934,0.0,1.0,1.0
2023-04-27,160.19000244140625,175.02269084755602,146.41785359345897,0.5659687668474602,0.12433461855365471,51308.01329421997,56000.0,271,0.1518629715734624,0.0,0.0,0.0,320,0,0,0,0.0,0.15301519250557705,0.42373615484717275,0.0,1.0,1.0
2023-04-28,164.30999755859375,174.00243434384532,145.52100409921363,0.5766577703192286,0.12583446052857722,51308.01329421997,56000.0,271,0.10276341748673973,0.0,0.0,0.0,312,0,0,0,0.0,0.15795250522889132,0.27851440187607945,0.0,1.0,1.0
2023-05-01,161.8300018310547,172.84315505691288,146.94260142544732,0.5134463437865878,0.11621543113964893,51808.01329421997,56500.0,271,0.12134346383412042,0.0,0.0,0.0,320,0,0,0,0.0,0.17096468990401087,0.31858806390776184,0.0,1.0,1.0
2023-05-02,160.30999755859375,171.6495210094539,146.37341516792605,0.47921087789454103,0.12348015754743394,51808.01329421997,56500.0,271,0.12745009826411474,0.0,0.0,0.0,323,0,0,0,0.0,0.17668990807854856,0.33031037267606506,0.0,1.0,1.0
2023-05-03,160.61000061035156,170.59813811430132,146.11143205442067,0.4807431116369623,0.12429510647007753,51808.01329421997,56500.0,271,0.11606505471845935,0.0,0.0,0.0,322,0,0,0,0.0,0.18173282426591755,0.2927387606439665,0.0,1.0,1.0
2023-05-04,161.1999969482422,169.70307705086714,145.44545911108347,0.47071792076714747,0.12661667072321894,51808.01329421997,56500.0,271,0.10279393995540698,0.0,0.0,0.0,321,0,0,0,0.0,0.18602594901265493,0.2505281651456508,0.0,1.0,1.0
2023-05-05,170.05999755859375,169.73706948017445,146.31037685653604,0.5190209073871375,0.14272727818653622,51808.01329421997,56500.0,271,0.0,0.0,0.0,0.0,304,0,0,0,0.0,0.18586290567916322,0.0,0.0,0.0,1.0
2023-05-08,171.7899932861328,169.93258603312287,147.3862132993561,0.5213566698681426,0.14271106752240492,51808.01329421997,56500.0,271,0.0,0.0,0.0,0.0,301,0,0,0,0.0,0.18492511831900355,0.0,0.0,0.0,1.0
2023-05-09,169.14999389648438,169.85805344868112,148.6940839700837,0.5197828322577137,0.14379800659669256,51808.01329421997,56500.0,271,0.022143853270154973,0.0,0.0,0.0,306,0,0,0,0.0,0.1852826108921667,0.020842684165418995,0.0,1.0,1.0
2023-05-10,168.5399932861328,169.7325239093908,149.22900052496476,0.5083423120026038,0.14363567474439995,51808.01329421997,56500.0,271,0.027355043886404362,0.0,0.0,0.0,307,0,0,0,0.0,0.18588470832840867,0.03512970277560384,0.0,1.0,1.0
2023-05-11,172.0800018310547,169.95609323526358,151.00744772898764,0.5018434786803303,0.13573413500965217,51808.01329421997,56500.0,271,0.0,0.0,0.0,0.0,301,0,0,0,0.0,0.18481236696006317,0.0,0.0,0.0,1.0
2023-05-12,167.97999572753906,169.76789347262317,152.56631173378526,0.5070800593455809,0.13565409908897957,51808.01329421997,56500.0,271,0.033430263666615945,0.0,0.0,0.0,308,0,0,0,0.0,0.1857150596268871,0.052657122277729916,0.0,1.0,1.0
2023-05-15,166.35000610351562,169.44238038985102,154.98137766875467,0.5040904959992356,0.13554278089326371,51808.01329421997,56500.0,271,0.04748475467676172,0.0,0.0,0.0,311,0,0,0,0.0,0.18727637016549328,0.09125150033954024,0.0,1.0,1.0
2023-05-16,166.52000427246094,169.16405885486148,157.46400151995527,0.5033405833736002,0.13725426008876865,51808.01329421997,56500.0,271,0.04336667535645389,0.0,0.0,0.0,311,0,0,0,0.0,0.18861132832446967,0.07815060126539866,0.0,1.0,1.0
2023-05-17,173.86000061035156,169.6112914030034,159.47714906241194,0.5279912256338003,0.14415409479460115,51808.01329421997,56500.0,271,0.0,0.0,0.0,0.0,297,0,0,0,0.0,0.18646619521745267,0.0,0.0,0.0,1.0
2023-05-18,176.88999938964844,170.3045016874458,158.91890855980924,0.3901526809563224,0.1459438223185919,51808.01329421997,56500.0,271,0.0,0.0,0.0,0.0,292,0,0,0,0.0,0.18314123969384408,0.0,0.0,0.0,1.0
2023-05-19,180.13999938964844,171.24121575432224,158.15879338876292,0.39223663539987186,0.14617262859593347,51808.01329421997,56500.0,271,0.0,0.0,0.0,0.0,287,0,0,0,0.0,0.17864832797484378,0.0,0.0,0.0,1.0
2023-05-22,188.8699951171875,172.92014712221416,156.59225932277008,0.4138806825680372,0.14618664941713738,51808.01329421997,56500.0,271,0.0,0.0,0.0,0.0,274,0,0,0,0.0,0.1705954005288489,0.0,0.0,0.0,1.0
2023-05-23,185.77000427246094,174.1439430412853,156.31910942482642,0.41724114996105416,0.14008974060391882,51808.01329421997,56500.0,271,0.0,0.0,0.0,0.0,278,0,0,0,0.0,0.16472551213825995,0.0,0.0,0.0,1.0
2023-05-24,182.89999389648438,174.97785264654235,157.6465874968652,0.38284713715483065,0.14219096706326695,51808.01329421997,56500.0,271,0.0,0.0,0.0,0.0,283,0,0,0,0.0,0.16072569792543404,0.0,0.0,0.0,1.0
2023-05-25,184.47000122070312,175.88186679646242,158.18418453887455,0.3626098083917482,0.12766863209349433,51808.01329421997,56500.0,271,0.0,0.0,0.0,0.0,280,0,0,0,0.0,0.15638963005590595,0.0,0.0,0.0,1.0
2023-05-26,193.1699981689453,177.52835549860367,157.77455829047898,0.3843720882416621,0.13270523552709168,51808.01329421997,56500.0,271,0.0,0.0,0.0,0.0,268,0,0,0,0.0,0.1484923125642195,0.0,0.0,0.0,1.0
2023-05-30,201.16000366210938,179.7789886570328,157.1395223364539,0.3907978026102448,0.13267876933659778,51808.01329421997,56500.0,271,0.0,0.0,0.0,0.0,257,0,0,0,0.0,0.13769724024679833,0.0,0.0,0.0,1.0
2023-05-31,203.92999267578125,182.079084277866,157.14690179720714,0.38316862674664903,0.12738938878253683,51808.01329421997,56500.0,271,0.0,0.0,0.0,0.0,254,0,0,0,0.0,0.1266649231982002,0.0,0.0,0.0,1.0
2023-06-01,207.52000427246094,184.502029039256,157.43502666302905,0.3815130149078501,0.12782738927858517,52308.01329421997,57000.0,271,0.0,0.0,0.0,0.0,252,0,0,0,0.0,0.12280614263792322,0.0,0.0,0.0,1.0
2023-06-02,213.97000122070312,187.3085025803462,157.63798268527236,0.3848594460127416,0.13120159488208014,52308.01329421997,57000.0,271,0.0,0.0,0.0,0.0,244,0,0,0,0.0,0.10946308422326634,0.0,0.0,0.0,1.0
2023-06-05,217.61000061035156,190.1943595355848,157.20400478445043,0.3543525210555188,0.11799016875938699,52308.01329421997,57000.0,271,0.0,0.0,0.0,0.0,240,0,0,0,0.0,0.09574260641853544,0.0,0.0,0.0,1.0
2023-06-06,221.30999755859375,193.15775363301424,156.94980158899315,0.3545517636013159,0.11792439064844334,52308.01329421997,57000.0,271,0.0,0.0,0.0,0.0,236,0,0,0,0.0,0.081653487113213,0.0,0.0,0.0,1.0
2023-06-07,224.57000732421875,196.14939684170037,157.33946340238828,0.3383630196173969,0.11740771071387551,52308.01329421997,57000.0,271,0.0,0.0,0.0,0.0,232,0,0,0,0.0,0.06743006062981056,0.0,0.0,0.0,1.0
2023-06-08,234.86000061035156,199.83612101014333,157.5281697600454,0.348645159584584,0.11807924221669332,52308.01329421997,57000.0,271,0.0,0.0,0.0,0.0,222,0,0,0,0.0,0.04990195098686241,0.0,0.0,0.0,1.0
2023-06-09,244.39999389648438,204.08029938027104,157.25092222526754,0.35848072558354827,0.11736544371026747,52308.01329421997,57000.0,271,0.0,0.0,0.0,0.0,214,0,0,0,0.0,0.029723488911342903,0.0,0.0,0.0,1.0
2023-06-12,249.8300018310547,208.4374138993933,158.04677942020174,0.32282128244142705,0.11928723336242944,52308.01329421997,57000.0,271,0.0,0.0,0.0,0.0,209,0,0,0,0.0,0.009008084794112498,0.0,0.0,0.0,1.0
2023-06-13,258.7099914550781,213.22527842850613,159.35970063354247,0.3067123796280502,0.12028909997543552,52308.01329421997,57000.0,271,0.0,0.0,0.0,0.0,202,0,0,0,0.0,0.0,0.0,0.0,0.0,1.0
2023-06-14,256.7900085449219,217.37430034435525,162.15842520319435,0.31588180213204553,0.11565513259025786,52308.01329421997,57000.0,271,0.0,0.0,0.0,0.0,203,0,0,0,0.0,0.0,0.0,0.0,0.0,1.0
2023-06-15,255.89999389648438,221.0434140159866,164.96084500891638,0.3170444029798414,0.11594798338085698,52308.01329421997,57000.0,271,0.0,0.0,0.0,0.0,204,0,0,0,0.0,0.0,0.0,0.0,0.0,1.0
2023-06-16,260.5400085449219,224.80499444731376,167.94738433148387,0.3169872687382505,0.11583920563237497,52308.01329421997,57000.0,271,0.0,0.0,0.0,0.0,200,0,0,0,0.0,0.0,0.0,0.0,0.0,1.0
2023-06-20,274.45001220703125,229.53309137681066,170.41020333661348,0.3386202839274529,0.11789034012680563,52308.01329421997,57000.0,271,0.0,0.0,0.0,0.0,190,0,0,0,0.0,0.0,0.0,0.0,0.0,1.0
2023-06-21,259.4599914550781,232.38327233664566,173.42052996008118,0.41807592153587875,0.12073107168456196,52308.01329421997,57000.0,271,0.0,0.0,0.0,0.0,201,0,0,0,0.0,0.0,0.0,0.0,0.0,1.0
2023-06-22,264.6099853515625,235.4524830999711,177.4395660970519,0.39982092483760046,0.11012584405858825,52308.01329421997,57000.0,271,0.0,0.0,0.0,0.0,197,0,0,0,0.0,0.0,0.0,0.0,0.0,1.0
2023-06-23,256.6000061035156,237.4665329098325,182.92769287431034,0.41932481675954186,0.11054619565371915,52308.01329421997,57000.0,271,0.0,0.0,0.0,0.0,203,0,0,0,0.0,0.0,0.0,0.0,0.0,1.0
2023-06-26,241.0500030517578,237.80781578049206,188.51090407316778,0.5023259570815708,0.11104562252502498,52308.01329421997,57000.0,271,0.0,0.0,0.0,0.0,217,0,0,0,0.0,0.0,0.0,0.0,0.0,1.0
2023-06-27,250.2100067138672,238.9889768217659,193.95886185234414,0.4952944624293554,0.10909258266996222,52308.01329421997,57000.0,271,0.0,0.0,0.0,0.0,209,0,0,0,0.0,0.0,0.0,0.0,0.0,1.0
2023-06-28,256.239990234375,240.63193048010962,198.9589927144297,0.4861143424952728,0.10919164152758384,52308.01329421997,57000.0,271,0.0,0.0,0.0,0.0,204,0,0,0,0.0,0.0,0.0,0.0,0.0,1.0
2023-06-29,257.5,242.23841329152773,204.3211526293602,0.48685285108592186,0.10512724766347799,52308.01329421997,57000.0,271,0.0,0.0,0.0,0.0,203,0,0,0,0.0,0.0,0.0,0.0,0.0,1.0
2023-06-30,261.7699890136719,244.0985633603034,209.9927288262387,0.48671543191677763,0.10767093157043908,52308.01329421997,57000.0,271,0.0,0.0,0.0,0.0,199,0,0,0,0.0,0.0,0.0,0.0,0.0,1.0
2023-07-03,279.82000732421875,247.50060564258106,214.54003458497897,0.5234520090197899,0.09817204066340413,52808.01329421997,57500.0,271,0.0,0.0,0.0,0.0,188,0,0,0,0.0,0.0,0.0,0.0,0.0,1.0
2023-07-05,282.4800109863281,250.8319775800808,219.09066947018033,0.523561952262872,0.09815303219965689,52808.01329421997,57500.0,271,0.0,0.0,0.0,0.0,186,0,0,0,0.0,0.0,0.0,0.0,0.0,1.0
2023-07-06,276.5400085449219,253.28036148149425,224.2204661054728,0.5375482722621193,0.10425634830248576,52808.01329421997,57500.0,271,0.0,0.0,0.0,0.0,190,0,0,0,0.0,0.0,0.0,0.0,0.0,1.0
2023-07-07,274.42999267578125,255.29461207142637,229.71704758782212,0.5417462257429694,0.10367010781121856,52808.01329421997,57500.0,271,0.0,0.0,0.0,0.0,192,0,0,0,0.0,0.0,0.0,0.0,0.0,1.0
2023-07-10,269.6099853515625,256.65798095524883,233.62162531232755,0.5337996798527241,0.10227955183942708,52808.01329421997,57500.0,271,0.0,0.0,0.0,0.0,195,0,0,0,0.0,0.0,0.0,0.0,0.0,1.0
2023-07-11,269.7900085449219,257.9086502495034,236.08449777609337,0.5195308169516932,0.10404626734062392,52808.01329421997,57500.0,271,0.0,0.0,0.0,0.0,195,0,0,0,0.0,0.0,0.0,0.0,0.0,1.0
2023-07-12,271.989990234375,259.24973024806263,237.95804529757518,0.5159011222990432,0.102380938640028,52808.01329421997,57500.0,271,0.0,0.0,0.0,0.0,194,0,0,0,0.0,0.0,0.0,0.0,0.0,1.0
2023-07-13,277.8999938964844,261.0259458336266,239.00654855956196,0.5072251262232872,0.10359480678827993,52808.01329421997,57500.0,271,0.0,0.0,0.0,0.0,190,0,0,0,0.0,0.0,0.0,0.0,0.0,1.0
2023-07-14,281.3800048828125,262.9644276478348,240.11744042771988,0.5061720943618497,0.10398742047058503,52808.01329421997,57500.0,271,0.0,0.0,0.0,0.0,187,0,0,0,0.0,0.0,0.0,0.0,0.0,1.0
2023-07-17,290.3800048828125,265.57543500354694,240.84730505436397,0.5138307587327002,0.09660560808419726,52808.01329421997,57500.0,271,0.0,0.0,0.0,0.0,181,0,0,0,0.0,0.0,0.0,0.0,0.0,1.0
2023-07-18,293.3399963378906,268.2196789401511,241.2777768106517,0.5122869864133686,0.09712488534355357,52808.01329421997,57500.0,271,0.0,0.0,0.0,0.0,180,0,0,0,0.0,0.0,0.0,0.0,0.0,1.0
2023-07-19,291.260009765625,270.4139961616248,241.82070654453113,0.48291681019683474,0.09416729242398642,52808.01329421997,57500.0,271,0.0,0.0,0.0,0.0,181,0,0,0,0.0,0.0,0.0,0.0,0.0,1.0
2023-07-20,262.8999938964844,269.6983768982781,241.33967530212766,0.567497655333587,0.09584683040674435,52808.01329421997,57500.0,271,0.0,0.0,0.0,0.0,200,0,0,0,0.0,0.0,0.12603678004999436,0.0,1.0,1.0
2023-07-21,260.0199890136719,268.7766256711728,240.14459009484847,0.5646563535604225,0.09576149465658162,52808.01329421997,57500.0,271,0.007014311093310743,0.0,0.0,0.0,203,0,0,0,0.0,0.0,0.16289803169517364,0.0,1.0,1.0
2023-07-24,269.05999755859375,268.8036134699748,240.88987983892986,0.5660017481626479,0.08929962426299504,52808.01329421997,57500.0,271,0.0,0.0,0.0,0.0,196,0,0,0,0.0,0.0,0.0,0.0,0.0,1.0
2023-07-25,265.2799987792969,268.46803111848163,244.13224163122246,0.5187838047299627,0.08558507602435092,52808.01329421997,57500.0,271,0.0,0.0,0.0,0.0,199,0,0,0,0.0,0.0,0.05937452451792668,0.0,1.0,1.0
2023-07-26,264.3500061035156,268.07583825991344,245.67221713464951,0.5048382544376183,0.07954162893063198,52808.01329421997,57500.0,271,0.0,0.0,0.0,0.0,199,0,0,0,0.0,0.0,0.06949212917848692,0.0,1.0,1.0
2023-07-27,255.7100067138672,266.89814001743287,244.41093823290333,0.5138824921053671,0.0847914900063929,52808.01329421997,57500.0,271,0.023358447833173673,0.0,0.0,0.0,206,0,0,0,0.0,0.0,0.20959556523763911,0.0,1.0,1.0
2023-07-28,266.44000244140625,266.8545078673351,245.31016382382467,0.5346024769406763,0.08909834919669149,52808.01329421997,57500.0,271,0.0,0.0,0.0,0.0,198,0,0,0,0.0,0.0,0.007766505974388593,0.0,1.0,1.0
2023-07-31,267.42999267578125,266.90931594433,245.85527288155745,0.5319741483284856,0.08056728008309541,52808.01329421997,57500.0,271,0.0,0.0,0.0,0.0,197,0,0,0,0.0,0.0,0.0,0.0,0.0,1.0
2023-08-01,261.07000732421875,266.3531913138432,244.81871068584212,0.47508296839947695,0.08194340294001684,53308.01329421997,58000.0,271,0.0,0.0,0.0,0.0,204,0,0,0,0.0,0.0,0.09917628475866978,0.0,1.0,1.0
2023-08-02,254.11000061035156,265.18717315160586,242.68597915952293,0.47975468404878274,0.09765675210682509,53308.01329421997,58000.0,271,0.023099508233426908,0.0,0.0,0.0,209,0,0,0,0.0,0.0,0.20885573780979122,0.0,1.0,1.0
2023-08-03,259.32000732421875,264.6283954537595,241.6822544033302,0.4837909760025266,0.0930740850307873,53308.01329421997,58000.0,271,0.0,0.0,0.0,0.0,205,0,0,0,0.0,0.0,0.1002989138871211,0.0,1.0,1.0
2023-08-04,253.86000061035156,263.6028340401016,239.61782566276594,0.4879148358790457,0.09481075076499658,53308.01329421997,58000.0,271,0.014680482530277872,0.0,0.0,0.0,209,0,0,0,0.0,0.0,0.18480137865793686,0.0,1.0,1.0
2023-08-07,251.4499969482422,262.44542098373404,237.17564526955235,0.485648992980129,0.09901473118073406,53308.01329421997,58000.0,271,0.02331807120118634,0.0,0.0,0.0,212,0,0,0,0.0,0.0,0.209480203431961,0.0,1.0,1.0
2023-08-08,249.6999969482422,261.23157107559194,234.63985740701307,0.48563504005168917,0.09857802344408344,53308.01329421997,58000.0,271,0.02725044350409911,0.0,0.0,0.0,213,0,0,0,0.0,0.0,0.2207155528688547,0.0,1.0,1.0
2023-08-09,242.19000244140625,259.4180883485266,230.6695913980952,0.492479443283788,0.0988569225114776,53308.01329421997,58000.0,271,0.06621838141431158,0.0,0.0,0.0,220,0,0,0,0.0,0.0,0.33205251832660454,0.0,1.0,1.0
2023-08-10,245.33999633789062,258.077317680847,228.52379791414447,0.48707016903193595,0.09365011407013747,53308.01329421997,58000.0,271,0.0363706758520293,0.0,0.0,0.0,217,0,0,0,0.0,0.0,0.24677335957722668,0.0,1.0,1.0
2023-08-11,242.64999389648438,256.60804874900293,226.71267102617782,0.4824966158569623,0.09365398521424648,53308.01329421997,58000.0,271,0.04519029551485332,0.0,0.0,0.0,219,0,0,0,0.0,0.0,0.2719722728995809,0.0,1.0,1.0
2023-08-14,239.75999450683594,255.00347215451083,226.58564280858025,0.460188675623303,0.09503935278132891,53308.01329421997,58000.0,271,0.05461067709410472,0.0,0.0,0.0,222,0,0,0,0.0,0.0,0.2988876488402992,0.0,1.0,1.0
2023-08-15,232.9600067138672,252.90409449349715,226.76861887644054,0.4590759067369065,0.09861997715323444,53308.01329421997,58000.0,271,0.08800549051707768,0.0,0.0,0.0,228,0,0,0,0.0,0.0,0.3943014014773648,0.0,1.0,1.0
2023-08-16,225.60000610351562,250.30370512302272,225.9923477474442,0.4644817584402933,0.10003329635012362,53308.01329421997,58000.0,271,0.2727160741104068,0.0,0.0,0.0,236,0,0,0,0.0,0.0,0.49347449745830535,1.0,1.0,1.0
2023-08-17,219.22000122070312,247.34335237042086,219.07651521501953,0.34631102025303245,0.10071949403969187,53308.01329421997,58000.0,271,0.14897791487155249,0.0,0.0,0.0,243,0,0,0,0.0,0.0,0.5685083282044359,0.0,1.0,1.0
2023-08-18,215.49000549316406,244.30970028687258,212.19034721107147,0.34747290060898844,0.10059949582296814,53308.01329421997,58000.0,271,0.15643660824670041,0.0,0.0,0.0,247,0,0,0,0.0,0.0,0.5898188807048583,0.0,1.0,1.0
2023-08-21,231.27999877929688,243.06877633377013,211.46491306678914,0.42924693973373745,0.10327796586100141,53308.01329421997,58000.0,271,0.034874581719206876,0.0,0.0,0.0,230,0,0,0,0.0,0.0,0.24249880491201972,0.0,1.0,1.0
2023-08-22,233.19000244140625,242.12794072497357,211.1451269255228,0.43181945886184014,0.10192872435653474,53308.01329421997,58000.0,271,0.014599698611443723,0.0,0.0,0.0,228,0,0,0,0.0,0.0,0.18457056746126785,0.0,1.0,1.0
2023-08-23,236.86000061035156,241.62623214262862,211.73410729603935,0.4386898784166754,0.11186807980293892,53308.01329421997,58000.0,271,0.0,0.0,0.0,0.0,225,0,0,0,0.0,0.0,0.09862818887693493,0.0,1.0,1.0
2023-08-24,230.0399932861328,240.52278082296235,210.51071596974373,0.43565441237695246,0.11861717429588303,53308.01329421997,58000.0,271,0.026270855204166665,0.0,0.0,0.0,231,0,0,0,0.0,0.0,0.21791672915476198,0.0,1.0,1.0
2023-08-25,238.58999633789062,240.33870611009837,212.41402897251442,0.42909424750038583,0.11497277435819951,53308.01329421997,58000.0,271,0.0,0.0,0.0,0.0,223,0,0,0,0.0,0.0,0.036380111229496845,0.0,1.0,1.0
2023-08-28,238.82000732421875,240.1940681304908,215.07038646535614,0.4284497097384907,0.11807564430823139,53308.01329421997,58000.0,271,0.0,0.0,0.0,0.0,223,0,0,0,0.0,0.0,0.028603137807831955,0.0,1.0,1.0
2023-08-29,257.17999267578125,241.81177523004226,217.32018314285605,0.5117542857798039,0.13121416045135323,53308.01329421997,58000.0,271,0.0,0.0,0.0,0.0,207,0,0,0,0.0,0.0,0.0,0.0,0.0,1.0
2023-08-30,256.8999938964844,243.24874843637008,218.38691475856,0.5022252416679434,0.12271038817727763,53308.01329421997,58000.0,271,0.0,0.0,0.0,0.0,207,0,0,0,0.0,0.0,0.0,0.0,0.0,1.0
2023-08-31,258.0799865722656,244.66124730645535,219.99666744145742,0.4971850085035834,0.1224901112086304,53308.01329421997,58000.0,271,0.0,0.0,0.0,0.0,206,0,0,0,0.0,0.0,0.0,0.0,0.0,1.0
2023-09-01,245.00999450683594,244.6944613255392,220.77370179718568,0.5243256247186261,0.12092716326057003,53808.01329421997,58500.0,271,0.0,0.0,0.0,0.0,219,0,0,0,0.0,0.0,0.0,0.0,0.0,1.0
2023-09-05,256.489990234375,245.8178450311426,221.26974385356138,0.5501137921677112,0.11754819611499605,53808.01329421997,58500.0,271,0.0,0.0,0.0,0.0,209,0,0,0,0.0,0.0,0.0,0.0,0.0,1.0
2023-09-06,251.9199981689453,246.3990024728381,221.64260470782264,0.5536806488305339,0.11918714950198607,53808.01329421997,58500.0,271,0.0,0.0,0.0,0.0,213,0,0,0,0.0,0.0,0.0,0.0,0.0,1.0
2023-09-07,251.49000549316406,246.88385990334532,221.60088917047153,0.5415809899647921,0.11709481340778181,53808.01329421997,58500.0,271,0.0,0.0,0.0,0.0,213,0,0,0,0.0,0.0,0.0,0.0,0.0,1.0
2023-09-08,248.5,247.03777800778863,221.58441450447273,0.5423408024086467,0.11722383334902796,53808.01329421997,58500.0,271,0.0,0.0,0.0,0.0,216,0,0,0,0.0,0.0,0.0,0.0,0.0,1.0
2023-09-11,273.5799865722656,249.56560739488168,220.11757193736037,0.6448431358129972,0.11960953354380106,53808.01329421997,58500.0,271,0.0,0.0,0.0,0.0,196,0,0,0,0.0,0.0,0.0,0.0,0.0,1.0
2023-09-12,267.4800109863281,251.27174107025752,219.74140607034312,0.6498699309990742,0.11957788666021275,53808.01329421997,58500.0,271,0.0,0.0,0.0,0.0,201,0,0,0,0.0,0.0,0.0,0.0,0.0,1.0
2023-09-13,271.29998779296875,253.17919313908718,219.72669503654345,0.6372457591145922,0.11197088137406375,53808.01329421997,58500.0,271,0.0,0.0,0.0,0.0,198,0,0,0,0.0,0.0,0.0,0.0,0.0,1.0
2023-09-14,276.0400085449219,255.35641365392857,220.5938059697156,0.619980095110449,0.11136673542784079,53808.01329421997,58500.0,271,0.0,0.0,0.0,0.0,194,0,0,0,0.0,0.0,0.0,0.0,0.0,1.0
2023-09-15,274.3900146484375,257.1691375581675,223.2340411005967,0.6062149364488649,0.11703723252692691,53808.01329421997,58500.0,271,0.0,0.0,0.0,0.0,196,0,0,0,0.0,0.0,0.0,0.0,0.0,1.0
2023-09-18,265.2799987792969,257.9416005316084,227.76402781555967,0.6190620222629862,0.11697133286410615,53808.01329421997,58500.0,271,0.0,0.0,0.0,0.0,202,0,0,0,0.0,0.0,0.0,0.0,0.0,1.0
2023-09-19,266.5,258.7566861952647,229.86230867730686,0.5740118764362085,0.11530732414068504,53808.01329421997,58500.0,271,0.0,0.0,0.0,0.0,201,0,0,0,0.0,0.0,0.0,0.0,0.0,1.0
2023-09-20,262.5899963378906,259.1217633517053,231.93292447815233,0.5794692306407562,0.12011315704993648,53808.01329421997,58500.0,271,0.0,0.0,0.0,0.0,204,0,0,0,0.0,0.0,0.0,0.0,0.0,1.0
2023-09-21,255.6999969482422,258.7958808370897,233.19120847789137,0.5897262633539776,0.12656417175446696,53808.01329421997,58500.0,271,0.0,0.0,0.0,0.0,210,0,0,0,0.0,0.0,0.05981323734430643,0.0,1.0,1.0
2023-09-22,244.8800048828125,257.47055931763475,234.4629560995649,0.6016743600991574,0.11812066633773334,53808.01329421997,58500.0,271,0.03557665901427126,0.0,0.0,0.0,219,0,0,0,0.0,0.0,0.24450474004077513,0.0,1.0,1.0
2023-09-25,246.99000549316406,256.4724113343518,234.68515996365144,0.5890737670056179,0.1162730343494381,53808.01329421997,58500.0,271,0.014701735893321577,0.0,0.0,0.0,217,0,0,0,0.0,0.0,0.18486210255234742,0.0,1.0,1.0
2023-09-26,244.1199951171875,255.29599074224092,234.40381202106022,0.5911611308046477,0.123147935257753,53808.01329421997,58500.0,271,0.026609085348269945,0.0,0.0,0.0,220,0,0,0,0.0,0.0,0.2188831009950571,0.0,1.0,1.0
2023-09-27,240.5,253.8868487667894,231.46029565460216,0.5221587977034445,0.10749628744899088,53808.01329421997,58500.0,271,0.04227333142962658,0.0,0.0,0.0,223,0,0,0,0.0,0.0,0.26363808979893316,0.0,1.0,1.0
2023-09-28,246.3800048828125,253.17191125402968,230.1619954411235,0.5310920813795532,0.10934361402954053,53808.01329421997,58500.0,271,0.0,0.0,0.0,0.0,218,0,0,0,0.0,0.0,0.13413625424667,0.0,1.0,1.0
2023-09-29,250.22000122070312,252.89077696514144,229.6650878551542,0.5342084348746742,0.10930440138570438,53808.01329421997,58500.0,271,0.0,0.0,0.0,0.0,215,0,0,0,0.0,0.0,0.05280492583575828,0.0,1.0,1.0
2023-10-02,251.60000610351562,252.76784640689138,230.07560305526795,0.5011938958934197,0.10858127322870227,54308.01329421997,59000.0,271,0.0,0.0,0.0,0.0,215,0,0,0,0.0,0.0,0.023101045484555646,0.0,1.0,1.0
2023-10-03,246.52999877929688,252.17376568045378,228.9753899852763,0.4771387495968959,0.11555783451794222,54308.01329421997,59000.0,271,0.0,0.0,0.0,0.0,220,0,0,0,0.0,0.0,0.11190234015675726,0.0,1.0,1.0
2023-10-04,261.1600036621094,253.02959786918288,229.87238884924648,0.519048417454828,0.12101496627983112,54308.01329421997,59000.0,271,0.0,0.0,0.0,0.0,207,0,0,0,0.0,0.0,0.0,0.0,0.0,1.0
2023-10-05,260.04998779296875,253.69820643335296,230.67410284565238,0.5193868904722638,0.12100987751460057,54308.01329421997,59000.0,271,0.0,0.0,0.0,0.0,208,0,0,0,0.0,0.0,0.0,0.0,0.0,1.0
2023-10-06,260.5299987792969,254.34885332344285,231.71025162385067,0.5167382238780909,0.13037842507195385,54308.01329421997,59000.0,271,0.0,0.0,0.0,0.0,208,0,0,0,0.0,0.0,0.0,0.0,0.0,1.0
2023-10-09,259.6700134277344,254.8556304762325,233.36938482437648,0.364351329283085,0.13002834971494934,54308.01329421997,59000.0,271,0.0,0.0,0.0,0.0,209,0,0,0,0.0,0.0,0.0,0.0,0.0,1.0
2023-10-10,263.6199951171875,255.69033187060916,234.5107732844201,0.3614407569727357,0.13132390791574347,54308.01329421997,59000.0,271,0.0,0.0,0.0,0.0,206,0,0,0,0.0,0.0,0.0,0.0,0.0,1.0
2023-10-11,262.989990234375,256.38553742906305,236.04448649900638,0.3572291847518094,0.13249989100952267,54308.01329421997,59000.0,271,0.0,0.0,0.0,0.0,206,0,0,0,0.0,0.0,0.0,0.0,0.0,1.0
2023-10-12,258.8699951171875,256.62215244697967,238.31977825508753,0.3534610775789012,0.12885325319009175,54308.01329421997,59000.0,271,0.0,0.0,0.0,0.0,209,0,0,0,0.0,0.0,0.0,0.0,0.0,1.0
2023-10-13,251.1199951171875,256.0981374631899,239.83925933438076,0.36616724371268095,0.12356700438304129,54308.01329421997,59000.0,271,0.0,0.0,0.0,0.0,216,0,0,0,0.0,0.0,0.09719208416183707,0.0,1.0,1.0
2023-10-16,253.9199981689453,255.89069562564282,240.3722302580477,0.3531416814934793,0.13055164354958476,54308.01329421997,59000.0,271,0.0,0.0,0.0,0.0,213,0,0,0,0.0,0.0,0.03850662588335283,0.0,1.0,1.0
2023-10-17,254.85000610351562,255.79158233782118,241.34863018520505,0.3529268637497968,0.13048835628363728,54308.01329421997,59000.0,271,0.0,0.0,0.0,0.0,213,0,0,0,0.0,0.0,0.01840514503448413,0.0,1.0,1.0
2023-10-18,242.67999267578125,254.542859512865,239.9033879275546,0.3866101168503727,0.13470565333054285,54308.01329421997,59000.0,271,0.03155804097049242,0.0,0.0,0.0,223,0,0,0,0.0,0.0,0.23302297420140702,0.0,1.0,1.0
2023-10-19,220.11000061035156,251.26353961738752,230.66084087657177,0.49561100341773967,0.12527785700154748,54308.01329421997,59000.0,271,0.3169781311897916,0.0,0.0,0.0,246,0,0,0,0.0,0.0,0.6199375176851191,1.0,1.0,1.0
2023-10-20,211.99000549316406,247.52320303412813,220.576572762465,0.49083421570680047,0.13228164645838406,54308.01329421997,59000.0,271,0.35122127919503937,0.0,0.0,0.0,256,0,0,0,0.0,0.0,0.7177750834143981,1.0,1.0,1.0
2023-10-23,212.0800018310547,244.14766006240686,212.44255887923245,0.4882939832032183,0.13090062092746418,54308.01329421997,59000.0,271,0.32985435080771125,0.0,0.0,0.0,256,0,0,0,0.0,0.0,0.6567267165934607,1.0,1.0,1.0
2023-10-24,216.52000427246094,241.51645474907866,206.895913408891,0.4979035756506807,0.12424417528889507,54308.01329421997,59000.0,271,0.13112135829224653,0.0,0.0,0.0,250,0,0,0,0.0,0.0,0.5174895951207044,0.0,1.0,1.0
2023-10-25,212.4199981689453,238.7453636462088,201.00290881328849,0.49913585799413557,0.13385231922553012,54308.01329421997,59000.0,271,0.142964541307199,0.0,0.0,0.0,255,0,0,0,0.0,0.0,0.5513272608777114,0.0,1.0,1.0
2023-10-26,205.75999450683594,235.6038999186495,194.02761917401796,0.49369271985828883,0.13650270145523755,54308.01329421997,59000.0,271,0.171672198502261,0.0,0.0,0.0,263,0,0,0,0.0,0.0,0.6333491385778887,0.0,1.0,1.0
2023-10-27,207.3000030517578,232.90829069323124,188.59638828702066,0.4892688528193445,0.13687065622300773,54308.01329421997,59000.0,271,0.14241265838666378,0.0,0.0,0.0,261,0,0,0,0.0,0.0,0.5497504525333252,0.0,1.0,1.0
2023-10-30,197.36000061035156,229.5227392567665,181.53581949270847,0.5049287263855874,0.14554400654094396,54308.01329421997,59000.0,271,0.19522534374365613,0.0,0.0,0.0,275,0,0,0,0.0,0.0,0.7006438392675891,0.0,1.0,1.0
2023-10-31,200.83999633789062,226.7910494549688,176.23703478482352,0.5141465471585819,0.14039876577725618,54308.01329421997,59000.0,271,0.15024751004957176,0.0,0.0,0.0,270,0,0,0,0.0,0.0,0.5721357429987766,0.0,1.0,1.0
2023-11-01,205.66000366210938,224.7785689032679,174.0182365145261,0.46407613326817565,0.14256289545887807,54808.01329421997,59500.0,271,0.0988464373417452,0.0,0.0,0.0,266,0,0,0,0.0,0.0,0.4252755352621293,0.0,1.0,1.0
2023-11-02,218.50999450683594,224.18156181789345,174.71283052433577,0.5331309054697096,0.1577699191819221,54808.01329421997,59500.0,271,0.0,0.0,0.0,0.0,250,0,0,0,0.0,0.0,0.12649495491660076,0.0,1.0,1.0
2023-11-03,219.9600067138672,223.77950895084334,176.1436754703066,0.5345873655201769,0.1557371423037945,54808.01329421997,59500.0,271,0.0,0.0,0.0,0.0,249,0,0,0,0.0,0.0,0.08534075025196257,0.0,1.0,1.0
2023-11-06,219.27000427246094,223.3500323148069,177.84525122515439,0.5346063017019197,0.1543663823694051,54808.01329421997,59500.0,271,0.0,0.0,0.0,0.0,249,0,0,0,0.0,0.0,0.09133708197980579,0.0,1.0,1.0
2023-11-07,222.17999267578125,223.23859996823302,181.1489251848186,0.5335385282332702,0.15361385621661428,54808.01329421997,59500.0,271,0.0,0.0,0.0,0.0,246,0,0,0,0.0,0.0,0.023710220647379272,0.0,1.0,1.0
2023-11-08,222.11000061035156,223.13111431510143,185.0911387828339,0.5338769028078094,0.15291496991208925,54808.01329421997,59500.0,271,0.0,0.0,0.0,0.0,246,0,0,0,0.0,0.0,0.02288147280320279,0.0,1.0,1.0
2023-11-09,209.97999572753906,221.8786268305717,187.52731035866995,0.5587466911838963,0.1540628620681829,54808.01329421997,59500.0,271,0.0438468239494173,0.0,0.0,0.0,261,0,0,0,0.0,0.0,0.2681337827126209,0.0,1.0,1.0
2023-11-10,214.64999389648438,221.19018559875389,190.01807923004876,0.5644855617614164,0.16230580828462446,54808.01329421997,59500.0,271,0.0017443187996317722,0.0,0.0,0.0,255,0,0,0,0.0,0.0,0.1478409108560908,0.0,1.0,1.0
2023-11-13,223.7100067138672,221.43016856209803,194.92526185818215,0.5881473685786572,0.15841605122076247,54808.01329421997,59500.0,271,0.0,0.0,0.0,0.0,244,0,0,0,0.0,0.0,0.0,0.0,0.0,1.0
2023-11-14,237.41000366210938,222.95205761924197,200.93738383336228,0.6339633983735236,0.17156341697661948,54808.01329421997,59500.0,271,0.0,0.0,0.0,0.0,230,0,0,0,0.0,0.0,0.0,0.0,0.0,1.0
2023-11-15,242.83999633789062,224.84614702101803,202.79060966634827,0.6168335919844365,0.16237396895667505,54808.01329421997,59500.0,271,0.0,0.0,0.0,0.0,225,0,0,0,0.0,0.0,0.0,0.0,0.0,1.0
2023-11-16,233.58999633789062,225.6788945750059,202.31377155497762,0.5309406486155722,0.15750030785869873,54808.01329421997,59500.0,271,0.0,0.0,0.0,0.0,234,0,0,0,0.0,0.0,0.0,0.0,0.0,1.0
2023-11-17,234.3000030517578,226.49995252517277,201.98126128217405,0.5091153394365816,0.147028213755798,54808.01329421997,59500.0,271,0.0,0.0,0.0,0.0,233,0,0,0,0.0,0.0,0.0,0.0,0.0,1.0
2023-11-20,235.60000610351562,227.36662429453878,201.77491732590806,0.508762127886011,0.14642188309009466,54808.01329421997,59500.0,271,0.0,0.0,0.0,0.0,232,0,0,0,0.0,0.0,0.0,0.0,0.0,1.0
2023-11-21,241.1999969482422,228.68408835679625,201.27970191503687,0.5099811128463044,0.14723033320582954,54808.01329421997,59500.0,271,0.0,0.0,0.0,0.0,227,0,0,0,0.0,0.0,0.0,0.0,0.0,1.0
2023-11-22,234.2100067138672,229.2103662955649,201.38441407394174,0.5176576029575688,0.13155475909064884,54808.01329421997,59500.0,271,0.0,0.0,0.0,0.0,234,0,0,0,0.0,0.0,0.0,0.0,0.0,1.0
2023-11-24,235.4499969482422,229.8046168339151,202.30840984480292,0.49916331949672804,0.1180796595251131,54808.01329421997,59500.0,271,0.0,0.0,0.0,0.0,232,0,0,0,0.0,0.0,0.0,0.0,0.0,1.0
2023-11-27,236.0800018310547,230.4022725479284,203.31365922072075,0.49942278830175846,0.11538140587395238,54808.01329421997,59500.0,271,0.0,0.0,0.0,0.0,232,0,0,0,0.0,0.0,0.0,0.0,0.0,1.0
2023-11-28,246.72000122070312,231.9563419453355,206.22097106335627,0.4721028616999442,0.1131627771120934,54808.01329421997,59500.0,271,0.0,0.0,0.0,0.0,222,0,0,0,0.0,0.0,0.0,0.0,0.0,1.0
2023-11-29,244.13999938964844,233.11669027336532,209.33492193104388,0.4778695713466651,0.11449134113688772,54808.01329421997,59500.0,271,0.0,0.0,0.0,0.0,224,0,0,0,0.0,0.0,0.0,0.0,0.0,1.0
2023-11-30,240.0800018310547,233.77986280266907,212.19230482060192,0.48407328222509177,0.11197350021883544,54808.01329421997,59500.0,271,0.0,0.0,0.0,0.0,228,0,0,0,0.0,0.0,0.0,0.0,0.0,1.0
2023-12-01,238.8300018310547,234.26082842442008,213.1618261805368,0.44113889640235127,0.09730646311632417,55308.01329421997,60000.0,271,0.0,0.0,0.0,0.0,231,0,0,0,0.0,0.0,0.0,0.0,0.0,1.0
2023-12-04,235.5800018310547,234.3864639869567,213.958335684892,0.44586209707129526,0.09884229471584621,55308.01329421997,60000.0,271,0.0,0.0,0.0,0.0,234,0,0,0,0.0,0.0,0.0,0.0,0.0,1.0
2023-12-05,238.72000122070312,234.79918181874206,215.16579636247744,0.44629034535674533,0.09938282853379403,55308.01329421997,60000.0,271,0.0,0.0,0.0,0.0,231,0,0,0,0.0,0.0,0.0,0.0,0.0,1.0
2023-12-06,239.3699951171875,235.23449737097496,216.1666136192315,0.44515159446599417,0.10173024771847136,55308.01329421997,60000.0,271,0.0,0.0,0.0,0.0,231,0,0,0,0.0,0.0,0.0,0.0,0.0,1.0
2023-12-07,242.63999938964844,235.93978327751532,217.41613612525325,0.44607427762674906,0.10386497032460627,55308.01329421997,60000.0,271,0.0,0.0,0.0,0.0,227,0,0,0,0.0,0.0,0.0,0.0,0.0,1.0
2023-12-08,243.83999633789062,236.69218452136056,222.12909157653888,0.38704844178410747,0.09647396944453278,55308.01329421997,60000.0,271,0.0,0.0,0.0,0.0,226,0,0,0,0.0,0.0,0.0,0.0,0.0,1.0
2023-12-11,239.74000549316406,236.98245318534183,226.8619557032074,0.3924875915115544,0.08416484590387191,55308.01329421997,60000.0,271,0.0,0.0,0.0,0.0,230,0,0,0,0.0,0.0,0.0,0.0,0.0,1.0
2023-12-12,237.00999450683594,236.98507616834127,229.45882136905516,0.37218305507374994,0.08368121852580551,55308.01329421997,60000.0,271,0.0,0.0,0.0,0.0,233,0,0,0,0.0,0.0,0.0,0.0,0.0,1.0
2023-12-13,239.2899932861328,237.2045920843214,229.7080818155289,0.3042235849993615,0.0707102996558615,55308.01329421997,60000.0,271,0.0,0.0,0.0,0.0,231,0,0,0,0.0,0.0,0.0,0.0,0.0,1.0
2023-12-14,251.0500030517578,238.52320265264868,229.40805759582483,0.3417511751968651,0.0706682042266575,55308.01329421997,60000.0,271,0.0,0.0,0.0,0.0,220,0,0,0,0.0,0.0,0.0,0.0,0.0,1.0
2023-12-15,253.5,239.94956430477737,229.27735464671065,0.3080677372856155,0.07108850100745126,55308.01329421997,60000.0,271,0.0,0.0,0.0,0.0,218,0,0,0,0.0,0.0,0.0,0.0,0.0,1.0
2023-12-18,252.0800018310547,241.10484406918474,229.62884594563064,0.3100478936452958,0.07140602310569572,55308.01329421997,60000.0,271,0.0,0.0,0.0,0.0,219,0,0,0,0.0,0.0,0.0,0.0,0.0,1.0
2023-12-19,257.2200012207031,242.6396209407579,229.460416752272,0.31555790814372103,0.07020557218825481,55308.01329421997,60000.0,271,0.0,0.0,0.0,0.0,215,0,0,0,0.0,0.0,0.0,0.0,0.0,1.0
2023-12-20,247.13999938964844,243.06822841208083,229.73019284936578,0.34275396042190004,0.09181108585478423,55308.01329421997,60000.0,271,0.0,0.0,0.0,0.0,223,0,0,0,0.0,0.0,0.0,0.0,0.0,1.0
2023-12-21,254.5,244.15696856331124,230.43588243180562,0.33700844267594227,0.09644817618332899,55308.01329421997,60000.0,271,0.0,0.0,0.0,0.0,217,0,0,0,0.0,0.0,0.0,0.0,0.0,1.0
2023-12-22,252.5399932861328,244.95535187024663,231.25558859057497,0.3396848100786355,0.09630746784437388,55308.01329421997,60000.0,271,0.0,0.0,0.0,0.0,219,0,0,0,0.0,0.0,0.0,0.0,0.0,1.0
2023-12-26,256.6099853515625,246.0653169637053,231.95272935806332,0.34247300041012946,0.0953377038189042,55308.01329421997,60000.0,271,0.0,0.0,0.0,0.0,215,0,0,0,0.0,0.0,0.0,0.0,0.0,1.0
2023-12-27,261.44000244140625,247.52957272348635,231.72209580291232,0.31249072368916836,0.09526048683155303,55308.01329421997,60000.0,271,0.0,0.0,0.0,0.0,211,0,0,0,0.0,0.0,0.0,0.0,0.0,1.0
2023-12-28,253.17999267578125,248.06770795703824,232.00133303767427,0.3329755642637343,0.09475151495795543,55308.01329421997,60000.0,271,0.0,0.0,0.0,0.0,218,0,0,0,0.0,0.0,0.0,0.0,0.0,1.0
2023-12-29,248.47999572753906,248.1069734589907,232.33475568624132,0.3344802995219292,0.09646665850852709,55308.01329421997,60000.0,271,0.0,0.0,0.0,0.0,222,0,0,0,0.0,0.0,0.0,0.0,0.0,1.0
